ECHO 处于关闭状态。
ECHO 处于关闭状态。

****** Vivado v2023.2 (64-bit)
  **** SW Build 4029153 on Fri Oct 13 20:14:34 MDT 2023
  **** IP Build 4028589 on Sat Oct 14 00:45:43 MDT 2023
  **** SharedData Build 4025554 on Tue Oct 10 17:18:54 MDT 2023
    ** Copyright 1986-2022 Xilinx, Inc. All Rights Reserved.
    ** Copyright 2022-2023 Advanced Micro Devices, Inc. All Rights Reserved.

source {C:\Users\hp\Downloads\digital_twin\digital_twin.srcs\sources_1\new\run_impl_clk2.tcl}
# set project_path "C:/Users/hp/Downloads/digital_twin/digital_twin.xpr"
# set freq_mhz "210"
# if {[llength $argv] >= 1} {
#     set project_path [lindex $argv 0]
# }
# if {[llength $argv] >= 2} {
#     set freq_mhz [lindex $argv 1]
# }
# set tag [string map {. p} $freq_mhz]
# set report_dir "C:/Users/hp/Downloads/digital_twin/digital_twin.srcs/sources_1/vivado_clk2_sweep"
# file mkdir $report_dir
# open_project $project_path
Scanning sources...
Finished scanning sources
INFO: [IP_Flow 19-234] Refreshing IP repositories
INFO: [IP_Flow 19-1704] No user IP repositories specified
INFO: [IP_Flow 19-2313] Loaded Vivado IP repository 'E:/Vivado/Vivado/2023.2/data/ip'.
open_project: Time (s): cpu = 00:00:06 ; elapsed = 00:00:06 . Memory (MB): peak = 481.645 ; gain = 200.910
# set_param general.maxThreads 8
# set pll_ips [get_ips pll]
# if {[llength $pll_ips] != 1} {
#     puts "CLK2_ERROR expected one pll IP, got [llength $pll_ips]"
#     close_project
#     exit 3
# }
# set pll_ip [lindex $pll_ips 0]
# puts "CLK2_SET freq_mhz=$freq_mhz ip=$pll_ip"
CLK2_SET freq_mhz=220 ip=pll
# set_property -dict [list CONFIG.CLKOUT2_REQUESTED_OUT_FREQ $freq_mhz] $pll_ip
INFO: [Device 21-403] Loading part xc7k325tffg900-2
# generate_target all $pll_ip
INFO: [IP_Flow 19-1686] Generating 'Instantiation Template' target for IP 'pll'...
INFO: [IP_Flow 19-1686] Generating 'Synthesis' target for IP 'pll'...
INFO: [IP_Flow 19-1686] Generating 'Simulation' target for IP 'pll'...
INFO: [IP_Flow 19-1686] Generating 'Implementation' target for IP 'pll'...
INFO: [IP_Flow 19-1686] Generating 'Change Log' target for IP 'pll'...
# export_ip_user_files -of_objects $pll_ip -no_script -sync -force
# update_compile_order -fileset sources_1
# set pll_synth_run [get_runs pll_synth_1]
# if {[llength $pll_synth_run] > 0} {
#     reset_run pll_synth_1
#     launch_runs pll_synth_1 -jobs 8
#     wait_on_run pll_synth_1
#     set pll_status [get_property STATUS [get_runs pll_synth_1]]
#     puts "CLK2_PLL_STATUS freq_mhz=$freq_mhz status=\"$pll_status\""
# }
INFO: [IP_Flow 19-6924] IPCACHE: Running cache check for IP inst: pll

ECHO 处于关闭状态。
ECHO 处于关闭状态。
[Tue Jun  2 22:05:01 2026] Launched pll_synth_1...
Run output will be captured here: C:/Users/hp/Downloads/digital_twin/digital_twin.runs/pll_synth_1/runme.log
[Tue Jun  2 22:05:02 2026] Waiting for pll_synth_1 to finish...

*** Running vivado
    with args -log pll.vds -m64 -product Vivado -mode batch -messageDb vivado.pb -notrace -source pll.tcl


ECHO 处于关闭状态。
ECHO 处于关闭状态。

****** Vivado v2023.2 (64-bit)
  **** SW Build 4029153 on Fri Oct 13 20:14:34 MDT 2023
  **** IP Build 4028589 on Sat Oct 14 00:45:43 MDT 2023
  **** SharedData Build 4025554 on Tue Oct 10 17:18:54 MDT 2023
    ** Copyright 1986-2022 Xilinx, Inc. All Rights Reserved.
    ** Copyright 2022-2023 Advanced Micro Devices, Inc. All Rights Reserved.

source pll.tcl -notrace
create_project: Time (s): cpu = 00:00:06 ; elapsed = 00:00:06 . Memory (MB): peak = 463.707 ; gain = 184.918
INFO: [IP_Flow 19-6924] IPCACHE: Running cache check for IP inst: pll
Command: synth_design -top pll -part xc7k325tffg900-2 -incremental_mode off -mode out_of_context
Starting synth_design
Attempting to get a license for feature 'Synthesis' and/or device 'xc7k325t'
INFO: [Common 17-349] Got license for feature 'Synthesis' and/or device 'xc7k325t'
INFO: [Device 21-403] Loading part xc7k325tffg900-2
INFO: [Synth 8-7079] Multithreading enabled for synth_design using a maximum of 4 processes.
INFO: [Synth 8-7078] Launching helper process for spawning children vivado processes
INFO: [Synth 8-7075] Helper process launched with PID 23024
---------------------------------------------------------------------------------
Starting RTL Elaboration : Time (s): cpu = 00:00:08 ; elapsed = 00:00:13 . Memory (MB): peak = 1366.953 ; gain = 439.527
---------------------------------------------------------------------------------
INFO: [Synth 8-6157] synthesizing module 'pll' [c:/Users/hp/Downloads/digital_twin/digital_twin.gen/sources_1/ip/pll/pll.v:66]
INFO: [Synth 8-6157] synthesizing module 'pll_clk_wiz' [c:/Users/hp/Downloads/digital_twin/digital_twin.gen/sources_1/ip/pll/pll_clk_wiz.v:66]
INFO: [Synth 8-6157] synthesizing module 'IBUFDS' [E:/Vivado/Vivado/2023.2/scripts/rt/data/unisim_comp.v:73646]
INFO: [Synth 8-6155] done synthesizing module 'IBUFDS' (0#1) [E:/Vivado/Vivado/2023.2/scripts/rt/data/unisim_comp.v:73646]
INFO: [Synth 8-6157] synthesizing module 'PLLE2_ADV' [E:/Vivado/Vivado/2023.2/scripts/rt/data/unisim_comp.v:111351]
	Parameter BANDWIDTH bound to: OPTIMIZED - type: string 
	Parameter CLKFBOUT_MULT bound to: 11 - type: integer 
	Parameter CLKFBOUT_PHASE bound to: 0.000000 - type: double 
	Parameter CLKIN1_PERIOD bound to: 5.000000 - type: double 
	Parameter CLKOUT0_DIVIDE bound to: 22 - type: integer 
	Parameter CLKOUT0_DUTY_CYCLE bound to: 0.500000 - type: double 
	Parameter CLKOUT0_PHASE bound to: 0.000000 - type: double 
	Parameter CLKOUT1_DIVIDE bound to: 5 - type: integer 
	Parameter CLKOUT1_DUTY_CYCLE bound to: 0.500000 - type: double 
	Parameter CLKOUT1_PHASE bound to: 0.000000 - type: double 
	Parameter COMPENSATION bound to: ZHOLD - type: string 
	Parameter DIVCLK_DIVIDE bound to: 2 - type: integer 
	Parameter STARTUP_WAIT bound to: FALSE - type: string 
INFO: [Synth 8-6155] done synthesizing module 'PLLE2_ADV' (0#1) [E:/Vivado/Vivado/2023.2/scripts/rt/data/unisim_comp.v:111351]
INFO: [Synth 8-6157] synthesizing module 'BUFG' [E:/Vivado/Vivado/2023.2/scripts/rt/data/unisim_comp.v:1951]
INFO: [Synth 8-6155] done synthesizing module 'BUFG' (0#1) [E:/Vivado/Vivado/2023.2/scripts/rt/data/unisim_comp.v:1951]
INFO: [Synth 8-6155] done synthesizing module 'pll_clk_wiz' (0#1) [c:/Users/hp/Downloads/digital_twin/digital_twin.gen/sources_1/ip/pll/pll_clk_wiz.v:66]
INFO: [Synth 8-6155] done synthesizing module 'pll' (0#1) [c:/Users/hp/Downloads/digital_twin/digital_twin.gen/sources_1/ip/pll/pll.v:66]
---------------------------------------------------------------------------------
Finished RTL Elaboration : Time (s): cpu = 00:00:10 ; elapsed = 00:00:17 . Memory (MB): peak = 1478.199 ; gain = 550.773
---------------------------------------------------------------------------------
---------------------------------------------------------------------------------
Start Handling Custom Attributes
---------------------------------------------------------------------------------
---------------------------------------------------------------------------------
Finished Handling Custom Attributes : Time (s): cpu = 00:00:10 ; elapsed = 00:00:17 . Memory (MB): peak = 1478.199 ; gain = 550.773
---------------------------------------------------------------------------------
---------------------------------------------------------------------------------
Finished RTL Optimization Phase 1 : Time (s): cpu = 00:00:10 ; elapsed = 00:00:17 . Memory (MB): peak = 1478.199 ; gain = 550.773
---------------------------------------------------------------------------------
Netlist sorting complete. Time (s): cpu = 00:00:00 ; elapsed = 00:00:00.001 . Memory (MB): peak = 1478.199 ; gain = 0.000
INFO: [Netlist 29-17] Analyzing 2 Unisim elements for replacement
INFO: [Netlist 29-28] Unisim Transformation completed in 0 CPU seconds
INFO: [Project 1-570] Preparing netlist for logic optimization

Processing XDC Constraints
Initializing timing engine
Parsing XDC File [c:/Users/hp/Downloads/digital_twin/digital_twin.gen/sources_1/ip/pll/pll_ooc.xdc] for cell 'inst'
Finished Parsing XDC File [c:/Users/hp/Downloads/digital_twin/digital_twin.gen/sources_1/ip/pll/pll_ooc.xdc] for cell 'inst'
Parsing XDC File [c:/Users/hp/Downloads/digital_twin/digital_twin.gen/sources_1/ip/pll/pll_board.xdc] for cell 'inst'
Finished Parsing XDC File [c:/Users/hp/Downloads/digital_twin/digital_twin.gen/sources_1/ip/pll/pll_board.xdc] for cell 'inst'
Parsing XDC File [c:/Users/hp/Downloads/digital_twin/digital_twin.gen/sources_1/ip/pll/pll.xdc] for cell 'inst'
Finished Parsing XDC File [c:/Users/hp/Downloads/digital_twin/digital_twin.gen/sources_1/ip/pll/pll.xdc] for cell 'inst'
INFO: [Project 1-236] Implementation specific constraints were found while reading constraint file [c:/Users/hp/Downloads/digital_twin/digital_twin.gen/sources_1/ip/pll/pll.xdc]. These constraints will be ignored for synthesis but will be used in implementation. Impacted constraints are listed in the file [.Xil/pll_propImpl.xdc].
Resolution: To avoid this warning, move constraints listed in [.Xil/pll_propImpl.xdc] to another XDC file and exclude this new file from synthesis with the used_in_synthesis property (File Properties dialog in GUI) and re-run elaboration/synthesis.
INFO: [Timing 38-2] Deriving generated clocks
Parsing XDC File [C:/Users/hp/Downloads/digital_twin/digital_twin.runs/pll_synth_1/dont_touch.xdc]
Finished Parsing XDC File [C:/Users/hp/Downloads/digital_twin/digital_twin.runs/pll_synth_1/dont_touch.xdc]
Completed Processing XDC Constraints

Netlist sorting complete. Time (s): cpu = 00:00:00 ; elapsed = 00:00:00 . Memory (MB): peak = 1482.906 ; gain = 0.000
INFO: [Project 1-111] Unisim Transformation Summary:
No Unisim elements were transformed.

系统找不到指定的路径。
Constraint Validation Runtime : Time (s): cpu = 00:00:00 ; elapsed = 00:00:00.056 . Memory (MB): peak = 1482.941 ; gain = 0.035
INFO: [Designutils 20-5008] Incremental synthesis strategy off
---------------------------------------------------------------------------------
Finished Constraint Validation : Time (s): cpu = 00:00:22 ; elapsed = 00:00:37 . Memory (MB): peak = 1482.941 ; gain = 555.516
---------------------------------------------------------------------------------
---------------------------------------------------------------------------------
Start Loading Part and Timing Information
---------------------------------------------------------------------------------
Loading part: xc7k325tffg900-2
---------------------------------------------------------------------------------
Finished Loading Part and Timing Information : Time (s): cpu = 00:00:22 ; elapsed = 00:00:37 . Memory (MB): peak = 1482.941 ; gain = 555.516
---------------------------------------------------------------------------------
---------------------------------------------------------------------------------
Start Applying 'set_property' XDC Constraints
---------------------------------------------------------------------------------
Applied set_property KEEP_HIERARCHY = SOFT for inst. (constraint file  C:/Users/hp/Downloads/digital_twin/digital_twin.runs/pll_synth_1/dont_touch.xdc, line 9).
---------------------------------------------------------------------------------
Finished applying 'set_property' XDC Constraints : Time (s): cpu = 00:00:22 ; elapsed = 00:00:37 . Memory (MB): peak = 1482.941 ; gain = 555.516
---------------------------------------------------------------------------------
---------------------------------------------------------------------------------
Finished RTL Optimization Phase 2 : Time (s): cpu = 00:00:22 ; elapsed = 00:00:37 . Memory (MB): peak = 1482.941 ; gain = 555.516
---------------------------------------------------------------------------------
---------------------------------------------------------------------------------
Start RTL Component Statistics 
---------------------------------------------------------------------------------
Detailed RTL Component Info : 
---------------------------------------------------------------------------------
Finished RTL Component Statistics 
---------------------------------------------------------------------------------
---------------------------------------------------------------------------------
Start Part Resource Summary
---------------------------------------------------------------------------------
Part Resources:
DSPs: 840 (col length:140)
BRAMs: 890 (col length: RAMB18 140 RAMB36 70)
---------------------------------------------------------------------------------
Finished Part Resource Summary
---------------------------------------------------------------------------------
---------------------------------------------------------------------------------
Start Cross Boundary and Area Optimization
---------------------------------------------------------------------------------
WARNING: [Synth 8-7080] Parallel synthesis criteria is not met
---------------------------------------------------------------------------------
Finished Cross Boundary and Area Optimization : Time (s): cpu = 00:00:25 ; elapsed = 00:00:41 . Memory (MB): peak = 1482.941 ; gain = 555.516
---------------------------------------------------------------------------------
---------------------------------------------------------------------------------
Start Applying XDC Timing Constraints
---------------------------------------------------------------------------------
---------------------------------------------------------------------------------
Finished Applying XDC Timing Constraints : Time (s): cpu = 00:00:33 ; elapsed = 00:00:53 . Memory (MB): peak = 1482.941 ; gain = 555.516
---------------------------------------------------------------------------------
---------------------------------------------------------------------------------
Start Timing Optimization
---------------------------------------------------------------------------------
---------------------------------------------------------------------------------
Finished Timing Optimization : Time (s): cpu = 00:00:33 ; elapsed = 00:00:53 . Memory (MB): peak = 1482.941 ; gain = 555.516
---------------------------------------------------------------------------------
---------------------------------------------------------------------------------
Start Technology Mapping
---------------------------------------------------------------------------------
---------------------------------------------------------------------------------
Finished Technology Mapping : Time (s): cpu = 00:00:33 ; elapsed = 00:00:53 . Memory (MB): peak = 1482.941 ; gain = 555.516
---------------------------------------------------------------------------------
---------------------------------------------------------------------------------
Start IO Insertion
---------------------------------------------------------------------------------
---------------------------------------------------------------------------------
Start Flattening Before IO Insertion
---------------------------------------------------------------------------------
---------------------------------------------------------------------------------
Finished Flattening Before IO Insertion
---------------------------------------------------------------------------------
---------------------------------------------------------------------------------
Start Final Netlist Cleanup
---------------------------------------------------------------------------------
---------------------------------------------------------------------------------
Finished Final Netlist Cleanup
---------------------------------------------------------------------------------
---------------------------------------------------------------------------------
Finished IO Insertion : Time (s): cpu = 00:00:35 ; elapsed = 00:00:56 . Memory (MB): peak = 1482.941 ; gain = 555.516
---------------------------------------------------------------------------------
---------------------------------------------------------------------------------
Start Renaming Generated Instances
---------------------------------------------------------------------------------
---------------------------------------------------------------------------------
Finished Renaming Generated Instances : Time (s): cpu = 00:00:35 ; elapsed = 00:00:56 . Memory (MB): peak = 1482.941 ; gain = 555.516
---------------------------------------------------------------------------------
---------------------------------------------------------------------------------
Start Rebuilding User Hierarchy
---------------------------------------------------------------------------------
---------------------------------------------------------------------------------
Finished Rebuilding User Hierarchy : Time (s): cpu = 00:00:35 ; elapsed = 00:00:56 . Memory (MB): peak = 1482.941 ; gain = 555.516
---------------------------------------------------------------------------------
---------------------------------------------------------------------------------
Start Renaming Generated Ports
---------------------------------------------------------------------------------
---------------------------------------------------------------------------------
Finished Renaming Generated Ports : Time (s): cpu = 00:00:35 ; elapsed = 00:00:56 . Memory (MB): peak = 1482.941 ; gain = 555.516
---------------------------------------------------------------------------------
---------------------------------------------------------------------------------
Start Handling Custom Attributes
---------------------------------------------------------------------------------
---------------------------------------------------------------------------------
Finished Handling Custom Attributes : Time (s): cpu = 00:00:35 ; elapsed = 00:00:56 . Memory (MB): peak = 1482.941 ; gain = 555.516
---------------------------------------------------------------------------------
---------------------------------------------------------------------------------
Start Renaming Generated Nets
---------------------------------------------------------------------------------
---------------------------------------------------------------------------------
Finished Renaming Generated Nets : Time (s): cpu = 00:00:35 ; elapsed = 00:00:56 . Memory (MB): peak = 1482.941 ; gain = 555.516
---------------------------------------------------------------------------------
---------------------------------------------------------------------------------
Start Writing Synthesis Report
---------------------------------------------------------------------------------

Report BlackBoxes: 
+-+--------------+----------+
| |BlackBox name |Instances |
+-+--------------+----------+
+-+--------------+----------+

Report Cell Usage: 
+------+----------+------+
|      |Cell      |Count |
+------+----------+------+
|1     |BUFG      |     3|
|2     |PLLE2_ADV |     1|
|3     |IBUFDS    |     1|
+------+----------+------+
---------------------------------------------------------------------------------
Finished Writing Synthesis Report : Time (s): cpu = 00:00:35 ; elapsed = 00:00:56 . Memory (MB): peak = 1482.941 ; gain = 555.516
---------------------------------------------------------------------------------
Synthesis finished with 0 errors, 0 critical warnings and 1 warnings.
Synthesis Optimization Runtime : Time (s): cpu = 00:00:22 ; elapsed = 00:00:51 . Memory (MB): peak = 1482.941 ; gain = 550.773
Synthesis Optimization Complete : Time (s): cpu = 00:00:36 ; elapsed = 00:00:56 . Memory (MB): peak = 1482.941 ; gain = 555.516
INFO: [Project 1-571] Translating synthesized netlist
Netlist sorting complete. Time (s): cpu = 00:00:00 ; elapsed = 00:00:00 . Memory (MB): peak = 1482.941 ; gain = 0.000
INFO: [Netlist 29-17] Analyzing 2 Unisim elements for replacement
INFO: [Netlist 29-28] Unisim Transformation completed in 0 CPU seconds
INFO: [Project 1-570] Preparing netlist for logic optimization
INFO: [Opt 31-138] Pushed 0 inverter(s) to 0 load pin(s).
Netlist sorting complete. Time (s): cpu = 00:00:00 ; elapsed = 00:00:00 . Memory (MB): peak = 1486.184 ; gain = 0.000
INFO: [Project 1-111] Unisim Transformation Summary:
No Unisim elements were transformed.

系统找不到指定的路径。
Synth Design complete | Checksum: 939ffd86
INFO: [Common 17-83] Releasing license: Synthesis
30 Infos, 1 Warnings, 0 Critical Warnings and 0 Errors encountered.
synth_design completed successfully
synth_design: Time (s): cpu = 00:00:42 ; elapsed = 00:01:07 . Memory (MB): peak = 1486.184 ; gain = 1009.398
Write ShapeDB Complete: Time (s): cpu = 00:00:00 ; elapsed = 00:00:00 . Memory (MB): peak = 1486.184 ; gain = 0.000
INFO: [Common 17-1381] The checkpoint 'C:/Users/hp/Downloads/digital_twin/digital_twin.runs/pll_synth_1/pll.dcp' has been generated.
INFO: [Coretcl 2-1648] Added synthesis output to IP cache for IP pll, cache-ID = f4424930960c0263
Write ShapeDB Complete: Time (s): cpu = 00:00:00 ; elapsed = 00:00:00.001 . Memory (MB): peak = 1486.184 ; gain = 0.000
INFO: [Common 17-1381] The checkpoint 'C:/Users/hp/Downloads/digital_twin/digital_twin.runs/pll_synth_1/pll.dcp' has been generated.
INFO: [runtcl-4] Executing : report_utilization -file pll_utilization_synth.rpt -pb pll_utilization_synth.pb
INFO: [Common 17-206] Exiting Vivado at Tue Jun  2 22:06:19 2026...
[Tue Jun  2 22:06:23 2026] pll_synth_1 finished
wait_on_runs: Time (s): cpu = 00:00:00 ; elapsed = 00:01:21 . Memory (MB): peak = 973.977 ; gain = 0.000
CLK2_PLL_STATUS freq_mhz=220 status="synth_design Complete!"
# reset_run synth_1
# reset_run impl_1
# launch_runs impl_1 -to_step route_design -jobs 8
[Tue Jun  2 22:06:23 2026] Launched synth_1...
Run output will be captured here: C:/Users/hp/Downloads/digital_twin/digital_twin.runs/synth_1/runme.log
[Tue Jun  2 22:06:23 2026] Launched impl_1...
Run output will be captured here: C:/Users/hp/Downloads/digital_twin/digital_twin.runs/impl_1/runme.log
# wait_on_run impl_1
[Tue Jun  2 22:06:23 2026] Waiting for impl_1 to finish...

ECHO 处于关闭状态。
ECHO 处于关闭状态。

*** Running vivado
    with args -log top.vdi -applog -m64 -product Vivado -messageDb vivado.pb -mode batch -source top.tcl -notrace


ECHO 处于关闭状态。
ECHO 处于关闭状态。

****** Vivado v2023.2 (64-bit)
  **** SW Build 4029153 on Fri Oct 13 20:14:34 MDT 2023
  **** IP Build 4028589 on Sat Oct 14 00:45:43 MDT 2023
  **** SharedData Build 4025554 on Tue Oct 10 17:18:54 MDT 2023
    ** Copyright 1986-2022 Xilinx, Inc. All Rights Reserved.
    ** Copyright 2022-2023 Advanced Micro Devices, Inc. All Rights Reserved.

source top.tcl -notrace
create_project: Time (s): cpu = 00:00:06 ; elapsed = 00:00:06 . Memory (MB): peak = 465.234 ; gain = 186.297
Command: link_design -top top -part xc7k325tffg900-2
Design is defaulting to srcset: sources_1
Design is defaulting to constrset: constrs_1
INFO: [Device 21-403] Loading part xc7k325tffg900-2
INFO: [Project 1-454] Reading design checkpoint 'c:/Users/hp/Downloads/digital_twin/digital_twin.gen/sources_1/ip/pll/pll.dcp' for cell 'pll_inst'
INFO: [Project 1-454] Reading design checkpoint 'c:/Users/hp/Downloads/digital_twin/digital_twin.gen/sources_1/ip/Mem_IROM_2/Mem_IROM.dcp' for cell 'student_top_inst/Mem_IROM'
INFO: [Project 1-454] Reading design checkpoint 'c:/Users/hp/Downloads/digital_twin/digital_twin.gen/sources_1/ip/Mem_RAM/Mem_RAM.dcp' for cell 'student_top_inst/bridge_inst/dram_driver_inst/Mem_DRAM'
Netlist sorting complete. Time (s): cpu = 00:00:00 ; elapsed = 00:00:00.305 . Memory (MB): peak = 969.211 ; gain = 0.000
INFO: [Netlist 29-17] Analyzing 518 Unisim elements for replacement
INFO: [Netlist 29-28] Unisim Transformation completed in 0 CPU seconds
INFO: [Project 1-479] Netlist was created with Vivado 2023.2
INFO: [Project 1-570] Preparing netlist for logic optimization
Parsing XDC File [c:/Users/hp/Downloads/digital_twin/digital_twin.gen/sources_1/ip/pll/pll_board.xdc] for cell 'pll_inst/inst'
Finished Parsing XDC File [c:/Users/hp/Downloads/digital_twin/digital_twin.gen/sources_1/ip/pll/pll_board.xdc] for cell 'pll_inst/inst'
Parsing XDC File [c:/Users/hp/Downloads/digital_twin/digital_twin.gen/sources_1/ip/pll/pll.xdc] for cell 'pll_inst/inst'
INFO: [Timing 38-35] Done setting XDC timing constraints. [c:/Users/hp/Downloads/digital_twin/digital_twin.gen/sources_1/ip/pll/pll.xdc:54]
INFO: [Timing 38-2] Deriving generated clocks [c:/Users/hp/Downloads/digital_twin/digital_twin.gen/sources_1/ip/pll/pll.xdc:54]
get_clocks: Time (s): cpu = 00:00:13 ; elapsed = 00:00:20 . Memory (MB): peak = 1707.117 ; gain = 604.629
Finished Parsing XDC File [c:/Users/hp/Downloads/digital_twin/digital_twin.gen/sources_1/ip/pll/pll.xdc] for cell 'pll_inst/inst'
Parsing XDC File [C:/Users/hp/Downloads/digital_twin/digital_twin.srcs/constrs_1/new/digital_twin.xdc]
Finished Parsing XDC File [C:/Users/hp/Downloads/digital_twin/digital_twin.srcs/constrs_1/new/digital_twin.xdc]
INFO: [Opt 31-138] Pushed 0 inverter(s) to 0 load pin(s).
Netlist sorting complete. Time (s): cpu = 00:00:00 ; elapsed = 00:00:00.006 . Memory (MB): peak = 1707.117 ; gain = 0.000
INFO: [Project 1-111] Unisim Transformation Summary:
  A total of 33 instances were transformed.
  RAM128X1D => RAM128X1D (MUXF7(x2), RAMD64E(x4)): 12 instances
  RAM32M => RAM32M (RAMD32(x6), RAMS32(x2)): 15 instances
  RAM32X1D => RAM32X1D (RAMD32(x2)): 6 instances

系统找不到指定的路径。
12 Infos, 0 Warnings, 0 Critical Warnings and 0 Errors encountered.
link_design completed successfully
link_design: Time (s): cpu = 00:00:26 ; elapsed = 00:00:41 . Memory (MB): peak = 1707.117 ; gain = 1228.109
Command: opt_design
Attempting to get a license for feature 'Implementation' and/or device 'xc7k325t'
INFO: [Common 17-349] Got license for feature 'Implementation' and/or device 'xc7k325t'
Running DRC as a precondition to command opt_design

Starting DRC Task
INFO: [DRC 23-27] Running DRC with 8 threads
INFO: [Project 1-461] DRC finished with 0 Errors
INFO: [Project 1-462] Please refer to the DRC report (report_drc) for more information.

Time (s): cpu = 00:00:02 ; elapsed = 00:00:03 . Memory (MB): peak = 1707.117 ; gain = 0.000

Starting Cache Timing Information Task
INFO: [Timing 38-35] Done setting XDC timing constraints.
Ending Cache Timing Information Task | Checksum: c1c17584

Time (s): cpu = 00:00:00 ; elapsed = 00:00:01 . Memory (MB): peak = 1727.500 ; gain = 20.383

Starting Logic Optimization Task

Phase 1 Initialization

Phase 1.1 Core Generation And Design Setup
Phase 1.1 Core Generation And Design Setup | Checksum: c1c17584

Time (s): cpu = 00:00:00 ; elapsed = 00:00:00.005 . Memory (MB): peak = 2093.852 ; gain = 0.000

Phase 1.2 Setup Constraints And Sort Netlist
Phase 1.2 Setup Constraints And Sort Netlist | Checksum: c1c17584

Time (s): cpu = 00:00:00 ; elapsed = 00:00:00.020 . Memory (MB): peak = 2093.852 ; gain = 0.000
Phase 1 Initialization | Checksum: c1c17584

Time (s): cpu = 00:00:00 ; elapsed = 00:00:00.022 . Memory (MB): peak = 2093.852 ; gain = 0.000

Phase 2 Timer Update And Timing Data Collection

Phase 2.1 Timer Update
Phase 2.1 Timer Update | Checksum: c1c17584

Time (s): cpu = 00:00:00 ; elapsed = 00:00:00.279 . Memory (MB): peak = 2093.852 ; gain = 0.000

Phase 2.2 Timing Data Collection
Phase 2.2 Timing Data Collection | Checksum: c1c17584

Time (s): cpu = 00:00:00 ; elapsed = 00:00:00.319 . Memory (MB): peak = 2093.852 ; gain = 0.000
Phase 2 Timer Update And Timing Data Collection | Checksum: c1c17584

Time (s): cpu = 00:00:00 ; elapsed = 00:00:00.321 . Memory (MB): peak = 2093.852 ; gain = 0.000

Phase 3 Retarget
INFO: [Opt 31-1566] Pulled 1 inverters resulting in an inversion of 8 pins
INFO: [Opt 31-138] Pushed 12 inverter(s) to 46 load pin(s).
INFO: [Opt 31-49] Retargeted 0 cell(s).
Phase 3 Retarget | Checksum: 13ea2b7ab

Time (s): cpu = 00:00:00 ; elapsed = 00:00:00.966 . Memory (MB): peak = 2093.852 ; gain = 0.000
Retarget | Checksum: 13ea2b7ab
INFO: [Opt 31-389] Phase Retarget created 0 cells and removed 473 cells
INFO: [Opt 31-1021] In phase Retarget, 1 netlist objects are constrained preventing optimization. Please run opt_design with -debug_log to get more detail. 

Phase 4 Constant propagation
INFO: [Opt 31-138] Pushed 0 inverter(s) to 0 load pin(s).
Phase 4 Constant propagation | Checksum: c3c65e44

Time (s): cpu = 00:00:01 ; elapsed = 00:00:01 . Memory (MB): peak = 2093.852 ; gain = 0.000
Constant propagation | Checksum: c3c65e44
INFO: [Opt 31-389] Phase Constant propagation created 38 cells and removed 43 cells

Phase 5 Sweep
Phase 5 Sweep | Checksum: 1119e6ac3

Time (s): cpu = 00:00:01 ; elapsed = 00:00:02 . Memory (MB): peak = 2093.852 ; gain = 0.000
Sweep | Checksum: 1119e6ac3
INFO: [Opt 31-389] Phase Sweep created 68 cells and removed 355 cells

Phase 6 BUFG optimization
Phase 6 BUFG optimization | Checksum: 1119e6ac3

Time (s): cpu = 00:00:01 ; elapsed = 00:00:02 . Memory (MB): peak = 2093.852 ; gain = 0.000
BUFG optimization | Checksum: 1119e6ac3
INFO: [Opt 31-662] Phase BUFG optimization created 0 cells of which 0 are BUFGs and removed 0 cells.

Phase 7 Shift Register Optimization
INFO: [Opt 31-1064] SRL Remap converted 0 SRLs to 0 registers and converted 0 registers of register chains to 0 SRLs
Phase 7 Shift Register Optimization | Checksum: 1119e6ac3

Time (s): cpu = 00:00:01 ; elapsed = 00:00:02 . Memory (MB): peak = 2093.852 ; gain = 0.000
Shift Register Optimization | Checksum: 1119e6ac3
INFO: [Opt 31-389] Phase Shift Register Optimization created 0 cells and removed 0 cells

Phase 8 Post Processing Netlist
Phase 8 Post Processing Netlist | Checksum: 1119e6ac3

Time (s): cpu = 00:00:01 ; elapsed = 00:00:02 . Memory (MB): peak = 2093.852 ; gain = 0.000
Post Processing Netlist | Checksum: 1119e6ac3
INFO: [Opt 31-389] Phase Post Processing Netlist created 0 cells and removed 0 cells

Phase 9 Finalization

Phase 9.1 Finalizing Design Cores and Updating Shapes
Phase 9.1 Finalizing Design Cores and Updating Shapes | Checksum: dda85bbe

Time (s): cpu = 00:00:02 ; elapsed = 00:00:02 . Memory (MB): peak = 2093.852 ; gain = 0.000

Phase 9.2 Verifying Netlist Connectivity

Starting Connectivity Check Task

Time (s): cpu = 00:00:00 ; elapsed = 00:00:00.033 . Memory (MB): peak = 2093.852 ; gain = 0.000
Phase 9.2 Verifying Netlist Connectivity | Checksum: dda85bbe

Time (s): cpu = 00:00:02 ; elapsed = 00:00:02 . Memory (MB): peak = 2093.852 ; gain = 0.000
Phase 9 Finalization | Checksum: dda85bbe

Time (s): cpu = 00:00:02 ; elapsed = 00:00:02 . Memory (MB): peak = 2093.852 ; gain = 0.000
Opt_design Change Summary
=========================


-------------------------------------------------------------------------------------------------------------------------
|  Phase                        |  #Cells created  |  #Cells Removed  |  #Constrained objects preventing optimizations  |
-------------------------------------------------------------------------------------------------------------------------
|  Retarget                     |               0  |             473  |                                              1  |
|  Constant propagation         |              38  |              43  |                                              0  |
|  Sweep                        |              68  |             355  |                                              0  |
|  BUFG optimization            |               0  |               0  |                                              0  |
|  Shift Register Optimization  |               0  |               0  |                                              0  |
|  Post Processing Netlist      |               0  |               0  |                                              0  |
-------------------------------------------------------------------------------------------------------------------------


Ending Logic Optimization Task | Checksum: dda85bbe

Time (s): cpu = 00:00:02 ; elapsed = 00:00:02 . Memory (MB): peak = 2093.852 ; gain = 0.000
INFO: [Constraints 18-11670] Building netlist checker database with flags, 0x8
Done building netlist checker database: Time (s): cpu = 00:00:00 ; elapsed = 00:00:00.007 . Memory (MB): peak = 2093.852 ; gain = 0.000

Starting Power Optimization Task
INFO: [Pwropt 34-132] Skipping clock gating for clocks with a period < 2.00 ns.
INFO: [Timing 38-35] Done setting XDC timing constraints.
Running Vector-less Activity Propagation...

Finished Running Vector-less Activity Propagation
INFO: [Pwropt 34-9] Applying IDT optimizations ...
INFO: [Pwropt 34-10] Applying ODC optimizations ...


Starting PowerOpt Patch Enables Task
INFO: [Pwropt 34-162] WRITE_MODE attribute of 64 BRAM(s) out of a total of 68 has been updated to save power. Run report_power_opt to get a complete listing of the BRAMs updated.
INFO: [Pwropt 34-201] Structural ODC has moved 0 WE to EN ports
Number of BRAM Ports augmented: 64 newly gated: 0 Total Ports: 136
Ending PowerOpt Patch Enables Task | Checksum: 12d156301

Time (s): cpu = 00:00:01 ; elapsed = 00:00:00.977 . Memory (MB): peak = 2272.652 ; gain = 0.000
Ending Power Optimization Task | Checksum: 12d156301

Time (s): cpu = 00:00:11 ; elapsed = 00:00:13 . Memory (MB): peak = 2272.652 ; gain = 178.801

Starting Final Cleanup Task

Starting Logic Optimization Task
INFO: [Timing 38-35] Done setting XDC timing constraints.
Ending Logic Optimization Task | Checksum: 1c0229c30

Time (s): cpu = 00:00:01 ; elapsed = 00:00:01 . Memory (MB): peak = 2272.652 ; gain = 0.000
INFO: [Constraints 18-11670] Building netlist checker database with flags, 0x8
Done building netlist checker database: Time (s): cpu = 00:00:00 ; elapsed = 00:00:00.012 . Memory (MB): peak = 2272.652 ; gain = 0.000
Ending Final Cleanup Task | Checksum: 1c0229c30

Time (s): cpu = 00:00:05 ; elapsed = 00:00:08 . Memory (MB): peak = 2272.652 ; gain = 0.000

Starting Netlist Obfuscation Task
Netlist sorting complete. Time (s): cpu = 00:00:00 ; elapsed = 00:00:00.008 . Memory (MB): peak = 2272.652 ; gain = 0.000
Ending Netlist Obfuscation Task | Checksum: 1c0229c30

Time (s): cpu = 00:00:00 ; elapsed = 00:00:00.011 . Memory (MB): peak = 2272.652 ; gain = 0.000
INFO: [Common 17-83] Releasing license: Implementation
39 Infos, 0 Warnings, 0 Critical Warnings and 0 Errors encountered.
opt_design completed successfully
opt_design: Time (s): cpu = 00:00:25 ; elapsed = 00:00:35 . Memory (MB): peak = 2272.652 ; gain = 565.535
INFO: [runtcl-4] Executing : report_drc -file top_drc_opted.rpt -pb top_drc_opted.pb -rpx top_drc_opted.rpx
Command: report_drc -file top_drc_opted.rpt -pb top_drc_opted.pb -rpx top_drc_opted.rpx
INFO: [IP_Flow 19-1839] IP Catalog is up to date.
INFO: [DRC 23-27] Running DRC with 8 threads
INFO: [Vivado_Tcl 2-168] The results of DRC are in file C:/Users/hp/Downloads/digital_twin/digital_twin.runs/impl_1/top_drc_opted.rpt.
report_drc completed successfully
INFO: [Timing 38-35] Done setting XDC timing constraints.
INFO: [Timing 38-480] Writing timing data to binary archive.
Wrote PlaceDB: Time (s): cpu = 00:00:00 ; elapsed = 00:00:00.010 . Memory (MB): peak = 2272.652 ; gain = 0.000
Write ShapeDB Complete: Time (s): cpu = 00:00:00 ; elapsed = 00:00:00.021 . Memory (MB): peak = 2272.652 ; gain = 0.000
Wrote PulsedLatchDB: Time (s): cpu = 00:00:00 ; elapsed = 00:00:00 . Memory (MB): peak = 2272.652 ; gain = 0.000
Writing XDEF routing.
Writing XDEF routing logical nets.
Writing XDEF routing special nets.
Wrote RouteStorage: Time (s): cpu = 00:00:00 ; elapsed = 00:00:00.042 . Memory (MB): peak = 2272.652 ; gain = 0.000
Wrote Netlist Cache: Time (s): cpu = 00:00:00 ; elapsed = 00:00:00.001 . Memory (MB): peak = 2272.652 ; gain = 0.000
Wrote Device Cache: Time (s): cpu = 00:00:00 ; elapsed = 00:00:00.012 . Memory (MB): peak = 2272.652 ; gain = 0.000
Write Physdb Complete: Time (s): cpu = 00:00:00 ; elapsed = 00:00:00.078 . Memory (MB): peak = 2272.652 ; gain = 0.000
INFO: [Common 17-1381] The checkpoint 'C:/Users/hp/Downloads/digital_twin/digital_twin.runs/impl_1/top_opt.dcp' has been generated.
write_checkpoint: Time (s): cpu = 00:00:04 ; elapsed = 00:00:05 . Memory (MB): peak = 2272.652 ; gain = 0.000
Command: place_design -directive ExtraNetDelay_high
Attempting to get a license for feature 'Implementation' and/or device 'xc7k325t'
INFO: [Common 17-349] Got license for feature 'Implementation' and/or device 'xc7k325t'
INFO: [Common 17-83] Releasing license: Implementation
INFO: [DRC 23-27] Running DRC with 8 threads
INFO: [Vivado_Tcl 4-198] DRC finished with 0 Errors
INFO: [Vivado_Tcl 4-199] Please refer to the DRC report (report_drc) for more information.
Running DRC as a precondition to command place_design
INFO: [DRC 23-27] Running DRC with 8 threads
INFO: [Vivado_Tcl 4-198] DRC finished with 0 Errors
INFO: [Vivado_Tcl 4-199] Please refer to the DRC report (report_drc) for more information.
INFO: [Place 46-5] The placer was invoked with the 'ExtraNetDelay_high' directive.
INFO: [Place 30-611] Multithreading enabled for place_design using a maximum of 8 CPUs

Starting Placer Task

Phase 1 Placer Initialization

Phase 1.1 Placer Initialization Netlist Sorting
Netlist sorting complete. Time (s): cpu = 00:00:00 ; elapsed = 00:00:00.009 . Memory (MB): peak = 2272.652 ; gain = 0.000
Phase 1.1 Placer Initialization Netlist Sorting | Checksum: 108044b22

Time (s): cpu = 00:00:00 ; elapsed = 00:00:00.026 . Memory (MB): peak = 2272.652 ; gain = 0.000
Netlist sorting complete. Time (s): cpu = 00:00:00 ; elapsed = 00:00:00.009 . Memory (MB): peak = 2272.652 ; gain = 0.000

Phase 1.2 IO Placement/ Clock Placement/ Build Placer Device
Phase 1.2 IO Placement/ Clock Placement/ Build Placer Device | Checksum: ad4a234d

Time (s): cpu = 00:00:01 ; elapsed = 00:00:01 . Memory (MB): peak = 2272.652 ; gain = 0.000

Phase 1.3 Build Placer Netlist Model
Phase 1.3 Build Placer Netlist Model | Checksum: 1909d086a

Time (s): cpu = 00:00:04 ; elapsed = 00:00:05 . Memory (MB): peak = 2272.652 ; gain = 0.000

Phase 1.4 Constrain Clocks/Macros
Phase 1.4 Constrain Clocks/Macros | Checksum: 1909d086a

Time (s): cpu = 00:00:04 ; elapsed = 00:00:05 . Memory (MB): peak = 2272.652 ; gain = 0.000
Phase 1 Placer Initialization | Checksum: 1909d086a

Time (s): cpu = 00:00:04 ; elapsed = 00:00:05 . Memory (MB): peak = 2272.652 ; gain = 0.000

Phase 2 Global Placement

Phase 2.1 Floorplanning
Phase 2.1 Floorplanning | Checksum: 135e43202

Time (s): cpu = 00:00:05 ; elapsed = 00:00:06 . Memory (MB): peak = 2272.652 ; gain = 0.000

Phase 2.2 Update Timing before SLR Path Opt
Phase 2.2 Update Timing before SLR Path Opt | Checksum: c1c87ef1

Time (s): cpu = 00:00:06 ; elapsed = 00:00:07 . Memory (MB): peak = 2272.652 ; gain = 0.000

Phase 2.3 Post-Processing in Floorplanning
Phase 2.3 Post-Processing in Floorplanning | Checksum: c1c87ef1

Time (s): cpu = 00:00:06 ; elapsed = 00:00:07 . Memory (MB): peak = 2272.652 ; gain = 0.000

Phase 2.4 Global Placement Core

Phase 2.4.1 UpdateTiming Before Physical Synthesis
Phase 2.4.1 UpdateTiming Before Physical Synthesis | Checksum: 1900b0d55

Time (s): cpu = 00:00:48 ; elapsed = 00:00:47 . Memory (MB): peak = 2272.652 ; gain = 0.000

Phase 2.4.2 Physical Synthesis In Placer
INFO: [Physopt 32-1035] Found 37 LUTNM shape to break, 589 LUT instances to create LUTNM shape
INFO: [Physopt 32-1044] Break lutnm for timing: one critical 15, two critical 22, total 37, new lutff created 1
INFO: [Physopt 32-1138] End 1 Pass. Optimized 274 nets or LUTs. Breaked 37 LUTs, combined 237 existing LUTs and moved 0 existing LUT
INFO: [Physopt 32-65] No nets found for high-fanout optimization.
INFO: [Physopt 32-232] Optimized 0 net. Created 0 new instance.
INFO: [Physopt 32-775] End 1 Pass. Optimized 0 net or cell. Created 0 new cell, deleted 0 existing cell and moved 0 existing cell
INFO: [Physopt 32-76] Pass 1. Identified 1 candidate net for fanout optimization.
INFO: [Physopt 32-81] Processed net student_top_inst/Core_cpu/cpu_core/ex_mem_inst/dff_mem_wd_reg/wea[2]. Replicated 5 times.
INFO: [Physopt 32-232] Optimized 1 net. Created 5 new instances.
INFO: [Physopt 32-775] End 1 Pass. Optimized 1 net or cell. Created 5 new cells, deleted 0 existing cell and moved 0 existing cell
Netlist sorting complete. Time (s): cpu = 00:00:00 ; elapsed = 00:00:00.113 . Memory (MB): peak = 2272.652 ; gain = 0.000
INFO: [Physopt 32-456] No candidate cells for DSP register optimization found in the design.
INFO: [Physopt 32-775] End 2 Pass. Optimized 0 net or cell. Created 0 new cell, deleted 0 existing cell and moved 0 existing cell
INFO: [Physopt 32-1123] No candidate cells found for Shift Register to Pipeline optimization
INFO: [Physopt 32-775] End 2 Pass. Optimized 0 net or cell. Created 0 new cell, deleted 0 existing cell and moved 0 existing cell
INFO: [Physopt 32-1401] No candidate cells found for Shift Register optimization.
INFO: [Physopt 32-677] No candidate cells for Shift Register optimization found in the design
INFO: [Physopt 32-775] End 1 Pass. Optimized 0 net or cell. Created 0 new cell, deleted 0 existing cell and moved 0 existing cell
INFO: [Physopt 32-526] No candidate cells for BRAM register optimization found in the design
INFO: [Physopt 32-775] End 1 Pass. Optimized 0 net or cell. Created 0 new cell, deleted 0 existing cell and moved 0 existing cell
INFO: [Physopt 32-846] No candidate cells for URAM register optimization found in the design
INFO: [Physopt 32-775] End 1 Pass. Optimized 0 net or cell. Created 0 new cell, deleted 0 existing cell and moved 0 existing cell
INFO: [Physopt 32-846] No candidate cells for URAM register optimization found in the design
INFO: [Physopt 32-775] End 1 Pass. Optimized 0 net or cell. Created 0 new cell, deleted 0 existing cell and moved 0 existing cell
INFO: [Physopt 32-949] No candidate nets found for dynamic/static region interface net replication
INFO: [Physopt 32-775] End 1 Pass. Optimized 0 net or cell. Created 0 new cell, deleted 0 existing cell and moved 0 existing cell
Netlist sorting complete. Time (s): cpu = 00:00:00 ; elapsed = 00:00:00.009 . Memory (MB): peak = 2272.652 ; gain = 0.000

Summary of Physical Synthesis Optimizations
============================================


-----------------------------------------------------------------------------------------------------------------------------------------------------------
|  Optimization                                     |  Added Cells  |  Removed Cells  |  Optimized Cells/Nets  |  Dont Touch  |  Iterations  |  Elapsed   |
-----------------------------------------------------------------------------------------------------------------------------------------------------------
|  LUT Combining                                    |           37  |            237  |                   274  |           0  |           1  |  00:00:01  |
|  Retime                                           |            0  |              0  |                     0  |           0  |           1  |  00:00:00  |
|  Very High Fanout                                 |            0  |              0  |                     0  |           0  |           1  |  00:00:00  |
|  Fanout                                           |            5  |              0  |                     1  |           0  |           1  |  00:00:00  |
|  DSP Register                                     |            0  |              0  |                     0  |           0  |           1  |  00:00:00  |
|  Shift Register to Pipeline                       |            0  |              0  |                     0  |           0  |           1  |  00:00:00  |
|  Shift Register                                   |            0  |              0  |                     0  |           0  |           1  |  00:00:00  |
|  BRAM Register                                    |            0  |              0  |                     0  |           0  |           1  |  00:00:00  |
|  URAM Register                                    |            0  |              0  |                     0  |           0  |           1  |  00:00:00  |
|  Dynamic/Static Region Interface Net Replication  |            0  |              0  |                     0  |           0  |           1  |  00:00:00  |
|  Total                                            |           42  |            237  |                   275  |           0  |          10  |  00:00:01  |
-----------------------------------------------------------------------------------------------------------------------------------------------------------


Phase 2.4.2 Physical Synthesis In Placer | Checksum: 244701885

Time (s): cpu = 00:00:49 ; elapsed = 00:00:49 . Memory (MB): peak = 2272.652 ; gain = 0.000
Phase 2.4 Global Placement Core | Checksum: 20b604b95

Time (s): cpu = 00:00:52 ; elapsed = 00:00:51 . Memory (MB): peak = 2272.652 ; gain = 0.000
Phase 2 Global Placement | Checksum: 20b604b95

Time (s): cpu = 00:00:52 ; elapsed = 00:00:52 . Memory (MB): peak = 2272.652 ; gain = 0.000

Phase 3 Detail Placement

Phase 3.1 Commit Multi Column Macros
Phase 3.1 Commit Multi Column Macros | Checksum: 14c241142

Time (s): cpu = 00:00:53 ; elapsed = 00:00:52 . Memory (MB): peak = 2272.652 ; gain = 0.000

Phase 3.2 Commit Most Macros & LUTRAMs
Phase 3.2 Commit Most Macros & LUTRAMs | Checksum: 191a28551

Time (s): cpu = 00:00:54 ; elapsed = 00:00:54 . Memory (MB): peak = 2272.652 ; gain = 0.000

Phase 3.3 Area Swap Optimization
Phase 3.3 Area Swap Optimization | Checksum: 182867356

Time (s): cpu = 00:00:55 ; elapsed = 00:00:55 . Memory (MB): peak = 2272.652 ; gain = 0.000

Phase 3.4 Pipeline Register Optimization
Phase 3.4 Pipeline Register Optimization | Checksum: 17feac616

Time (s): cpu = 00:00:55 ; elapsed = 00:00:55 . Memory (MB): peak = 2272.652 ; gain = 0.000

Phase 3.5 Fast Optimization
Phase 3.5 Fast Optimization | Checksum: 185f3eb41

Time (s): cpu = 00:01:00 ; elapsed = 00:01:12 . Memory (MB): peak = 2272.652 ; gain = 0.000

Phase 3.6 Small Shape Detail Placement
Phase 3.6 Small Shape Detail Placement | Checksum: 1e9b7aa27

Time (s): cpu = 00:01:07 ; elapsed = 00:01:20 . Memory (MB): peak = 2272.652 ; gain = 0.000

Phase 3.7 Re-assign LUT pins
Phase 3.7 Re-assign LUT pins | Checksum: 162a63e18

Time (s): cpu = 00:01:08 ; elapsed = 00:01:21 . Memory (MB): peak = 2272.652 ; gain = 0.000

Phase 3.8 Pipeline Register Optimization
Phase 3.8 Pipeline Register Optimization | Checksum: 1ebce7eb9

Time (s): cpu = 00:01:08 ; elapsed = 00:01:21 . Memory (MB): peak = 2272.652 ; gain = 0.000

Phase 3.9 Fast Optimization
Phase 3.9 Fast Optimization | Checksum: 1efc9bfd3

Time (s): cpu = 00:01:17 ; elapsed = 00:01:47 . Memory (MB): peak = 2272.652 ; gain = 0.000
Phase 3 Detail Placement | Checksum: 1efc9bfd3

Time (s): cpu = 00:01:17 ; elapsed = 00:01:47 . Memory (MB): peak = 2272.652 ; gain = 0.000

Phase 4 Post Placement Optimization and Clean-Up

Phase 4.1 Post Commit Optimization
INFO: [Place 46-20] Placer is running with the ExtraNetDelay_high directive. Post Placement Optimization may take longer to complete with ExtraNetDelay_high compared to other directives.
INFO: [Timing 38-35] Done setting XDC timing constraints.

Phase 4.1.1 Post Placement Optimization
Post Placement Optimization Initialization | Checksum: 14c257d1c

Phase 4.1.1.1 BUFG Insertion

Starting Physical Synthesis Task

Phase 1 Physical Synthesis Initialization
INFO: [Physopt 32-721] Multithreading enabled for phys_opt_design using a maximum of 8 CPUs
INFO: [Physopt 32-619] Estimated Timing Summary | WNS=-0.656 | TNS=-18.126 |
Phase 1 Physical Synthesis Initialization | Checksum: 18a5ff807

Time (s): cpu = 00:00:00 ; elapsed = 00:00:00.980 . Memory (MB): peak = 2272.652 ; gain = 0.000
INFO: [Place 46-56] BUFG insertion identified 0 candidate nets. Inserted BUFG: 0, Replicated BUFG Driver: 0, Skipped due to Placement/Routing Conflicts: 0, Skipped due to Timing Degradation: 0, Skipped due to netlist editing failed: 0.
Ending Physical Synthesis Task | Checksum: 18a5ff807

Time (s): cpu = 00:00:00 ; elapsed = 00:00:01 . Memory (MB): peak = 2272.652 ; gain = 0.000
Phase 4.1.1.1 BUFG Insertion | Checksum: 14c257d1c

Time (s): cpu = 00:01:21 ; elapsed = 00:01:52 . Memory (MB): peak = 2272.652 ; gain = 0.000

Phase 4.1.1.2 Post Placement Timing Optimization
INFO: [Place 30-746] Post Placement Timing Summary WNS=-0.300. For the most accurate timing information please run report_timing.
Phase 4.1.1.2 Post Placement Timing Optimization | Checksum: 94d64cc7

Time (s): cpu = 00:08:25 ; elapsed = 00:29:15 . Memory (MB): peak = 2272.652 ; gain = 0.000

Time (s): cpu = 00:08:25 ; elapsed = 00:29:15 . Memory (MB): peak = 2272.652 ; gain = 0.000
Phase 4.1 Post Commit Optimization | Checksum: 94d64cc7

Time (s): cpu = 00:08:25 ; elapsed = 00:29:15 . Memory (MB): peak = 2272.652 ; gain = 0.000

Phase 4.2 Post Placement Cleanup
Phase 4.2 Post Placement Cleanup | Checksum: 94d64cc7

Time (s): cpu = 00:08:25 ; elapsed = 00:29:15 . Memory (MB): peak = 2272.652 ; gain = 0.000

Phase 4.3 Placer Reporting

Phase 4.3.1 Print Estimated Congestion
INFO: [Place 30-612] Post-Placement Estimated Congestion 
 ____________________________________________________
|           | Global Congestion | Short Congestion  |
| Direction | Region Size       | Region Size       |
|___________|___________________|___________________|
|      North|                1x1|                8x8|
|___________|___________________|___________________|
|      South|                1x1|                2x2|
|___________|___________________|___________________|
|       East|                8x8|                8x8|
|___________|___________________|___________________|
|       West|                1x1|                2x2|
|___________|___________________|___________________|

Phase 4.3.1 Print Estimated Congestion | Checksum: 94d64cc7

Time (s): cpu = 00:08:26 ; elapsed = 00:29:15 . Memory (MB): peak = 2272.652 ; gain = 0.000
Phase 4.3 Placer Reporting | Checksum: 94d64cc7

Time (s): cpu = 00:08:26 ; elapsed = 00:29:15 . Memory (MB): peak = 2272.652 ; gain = 0.000

Phase 4.4 Final Placement Cleanup
Netlist sorting complete. Time (s): cpu = 00:00:00 ; elapsed = 00:00:00.006 . Memory (MB): peak = 2272.652 ; gain = 0.000

Time (s): cpu = 00:08:26 ; elapsed = 00:29:15 . Memory (MB): peak = 2272.652 ; gain = 0.000
Phase 4 Post Placement Optimization and Clean-Up | Checksum: 116302b99

Time (s): cpu = 00:08:26 ; elapsed = 00:29:15 . Memory (MB): peak = 2272.652 ; gain = 0.000
Ending Placer Task | Checksum: b62164cd

Time (s): cpu = 00:08:26 ; elapsed = 00:29:15 . Memory (MB): peak = 2272.652 ; gain = 0.000
88 Infos, 0 Warnings, 0 Critical Warnings and 0 Errors encountered.
place_design completed successfully
place_design: Time (s): cpu = 00:08:27 ; elapsed = 00:29:17 . Memory (MB): peak = 2272.652 ; gain = 0.000
INFO: [runtcl-4] Executing : report_io -file top_io_placed.rpt
report_io: Time (s): cpu = 00:00:00 ; elapsed = 00:00:00.338 . Memory (MB): peak = 2272.652 ; gain = 0.000
INFO: [runtcl-4] Executing : report_utilization -file top_utilization_placed.rpt -pb top_utilization_placed.pb
INFO: [runtcl-4] Executing : report_control_sets -verbose -file top_control_sets_placed.rpt
report_control_sets: Time (s): cpu = 00:00:00 ; elapsed = 00:00:00.070 . Memory (MB): peak = 2272.652 ; gain = 0.000
INFO: [Timing 38-480] Writing timing data to binary archive.
Write ShapeDB Complete: Time (s): cpu = 00:00:00 ; elapsed = 00:00:00.036 . Memory (MB): peak = 2272.652 ; gain = 0.000
Wrote PlaceDB: Time (s): cpu = 00:00:03 ; elapsed = 00:00:01 . Memory (MB): peak = 2272.652 ; gain = 0.000
Wrote PulsedLatchDB: Time (s): cpu = 00:00:00 ; elapsed = 00:00:00 . Memory (MB): peak = 2272.652 ; gain = 0.000
Writing XDEF routing.
Writing XDEF routing logical nets.
Writing XDEF routing special nets.
Wrote RouteStorage: Time (s): cpu = 00:00:00 ; elapsed = 00:00:00.032 . Memory (MB): peak = 2272.652 ; gain = 0.000
Wrote Netlist Cache: Time (s): cpu = 00:00:00 ; elapsed = 00:00:00.020 . Memory (MB): peak = 2272.652 ; gain = 0.000
Wrote Device Cache: Time (s): cpu = 00:00:00 ; elapsed = 00:00:00.010 . Memory (MB): peak = 2272.652 ; gain = 0.000
Write Physdb Complete: Time (s): cpu = 00:00:03 ; elapsed = 00:00:01 . Memory (MB): peak = 2272.652 ; gain = 0.000
INFO: [Common 17-1381] The checkpoint 'C:/Users/hp/Downloads/digital_twin/digital_twin.runs/impl_1/top_placed.dcp' has been generated.
Command: phys_opt_design -directive AggressiveExplore
Attempting to get a license for feature 'Implementation' and/or device 'xc7k325t'
INFO: [Common 17-349] Got license for feature 'Implementation' and/or device 'xc7k325t'
INFO: [Vivado_Tcl 4-137] Directive used for phys_opt_design is: AggressiveExplore

Starting Initial Update Timing Task

Time (s): cpu = 00:00:03 ; elapsed = 00:00:02 . Memory (MB): peak = 2272.652 ; gain = 0.000
INFO: [Vivado_Tcl 4-1435] PhysOpt_Tcl_Interface Runtime Before Starting Physical Synthesis Task | CPU: 3.00s |  WALL: 2.08s
Netlist sorting complete. Time (s): cpu = 00:00:00 ; elapsed = 00:00:00.005 . Memory (MB): peak = 2272.652 ; gain = 0.000

Starting Physical Synthesis Task

Phase 1 Physical Synthesis Initialization
INFO: [Physopt 32-721] Multithreading enabled for phys_opt_design using a maximum of 8 CPUs
INFO: [Physopt 32-619] Estimated Timing Summary | WNS=-0.300 | TNS=-1.999 |
Phase 1 Physical Synthesis Initialization | Checksum: 16d7ab4a4

Time (s): cpu = 00:00:02 ; elapsed = 00:00:02 . Memory (MB): peak = 2272.652 ; gain = 0.000

Phase 2 SLR Crossing Optimization
Phase 2 SLR Crossing Optimization | Checksum: 16d7ab4a4

Time (s): cpu = 00:00:02 ; elapsed = 00:00:02 . Memory (MB): peak = 2272.652 ; gain = 0.000
INFO: [Physopt 32-619] Estimated Timing Summary | WNS=-0.300 | TNS=-1.999 |

Phase 3 Fanout Optimization
INFO: [Physopt 32-76] Pass 1. Identified 8 candidate nets for fanout optimization.
INFO: [Physopt 32-572] Net student_top_inst/Core_cpu/cpu_core/if_id_inst/bp_fetch_redirect was not replicated.
Resolution: phys_opt_design can be forced to replicate a net driver using the option -force_replication_on_nets <list of net objects>.
INFO: [Physopt 32-81] Processed net student_top_inst/Core_cpu/cpu_core/if_id_inst/bp_fetch_valid_r_reg. Replicated 1 times.
INFO: [Physopt 32-572] Net student_top_inst/Core_cpu/cpu_core/if_id_inst/pc_jump_en_o was not replicated.
Resolution: phys_opt_design can be forced to replicate a net driver using the option -force_replication_on_nets <list of net objects>.
INFO: [Physopt 32-572] Net student_top_inst/Core_cpu/cpu_core/ex_mem_inst/dff_inst/done_r_reg_rep__41_0 was not replicated.
Resolution: phys_opt_design can be forced to replicate a net driver using the option -force_replication_on_nets <list of net objects>.
INFO: [Physopt 32-572] Net student_top_inst/Core_cpu/cpu_core/ctrl_inst/jump_en_d1_reg_rep__2_2 was not replicated.
Resolution: phys_opt_design can be forced to replicate a net driver using the option -force_replication_on_nets <list of net objects>.
INFO: [Physopt 32-572] Net student_top_inst/Core_cpu/cpu_core/id_ex_inst/id_ex_is_branch_w was not replicated.
Resolution: phys_opt_design can be forced to replicate a net driver using the option -force_replication_on_nets <list of net objects>.
INFO: [Physopt 32-81] Processed net student_top_inst/Core_cpu/cpu_core/if_id_inst/hold_pred_taken_reg. Replicated 4 times.
INFO: [Physopt 32-572] Net student_top_inst/Core_cpu/cpu_core/id_ex_inst/forwarding_inst/in020_out was not replicated.
Resolution: phys_opt_design can be forced to replicate a net driver using the option -force_replication_on_nets <list of net objects>.
INFO: [Physopt 32-232] Optimized 2 nets. Created 5 new instances.
INFO: [Physopt 32-775] End 1 Pass. Optimized 2 nets or cells. Created 5 new cells, deleted 0 existing cell and moved 0 existing cell
INFO: [Physopt 32-619] Estimated Timing Summary | WNS=-0.300 | TNS=-1.997 |
Netlist sorting complete. Time (s): cpu = 00:00:00 ; elapsed = 00:00:00.049 . Memory (MB): peak = 2272.652 ; gain = 0.000
Phase 3 Fanout Optimization | Checksum: 156dba12d

Time (s): cpu = 00:00:10 ; elapsed = 00:00:05 . Memory (MB): peak = 2272.652 ; gain = 0.000

Phase 4 Single Cell Placement Optimization
INFO: [Physopt 32-660] Identified 159 candidate nets for placement-based optimization.
INFO: [Physopt 32-662] Processed net student_top_inst/Core_cpu/cpu_core/branch_predictor_inst/bp_fetch_pc_r_reg[30][27].  Did not re-place instance student_top_inst/Core_cpu/cpu_core/branch_predictor_inst/hold_pred_target_reg[27]_i_1
INFO: [Physopt 32-663] Processed net student_top_inst/Core_cpu/cpu_core/id_ex_inst/mtvec_r_reg[31][27].  Re-placed instance student_top_inst/Core_cpu/cpu_core/id_ex_inst/pc_o[27]_i_1
INFO: [Physopt 32-662] Processed net student_top_inst/Core_cpu/cpu_core/if_id_inst/hold_pred_target_reg[11]_i_7_n_0.  Did not re-place instance student_top_inst/Core_cpu/cpu_core/if_id_inst/hold_pred_target_reg[11]_i_7
INFO: [Physopt 32-663] Processed net student_top_inst/Core_cpu/cpu_core/if_id_inst/pred_target_o_reg[27]_0.  Re-placed instance student_top_inst/Core_cpu/cpu_core/if_id_inst/pc_o[27]_i_4
INFO: [Physopt 32-662] Processed net student_top_inst/Core_cpu/cpu_core/pc_reg_inst/Q[27].  Did not re-place instance student_top_inst/Core_cpu/cpu_core/pc_reg_inst/pc_o_reg[27]
INFO: [Physopt 32-662] Processed net student_top_inst/Core_cpu/cpu_core/if_id_inst/j_imm_inst__12_n_0.  Did not re-place instance student_top_inst/Core_cpu/cpu_core/if_id_inst/j_imm_inst__12
INFO: [Physopt 32-662] Processed net student_top_inst/Core_cpu/cpu_core/if_id_inst/j_imm_inst__17_n_0.  Did not re-place instance student_top_inst/Core_cpu/cpu_core/if_id_inst/j_imm_inst__17
INFO: [Physopt 32-662] Processed net student_top_inst/Core_cpu/cpu_core/if_id_inst/bp_fetch_redirect.  Did not re-place instance student_top_inst/Core_cpu/cpu_core/if_id_inst/pc_o[31]_i_11
INFO: [Physopt 32-662] Processed net student_top_inst/Core_cpu/cpu_core/if_id_inst/bp_fetch_valid_r_reg.  Did not re-place instance student_top_inst/Core_cpu/cpu_core/if_id_inst/hold_pred_target_reg[31]_i_4
INFO: [Physopt 32-662] Processed net student_top_inst/Core_cpu/cpu_core/branch_predictor_inst/bp_pred_taken_o.  Did not re-place instance student_top_inst/Core_cpu/cpu_core/branch_predictor_inst/hold_pred_taken_reg_i_1
INFO: [Physopt 32-663] Processed net student_top_inst/Core_cpu/cpu_core/if_id_inst/j_imm_inst__13_n_0.  Re-placed instance student_top_inst/Core_cpu/cpu_core/if_id_inst/j_imm_inst__13
INFO: [Physopt 32-662] Processed net student_top_inst/Core_cpu/cpu_core/if_id_inst/j_imm_inst__16_n_0.  Did not re-place instance student_top_inst/Core_cpu/cpu_core/if_id_inst/j_imm_inst__16
INFO: [Physopt 32-662] Processed net student_top_inst/Core_cpu/cpu_core/branch_predictor_inst/bp_fetch_pc_r_reg[30][29].  Did not re-place instance student_top_inst/Core_cpu/cpu_core/branch_predictor_inst/hold_pred_target_reg[29]_i_1
INFO: [Physopt 32-663] Processed net student_top_inst/Core_cpu/cpu_core/id_ex_inst/mtvec_r_reg[31][29].  Re-placed instance student_top_inst/Core_cpu/cpu_core/id_ex_inst/pc_o[29]_i_1
INFO: [Physopt 32-662] Processed net student_top_inst/Core_cpu/cpu_core/if_id_inst/b_imm_inst__22_n_0.  Did not re-place instance student_top_inst/Core_cpu/cpu_core/if_id_inst/b_imm_inst__22
INFO: [Physopt 32-662] Processed net student_top_inst/Core_cpu/cpu_core/if_id_inst/pred_target_o_reg[29]_0.  Did not re-place instance student_top_inst/Core_cpu/cpu_core/if_id_inst/pc_o[29]_i_4
INFO: [Physopt 32-662] Processed net student_top_inst/Core_cpu/cpu_core/pc_reg_inst/Q[29].  Did not re-place instance student_top_inst/Core_cpu/cpu_core/pc_reg_inst/pc_o_reg[29]
INFO: [Physopt 32-662] Processed net student_top_inst/Core_cpu/cpu_core/branch_predictor_inst/bp_fetch_pc_r_reg[30][28].  Did not re-place instance student_top_inst/Core_cpu/cpu_core/branch_predictor_inst/hold_pred_target_reg[28]_i_1
INFO: [Physopt 32-663] Processed net student_top_inst/Core_cpu/cpu_core/id_ex_inst/mtvec_r_reg[31][28].  Re-placed instance student_top_inst/Core_cpu/cpu_core/id_ex_inst/pc_o[28]_i_1
INFO: [Physopt 32-663] Processed net student_top_inst/Core_cpu/cpu_core/if_id_inst/pred_target_o_reg[28]_0.  Re-placed instance student_top_inst/Core_cpu/cpu_core/if_id_inst/pc_o[28]_i_4
INFO: [Physopt 32-662] Processed net student_top_inst/Core_cpu/cpu_core/pc_reg_inst/Q[28].  Did not re-place instance student_top_inst/Core_cpu/cpu_core/pc_reg_inst/pc_o_reg[28]
INFO: [Physopt 32-662] Processed net student_top_inst/Core_cpu/cpu_core/if_id_inst/hold_pred_target_reg[3]_i_7_n_0.  Did not re-place instance student_top_inst/Core_cpu/cpu_core/if_id_inst/hold_pred_target_reg[3]_i_7
INFO: [Physopt 32-662] Processed net student_top_inst/Core_cpu/cpu_core/if_id_inst/b_imm_inst__25_n_0.  Did not re-place instance student_top_inst/Core_cpu/cpu_core/if_id_inst/b_imm_inst__25
INFO: [Physopt 32-662] Processed net student_top_inst/Core_cpu/cpu_core/branch_predictor_inst/bp_fetch_pc_r_reg[30][30].  Did not re-place instance student_top_inst/Core_cpu/cpu_core/branch_predictor_inst/hold_pred_target_reg[30]_i_1
INFO: [Physopt 32-663] Processed net student_top_inst/Core_cpu/cpu_core/id_ex_inst/mtvec_r_reg[31][30].  Re-placed instance student_top_inst/Core_cpu/cpu_core/id_ex_inst/pc_o[30]_i_2
INFO: [Physopt 32-662] Processed net student_top_inst/Core_cpu/cpu_core/if_id_inst/b_imm_inst__28_n_0.  Did not re-place instance student_top_inst/Core_cpu/cpu_core/if_id_inst/b_imm_inst__28
INFO: [Physopt 32-663] Processed net student_top_inst/Core_cpu/cpu_core/if_id_inst/pred_target_o_reg[30]_0.  Re-placed instance student_top_inst/Core_cpu/cpu_core/if_id_inst/pc_o[30]_i_5
INFO: [Physopt 32-662] Processed net student_top_inst/Core_cpu/cpu_core/pc_reg_inst/Q[30].  Did not re-place instance student_top_inst/Core_cpu/cpu_core/pc_reg_inst/pc_o_reg[30]
INFO: [Physopt 32-662] Processed net student_top_inst/Core_cpu/cpu_core/if_id_inst/b_imm_inst__26_n_0.  Did not re-place instance student_top_inst/Core_cpu/cpu_core/if_id_inst/b_imm_inst__26
INFO: [Physopt 32-662] Processed net student_top_inst/Core_cpu/cpu_core/if_id_inst/hold_pred_target_reg[11]_i_6_n_0.  Did not re-place instance student_top_inst/Core_cpu/cpu_core/if_id_inst/hold_pred_target_reg[11]_i_6
INFO: [Physopt 32-662] Processed net student_top_inst/Core_cpu/cpu_core/branch_predictor_inst/bp_fetch_pc_r_reg[30][31].  Did not re-place instance student_top_inst/Core_cpu/cpu_core/branch_predictor_inst/hold_pred_target_reg[31]_i_1
INFO: [Physopt 32-663] Processed net student_top_inst/Core_cpu/cpu_core/id_ex_inst/mtvec_r_reg[31][31].  Re-placed instance student_top_inst/Core_cpu/cpu_core/id_ex_inst/pc_o[31]_i_1
INFO: [Physopt 32-662] Processed net student_top_inst/Core_cpu/cpu_core/if_id_inst/pred_target_o_reg[31]_0.  Did not re-place instance student_top_inst/Core_cpu/cpu_core/if_id_inst/pc_o[31]_i_4
INFO: [Physopt 32-662] Processed net student_top_inst/Core_cpu/cpu_core/pc_reg_inst/Q[31].  Did not re-place instance student_top_inst/Core_cpu/cpu_core/pc_reg_inst/pc_o_reg[31]
INFO: [Physopt 32-662] Processed net student_top_inst/Core_cpu/cpu_core/if_id_inst/b_imm_inst__27_n_0.  Did not re-place instance student_top_inst/Core_cpu/cpu_core/if_id_inst/b_imm_inst__27
INFO: [Physopt 32-662] Processed net student_top_inst/Core_cpu/cpu_core/if_id_inst/hold_pred_target_reg[7]_i_4_n_0.  Did not re-place instance student_top_inst/Core_cpu/cpu_core/if_id_inst/hold_pred_target_reg[7]_i_4
INFO: [Physopt 32-662] Processed net student_top_inst/Core_cpu/cpu_core/if_id_inst/b_imm_inst__29_n_0.  Did not re-place instance student_top_inst/Core_cpu/cpu_core/if_id_inst/b_imm_inst__29
INFO: [Physopt 32-662] Processed net student_top_inst/Core_cpu/cpu_core/branch_predictor_inst/bp_fetch_pc_r_reg[30][23].  Did not re-place instance student_top_inst/Core_cpu/cpu_core/branch_predictor_inst/hold_pred_target_reg[23]_i_1
INFO: [Physopt 32-663] Processed net student_top_inst/Core_cpu/cpu_core/id_ex_inst/mtvec_r_reg[31][23].  Re-placed instance student_top_inst/Core_cpu/cpu_core/id_ex_inst/pc_o[23]_i_1
INFO: [Physopt 32-663] Processed net student_top_inst/Core_cpu/cpu_core/if_id_inst/pred_target_o_reg[23]_0.  Re-placed instance student_top_inst/Core_cpu/cpu_core/if_id_inst/pc_o[23]_i_4
INFO: [Physopt 32-662] Processed net student_top_inst/Core_cpu/cpu_core/pc_reg_inst/Q[23].  Did not re-place instance student_top_inst/Core_cpu/cpu_core/pc_reg_inst/pc_o_reg[23]
INFO: [Physopt 32-662] Processed net student_top_inst/Core_cpu/cpu_core/if_id_inst/b_imm_inst__21_n_0.  Did not re-place instance student_top_inst/Core_cpu/cpu_core/if_id_inst/b_imm_inst__21
INFO: [Physopt 32-662] Processed net student_top_inst/Core_cpu/cpu_core/if_id_inst/j_imm_inst__9_n_0.  Did not re-place instance student_top_inst/Core_cpu/cpu_core/if_id_inst/j_imm_inst__9
INFO: [Physopt 32-662] Processed net student_top_inst/Core_cpu/cpu_core/branch_predictor_inst/bp_fetch_pc_r_reg[30][26].  Did not re-place instance student_top_inst/Core_cpu/cpu_core/branch_predictor_inst/hold_pred_target_reg[26]_i_1
INFO: [Physopt 32-662] Processed net student_top_inst/Core_cpu/cpu_core/id_ex_inst/mtvec_r_reg[31][26].  Did not re-place instance student_top_inst/Core_cpu/cpu_core/id_ex_inst/pc_o[26]_i_1
INFO: [Physopt 32-662] Processed net student_top_inst/Core_cpu/cpu_core/if_id_inst/pred_target_o_reg[26]_0.  Did not re-place instance student_top_inst/Core_cpu/cpu_core/if_id_inst/pc_o[26]_i_4
INFO: [Physopt 32-662] Processed net student_top_inst/Core_cpu/cpu_core/pc_reg_inst/Q[26].  Did not re-place instance student_top_inst/Core_cpu/cpu_core/pc_reg_inst/pc_o_reg[26]
INFO: [Physopt 32-662] Processed net student_top_inst/Core_cpu/cpu_core/if_id_inst/j_imm_inst__15_n_0.  Did not re-place instance student_top_inst/Core_cpu/cpu_core/if_id_inst/j_imm_inst__15
INFO: [Physopt 32-662] Processed net student_top_inst/Core_cpu/cpu_core/if_id_inst/b_imm_inst__17_n_0.  Did not re-place instance student_top_inst/Core_cpu/cpu_core/if_id_inst/b_imm_inst__17
INFO: [Physopt 32-662] Processed net student_top_inst/Core_cpu/cpu_core/if_id_inst/b_imm_inst__23_n_0.  Did not re-place instance student_top_inst/Core_cpu/cpu_core/if_id_inst/b_imm_inst__23
INFO: [Physopt 32-662] Processed net student_top_inst/Core_cpu/cpu_core/if_id_inst/b_imm_inst__18_n_0.  Did not re-place instance student_top_inst/Core_cpu/cpu_core/if_id_inst/b_imm_inst__18
INFO: [Physopt 32-662] Processed net student_top_inst/Core_cpu/cpu_core/if_id_inst/hold_pred_target_reg[11]_i_5_n_0.  Did not re-place instance student_top_inst/Core_cpu/cpu_core/if_id_inst/hold_pred_target_reg[11]_i_5
INFO: [Physopt 32-662] Processed net student_top_inst/Core_cpu/cpu_core/if_id_inst/b_imm_inst__20_n_0.  Did not re-place instance student_top_inst/Core_cpu/cpu_core/if_id_inst/b_imm_inst__20
INFO: [Physopt 32-662] Processed net student_top_inst/Core_cpu/cpu_core/if_id_inst/hold_pred_target_reg[7]_i_6_n_0.  Did not re-place instance student_top_inst/Core_cpu/cpu_core/if_id_inst/hold_pred_target_reg[7]_i_6
INFO: [Physopt 32-662] Processed net student_top_inst/Core_cpu/cpu_core/if_id_inst/hold_pred_target_reg[7]_i_7_n_0.  Did not re-place instance student_top_inst/Core_cpu/cpu_core/if_id_inst/hold_pred_target_reg[7]_i_7
INFO: [Physopt 32-662] Processed net student_top_inst/Core_cpu/cpu_core/branch_predictor_inst/bp_fetch_pc_r_reg[30][25].  Did not re-place instance student_top_inst/Core_cpu/cpu_core/branch_predictor_inst/hold_pred_target_reg[25]_i_1
INFO: [Physopt 32-662] Processed net student_top_inst/Core_cpu/cpu_core/id_ex_inst/mtvec_r_reg[31][25].  Did not re-place instance student_top_inst/Core_cpu/cpu_core/id_ex_inst/pc_o[25]_i_1
INFO: [Physopt 32-662] Processed net student_top_inst/Core_cpu/cpu_core/if_id_inst/pred_target_o_reg[25]_0.  Did not re-place instance student_top_inst/Core_cpu/cpu_core/if_id_inst/pc_o[25]_i_4
INFO: [Physopt 32-662] Processed net student_top_inst/Core_cpu/cpu_core/pc_reg_inst/Q[25].  Did not re-place instance student_top_inst/Core_cpu/cpu_core/pc_reg_inst/pc_o_reg[25]
INFO: [Physopt 32-662] Processed net student_top_inst/Core_cpu/cpu_core/branch_predictor_inst/bp_fetch_pc_r_reg[30][21].  Did not re-place instance student_top_inst/Core_cpu/cpu_core/branch_predictor_inst/hold_pred_target_reg[21]_i_1
INFO: [Physopt 32-663] Processed net student_top_inst/Core_cpu/cpu_core/id_ex_inst/mtvec_r_reg[31][21].  Re-placed instance student_top_inst/Core_cpu/cpu_core/id_ex_inst/pc_o[21]_i_1
INFO: [Physopt 32-663] Processed net student_top_inst/Core_cpu/cpu_core/id_ex_inst/mtvec_r_reg[31][24].  Re-placed instance student_top_inst/Core_cpu/cpu_core/id_ex_inst/pc_o[24]_i_1
INFO: [Physopt 32-663] Processed net student_top_inst/Core_cpu/cpu_core/if_id_inst/pred_target_o_reg[21]_0.  Re-placed instance student_top_inst/Core_cpu/cpu_core/if_id_inst/pc_o[21]_i_4
INFO: [Physopt 32-662] Processed net student_top_inst/Core_cpu/cpu_core/if_id_inst/pred_target_o_reg[24]_0.  Did not re-place instance student_top_inst/Core_cpu/cpu_core/if_id_inst/pc_o[24]_i_4
INFO: [Physopt 32-662] Processed net student_top_inst/Core_cpu/cpu_core/pc_reg_inst/Q[21].  Did not re-place instance student_top_inst/Core_cpu/cpu_core/pc_reg_inst/pc_o_reg[21]
INFO: [Physopt 32-662] Processed net student_top_inst/Core_cpu/cpu_core/pc_reg_inst/Q[24].  Did not re-place instance student_top_inst/Core_cpu/cpu_core/pc_reg_inst/pc_o_reg[24]
INFO: [Physopt 32-662] Processed net student_top_inst/Core_cpu/cpu_core/if_id_inst/j_imm_inst__14_n_0.  Did not re-place instance student_top_inst/Core_cpu/cpu_core/if_id_inst/j_imm_inst__14
INFO: [Physopt 32-662] Processed net student_top_inst/Core_cpu/cpu_core/branch_predictor_inst/branch_pred_taken_w.  Did not re-place instance student_top_inst/Core_cpu/cpu_core/branch_predictor_inst/b_imm_inst__30
INFO: [Physopt 32-662] Processed net student_top_inst/Core_cpu/cpu_core/branch_predictor_inst/bp_fetch_pc_r_reg[30][24].  Did not re-place instance student_top_inst/Core_cpu/cpu_core/branch_predictor_inst/hold_pred_target_reg[24]_i_1
INFO: [Physopt 32-662] Processed net student_top_inst/Core_cpu/cpu_core/if_id_inst/hold_pred_target_reg[23]_i_4_n_0.  Did not re-place instance student_top_inst/Core_cpu/cpu_core/if_id_inst/hold_pred_target_reg[23]_i_4
INFO: [Physopt 32-662] Processed net student_top_inst/Core_cpu/cpu_core/if_id_inst/b_imm_inst__13_n_0.  Did not re-place instance student_top_inst/Core_cpu/cpu_core/if_id_inst/b_imm_inst__13
INFO: [Physopt 32-662] Processed net student_top_inst/Core_cpu/cpu_core/branch_predictor_inst/bp_fetch_pc_r_reg[30][22].  Did not re-place instance student_top_inst/Core_cpu/cpu_core/branch_predictor_inst/hold_pred_target_reg[22]_i_1
INFO: [Physopt 32-662] Processed net student_top_inst/Core_cpu/cpu_core/id_ex_inst/mtvec_r_reg[31][22].  Did not re-place instance student_top_inst/Core_cpu/cpu_core/id_ex_inst/pc_o[22]_i_2
INFO: [Physopt 32-662] Processed net student_top_inst/Core_cpu/cpu_core/if_id_inst/pred_target_o_reg[22]_0.  Did not re-place instance student_top_inst/Core_cpu/cpu_core/if_id_inst/pc_o[22]_i_5
INFO: [Physopt 32-662] Processed net student_top_inst/Core_cpu/cpu_core/pc_reg_inst/Q[22].  Did not re-place instance student_top_inst/Core_cpu/cpu_core/pc_reg_inst/pc_o_reg[22]
INFO: [Physopt 32-662] Processed net student_top_inst/Core_cpu/cpu_core/if_id_inst/hold_pred_target_reg[3]_i_6_n_0.  Did not re-place instance student_top_inst/Core_cpu/cpu_core/if_id_inst/hold_pred_target_reg[3]_i_6
INFO: [Physopt 32-662] Processed net student_top_inst/Core_cpu/cpu_core/if_id_inst/b_imm_inst__14_n_0.  Did not re-place instance student_top_inst/Core_cpu/cpu_core/if_id_inst/b_imm_inst__14
INFO: [Physopt 32-662] Processed net student_top_inst/Core_cpu/cpu_core/if_id_inst/b_imm_inst__16_n_0.  Did not re-place instance student_top_inst/Core_cpu/cpu_core/if_id_inst/b_imm_inst__16
INFO: [Physopt 32-662] Processed net student_top_inst/Core_cpu/cpu_core/if_id_inst/b_imm_inst__15_n_0.  Did not re-place instance student_top_inst/Core_cpu/cpu_core/if_id_inst/b_imm_inst__15
INFO: [Physopt 32-662] Processed net student_top_inst/Core_cpu/cpu_core/branch_predictor_inst/bp_fetch_pc_r_reg[30][17].  Did not re-place instance student_top_inst/Core_cpu/cpu_core/branch_predictor_inst/hold_pred_target_reg[17]_i_1
INFO: [Physopt 32-662] Processed net student_top_inst/Core_cpu/cpu_core/id_ex_inst/mtvec_r_reg[31][17].  Did not re-place instance student_top_inst/Core_cpu/cpu_core/id_ex_inst/pc_o[17]_i_1
INFO: [Physopt 32-663] Processed net student_top_inst/Core_cpu/cpu_core/if_id_inst/pred_target_o_reg[17]_0.  Re-placed instance student_top_inst/Core_cpu/cpu_core/if_id_inst/pc_o[17]_i_4
INFO: [Physopt 32-662] Processed net student_top_inst/Core_cpu/cpu_core/pc_reg_inst/Q[17].  Did not re-place instance student_top_inst/Core_cpu/cpu_core/pc_reg_inst/pc_o_reg[17]
INFO: [Physopt 32-662] Processed net student_top_inst/Core_cpu/cpu_core/if_id_inst/pc_jump_en_o.  Did not re-place instance student_top_inst/Core_cpu/cpu_core/if_id_inst/pc_o[31]_i_6
INFO: [Physopt 32-662] Processed net student_top_inst/Core_cpu/cpu_core/if_id_inst/b_imm_inst__24_n_0.  Did not re-place instance student_top_inst/Core_cpu/cpu_core/if_id_inst/b_imm_inst__24
INFO: [Physopt 32-662] Processed net student_top_inst/Core_cpu/cpu_core/if_id_inst/hold_pred_target_reg[3]_i_5_n_0.  Did not re-place instance student_top_inst/Core_cpu/cpu_core/if_id_inst/hold_pred_target_reg[3]_i_5
INFO: [Physopt 32-662] Processed net student_top_inst/Core_cpu/cpu_core/branch_predictor_inst/bp_fetch_pc_r_reg[30][15].  Did not re-place instance student_top_inst/Core_cpu/cpu_core/branch_predictor_inst/hold_pred_target_reg[15]_i_1
INFO: [Physopt 32-662] Processed net student_top_inst/Core_cpu/cpu_core/branch_predictor_inst/bp_fetch_pc_r_reg[30][20].  Did not re-place instance student_top_inst/Core_cpu/cpu_core/branch_predictor_inst/hold_pred_target_reg[20]_i_1
INFO: [Physopt 32-662] Processed net student_top_inst/Core_cpu/cpu_core/id_ex_inst/mtvec_r_reg[31][15].  Did not re-place instance student_top_inst/Core_cpu/cpu_core/id_ex_inst/pc_o[15]_i_1
INFO: [Physopt 32-662] Processed net student_top_inst/Core_cpu/cpu_core/id_ex_inst/mtvec_r_reg[31][20].  Did not re-place instance student_top_inst/Core_cpu/cpu_core/id_ex_inst/pc_o[20]_i_1
INFO: [Physopt 32-662] Processed net student_top_inst/Core_cpu/cpu_core/if_id_inst/pred_target_o_reg[15]_0.  Did not re-place instance student_top_inst/Core_cpu/cpu_core/if_id_inst/pc_o[15]_i_4
INFO: [Physopt 32-662] Processed net student_top_inst/Core_cpu/cpu_core/if_id_inst/pred_target_o_reg[20]_0.  Did not re-place instance student_top_inst/Core_cpu/cpu_core/if_id_inst/pc_o[20]_i_4
INFO: [Physopt 32-662] Processed net student_top_inst/Core_cpu/cpu_core/pc_reg_inst/Q[15].  Did not re-place instance student_top_inst/Core_cpu/cpu_core/pc_reg_inst/pc_o_reg[15]
INFO: [Physopt 32-662] Processed net student_top_inst/Core_cpu/cpu_core/pc_reg_inst/Q[20].  Did not re-place instance student_top_inst/Core_cpu/cpu_core/pc_reg_inst/pc_o_reg[20]
INFO: [Physopt 32-662] Processed net student_top_inst/Core_cpu/cpu_core/if_id_inst/hold_pred_target_reg[7]_i_5_n_0.  Did not re-place instance student_top_inst/Core_cpu/cpu_core/if_id_inst/hold_pred_target_reg[7]_i_5
INFO: [Physopt 32-662] Processed net student_top_inst/Core_cpu/cpu_core/if_id_inst/b_imm_inst__5_n_0.  Did not re-place instance student_top_inst/Core_cpu/cpu_core/if_id_inst/b_imm_inst__5
INFO: [Physopt 32-662] Processed net student_top_inst/Core_cpu/cpu_core/branch_predictor_inst/bp_fetch_pc_r_reg[30][19].  Did not re-place instance student_top_inst/Core_cpu/cpu_core/branch_predictor_inst/hold_pred_target_reg[19]_i_1
INFO: [Physopt 32-662] Processed net student_top_inst/Core_cpu/cpu_core/id_ex_inst/mtvec_r_reg[31][19].  Did not re-place instance student_top_inst/Core_cpu/cpu_core/id_ex_inst/pc_o[19]_i_1
INFO: [Physopt 32-662] Processed net student_top_inst/Core_cpu/cpu_core/if_id_inst/pred_target_o_reg[19]_0.  Did not re-place instance student_top_inst/Core_cpu/cpu_core/if_id_inst/pc_o[19]_i_4
INFO: [Physopt 32-662] Processed net student_top_inst/Core_cpu/cpu_core/pc_reg_inst/Q[19].  Did not re-place instance student_top_inst/Core_cpu/cpu_core/pc_reg_inst/pc_o_reg[19]
INFO: [Physopt 32-662] Processed net student_top_inst/Core_cpu/cpu_core/if_id_inst/j_imm_inst__8_n_0.  Did not re-place instance student_top_inst/Core_cpu/cpu_core/if_id_inst/j_imm_inst__8
INFO: [Physopt 32-662] Processed net student_top_inst/Core_cpu/cpu_core/if_id_inst/j_imm_inst__7_n_0.  Did not re-place instance student_top_inst/Core_cpu/cpu_core/if_id_inst/j_imm_inst__7
INFO: [Physopt 32-662] Processed net student_top_inst/Core_cpu/cpu_core/ex_mem_inst/dff_inst/done_r_reg_rep__41_0.  Did not re-place instance student_top_inst/Core_cpu/cpu_core/ex_mem_inst/dff_inst/flush_ifid_o_inst_i_4
INFO: [Physopt 32-663] Processed net student_top_inst/Core_cpu/cpu_core/if_id_inst/id_use_rs2_o.  Re-placed instance student_top_inst/Core_cpu/cpu_core/if_id_inst/use_rs2_o_i_2
INFO: [Physopt 32-662] Processed net student_top_inst/Core_cpu/cpu_core/if_id_inst/op1_o[31]_i_8_n_0.  Did not re-place instance student_top_inst/Core_cpu/cpu_core/if_id_inst/op1_o[31]_i_8
INFO: [Physopt 32-662] Processed net student_top_inst/Core_cpu/cpu_core/if_id_inst/inst_o_reg[5]_rep__11.  Did not re-place instance student_top_inst/Core_cpu/cpu_core/if_id_inst/flush_ifid_o_inst_i_8
INFO: [Physopt 32-662] Processed net student_top_inst/Core_cpu/cpu_core/if_id_inst/data_o_reg[6].  Did not re-place instance student_top_inst/Core_cpu/cpu_core/if_id_inst/is_holding_reg_i_2
INFO: [Physopt 32-663] Processed net student_top_inst/Core_cpu/cpu_core/if_id_inst/if_id_inst_o[1].  Re-placed instance student_top_inst/Core_cpu/cpu_core/if_id_inst/inst_o_reg[1]
INFO: [Physopt 32-662] Processed net student_top_inst/Core_cpu/cpu_core/id_ex_inst/inst_o_reg[6]_rep__12_0.  Did not re-place instance student_top_inst/Core_cpu/cpu_core/id_ex_inst/flush_ifid_o_inst_i_17
INFO: [Physopt 32-662] Processed net student_top_inst/Core_cpu/cpu_core/if_id_inst/flush_ifid_o_inst_i_21_n_0.  Did not re-place instance student_top_inst/Core_cpu/cpu_core/if_id_inst/flush_ifid_o_inst_i_21
INFO: [Physopt 32-662] Processed net student_top_inst/Core_cpu/cpu_core/pc_reg_inst/pc_o[4]_i_8_n_0.  Did not re-place instance student_top_inst/Core_cpu/cpu_core/pc_reg_inst/pc_o[4]_i_8
INFO: [Physopt 32-662] Processed net student_top_inst/Core_cpu/cpu_core/if_id_inst/b_imm_inst__6_n_0.  Did not re-place instance student_top_inst/Core_cpu/cpu_core/if_id_inst/b_imm_inst__6
INFO: [Physopt 32-662] Processed net student_top_inst/Core_cpu/cpu_core/id_ex_inst/ex_jump_en_o.  Did not re-place instance student_top_inst/Core_cpu/cpu_core/id_ex_inst/jump_en_d1_i_1
INFO: [Physopt 32-663] Processed net student_top_inst/Core_cpu/cpu_core/id_ex_inst/base_addr_o_reg[31]_0[8].  Re-placed instance student_top_inst/Core_cpu/cpu_core/id_ex_inst/base_addr_o_reg[8]
INFO: [Physopt 32-663] Processed net student_top_inst/Core_cpu/cpu_core/id_ex_inst/jump_en_d1_i_2_n_0.  Re-placed instance student_top_inst/Core_cpu/cpu_core/id_ex_inst/jump_en_d1_i_2
INFO: [Physopt 32-662] Processed net student_top_inst/Core_cpu/cpu_core/id_ex_inst/jump_en_d1_i_9_n_0.  Did not re-place instance student_top_inst/Core_cpu/cpu_core/id_ex_inst/jump_en_d1_i_9
INFO: [Physopt 32-662] Processed net student_top_inst/Core_cpu/cpu_core/id_ex_inst/pc_o[11]_i_11_n_0.  Did not re-place instance student_top_inst/Core_cpu/cpu_core/id_ex_inst/pc_o[11]_i_11
INFO: [Physopt 32-662] Processed net student_top_inst/Core_cpu/cpu_core/if_id_inst/id_use_rs1_o.  Did not re-place instance student_top_inst/Core_cpu/cpu_core/if_id_inst/use_rs1_o_i_2
INFO: [Physopt 32-663] Processed net student_top_inst/Core_cpu/cpu_core/if_id_inst/use_rs1_o_i_4_n_0.  Re-placed instance student_top_inst/Core_cpu/cpu_core/if_id_inst/use_rs1_o_i_4
INFO: [Physopt 32-662] Processed net student_top_inst/Core_cpu/cpu_core/branch_predictor_inst/bp_fetch_pc_r_reg[30][18].  Did not re-place instance student_top_inst/Core_cpu/cpu_core/branch_predictor_inst/hold_pred_target_reg[18]_i_1
INFO: [Physopt 32-662] Processed net student_top_inst/Core_cpu/cpu_core/id_ex_inst/mtvec_r_reg[31][18].  Did not re-place instance student_top_inst/Core_cpu/cpu_core/id_ex_inst/pc_o[18]_i_1
INFO: [Physopt 32-662] Processed net student_top_inst/Core_cpu/cpu_core/if_id_inst/b_imm_inst__8_n_0.  Did not re-place instance student_top_inst/Core_cpu/cpu_core/if_id_inst/b_imm_inst__8
INFO: [Physopt 32-662] Processed net student_top_inst/Core_cpu/cpu_core/if_id_inst/pred_target_o_reg[18]_0.  Did not re-place instance student_top_inst/Core_cpu/cpu_core/if_id_inst/pc_o[18]_i_4
INFO: [Physopt 32-662] Processed net student_top_inst/Core_cpu/cpu_core/pc_reg_inst/Q[18].  Did not re-place instance student_top_inst/Core_cpu/cpu_core/pc_reg_inst/pc_o_reg[18]
INFO: [Physopt 32-662] Processed net student_top_inst/Core_cpu/cpu_core/if_id_inst/b_imm_inst__7_n_0.  Did not re-place instance student_top_inst/Core_cpu/cpu_core/if_id_inst/b_imm_inst__7
INFO: [Physopt 32-662] Processed net student_top_inst/Core_cpu/cpu_core/if_id_inst/pred_target_o[27]_i_1_n_0.  Did not re-place instance student_top_inst/Core_cpu/cpu_core/if_id_inst/pred_target_o[27]_i_1
INFO: [Physopt 32-662] Processed net student_top_inst/Core_cpu/cpu_core/if_id_inst/if_id_pred_target_o[27].  Did not re-place instance student_top_inst/Core_cpu/cpu_core/if_id_inst/pred_target_o_reg[27]
INFO: [Physopt 32-662] Processed net student_top_inst/Core_cpu/cpu_core/ctrl_inst/jump_en_d1_reg_rep__2_2.  Did not re-place instance student_top_inst/Core_cpu/cpu_core/ctrl_inst/flush_ifid_o_inst__0
INFO: [Physopt 32-662] Processed net student_top_inst/Core_cpu/cpu_core/if_id_inst/if_id_pred_target_o[25].  Did not re-place instance student_top_inst/Core_cpu/cpu_core/if_id_inst/pred_target_o_reg[25]
INFO: [Physopt 32-663] Processed net student_top_inst/Core_cpu/cpu_core/id_ex_inst/jump_offset_o_reg[31]_0[0].  Re-placed instance student_top_inst/Core_cpu/cpu_core/id_ex_inst/jump_offset_o_reg[0]
INFO: [Physopt 32-662] Processed net student_top_inst/Core_cpu/cpu_core/id_ex_inst/pc_o[3]_i_11_n_0.  Did not re-place instance student_top_inst/Core_cpu/cpu_core/id_ex_inst/pc_o[3]_i_11
INFO: [Physopt 32-662] Processed net student_top_inst/Core_cpu/cpu_core/if_id_inst/j_imm_inst__5_n_0.  Did not re-place instance student_top_inst/Core_cpu/cpu_core/if_id_inst/j_imm_inst__5
INFO: [Physopt 32-662] Processed net student_top_inst/Core_cpu/cpu_core/if_id_inst/j_imm_inst__11_n_0.  Did not re-place instance student_top_inst/Core_cpu/cpu_core/if_id_inst/j_imm_inst__11
INFO: [Physopt 32-662] Processed net student_top_inst/Core_cpu/cpu_core/if_id_inst/b_imm_inst__19_n_0.  Did not re-place instance student_top_inst/Core_cpu/cpu_core/if_id_inst/b_imm_inst__19
INFO: [Physopt 32-662] Processed net student_top_inst/Core_cpu/cpu_core/if_id_inst/hold_pred_target_reg[25].  Did not re-place instance student_top_inst/Core_cpu/cpu_core/if_id_inst/hold_pred_target_reg_reg[25]
INFO: [Physopt 32-662] Processed net student_top_inst/Core_cpu/cpu_core/if_id_inst/hold_pred_target_reg[27].  Did not re-place instance student_top_inst/Core_cpu/cpu_core/if_id_inst/hold_pred_target_reg_reg[27]
INFO: [Physopt 32-662] Processed net student_top_inst/Core_cpu/cpu_core/if_id_inst/b_imm_inst__9_n_0.  Did not re-place instance student_top_inst/Core_cpu/cpu_core/if_id_inst/b_imm_inst__9
INFO: [Physopt 32-662] Processed net student_top_inst/Core_cpu/cpu_core/if_id_inst/j_imm_inst__6_n_0.  Did not re-place instance student_top_inst/Core_cpu/cpu_core/if_id_inst/j_imm_inst__6
INFO: [Physopt 32-663] Processed net student_top_inst/Core_cpu/cpu_core/if_id_inst/if_id_inst_o[3].  Re-placed instance student_top_inst/Core_cpu/cpu_core/if_id_inst/inst_o_reg[3]
INFO: [Physopt 32-662] Processed net student_top_inst/Core_cpu/cpu_core/if_id_inst/data_o_reg[6]_0.  Did not re-place instance student_top_inst/Core_cpu/cpu_core/if_id_inst/flush_ifid_o_inst_i_1
INFO: [Physopt 32-662] Processed net student_top_inst/Core_cpu/cpu_core/id_ex_inst/jump_en_d1_i_12_n_0.  Did not re-place instance student_top_inst/Core_cpu/cpu_core/id_ex_inst/jump_en_d1_i_12
INFO: [Physopt 32-662] Processed net student_top_inst/Core_cpu/cpu_core/if_id_inst/b_imm_inst__10_n_0.  Did not re-place instance student_top_inst/Core_cpu/cpu_core/if_id_inst/b_imm_inst__10
INFO: [Physopt 32-662] Processed net student_top_inst/Core_cpu/cpu_core/branch_predictor_inst/bp_fetch_pc_r_reg[30][16].  Did not re-place instance student_top_inst/Core_cpu/cpu_core/branch_predictor_inst/hold_pred_target_reg[16]_i_1
INFO: [Physopt 32-662] Processed net student_top_inst/Core_cpu/cpu_core/id_ex_inst/mtvec_r_reg[31][16].  Did not re-place instance student_top_inst/Core_cpu/cpu_core/id_ex_inst/pc_o[16]_i_1
INFO: [Physopt 32-662] Processed net student_top_inst/Core_cpu/cpu_core/if_id_inst/pred_target_o_reg[16]_0.  Did not re-place instance student_top_inst/Core_cpu/cpu_core/if_id_inst/pc_o[16]_i_4
INFO: [Physopt 32-662] Processed net student_top_inst/Core_cpu/cpu_core/pc_reg_inst/Q[16].  Did not re-place instance student_top_inst/Core_cpu/cpu_core/pc_reg_inst/pc_o_reg[16]
INFO: [Physopt 32-662] Processed net student_top_inst/Core_cpu/cpu_core/branch_predictor_inst/bp_fetch_pc_r_reg[30][14].  Did not re-place instance student_top_inst/Core_cpu/cpu_core/branch_predictor_inst/hold_pred_target_reg[14]_i_1
INFO: [Physopt 32-662] Processed net student_top_inst/Core_cpu/cpu_core/id_ex_inst/mtvec_r_reg[31][14].  Did not re-place instance student_top_inst/Core_cpu/cpu_core/id_ex_inst/pc_o[14]_i_2
INFO: [Physopt 32-662] Processed net student_top_inst/Core_cpu/cpu_core/if_id_inst/b_imm_inst__12_n_0.  Did not re-place instance student_top_inst/Core_cpu/cpu_core/if_id_inst/b_imm_inst__12
INFO: [Physopt 32-662] Processed net student_top_inst/Core_cpu/cpu_core/if_id_inst/pred_target_o_reg[14]_0.  Did not re-place instance student_top_inst/Core_cpu/cpu_core/if_id_inst/pc_o[14]_i_5
INFO: [Physopt 32-662] Processed net student_top_inst/Core_cpu/cpu_core/pc_reg_inst/Q[14].  Did not re-place instance student_top_inst/Core_cpu/cpu_core/pc_reg_inst/pc_o_reg[14]
INFO: [Physopt 32-662] Processed net student_top_inst/Core_cpu/cpu_core/if_id_inst/b_imm_inst__11_n_0.  Did not re-place instance student_top_inst/Core_cpu/cpu_core/if_id_inst/b_imm_inst__11
INFO: [Physopt 32-662] Processed net student_top_inst/Core_cpu/cpu_core/if_id_inst/pred_target_o[25]_i_1_n_0.  Did not re-place instance student_top_inst/Core_cpu/cpu_core/if_id_inst/pred_target_o[25]_i_1
INFO: [Physopt 32-662] Processed net student_top_inst/Core_cpu/cpu_core/id_ex_inst/jump_offset_o_reg[31]_0[1].  Did not re-place instance student_top_inst/Core_cpu/cpu_core/id_ex_inst/jump_offset_o_reg[1]
INFO: [Physopt 32-662] Processed net student_top_inst/Core_cpu/cpu_core/id_ex_inst/pc_o[3]_i_10_n_0.  Did not re-place instance student_top_inst/Core_cpu/cpu_core/id_ex_inst/pc_o[3]_i_10
INFO: [Physopt 32-662] Processed net student_top_inst/Core_cpu/cpu_core/if_id_inst/inst_o_reg[18]_1.  Did not re-place instance student_top_inst/Core_cpu/cpu_core/if_id_inst/flush_ifid_o_inst_i_20
INFO: [Physopt 32-662] Processed net student_top_inst/Core_cpu/cpu_core/mem1_mem2_inst/dff_inst/data_o_reg[3]_0.  Did not re-place instance student_top_inst/Core_cpu/cpu_core/mem1_mem2_inst/dff_inst/flush_ifid_o_inst_i_19
INFO: [Physopt 32-662] Processed net student_top_inst/Core_cpu/cpu_core/id_ex_inst/jump_en_d1_i_13_n_0.  Did not re-place instance student_top_inst/Core_cpu/cpu_core/id_ex_inst/jump_en_d1_i_13
INFO: [Physopt 32-662] Processed net student_top_inst/Core_cpu/cpu_core/id_ex_inst/jump_en_d1_i_15_n_0.  Did not re-place instance student_top_inst/Core_cpu/cpu_core/id_ex_inst/jump_en_d1_i_15
INFO: [Physopt 32-661] Optimized 22 nets.  Re-placed 22 instances.
INFO: [Physopt 32-775] End 1 Pass. Optimized 22 nets or cells. Created 0 new cell, deleted 0 existing cell and moved 22 existing cells
INFO: [Physopt 32-619] Estimated Timing Summary | WNS=-0.254 | TNS=-1.317 |
Netlist sorting complete. Time (s): cpu = 00:00:00 ; elapsed = 00:00:00.011 . Memory (MB): peak = 2272.652 ; gain = 0.000
Phase 4 Single Cell Placement Optimization | Checksum: 1167ace13

Time (s): cpu = 00:00:49 ; elapsed = 00:00:27 . Memory (MB): peak = 2272.652 ; gain = 0.000

Phase 5 Multi Cell Placement Optimization
INFO: [Physopt 32-660] Identified 100 candidate nets for placement-based optimization.
INFO: [Physopt 32-663] Processed net student_top_inst/Core_cpu/cpu_core/branch_predictor_inst/bp_fetch_pc_r_reg[30][27].  Re-placed instance student_top_inst/Core_cpu/cpu_core/branch_predictor_inst/hold_pred_target_reg[27]_i_1/O
INFO: [Physopt 32-662] Processed net student_top_inst/Core_cpu/cpu_core/id_ex_inst/mtvec_r_reg[31][27].  Did not re-place instance student_top_inst/Core_cpu/cpu_core/id_ex_inst/pc_o[27]_i_1/O
INFO: [Physopt 32-662] Processed net student_top_inst/Core_cpu/cpu_core/if_id_inst/pred_target_o_reg[27]_0.  Did not re-place instance student_top_inst/Core_cpu/cpu_core/if_id_inst/pc_o[27]_i_4/O
INFO: [Physopt 32-662] Processed net student_top_inst/Core_cpu/cpu_core/branch_predictor_inst/bp_fetch_pc_r_reg[30][30].  Did not re-place instance student_top_inst/Core_cpu/cpu_core/branch_predictor_inst/hold_pred_target_reg[30]_i_1/O
INFO: [Physopt 32-662] Processed net student_top_inst/Core_cpu/cpu_core/id_ex_inst/mtvec_r_reg[31][30].  Did not re-place instance student_top_inst/Core_cpu/cpu_core/id_ex_inst/pc_o[30]_i_2/O
INFO: [Physopt 32-662] Processed net student_top_inst/Core_cpu/cpu_core/if_id_inst/pred_target_o_reg[30]_0.  Did not re-place instance student_top_inst/Core_cpu/cpu_core/if_id_inst/pc_o[30]_i_5/O
INFO: [Physopt 32-662] Processed net student_top_inst/Core_cpu/cpu_core/branch_predictor_inst/bp_fetch_pc_r_reg[30][26].  Did not re-place instance student_top_inst/Core_cpu/cpu_core/branch_predictor_inst/hold_pred_target_reg[26]_i_1/O
INFO: [Physopt 32-662] Processed net student_top_inst/Core_cpu/cpu_core/id_ex_inst/mtvec_r_reg[31][26].  Did not re-place instance student_top_inst/Core_cpu/cpu_core/id_ex_inst/pc_o[26]_i_1/O
INFO: [Physopt 32-662] Processed net student_top_inst/Core_cpu/cpu_core/if_id_inst/pred_target_o_reg[26]_0.  Did not re-place instance student_top_inst/Core_cpu/cpu_core/if_id_inst/pc_o[26]_i_4/O
INFO: [Physopt 32-662] Processed net student_top_inst/Core_cpu/cpu_core/branch_predictor_inst/bp_fetch_pc_r_reg[30][29].  Did not re-place instance student_top_inst/Core_cpu/cpu_core/branch_predictor_inst/hold_pred_target_reg[29]_i_1/O
INFO: [Physopt 32-662] Processed net student_top_inst/Core_cpu/cpu_core/id_ex_inst/mtvec_r_reg[31][29].  Did not re-place instance student_top_inst/Core_cpu/cpu_core/id_ex_inst/pc_o[29]_i_1/O
INFO: [Physopt 32-662] Processed net student_top_inst/Core_cpu/cpu_core/if_id_inst/pred_target_o_reg[29]_0.  Did not re-place instance student_top_inst/Core_cpu/cpu_core/if_id_inst/pc_o[29]_i_4/O
INFO: [Physopt 32-662] Processed net student_top_inst/Core_cpu/cpu_core/branch_predictor_inst/bp_fetch_pc_r_reg[30][28].  Did not re-place instance student_top_inst/Core_cpu/cpu_core/branch_predictor_inst/hold_pred_target_reg[28]_i_1/O
INFO: [Physopt 32-662] Processed net student_top_inst/Core_cpu/cpu_core/id_ex_inst/mtvec_r_reg[31][28].  Did not re-place instance student_top_inst/Core_cpu/cpu_core/id_ex_inst/pc_o[28]_i_1/O
INFO: [Physopt 32-662] Processed net student_top_inst/Core_cpu/cpu_core/if_id_inst/pred_target_o_reg[28]_0.  Did not re-place instance student_top_inst/Core_cpu/cpu_core/if_id_inst/pc_o[28]_i_4/O
INFO: [Physopt 32-662] Processed net student_top_inst/Core_cpu/cpu_core/branch_predictor_inst/bp_fetch_pc_r_reg[30][25].  Did not re-place instance student_top_inst/Core_cpu/cpu_core/branch_predictor_inst/hold_pred_target_reg[25]_i_1/O
INFO: [Physopt 32-662] Processed net student_top_inst/Core_cpu/cpu_core/id_ex_inst/mtvec_r_reg[31][25].  Did not re-place instance student_top_inst/Core_cpu/cpu_core/id_ex_inst/pc_o[25]_i_1/O
INFO: [Physopt 32-662] Processed net student_top_inst/Core_cpu/cpu_core/if_id_inst/pred_target_o_reg[25]_0.  Did not re-place instance student_top_inst/Core_cpu/cpu_core/if_id_inst/pc_o[25]_i_4/O
INFO: [Physopt 32-662] Processed net student_top_inst/Core_cpu/cpu_core/branch_predictor_inst/bp_fetch_pc_r_reg[30][22].  Did not re-place instance student_top_inst/Core_cpu/cpu_core/branch_predictor_inst/hold_pred_target_reg[22]_i_1/O
INFO: [Physopt 32-662] Processed net student_top_inst/Core_cpu/cpu_core/id_ex_inst/mtvec_r_reg[31][22].  Did not re-place instance student_top_inst/Core_cpu/cpu_core/id_ex_inst/pc_o[22]_i_2/O
INFO: [Physopt 32-662] Processed net student_top_inst/Core_cpu/cpu_core/if_id_inst/pred_target_o_reg[22]_0.  Did not re-place instance student_top_inst/Core_cpu/cpu_core/if_id_inst/pc_o[22]_i_5/O
INFO: [Physopt 32-662] Processed net student_top_inst/Core_cpu/cpu_core/if_id_inst/bp_fetch_redirect.  Did not re-place instance student_top_inst/Core_cpu/cpu_core/if_id_inst/pc_o[31]_i_11/O
INFO: [Physopt 32-662] Processed net student_top_inst/Core_cpu/cpu_core/if_id_inst/bp_fetch_valid_r_reg.  Did not re-place instance student_top_inst/Core_cpu/cpu_core/if_id_inst/hold_pred_target_reg[31]_i_4/O
INFO: [Physopt 32-662] Processed net student_top_inst/Core_cpu/cpu_core/branch_predictor_inst/bp_pred_taken_o.  Did not re-place instance student_top_inst/Core_cpu/cpu_core/branch_predictor_inst/hold_pred_taken_reg_i_1/O
INFO: [Physopt 32-662] Processed net student_top_inst/Core_cpu/cpu_core/branch_predictor_inst/bp_fetch_pc_r_reg[30][31].  Did not re-place instance student_top_inst/Core_cpu/cpu_core/branch_predictor_inst/hold_pred_target_reg[31]_i_1/O
INFO: [Physopt 32-662] Processed net student_top_inst/Core_cpu/cpu_core/id_ex_inst/mtvec_r_reg[31][31].  Did not re-place instance student_top_inst/Core_cpu/cpu_core/id_ex_inst/pc_o[31]_i_1/O
INFO: [Physopt 32-662] Processed net student_top_inst/Core_cpu/cpu_core/if_id_inst/pred_target_o_reg[31]_0.  Did not re-place instance student_top_inst/Core_cpu/cpu_core/if_id_inst/pc_o[31]_i_4/O
INFO: [Physopt 32-662] Processed net student_top_inst/Core_cpu/cpu_core/branch_predictor_inst/bp_fetch_pc_r_reg[30][21].  Did not re-place instance student_top_inst/Core_cpu/cpu_core/branch_predictor_inst/hold_pred_target_reg[21]_i_1/O
INFO: [Physopt 32-662] Processed net student_top_inst/Core_cpu/cpu_core/id_ex_inst/mtvec_r_reg[31][21].  Did not re-place instance student_top_inst/Core_cpu/cpu_core/id_ex_inst/pc_o[21]_i_1/O
INFO: [Physopt 32-662] Processed net student_top_inst/Core_cpu/cpu_core/if_id_inst/pred_target_o_reg[21]_0.  Did not re-place instance student_top_inst/Core_cpu/cpu_core/if_id_inst/pc_o[21]_i_4/O
INFO: [Physopt 32-662] Processed net student_top_inst/Core_cpu/cpu_core/if_id_inst/pc_jump_en_o.  Did not re-place instance student_top_inst/Core_cpu/cpu_core/if_id_inst/pc_o[31]_i_6/O
INFO: [Physopt 32-662] Processed net student_top_inst/Core_cpu/cpu_core/branch_predictor_inst/bp_fetch_pc_r_reg[30][23].  Did not re-place instance student_top_inst/Core_cpu/cpu_core/branch_predictor_inst/hold_pred_target_reg[23]_i_1/O
INFO: [Physopt 32-663] Processed net student_top_inst/Core_cpu/cpu_core/id_ex_inst/mtvec_r_reg[31][23].  Re-placed instance student_top_inst/Core_cpu/cpu_core/id_ex_inst/pc_o[23]_i_1/O
INFO: [Physopt 32-662] Processed net student_top_inst/Core_cpu/cpu_core/branch_predictor_inst/bp_fetch_pc_r_reg[30][17].  Did not re-place instance student_top_inst/Core_cpu/cpu_core/branch_predictor_inst/hold_pred_target_reg[17]_i_1/O
INFO: [Physopt 32-662] Processed net student_top_inst/Core_cpu/cpu_core/id_ex_inst/mtvec_r_reg[31][17].  Did not re-place instance student_top_inst/Core_cpu/cpu_core/id_ex_inst/pc_o[17]_i_1/O
INFO: [Physopt 32-662] Processed net student_top_inst/Core_cpu/cpu_core/if_id_inst/pred_target_o_reg[17]_0.  Did not re-place instance student_top_inst/Core_cpu/cpu_core/if_id_inst/pc_o[17]_i_4/O
INFO: [Physopt 32-662] Processed net student_top_inst/Core_cpu/cpu_core/branch_predictor_inst/bp_fetch_pc_r_reg[30][15].  Did not re-place instance student_top_inst/Core_cpu/cpu_core/branch_predictor_inst/hold_pred_target_reg[15]_i_1/O
INFO: [Physopt 32-662] Processed net student_top_inst/Core_cpu/cpu_core/branch_predictor_inst/bp_fetch_pc_r_reg[30][20].  Did not re-place instance student_top_inst/Core_cpu/cpu_core/branch_predictor_inst/hold_pred_target_reg[20]_i_1/O
INFO: [Physopt 32-662] Processed net student_top_inst/Core_cpu/cpu_core/id_ex_inst/mtvec_r_reg[31][15].  Did not re-place instance student_top_inst/Core_cpu/cpu_core/id_ex_inst/pc_o[15]_i_1/O
INFO: [Physopt 32-662] Processed net student_top_inst/Core_cpu/cpu_core/id_ex_inst/mtvec_r_reg[31][20].  Did not re-place instance student_top_inst/Core_cpu/cpu_core/id_ex_inst/pc_o[20]_i_1/O
INFO: [Physopt 32-663] Processed net student_top_inst/Core_cpu/cpu_core/if_id_inst/pred_target_o_reg[15]_0.  Re-placed instance student_top_inst/Core_cpu/cpu_core/if_id_inst/pc_o[15]_i_4/O
INFO: [Physopt 32-662] Processed net student_top_inst/Core_cpu/cpu_core/if_id_inst/pred_target_o_reg[20]_0.  Did not re-place instance student_top_inst/Core_cpu/cpu_core/if_id_inst/pc_o[20]_i_4/O
INFO: [Physopt 32-662] Processed net student_top_inst/Core_cpu/cpu_core/id_ex_inst/mtvec_r_reg[31][24].  Did not re-place instance student_top_inst/Core_cpu/cpu_core/id_ex_inst/pc_o[24]_i_1/O
INFO: [Physopt 32-662] Processed net student_top_inst/Core_cpu/cpu_core/if_id_inst/pred_target_o_reg[24]_0.  Did not re-place instance student_top_inst/Core_cpu/cpu_core/if_id_inst/pc_o[24]_i_4/O
INFO: [Physopt 32-662] Processed net student_top_inst/Core_cpu/cpu_core/branch_predictor_inst/bp_fetch_pc_r_reg[30][24].  Did not re-place instance student_top_inst/Core_cpu/cpu_core/branch_predictor_inst/hold_pred_target_reg[24]_i_1/O
INFO: [Physopt 32-661] Optimized 3 nets.  Re-placed 6 instances.
INFO: [Physopt 32-775] End 1 Pass. Optimized 3 nets or cells. Created 0 new cell, deleted 0 existing cell and moved 6 existing cells
INFO: [Physopt 32-619] Estimated Timing Summary | WNS=-0.164 | TNS=-1.159 |
Netlist sorting complete. Time (s): cpu = 00:00:00 ; elapsed = 00:00:00.006 . Memory (MB): peak = 2272.652 ; gain = 0.000
Phase 5 Multi Cell Placement Optimization | Checksum: 14c7d0106

Time (s): cpu = 00:01:04 ; elapsed = 00:00:36 . Memory (MB): peak = 2272.652 ; gain = 0.000

Phase 6 Rewire
INFO: [Physopt 32-246] Starting Signal Push optimization...
INFO: [Physopt 32-77] Pass 1. Identified 2 candidate nets for rewire optimization.
INFO: [Physopt 32-134] Processed net student_top_inst/Core_cpu/cpu_core/if_id_inst/bp_fetch_valid_r_reg. Rewiring did not optimize the net.
INFO: [Physopt 32-134] Processed net student_top_inst/Core_cpu/cpu_core/branch_predictor_inst/bp_pred_taken_o. Rewiring did not optimize the net.
INFO: [Physopt 32-232] Optimized 0 net. Created 0 new instance.
INFO: [Physopt 32-775] End 1 Pass. Optimized 0 net or cell. Created 0 new cell, deleted 0 existing cell and moved 0 existing cell
Netlist sorting complete. Time (s): cpu = 00:00:00 ; elapsed = 00:00:00.011 . Memory (MB): peak = 2272.652 ; gain = 0.000
Netlist sorting complete. Time (s): cpu = 00:00:00 ; elapsed = 00:00:00.005 . Memory (MB): peak = 2272.652 ; gain = 0.000
Phase 6 Rewire | Checksum: 14c7d0106

Time (s): cpu = 00:01:05 ; elapsed = 00:00:36 . Memory (MB): peak = 2272.652 ; gain = 0.000

Phase 7 Critical Cell Optimization
INFO: [Physopt 32-46] Identified 30 candidate nets for critical-cell optimization.
INFO: [Physopt 32-572] Net student_top_inst/Core_cpu/cpu_core/branch_predictor_inst/bp_fetch_pc_r_reg[30][30] was not replicated.
Resolution: phys_opt_design can be forced to replicate a net driver using the option -force_replication_on_nets <list of net objects>.
INFO: [Physopt 32-601] Processed net student_top_inst/Core_cpu/cpu_core/branch_predictor_inst/bp_fetch_pc_r_reg[30][27]. Net driver student_top_inst/Core_cpu/cpu_core/branch_predictor_inst/hold_pred_target_reg[27]_i_1 was replaced.
INFO: [Physopt 32-572] Net student_top_inst/Core_cpu/cpu_core/branch_predictor_inst/bp_fetch_pc_r_reg[30][26] was not replicated.
Resolution: phys_opt_design can be forced to replicate a net driver using the option -force_replication_on_nets <list of net objects>.
INFO: [Physopt 32-571] Net student_top_inst/Core_cpu/cpu_core/branch_predictor_inst/bp_fetch_pc_r_reg[30][29] was not replicated.
INFO: [Physopt 32-572] Net student_top_inst/Core_cpu/cpu_core/branch_predictor_inst/bp_fetch_pc_r_reg[30][28] was not replicated.
Resolution: phys_opt_design can be forced to replicate a net driver using the option -force_replication_on_nets <list of net objects>.
INFO: [Physopt 32-571] Net student_top_inst/Core_cpu/cpu_core/branch_predictor_inst/bp_fetch_pc_r_reg[30][25] was not replicated.
INFO: [Physopt 32-572] Net student_top_inst/Core_cpu/cpu_core/branch_predictor_inst/bp_fetch_pc_r_reg[30][22] was not replicated.
Resolution: phys_opt_design can be forced to replicate a net driver using the option -force_replication_on_nets <list of net objects>.
INFO: [Physopt 32-571] Net student_top_inst/Core_cpu/cpu_core/if_id_inst/bp_fetch_valid_r_reg was not replicated.
INFO: [Physopt 32-572] Net student_top_inst/Core_cpu/cpu_core/branch_predictor_inst/bp_pred_taken_o was not replicated.
Resolution: phys_opt_design can be forced to replicate a net driver using the option -force_replication_on_nets <list of net objects>.
INFO: [Physopt 32-572] Net student_top_inst/Core_cpu/cpu_core/branch_predictor_inst/bp_fetch_pc_r_reg[30][31] was not replicated.
Resolution: phys_opt_design can be forced to replicate a net driver using the option -force_replication_on_nets <list of net objects>.
INFO: [Physopt 32-572] Net student_top_inst/Core_cpu/cpu_core/branch_predictor_inst/bp_fetch_pc_r_reg[30][21] was not replicated.
Resolution: phys_opt_design can be forced to replicate a net driver using the option -force_replication_on_nets <list of net objects>.
INFO: [Physopt 32-572] Net student_top_inst/Core_cpu/cpu_core/branch_predictor_inst/bp_fetch_pc_r_reg[30][17] was not replicated.
Resolution: phys_opt_design can be forced to replicate a net driver using the option -force_replication_on_nets <list of net objects>.
INFO: [Physopt 32-571] Net student_top_inst/Core_cpu/cpu_core/branch_predictor_inst/bp_fetch_pc_r_reg[30][20] was not replicated.
INFO: [Physopt 32-572] Net student_top_inst/Core_cpu/cpu_core/branch_predictor_inst/bp_fetch_pc_r_reg[30][15] was not replicated.
Resolution: phys_opt_design can be forced to replicate a net driver using the option -force_replication_on_nets <list of net objects>.
INFO: [Physopt 32-571] Net student_top_inst/Core_cpu/cpu_core/branch_predictor_inst/bp_fetch_pc_r_reg[30][24] was not replicated.
INFO: [Physopt 32-571] Net student_top_inst/Core_cpu/cpu_core/branch_predictor_inst/bp_fetch_pc_r_reg[30][19] was not replicated.
INFO: [Physopt 32-571] Net student_top_inst/Core_cpu/cpu_core/ex_mem_inst/dff_inst/done_r_reg_rep__41_0 was not replicated.
INFO: [Physopt 32-571] Net student_top_inst/Core_cpu/cpu_core/if_id_inst/id_use_rs1_o was not replicated.
INFO: [Physopt 32-571] Net student_top_inst/Core_cpu/cpu_core/if_id_inst/op1_o[31]_i_8_n_0 was not replicated.
INFO: [Physopt 32-571] Net student_top_inst/Core_cpu/cpu_core/if_id_inst/inst_o_reg[5]_rep__11 was not replicated.
INFO: [Physopt 32-571] Net student_top_inst/Core_cpu/cpu_core/if_id_inst/data_o_reg[6] was not replicated.
INFO: [Physopt 32-571] Net student_top_inst/Core_cpu/cpu_core/if_id_inst/if_id_inst_o[1] was not replicated.
INFO: [Physopt 32-571] Net student_top_inst/Core_cpu/cpu_core/branch_predictor_inst/bp_fetch_pc_r_reg[30][18] was not replicated.
INFO: [Physopt 32-571] Net student_top_inst/Core_cpu/cpu_core/if_id_inst/id_use_rs2_o was not replicated.
INFO: [Physopt 32-571] Net student_top_inst/Core_cpu/cpu_core/if_id_inst/if_id_inst_o[4] was not replicated.
INFO: [Physopt 32-571] Net student_top_inst/Core_cpu/cpu_core/if_id_inst/Q[0] was not replicated.
INFO: [Physopt 32-571] Net student_top_inst/Core_cpu/cpu_core/if_id_inst/if_id_inst_o[0] was not replicated.
INFO: [Physopt 32-571] Net student_top_inst/Core_cpu/cpu_core/branch_predictor_inst/bp_fetch_pc_r_reg[30][16] was not replicated.
INFO: [Physopt 32-571] Net student_top_inst/Core_cpu/cpu_core/id_ex_inst/ex_jump_en_o was not replicated.
INFO: [Physopt 32-571] Net student_top_inst/Core_cpu/cpu_core/id_ex_inst/jump_offset_o_reg[31]_0[0] was not replicated.
INFO: [Physopt 32-232] Optimized 1 net. Created 0 new instance.
INFO: [Physopt 32-775] End 1 Pass. Optimized 1 net or cell. Created 0 new cell, deleted 0 existing cell and moved 0 existing cell
INFO: [Physopt 32-619] Estimated Timing Summary | WNS=-0.164 | TNS=-1.164 |
Netlist sorting complete. Time (s): cpu = 00:00:00 ; elapsed = 00:00:00.007 . Memory (MB): peak = 2272.652 ; gain = 0.000
Phase 7 Critical Cell Optimization | Checksum: 198f624b8

Time (s): cpu = 00:01:10 ; elapsed = 00:00:38 . Memory (MB): peak = 2272.652 ; gain = 0.000

Phase 8 Fanout Optimization
INFO: [Physopt 32-76] Pass 1. Identified 13 candidate nets for fanout optimization.
INFO: [Physopt 32-572] Net student_top_inst/Core_cpu/cpu_core/if_id_inst/bp_fetch_redirect was not replicated.
Resolution: phys_opt_design can be forced to replicate a net driver using the option -force_replication_on_nets <list of net objects>.
INFO: [Physopt 32-572] Net student_top_inst/Core_cpu/cpu_core/if_id_inst/pc_jump_en_o was not replicated.
Resolution: phys_opt_design can be forced to replicate a net driver using the option -force_replication_on_nets <list of net objects>.
INFO: [Physopt 32-572] Net student_top_inst/Core_cpu/cpu_core/ctrl_inst/jump_en_d1_reg_rep__2_2 was not replicated.
Resolution: phys_opt_design can be forced to replicate a net driver using the option -force_replication_on_nets <list of net objects>.
INFO: [Physopt 32-572] Net student_top_inst/Core_cpu/cpu_core/id_ex_inst/forwarding_inst/base_sel was not replicated.
Resolution: phys_opt_design can be forced to replicate a net driver using the option -force_replication_on_nets <list of net objects>.
INFO: [Physopt 32-572] Net student_top_inst/Core_cpu/cpu_core/id_ex_inst/forwarding_inst/in04 was not replicated.
Resolution: phys_opt_design can be forced to replicate a net driver using the option -force_replication_on_nets <list of net objects>.
INFO: [Physopt 32-572] Net student_top_inst/Core_cpu/cpu_core/ex_mem_inst/dff_rd_addr/rs2_alu_match_ex_mem_inst_i_2_n_0 was not replicated.
Resolution: phys_opt_design can be forced to replicate a net driver using the option -force_replication_on_nets <list of net objects>.
INFO: [Physopt 32-572] Net student_top_inst/Core_cpu/cpu_core/id_ex_inst/rs2_addr_o_reg[3]_0 was not replicated.
Resolution: phys_opt_design can be forced to replicate a net driver using the option -force_replication_on_nets <list of net objects>.
INFO: [Physopt 32-572] Net student_top_inst/Core_cpu/cpu_core/if_id_inst/op1_o[22]_i_4_n_0 was not replicated.
Resolution: phys_opt_design can be forced to replicate a net driver using the option -force_replication_on_nets <list of net objects>.
INFO: [Physopt 32-572] Net student_top_inst/Core_cpu/cpu_core/id_ex_inst/internal_flush_inst__15_i_1_n_0 was not replicated.
Resolution: phys_opt_design can be forced to replicate a net driver using the option -force_replication_on_nets <list of net objects>.
INFO: [Physopt 32-572] Net student_top_inst/Core_cpu/cpu_core/if_id_inst/inst_o[31]_i_4_n_0 was not replicated.
Resolution: phys_opt_design can be forced to replicate a net driver using the option -force_replication_on_nets <list of net objects>.
INFO: [Physopt 32-572] Net student_top_inst/Core_cpu/cpu_core/ex_inst/rv32m_iter_inst/result_o[31]_i_1_n_0 was not replicated.
Resolution: phys_opt_design can be forced to replicate a net driver using the option -force_replication_on_nets <list of net objects>.
INFO: [Physopt 32-232] Optimized 0 net. Created 0 new instance.
INFO: [Physopt 32-775] End 1 Pass. Optimized 0 net or cell. Created 0 new cell, deleted 0 existing cell and moved 0 existing cell
Netlist sorting complete. Time (s): cpu = 00:00:00 ; elapsed = 00:00:00.012 . Memory (MB): peak = 2272.652 ; gain = 0.000
Phase 8 Fanout Optimization | Checksum: 198f624b8

Time (s): cpu = 00:01:15 ; elapsed = 00:00:41 . Memory (MB): peak = 2272.652 ; gain = 0.000

Phase 9 Single Cell Placement Optimization
INFO: [Physopt 32-660] Identified 250 candidate nets for placement-based optimization.
INFO: [Physopt 32-662] Processed net student_top_inst/Core_cpu/cpu_core/branch_predictor_inst/bp_fetch_pc_r_reg[30][30].  Did not re-place instance student_top_inst/Core_cpu/cpu_core/branch_predictor_inst/hold_pred_target_reg[30]_i_1
INFO: [Physopt 32-662] Processed net student_top_inst/Core_cpu/cpu_core/id_ex_inst/mtvec_r_reg[31][30].  Did not re-place instance student_top_inst/Core_cpu/cpu_core/id_ex_inst/pc_o[30]_i_2
INFO: [Physopt 32-662] Processed net student_top_inst/Core_cpu/cpu_core/if_id_inst/b_imm_inst__22_n_0.  Did not re-place instance student_top_inst/Core_cpu/cpu_core/if_id_inst/b_imm_inst__22
INFO: [Physopt 32-662] Processed net student_top_inst/Core_cpu/cpu_core/if_id_inst/pred_target_o_reg[30]_0.  Did not re-place instance student_top_inst/Core_cpu/cpu_core/if_id_inst/pc_o[30]_i_5
INFO: [Physopt 32-662] Processed net student_top_inst/Core_cpu/cpu_core/pc_reg_inst/Q[30].  Did not re-place instance student_top_inst/Core_cpu/cpu_core/pc_reg_inst/pc_o_reg[30]
INFO: [Physopt 32-662] Processed net student_top_inst/Core_cpu/cpu_core/branch_predictor_inst/bp_fetch_pc_r_reg[30][26].  Did not re-place instance student_top_inst/Core_cpu/cpu_core/branch_predictor_inst/hold_pred_target_reg[26]_i_1
INFO: [Physopt 32-662] Processed net student_top_inst/Core_cpu/cpu_core/id_ex_inst/mtvec_r_reg[31][26].  Did not re-place instance student_top_inst/Core_cpu/cpu_core/id_ex_inst/pc_o[26]_i_1
INFO: [Physopt 32-662] Processed net student_top_inst/Core_cpu/cpu_core/if_id_inst/pred_target_o_reg[26]_0.  Did not re-place instance student_top_inst/Core_cpu/cpu_core/if_id_inst/pc_o[26]_i_4
INFO: [Physopt 32-662] Processed net student_top_inst/Core_cpu/cpu_core/pc_reg_inst/Q[26].  Did not re-place instance student_top_inst/Core_cpu/cpu_core/pc_reg_inst/pc_o_reg[26]
INFO: [Physopt 32-662] Processed net student_top_inst/Core_cpu/cpu_core/branch_predictor_inst/bp_fetch_pc_r_reg[30][29].  Did not re-place instance student_top_inst/Core_cpu/cpu_core/branch_predictor_inst/hold_pred_target_reg[29]_i_1
INFO: [Physopt 32-662] Processed net student_top_inst/Core_cpu/cpu_core/id_ex_inst/mtvec_r_reg[31][29].  Did not re-place instance student_top_inst/Core_cpu/cpu_core/id_ex_inst/pc_o[29]_i_1
INFO: [Physopt 32-662] Processed net student_top_inst/Core_cpu/cpu_core/if_id_inst/b_imm_inst__25_n_0.  Did not re-place instance student_top_inst/Core_cpu/cpu_core/if_id_inst/b_imm_inst__25
INFO: [Physopt 32-662] Processed net student_top_inst/Core_cpu/cpu_core/if_id_inst/pred_target_o_reg[29]_0.  Did not re-place instance student_top_inst/Core_cpu/cpu_core/if_id_inst/pc_o[29]_i_4
INFO: [Physopt 32-662] Processed net student_top_inst/Core_cpu/cpu_core/pc_reg_inst/Q[29].  Did not re-place instance student_top_inst/Core_cpu/cpu_core/pc_reg_inst/pc_o_reg[29]
INFO: [Physopt 32-662] Processed net student_top_inst/Core_cpu/cpu_core/if_id_inst/b_imm_inst__28_n_0.  Did not re-place instance student_top_inst/Core_cpu/cpu_core/if_id_inst/b_imm_inst__28
INFO: [Physopt 32-662] Processed net student_top_inst/Core_cpu/cpu_core/branch_predictor_inst/bp_fetch_pc_r_reg[30][27].  Did not re-place instance student_top_inst/Core_cpu/cpu_core/branch_predictor_inst/hold_pred_target_reg[27]_i_1
INFO: [Physopt 32-662] Processed net student_top_inst/Core_cpu/cpu_core/branch_predictor_inst/bp_fetch_pc_r_reg[30][28].  Did not re-place instance student_top_inst/Core_cpu/cpu_core/branch_predictor_inst/hold_pred_target_reg[28]_i_1
INFO: [Physopt 32-662] Processed net student_top_inst/Core_cpu/cpu_core/id_ex_inst/mtvec_r_reg[31][27].  Did not re-place instance student_top_inst/Core_cpu/cpu_core/id_ex_inst/pc_o[27]_i_1
INFO: [Physopt 32-662] Processed net student_top_inst/Core_cpu/cpu_core/id_ex_inst/mtvec_r_reg[31][28].  Did not re-place instance student_top_inst/Core_cpu/cpu_core/id_ex_inst/pc_o[28]_i_1
INFO: [Physopt 32-662] Processed net student_top_inst/Core_cpu/cpu_core/if_id_inst/hold_pred_target_reg[11]_i_7_n_0.  Did not re-place instance student_top_inst/Core_cpu/cpu_core/if_id_inst/hold_pred_target_reg[11]_i_7
INFO: [Physopt 32-662] Processed net student_top_inst/Core_cpu/cpu_core/if_id_inst/pred_target_o_reg[27]_0.  Did not re-place instance student_top_inst/Core_cpu/cpu_core/if_id_inst/pc_o[27]_i_4
INFO: [Physopt 32-662] Processed net student_top_inst/Core_cpu/cpu_core/if_id_inst/pred_target_o_reg[28]_0.  Did not re-place instance student_top_inst/Core_cpu/cpu_core/if_id_inst/pc_o[28]_i_4
INFO: [Physopt 32-662] Processed net student_top_inst/Core_cpu/cpu_core/pc_reg_inst/Q[27].  Did not re-place instance student_top_inst/Core_cpu/cpu_core/pc_reg_inst/pc_o_reg[27]
INFO: [Physopt 32-662] Processed net student_top_inst/Core_cpu/cpu_core/pc_reg_inst/Q[28].  Did not re-place instance student_top_inst/Core_cpu/cpu_core/pc_reg_inst/pc_o_reg[28]
INFO: [Physopt 32-662] Processed net student_top_inst/Core_cpu/cpu_core/if_id_inst/b_imm_inst__26_n_0.  Did not re-place instance student_top_inst/Core_cpu/cpu_core/if_id_inst/b_imm_inst__26
INFO: [Physopt 32-662] Processed net student_top_inst/Core_cpu/cpu_core/branch_predictor_inst/bp_fetch_pc_r_reg[30][25].  Did not re-place instance student_top_inst/Core_cpu/cpu_core/branch_predictor_inst/hold_pred_target_reg[25]_i_1
INFO: [Physopt 32-662] Processed net student_top_inst/Core_cpu/cpu_core/id_ex_inst/mtvec_r_reg[31][25].  Did not re-place instance student_top_inst/Core_cpu/cpu_core/id_ex_inst/pc_o[25]_i_1
INFO: [Physopt 32-662] Processed net student_top_inst/Core_cpu/cpu_core/if_id_inst/pred_target_o_reg[25]_0.  Did not re-place instance student_top_inst/Core_cpu/cpu_core/if_id_inst/pc_o[25]_i_4
INFO: [Physopt 32-662] Processed net student_top_inst/Core_cpu/cpu_core/pc_reg_inst/Q[25].  Did not re-place instance student_top_inst/Core_cpu/cpu_core/pc_reg_inst/pc_o_reg[25]
INFO: [Physopt 32-662] Processed net student_top_inst/Core_cpu/cpu_core/if_id_inst/j_imm_inst__12_n_0.  Did not re-place instance student_top_inst/Core_cpu/cpu_core/if_id_inst/j_imm_inst__12
INFO: [Physopt 32-662] Processed net student_top_inst/Core_cpu/cpu_core/if_id_inst/b_imm_inst__27_n_0.  Did not re-place instance student_top_inst/Core_cpu/cpu_core/if_id_inst/b_imm_inst__27
INFO: [Physopt 32-662] Processed net student_top_inst/Core_cpu/cpu_core/if_id_inst/b_imm_inst__29_n_0.  Did not re-place instance student_top_inst/Core_cpu/cpu_core/if_id_inst/b_imm_inst__29
INFO: [Physopt 32-662] Processed net student_top_inst/Core_cpu/cpu_core/if_id_inst/j_imm_inst__17_n_0.  Did not re-place instance student_top_inst/Core_cpu/cpu_core/if_id_inst/j_imm_inst__17
INFO: [Physopt 32-662] Processed net student_top_inst/Core_cpu/cpu_core/branch_predictor_inst/bp_fetch_pc_r_reg[30][22].  Did not re-place instance student_top_inst/Core_cpu/cpu_core/branch_predictor_inst/hold_pred_target_reg[22]_i_1
INFO: [Physopt 32-662] Processed net student_top_inst/Core_cpu/cpu_core/id_ex_inst/mtvec_r_reg[31][22].  Did not re-place instance student_top_inst/Core_cpu/cpu_core/id_ex_inst/pc_o[22]_i_2
INFO: [Physopt 32-662] Processed net student_top_inst/Core_cpu/cpu_core/if_id_inst/pred_target_o_reg[22]_0.  Did not re-place instance student_top_inst/Core_cpu/cpu_core/if_id_inst/pc_o[22]_i_5
INFO: [Physopt 32-662] Processed net student_top_inst/Core_cpu/cpu_core/pc_reg_inst/Q[22].  Did not re-place instance student_top_inst/Core_cpu/cpu_core/pc_reg_inst/pc_o_reg[22]
INFO: [Physopt 32-662] Processed net student_top_inst/Core_cpu/cpu_core/if_id_inst/b_imm_inst__21_n_0.  Did not re-place instance student_top_inst/Core_cpu/cpu_core/if_id_inst/b_imm_inst__21
INFO: [Physopt 32-662] Processed net student_top_inst/Core_cpu/cpu_core/if_id_inst/bp_fetch_redirect.  Did not re-place instance student_top_inst/Core_cpu/cpu_core/if_id_inst/pc_o[31]_i_11
INFO: [Physopt 32-662] Processed net student_top_inst/Core_cpu/cpu_core/if_id_inst/bp_fetch_valid_r_reg.  Did not re-place instance student_top_inst/Core_cpu/cpu_core/if_id_inst/hold_pred_target_reg[31]_i_4
INFO: [Physopt 32-662] Processed net student_top_inst/Core_cpu/cpu_core/branch_predictor_inst/bp_pred_taken_o.  Did not re-place instance student_top_inst/Core_cpu/cpu_core/branch_predictor_inst/hold_pred_taken_reg_i_1
INFO: [Physopt 32-662] Processed net student_top_inst/Core_cpu/cpu_core/branch_predictor_inst/bp_fetch_pc_r_reg[30][31].  Did not re-place instance student_top_inst/Core_cpu/cpu_core/branch_predictor_inst/hold_pred_target_reg[31]_i_1
INFO: [Physopt 32-662] Processed net student_top_inst/Core_cpu/cpu_core/id_ex_inst/mtvec_r_reg[31][31].  Did not re-place instance student_top_inst/Core_cpu/cpu_core/id_ex_inst/pc_o[31]_i_1
INFO: [Physopt 32-662] Processed net student_top_inst/Core_cpu/cpu_core/if_id_inst/pred_target_o_reg[31]_0.  Did not re-place instance student_top_inst/Core_cpu/cpu_core/if_id_inst/pc_o[31]_i_4
INFO: [Physopt 32-662] Processed net student_top_inst/Core_cpu/cpu_core/pc_reg_inst/Q[31].  Did not re-place instance student_top_inst/Core_cpu/cpu_core/pc_reg_inst/pc_o_reg[31]
INFO: [Physopt 32-662] Processed net student_top_inst/Core_cpu/cpu_core/if_id_inst/j_imm_inst__16_n_0.  Did not re-place instance student_top_inst/Core_cpu/cpu_core/if_id_inst/j_imm_inst__16
INFO: [Physopt 32-662] Processed net student_top_inst/Core_cpu/cpu_core/if_id_inst/b_imm_inst__17_n_0.  Did not re-place instance student_top_inst/Core_cpu/cpu_core/if_id_inst/b_imm_inst__17
INFO: [Physopt 32-662] Processed net student_top_inst/Core_cpu/cpu_core/branch_predictor_inst/bp_fetch_pc_r_reg[30][21].  Did not re-place instance student_top_inst/Core_cpu/cpu_core/branch_predictor_inst/hold_pred_target_reg[21]_i_1
INFO: [Physopt 32-662] Processed net student_top_inst/Core_cpu/cpu_core/id_ex_inst/mtvec_r_reg[31][21].  Did not re-place instance student_top_inst/Core_cpu/cpu_core/id_ex_inst/pc_o[21]_i_1
INFO: [Physopt 32-662] Processed net student_top_inst/Core_cpu/cpu_core/if_id_inst/pred_target_o_reg[21]_0.  Did not re-place instance student_top_inst/Core_cpu/cpu_core/if_id_inst/pc_o[21]_i_4
INFO: [Physopt 32-662] Processed net student_top_inst/Core_cpu/cpu_core/pc_reg_inst/Q[21].  Did not re-place instance student_top_inst/Core_cpu/cpu_core/pc_reg_inst/pc_o_reg[21]
INFO: [Physopt 32-662] Processed net student_top_inst/Core_cpu/cpu_core/if_id_inst/b_imm_inst__23_n_0.  Did not re-place instance student_top_inst/Core_cpu/cpu_core/if_id_inst/b_imm_inst__23
INFO: [Physopt 32-662] Processed net student_top_inst/Core_cpu/cpu_core/if_id_inst/b_imm_inst__18_n_0.  Did not re-place instance student_top_inst/Core_cpu/cpu_core/if_id_inst/b_imm_inst__18
INFO: [Physopt 32-662] Processed net student_top_inst/Core_cpu/cpu_core/if_id_inst/pc_jump_en_o.  Did not re-place instance student_top_inst/Core_cpu/cpu_core/if_id_inst/pc_o[31]_i_6
INFO: [Physopt 32-662] Processed net student_top_inst/Core_cpu/cpu_core/if_id_inst/hold_pred_target_reg[3]_i_7_n_0.  Did not re-place instance student_top_inst/Core_cpu/cpu_core/if_id_inst/hold_pred_target_reg[3]_i_7
INFO: [Physopt 32-662] Processed net student_top_inst/Core_cpu/cpu_core/if_id_inst/b_imm_inst__20_n_0.  Did not re-place instance student_top_inst/Core_cpu/cpu_core/if_id_inst/b_imm_inst__20
INFO: [Physopt 32-662] Processed net student_top_inst/Core_cpu/cpu_core/branch_predictor_inst/bp_fetch_pc_r_reg[30][17].  Did not re-place instance student_top_inst/Core_cpu/cpu_core/branch_predictor_inst/hold_pred_target_reg[17]_i_1
INFO: [Physopt 32-662] Processed net student_top_inst/Core_cpu/cpu_core/id_ex_inst/mtvec_r_reg[31][17].  Did not re-place instance student_top_inst/Core_cpu/cpu_core/id_ex_inst/pc_o[17]_i_1
INFO: [Physopt 32-662] Processed net student_top_inst/Core_cpu/cpu_core/if_id_inst/pred_target_o_reg[17]_0.  Did not re-place instance student_top_inst/Core_cpu/cpu_core/if_id_inst/pc_o[17]_i_4
INFO: [Physopt 32-662] Processed net student_top_inst/Core_cpu/cpu_core/pc_reg_inst/Q[17].  Did not re-place instance student_top_inst/Core_cpu/cpu_core/pc_reg_inst/pc_o_reg[17]
INFO: [Physopt 32-662] Processed net student_top_inst/Core_cpu/cpu_core/if_id_inst/hold_pred_target_reg[11]_i_6_n_0.  Did not re-place instance student_top_inst/Core_cpu/cpu_core/if_id_inst/hold_pred_target_reg[11]_i_6
INFO: [Physopt 32-662] Processed net student_top_inst/Core_cpu/cpu_core/if_id_inst/pred_target_o[27]_i_1_n_0.  Did not re-place instance student_top_inst/Core_cpu/cpu_core/if_id_inst/pred_target_o[27]_i_1
INFO: [Physopt 32-662] Processed net student_top_inst/Core_cpu/cpu_core/if_id_inst/if_id_pred_target_o[27].  Did not re-place instance student_top_inst/Core_cpu/cpu_core/if_id_inst/pred_target_o_reg[27]
INFO: [Physopt 32-662] Processed net student_top_inst/Core_cpu/cpu_core/branch_predictor_inst/bp_fetch_pc_r_reg[30][20].  Did not re-place instance student_top_inst/Core_cpu/cpu_core/branch_predictor_inst/hold_pred_target_reg[20]_i_1
INFO: [Physopt 32-662] Processed net student_top_inst/Core_cpu/cpu_core/id_ex_inst/mtvec_r_reg[31][20].  Did not re-place instance student_top_inst/Core_cpu/cpu_core/id_ex_inst/pc_o[20]_i_1
INFO: [Physopt 32-662] Processed net student_top_inst/Core_cpu/cpu_core/if_id_inst/pred_target_o_reg[20]_0.  Did not re-place instance student_top_inst/Core_cpu/cpu_core/if_id_inst/pc_o[20]_i_4
INFO: [Physopt 32-662] Processed net student_top_inst/Core_cpu/cpu_core/pc_reg_inst/Q[20].  Did not re-place instance student_top_inst/Core_cpu/cpu_core/pc_reg_inst/pc_o_reg[20]
INFO: [Physopt 32-662] Processed net student_top_inst/Core_cpu/cpu_core/branch_predictor_inst/bp_fetch_pc_r_reg[30][15].  Did not re-place instance student_top_inst/Core_cpu/cpu_core/branch_predictor_inst/hold_pred_target_reg[15]_i_1
INFO: [Physopt 32-662] Processed net student_top_inst/Core_cpu/cpu_core/id_ex_inst/mtvec_r_reg[31][15].  Did not re-place instance student_top_inst/Core_cpu/cpu_core/id_ex_inst/pc_o[15]_i_1
INFO: [Physopt 32-662] Processed net student_top_inst/Core_cpu/cpu_core/id_ex_inst/mtvec_r_reg[31][24].  Did not re-place instance student_top_inst/Core_cpu/cpu_core/id_ex_inst/pc_o[24]_i_1
INFO: [Physopt 32-662] Processed net student_top_inst/Core_cpu/cpu_core/if_id_inst/pred_target_o_reg[15]_0.  Did not re-place instance student_top_inst/Core_cpu/cpu_core/if_id_inst/pc_o[15]_i_4
INFO: [Physopt 32-662] Processed net student_top_inst/Core_cpu/cpu_core/if_id_inst/pred_target_o_reg[24]_0.  Did not re-place instance student_top_inst/Core_cpu/cpu_core/if_id_inst/pc_o[24]_i_4
INFO: [Physopt 32-662] Processed net student_top_inst/Core_cpu/cpu_core/pc_reg_inst/Q[15].  Did not re-place instance student_top_inst/Core_cpu/cpu_core/pc_reg_inst/pc_o_reg[15]
INFO: [Physopt 32-662] Processed net student_top_inst/Core_cpu/cpu_core/pc_reg_inst/Q[24].  Did not re-place instance student_top_inst/Core_cpu/cpu_core/pc_reg_inst/pc_o_reg[24]
INFO: [Physopt 32-662] Processed net student_top_inst/Core_cpu/cpu_core/if_id_inst/hold_pred_target_reg[7]_i_4_n_0.  Did not re-place instance student_top_inst/Core_cpu/cpu_core/if_id_inst/hold_pred_target_reg[7]_i_4
INFO: [Physopt 32-662] Processed net student_top_inst/Core_cpu/cpu_core/branch_predictor_inst/bp_fetch_pc_r_reg[30][24].  Did not re-place instance student_top_inst/Core_cpu/cpu_core/branch_predictor_inst/hold_pred_target_reg[24]_i_1
INFO: [Physopt 32-662] Processed net student_top_inst/Core_cpu/cpu_core/if_id_inst/b_imm_inst__13_n_0.  Did not re-place instance student_top_inst/Core_cpu/cpu_core/if_id_inst/b_imm_inst__13
INFO: [Physopt 32-663] Processed net student_top_inst/Core_cpu/cpu_core/if_id_inst/hold_pred_target_reg[27].  Re-placed instance student_top_inst/Core_cpu/cpu_core/if_id_inst/hold_pred_target_reg_reg[27]
INFO: [Physopt 32-662] Processed net student_top_inst/Core_cpu/cpu_core/branch_predictor_inst/bp_fetch_pc_r_reg[30][19].  Did not re-place instance student_top_inst/Core_cpu/cpu_core/branch_predictor_inst/hold_pred_target_reg[19]_i_1
INFO: [Physopt 32-662] Processed net student_top_inst/Core_cpu/cpu_core/id_ex_inst/mtvec_r_reg[31][19].  Did not re-place instance student_top_inst/Core_cpu/cpu_core/id_ex_inst/pc_o[19]_i_1
INFO: [Physopt 32-662] Processed net student_top_inst/Core_cpu/cpu_core/if_id_inst/pred_target_o_reg[19]_0.  Did not re-place instance student_top_inst/Core_cpu/cpu_core/if_id_inst/pc_o[19]_i_4
INFO: [Physopt 32-662] Processed net student_top_inst/Core_cpu/cpu_core/pc_reg_inst/Q[19].  Did not re-place instance student_top_inst/Core_cpu/cpu_core/pc_reg_inst/pc_o_reg[19]
INFO: [Physopt 32-662] Processed net student_top_inst/Core_cpu/cpu_core/if_id_inst/b_imm_inst__14_n_0.  Did not re-place instance student_top_inst/Core_cpu/cpu_core/if_id_inst/b_imm_inst__14
INFO: [Physopt 32-662] Processed net student_top_inst/Core_cpu/cpu_core/if_id_inst/b_imm_inst__16_n_0.  Did not re-place instance student_top_inst/Core_cpu/cpu_core/if_id_inst/b_imm_inst__16
INFO: [Physopt 32-662] Processed net student_top_inst/Core_cpu/cpu_core/ex_mem_inst/dff_inst/done_r_reg_rep__41_0.  Did not re-place instance student_top_inst/Core_cpu/cpu_core/ex_mem_inst/dff_inst/flush_ifid_o_inst_i_4
INFO: [Physopt 32-662] Processed net student_top_inst/Core_cpu/cpu_core/if_id_inst/id_use_rs1_o.  Did not re-place instance student_top_inst/Core_cpu/cpu_core/if_id_inst/use_rs1_o_i_2
INFO: [Physopt 32-662] Processed net student_top_inst/Core_cpu/cpu_core/if_id_inst/op1_o[31]_i_8_n_0.  Did not re-place instance student_top_inst/Core_cpu/cpu_core/if_id_inst/op1_o[31]_i_8
INFO: [Physopt 32-662] Processed net student_top_inst/Core_cpu/cpu_core/if_id_inst/inst_o_reg[5]_rep__11.  Did not re-place instance student_top_inst/Core_cpu/cpu_core/if_id_inst/flush_ifid_o_inst_i_8
INFO: [Physopt 32-662] Processed net student_top_inst/Core_cpu/cpu_core/if_id_inst/data_o_reg[6].  Did not re-place instance student_top_inst/Core_cpu/cpu_core/if_id_inst/is_holding_reg_i_2
INFO: [Physopt 32-662] Processed net student_top_inst/Core_cpu/cpu_core/if_id_inst/if_id_inst_o[1].  Did not re-place instance student_top_inst/Core_cpu/cpu_core/if_id_inst/inst_o_reg[1]
INFO: [Physopt 32-662] Processed net student_top_inst/Core_cpu/cpu_core/id_ex_inst/inst_o_reg[6]_rep__12_0.  Did not re-place instance student_top_inst/Core_cpu/cpu_core/id_ex_inst/flush_ifid_o_inst_i_17
INFO: [Physopt 32-662] Processed net student_top_inst/Core_cpu/cpu_core/if_id_inst/use_rs1_o_i_4_n_0.  Did not re-place instance student_top_inst/Core_cpu/cpu_core/if_id_inst/use_rs1_o_i_4
INFO: [Physopt 32-662] Processed net student_top_inst/Core_cpu/cpu_core/pc_reg_inst/pc_o[4]_i_8_n_0.  Did not re-place instance student_top_inst/Core_cpu/cpu_core/pc_reg_inst/pc_o[4]_i_8
INFO: [Physopt 32-662] Processed net student_top_inst/Core_cpu/cpu_core/if_id_inst/b_imm_inst__15_n_0.  Did not re-place instance student_top_inst/Core_cpu/cpu_core/if_id_inst/b_imm_inst__15
INFO: [Physopt 32-662] Processed net student_top_inst/Core_cpu/cpu_core/branch_predictor_inst/bp_fetch_pc_r_reg[30][18].  Did not re-place instance student_top_inst/Core_cpu/cpu_core/branch_predictor_inst/hold_pred_target_reg[18]_i_1
INFO: [Physopt 32-662] Processed net student_top_inst/Core_cpu/cpu_core/id_ex_inst/mtvec_r_reg[31][18].  Did not re-place instance student_top_inst/Core_cpu/cpu_core/id_ex_inst/pc_o[18]_i_1
INFO: [Physopt 32-662] Processed net student_top_inst/Core_cpu/cpu_core/if_id_inst/pred_target_o_reg[18]_0.  Did not re-place instance student_top_inst/Core_cpu/cpu_core/if_id_inst/pc_o[18]_i_4
INFO: [Physopt 32-662] Processed net student_top_inst/Core_cpu/cpu_core/pc_reg_inst/Q[18].  Did not re-place instance student_top_inst/Core_cpu/cpu_core/pc_reg_inst/pc_o_reg[18]
INFO: [Physopt 32-662] Processed net student_top_inst/Core_cpu/cpu_core/if_id_inst/j_imm_inst__13_n_0.  Did not re-place instance student_top_inst/Core_cpu/cpu_core/if_id_inst/j_imm_inst__13
INFO: [Physopt 32-662] Processed net student_top_inst/Core_cpu/cpu_core/if_id_inst/j_imm_inst__9_n_0.  Did not re-place instance student_top_inst/Core_cpu/cpu_core/if_id_inst/j_imm_inst__9
INFO: [Physopt 32-662] Processed net student_top_inst/Core_cpu/cpu_core/if_id_inst/id_use_rs2_o.  Did not re-place instance student_top_inst/Core_cpu/cpu_core/if_id_inst/use_rs2_o_i_2
INFO: [Physopt 32-662] Processed net student_top_inst/Core_cpu/cpu_core/if_id_inst/flush_ifid_o_inst_i_21_n_0.  Did not re-place instance student_top_inst/Core_cpu/cpu_core/if_id_inst/flush_ifid_o_inst_i_21
INFO: [Physopt 32-662] Processed net student_top_inst/Core_cpu/cpu_core/if_id_inst/j_imm_inst__15_n_0.  Did not re-place instance student_top_inst/Core_cpu/cpu_core/if_id_inst/j_imm_inst__15
INFO: [Physopt 32-662] Processed net student_top_inst/Core_cpu/cpu_core/if_id_inst/b_imm_inst__24_n_0.  Did not re-place instance student_top_inst/Core_cpu/cpu_core/if_id_inst/b_imm_inst__24
INFO: [Physopt 32-662] Processed net student_top_inst/Core_cpu/cpu_core/if_id_inst/hold_pred_target_reg[11]_i_5_n_0.  Did not re-place instance student_top_inst/Core_cpu/cpu_core/if_id_inst/hold_pred_target_reg[11]_i_5
INFO: [Physopt 32-662] Processed net student_top_inst/Core_cpu/cpu_core/if_id_inst/hold_pred_target_reg[7]_i_6_n_0.  Did not re-place instance student_top_inst/Core_cpu/cpu_core/if_id_inst/hold_pred_target_reg[7]_i_6
INFO: [Physopt 32-662] Processed net student_top_inst/Core_cpu/cpu_core/if_id_inst/hold_pred_target_reg[7]_i_7_n_0.  Did not re-place instance student_top_inst/Core_cpu/cpu_core/if_id_inst/hold_pred_target_reg[7]_i_7
INFO: [Physopt 32-663] Processed net student_top_inst/Core_cpu/cpu_core/if_id_inst/if_id_inst_o[4].  Re-placed instance student_top_inst/Core_cpu/cpu_core/if_id_inst/inst_o_reg[4]
INFO: [Physopt 32-662] Processed net student_top_inst/Core_cpu/cpu_core/if_id_inst/Q[0].  Did not re-place instance student_top_inst/Core_cpu/cpu_core/if_id_inst/inst_o_reg[15]
INFO: [Physopt 32-662] Processed net student_top_inst/Core_cpu/cpu_core/if_id_inst/if_id_inst_o[0].  Did not re-place instance student_top_inst/Core_cpu/cpu_core/if_id_inst/inst_o_reg[0]
INFO: [Physopt 32-662] Processed net student_top_inst/Core_cpu/cpu_core/if_id_inst/flush_ifid_o_inst_i_22_n_0.  Did not re-place instance student_top_inst/Core_cpu/cpu_core/if_id_inst/flush_ifid_o_inst_i_22
INFO: [Physopt 32-662] Processed net student_top_inst/Core_cpu/cpu_core/if_id_inst/flush_ifid_o_inst_i_42_n_0.  Did not re-place instance student_top_inst/Core_cpu/cpu_core/if_id_inst/flush_ifid_o_inst_i_42
INFO: [Physopt 32-662] Processed net student_top_inst/Core_cpu/cpu_core/branch_predictor_inst/bp_fetch_pc_r_reg[30][16].  Did not re-place instance student_top_inst/Core_cpu/cpu_core/branch_predictor_inst/hold_pred_target_reg[16]_i_1
INFO: [Physopt 32-662] Processed net student_top_inst/Core_cpu/cpu_core/id_ex_inst/mtvec_r_reg[31][16].  Did not re-place instance student_top_inst/Core_cpu/cpu_core/id_ex_inst/pc_o[16]_i_1
INFO: [Physopt 32-662] Processed net student_top_inst/Core_cpu/cpu_core/if_id_inst/pred_target_o_reg[16]_0.  Did not re-place instance student_top_inst/Core_cpu/cpu_core/if_id_inst/pc_o[16]_i_4
INFO: [Physopt 32-662] Processed net student_top_inst/Core_cpu/cpu_core/pc_reg_inst/Q[16].  Did not re-place instance student_top_inst/Core_cpu/cpu_core/pc_reg_inst/pc_o_reg[16]
INFO: [Physopt 32-662] Processed net student_top_inst/Core_cpu/cpu_core/id_ex_inst/ex_jump_en_o.  Did not re-place instance student_top_inst/Core_cpu/cpu_core/id_ex_inst/jump_en_d1_i_1
INFO: [Physopt 32-662] Processed net student_top_inst/Core_cpu/cpu_core/id_ex_inst/jump_offset_o_reg[31]_0[0].  Did not re-place instance student_top_inst/Core_cpu/cpu_core/id_ex_inst/jump_offset_o_reg[0]
INFO: [Physopt 32-662] Processed net student_top_inst/Core_cpu/cpu_core/id_ex_inst/jump_en_d1_i_2_n_0.  Did not re-place instance student_top_inst/Core_cpu/cpu_core/id_ex_inst/jump_en_d1_i_2
INFO: [Physopt 32-662] Processed net student_top_inst/Core_cpu/cpu_core/id_ex_inst/jump_en_d1_i_9_n_0.  Did not re-place instance student_top_inst/Core_cpu/cpu_core/id_ex_inst/jump_en_d1_i_9
INFO: [Physopt 32-662] Processed net student_top_inst/Core_cpu/cpu_core/id_ex_inst/pc_o[3]_i_11_n_0.  Did not re-place instance student_top_inst/Core_cpu/cpu_core/id_ex_inst/pc_o[3]_i_11
INFO: [Physopt 32-663] Processed net student_top_inst/Core_cpu/cpu_core/if_id_inst/Q[2].  Re-placed instance student_top_inst/Core_cpu/cpu_core/if_id_inst/inst_o_reg[17]
INFO: [Physopt 32-662] Processed net student_top_inst/Core_cpu/cpu_core/branch_predictor_inst/bp_fetch_pc_r_reg[30][14].  Did not re-place instance student_top_inst/Core_cpu/cpu_core/branch_predictor_inst/hold_pred_target_reg[14]_i_1
INFO: [Physopt 32-662] Processed net student_top_inst/Core_cpu/cpu_core/id_ex_inst/mtvec_r_reg[31][14].  Did not re-place instance student_top_inst/Core_cpu/cpu_core/id_ex_inst/pc_o[14]_i_2
INFO: [Physopt 32-662] Processed net student_top_inst/Core_cpu/cpu_core/if_id_inst/pred_target_o_reg[14]_0.  Did not re-place instance student_top_inst/Core_cpu/cpu_core/if_id_inst/pc_o[14]_i_5
INFO: [Physopt 32-662] Processed net student_top_inst/Core_cpu/cpu_core/pc_reg_inst/Q[14].  Did not re-place instance student_top_inst/Core_cpu/cpu_core/pc_reg_inst/pc_o_reg[14]
INFO: [Physopt 32-662] Processed net student_top_inst/Core_cpu/cpu_core/ex_inst/rv32m_iter_inst/jump_en_d1_reg_1.  Did not re-place instance student_top_inst/Core_cpu/cpu_core/ex_inst/rv32m_iter_inst/internal_flush_inst__13_i_3
INFO: [Physopt 32-663] Processed net student_top_inst/Core_cpu/cpu_core/id_ex_inst/internal_flush_inst__9_i_2_n_0.  Re-placed instance student_top_inst/Core_cpu/cpu_core/id_ex_inst/internal_flush_inst__9_i_2
INFO: [Physopt 32-663] Processed net student_top_inst/Core_cpu/cpu_core/id_ex_inst/inst_o_reg[1]_rep__0_n_0.  Re-placed instance student_top_inst/Core_cpu/cpu_core/id_ex_inst/inst_o_reg[1]_rep__0
INFO: [Physopt 32-662] Processed net student_top_inst/Core_cpu/cpu_core/id_ex_inst/inst_o_reg[31]_0.  Did not re-place instance student_top_inst/Core_cpu/cpu_core/id_ex_inst/internal_flush_inst__1_i_5
INFO: [Physopt 32-663] Processed net student_top_inst/Core_cpu/cpu_core/id_ex_inst/jump_en_d1_i_4_n_0.  Re-placed instance student_top_inst/Core_cpu/cpu_core/id_ex_inst/jump_en_d1_i_4
INFO: [Physopt 32-662] Processed net student_top_inst/Core_cpu/cpu_core/if_id_inst/j_imm_inst__14_n_0.  Did not re-place instance student_top_inst/Core_cpu/cpu_core/if_id_inst/j_imm_inst__14
INFO: [Physopt 32-662] Processed net student_top_inst/Core_cpu/cpu_core/if_id_inst/pred_target_o[25]_i_1_n_0.  Did not re-place instance student_top_inst/Core_cpu/cpu_core/if_id_inst/pred_target_o[25]_i_1
INFO: [Physopt 32-662] Processed net student_top_inst/Core_cpu/cpu_core/if_id_inst/if_id_pred_target_o[25].  Did not re-place instance student_top_inst/Core_cpu/cpu_core/if_id_inst/pred_target_o_reg[25]
INFO: [Physopt 32-662] Processed net student_top_inst/Core_cpu/cpu_core/id_ex_inst/inst_o_reg[27]_0[7].  Did not re-place instance student_top_inst/Core_cpu/cpu_core/id_ex_inst/inst_o_reg[7]
INFO: [Physopt 32-663] Processed net student_top_inst/Core_cpu/cpu_core/id_ex_inst/inst_o_reg[5]_rep__2_n_0.  Re-placed instance student_top_inst/Core_cpu/cpu_core/id_ex_inst/inst_o_reg[5]_rep__2
INFO: [Physopt 32-662] Processed net student_top_inst/Core_cpu/cpu_core/if_id_inst/b_imm_inst__5_n_0.  Did not re-place instance student_top_inst/Core_cpu/cpu_core/if_id_inst/b_imm_inst__5
INFO: [Physopt 32-662] Processed net student_top_inst/Core_cpu/cpu_core/ctrl_inst/jump_en_d1_reg_rep__2_2.  Did not re-place instance student_top_inst/Core_cpu/cpu_core/ctrl_inst/flush_ifid_o_inst__0
INFO: [Physopt 32-662] Processed net student_top_inst/Core_cpu/cpu_core/if_id_inst/inst_o_reg[18]_1.  Did not re-place instance student_top_inst/Core_cpu/cpu_core/if_id_inst/flush_ifid_o_inst_i_20
INFO: [Physopt 32-662] Processed net student_top_inst/Core_cpu/cpu_core/mem1_mem2_inst/dff_inst/data_o_reg[3]_0.  Did not re-place instance student_top_inst/Core_cpu/cpu_core/mem1_mem2_inst/dff_inst/flush_ifid_o_inst_i_19
INFO: [Physopt 32-662] Processed net student_top_inst/Core_cpu/cpu_core/branch_predictor_inst/branch_pred_taken_w.  Did not re-place instance student_top_inst/Core_cpu/cpu_core/branch_predictor_inst/b_imm_inst__30
INFO: [Physopt 32-662] Processed net student_top_inst/Core_cpu/cpu_core/if_id_inst/b_imm_inst__6_n_0.  Did not re-place instance student_top_inst/Core_cpu/cpu_core/if_id_inst/b_imm_inst__6
INFO: [Physopt 32-662] Processed net student_top_inst/Core_cpu/cpu_core/if_id_inst/hold_pred_target_reg[23]_i_4_n_0.  Did not re-place instance student_top_inst/Core_cpu/cpu_core/if_id_inst/hold_pred_target_reg[23]_i_4
INFO: [Physopt 32-662] Processed net student_top_inst/Core_cpu/cpu_core/if_id_inst/b_imm_inst__8_n_0.  Did not re-place instance student_top_inst/Core_cpu/cpu_core/if_id_inst/b_imm_inst__8
INFO: [Physopt 32-662] Processed net student_top_inst/Core_cpu/cpu_core/if_id_inst/b_imm_inst__7_n_0.  Did not re-place instance student_top_inst/Core_cpu/cpu_core/if_id_inst/b_imm_inst__7
INFO: [Physopt 32-662] Processed net student_top_inst/Core_cpu/cpu_core/id_ex_inst/jump_offset_o_reg[31]_0[1].  Did not re-place instance student_top_inst/Core_cpu/cpu_core/id_ex_inst/jump_offset_o_reg[1]
INFO: [Physopt 32-662] Processed net student_top_inst/Core_cpu/cpu_core/id_ex_inst/pc_o[3]_i_10_n_0.  Did not re-place instance student_top_inst/Core_cpu/cpu_core/id_ex_inst/pc_o[3]_i_10
INFO: [Physopt 32-662] Processed net student_top_inst/Core_cpu/cpu_core/if_id_inst/flush_ifid_o_inst_i_38_n_0.  Did not re-place instance student_top_inst/Core_cpu/cpu_core/if_id_inst/flush_ifid_o_inst_i_38
INFO: [Physopt 32-662] Processed net student_top_inst/Core_cpu/cpu_core/if_id_inst/flush_ifid_o_inst_i_50_n_0.  Did not re-place instance student_top_inst/Core_cpu/cpu_core/if_id_inst/flush_ifid_o_inst_i_50
INFO: [Physopt 32-662] Processed net student_top_inst/Core_cpu/cpu_core/if_id_inst/hold_pred_target_reg[3]_i_6_n_0.  Did not re-place instance student_top_inst/Core_cpu/cpu_core/if_id_inst/hold_pred_target_reg[3]_i_6
INFO: [Physopt 32-662] Processed net student_top_inst/Core_cpu/cpu_core/if_id_inst/hold_pred_target_reg[25].  Did not re-place instance student_top_inst/Core_cpu/cpu_core/if_id_inst/hold_pred_target_reg_reg[25]
INFO: [Physopt 32-662] Processed net student_top_inst/Core_cpu/cpu_core/mem2_align_inst/dff_inst/data_o_reg[6]_0.  Did not re-place instance student_top_inst/Core_cpu/cpu_core/mem2_align_inst/dff_inst/flush_ifid_o_inst_i_3
INFO: [Physopt 32-662] Processed net student_top_inst/Core_cpu/cpu_core/if_id_inst/inst_o_reg[18]_0.  Did not re-place instance student_top_inst/Core_cpu/cpu_core/if_id_inst/flush_ifid_o_inst_i_14
INFO: [Physopt 32-662] Processed net student_top_inst/Core_cpu/cpu_core/if_id_inst/flush_ifid_o_inst_i_28_n_0.  Did not re-place instance student_top_inst/Core_cpu/cpu_core/if_id_inst/flush_ifid_o_inst_i_28
INFO: [Physopt 32-662] Processed net student_top_inst/Core_cpu/cpu_core/id_ex_inst/mtvec_r_reg[31][7].  Did not re-place instance student_top_inst/Core_cpu/cpu_core/id_ex_inst/pc_o[7]_i_1
INFO: [Physopt 32-662] Processed net student_top_inst/Core_cpu/cpu_core/if_id_inst/pred_target_o_reg[7]_0.  Did not re-place instance student_top_inst/Core_cpu/cpu_core/if_id_inst/pc_o[7]_i_4
INFO: [Physopt 32-662] Processed net student_top_inst/Core_cpu/cpu_core/pc_reg_inst/Q[7].  Did not re-place instance student_top_inst/Core_cpu/cpu_core/pc_reg_inst/pc_o_reg[7]
INFO: [Physopt 32-663] Processed net student_top_inst/Core_cpu/cpu_core/id_ex_inst/base_addr_o_reg[31]_0[7].  Re-placed instance student_top_inst/Core_cpu/cpu_core/id_ex_inst/base_addr_o_reg[7]
INFO: [Physopt 32-662] Processed net student_top_inst/Core_cpu/cpu_core/id_ex_inst/pc_o[7]_i_8_n_0.  Did not re-place instance student_top_inst/Core_cpu/cpu_core/id_ex_inst/pc_o[7]_i_8
INFO: [Physopt 32-662] Processed net student_top_inst/Core_cpu/cpu_core/id_ex_inst/base_addr_o_reg[31]_0[8].  Did not re-place instance student_top_inst/Core_cpu/cpu_core/id_ex_inst/base_addr_o_reg[8]
INFO: [Physopt 32-662] Processed net student_top_inst/Core_cpu/cpu_core/id_ex_inst/pc_o[11]_i_11_n_0.  Did not re-place instance student_top_inst/Core_cpu/cpu_core/id_ex_inst/pc_o[11]_i_11
INFO: [Physopt 32-662] Processed net student_top_inst/Core_cpu/cpu_core/ex_mem_inst/dff_inst/data_o_reg[5]_0.  Did not re-place instance student_top_inst/Core_cpu/cpu_core/ex_mem_inst/dff_inst/flush_ifid_o_inst_i_15
INFO: [Physopt 32-662] Processed net student_top_inst/Core_cpu/cpu_core/id_ex_inst/jump_offset_o_reg[31]_0[5].  Did not re-place instance student_top_inst/Core_cpu/cpu_core/id_ex_inst/jump_offset_o_reg[5]
INFO: [Physopt 32-662] Processed net student_top_inst/Core_cpu/cpu_core/ex_mem_inst/dff_inst/flush_ifid_o_inst_i_34_n_0.  Did not re-place instance student_top_inst/Core_cpu/cpu_core/ex_mem_inst/dff_inst/flush_ifid_o_inst_i_34
INFO: [Physopt 32-662] Processed net student_top_inst/Core_cpu/cpu_core/id_ex_inst/pc_o[7]_i_10_n_0.  Did not re-place instance student_top_inst/Core_cpu/cpu_core/id_ex_inst/pc_o[7]_i_10
INFO: [Physopt 32-662] Processed net student_top_inst/Core_cpu/cpu_core/id_ex_inst/jump_en_d1_i_12_n_0.  Did not re-place instance student_top_inst/Core_cpu/cpu_core/id_ex_inst/jump_en_d1_i_12
INFO: [Physopt 32-662] Processed net student_top_inst/Core_cpu/cpu_core/branch_predictor_inst/bp_fetch_pc_r_reg[30][12].  Did not re-place instance student_top_inst/Core_cpu/cpu_core/branch_predictor_inst/hold_pred_target_reg[12]_i_1
INFO: [Physopt 32-662] Processed net student_top_inst/Core_cpu/cpu_core/id_ex_inst/mtvec_r_reg[31][12].  Did not re-place instance student_top_inst/Core_cpu/cpu_core/id_ex_inst/pc_o[12]_i_1
INFO: [Physopt 32-662] Processed net student_top_inst/Core_cpu/cpu_core/if_id_inst/pred_target_o_reg[12]_0.  Did not re-place instance student_top_inst/Core_cpu/cpu_core/if_id_inst/pc_o[12]_i_4
INFO: [Physopt 32-662] Processed net student_top_inst/Core_cpu/cpu_core/pc_reg_inst/Q[12].  Did not re-place instance student_top_inst/Core_cpu/cpu_core/pc_reg_inst/pc_o_reg[12]
INFO: [Physopt 32-662] Processed net student_top_inst/Core_cpu/cpu_core/if_id_inst/b_imm_inst__19_n_0.  Did not re-place instance student_top_inst/Core_cpu/cpu_core/if_id_inst/b_imm_inst__19
INFO: [Physopt 32-662] Processed net student_top_inst/Core_cpu/cpu_core/id_ex_inst/mtvec_r_reg[31][6].  Did not re-place instance student_top_inst/Core_cpu/cpu_core/id_ex_inst/pc_o[6]_i_2
INFO: [Physopt 32-662] Processed net student_top_inst/Core_cpu/cpu_core/if_id_inst/pred_target_o_reg[6]_0.  Did not re-place instance student_top_inst/Core_cpu/cpu_core/if_id_inst/pc_o[6]_i_5
INFO: [Physopt 32-662] Processed net student_top_inst/Core_cpu/cpu_core/pc_reg_inst/Q[6].  Did not re-place instance student_top_inst/Core_cpu/cpu_core/pc_reg_inst/pc_o_reg[6]
INFO: [Physopt 32-662] Processed net student_top_inst/Core_cpu/cpu_core/if_id_inst/hold_pred_target_reg[3]_i_5_n_0.  Did not re-place instance student_top_inst/Core_cpu/cpu_core/if_id_inst/hold_pred_target_reg[3]_i_5
INFO: [Physopt 32-662] Processed net student_top_inst/Core_cpu/cpu_core/branch_predictor_inst/bp_fetch_pc_r_reg[30][23].  Did not re-place instance student_top_inst/Core_cpu/cpu_core/branch_predictor_inst/hold_pred_target_reg[23]_i_1
INFO: [Physopt 32-662] Processed net student_top_inst/Core_cpu/cpu_core/id_ex_inst/mtvec_r_reg[31][23].  Did not re-place instance student_top_inst/Core_cpu/cpu_core/id_ex_inst/pc_o[23]_i_1
INFO: [Physopt 32-662] Processed net student_top_inst/Core_cpu/cpu_core/if_id_inst/pred_target_o_reg[23]_0.  Did not re-place instance student_top_inst/Core_cpu/cpu_core/if_id_inst/pc_o[23]_i_4
INFO: [Physopt 32-662] Processed net student_top_inst/Core_cpu/cpu_core/pc_reg_inst/Q[23].  Did not re-place instance student_top_inst/Core_cpu/cpu_core/pc_reg_inst/pc_o_reg[23]
INFO: [Physopt 32-662] Processed net student_top_inst/Core_cpu/cpu_core/branch_predictor_inst/bp_fetch_pc_r_reg[30][6].  Did not re-place instance student_top_inst/Core_cpu/cpu_core/branch_predictor_inst/hold_pred_target_reg[6]_i_1
INFO: [Physopt 32-662] Processed net student_top_inst/Core_cpu/cpu_core/if_id_inst/b_imm_inst__9_n_0.  Did not re-place instance student_top_inst/Core_cpu/cpu_core/if_id_inst/b_imm_inst__9
INFO: [Physopt 32-662] Processed net student_top_inst/Core_cpu/cpu_core/branch_predictor_inst/bp_fetch_pc_r_reg[30][13].  Did not re-place instance student_top_inst/Core_cpu/cpu_core/branch_predictor_inst/hold_pred_target_reg[13]_i_1
INFO: [Physopt 32-662] Processed net student_top_inst/Core_cpu/cpu_core/id_ex_inst/mtvec_r_reg[31][13].  Did not re-place instance student_top_inst/Core_cpu/cpu_core/id_ex_inst/pc_o[13]_i_1
INFO: [Physopt 32-662] Processed net student_top_inst/Core_cpu/cpu_core/if_id_inst/pred_target_o_reg[13]_0.  Did not re-place instance student_top_inst/Core_cpu/cpu_core/if_id_inst/pc_o[13]_i_4
INFO: [Physopt 32-662] Processed net student_top_inst/Core_cpu/cpu_core/pc_reg_inst/Q[13].  Did not re-place instance student_top_inst/Core_cpu/cpu_core/pc_reg_inst/pc_o_reg[13]
INFO: [Physopt 32-662] Processed net student_top_inst/Core_cpu/cpu_core/if_id_inst/hold_pred_target_reg[29].  Did not re-place instance student_top_inst/Core_cpu/cpu_core/if_id_inst/hold_pred_target_reg_reg[29]
INFO: [Physopt 32-662] Processed net student_top_inst/Core_cpu/cpu_core/id_ex_inst/jump_en_d1_i_13_n_0.  Did not re-place instance student_top_inst/Core_cpu/cpu_core/id_ex_inst/jump_en_d1_i_13
INFO: [Physopt 32-662] Processed net student_top_inst/Core_cpu/cpu_core/if_id_inst/flush_ifid_o_inst_i_5_n_0.  Did not re-place instance student_top_inst/Core_cpu/cpu_core/if_id_inst/flush_ifid_o_inst_i_5
INFO: [Physopt 32-662] Processed net student_top_inst/Core_cpu/cpu_core/id_ex_inst/inst_o_reg[0]_0.  Did not re-place instance student_top_inst/Core_cpu/cpu_core/id_ex_inst/flush_ifid_o_inst_i_24
INFO: [Physopt 32-663] Processed net student_top_inst/Core_cpu/cpu_core/id_ex_inst/inst_o_reg[14]_rep__11_0[1].  Re-placed instance student_top_inst/Core_cpu/cpu_core/id_ex_inst/inst_o_reg[3]_rep__15
INFO: [Physopt 32-662] Processed net student_top_inst/Core_cpu/cpu_core/id_ex_inst/jump_en_d1_i_15_n_0.  Did not re-place instance student_top_inst/Core_cpu/cpu_core/id_ex_inst/jump_en_d1_i_15
INFO: [Physopt 32-662] Processed net student_top_inst/Core_cpu/cpu_core/branch_predictor_inst/bp_fetch_pc_r_reg[30][4].  Did not re-place instance student_top_inst/Core_cpu/cpu_core/branch_predictor_inst/hold_pred_target_reg[4]_i_1
INFO: [Physopt 32-663] Processed net student_top_inst/Core_cpu/cpu_core/id_ex_inst/mtvec_r_reg[31][4].  Re-placed instance student_top_inst/Core_cpu/cpu_core/id_ex_inst/pc_o[4]_i_1
INFO: [Physopt 32-662] Processed net student_top_inst/Core_cpu/cpu_core/if_id_inst/pred_target_o_reg[4]_0.  Did not re-place instance student_top_inst/Core_cpu/cpu_core/if_id_inst/pc_o[4]_i_4
INFO: [Physopt 32-662] Processed net student_top_inst/Core_cpu/cpu_core/pc_reg_inst/Q[4].  Did not re-place instance student_top_inst/Core_cpu/cpu_core/pc_reg_inst/pc_o_reg[4]
INFO: [Physopt 32-662] Processed net student_top_inst/Core_cpu/cpu_core/if_id_inst/if_id_inst_o[3].  Did not re-place instance student_top_inst/Core_cpu/cpu_core/if_id_inst/inst_o_reg[3]
INFO: [Physopt 32-662] Processed net student_top_inst/Core_cpu/cpu_core/if_id_inst/b_imm_inst__10_n_0.  Did not re-place instance student_top_inst/Core_cpu/cpu_core/if_id_inst/b_imm_inst__10
INFO: [Physopt 32-663] Processed net student_top_inst/Core_cpu/cpu_core/if_id_inst/Q[1].  Re-placed instance student_top_inst/Core_cpu/cpu_core/if_id_inst/inst_o_reg[16]
INFO: [Physopt 32-663] Processed net student_top_inst/Core_cpu/cpu_core/id_ex_inst/base_addr_o_reg[31]_0[2].  Re-placed instance student_top_inst/Core_cpu/cpu_core/id_ex_inst/base_addr_o_reg[2]
INFO: [Physopt 32-663] Processed net student_top_inst/Core_cpu/cpu_core/id_ex_inst/inst_o_reg[14]_rep__11_0[2].  Re-placed instance student_top_inst/Core_cpu/cpu_core/id_ex_inst/inst_o_reg[4]_rep__14
INFO: [Physopt 32-662] Processed net student_top_inst/Core_cpu/cpu_core/id_ex_inst/jump_en_d1_i_19_n_0.  Did not re-place instance student_top_inst/Core_cpu/cpu_core/id_ex_inst/jump_en_d1_i_19
INFO: [Physopt 32-662] Processed net student_top_inst/Core_cpu/cpu_core/if_id_inst/pred_target_o[28]_i_1_n_0.  Did not re-place instance student_top_inst/Core_cpu/cpu_core/if_id_inst/pred_target_o[28]_i_1
INFO: [Physopt 32-662] Processed net student_top_inst/Core_cpu/cpu_core/if_id_inst/if_id_pred_target_o[28].  Did not re-place instance student_top_inst/Core_cpu/cpu_core/if_id_inst/pred_target_o_reg[28]
INFO: [Physopt 32-662] Processed net student_top_inst/Core_cpu/cpu_core/if_id_inst/b_imm_inst__12_n_0.  Did not re-place instance student_top_inst/Core_cpu/cpu_core/if_id_inst/b_imm_inst__12
INFO: [Physopt 32-662] Processed net student_top_inst/Core_cpu/cpu_core/id_ex_inst/inst_o_reg[27]_0[0].  Did not re-place instance student_top_inst/Core_cpu/cpu_core/id_ex_inst/inst_o_reg[0]
INFO: [Physopt 32-663] Processed net student_top_inst/Core_cpu/cpu_core/id_ex_inst/inst_o_reg[27]_0[1].  Re-placed instance student_top_inst/Core_cpu/cpu_core/id_ex_inst/inst_o_reg[1]
INFO: [Physopt 32-663] Processed net student_top_inst/Core_cpu/cpu_core/mem1_mem2_inst/dff_inst/mem1_mem2_inst_o[1].  Re-placed instance student_top_inst/Core_cpu/cpu_core/mem1_mem2_inst/dff_inst/data_o_reg[1]
INFO: [Physopt 32-662] Processed net student_top_inst/Core_cpu/cpu_core/mem1_mem2_inst/dff_inst/data_o_reg[8]_0.  Did not re-place instance student_top_inst/Core_cpu/cpu_core/mem1_mem2_inst/dff_inst/flush_ifid_o_inst_i_40
INFO: [Physopt 32-662] Processed net student_top_inst/Core_cpu/cpu_core/mem1_mem2_inst/dff_inst/flush_ifid_o_inst_i_52_n_0.  Did not re-place instance student_top_inst/Core_cpu/cpu_core/mem1_mem2_inst/dff_inst/flush_ifid_o_inst_i_52
INFO: [Physopt 32-662] Processed net student_top_inst/Core_cpu/cpu_core/if_id_inst/b_imm_inst__11_n_0.  Did not re-place instance student_top_inst/Core_cpu/cpu_core/if_id_inst/b_imm_inst__11
INFO: [Physopt 32-662] Processed net student_top_inst/Core_cpu/cpu_core/id_ex_inst/is_rv32m.  Did not re-place instance student_top_inst/Core_cpu/cpu_core/id_ex_inst/pc_o[13]_i_8
INFO: [Physopt 32-662] Processed net student_top_inst/Core_cpu/cpu_core/ex_inst/rv32m_iter_inst/jump_en_d1_reg_9.  Did not re-place instance student_top_inst/Core_cpu/cpu_core/ex_inst/rv32m_iter_inst/flush_ifid_o_inst_i_18
INFO: [Physopt 32-662] Processed net student_top_inst/Core_cpu/cpu_core/if_id_inst/if_id_inst_o[5].  Did not re-place instance student_top_inst/Core_cpu/cpu_core/if_id_inst/inst_o_reg[5]
INFO: [Physopt 32-662] Processed net student_top_inst/Core_cpu/cpu_core/id_ex_inst/base_addr_o_reg[31]_0[1].  Did not re-place instance student_top_inst/Core_cpu/cpu_core/id_ex_inst/base_addr_o_reg[1]
INFO: [Physopt 32-663] Processed net student_top_inst/Core_cpu/cpu_core/mem2_align_inst/dff_inst/data_o_reg[11]_0[2].  Re-placed instance student_top_inst/Core_cpu/cpu_core/mem2_align_inst/dff_inst/data_o_reg[2]
INFO: [Physopt 32-662] Processed net student_top_inst/Core_cpu/cpu_core/mem2_align_inst/dff_inst/data_o_reg[7]_0.  Did not re-place instance student_top_inst/Core_cpu/cpu_core/mem2_align_inst/dff_inst/flush_ifid_o_inst_i_31
INFO: [Physopt 32-662] Processed net student_top_inst/Core_cpu/cpu_core/mem2_align_inst/dff_inst/flush_ifid_o_inst_i_45_n_0.  Did not re-place instance student_top_inst/Core_cpu/cpu_core/mem2_align_inst/dff_inst/flush_ifid_o_inst_i_45
INFO: [Physopt 32-662] Processed net student_top_inst/Core_cpu/cpu_core/if_id_inst/hold_pred_target_reg[7]_i_5_n_0.  Did not re-place instance student_top_inst/Core_cpu/cpu_core/if_id_inst/hold_pred_target_reg[7]_i_5
INFO: [Physopt 32-663] Processed net student_top_inst/Core_cpu/cpu_core/if_id_inst/Q[8].  Re-placed instance student_top_inst/Core_cpu/cpu_core/if_id_inst/inst_o_reg[23]
INFO: [Physopt 32-662] Processed net student_top_inst/Core_cpu/cpu_core/id_ex_inst/inst_o_reg[27]_0[9].  Did not re-place instance student_top_inst/Core_cpu/cpu_core/id_ex_inst/inst_o_reg[9]
INFO: [Physopt 32-662] Processed net student_top_inst/Core_cpu/cpu_core/mem1_mem2_inst/dff_inst/mem1_mem2_inst_o[8].  Did not re-place instance student_top_inst/Core_cpu/cpu_core/mem1_mem2_inst/dff_inst/data_o_reg[8]
INFO: [Physopt 32-662] Processed net student_top_inst/Core_cpu/cpu_core/id_ex_inst/jump_en_d1_i_14_n_0.  Did not re-place instance student_top_inst/Core_cpu/cpu_core/id_ex_inst/jump_en_d1_i_14
INFO: [Physopt 32-662] Processed net student_top_inst/Core_cpu/cpu_core/if_id_inst/data_o_reg[8].  Did not re-place instance student_top_inst/Core_cpu/cpu_core/if_id_inst/flush_ifid_o_inst_i_32
INFO: [Physopt 32-662] Processed net student_top_inst/Core_cpu/cpu_core/if_id_inst/flush_ifid_o_inst_i_48_n_0.  Did not re-place instance student_top_inst/Core_cpu/cpu_core/if_id_inst/flush_ifid_o_inst_i_48
INFO: [Physopt 32-662] Processed net student_top_inst/Core_cpu/cpu_core/id_ex_inst/base_addr_o_reg[31]_0[0].  Did not re-place instance student_top_inst/Core_cpu/cpu_core/id_ex_inst/base_addr_o_reg[0]
INFO: [Physopt 32-663] Processed net student_top_inst/Core_cpu/cpu_core/id_ex_inst/jump_offset_o_reg[31]_0[3].  Re-placed instance student_top_inst/Core_cpu/cpu_core/id_ex_inst/jump_offset_o_reg[3]
INFO: [Physopt 32-662] Processed net student_top_inst/Core_cpu/cpu_core/id_ex_inst/pc_o[3]_i_8_n_0.  Did not re-place instance student_top_inst/Core_cpu/cpu_core/id_ex_inst/pc_o[3]_i_8
INFO: [Physopt 32-662] Processed net student_top_inst/Core_cpu/cpu_core/id_ex_inst/jump_en_d1_i_10_n_0.  Did not re-place instance student_top_inst/Core_cpu/cpu_core/id_ex_inst/jump_en_d1_i_10
INFO: [Physopt 32-662] Processed net student_top_inst/Core_cpu/cpu_core/id_ex_inst/jump_offset_o_reg[31]_0[4].  Did not re-place instance student_top_inst/Core_cpu/cpu_core/id_ex_inst/jump_offset_o_reg[4]
INFO: [Physopt 32-662] Processed net student_top_inst/Core_cpu/cpu_core/id_ex_inst/pc_o[7]_i_11_n_0.  Did not re-place instance student_top_inst/Core_cpu/cpu_core/id_ex_inst/pc_o[7]_i_11
INFO: [Physopt 32-662] Processed net student_top_inst/Core_cpu/cpu_core/if_id_inst/flush_ifid_o_inst_i_2_n_0.  Did not re-place instance student_top_inst/Core_cpu/cpu_core/if_id_inst/flush_ifid_o_inst_i_2
INFO: [Physopt 32-662] Processed net student_top_inst/Core_cpu/cpu_core/if_id_inst/if_id_inst_o[13].  Did not re-place instance student_top_inst/Core_cpu/cpu_core/if_id_inst/inst_o_reg[13]
INFO: [Physopt 32-662] Processed net student_top_inst/Core_cpu/cpu_core/if_id_inst/j_imm_inst__8_n_0.  Did not re-place instance student_top_inst/Core_cpu/cpu_core/if_id_inst/j_imm_inst__8
INFO: [Physopt 32-662] Processed net student_top_inst/Core_cpu/cpu_core/id_ex_inst/pc_o[3]_i_9_n_0.  Did not re-place instance student_top_inst/Core_cpu/cpu_core/id_ex_inst/pc_o[3]_i_9
INFO: [Physopt 32-662] Processed net student_top_inst/Core_cpu/cpu_core/if_id_inst/Q[3].  Did not re-place instance student_top_inst/Core_cpu/cpu_core/if_id_inst/inst_o_reg[18]
INFO: [Physopt 32-662] Processed net student_top_inst/Core_cpu/cpu_core/mem1_mem2_inst/dff_inst/mem1_mem2_inst_o[0].  Did not re-place instance student_top_inst/Core_cpu/cpu_core/mem1_mem2_inst/dff_inst/data_o_reg[0]
INFO: [Physopt 32-662] Processed net student_top_inst/Core_cpu/cpu_core/if_id_inst/hold_pred_target_reg[30].  Did not re-place instance student_top_inst/Core_cpu/cpu_core/if_id_inst/hold_pred_target_reg_reg[30]
INFO: [Physopt 32-662] Processed net student_top_inst/Core_cpu/cpu_core/mem1_mem2_inst/dff_inst/mem1_mem2_inst_o[7].  Did not re-place instance student_top_inst/Core_cpu/cpu_core/mem1_mem2_inst/dff_inst/data_o_reg[7]
INFO: [Physopt 32-662] Processed net student_top_inst/Core_cpu/cpu_core/if_id_inst/j_imm_inst__7_n_0.  Did not re-place instance student_top_inst/Core_cpu/cpu_core/if_id_inst/j_imm_inst__7
INFO: [Physopt 32-663] Processed net student_top_inst/Core_cpu/cpu_core/ex_mem_inst/dff_inst/flush_ifid_o_inst_i_16_n_0.  Re-placed instance student_top_inst/Core_cpu/cpu_core/ex_mem_inst/dff_inst/flush_ifid_o_inst_i_16
INFO: [Physopt 32-662] Processed net student_top_inst/Core_cpu/cpu_core/ex_mem_inst/dff_inst/flush_ifid_o_inst_i_36_n_0.  Did not re-place instance student_top_inst/Core_cpu/cpu_core/ex_mem_inst/dff_inst/flush_ifid_o_inst_i_36
INFO: [Physopt 32-662] Processed net student_top_inst/Core_cpu/cpu_core/ex_mem_inst/dff_inst/ex_mem_inst_o[0].  Did not re-place instance student_top_inst/Core_cpu/cpu_core/ex_mem_inst/dff_inst/data_o_reg[0]
INFO: [Physopt 32-662] Processed net student_top_inst/Core_cpu/cpu_core/id_ex_inst/jump_en_d1_i_8_n_0.  Did not re-place instance student_top_inst/Core_cpu/cpu_core/id_ex_inst/jump_en_d1_i_8
INFO: [Physopt 32-662] Processed net student_top_inst/Core_cpu/cpu_core/mem2_align_inst/dff_inst/data_o_reg[11]_0[5].  Did not re-place instance student_top_inst/Core_cpu/cpu_core/mem2_align_inst/dff_inst/data_o_reg[5]
INFO: [Physopt 32-662] Processed net student_top_inst/Core_cpu/cpu_core/if_id_inst/flush_ifid_o_inst_i_39_n_0.  Did not re-place instance student_top_inst/Core_cpu/cpu_core/if_id_inst/flush_ifid_o_inst_i_39
INFO: [Physopt 32-662] Processed net student_top_inst/Core_cpu/cpu_core/if_id_inst/pred_target_o[30]_i_1_n_0.  Did not re-place instance student_top_inst/Core_cpu/cpu_core/if_id_inst/pred_target_o[30]_i_1
INFO: [Physopt 32-662] Processed net student_top_inst/Core_cpu/cpu_core/if_id_inst/if_id_pred_target_o[30].  Did not re-place instance student_top_inst/Core_cpu/cpu_core/if_id_inst/pred_target_o_reg[30]
INFO: [Physopt 32-662] Processed net student_top_inst/Core_cpu/cpu_core/id_ex_inst/inst_o_reg[14]_rep__11_0[0].  Did not re-place instance student_top_inst/Core_cpu/cpu_core/id_ex_inst/inst_o_reg[2]_rep__13
INFO: [Physopt 32-662] Processed net student_top_inst/Core_cpu/cpu_core/id_ex_inst/id_ex_is_branch_w.  Did not re-place instance student_top_inst/Core_cpu/cpu_core/id_ex_inst/rs1_match_ex_mem_inst_i_3
INFO: [Physopt 32-662] Processed net student_top_inst/Core_cpu/cpu_core/id_ex_inst/data_o[26]_i_18_n_0.  Did not re-place instance student_top_inst/Core_cpu/cpu_core/id_ex_inst/data_o[26]_i_18
INFO: [Physopt 32-661] Optimized 19 nets.  Re-placed 19 instances.
INFO: [Physopt 32-775] End 1 Pass. Optimized 19 nets or cells. Created 0 new cell, deleted 0 existing cell and moved 19 existing cells
INFO: [Physopt 32-619] Estimated Timing Summary | WNS=-0.164 | TNS=-1.163 |
Netlist sorting complete. Time (s): cpu = 00:00:00 ; elapsed = 00:00:00.004 . Memory (MB): peak = 2272.652 ; gain = 0.000
Phase 9 Single Cell Placement Optimization | Checksum: 1bc115ffa

Time (s): cpu = 00:01:43 ; elapsed = 00:01:04 . Memory (MB): peak = 2272.652 ; gain = 0.000

Phase 10 Multi Cell Placement Optimization
INFO: [Physopt 32-660] Identified 100 candidate nets for placement-based optimization.
INFO: [Physopt 32-662] Processed net student_top_inst/Core_cpu/cpu_core/branch_predictor_inst/bp_fetch_pc_r_reg[30][30].  Did not re-place instance student_top_inst/Core_cpu/cpu_core/branch_predictor_inst/hold_pred_target_reg[30]_i_1/O
INFO: [Physopt 32-662] Processed net student_top_inst/Core_cpu/cpu_core/id_ex_inst/mtvec_r_reg[31][30].  Did not re-place instance student_top_inst/Core_cpu/cpu_core/id_ex_inst/pc_o[30]_i_2/O
INFO: [Physopt 32-662] Processed net student_top_inst/Core_cpu/cpu_core/if_id_inst/pred_target_o_reg[30]_0.  Did not re-place instance student_top_inst/Core_cpu/cpu_core/if_id_inst/pc_o[30]_i_5/O
INFO: [Physopt 32-662] Processed net student_top_inst/Core_cpu/cpu_core/branch_predictor_inst/bp_fetch_pc_r_reg[30][26].  Did not re-place instance student_top_inst/Core_cpu/cpu_core/branch_predictor_inst/hold_pred_target_reg[26]_i_1/O
INFO: [Physopt 32-662] Processed net student_top_inst/Core_cpu/cpu_core/id_ex_inst/mtvec_r_reg[31][26].  Did not re-place instance student_top_inst/Core_cpu/cpu_core/id_ex_inst/pc_o[26]_i_1/O
INFO: [Physopt 32-662] Processed net student_top_inst/Core_cpu/cpu_core/if_id_inst/pred_target_o_reg[26]_0.  Did not re-place instance student_top_inst/Core_cpu/cpu_core/if_id_inst/pc_o[26]_i_4/O
INFO: [Physopt 32-662] Processed net student_top_inst/Core_cpu/cpu_core/branch_predictor_inst/bp_fetch_pc_r_reg[30][29].  Did not re-place instance student_top_inst/Core_cpu/cpu_core/branch_predictor_inst/hold_pred_target_reg[29]_i_1/O
INFO: [Physopt 32-662] Processed net student_top_inst/Core_cpu/cpu_core/id_ex_inst/mtvec_r_reg[31][29].  Did not re-place instance student_top_inst/Core_cpu/cpu_core/id_ex_inst/pc_o[29]_i_1/O
INFO: [Physopt 32-662] Processed net student_top_inst/Core_cpu/cpu_core/if_id_inst/pred_target_o_reg[29]_0.  Did not re-place instance student_top_inst/Core_cpu/cpu_core/if_id_inst/pc_o[29]_i_4/O
INFO: [Physopt 32-662] Processed net student_top_inst/Core_cpu/cpu_core/branch_predictor_inst/bp_fetch_pc_r_reg[30][27].  Did not re-place instance student_top_inst/Core_cpu/cpu_core/branch_predictor_inst/hold_pred_target_reg[27]_i_1/O
INFO: [Physopt 32-662] Processed net student_top_inst/Core_cpu/cpu_core/branch_predictor_inst/bp_fetch_pc_r_reg[30][28].  Did not re-place instance student_top_inst/Core_cpu/cpu_core/branch_predictor_inst/hold_pred_target_reg[28]_i_1/O
INFO: [Physopt 32-662] Processed net student_top_inst/Core_cpu/cpu_core/id_ex_inst/mtvec_r_reg[31][27].  Did not re-place instance student_top_inst/Core_cpu/cpu_core/id_ex_inst/pc_o[27]_i_1/O
INFO: [Physopt 32-662] Processed net student_top_inst/Core_cpu/cpu_core/id_ex_inst/mtvec_r_reg[31][28].  Did not re-place instance student_top_inst/Core_cpu/cpu_core/id_ex_inst/pc_o[28]_i_1/O
INFO: [Physopt 32-662] Processed net student_top_inst/Core_cpu/cpu_core/if_id_inst/pred_target_o_reg[27]_0.  Did not re-place instance student_top_inst/Core_cpu/cpu_core/if_id_inst/pc_o[27]_i_4/O
INFO: [Physopt 32-662] Processed net student_top_inst/Core_cpu/cpu_core/if_id_inst/pred_target_o_reg[28]_0.  Did not re-place instance student_top_inst/Core_cpu/cpu_core/if_id_inst/pc_o[28]_i_4/O
INFO: [Physopt 32-662] Processed net student_top_inst/Core_cpu/cpu_core/branch_predictor_inst/bp_fetch_pc_r_reg[30][25].  Did not re-place instance student_top_inst/Core_cpu/cpu_core/branch_predictor_inst/hold_pred_target_reg[25]_i_1/O
INFO: [Physopt 32-662] Processed net student_top_inst/Core_cpu/cpu_core/id_ex_inst/mtvec_r_reg[31][25].  Did not re-place instance student_top_inst/Core_cpu/cpu_core/id_ex_inst/pc_o[25]_i_1/O
INFO: [Physopt 32-662] Processed net student_top_inst/Core_cpu/cpu_core/if_id_inst/pred_target_o_reg[25]_0.  Did not re-place instance student_top_inst/Core_cpu/cpu_core/if_id_inst/pc_o[25]_i_4/O
INFO: [Physopt 32-662] Processed net student_top_inst/Core_cpu/cpu_core/branch_predictor_inst/bp_fetch_pc_r_reg[30][22].  Did not re-place instance student_top_inst/Core_cpu/cpu_core/branch_predictor_inst/hold_pred_target_reg[22]_i_1/O
INFO: [Physopt 32-662] Processed net student_top_inst/Core_cpu/cpu_core/id_ex_inst/mtvec_r_reg[31][22].  Did not re-place instance student_top_inst/Core_cpu/cpu_core/id_ex_inst/pc_o[22]_i_2/O
INFO: [Physopt 32-662] Processed net student_top_inst/Core_cpu/cpu_core/if_id_inst/pred_target_o_reg[22]_0.  Did not re-place instance student_top_inst/Core_cpu/cpu_core/if_id_inst/pc_o[22]_i_5/O
INFO: [Physopt 32-662] Processed net student_top_inst/Core_cpu/cpu_core/if_id_inst/bp_fetch_redirect.  Did not re-place instance student_top_inst/Core_cpu/cpu_core/if_id_inst/pc_o[31]_i_11/O
INFO: [Physopt 32-662] Processed net student_top_inst/Core_cpu/cpu_core/if_id_inst/bp_fetch_valid_r_reg.  Did not re-place instance student_top_inst/Core_cpu/cpu_core/if_id_inst/hold_pred_target_reg[31]_i_4/O
INFO: [Physopt 32-662] Processed net student_top_inst/Core_cpu/cpu_core/branch_predictor_inst/bp_pred_taken_o.  Did not re-place instance student_top_inst/Core_cpu/cpu_core/branch_predictor_inst/hold_pred_taken_reg_i_1/O
INFO: [Physopt 32-662] Processed net student_top_inst/Core_cpu/cpu_core/branch_predictor_inst/bp_fetch_pc_r_reg[30][31].  Did not re-place instance student_top_inst/Core_cpu/cpu_core/branch_predictor_inst/hold_pred_target_reg[31]_i_1/O
INFO: [Physopt 32-662] Processed net student_top_inst/Core_cpu/cpu_core/id_ex_inst/mtvec_r_reg[31][31].  Did not re-place instance student_top_inst/Core_cpu/cpu_core/id_ex_inst/pc_o[31]_i_1/O
INFO: [Physopt 32-662] Processed net student_top_inst/Core_cpu/cpu_core/if_id_inst/pred_target_o_reg[31]_0.  Did not re-place instance student_top_inst/Core_cpu/cpu_core/if_id_inst/pc_o[31]_i_4/O
INFO: [Physopt 32-662] Processed net student_top_inst/Core_cpu/cpu_core/branch_predictor_inst/bp_fetch_pc_r_reg[30][21].  Did not re-place instance student_top_inst/Core_cpu/cpu_core/branch_predictor_inst/hold_pred_target_reg[21]_i_1/O
INFO: [Physopt 32-662] Processed net student_top_inst/Core_cpu/cpu_core/id_ex_inst/mtvec_r_reg[31][21].  Did not re-place instance student_top_inst/Core_cpu/cpu_core/id_ex_inst/pc_o[21]_i_1/O
INFO: [Physopt 32-663] Processed net student_top_inst/Core_cpu/cpu_core/if_id_inst/pred_target_o_reg[21]_0.  Re-placed instance student_top_inst/Core_cpu/cpu_core/if_id_inst/pc_o[21]_i_4/O
INFO: [Physopt 32-662] Processed net student_top_inst/Core_cpu/cpu_core/if_id_inst/pc_jump_en_o.  Did not re-place instance student_top_inst/Core_cpu/cpu_core/if_id_inst/pc_o[31]_i_6/O
INFO: [Physopt 32-662] Processed net student_top_inst/Core_cpu/cpu_core/branch_predictor_inst/bp_fetch_pc_r_reg[30][17].  Did not re-place instance student_top_inst/Core_cpu/cpu_core/branch_predictor_inst/hold_pred_target_reg[17]_i_1/O
INFO: [Physopt 32-662] Processed net student_top_inst/Core_cpu/cpu_core/id_ex_inst/mtvec_r_reg[31][17].  Did not re-place instance student_top_inst/Core_cpu/cpu_core/id_ex_inst/pc_o[17]_i_1/O
INFO: [Physopt 32-662] Processed net student_top_inst/Core_cpu/cpu_core/if_id_inst/pred_target_o_reg[17]_0.  Did not re-place instance student_top_inst/Core_cpu/cpu_core/if_id_inst/pc_o[17]_i_4/O
INFO: [Physopt 32-662] Processed net student_top_inst/Core_cpu/cpu_core/if_id_inst/pred_target_o[27]_i_1_n_0.  Did not re-place instance student_top_inst/Core_cpu/cpu_core/if_id_inst/pred_target_o[27]_i_1/O
INFO: [Physopt 32-662] Processed net student_top_inst/Core_cpu/cpu_core/branch_predictor_inst/bp_fetch_pc_r_reg[30][20].  Did not re-place instance student_top_inst/Core_cpu/cpu_core/branch_predictor_inst/hold_pred_target_reg[20]_i_1/O
INFO: [Physopt 32-662] Processed net student_top_inst/Core_cpu/cpu_core/id_ex_inst/mtvec_r_reg[31][20].  Did not re-place instance student_top_inst/Core_cpu/cpu_core/id_ex_inst/pc_o[20]_i_1/O
INFO: [Physopt 32-662] Processed net student_top_inst/Core_cpu/cpu_core/if_id_inst/pred_target_o_reg[20]_0.  Did not re-place instance student_top_inst/Core_cpu/cpu_core/if_id_inst/pc_o[20]_i_4/O
INFO: [Physopt 32-662] Processed net student_top_inst/Core_cpu/cpu_core/branch_predictor_inst/bp_fetch_pc_r_reg[30][15].  Did not re-place instance student_top_inst/Core_cpu/cpu_core/branch_predictor_inst/hold_pred_target_reg[15]_i_1/O
INFO: [Physopt 32-662] Processed net student_top_inst/Core_cpu/cpu_core/id_ex_inst/mtvec_r_reg[31][15].  Did not re-place instance student_top_inst/Core_cpu/cpu_core/id_ex_inst/pc_o[15]_i_1/O
INFO: [Physopt 32-662] Processed net student_top_inst/Core_cpu/cpu_core/id_ex_inst/mtvec_r_reg[31][24].  Did not re-place instance student_top_inst/Core_cpu/cpu_core/id_ex_inst/pc_o[24]_i_1/O
INFO: [Physopt 32-662] Processed net student_top_inst/Core_cpu/cpu_core/if_id_inst/pred_target_o_reg[15]_0.  Did not re-place instance student_top_inst/Core_cpu/cpu_core/if_id_inst/pc_o[15]_i_4/O
INFO: [Physopt 32-662] Processed net student_top_inst/Core_cpu/cpu_core/if_id_inst/pred_target_o_reg[24]_0.  Did not re-place instance student_top_inst/Core_cpu/cpu_core/if_id_inst/pc_o[24]_i_4/O
INFO: [Physopt 32-662] Processed net student_top_inst/Core_cpu/cpu_core/branch_predictor_inst/bp_fetch_pc_r_reg[30][24].  Did not re-place instance student_top_inst/Core_cpu/cpu_core/branch_predictor_inst/hold_pred_target_reg[24]_i_1/O
INFO: [Physopt 32-661] Optimized 1 net.  Re-placed 2 instances.
INFO: [Physopt 32-775] End 1 Pass. Optimized 1 net or cell. Created 0 new cell, deleted 0 existing cell and moved 2 existing cells
INFO: [Physopt 32-619] Estimated Timing Summary | WNS=-0.164 | TNS=-1.162 |
Netlist sorting complete. Time (s): cpu = 00:00:00 ; elapsed = 00:00:00.002 . Memory (MB): peak = 2272.652 ; gain = 0.000
Phase 10 Multi Cell Placement Optimization | Checksum: 16bf24eb4

Time (s): cpu = 00:01:45 ; elapsed = 00:01:08 . Memory (MB): peak = 2272.652 ; gain = 0.000

Phase 11 Rewire
INFO: [Physopt 32-246] Starting Signal Push optimization...
INFO: [Physopt 32-241] No nets found for rewiring () optimization.
INFO: [Physopt 32-232] Optimized 0 net. Created 0 new instance.
INFO: [Physopt 32-775] End 1 Pass. Optimized 0 net or cell. Created 0 new cell, deleted 0 existing cell and moved 0 existing cell
Netlist sorting complete. Time (s): cpu = 00:00:00 ; elapsed = 00:00:00.002 . Memory (MB): peak = 2272.652 ; gain = 0.000
Phase 11 Rewire | Checksum: 16bf24eb4

Time (s): cpu = 00:01:45 ; elapsed = 00:01:08 . Memory (MB): peak = 2272.652 ; gain = 0.000

Phase 12 Critical Cell Optimization
INFO: [Physopt 32-46] Identified 9 candidate nets for critical-cell optimization.
INFO: [Physopt 32-571] Net student_top_inst/Core_cpu/cpu_core/ex_mem_inst/dff_inst/done_r_reg_rep__41_0 was not replicated.
INFO: [Physopt 32-571] Net student_top_inst/Core_cpu/cpu_core/if_id_inst/id_use_rs1_o was not replicated.
INFO: [Physopt 32-571] Net student_top_inst/Core_cpu/cpu_core/if_id_inst/inst_o_reg[5]_rep__11 was not replicated.
INFO: [Physopt 32-571] Net student_top_inst/Core_cpu/cpu_core/if_id_inst/id_use_rs2_o was not replicated.
INFO: [Physopt 32-571] Net student_top_inst/Core_cpu/cpu_core/id_ex_inst/ex_jump_en_o was not replicated.
INFO: [Physopt 32-571] Net student_top_inst/Core_cpu/cpu_core/branch_predictor_inst/bp_fetch_pc_r_reg[30][14] was not replicated.
INFO: [Physopt 32-571] Net student_top_inst/Core_cpu/cpu_core/id_ex_inst/inst_o_reg[27]_0[7] was not replicated.
INFO: [Physopt 32-571] Net student_top_inst/Core_cpu/cpu_core/if_id_inst/inst_o_reg[18]_1 was not replicated.
INFO: [Physopt 32-571] Net student_top_inst/Core_cpu/cpu_core/mem1_mem2_inst/dff_inst/data_o_reg[3]_0 was not replicated.
INFO: [Physopt 32-232] Optimized 0 net. Created 0 new instance.
INFO: [Physopt 32-775] End 1 Pass. Optimized 0 net or cell. Created 0 new cell, deleted 0 existing cell and moved 0 existing cell
Phase 12 Critical Cell Optimization | Checksum: 16bf24eb4

Time (s): cpu = 00:01:45 ; elapsed = 00:01:08 . Memory (MB): peak = 2272.652 ; gain = 0.000

Phase 13 SLR Crossing Optimization
Phase 13 SLR Crossing Optimization | Checksum: 16bf24eb4

Time (s): cpu = 00:01:45 ; elapsed = 00:01:08 . Memory (MB): peak = 2272.652 ; gain = 0.000

Phase 14 Fanout Optimization
INFO: [Physopt 32-76] Pass 1. Identified 3 candidate nets for fanout optimization.
INFO: [Physopt 32-572] Net student_top_inst/Core_cpu/cpu_core/id_ex_inst/id_ex_is_branch_w was not replicated.
Resolution: phys_opt_design can be forced to replicate a net driver using the option -force_replication_on_nets <list of net objects>.
INFO: [Physopt 32-572] Net student_top_inst/Core_cpu/cpu_core/id_ex_inst/forwarding_inst/base_sel was not replicated.
Resolution: phys_opt_design can be forced to replicate a net driver using the option -force_replication_on_nets <list of net objects>.
INFO: [Physopt 32-572] Net student_top_inst/Core_cpu/cpu_core/if_id_inst/inst_o[31]_i_4_n_0 was not replicated.
Resolution: phys_opt_design can be forced to replicate a net driver using the option -force_replication_on_nets <list of net objects>.
INFO: [Physopt 32-232] Optimized 0 net. Created 0 new instance.
INFO: [Physopt 32-775] End 1 Pass. Optimized 0 net or cell. Created 0 new cell, deleted 0 existing cell and moved 0 existing cell
Netlist sorting complete. Time (s): cpu = 00:00:00 ; elapsed = 00:00:00.008 . Memory (MB): peak = 2272.652 ; gain = 0.000
Phase 14 Fanout Optimization | Checksum: 16bf24eb4

Time (s): cpu = 00:01:46 ; elapsed = 00:01:08 . Memory (MB): peak = 2272.652 ; gain = 0.000

Phase 15 Single Cell Placement Optimization
INFO: [Physopt 32-660] Identified 250 candidate nets for placement-based optimization.
INFO: [Physopt 32-662] Processed net student_top_inst/Core_cpu/cpu_core/branch_predictor_inst/bp_fetch_pc_r_reg[30][30].  Did not re-place instance student_top_inst/Core_cpu/cpu_core/branch_predictor_inst/hold_pred_target_reg[30]_i_1
INFO: [Physopt 32-662] Processed net student_top_inst/Core_cpu/cpu_core/id_ex_inst/mtvec_r_reg[31][30].  Did not re-place instance student_top_inst/Core_cpu/cpu_core/id_ex_inst/pc_o[30]_i_2
INFO: [Physopt 32-662] Processed net student_top_inst/Core_cpu/cpu_core/if_id_inst/b_imm_inst__22_n_0.  Did not re-place instance student_top_inst/Core_cpu/cpu_core/if_id_inst/b_imm_inst__22
INFO: [Physopt 32-662] Processed net student_top_inst/Core_cpu/cpu_core/if_id_inst/pred_target_o_reg[30]_0.  Did not re-place instance student_top_inst/Core_cpu/cpu_core/if_id_inst/pc_o[30]_i_5
INFO: [Physopt 32-662] Processed net student_top_inst/Core_cpu/cpu_core/pc_reg_inst/Q[30].  Did not re-place instance student_top_inst/Core_cpu/cpu_core/pc_reg_inst/pc_o_reg[30]
INFO: [Physopt 32-662] Processed net student_top_inst/Core_cpu/cpu_core/branch_predictor_inst/bp_fetch_pc_r_reg[30][26].  Did not re-place instance student_top_inst/Core_cpu/cpu_core/branch_predictor_inst/hold_pred_target_reg[26]_i_1
INFO: [Physopt 32-662] Processed net student_top_inst/Core_cpu/cpu_core/id_ex_inst/mtvec_r_reg[31][26].  Did not re-place instance student_top_inst/Core_cpu/cpu_core/id_ex_inst/pc_o[26]_i_1
INFO: [Physopt 32-662] Processed net student_top_inst/Core_cpu/cpu_core/if_id_inst/pred_target_o_reg[26]_0.  Did not re-place instance student_top_inst/Core_cpu/cpu_core/if_id_inst/pc_o[26]_i_4
INFO: [Physopt 32-662] Processed net student_top_inst/Core_cpu/cpu_core/pc_reg_inst/Q[26].  Did not re-place instance student_top_inst/Core_cpu/cpu_core/pc_reg_inst/pc_o_reg[26]
INFO: [Physopt 32-662] Processed net student_top_inst/Core_cpu/cpu_core/branch_predictor_inst/bp_fetch_pc_r_reg[30][29].  Did not re-place instance student_top_inst/Core_cpu/cpu_core/branch_predictor_inst/hold_pred_target_reg[29]_i_1
INFO: [Physopt 32-662] Processed net student_top_inst/Core_cpu/cpu_core/id_ex_inst/mtvec_r_reg[31][29].  Did not re-place instance student_top_inst/Core_cpu/cpu_core/id_ex_inst/pc_o[29]_i_1
INFO: [Physopt 32-662] Processed net student_top_inst/Core_cpu/cpu_core/if_id_inst/b_imm_inst__25_n_0.  Did not re-place instance student_top_inst/Core_cpu/cpu_core/if_id_inst/b_imm_inst__25
INFO: [Physopt 32-662] Processed net student_top_inst/Core_cpu/cpu_core/if_id_inst/pred_target_o_reg[29]_0.  Did not re-place instance student_top_inst/Core_cpu/cpu_core/if_id_inst/pc_o[29]_i_4
INFO: [Physopt 32-662] Processed net student_top_inst/Core_cpu/cpu_core/pc_reg_inst/Q[29].  Did not re-place instance student_top_inst/Core_cpu/cpu_core/pc_reg_inst/pc_o_reg[29]
INFO: [Physopt 32-662] Processed net student_top_inst/Core_cpu/cpu_core/if_id_inst/b_imm_inst__28_n_0.  Did not re-place instance student_top_inst/Core_cpu/cpu_core/if_id_inst/b_imm_inst__28
INFO: [Physopt 32-662] Processed net student_top_inst/Core_cpu/cpu_core/branch_predictor_inst/bp_fetch_pc_r_reg[30][27].  Did not re-place instance student_top_inst/Core_cpu/cpu_core/branch_predictor_inst/hold_pred_target_reg[27]_i_1
INFO: [Physopt 32-662] Processed net student_top_inst/Core_cpu/cpu_core/branch_predictor_inst/bp_fetch_pc_r_reg[30][28].  Did not re-place instance student_top_inst/Core_cpu/cpu_core/branch_predictor_inst/hold_pred_target_reg[28]_i_1
INFO: [Physopt 32-662] Processed net student_top_inst/Core_cpu/cpu_core/id_ex_inst/mtvec_r_reg[31][27].  Did not re-place instance student_top_inst/Core_cpu/cpu_core/id_ex_inst/pc_o[27]_i_1
INFO: [Physopt 32-662] Processed net student_top_inst/Core_cpu/cpu_core/id_ex_inst/mtvec_r_reg[31][28].  Did not re-place instance student_top_inst/Core_cpu/cpu_core/id_ex_inst/pc_o[28]_i_1
INFO: [Physopt 32-662] Processed net student_top_inst/Core_cpu/cpu_core/if_id_inst/hold_pred_target_reg[11]_i_7_n_0.  Did not re-place instance student_top_inst/Core_cpu/cpu_core/if_id_inst/hold_pred_target_reg[11]_i_7
INFO: [Physopt 32-662] Processed net student_top_inst/Core_cpu/cpu_core/if_id_inst/pred_target_o_reg[27]_0.  Did not re-place instance student_top_inst/Core_cpu/cpu_core/if_id_inst/pc_o[27]_i_4
INFO: [Physopt 32-662] Processed net student_top_inst/Core_cpu/cpu_core/if_id_inst/pred_target_o_reg[28]_0.  Did not re-place instance student_top_inst/Core_cpu/cpu_core/if_id_inst/pc_o[28]_i_4
INFO: [Physopt 32-662] Processed net student_top_inst/Core_cpu/cpu_core/pc_reg_inst/Q[27].  Did not re-place instance student_top_inst/Core_cpu/cpu_core/pc_reg_inst/pc_o_reg[27]
INFO: [Physopt 32-662] Processed net student_top_inst/Core_cpu/cpu_core/pc_reg_inst/Q[28].  Did not re-place instance student_top_inst/Core_cpu/cpu_core/pc_reg_inst/pc_o_reg[28]
INFO: [Physopt 32-662] Processed net student_top_inst/Core_cpu/cpu_core/if_id_inst/b_imm_inst__26_n_0.  Did not re-place instance student_top_inst/Core_cpu/cpu_core/if_id_inst/b_imm_inst__26
INFO: [Physopt 32-662] Processed net student_top_inst/Core_cpu/cpu_core/branch_predictor_inst/bp_fetch_pc_r_reg[30][25].  Did not re-place instance student_top_inst/Core_cpu/cpu_core/branch_predictor_inst/hold_pred_target_reg[25]_i_1
INFO: [Physopt 32-662] Processed net student_top_inst/Core_cpu/cpu_core/id_ex_inst/mtvec_r_reg[31][25].  Did not re-place instance student_top_inst/Core_cpu/cpu_core/id_ex_inst/pc_o[25]_i_1
INFO: [Physopt 32-662] Processed net student_top_inst/Core_cpu/cpu_core/if_id_inst/pred_target_o_reg[25]_0.  Did not re-place instance student_top_inst/Core_cpu/cpu_core/if_id_inst/pc_o[25]_i_4
INFO: [Physopt 32-662] Processed net student_top_inst/Core_cpu/cpu_core/pc_reg_inst/Q[25].  Did not re-place instance student_top_inst/Core_cpu/cpu_core/pc_reg_inst/pc_o_reg[25]
INFO: [Physopt 32-662] Processed net student_top_inst/Core_cpu/cpu_core/if_id_inst/j_imm_inst__12_n_0.  Did not re-place instance student_top_inst/Core_cpu/cpu_core/if_id_inst/j_imm_inst__12
INFO: [Physopt 32-662] Processed net student_top_inst/Core_cpu/cpu_core/if_id_inst/b_imm_inst__27_n_0.  Did not re-place instance student_top_inst/Core_cpu/cpu_core/if_id_inst/b_imm_inst__27
INFO: [Physopt 32-662] Processed net student_top_inst/Core_cpu/cpu_core/if_id_inst/b_imm_inst__29_n_0.  Did not re-place instance student_top_inst/Core_cpu/cpu_core/if_id_inst/b_imm_inst__29
INFO: [Physopt 32-662] Processed net student_top_inst/Core_cpu/cpu_core/if_id_inst/j_imm_inst__17_n_0.  Did not re-place instance student_top_inst/Core_cpu/cpu_core/if_id_inst/j_imm_inst__17
INFO: [Physopt 32-662] Processed net student_top_inst/Core_cpu/cpu_core/branch_predictor_inst/bp_fetch_pc_r_reg[30][22].  Did not re-place instance student_top_inst/Core_cpu/cpu_core/branch_predictor_inst/hold_pred_target_reg[22]_i_1
INFO: [Physopt 32-662] Processed net student_top_inst/Core_cpu/cpu_core/id_ex_inst/mtvec_r_reg[31][22].  Did not re-place instance student_top_inst/Core_cpu/cpu_core/id_ex_inst/pc_o[22]_i_2
INFO: [Physopt 32-662] Processed net student_top_inst/Core_cpu/cpu_core/if_id_inst/pred_target_o_reg[22]_0.  Did not re-place instance student_top_inst/Core_cpu/cpu_core/if_id_inst/pc_o[22]_i_5
INFO: [Physopt 32-662] Processed net student_top_inst/Core_cpu/cpu_core/pc_reg_inst/Q[22].  Did not re-place instance student_top_inst/Core_cpu/cpu_core/pc_reg_inst/pc_o_reg[22]
INFO: [Physopt 32-662] Processed net student_top_inst/Core_cpu/cpu_core/if_id_inst/b_imm_inst__21_n_0.  Did not re-place instance student_top_inst/Core_cpu/cpu_core/if_id_inst/b_imm_inst__21
INFO: [Physopt 32-662] Processed net student_top_inst/Core_cpu/cpu_core/if_id_inst/bp_fetch_redirect.  Did not re-place instance student_top_inst/Core_cpu/cpu_core/if_id_inst/pc_o[31]_i_11
INFO: [Physopt 32-662] Processed net student_top_inst/Core_cpu/cpu_core/if_id_inst/bp_fetch_valid_r_reg.  Did not re-place instance student_top_inst/Core_cpu/cpu_core/if_id_inst/hold_pred_target_reg[31]_i_4
INFO: [Physopt 32-662] Processed net student_top_inst/Core_cpu/cpu_core/branch_predictor_inst/bp_pred_taken_o.  Did not re-place instance student_top_inst/Core_cpu/cpu_core/branch_predictor_inst/hold_pred_taken_reg_i_1
INFO: [Physopt 32-662] Processed net student_top_inst/Core_cpu/cpu_core/branch_predictor_inst/bp_fetch_pc_r_reg[30][31].  Did not re-place instance student_top_inst/Core_cpu/cpu_core/branch_predictor_inst/hold_pred_target_reg[31]_i_1
INFO: [Physopt 32-662] Processed net student_top_inst/Core_cpu/cpu_core/id_ex_inst/mtvec_r_reg[31][31].  Did not re-place instance student_top_inst/Core_cpu/cpu_core/id_ex_inst/pc_o[31]_i_1
INFO: [Physopt 32-662] Processed net student_top_inst/Core_cpu/cpu_core/if_id_inst/pred_target_o_reg[31]_0.  Did not re-place instance student_top_inst/Core_cpu/cpu_core/if_id_inst/pc_o[31]_i_4
INFO: [Physopt 32-662] Processed net student_top_inst/Core_cpu/cpu_core/pc_reg_inst/Q[31].  Did not re-place instance student_top_inst/Core_cpu/cpu_core/pc_reg_inst/pc_o_reg[31]
INFO: [Physopt 32-662] Processed net student_top_inst/Core_cpu/cpu_core/if_id_inst/j_imm_inst__16_n_0.  Did not re-place instance student_top_inst/Core_cpu/cpu_core/if_id_inst/j_imm_inst__16
INFO: [Physopt 32-662] Processed net student_top_inst/Core_cpu/cpu_core/if_id_inst/b_imm_inst__17_n_0.  Did not re-place instance student_top_inst/Core_cpu/cpu_core/if_id_inst/b_imm_inst__17
INFO: [Physopt 32-662] Processed net student_top_inst/Core_cpu/cpu_core/branch_predictor_inst/bp_fetch_pc_r_reg[30][21].  Did not re-place instance student_top_inst/Core_cpu/cpu_core/branch_predictor_inst/hold_pred_target_reg[21]_i_1
INFO: [Physopt 32-662] Processed net student_top_inst/Core_cpu/cpu_core/id_ex_inst/mtvec_r_reg[31][21].  Did not re-place instance student_top_inst/Core_cpu/cpu_core/id_ex_inst/pc_o[21]_i_1
INFO: [Physopt 32-662] Processed net student_top_inst/Core_cpu/cpu_core/if_id_inst/b_imm_inst__23_n_0.  Did not re-place instance student_top_inst/Core_cpu/cpu_core/if_id_inst/b_imm_inst__23
INFO: [Physopt 32-662] Processed net student_top_inst/Core_cpu/cpu_core/if_id_inst/pred_target_o_reg[21]_0.  Did not re-place instance student_top_inst/Core_cpu/cpu_core/if_id_inst/pc_o[21]_i_4
INFO: [Physopt 32-662] Processed net student_top_inst/Core_cpu/cpu_core/pc_reg_inst/Q[21].  Did not re-place instance student_top_inst/Core_cpu/cpu_core/pc_reg_inst/pc_o_reg[21]
INFO: [Physopt 32-662] Processed net student_top_inst/Core_cpu/cpu_core/if_id_inst/b_imm_inst__18_n_0.  Did not re-place instance student_top_inst/Core_cpu/cpu_core/if_id_inst/b_imm_inst__18
INFO: [Physopt 32-662] Processed net student_top_inst/Core_cpu/cpu_core/if_id_inst/pc_jump_en_o.  Did not re-place instance student_top_inst/Core_cpu/cpu_core/if_id_inst/pc_o[31]_i_6
INFO: [Physopt 32-662] Processed net student_top_inst/Core_cpu/cpu_core/if_id_inst/hold_pred_target_reg[3]_i_7_n_0.  Did not re-place instance student_top_inst/Core_cpu/cpu_core/if_id_inst/hold_pred_target_reg[3]_i_7
INFO: [Physopt 32-662] Processed net student_top_inst/Core_cpu/cpu_core/if_id_inst/b_imm_inst__20_n_0.  Did not re-place instance student_top_inst/Core_cpu/cpu_core/if_id_inst/b_imm_inst__20
INFO: [Physopt 32-662] Processed net student_top_inst/Core_cpu/cpu_core/branch_predictor_inst/bp_fetch_pc_r_reg[30][17].  Did not re-place instance student_top_inst/Core_cpu/cpu_core/branch_predictor_inst/hold_pred_target_reg[17]_i_1
INFO: [Physopt 32-662] Processed net student_top_inst/Core_cpu/cpu_core/id_ex_inst/mtvec_r_reg[31][17].  Did not re-place instance student_top_inst/Core_cpu/cpu_core/id_ex_inst/pc_o[17]_i_1
INFO: [Physopt 32-662] Processed net student_top_inst/Core_cpu/cpu_core/if_id_inst/pred_target_o_reg[17]_0.  Did not re-place instance student_top_inst/Core_cpu/cpu_core/if_id_inst/pc_o[17]_i_4
INFO: [Physopt 32-662] Processed net student_top_inst/Core_cpu/cpu_core/pc_reg_inst/Q[17].  Did not re-place instance student_top_inst/Core_cpu/cpu_core/pc_reg_inst/pc_o_reg[17]
INFO: [Physopt 32-662] Processed net student_top_inst/Core_cpu/cpu_core/if_id_inst/hold_pred_target_reg[11]_i_6_n_0.  Did not re-place instance student_top_inst/Core_cpu/cpu_core/if_id_inst/hold_pred_target_reg[11]_i_6
INFO: [Physopt 32-662] Processed net student_top_inst/Core_cpu/cpu_core/if_id_inst/pred_target_o[27]_i_1_n_0.  Did not re-place instance student_top_inst/Core_cpu/cpu_core/if_id_inst/pred_target_o[27]_i_1
INFO: [Physopt 32-662] Processed net student_top_inst/Core_cpu/cpu_core/if_id_inst/if_id_pred_target_o[27].  Did not re-place instance student_top_inst/Core_cpu/cpu_core/if_id_inst/pred_target_o_reg[27]
INFO: [Physopt 32-662] Processed net student_top_inst/Core_cpu/cpu_core/branch_predictor_inst/bp_fetch_pc_r_reg[30][20].  Did not re-place instance student_top_inst/Core_cpu/cpu_core/branch_predictor_inst/hold_pred_target_reg[20]_i_1
INFO: [Physopt 32-662] Processed net student_top_inst/Core_cpu/cpu_core/id_ex_inst/mtvec_r_reg[31][20].  Did not re-place instance student_top_inst/Core_cpu/cpu_core/id_ex_inst/pc_o[20]_i_1
INFO: [Physopt 32-662] Processed net student_top_inst/Core_cpu/cpu_core/if_id_inst/pred_target_o_reg[20]_0.  Did not re-place instance student_top_inst/Core_cpu/cpu_core/if_id_inst/pc_o[20]_i_4
INFO: [Physopt 32-662] Processed net student_top_inst/Core_cpu/cpu_core/pc_reg_inst/Q[20].  Did not re-place instance student_top_inst/Core_cpu/cpu_core/pc_reg_inst/pc_o_reg[20]
INFO: [Physopt 32-662] Processed net student_top_inst/Core_cpu/cpu_core/branch_predictor_inst/bp_fetch_pc_r_reg[30][15].  Did not re-place instance student_top_inst/Core_cpu/cpu_core/branch_predictor_inst/hold_pred_target_reg[15]_i_1
INFO: [Physopt 32-662] Processed net student_top_inst/Core_cpu/cpu_core/id_ex_inst/mtvec_r_reg[31][15].  Did not re-place instance student_top_inst/Core_cpu/cpu_core/id_ex_inst/pc_o[15]_i_1
INFO: [Physopt 32-662] Processed net student_top_inst/Core_cpu/cpu_core/id_ex_inst/mtvec_r_reg[31][24].  Did not re-place instance student_top_inst/Core_cpu/cpu_core/id_ex_inst/pc_o[24]_i_1
INFO: [Physopt 32-662] Processed net student_top_inst/Core_cpu/cpu_core/if_id_inst/pred_target_o_reg[15]_0.  Did not re-place instance student_top_inst/Core_cpu/cpu_core/if_id_inst/pc_o[15]_i_4
INFO: [Physopt 32-662] Processed net student_top_inst/Core_cpu/cpu_core/if_id_inst/pred_target_o_reg[24]_0.  Did not re-place instance student_top_inst/Core_cpu/cpu_core/if_id_inst/pc_o[24]_i_4
INFO: [Physopt 32-662] Processed net student_top_inst/Core_cpu/cpu_core/pc_reg_inst/Q[15].  Did not re-place instance student_top_inst/Core_cpu/cpu_core/pc_reg_inst/pc_o_reg[15]
INFO: [Physopt 32-662] Processed net student_top_inst/Core_cpu/cpu_core/pc_reg_inst/Q[24].  Did not re-place instance student_top_inst/Core_cpu/cpu_core/pc_reg_inst/pc_o_reg[24]
INFO: [Physopt 32-662] Processed net student_top_inst/Core_cpu/cpu_core/if_id_inst/hold_pred_target_reg[7]_i_4_n_0.  Did not re-place instance student_top_inst/Core_cpu/cpu_core/if_id_inst/hold_pred_target_reg[7]_i_4
INFO: [Physopt 32-662] Processed net student_top_inst/Core_cpu/cpu_core/branch_predictor_inst/bp_fetch_pc_r_reg[30][24].  Did not re-place instance student_top_inst/Core_cpu/cpu_core/branch_predictor_inst/hold_pred_target_reg[24]_i_1
INFO: [Physopt 32-662] Processed net student_top_inst/Core_cpu/cpu_core/if_id_inst/b_imm_inst__13_n_0.  Did not re-place instance student_top_inst/Core_cpu/cpu_core/if_id_inst/b_imm_inst__13
INFO: [Physopt 32-662] Processed net student_top_inst/Core_cpu/cpu_core/branch_predictor_inst/bp_fetch_pc_r_reg[30][19].  Did not re-place instance student_top_inst/Core_cpu/cpu_core/branch_predictor_inst/hold_pred_target_reg[19]_i_1
INFO: [Physopt 32-662] Processed net student_top_inst/Core_cpu/cpu_core/id_ex_inst/mtvec_r_reg[31][19].  Did not re-place instance student_top_inst/Core_cpu/cpu_core/id_ex_inst/pc_o[19]_i_1
INFO: [Physopt 32-662] Processed net student_top_inst/Core_cpu/cpu_core/if_id_inst/pred_target_o_reg[19]_0.  Did not re-place instance student_top_inst/Core_cpu/cpu_core/if_id_inst/pc_o[19]_i_4
INFO: [Physopt 32-662] Processed net student_top_inst/Core_cpu/cpu_core/pc_reg_inst/Q[19].  Did not re-place instance student_top_inst/Core_cpu/cpu_core/pc_reg_inst/pc_o_reg[19]
INFO: [Physopt 32-662] Processed net student_top_inst/Core_cpu/cpu_core/if_id_inst/b_imm_inst__14_n_0.  Did not re-place instance student_top_inst/Core_cpu/cpu_core/if_id_inst/b_imm_inst__14
INFO: [Physopt 32-662] Processed net student_top_inst/Core_cpu/cpu_core/if_id_inst/b_imm_inst__16_n_0.  Did not re-place instance student_top_inst/Core_cpu/cpu_core/if_id_inst/b_imm_inst__16
INFO: [Physopt 32-662] Processed net student_top_inst/Core_cpu/cpu_core/ex_mem_inst/dff_inst/done_r_reg_rep__41_0.  Did not re-place instance student_top_inst/Core_cpu/cpu_core/ex_mem_inst/dff_inst/flush_ifid_o_inst_i_4
INFO: [Physopt 32-662] Processed net student_top_inst/Core_cpu/cpu_core/if_id_inst/id_use_rs1_o.  Did not re-place instance student_top_inst/Core_cpu/cpu_core/if_id_inst/use_rs1_o_i_2
INFO: [Physopt 32-662] Processed net student_top_inst/Core_cpu/cpu_core/if_id_inst/op1_o[31]_i_8_n_0.  Did not re-place instance student_top_inst/Core_cpu/cpu_core/if_id_inst/op1_o[31]_i_8
INFO: [Physopt 32-662] Processed net student_top_inst/Core_cpu/cpu_core/if_id_inst/inst_o_reg[5]_rep__11.  Did not re-place instance student_top_inst/Core_cpu/cpu_core/if_id_inst/flush_ifid_o_inst_i_8
INFO: [Physopt 32-662] Processed net student_top_inst/Core_cpu/cpu_core/if_id_inst/data_o_reg[6].  Did not re-place instance student_top_inst/Core_cpu/cpu_core/if_id_inst/is_holding_reg_i_2
INFO: [Physopt 32-662] Processed net student_top_inst/Core_cpu/cpu_core/if_id_inst/if_id_inst_o[1].  Did not re-place instance student_top_inst/Core_cpu/cpu_core/if_id_inst/inst_o_reg[1]
INFO: [Physopt 32-662] Processed net student_top_inst/Core_cpu/cpu_core/id_ex_inst/inst_o_reg[6]_rep__12_0.  Did not re-place instance student_top_inst/Core_cpu/cpu_core/id_ex_inst/flush_ifid_o_inst_i_17
INFO: [Physopt 32-662] Processed net student_top_inst/Core_cpu/cpu_core/if_id_inst/use_rs1_o_i_4_n_0.  Did not re-place instance student_top_inst/Core_cpu/cpu_core/if_id_inst/use_rs1_o_i_4
INFO: [Physopt 32-662] Processed net student_top_inst/Core_cpu/cpu_core/pc_reg_inst/pc_o[4]_i_8_n_0.  Did not re-place instance student_top_inst/Core_cpu/cpu_core/pc_reg_inst/pc_o[4]_i_8
INFO: [Physopt 32-662] Processed net student_top_inst/Core_cpu/cpu_core/if_id_inst/b_imm_inst__15_n_0.  Did not re-place instance student_top_inst/Core_cpu/cpu_core/if_id_inst/b_imm_inst__15
INFO: [Physopt 32-662] Processed net student_top_inst/Core_cpu/cpu_core/branch_predictor_inst/bp_fetch_pc_r_reg[30][18].  Did not re-place instance student_top_inst/Core_cpu/cpu_core/branch_predictor_inst/hold_pred_target_reg[18]_i_1
INFO: [Physopt 32-662] Processed net student_top_inst/Core_cpu/cpu_core/id_ex_inst/mtvec_r_reg[31][18].  Did not re-place instance student_top_inst/Core_cpu/cpu_core/id_ex_inst/pc_o[18]_i_1
INFO: [Physopt 32-662] Processed net student_top_inst/Core_cpu/cpu_core/if_id_inst/pred_target_o_reg[18]_0.  Did not re-place instance student_top_inst/Core_cpu/cpu_core/if_id_inst/pc_o[18]_i_4
INFO: [Physopt 32-662] Processed net student_top_inst/Core_cpu/cpu_core/pc_reg_inst/Q[18].  Did not re-place instance student_top_inst/Core_cpu/cpu_core/pc_reg_inst/pc_o_reg[18]
INFO: [Physopt 32-662] Processed net student_top_inst/Core_cpu/cpu_core/if_id_inst/j_imm_inst__13_n_0.  Did not re-place instance student_top_inst/Core_cpu/cpu_core/if_id_inst/j_imm_inst__13
INFO: [Physopt 32-662] Processed net student_top_inst/Core_cpu/cpu_core/if_id_inst/j_imm_inst__9_n_0.  Did not re-place instance student_top_inst/Core_cpu/cpu_core/if_id_inst/j_imm_inst__9
INFO: [Physopt 32-662] Processed net student_top_inst/Core_cpu/cpu_core/if_id_inst/id_use_rs2_o.  Did not re-place instance student_top_inst/Core_cpu/cpu_core/if_id_inst/use_rs2_o_i_2
INFO: [Physopt 32-662] Processed net student_top_inst/Core_cpu/cpu_core/if_id_inst/flush_ifid_o_inst_i_21_n_0.  Did not re-place instance student_top_inst/Core_cpu/cpu_core/if_id_inst/flush_ifid_o_inst_i_21
INFO: [Physopt 32-662] Processed net student_top_inst/Core_cpu/cpu_core/if_id_inst/j_imm_inst__15_n_0.  Did not re-place instance student_top_inst/Core_cpu/cpu_core/if_id_inst/j_imm_inst__15
INFO: [Physopt 32-662] Processed net student_top_inst/Core_cpu/cpu_core/if_id_inst/b_imm_inst__24_n_0.  Did not re-place instance student_top_inst/Core_cpu/cpu_core/if_id_inst/b_imm_inst__24
INFO: [Physopt 32-662] Processed net student_top_inst/Core_cpu/cpu_core/if_id_inst/hold_pred_target_reg[11]_i_5_n_0.  Did not re-place instance student_top_inst/Core_cpu/cpu_core/if_id_inst/hold_pred_target_reg[11]_i_5
INFO: [Physopt 32-662] Processed net student_top_inst/Core_cpu/cpu_core/if_id_inst/hold_pred_target_reg[7]_i_6_n_0.  Did not re-place instance student_top_inst/Core_cpu/cpu_core/if_id_inst/hold_pred_target_reg[7]_i_6
INFO: [Physopt 32-662] Processed net student_top_inst/Core_cpu/cpu_core/if_id_inst/hold_pred_target_reg[7]_i_7_n_0.  Did not re-place instance student_top_inst/Core_cpu/cpu_core/if_id_inst/hold_pred_target_reg[7]_i_7
INFO: [Physopt 32-662] Processed net student_top_inst/Core_cpu/cpu_core/if_id_inst/hold_pred_target_reg[27].  Did not re-place instance student_top_inst/Core_cpu/cpu_core/if_id_inst/hold_pred_target_reg_reg[27]
INFO: [Physopt 32-662] Processed net student_top_inst/Core_cpu/cpu_core/if_id_inst/Q[0].  Did not re-place instance student_top_inst/Core_cpu/cpu_core/if_id_inst/inst_o_reg[15]
INFO: [Physopt 32-662] Processed net student_top_inst/Core_cpu/cpu_core/if_id_inst/if_id_inst_o[0].  Did not re-place instance student_top_inst/Core_cpu/cpu_core/if_id_inst/inst_o_reg[0]
INFO: [Physopt 32-662] Processed net student_top_inst/Core_cpu/cpu_core/if_id_inst/flush_ifid_o_inst_i_22_n_0.  Did not re-place instance student_top_inst/Core_cpu/cpu_core/if_id_inst/flush_ifid_o_inst_i_22
INFO: [Physopt 32-662] Processed net student_top_inst/Core_cpu/cpu_core/if_id_inst/flush_ifid_o_inst_i_42_n_0.  Did not re-place instance student_top_inst/Core_cpu/cpu_core/if_id_inst/flush_ifid_o_inst_i_42
INFO: [Physopt 32-662] Processed net student_top_inst/Core_cpu/cpu_core/branch_predictor_inst/bp_fetch_pc_r_reg[30][16].  Did not re-place instance student_top_inst/Core_cpu/cpu_core/branch_predictor_inst/hold_pred_target_reg[16]_i_1
INFO: [Physopt 32-662] Processed net student_top_inst/Core_cpu/cpu_core/id_ex_inst/mtvec_r_reg[31][16].  Did not re-place instance student_top_inst/Core_cpu/cpu_core/id_ex_inst/pc_o[16]_i_1
INFO: [Physopt 32-662] Processed net student_top_inst/Core_cpu/cpu_core/if_id_inst/pred_target_o_reg[16]_0.  Did not re-place instance student_top_inst/Core_cpu/cpu_core/if_id_inst/pc_o[16]_i_4
INFO: [Physopt 32-662] Processed net student_top_inst/Core_cpu/cpu_core/pc_reg_inst/Q[16].  Did not re-place instance student_top_inst/Core_cpu/cpu_core/pc_reg_inst/pc_o_reg[16]
INFO: [Physopt 32-662] Processed net student_top_inst/Core_cpu/cpu_core/id_ex_inst/ex_jump_en_o.  Did not re-place instance student_top_inst/Core_cpu/cpu_core/id_ex_inst/jump_en_d1_i_1
INFO: [Physopt 32-662] Processed net student_top_inst/Core_cpu/cpu_core/id_ex_inst/jump_offset_o_reg[31]_0[0].  Did not re-place instance student_top_inst/Core_cpu/cpu_core/id_ex_inst/jump_offset_o_reg[0]
INFO: [Physopt 32-662] Processed net student_top_inst/Core_cpu/cpu_core/id_ex_inst/jump_en_d1_i_2_n_0.  Did not re-place instance student_top_inst/Core_cpu/cpu_core/id_ex_inst/jump_en_d1_i_2
INFO: [Physopt 32-662] Processed net student_top_inst/Core_cpu/cpu_core/id_ex_inst/jump_en_d1_i_9_n_0.  Did not re-place instance student_top_inst/Core_cpu/cpu_core/id_ex_inst/jump_en_d1_i_9
INFO: [Physopt 32-662] Processed net student_top_inst/Core_cpu/cpu_core/id_ex_inst/pc_o[3]_i_11_n_0.  Did not re-place instance student_top_inst/Core_cpu/cpu_core/id_ex_inst/pc_o[3]_i_11
INFO: [Physopt 32-662] Processed net student_top_inst/Core_cpu/cpu_core/branch_predictor_inst/bp_fetch_pc_r_reg[30][14].  Did not re-place instance student_top_inst/Core_cpu/cpu_core/branch_predictor_inst/hold_pred_target_reg[14]_i_1
INFO: [Physopt 32-662] Processed net student_top_inst/Core_cpu/cpu_core/id_ex_inst/mtvec_r_reg[31][14].  Did not re-place instance student_top_inst/Core_cpu/cpu_core/id_ex_inst/pc_o[14]_i_2
INFO: [Physopt 32-662] Processed net student_top_inst/Core_cpu/cpu_core/if_id_inst/pred_target_o_reg[14]_0.  Did not re-place instance student_top_inst/Core_cpu/cpu_core/if_id_inst/pc_o[14]_i_5
INFO: [Physopt 32-662] Processed net student_top_inst/Core_cpu/cpu_core/pc_reg_inst/Q[14].  Did not re-place instance student_top_inst/Core_cpu/cpu_core/pc_reg_inst/pc_o_reg[14]
INFO: [Physopt 32-662] Processed net student_top_inst/Core_cpu/cpu_core/if_id_inst/j_imm_inst__14_n_0.  Did not re-place instance student_top_inst/Core_cpu/cpu_core/if_id_inst/j_imm_inst__14
INFO: [Physopt 32-662] Processed net student_top_inst/Core_cpu/cpu_core/if_id_inst/pred_target_o[25]_i_1_n_0.  Did not re-place instance student_top_inst/Core_cpu/cpu_core/if_id_inst/pred_target_o[25]_i_1
INFO: [Physopt 32-662] Processed net student_top_inst/Core_cpu/cpu_core/if_id_inst/if_id_pred_target_o[25].  Did not re-place instance student_top_inst/Core_cpu/cpu_core/if_id_inst/pred_target_o_reg[25]
INFO: [Physopt 32-662] Processed net student_top_inst/Core_cpu/cpu_core/id_ex_inst/inst_o_reg[27]_0[7].  Did not re-place instance student_top_inst/Core_cpu/cpu_core/id_ex_inst/inst_o_reg[7]
INFO: [Physopt 32-662] Processed net student_top_inst/Core_cpu/cpu_core/if_id_inst/b_imm_inst__5_n_0.  Did not re-place instance student_top_inst/Core_cpu/cpu_core/if_id_inst/b_imm_inst__5
INFO: [Physopt 32-662] Processed net student_top_inst/Core_cpu/cpu_core/ctrl_inst/jump_en_d1_reg_rep__2_2.  Did not re-place instance student_top_inst/Core_cpu/cpu_core/ctrl_inst/flush_ifid_o_inst__0
INFO: [Physopt 32-662] Processed net student_top_inst/Core_cpu/cpu_core/if_id_inst/inst_o_reg[18]_1.  Did not re-place instance student_top_inst/Core_cpu/cpu_core/if_id_inst/flush_ifid_o_inst_i_20
INFO: [Physopt 32-662] Processed net student_top_inst/Core_cpu/cpu_core/mem1_mem2_inst/dff_inst/data_o_reg[3]_0.  Did not re-place instance student_top_inst/Core_cpu/cpu_core/mem1_mem2_inst/dff_inst/flush_ifid_o_inst_i_19
INFO: [Physopt 32-662] Processed net student_top_inst/Core_cpu/cpu_core/branch_predictor_inst/branch_pred_taken_w.  Did not re-place instance student_top_inst/Core_cpu/cpu_core/branch_predictor_inst/b_imm_inst__30
INFO: [Physopt 32-662] Processed net student_top_inst/Core_cpu/cpu_core/if_id_inst/b_imm_inst__6_n_0.  Did not re-place instance student_top_inst/Core_cpu/cpu_core/if_id_inst/b_imm_inst__6
INFO: [Physopt 32-662] Processed net student_top_inst/Core_cpu/cpu_core/if_id_inst/hold_pred_target_reg[23]_i_4_n_0.  Did not re-place instance student_top_inst/Core_cpu/cpu_core/if_id_inst/hold_pred_target_reg[23]_i_4
INFO: [Physopt 32-662] Processed net student_top_inst/Core_cpu/cpu_core/if_id_inst/b_imm_inst__8_n_0.  Did not re-place instance student_top_inst/Core_cpu/cpu_core/if_id_inst/b_imm_inst__8
INFO: [Physopt 32-662] Processed net student_top_inst/Core_cpu/cpu_core/if_id_inst/b_imm_inst__7_n_0.  Did not re-place instance student_top_inst/Core_cpu/cpu_core/if_id_inst/b_imm_inst__7
INFO: [Physopt 32-662] Processed net student_top_inst/Core_cpu/cpu_core/id_ex_inst/jump_offset_o_reg[31]_0[1].  Did not re-place instance student_top_inst/Core_cpu/cpu_core/id_ex_inst/jump_offset_o_reg[1]
INFO: [Physopt 32-662] Processed net student_top_inst/Core_cpu/cpu_core/id_ex_inst/pc_o[3]_i_10_n_0.  Did not re-place instance student_top_inst/Core_cpu/cpu_core/id_ex_inst/pc_o[3]_i_10
INFO: [Physopt 32-662] Processed net student_top_inst/Core_cpu/cpu_core/if_id_inst/flush_ifid_o_inst_i_38_n_0.  Did not re-place instance student_top_inst/Core_cpu/cpu_core/if_id_inst/flush_ifid_o_inst_i_38
INFO: [Physopt 32-662] Processed net student_top_inst/Core_cpu/cpu_core/if_id_inst/flush_ifid_o_inst_i_50_n_0.  Did not re-place instance student_top_inst/Core_cpu/cpu_core/if_id_inst/flush_ifid_o_inst_i_50
INFO: [Physopt 32-662] Processed net student_top_inst/Core_cpu/cpu_core/if_id_inst/hold_pred_target_reg[3]_i_6_n_0.  Did not re-place instance student_top_inst/Core_cpu/cpu_core/if_id_inst/hold_pred_target_reg[3]_i_6
INFO: [Physopt 32-662] Processed net student_top_inst/Core_cpu/cpu_core/if_id_inst/hold_pred_target_reg[25].  Did not re-place instance student_top_inst/Core_cpu/cpu_core/if_id_inst/hold_pred_target_reg_reg[25]
INFO: [Physopt 32-662] Processed net student_top_inst/Core_cpu/cpu_core/mem2_align_inst/dff_inst/data_o_reg[6]_0.  Did not re-place instance student_top_inst/Core_cpu/cpu_core/mem2_align_inst/dff_inst/flush_ifid_o_inst_i_3
INFO: [Physopt 32-662] Processed net student_top_inst/Core_cpu/cpu_core/if_id_inst/inst_o_reg[18]_0.  Did not re-place instance student_top_inst/Core_cpu/cpu_core/if_id_inst/flush_ifid_o_inst_i_14
INFO: [Physopt 32-662] Processed net student_top_inst/Core_cpu/cpu_core/if_id_inst/flush_ifid_o_inst_i_28_n_0.  Did not re-place instance student_top_inst/Core_cpu/cpu_core/if_id_inst/flush_ifid_o_inst_i_28
INFO: [Physopt 32-662] Processed net student_top_inst/Core_cpu/cpu_core/id_ex_inst/mtvec_r_reg[31][7].  Did not re-place instance student_top_inst/Core_cpu/cpu_core/id_ex_inst/pc_o[7]_i_1
INFO: [Physopt 32-662] Processed net student_top_inst/Core_cpu/cpu_core/if_id_inst/pred_target_o_reg[7]_0.  Did not re-place instance student_top_inst/Core_cpu/cpu_core/if_id_inst/pc_o[7]_i_4
INFO: [Physopt 32-662] Processed net student_top_inst/Core_cpu/cpu_core/pc_reg_inst/Q[7].  Did not re-place instance student_top_inst/Core_cpu/cpu_core/pc_reg_inst/pc_o_reg[7]
INFO: [Physopt 32-662] Processed net student_top_inst/Core_cpu/cpu_core/if_id_inst/if_id_inst_o[4].  Did not re-place instance student_top_inst/Core_cpu/cpu_core/if_id_inst/inst_o_reg[4]
INFO: [Physopt 32-663] Processed net student_top_inst/Core_cpu/cpu_core/id_ex_inst/base_addr_o_reg[31]_0[8].  Re-placed instance student_top_inst/Core_cpu/cpu_core/id_ex_inst/base_addr_o_reg[8]
INFO: [Physopt 32-662] Processed net student_top_inst/Core_cpu/cpu_core/id_ex_inst/pc_o[11]_i_11_n_0.  Did not re-place instance student_top_inst/Core_cpu/cpu_core/id_ex_inst/pc_o[11]_i_11
INFO: [Physopt 32-662] Processed net student_top_inst/Core_cpu/cpu_core/ex_mem_inst/dff_inst/data_o_reg[5]_0.  Did not re-place instance student_top_inst/Core_cpu/cpu_core/ex_mem_inst/dff_inst/flush_ifid_o_inst_i_15
INFO: [Physopt 32-663] Processed net student_top_inst/Core_cpu/cpu_core/id_ex_inst/jump_offset_o_reg[31]_0[5].  Re-placed instance student_top_inst/Core_cpu/cpu_core/id_ex_inst/jump_offset_o_reg[5]
INFO: [Physopt 32-662] Processed net student_top_inst/Core_cpu/cpu_core/ex_mem_inst/dff_inst/flush_ifid_o_inst_i_34_n_0.  Did not re-place instance student_top_inst/Core_cpu/cpu_core/ex_mem_inst/dff_inst/flush_ifid_o_inst_i_34
INFO: [Physopt 32-662] Processed net student_top_inst/Core_cpu/cpu_core/id_ex_inst/pc_o[7]_i_10_n_0.  Did not re-place instance student_top_inst/Core_cpu/cpu_core/id_ex_inst/pc_o[7]_i_10
INFO: [Physopt 32-662] Processed net student_top_inst/Core_cpu/cpu_core/id_ex_inst/jump_en_d1_i_12_n_0.  Did not re-place instance student_top_inst/Core_cpu/cpu_core/id_ex_inst/jump_en_d1_i_12
INFO: [Physopt 32-662] Processed net student_top_inst/Core_cpu/cpu_core/branch_predictor_inst/bp_fetch_pc_r_reg[30][12].  Did not re-place instance student_top_inst/Core_cpu/cpu_core/branch_predictor_inst/hold_pred_target_reg[12]_i_1
INFO: [Physopt 32-662] Processed net student_top_inst/Core_cpu/cpu_core/id_ex_inst/mtvec_r_reg[31][12].  Did not re-place instance student_top_inst/Core_cpu/cpu_core/id_ex_inst/pc_o[12]_i_1
INFO: [Physopt 32-662] Processed net student_top_inst/Core_cpu/cpu_core/if_id_inst/pred_target_o_reg[12]_0.  Did not re-place instance student_top_inst/Core_cpu/cpu_core/if_id_inst/pc_o[12]_i_4
INFO: [Physopt 32-662] Processed net student_top_inst/Core_cpu/cpu_core/pc_reg_inst/Q[12].  Did not re-place instance student_top_inst/Core_cpu/cpu_core/pc_reg_inst/pc_o_reg[12]
INFO: [Physopt 32-662] Processed net student_top_inst/Core_cpu/cpu_core/if_id_inst/b_imm_inst__19_n_0.  Did not re-place instance student_top_inst/Core_cpu/cpu_core/if_id_inst/b_imm_inst__19
INFO: [Physopt 32-662] Processed net student_top_inst/Core_cpu/cpu_core/id_ex_inst/mtvec_r_reg[31][6].  Did not re-place instance student_top_inst/Core_cpu/cpu_core/id_ex_inst/pc_o[6]_i_2
INFO: [Physopt 32-662] Processed net student_top_inst/Core_cpu/cpu_core/if_id_inst/pred_target_o_reg[6]_0.  Did not re-place instance student_top_inst/Core_cpu/cpu_core/if_id_inst/pc_o[6]_i_5
INFO: [Physopt 32-662] Processed net student_top_inst/Core_cpu/cpu_core/pc_reg_inst/Q[6].  Did not re-place instance student_top_inst/Core_cpu/cpu_core/pc_reg_inst/pc_o_reg[6]
INFO: [Physopt 32-662] Processed net student_top_inst/Core_cpu/cpu_core/if_id_inst/hold_pred_target_reg[3]_i_5_n_0.  Did not re-place instance student_top_inst/Core_cpu/cpu_core/if_id_inst/hold_pred_target_reg[3]_i_5
INFO: [Physopt 32-662] Processed net student_top_inst/Core_cpu/cpu_core/branch_predictor_inst/bp_fetch_pc_r_reg[30][23].  Did not re-place instance student_top_inst/Core_cpu/cpu_core/branch_predictor_inst/hold_pred_target_reg[23]_i_1
INFO: [Physopt 32-662] Processed net student_top_inst/Core_cpu/cpu_core/id_ex_inst/mtvec_r_reg[31][23].  Did not re-place instance student_top_inst/Core_cpu/cpu_core/id_ex_inst/pc_o[23]_i_1
INFO: [Physopt 32-662] Processed net student_top_inst/Core_cpu/cpu_core/if_id_inst/pred_target_o_reg[23]_0.  Did not re-place instance student_top_inst/Core_cpu/cpu_core/if_id_inst/pc_o[23]_i_4
INFO: [Physopt 32-662] Processed net student_top_inst/Core_cpu/cpu_core/pc_reg_inst/Q[23].  Did not re-place instance student_top_inst/Core_cpu/cpu_core/pc_reg_inst/pc_o_reg[23]
INFO: [Physopt 32-662] Processed net student_top_inst/Core_cpu/cpu_core/branch_predictor_inst/bp_fetch_pc_r_reg[30][6].  Did not re-place instance student_top_inst/Core_cpu/cpu_core/branch_predictor_inst/hold_pred_target_reg[6]_i_1
INFO: [Physopt 32-662] Processed net student_top_inst/Core_cpu/cpu_core/if_id_inst/b_imm_inst__9_n_0.  Did not re-place instance student_top_inst/Core_cpu/cpu_core/if_id_inst/b_imm_inst__9
INFO: [Physopt 32-662] Processed net student_top_inst/Core_cpu/cpu_core/branch_predictor_inst/bp_fetch_pc_r_reg[30][13].  Did not re-place instance student_top_inst/Core_cpu/cpu_core/branch_predictor_inst/hold_pred_target_reg[13]_i_1
INFO: [Physopt 32-662] Processed net student_top_inst/Core_cpu/cpu_core/id_ex_inst/mtvec_r_reg[31][13].  Did not re-place instance student_top_inst/Core_cpu/cpu_core/id_ex_inst/pc_o[13]_i_1
INFO: [Physopt 32-662] Processed net student_top_inst/Core_cpu/cpu_core/if_id_inst/pred_target_o_reg[13]_0.  Did not re-place instance student_top_inst/Core_cpu/cpu_core/if_id_inst/pc_o[13]_i_4
INFO: [Physopt 32-662] Processed net student_top_inst/Core_cpu/cpu_core/pc_reg_inst/Q[13].  Did not re-place instance student_top_inst/Core_cpu/cpu_core/pc_reg_inst/pc_o_reg[13]
INFO: [Physopt 32-662] Processed net student_top_inst/Core_cpu/cpu_core/if_id_inst/hold_pred_target_reg[29].  Did not re-place instance student_top_inst/Core_cpu/cpu_core/if_id_inst/hold_pred_target_reg_reg[29]
INFO: [Physopt 32-662] Processed net student_top_inst/Core_cpu/cpu_core/id_ex_inst/jump_en_d1_i_13_n_0.  Did not re-place instance student_top_inst/Core_cpu/cpu_core/id_ex_inst/jump_en_d1_i_13
INFO: [Physopt 32-662] Processed net student_top_inst/Core_cpu/cpu_core/if_id_inst/flush_ifid_o_inst_i_5_n_0.  Did not re-place instance student_top_inst/Core_cpu/cpu_core/if_id_inst/flush_ifid_o_inst_i_5
INFO: [Physopt 32-662] Processed net student_top_inst/Core_cpu/cpu_core/id_ex_inst/jump_en_d1_i_15_n_0.  Did not re-place instance student_top_inst/Core_cpu/cpu_core/id_ex_inst/jump_en_d1_i_15
INFO: [Physopt 32-662] Processed net student_top_inst/Core_cpu/cpu_core/if_id_inst/if_id_inst_o[3].  Did not re-place instance student_top_inst/Core_cpu/cpu_core/if_id_inst/inst_o_reg[3]
INFO: [Physopt 32-662] Processed net student_top_inst/Core_cpu/cpu_core/if_id_inst/b_imm_inst__10_n_0.  Did not re-place instance student_top_inst/Core_cpu/cpu_core/if_id_inst/b_imm_inst__10
INFO: [Physopt 32-663] Processed net student_top_inst/Core_cpu/cpu_core/if_id_inst/Q[2].  Re-placed instance student_top_inst/Core_cpu/cpu_core/if_id_inst/inst_o_reg[17]
INFO: [Physopt 32-662] Processed net student_top_inst/Core_cpu/cpu_core/id_ex_inst/jump_en_d1_i_19_n_0.  Did not re-place instance student_top_inst/Core_cpu/cpu_core/id_ex_inst/jump_en_d1_i_19
INFO: [Physopt 32-662] Processed net student_top_inst/Core_cpu/cpu_core/if_id_inst/pred_target_o[28]_i_1_n_0.  Did not re-place instance student_top_inst/Core_cpu/cpu_core/if_id_inst/pred_target_o[28]_i_1
INFO: [Physopt 32-662] Processed net student_top_inst/Core_cpu/cpu_core/if_id_inst/if_id_pred_target_o[28].  Did not re-place instance student_top_inst/Core_cpu/cpu_core/if_id_inst/pred_target_o_reg[28]
INFO: [Physopt 32-662] Processed net student_top_inst/Core_cpu/cpu_core/if_id_inst/b_imm_inst__12_n_0.  Did not re-place instance student_top_inst/Core_cpu/cpu_core/if_id_inst/b_imm_inst__12
INFO: [Physopt 32-662] Processed net student_top_inst/Core_cpu/cpu_core/id_ex_inst/inst_o_reg[27]_0[0].  Did not re-place instance student_top_inst/Core_cpu/cpu_core/id_ex_inst/inst_o_reg[0]
INFO: [Physopt 32-662] Processed net student_top_inst/Core_cpu/cpu_core/id_ex_inst/inst_o_reg[0]_0.  Did not re-place instance student_top_inst/Core_cpu/cpu_core/id_ex_inst/flush_ifid_o_inst_i_24
INFO: [Physopt 32-662] Processed net student_top_inst/Core_cpu/cpu_core/if_id_inst/b_imm_inst__11_n_0.  Did not re-place instance student_top_inst/Core_cpu/cpu_core/if_id_inst/b_imm_inst__11
INFO: [Physopt 32-662] Processed net student_top_inst/Core_cpu/cpu_core/if_id_inst/if_id_inst_o[5].  Did not re-place instance student_top_inst/Core_cpu/cpu_core/if_id_inst/inst_o_reg[5]
INFO: [Physopt 32-662] Processed net student_top_inst/Core_cpu/cpu_core/id_ex_inst/base_addr_o_reg[31]_0[1].  Did not re-place instance student_top_inst/Core_cpu/cpu_core/id_ex_inst/base_addr_o_reg[1]
INFO: [Physopt 32-662] Processed net student_top_inst/Core_cpu/cpu_core/if_id_inst/hold_pred_target_reg[7]_i_5_n_0.  Did not re-place instance student_top_inst/Core_cpu/cpu_core/if_id_inst/hold_pred_target_reg[7]_i_5
INFO: [Physopt 32-662] Processed net student_top_inst/Core_cpu/cpu_core/id_ex_inst/id_ex_is_branch_w.  Did not re-place instance student_top_inst/Core_cpu/cpu_core/id_ex_inst/rs1_match_ex_mem_inst_i_3
INFO: [Physopt 32-662] Processed net student_top_inst/Core_cpu/cpu_core/id_ex_inst/data_o[26]_i_18_n_0.  Did not re-place instance student_top_inst/Core_cpu/cpu_core/id_ex_inst/data_o[26]_i_18
INFO: [Physopt 32-662] Processed net student_top_inst/Core_cpu/cpu_core/id_ex_inst/inst_o_reg[27]_0[1].  Did not re-place instance student_top_inst/Core_cpu/cpu_core/id_ex_inst/inst_o_reg[1]
INFO: [Physopt 32-662] Processed net student_top_inst/Core_cpu/rs1_match_ex_mem_inst_i_5_n_0.  Did not re-place instance student_top_inst/Core_cpu/rs1_match_ex_mem_inst_i_5
INFO: [Physopt 32-662] Processed net student_top_inst/Core_cpu/cpu_core/id_ex_inst/data_o[26]_i_13_n_0.  Did not re-place instance student_top_inst/Core_cpu/cpu_core/id_ex_inst/data_o[26]_i_13
INFO: [Physopt 32-662] Processed net student_top_inst/Core_cpu/cpu_core/id_ex_inst/data_o[11]_i_29_n_0.  Did not re-place instance student_top_inst/Core_cpu/cpu_core/id_ex_inst/data_o[11]_i_29
INFO: [Physopt 32-662] Processed net student_top_inst/Core_cpu/cpu_core/id_ex_inst/rs1_match_ex_mem_inst_rep__28_i_1_n_0.  Did not re-place instance student_top_inst/Core_cpu/cpu_core/id_ex_inst/rs1_match_ex_mem_inst_rep__28_i_1
INFO: [Physopt 32-662] Processed net student_top_inst/Core_cpu/cpu_core/ex_inst/rv32m_iter_inst/done_r_reg_rep__20_0.  Did not re-place instance student_top_inst/Core_cpu/cpu_core/ex_inst/rv32m_iter_inst/data_o[26]_i_1__2
INFO: [Physopt 32-662] Processed net student_top_inst/Core_cpu/cpu_core/id_ex_inst/data_o[26]_i_3__0_n_0.  Did not re-place instance student_top_inst/Core_cpu/cpu_core/id_ex_inst/data_o[26]_i_3__0
INFO: [Physopt 32-662] Processed net student_top_inst/Core_cpu/cpu_core/id_ex_inst/done_r_reg_rep__20_0.  Did not re-place instance student_top_inst/Core_cpu/cpu_core/id_ex_inst/data_o[26]_i_2
INFO: [Physopt 32-662] Processed net student_top_inst/Core_cpu/cpu_core/id_ex_inst/ex_inst/op1_i_shift_left_op2_i[26].  Did not re-place instance student_top_inst/Core_cpu/cpu_core/id_ex_inst/data_o[26]_i_6
INFO: [Physopt 32-662] Processed net student_top_inst/Core_cpu/cpu_core/ex_mem_inst/dff_rd_data/data_o_reg[26]_0.  Did not re-place instance student_top_inst/Core_cpu/cpu_core/ex_mem_inst/dff_rd_data/data_o_reg[26]
INFO: [Physopt 32-662] Processed net student_top_inst/Core_cpu/cpu_core/id_ex_inst/inst_o_reg[27]_0[9].  Did not re-place instance student_top_inst/Core_cpu/cpu_core/id_ex_inst/inst_o_reg[9]
INFO: [Physopt 32-662] Processed net student_top_inst/Core_cpu/cpu_core/mem1_mem2_inst/dff_inst/mem1_mem2_inst_o[8].  Did not re-place instance student_top_inst/Core_cpu/cpu_core/mem1_mem2_inst/dff_inst/data_o_reg[8]
INFO: [Physopt 32-662] Processed net student_top_inst/Core_cpu/cpu_core/id_ex_inst/jump_en_d1_i_14_n_0.  Did not re-place instance student_top_inst/Core_cpu/cpu_core/id_ex_inst/jump_en_d1_i_14
INFO: [Physopt 32-662] Processed net student_top_inst/Core_cpu/cpu_core/id_ex_inst/base_addr_o_reg[31]_0[0].  Did not re-place instance student_top_inst/Core_cpu/cpu_core/id_ex_inst/base_addr_o_reg[0]
INFO: [Physopt 32-662] Processed net student_top_inst/Core_cpu/cpu_core/id_ex_inst/jump_en_d1_i_10_n_0.  Did not re-place instance student_top_inst/Core_cpu/cpu_core/id_ex_inst/jump_en_d1_i_10
INFO: [Physopt 32-662] Processed net student_top_inst/Core_cpu/cpu_core/branch_predictor_inst/bp_fetch_pc_r_reg[30][4].  Did not re-place instance student_top_inst/Core_cpu/cpu_core/branch_predictor_inst/hold_pred_target_reg[4]_i_1
INFO: [Physopt 32-662] Processed net student_top_inst/Core_cpu/cpu_core/id_ex_inst/mtvec_r_reg[31][4].  Did not re-place instance student_top_inst/Core_cpu/cpu_core/id_ex_inst/pc_o[4]_i_1
INFO: [Physopt 32-662] Processed net student_top_inst/Core_cpu/cpu_core/if_id_inst/pred_target_o_reg[4]_0.  Did not re-place instance student_top_inst/Core_cpu/cpu_core/if_id_inst/pc_o[4]_i_4
INFO: [Physopt 32-662] Processed net student_top_inst/Core_cpu/cpu_core/pc_reg_inst/Q[4].  Did not re-place instance student_top_inst/Core_cpu/cpu_core/pc_reg_inst/pc_o_reg[4]
INFO: [Physopt 32-662] Processed net student_top_inst/Core_cpu/cpu_core/id_ex_inst/jump_offset_o_reg[31]_0[4].  Did not re-place instance student_top_inst/Core_cpu/cpu_core/id_ex_inst/jump_offset_o_reg[4]
INFO: [Physopt 32-662] Processed net student_top_inst/Core_cpu/cpu_core/id_ex_inst/pc_o[7]_i_11_n_0.  Did not re-place instance student_top_inst/Core_cpu/cpu_core/id_ex_inst/pc_o[7]_i_11
INFO: [Physopt 32-662] Processed net student_top_inst/Core_cpu/cpu_core/if_id_inst/flush_ifid_o_inst_i_2_n_0.  Did not re-place instance student_top_inst/Core_cpu/cpu_core/if_id_inst/flush_ifid_o_inst_i_2
INFO: [Physopt 32-663] Processed net student_top_inst/Core_cpu/cpu_core/if_id_inst/if_id_inst_o[13].  Re-placed instance student_top_inst/Core_cpu/cpu_core/if_id_inst/inst_o_reg[13]
INFO: [Physopt 32-662] Processed net student_top_inst/Core_cpu/cpu_core/id_ex_inst/data_o_reg[26]_0.  Did not re-place instance student_top_inst/Core_cpu/cpu_core/id_ex_inst/data_o[22]_i_21
INFO: [Physopt 32-662] Processed net student_top_inst/Core_cpu/cpu_core/id_ex_inst/rs1_match_ex_mem_inst_rep__7_i_1_n_0.  Did not re-place instance student_top_inst/Core_cpu/cpu_core/id_ex_inst/rs1_match_ex_mem_inst_rep__7_i_1
INFO: [Physopt 32-662] Processed net student_top_inst/Core_cpu/cpu_core/id_ex_inst/data_o[26]_i_17_n_0.  Did not re-place instance student_top_inst/Core_cpu/cpu_core/id_ex_inst/data_o[26]_i_17
INFO: [Physopt 32-662] Processed net student_top_inst/Core_cpu/cpu_core/ex_inst/rv32m_iter_inst/done_r_reg_rep__23_2.  Did not re-place instance student_top_inst/Core_cpu/cpu_core/ex_inst/rv32m_iter_inst/data_o[21]_i_1__2
INFO: [Physopt 32-663] Processed net student_top_inst/Core_cpu/cpu_core/ex_mem_inst/dff_rd_data/op1_i_shift_right_op2_i[0].  Re-placed instance student_top_inst/Core_cpu/cpu_core/ex_mem_inst/dff_rd_data/data_o[21]_i_17
INFO: [Physopt 32-662] Processed net student_top_inst/Core_cpu/cpu_core/id_ex_inst/data_o[21]_i_10_n_0.  Did not re-place instance student_top_inst/Core_cpu/cpu_core/id_ex_inst/data_o[21]_i_10
INFO: [Physopt 32-662] Processed net student_top_inst/Core_cpu/cpu_core/id_ex_inst/data_o[21]_i_4_n_0.  Did not re-place instance student_top_inst/Core_cpu/cpu_core/id_ex_inst/data_o[21]_i_4
INFO: [Physopt 32-662] Processed net student_top_inst/Core_cpu/cpu_core/id_ex_inst/data_o[21]_i_6_n_0.  Did not re-place instance student_top_inst/Core_cpu/cpu_core/id_ex_inst/data_o[21]_i_6
INFO: [Physopt 32-662] Processed net student_top_inst/Core_cpu/cpu_core/id_ex_inst/done_r_reg_rep__22.  Did not re-place instance student_top_inst/Core_cpu/cpu_core/id_ex_inst/data_o[21]_i_3
INFO: [Physopt 32-662] Processed net student_top_inst/Core_cpu/cpu_core/ex_mem_inst/dff_rd_data/data_o_reg[21]_0.  Did not re-place instance student_top_inst/Core_cpu/cpu_core/ex_mem_inst/dff_rd_data/data_o_reg[21]
INFO: [Physopt 32-662] Processed net student_top_inst/Core_cpu/cpu_core/if_id_inst/j_imm_inst__8_n_0.  Did not re-place instance student_top_inst/Core_cpu/cpu_core/if_id_inst/j_imm_inst__8
INFO: [Physopt 32-662] Processed net student_top_inst/Core_cpu/cpu_core/if_id_inst/Q[3].  Did not re-place instance student_top_inst/Core_cpu/cpu_core/if_id_inst/inst_o_reg[18]
INFO: [Physopt 32-662] Processed net student_top_inst/Core_cpu/cpu_core/mem1_mem2_inst/dff_inst/mem1_mem2_inst_o[0].  Did not re-place instance student_top_inst/Core_cpu/cpu_core/mem1_mem2_inst/dff_inst/data_o_reg[0]
INFO: [Physopt 32-662] Processed net student_top_inst/Core_cpu/cpu_core/mem1_mem2_inst/dff_inst/data_o_reg[8]_0.  Did not re-place instance student_top_inst/Core_cpu/cpu_core/mem1_mem2_inst/dff_inst/flush_ifid_o_inst_i_40
INFO: [Physopt 32-662] Processed net student_top_inst/Core_cpu/cpu_core/mem1_mem2_inst/dff_inst/flush_ifid_o_inst_i_52_n_0.  Did not re-place instance student_top_inst/Core_cpu/cpu_core/mem1_mem2_inst/dff_inst/flush_ifid_o_inst_i_52
INFO: [Physopt 32-662] Processed net student_top_inst/Core_cpu/cpu_core/if_id_inst/hold_pred_target_reg[30].  Did not re-place instance student_top_inst/Core_cpu/cpu_core/if_id_inst/hold_pred_target_reg_reg[30]
INFO: [Physopt 32-662] Processed net student_top_inst/Core_cpu/cpu_core/mem1_mem2_inst/dff_inst/mem1_mem2_inst_o[7].  Did not re-place instance student_top_inst/Core_cpu/cpu_core/mem1_mem2_inst/dff_inst/data_o_reg[7]
INFO: [Physopt 32-662] Processed net student_top_inst/Core_cpu/cpu_core/if_id_inst/j_imm_inst__7_n_0.  Did not re-place instance student_top_inst/Core_cpu/cpu_core/if_id_inst/j_imm_inst__7
INFO: [Physopt 32-663] Processed net student_top_inst/Core_cpu/cpu_core/id_ex_inst/data_o[22]_i_13_n_0.  Re-placed instance student_top_inst/Core_cpu/cpu_core/id_ex_inst/data_o[22]_i_13
INFO: [Physopt 32-662] Processed net student_top_inst/Core_cpu/cpu_core/id_ex_inst/data_o[13]_i_22_n_0.  Did not re-place instance student_top_inst/Core_cpu/cpu_core/id_ex_inst/data_o[13]_i_22
INFO: [Physopt 32-662] Processed net student_top_inst/Core_cpu/cpu_core/id_ex_inst/data_o[0]_i_96_n_0.  Did not re-place instance student_top_inst/Core_cpu/cpu_core/id_ex_inst/data_o[0]_i_96
INFO: [Physopt 32-662] Processed net student_top_inst/Core_cpu/cpu_core/id_ex_inst/data_o[7]_i_37_n_0.  Did not re-place instance student_top_inst/Core_cpu/cpu_core/id_ex_inst/data_o[7]_i_37
INFO: [Physopt 32-663] Processed net student_top_inst/Core_cpu/cpu_core/id_ex_inst/inst_o_reg[14]_rep__11_0[1].  Re-placed instance student_top_inst/Core_cpu/cpu_core/id_ex_inst/inst_o_reg[3]_rep__15
INFO: [Physopt 32-662] Processed net student_top_inst/Core_cpu/cpu_core/id_ex_inst/rs1_match_ex_mem_inst_rep__13_i_1_n_0.  Did not re-place instance student_top_inst/Core_cpu/cpu_core/id_ex_inst/rs1_match_ex_mem_inst_rep__13_i_1
INFO: [Physopt 32-662] Processed net student_top_inst/Core_cpu/cpu_core/ex_inst/rv32m_iter_inst/done_r_reg_rep__22_0.  Did not re-place instance student_top_inst/Core_cpu/cpu_core/ex_inst/rv32m_iter_inst/data_o[22]_i_1__2
INFO: [Physopt 32-662] Processed net student_top_inst/Core_cpu/cpu_core/ex_inst/rv32m_iter_inst/done_r_reg_rep__30_0.  Did not re-place instance student_top_inst/Core_cpu/cpu_core/ex_inst/rv32m_iter_inst/data_o[6]_i_1__5
INFO: [Physopt 32-662] Processed net student_top_inst/Core_cpu/cpu_core/id_ex_inst/data_o[22]_i_3_n_0.  Did not re-place instance student_top_inst/Core_cpu/cpu_core/id_ex_inst/data_o[22]_i_3
INFO: [Physopt 32-662] Processed net student_top_inst/Core_cpu/cpu_core/id_ex_inst/data_o[6]_i_3_n_0.  Did not re-place instance student_top_inst/Core_cpu/cpu_core/id_ex_inst/data_o[6]_i_3
INFO: [Physopt 32-662] Processed net student_top_inst/Core_cpu/cpu_core/id_ex_inst/data_o[6]_i_5_n_0.  Did not re-place instance student_top_inst/Core_cpu/cpu_core/id_ex_inst/data_o[6]_i_5
INFO: [Physopt 32-662] Processed net student_top_inst/Core_cpu/cpu_core/id_ex_inst/data_o[6]_i_9_n_0.  Did not re-place instance student_top_inst/Core_cpu/cpu_core/id_ex_inst/data_o[6]_i_9
INFO: [Physopt 32-662] Processed net student_top_inst/Core_cpu/cpu_core/id_ex_inst/done_r_reg_rep__22_0.  Did not re-place instance student_top_inst/Core_cpu/cpu_core/id_ex_inst/data_o[22]_i_2__0
INFO: [Physopt 32-662] Processed net student_top_inst/Core_cpu/cpu_core/id_ex_inst/done_r_reg_rep__30_0.  Did not re-place instance student_top_inst/Core_cpu/cpu_core/id_ex_inst/data_o[6]_i_2
INFO: [Physopt 32-661] Optimized 7 nets.  Re-placed 7 instances.
INFO: [Physopt 32-775] End 1 Pass. Optimized 7 nets or cells. Created 0 new cell, deleted 0 existing cell and moved 7 existing cells
INFO: [Physopt 32-619] Estimated Timing Summary | WNS=-0.164 | TNS=-1.162 |
Netlist sorting complete. Time (s): cpu = 00:00:00 ; elapsed = 00:00:00.008 . Memory (MB): peak = 2272.652 ; gain = 0.000
Phase 15 Single Cell Placement Optimization | Checksum: 100944241

Time (s): cpu = 00:02:28 ; elapsed = 00:01:37 . Memory (MB): peak = 2272.652 ; gain = 0.000

Phase 16 Multi Cell Placement Optimization
INFO: [Physopt 32-660] Identified 100 candidate nets for placement-based optimization.
INFO: [Physopt 32-662] Processed net student_top_inst/Core_cpu/cpu_core/branch_predictor_inst/bp_fetch_pc_r_reg[30][30].  Did not re-place instance student_top_inst/Core_cpu/cpu_core/branch_predictor_inst/hold_pred_target_reg[30]_i_1/O
INFO: [Physopt 32-662] Processed net student_top_inst/Core_cpu/cpu_core/id_ex_inst/mtvec_r_reg[31][30].  Did not re-place instance student_top_inst/Core_cpu/cpu_core/id_ex_inst/pc_o[30]_i_2/O
INFO: [Physopt 32-662] Processed net student_top_inst/Core_cpu/cpu_core/if_id_inst/pred_target_o_reg[30]_0.  Did not re-place instance student_top_inst/Core_cpu/cpu_core/if_id_inst/pc_o[30]_i_5/O
INFO: [Physopt 32-662] Processed net student_top_inst/Core_cpu/cpu_core/branch_predictor_inst/bp_fetch_pc_r_reg[30][26].  Did not re-place instance student_top_inst/Core_cpu/cpu_core/branch_predictor_inst/hold_pred_target_reg[26]_i_1/O
INFO: [Physopt 32-662] Processed net student_top_inst/Core_cpu/cpu_core/id_ex_inst/mtvec_r_reg[31][26].  Did not re-place instance student_top_inst/Core_cpu/cpu_core/id_ex_inst/pc_o[26]_i_1/O
INFO: [Physopt 32-662] Processed net student_top_inst/Core_cpu/cpu_core/if_id_inst/pred_target_o_reg[26]_0.  Did not re-place instance student_top_inst/Core_cpu/cpu_core/if_id_inst/pc_o[26]_i_4/O
INFO: [Physopt 32-662] Processed net student_top_inst/Core_cpu/cpu_core/branch_predictor_inst/bp_fetch_pc_r_reg[30][29].  Did not re-place instance student_top_inst/Core_cpu/cpu_core/branch_predictor_inst/hold_pred_target_reg[29]_i_1/O
INFO: [Physopt 32-662] Processed net student_top_inst/Core_cpu/cpu_core/id_ex_inst/mtvec_r_reg[31][29].  Did not re-place instance student_top_inst/Core_cpu/cpu_core/id_ex_inst/pc_o[29]_i_1/O
INFO: [Physopt 32-662] Processed net student_top_inst/Core_cpu/cpu_core/if_id_inst/pred_target_o_reg[29]_0.  Did not re-place instance student_top_inst/Core_cpu/cpu_core/if_id_inst/pc_o[29]_i_4/O
INFO: [Physopt 32-662] Processed net student_top_inst/Core_cpu/cpu_core/branch_predictor_inst/bp_fetch_pc_r_reg[30][27].  Did not re-place instance student_top_inst/Core_cpu/cpu_core/branch_predictor_inst/hold_pred_target_reg[27]_i_1/O
INFO: [Physopt 32-662] Processed net student_top_inst/Core_cpu/cpu_core/branch_predictor_inst/bp_fetch_pc_r_reg[30][28].  Did not re-place instance student_top_inst/Core_cpu/cpu_core/branch_predictor_inst/hold_pred_target_reg[28]_i_1/O
INFO: [Physopt 32-662] Processed net student_top_inst/Core_cpu/cpu_core/id_ex_inst/mtvec_r_reg[31][27].  Did not re-place instance student_top_inst/Core_cpu/cpu_core/id_ex_inst/pc_o[27]_i_1/O
INFO: [Physopt 32-662] Processed net student_top_inst/Core_cpu/cpu_core/id_ex_inst/mtvec_r_reg[31][28].  Did not re-place instance student_top_inst/Core_cpu/cpu_core/id_ex_inst/pc_o[28]_i_1/O
INFO: [Physopt 32-662] Processed net student_top_inst/Core_cpu/cpu_core/if_id_inst/pred_target_o_reg[27]_0.  Did not re-place instance student_top_inst/Core_cpu/cpu_core/if_id_inst/pc_o[27]_i_4/O
INFO: [Physopt 32-662] Processed net student_top_inst/Core_cpu/cpu_core/if_id_inst/pred_target_o_reg[28]_0.  Did not re-place instance student_top_inst/Core_cpu/cpu_core/if_id_inst/pc_o[28]_i_4/O
INFO: [Physopt 32-662] Processed net student_top_inst/Core_cpu/cpu_core/branch_predictor_inst/bp_fetch_pc_r_reg[30][25].  Did not re-place instance student_top_inst/Core_cpu/cpu_core/branch_predictor_inst/hold_pred_target_reg[25]_i_1/O
INFO: [Physopt 32-662] Processed net student_top_inst/Core_cpu/cpu_core/id_ex_inst/mtvec_r_reg[31][25].  Did not re-place instance student_top_inst/Core_cpu/cpu_core/id_ex_inst/pc_o[25]_i_1/O
INFO: [Physopt 32-662] Processed net student_top_inst/Core_cpu/cpu_core/if_id_inst/pred_target_o_reg[25]_0.  Did not re-place instance student_top_inst/Core_cpu/cpu_core/if_id_inst/pc_o[25]_i_4/O
INFO: [Physopt 32-662] Processed net student_top_inst/Core_cpu/cpu_core/branch_predictor_inst/bp_fetch_pc_r_reg[30][22].  Did not re-place instance student_top_inst/Core_cpu/cpu_core/branch_predictor_inst/hold_pred_target_reg[22]_i_1/O
INFO: [Physopt 32-662] Processed net student_top_inst/Core_cpu/cpu_core/id_ex_inst/mtvec_r_reg[31][22].  Did not re-place instance student_top_inst/Core_cpu/cpu_core/id_ex_inst/pc_o[22]_i_2/O
INFO: [Physopt 32-662] Processed net student_top_inst/Core_cpu/cpu_core/if_id_inst/pred_target_o_reg[22]_0.  Did not re-place instance student_top_inst/Core_cpu/cpu_core/if_id_inst/pc_o[22]_i_5/O
INFO: [Physopt 32-662] Processed net student_top_inst/Core_cpu/cpu_core/if_id_inst/bp_fetch_redirect.  Did not re-place instance student_top_inst/Core_cpu/cpu_core/if_id_inst/pc_o[31]_i_11/O
INFO: [Physopt 32-662] Processed net student_top_inst/Core_cpu/cpu_core/if_id_inst/bp_fetch_valid_r_reg.  Did not re-place instance student_top_inst/Core_cpu/cpu_core/if_id_inst/hold_pred_target_reg[31]_i_4/O
INFO: [Physopt 32-662] Processed net student_top_inst/Core_cpu/cpu_core/branch_predictor_inst/bp_pred_taken_o.  Did not re-place instance student_top_inst/Core_cpu/cpu_core/branch_predictor_inst/hold_pred_taken_reg_i_1/O
INFO: [Physopt 32-662] Processed net student_top_inst/Core_cpu/cpu_core/branch_predictor_inst/bp_fetch_pc_r_reg[30][31].  Did not re-place instance student_top_inst/Core_cpu/cpu_core/branch_predictor_inst/hold_pred_target_reg[31]_i_1/O
INFO: [Physopt 32-662] Processed net student_top_inst/Core_cpu/cpu_core/id_ex_inst/mtvec_r_reg[31][31].  Did not re-place instance student_top_inst/Core_cpu/cpu_core/id_ex_inst/pc_o[31]_i_1/O
INFO: [Physopt 32-662] Processed net student_top_inst/Core_cpu/cpu_core/if_id_inst/pred_target_o_reg[31]_0.  Did not re-place instance student_top_inst/Core_cpu/cpu_core/if_id_inst/pc_o[31]_i_4/O
INFO: [Physopt 32-662] Processed net student_top_inst/Core_cpu/cpu_core/branch_predictor_inst/bp_fetch_pc_r_reg[30][21].  Did not re-place instance student_top_inst/Core_cpu/cpu_core/branch_predictor_inst/hold_pred_target_reg[21]_i_1/O
INFO: [Physopt 32-662] Processed net student_top_inst/Core_cpu/cpu_core/id_ex_inst/mtvec_r_reg[31][21].  Did not re-place instance student_top_inst/Core_cpu/cpu_core/id_ex_inst/pc_o[21]_i_1/O
INFO: [Physopt 32-662] Processed net student_top_inst/Core_cpu/cpu_core/if_id_inst/pred_target_o_reg[21]_0.  Did not re-place instance student_top_inst/Core_cpu/cpu_core/if_id_inst/pc_o[21]_i_4/O
INFO: [Physopt 32-662] Processed net student_top_inst/Core_cpu/cpu_core/if_id_inst/pc_jump_en_o.  Did not re-place instance student_top_inst/Core_cpu/cpu_core/if_id_inst/pc_o[31]_i_6/O
INFO: [Physopt 32-662] Processed net student_top_inst/Core_cpu/cpu_core/branch_predictor_inst/bp_fetch_pc_r_reg[30][17].  Did not re-place instance student_top_inst/Core_cpu/cpu_core/branch_predictor_inst/hold_pred_target_reg[17]_i_1/O
INFO: [Physopt 32-662] Processed net student_top_inst/Core_cpu/cpu_core/id_ex_inst/mtvec_r_reg[31][17].  Did not re-place instance student_top_inst/Core_cpu/cpu_core/id_ex_inst/pc_o[17]_i_1/O
INFO: [Physopt 32-662] Processed net student_top_inst/Core_cpu/cpu_core/if_id_inst/pred_target_o_reg[17]_0.  Did not re-place instance student_top_inst/Core_cpu/cpu_core/if_id_inst/pc_o[17]_i_4/O
INFO: [Physopt 32-662] Processed net student_top_inst/Core_cpu/cpu_core/if_id_inst/pred_target_o[27]_i_1_n_0.  Did not re-place instance student_top_inst/Core_cpu/cpu_core/if_id_inst/pred_target_o[27]_i_1/O
INFO: [Physopt 32-662] Processed net student_top_inst/Core_cpu/cpu_core/branch_predictor_inst/bp_fetch_pc_r_reg[30][20].  Did not re-place instance student_top_inst/Core_cpu/cpu_core/branch_predictor_inst/hold_pred_target_reg[20]_i_1/O
INFO: [Physopt 32-662] Processed net student_top_inst/Core_cpu/cpu_core/id_ex_inst/mtvec_r_reg[31][20].  Did not re-place instance student_top_inst/Core_cpu/cpu_core/id_ex_inst/pc_o[20]_i_1/O
INFO: [Physopt 32-662] Processed net student_top_inst/Core_cpu/cpu_core/if_id_inst/pred_target_o_reg[20]_0.  Did not re-place instance student_top_inst/Core_cpu/cpu_core/if_id_inst/pc_o[20]_i_4/O
INFO: [Physopt 32-662] Processed net student_top_inst/Core_cpu/cpu_core/branch_predictor_inst/bp_fetch_pc_r_reg[30][15].  Did not re-place instance student_top_inst/Core_cpu/cpu_core/branch_predictor_inst/hold_pred_target_reg[15]_i_1/O
INFO: [Physopt 32-662] Processed net student_top_inst/Core_cpu/cpu_core/id_ex_inst/mtvec_r_reg[31][15].  Did not re-place instance student_top_inst/Core_cpu/cpu_core/id_ex_inst/pc_o[15]_i_1/O
INFO: [Physopt 32-662] Processed net student_top_inst/Core_cpu/cpu_core/id_ex_inst/mtvec_r_reg[31][24].  Did not re-place instance student_top_inst/Core_cpu/cpu_core/id_ex_inst/pc_o[24]_i_1/O
INFO: [Physopt 32-662] Processed net student_top_inst/Core_cpu/cpu_core/if_id_inst/pred_target_o_reg[15]_0.  Did not re-place instance student_top_inst/Core_cpu/cpu_core/if_id_inst/pc_o[15]_i_4/O
INFO: [Physopt 32-662] Processed net student_top_inst/Core_cpu/cpu_core/if_id_inst/pred_target_o_reg[24]_0.  Did not re-place instance student_top_inst/Core_cpu/cpu_core/if_id_inst/pc_o[24]_i_4/O
INFO: [Physopt 32-662] Processed net student_top_inst/Core_cpu/cpu_core/branch_predictor_inst/bp_fetch_pc_r_reg[30][24].  Did not re-place instance student_top_inst/Core_cpu/cpu_core/branch_predictor_inst/hold_pred_target_reg[24]_i_1/O
INFO: [Physopt 32-661] Optimized 0 net.  Re-placed 0 instance.
INFO: [Physopt 32-775] End 1 Pass. Optimized 0 net or cell. Created 0 new cell, deleted 0 existing cell and moved 0 existing cell
Netlist sorting complete. Time (s): cpu = 00:00:00 ; elapsed = 00:00:00.006 . Memory (MB): peak = 2272.652 ; gain = 0.000
Phase 16 Multi Cell Placement Optimization | Checksum: 100944241

Time (s): cpu = 00:02:43 ; elapsed = 00:01:46 . Memory (MB): peak = 2272.652 ; gain = 0.000

Phase 17 Rewire
INFO: [Physopt 32-246] Starting Signal Push optimization...
INFO: [Physopt 32-241] No nets found for rewiring () optimization.
INFO: [Physopt 32-232] Optimized 0 net. Created 0 new instance.
INFO: [Physopt 32-775] End 1 Pass. Optimized 0 net or cell. Created 0 new cell, deleted 0 existing cell and moved 0 existing cell
Netlist sorting complete. Time (s): cpu = 00:00:00 ; elapsed = 00:00:00.005 . Memory (MB): peak = 2272.652 ; gain = 0.000
Phase 17 Rewire | Checksum: 100944241

Time (s): cpu = 00:02:43 ; elapsed = 00:01:46 . Memory (MB): peak = 2272.652 ; gain = 0.000

Phase 18 Critical Cell Optimization
INFO: [Physopt 32-68] No nets found for critical-cell optimization.
INFO: [Physopt 32-232] Optimized 0 net. Created 0 new instance.
INFO: [Physopt 32-775] End 1 Pass. Optimized 0 net or cell. Created 0 new cell, deleted 0 existing cell and moved 0 existing cell
Phase 18 Critical Cell Optimization | Checksum: 100944241

Time (s): cpu = 00:02:43 ; elapsed = 00:01:46 . Memory (MB): peak = 2272.652 ; gain = 0.000

Phase 19 DSP Register Optimization
INFO: [Physopt 32-456] No candidate cells for DSP register optimization found in the design.
INFO: [Physopt 32-775] End 1 Pass. Optimized 0 net or cell. Created 0 new cell, deleted 0 existing cell and moved 0 existing cell
Phase 19 DSP Register Optimization | Checksum: 100944241

Time (s): cpu = 00:02:43 ; elapsed = 00:01:46 . Memory (MB): peak = 2272.652 ; gain = 0.000

Phase 20 BRAM Register Optimization
INFO: [Physopt 32-526] No candidate cells for BRAM register optimization found in the design
INFO: [Physopt 32-775] End 1 Pass. Optimized 0 net or cell. Created 0 new cell, deleted 0 existing cell and moved 0 existing cell
Phase 20 BRAM Register Optimization | Checksum: 100944241

Time (s): cpu = 00:02:43 ; elapsed = 00:01:47 . Memory (MB): peak = 2272.652 ; gain = 0.000

Phase 21 URAM Register Optimization
INFO: [Physopt 32-846] No candidate cells for URAM register optimization found in the design
INFO: [Physopt 32-775] End 1 Pass. Optimized 0 net or cell. Created 0 new cell, deleted 0 existing cell and moved 0 existing cell
INFO: [Physopt 32-846] No candidate cells for URAM register optimization found in the design
INFO: [Physopt 32-775] End 1 Pass. Optimized 0 net or cell. Created 0 new cell, deleted 0 existing cell and moved 0 existing cell
Phase 21 URAM Register Optimization | Checksum: 100944241

Time (s): cpu = 00:02:43 ; elapsed = 00:01:47 . Memory (MB): peak = 2272.652 ; gain = 0.000

Phase 22 Shift Register Optimization
INFO: [Physopt 32-1401] No candidate cells found for Shift Register optimization.
INFO: [Physopt 32-677] No candidate cells for Shift Register optimization found in the design
INFO: [Physopt 32-775] End 1 Pass. Optimized 0 net or cell. Created 0 new cell, deleted 0 existing cell and moved 0 existing cell
Phase 22 Shift Register Optimization | Checksum: 100944241

Time (s): cpu = 00:02:43 ; elapsed = 00:01:47 . Memory (MB): peak = 2272.652 ; gain = 0.000

Phase 23 DSP Register Optimization
INFO: [Physopt 32-456] No candidate cells for DSP register optimization found in the design.
INFO: [Physopt 32-775] End 1 Pass. Optimized 0 net or cell. Created 0 new cell, deleted 0 existing cell and moved 0 existing cell
Phase 23 DSP Register Optimization | Checksum: 100944241

Time (s): cpu = 00:02:43 ; elapsed = 00:01:47 . Memory (MB): peak = 2272.652 ; gain = 0.000

Phase 24 BRAM Register Optimization
INFO: [Physopt 32-526] No candidate cells for BRAM register optimization found in the design
INFO: [Physopt 32-775] End 1 Pass. Optimized 0 net or cell. Created 0 new cell, deleted 0 existing cell and moved 0 existing cell
Phase 24 BRAM Register Optimization | Checksum: 100944241

Time (s): cpu = 00:02:43 ; elapsed = 00:01:47 . Memory (MB): peak = 2272.652 ; gain = 0.000

Phase 25 URAM Register Optimization
INFO: [Physopt 32-846] No candidate cells for URAM register optimization found in the design
INFO: [Physopt 32-775] End 1 Pass. Optimized 0 net or cell. Created 0 new cell, deleted 0 existing cell and moved 0 existing cell
INFO: [Physopt 32-846] No candidate cells for URAM register optimization found in the design
INFO: [Physopt 32-775] End 1 Pass. Optimized 0 net or cell. Created 0 new cell, deleted 0 existing cell and moved 0 existing cell
Phase 25 URAM Register Optimization | Checksum: 100944241

Time (s): cpu = 00:02:43 ; elapsed = 00:01:47 . Memory (MB): peak = 2272.652 ; gain = 0.000

Phase 26 Shift Register Optimization
INFO: [Physopt 32-1401] No candidate cells found for Shift Register optimization.
INFO: [Physopt 32-677] No candidate cells for Shift Register optimization found in the design
INFO: [Physopt 32-775] End 1 Pass. Optimized 0 net or cell. Created 0 new cell, deleted 0 existing cell and moved 0 existing cell
Phase 26 Shift Register Optimization | Checksum: 100944241

Time (s): cpu = 00:02:43 ; elapsed = 00:01:47 . Memory (MB): peak = 2272.652 ; gain = 0.000

Phase 27 Critical Pin Optimization
INFO: [Physopt 32-606] Identified 55 candidate nets for critical-pin optimization.
INFO: [Physopt 32-608] Optimized 26 nets.  Swapped 364 pins.
INFO: [Physopt 32-775] End 1 Pass. Optimized 26 nets or cells. Created 0 new cell, deleted 0 existing cell and moved 364 existing cells
INFO: [Physopt 32-619] Estimated Timing Summary | WNS=-0.150 | TNS=-0.449 |
Netlist sorting complete. Time (s): cpu = 00:00:00 ; elapsed = 00:00:00.007 . Memory (MB): peak = 2272.652 ; gain = 0.000
Phase 27 Critical Pin Optimization | Checksum: 12dce833d

Time (s): cpu = 00:02:44 ; elapsed = 00:01:47 . Memory (MB): peak = 2272.652 ; gain = 0.000

Phase 28 Very High Fanout Optimization
INFO: [Physopt 32-65] No nets found for high-fanout optimization.
INFO: [Physopt 32-232] Optimized 0 net. Created 0 new instance.
INFO: [Physopt 32-775] End 1 Pass. Optimized 0 net or cell. Created 0 new cell, deleted 0 existing cell and moved 0 existing cell
Phase 28 Very High Fanout Optimization | Checksum: 12dce833d

Time (s): cpu = 00:02:44 ; elapsed = 00:01:48 . Memory (MB): peak = 2272.652 ; gain = 0.000

Phase 29 Single Cell Placement Optimization
INFO: [Physopt 32-660] Identified 250 candidate nets for placement-based optimization.
INFO: [Physopt 32-662] Processed net student_top_inst/Core_cpu/cpu_core/branch_predictor_inst/bp_fetch_pc_r_reg[30][30].  Did not re-place instance student_top_inst/Core_cpu/cpu_core/branch_predictor_inst/hold_pred_target_reg[30]_i_1
INFO: [Physopt 32-662] Processed net student_top_inst/Core_cpu/cpu_core/id_ex_inst/mtvec_r_reg[31][30].  Did not re-place instance student_top_inst/Core_cpu/cpu_core/id_ex_inst/pc_o[30]_i_2
INFO: [Physopt 32-662] Processed net student_top_inst/Core_cpu/cpu_core/if_id_inst/b_imm_inst__22_n_0.  Did not re-place instance student_top_inst/Core_cpu/cpu_core/if_id_inst/b_imm_inst__22
INFO: [Physopt 32-662] Processed net student_top_inst/Core_cpu/cpu_core/if_id_inst/pred_target_o_reg[30]_0.  Did not re-place instance student_top_inst/Core_cpu/cpu_core/if_id_inst/pc_o[30]_i_5
INFO: [Physopt 32-662] Processed net student_top_inst/Core_cpu/cpu_core/pc_reg_inst/Q[30].  Did not re-place instance student_top_inst/Core_cpu/cpu_core/pc_reg_inst/pc_o_reg[30]
INFO: [Physopt 32-662] Processed net student_top_inst/Core_cpu/cpu_core/if_id_inst/b_imm_inst__26_n_0.  Did not re-place instance student_top_inst/Core_cpu/cpu_core/if_id_inst/b_imm_inst__26
INFO: [Physopt 32-662] Processed net student_top_inst/Core_cpu/cpu_core/branch_predictor_inst/bp_fetch_pc_r_reg[30][29].  Did not re-place instance student_top_inst/Core_cpu/cpu_core/branch_predictor_inst/hold_pred_target_reg[29]_i_1
INFO: [Physopt 32-662] Processed net student_top_inst/Core_cpu/cpu_core/id_ex_inst/mtvec_r_reg[31][29].  Did not re-place instance student_top_inst/Core_cpu/cpu_core/id_ex_inst/pc_o[29]_i_1
INFO: [Physopt 32-662] Processed net student_top_inst/Core_cpu/cpu_core/if_id_inst/pred_target_o_reg[29]_0.  Did not re-place instance student_top_inst/Core_cpu/cpu_core/if_id_inst/pc_o[29]_i_4
INFO: [Physopt 32-662] Processed net student_top_inst/Core_cpu/cpu_core/pc_reg_inst/Q[29].  Did not re-place instance student_top_inst/Core_cpu/cpu_core/pc_reg_inst/pc_o_reg[29]
INFO: [Physopt 32-662] Processed net student_top_inst/Core_cpu/cpu_core/if_id_inst/b_imm_inst__27_n_0.  Did not re-place instance student_top_inst/Core_cpu/cpu_core/if_id_inst/b_imm_inst__27
INFO: [Physopt 32-662] Processed net student_top_inst/Core_cpu/cpu_core/ex_mem_inst/dff_inst/done_r_reg_rep__41_0.  Did not re-place instance student_top_inst/Core_cpu/cpu_core/ex_mem_inst/dff_inst/flush_ifid_o_inst_i_4
INFO: [Physopt 32-662] Processed net student_top_inst/Core_cpu/cpu_core/if_id_inst/id_use_rs1_o.  Did not re-place instance student_top_inst/Core_cpu/cpu_core/if_id_inst/use_rs1_o_i_2
INFO: [Physopt 32-662] Processed net student_top_inst/Core_cpu/cpu_core/if_id_inst/op1_o[31]_i_8_n_0.  Did not re-place instance student_top_inst/Core_cpu/cpu_core/if_id_inst/op1_o[31]_i_8
INFO: [Physopt 32-662] Processed net student_top_inst/Core_cpu/cpu_core/if_id_inst/inst_o_reg[5]_rep__11.  Did not re-place instance student_top_inst/Core_cpu/cpu_core/if_id_inst/flush_ifid_o_inst_i_8
INFO: [Physopt 32-662] Processed net student_top_inst/Core_cpu/cpu_core/if_id_inst/data_o_reg[6].  Did not re-place instance student_top_inst/Core_cpu/cpu_core/if_id_inst/is_holding_reg_i_2
INFO: [Physopt 32-662] Processed net student_top_inst/Core_cpu/cpu_core/if_id_inst/if_id_inst_o[1].  Did not re-place instance student_top_inst/Core_cpu/cpu_core/if_id_inst/inst_o_reg[1]
INFO: [Physopt 32-662] Processed net student_top_inst/Core_cpu/cpu_core/id_ex_inst/inst_o_reg[6]_rep__12_0.  Did not re-place instance student_top_inst/Core_cpu/cpu_core/id_ex_inst/flush_ifid_o_inst_i_17
INFO: [Physopt 32-662] Processed net student_top_inst/Core_cpu/cpu_core/id_ex_inst/mtvec_r_reg[31][25].  Did not re-place instance student_top_inst/Core_cpu/cpu_core/id_ex_inst/pc_o[25]_i_1
INFO: [Physopt 32-662] Processed net student_top_inst/Core_cpu/cpu_core/if_id_inst/use_rs1_o_i_4_n_0.  Did not re-place instance student_top_inst/Core_cpu/cpu_core/if_id_inst/use_rs1_o_i_4
INFO: [Physopt 32-662] Processed net student_top_inst/Core_cpu/cpu_core/pc_reg_inst/pc_o[4]_i_8_n_0.  Did not re-place instance student_top_inst/Core_cpu/cpu_core/pc_reg_inst/pc_o[4]_i_8
INFO: [Physopt 32-662] Processed net student_top_inst/Core_cpu/cpu_core/pc_reg_inst/Q[25].  Did not re-place instance student_top_inst/Core_cpu/cpu_core/pc_reg_inst/pc_o_reg[25]
INFO: [Physopt 32-662] Processed net student_top_inst/Core_cpu/cpu_core/branch_predictor_inst/bp_fetch_pc_r_reg[30][27].  Did not re-place instance student_top_inst/Core_cpu/cpu_core/branch_predictor_inst/hold_pred_target_reg[27]_i_1
INFO: [Physopt 32-662] Processed net student_top_inst/Core_cpu/cpu_core/id_ex_inst/mtvec_r_reg[31][27].  Did not re-place instance student_top_inst/Core_cpu/cpu_core/id_ex_inst/pc_o[27]_i_1
INFO: [Physopt 32-662] Processed net student_top_inst/Core_cpu/cpu_core/if_id_inst/hold_pred_target_reg[11]_i_7_n_0.  Did not re-place instance student_top_inst/Core_cpu/cpu_core/if_id_inst/hold_pred_target_reg[11]_i_7
INFO: [Physopt 32-662] Processed net student_top_inst/Core_cpu/cpu_core/if_id_inst/pred_target_o_reg[27]_0.  Did not re-place instance student_top_inst/Core_cpu/cpu_core/if_id_inst/pc_o[27]_i_4
INFO: [Physopt 32-662] Processed net student_top_inst/Core_cpu/cpu_core/pc_reg_inst/Q[27].  Did not re-place instance student_top_inst/Core_cpu/cpu_core/pc_reg_inst/pc_o_reg[27]
INFO: [Physopt 32-662] Processed net student_top_inst/Core_cpu/cpu_core/if_id_inst/b_imm_inst__28_n_0.  Did not re-place instance student_top_inst/Core_cpu/cpu_core/if_id_inst/b_imm_inst__28
INFO: [Physopt 32-662] Processed net student_top_inst/Core_cpu/cpu_core/if_id_inst/id_use_rs2_o.  Did not re-place instance student_top_inst/Core_cpu/cpu_core/if_id_inst/use_rs2_o_i_2
INFO: [Physopt 32-662] Processed net student_top_inst/Core_cpu/cpu_core/if_id_inst/flush_ifid_o_inst_i_21_n_0.  Did not re-place instance student_top_inst/Core_cpu/cpu_core/if_id_inst/flush_ifid_o_inst_i_21
INFO: [Physopt 32-662] Processed net student_top_inst/Core_cpu/cpu_core/if_id_inst/b_imm_inst__25_n_0.  Did not re-place instance student_top_inst/Core_cpu/cpu_core/if_id_inst/b_imm_inst__25
INFO: [Physopt 32-662] Processed net student_top_inst/Core_cpu/cpu_core/if_id_inst/b_imm_inst__23_n_0.  Did not re-place instance student_top_inst/Core_cpu/cpu_core/if_id_inst/b_imm_inst__23
INFO: [Physopt 32-662] Processed net student_top_inst/Core_cpu/cpu_core/branch_predictor_inst/bp_fetch_pc_r_reg[30][28].  Did not re-place instance student_top_inst/Core_cpu/cpu_core/branch_predictor_inst/hold_pred_target_reg[28]_i_1
INFO: [Physopt 32-662] Processed net student_top_inst/Core_cpu/cpu_core/id_ex_inst/mtvec_r_reg[31][28].  Did not re-place instance student_top_inst/Core_cpu/cpu_core/id_ex_inst/pc_o[28]_i_1
INFO: [Physopt 32-662] Processed net student_top_inst/Core_cpu/cpu_core/if_id_inst/pred_target_o_reg[28]_0.  Did not re-place instance student_top_inst/Core_cpu/cpu_core/if_id_inst/pc_o[28]_i_4
INFO: [Physopt 32-662] Processed net student_top_inst/Core_cpu/cpu_core/pc_reg_inst/Q[28].  Did not re-place instance student_top_inst/Core_cpu/cpu_core/pc_reg_inst/pc_o_reg[28]
INFO: [Physopt 32-662] Processed net student_top_inst/Core_cpu/cpu_core/if_id_inst/b_imm_inst__20_n_0.  Did not re-place instance student_top_inst/Core_cpu/cpu_core/if_id_inst/b_imm_inst__20
INFO: [Physopt 32-662] Processed net student_top_inst/Core_cpu/cpu_core/branch_predictor_inst/bp_fetch_pc_r_reg[30][25].  Did not re-place instance student_top_inst/Core_cpu/cpu_core/branch_predictor_inst/hold_pred_target_reg[25]_i_1
INFO: [Physopt 32-662] Processed net student_top_inst/Core_cpu/cpu_core/if_id_inst/pred_target_o_reg[25]_0.  Did not re-place instance student_top_inst/Core_cpu/cpu_core/if_id_inst/pc_o[25]_i_4
INFO: [Physopt 32-662] Processed net student_top_inst/Core_cpu/cpu_core/if_id_inst/Q[0].  Did not re-place instance student_top_inst/Core_cpu/cpu_core/if_id_inst/inst_o_reg[15]
INFO: [Physopt 32-662] Processed net student_top_inst/Core_cpu/cpu_core/if_id_inst/if_id_inst_o[0].  Did not re-place instance student_top_inst/Core_cpu/cpu_core/if_id_inst/inst_o_reg[0]
INFO: [Physopt 32-662] Processed net student_top_inst/Core_cpu/cpu_core/if_id_inst/flush_ifid_o_inst_i_22_n_0.  Did not re-place instance student_top_inst/Core_cpu/cpu_core/if_id_inst/flush_ifid_o_inst_i_22
INFO: [Physopt 32-662] Processed net student_top_inst/Core_cpu/cpu_core/if_id_inst/flush_ifid_o_inst_i_42_n_0.  Did not re-place instance student_top_inst/Core_cpu/cpu_core/if_id_inst/flush_ifid_o_inst_i_42
INFO: [Physopt 32-662] Processed net student_top_inst/Core_cpu/cpu_core/if_id_inst/b_imm_inst__21_n_0.  Did not re-place instance student_top_inst/Core_cpu/cpu_core/if_id_inst/b_imm_inst__21
INFO: [Physopt 32-662] Processed net student_top_inst/Core_cpu/cpu_core/id_ex_inst/inst_o_reg[27]_0[7].  Did not re-place instance student_top_inst/Core_cpu/cpu_core/id_ex_inst/inst_o_reg[7]
INFO: [Physopt 32-662] Processed net student_top_inst/Core_cpu/cpu_core/branch_predictor_inst/bp_fetch_pc_r_reg[30][31].  Did not re-place instance student_top_inst/Core_cpu/cpu_core/branch_predictor_inst/hold_pred_target_reg[31]_i_1
INFO: [Physopt 32-662] Processed net student_top_inst/Core_cpu/cpu_core/id_ex_inst/mtvec_r_reg[31][31].  Did not re-place instance student_top_inst/Core_cpu/cpu_core/id_ex_inst/pc_o[31]_i_1
INFO: [Physopt 32-663] Processed net student_top_inst/Core_cpu/cpu_core/if_id_inst/pred_target_o_reg[31]_0.  Re-placed instance student_top_inst/Core_cpu/cpu_core/if_id_inst/pc_o[31]_i_4
INFO: [Physopt 32-662] Processed net student_top_inst/Core_cpu/cpu_core/pc_reg_inst/Q[31].  Did not re-place instance student_top_inst/Core_cpu/cpu_core/pc_reg_inst/pc_o_reg[31]
INFO: [Physopt 32-662] Processed net student_top_inst/Core_cpu/cpu_core/if_id_inst/inst_o_reg[18]_1.  Did not re-place instance student_top_inst/Core_cpu/cpu_core/if_id_inst/flush_ifid_o_inst_i_20
INFO: [Physopt 32-662] Processed net student_top_inst/Core_cpu/cpu_core/mem1_mem2_inst/dff_inst/data_o_reg[3]_0.  Did not re-place instance student_top_inst/Core_cpu/cpu_core/mem1_mem2_inst/dff_inst/flush_ifid_o_inst_i_19
INFO: [Physopt 32-662] Processed net student_top_inst/Core_cpu/cpu_core/branch_predictor_inst/bp_fetch_pc_r_reg[30][15].  Did not re-place instance student_top_inst/Core_cpu/cpu_core/branch_predictor_inst/hold_pred_target_reg[15]_i_1
INFO: [Physopt 32-662] Processed net student_top_inst/Core_cpu/cpu_core/id_ex_inst/mtvec_r_reg[31][15].  Did not re-place instance student_top_inst/Core_cpu/cpu_core/id_ex_inst/pc_o[15]_i_1
INFO: [Physopt 32-662] Processed net student_top_inst/Core_cpu/cpu_core/if_id_inst/pred_target_o_reg[15]_0.  Did not re-place instance student_top_inst/Core_cpu/cpu_core/if_id_inst/pc_o[15]_i_4
INFO: [Physopt 32-662] Processed net student_top_inst/Core_cpu/cpu_core/pc_reg_inst/Q[15].  Did not re-place instance student_top_inst/Core_cpu/cpu_core/pc_reg_inst/pc_o_reg[15]
INFO: [Physopt 32-662] Processed net student_top_inst/Core_cpu/cpu_core/if_id_inst/b_imm_inst__13_n_0.  Did not re-place instance student_top_inst/Core_cpu/cpu_core/if_id_inst/b_imm_inst__13
INFO: [Physopt 32-662] Processed net student_top_inst/Core_cpu/cpu_core/if_id_inst/b_imm_inst__29_n_0.  Did not re-place instance student_top_inst/Core_cpu/cpu_core/if_id_inst/b_imm_inst__29
INFO: [Physopt 32-662] Processed net student_top_inst/Core_cpu/cpu_core/if_id_inst/b_imm_inst__17_n_0.  Did not re-place instance student_top_inst/Core_cpu/cpu_core/if_id_inst/b_imm_inst__17
INFO: [Physopt 32-662] Processed net student_top_inst/Core_cpu/cpu_core/if_id_inst/hold_pred_target_reg[3]_i_7_n_0.  Did not re-place instance student_top_inst/Core_cpu/cpu_core/if_id_inst/hold_pred_target_reg[3]_i_7
INFO: [Physopt 32-662] Processed net student_top_inst/Core_cpu/cpu_core/if_id_inst/bp_fetch_redirect.  Did not re-place instance student_top_inst/Core_cpu/cpu_core/if_id_inst/pc_o[31]_i_11
INFO: [Physopt 32-662] Processed net student_top_inst/Core_cpu/cpu_core/if_id_inst/bp_fetch_valid_r_reg.  Did not re-place instance student_top_inst/Core_cpu/cpu_core/if_id_inst/hold_pred_target_reg[31]_i_4
INFO: [Physopt 32-662] Processed net student_top_inst/Core_cpu/cpu_core/branch_predictor_inst/bp_fetch_pc_r_reg[30][26].  Did not re-place instance student_top_inst/Core_cpu/cpu_core/branch_predictor_inst/hold_pred_target_reg[26]_i_1
INFO: [Physopt 32-662] Processed net student_top_inst/Core_cpu/cpu_core/branch_predictor_inst/bp_pred_taken_o.  Did not re-place instance student_top_inst/Core_cpu/cpu_core/branch_predictor_inst/hold_pred_taken_reg_i_1
INFO: [Physopt 32-662] Processed net student_top_inst/Core_cpu/cpu_core/id_ex_inst/mtvec_r_reg[31][26].  Did not re-place instance student_top_inst/Core_cpu/cpu_core/id_ex_inst/pc_o[26]_i_1
INFO: [Physopt 32-663] Processed net student_top_inst/Core_cpu/cpu_core/if_id_inst/pred_target_o_reg[26]_0.  Re-placed instance student_top_inst/Core_cpu/cpu_core/if_id_inst/pc_o[26]_i_4
INFO: [Physopt 32-662] Processed net student_top_inst/Core_cpu/cpu_core/pc_reg_inst/Q[26].  Did not re-place instance student_top_inst/Core_cpu/cpu_core/pc_reg_inst/pc_o_reg[26]
INFO: [Physopt 32-662] Processed net student_top_inst/Core_cpu/cpu_core/if_id_inst/b_imm_inst__14_n_0.  Did not re-place instance student_top_inst/Core_cpu/cpu_core/if_id_inst/b_imm_inst__14
INFO: [Physopt 32-662] Processed net student_top_inst/Core_cpu/cpu_core/branch_predictor_inst/bp_fetch_pc_r_reg[30][24].  Did not re-place instance student_top_inst/Core_cpu/cpu_core/branch_predictor_inst/hold_pred_target_reg[24]_i_1
INFO: [Physopt 32-662] Processed net student_top_inst/Core_cpu/cpu_core/id_ex_inst/mtvec_r_reg[31][24].  Did not re-place instance student_top_inst/Core_cpu/cpu_core/id_ex_inst/pc_o[24]_i_1
INFO: [Physopt 32-662] Processed net student_top_inst/Core_cpu/cpu_core/if_id_inst/b_imm_inst__18_n_0.  Did not re-place instance student_top_inst/Core_cpu/cpu_core/if_id_inst/b_imm_inst__18
INFO: [Physopt 32-662] Processed net student_top_inst/Core_cpu/cpu_core/if_id_inst/pred_target_o_reg[24]_0.  Did not re-place instance student_top_inst/Core_cpu/cpu_core/if_id_inst/pc_o[24]_i_4
INFO: [Physopt 32-662] Processed net student_top_inst/Core_cpu/cpu_core/pc_reg_inst/Q[24].  Did not re-place instance student_top_inst/Core_cpu/cpu_core/pc_reg_inst/pc_o_reg[24]
INFO: [Physopt 32-662] Processed net student_top_inst/Core_cpu/cpu_core/if_id_inst/flush_ifid_o_inst_i_38_n_0.  Did not re-place instance student_top_inst/Core_cpu/cpu_core/if_id_inst/flush_ifid_o_inst_i_38
INFO: [Physopt 32-662] Processed net student_top_inst/Core_cpu/cpu_core/if_id_inst/flush_ifid_o_inst_i_50_n_0.  Did not re-place instance student_top_inst/Core_cpu/cpu_core/if_id_inst/flush_ifid_o_inst_i_50
INFO: [Physopt 32-662] Processed net student_top_inst/Core_cpu/cpu_core/if_id_inst/b_imm_inst__16_n_0.  Did not re-place instance student_top_inst/Core_cpu/cpu_core/if_id_inst/b_imm_inst__16
INFO: [Physopt 32-662] Processed net student_top_inst/Core_cpu/cpu_core/mem2_align_inst/dff_inst/data_o_reg[6]_0.  Did not re-place instance student_top_inst/Core_cpu/cpu_core/mem2_align_inst/dff_inst/flush_ifid_o_inst_i_3
INFO: [Physopt 32-662] Processed net student_top_inst/Core_cpu/cpu_core/if_id_inst/inst_o_reg[18]_0.  Did not re-place instance student_top_inst/Core_cpu/cpu_core/if_id_inst/flush_ifid_o_inst_i_14
INFO: [Physopt 32-662] Processed net student_top_inst/Core_cpu/cpu_core/if_id_inst/flush_ifid_o_inst_i_28_n_0.  Did not re-place instance student_top_inst/Core_cpu/cpu_core/if_id_inst/flush_ifid_o_inst_i_28
INFO: [Physopt 32-662] Processed net student_top_inst/Core_cpu/cpu_core/branch_predictor_inst/bp_fetch_pc_r_reg[30][19].  Did not re-place instance student_top_inst/Core_cpu/cpu_core/branch_predictor_inst/hold_pred_target_reg[19]_i_1
INFO: [Physopt 32-662] Processed net student_top_inst/Core_cpu/cpu_core/branch_predictor_inst/bp_fetch_pc_r_reg[30][22].  Did not re-place instance student_top_inst/Core_cpu/cpu_core/branch_predictor_inst/hold_pred_target_reg[22]_i_1
INFO: [Physopt 32-662] Processed net student_top_inst/Core_cpu/cpu_core/id_ex_inst/mtvec_r_reg[31][19].  Did not re-place instance student_top_inst/Core_cpu/cpu_core/id_ex_inst/pc_o[19]_i_1
INFO: [Physopt 32-662] Processed net student_top_inst/Core_cpu/cpu_core/id_ex_inst/mtvec_r_reg[31][22].  Did not re-place instance student_top_inst/Core_cpu/cpu_core/id_ex_inst/pc_o[22]_i_2
INFO: [Physopt 32-662] Processed net student_top_inst/Core_cpu/cpu_core/if_id_inst/b_imm_inst__15_n_0.  Did not re-place instance student_top_inst/Core_cpu/cpu_core/if_id_inst/b_imm_inst__15
INFO: [Physopt 32-662] Processed net student_top_inst/Core_cpu/cpu_core/if_id_inst/pred_target_o_reg[19]_0.  Did not re-place instance student_top_inst/Core_cpu/cpu_core/if_id_inst/pc_o[19]_i_4
INFO: [Physopt 32-662] Processed net student_top_inst/Core_cpu/cpu_core/if_id_inst/pred_target_o_reg[22]_0.  Did not re-place instance student_top_inst/Core_cpu/cpu_core/if_id_inst/pc_o[22]_i_5
INFO: [Physopt 32-662] Processed net student_top_inst/Core_cpu/cpu_core/pc_reg_inst/Q[19].  Did not re-place instance student_top_inst/Core_cpu/cpu_core/pc_reg_inst/pc_o_reg[19]
INFO: [Physopt 32-662] Processed net student_top_inst/Core_cpu/cpu_core/pc_reg_inst/Q[22].  Did not re-place instance student_top_inst/Core_cpu/cpu_core/pc_reg_inst/pc_o_reg[22]
INFO: [Physopt 32-662] Processed net student_top_inst/Core_cpu/cpu_core/if_id_inst/if_id_inst_o[4].  Did not re-place instance student_top_inst/Core_cpu/cpu_core/if_id_inst/inst_o_reg[4]
INFO: [Physopt 32-662] Processed net student_top_inst/Core_cpu/cpu_core/if_id_inst/hold_pred_target_reg[11]_i_6_n_0.  Did not re-place instance student_top_inst/Core_cpu/cpu_core/if_id_inst/hold_pred_target_reg[11]_i_6
INFO: [Physopt 32-662] Processed net student_top_inst/Core_cpu/cpu_core/ex_mem_inst/dff_inst/data_o_reg[5]_0.  Did not re-place instance student_top_inst/Core_cpu/cpu_core/ex_mem_inst/dff_inst/flush_ifid_o_inst_i_15
INFO: [Physopt 32-662] Processed net student_top_inst/Core_cpu/cpu_core/ex_mem_inst/dff_inst/flush_ifid_o_inst_i_34_n_0.  Did not re-place instance student_top_inst/Core_cpu/cpu_core/ex_mem_inst/dff_inst/flush_ifid_o_inst_i_34
INFO: [Physopt 32-662] Processed net student_top_inst/Core_cpu/cpu_core/if_id_inst/pred_target_o[27]_i_1_n_0.  Did not re-place instance student_top_inst/Core_cpu/cpu_core/if_id_inst/pred_target_o[27]_i_1
INFO: [Physopt 32-662] Processed net student_top_inst/Core_cpu/cpu_core/if_id_inst/if_id_pred_target_o[27].  Did not re-place instance student_top_inst/Core_cpu/cpu_core/if_id_inst/pred_target_o_reg[27]
INFO: [Physopt 32-662] Processed net student_top_inst/Core_cpu/cpu_core/if_id_inst/b_imm_inst__24_n_0.  Did not re-place instance student_top_inst/Core_cpu/cpu_core/if_id_inst/b_imm_inst__24
INFO: [Physopt 32-662] Processed net student_top_inst/Core_cpu/cpu_core/branch_predictor_inst/bp_fetch_pc_r_reg[30][18].  Did not re-place instance student_top_inst/Core_cpu/cpu_core/branch_predictor_inst/hold_pred_target_reg[18]_i_1
INFO: [Physopt 32-662] Processed net student_top_inst/Core_cpu/cpu_core/id_ex_inst/mtvec_r_reg[31][18].  Did not re-place instance student_top_inst/Core_cpu/cpu_core/id_ex_inst/pc_o[18]_i_1
INFO: [Physopt 32-662] Processed net student_top_inst/Core_cpu/cpu_core/if_id_inst/pred_target_o_reg[18]_0.  Did not re-place instance student_top_inst/Core_cpu/cpu_core/if_id_inst/pc_o[18]_i_4
INFO: [Physopt 32-662] Processed net student_top_inst/Core_cpu/cpu_core/pc_reg_inst/Q[18].  Did not re-place instance student_top_inst/Core_cpu/cpu_core/pc_reg_inst/pc_o_reg[18]
INFO: [Physopt 32-662] Processed net student_top_inst/Core_cpu/cpu_core/if_id_inst/hold_pred_target_reg[7]_i_4_n_0.  Did not re-place instance student_top_inst/Core_cpu/cpu_core/if_id_inst/hold_pred_target_reg[7]_i_4
INFO: [Physopt 32-662] Processed net student_top_inst/Core_cpu/cpu_core/if_id_inst/flush_ifid_o_inst_i_5_n_0.  Did not re-place instance student_top_inst/Core_cpu/cpu_core/if_id_inst/flush_ifid_o_inst_i_5
INFO: [Physopt 32-662] Processed net student_top_inst/Core_cpu/cpu_core/if_id_inst/if_id_inst_o[3].  Did not re-place instance student_top_inst/Core_cpu/cpu_core/if_id_inst/inst_o_reg[3]
INFO: [Physopt 32-662] Processed net student_top_inst/Core_cpu/cpu_core/id_ex_inst/inst_o_reg[27]_0[0].  Did not re-place instance student_top_inst/Core_cpu/cpu_core/id_ex_inst/inst_o_reg[0]
INFO: [Physopt 32-662] Processed net student_top_inst/Core_cpu/cpu_core/id_ex_inst/inst_o_reg[0]_0.  Did not re-place instance student_top_inst/Core_cpu/cpu_core/id_ex_inst/flush_ifid_o_inst_i_24
INFO: [Physopt 32-662] Processed net student_top_inst/Core_cpu/cpu_core/if_id_inst/if_id_inst_o[5].  Did not re-place instance student_top_inst/Core_cpu/cpu_core/if_id_inst/inst_o_reg[5]
INFO: [Physopt 32-662] Processed net student_top_inst/Core_cpu/cpu_core/if_id_inst/pc_jump_en_o.  Did not re-place instance student_top_inst/Core_cpu/cpu_core/if_id_inst/pc_o[31]_i_6
INFO: [Physopt 32-662] Processed net student_top_inst/Core_cpu/cpu_core/if_id_inst/j_imm_inst__12_n_0.  Did not re-place instance student_top_inst/Core_cpu/cpu_core/if_id_inst/j_imm_inst__12
INFO: [Physopt 32-662] Processed net student_top_inst/Core_cpu/cpu_core/if_id_inst/j_imm_inst__13_n_0.  Did not re-place instance student_top_inst/Core_cpu/cpu_core/if_id_inst/j_imm_inst__13
INFO: [Physopt 32-662] Processed net student_top_inst/Core_cpu/cpu_core/if_id_inst/j_imm_inst__9_n_0.  Did not re-place instance student_top_inst/Core_cpu/cpu_core/if_id_inst/j_imm_inst__9
INFO: [Physopt 32-662] Processed net student_top_inst/Core_cpu/cpu_core/id_ex_inst/inst_o_reg[27]_0[9].  Did not re-place instance student_top_inst/Core_cpu/cpu_core/id_ex_inst/inst_o_reg[9]
INFO: [Physopt 32-662] Processed net student_top_inst/Core_cpu/cpu_core/mem1_mem2_inst/dff_inst/mem1_mem2_inst_o[8].  Did not re-place instance student_top_inst/Core_cpu/cpu_core/mem1_mem2_inst/dff_inst/data_o_reg[8]
INFO: [Physopt 32-662] Processed net student_top_inst/Core_cpu/cpu_core/if_id_inst/pred_target_o[25]_i_1_n_0.  Did not re-place instance student_top_inst/Core_cpu/cpu_core/if_id_inst/pred_target_o[25]_i_1
INFO: [Physopt 32-662] Processed net student_top_inst/Core_cpu/cpu_core/if_id_inst/if_id_pred_target_o[25].  Did not re-place instance student_top_inst/Core_cpu/cpu_core/if_id_inst/pred_target_o_reg[25]
INFO: [Physopt 32-662] Processed net student_top_inst/Core_cpu/cpu_core/if_id_inst/b_imm_inst__5_n_0.  Did not re-place instance student_top_inst/Core_cpu/cpu_core/if_id_inst/b_imm_inst__5
INFO: [Physopt 32-662] Processed net student_top_inst/Core_cpu/cpu_core/ctrl_inst/jump_en_d1_reg_rep__2_2.  Did not re-place instance student_top_inst/Core_cpu/cpu_core/ctrl_inst/flush_ifid_o_inst__0
INFO: [Physopt 32-662] Processed net student_top_inst/Core_cpu/cpu_core/id_ex_inst/ex_jump_en_o.  Did not re-place instance student_top_inst/Core_cpu/cpu_core/id_ex_inst/jump_en_d1_i_1
INFO: [Physopt 32-662] Processed net student_top_inst/Core_cpu/cpu_core/id_ex_inst/jump_offset_o_reg[31]_0[0].  Did not re-place instance student_top_inst/Core_cpu/cpu_core/id_ex_inst/jump_offset_o_reg[0]
INFO: [Physopt 32-662] Processed net student_top_inst/Core_cpu/cpu_core/id_ex_inst/jump_en_d1_i_2_n_0.  Did not re-place instance student_top_inst/Core_cpu/cpu_core/id_ex_inst/jump_en_d1_i_2
INFO: [Physopt 32-662] Processed net student_top_inst/Core_cpu/cpu_core/id_ex_inst/jump_en_d1_i_9_n_0.  Did not re-place instance student_top_inst/Core_cpu/cpu_core/id_ex_inst/jump_en_d1_i_9
INFO: [Physopt 32-662] Processed net student_top_inst/Core_cpu/cpu_core/id_ex_inst/pc_o[3]_i_11_n_0.  Did not re-place instance student_top_inst/Core_cpu/cpu_core/id_ex_inst/pc_o[3]_i_11
INFO: [Physopt 32-662] Processed net student_top_inst/Core_cpu/cpu_core/branch_predictor_inst/bp_fetch_pc_r_reg[30][16].  Did not re-place instance student_top_inst/Core_cpu/cpu_core/branch_predictor_inst/hold_pred_target_reg[16]_i_1
INFO: [Physopt 32-662] Processed net student_top_inst/Core_cpu/cpu_core/id_ex_inst/mtvec_r_reg[31][16].  Did not re-place instance student_top_inst/Core_cpu/cpu_core/id_ex_inst/pc_o[16]_i_1
INFO: [Physopt 32-662] Processed net student_top_inst/Core_cpu/cpu_core/if_id_inst/pred_target_o_reg[16]_0.  Did not re-place instance student_top_inst/Core_cpu/cpu_core/if_id_inst/pc_o[16]_i_4
INFO: [Physopt 32-662] Processed net student_top_inst/Core_cpu/cpu_core/pc_reg_inst/Q[16].  Did not re-place instance student_top_inst/Core_cpu/cpu_core/pc_reg_inst/pc_o_reg[16]
INFO: [Physopt 32-662] Processed net student_top_inst/Core_cpu/cpu_core/if_id_inst/flush_ifid_o_inst_i_2_n_0.  Did not re-place instance student_top_inst/Core_cpu/cpu_core/if_id_inst/flush_ifid_o_inst_i_2
INFO: [Physopt 32-662] Processed net student_top_inst/Core_cpu/cpu_core/if_id_inst/j_imm_inst__15_n_0.  Did not re-place instance student_top_inst/Core_cpu/cpu_core/if_id_inst/j_imm_inst__15
INFO: [Physopt 32-662] Processed net student_top_inst/Core_cpu/cpu_core/branch_predictor_inst/bp_fetch_pc_r_reg[30][14].  Did not re-place instance student_top_inst/Core_cpu/cpu_core/branch_predictor_inst/hold_pred_target_reg[14]_i_1
INFO: [Physopt 32-662] Processed net student_top_inst/Core_cpu/cpu_core/id_ex_inst/mtvec_r_reg[31][14].  Did not re-place instance student_top_inst/Core_cpu/cpu_core/id_ex_inst/pc_o[14]_i_2
INFO: [Physopt 32-662] Processed net student_top_inst/Core_cpu/cpu_core/if_id_inst/pred_target_o_reg[14]_0.  Did not re-place instance student_top_inst/Core_cpu/cpu_core/if_id_inst/pc_o[14]_i_5
INFO: [Physopt 32-662] Processed net student_top_inst/Core_cpu/cpu_core/pc_reg_inst/Q[14].  Did not re-place instance student_top_inst/Core_cpu/cpu_core/pc_reg_inst/pc_o_reg[14]
INFO: [Physopt 32-662] Processed net student_top_inst/Core_cpu/cpu_core/if_id_inst/Q[2].  Did not re-place instance student_top_inst/Core_cpu/cpu_core/if_id_inst/inst_o_reg[17]
INFO: [Physopt 32-662] Processed net student_top_inst/Core_cpu/cpu_core/if_id_inst/Q[3].  Did not re-place instance student_top_inst/Core_cpu/cpu_core/if_id_inst/inst_o_reg[18]
INFO: [Physopt 32-662] Processed net student_top_inst/Core_cpu/cpu_core/if_id_inst/b_imm_inst__6_n_0.  Did not re-place instance student_top_inst/Core_cpu/cpu_core/if_id_inst/b_imm_inst__6
INFO: [Physopt 32-662] Processed net student_top_inst/Core_cpu/cpu_core/mem1_mem2_inst/dff_inst/mem1_mem2_inst_o[0].  Did not re-place instance student_top_inst/Core_cpu/cpu_core/mem1_mem2_inst/dff_inst/data_o_reg[0]
INFO: [Physopt 32-662] Processed net student_top_inst/Core_cpu/cpu_core/mem1_mem2_inst/dff_inst/data_o_reg[8]_0.  Did not re-place instance student_top_inst/Core_cpu/cpu_core/mem1_mem2_inst/dff_inst/flush_ifid_o_inst_i_40
INFO: [Physopt 32-662] Processed net student_top_inst/Core_cpu/cpu_core/mem1_mem2_inst/dff_inst/flush_ifid_o_inst_i_52_n_0.  Did not re-place instance student_top_inst/Core_cpu/cpu_core/mem1_mem2_inst/dff_inst/flush_ifid_o_inst_i_52
INFO: [Physopt 32-662] Processed net student_top_inst/Core_cpu/cpu_core/mem1_mem2_inst/dff_inst/mem1_mem2_inst_o[7].  Did not re-place instance student_top_inst/Core_cpu/cpu_core/mem1_mem2_inst/dff_inst/data_o_reg[7]
INFO: [Physopt 32-662] Processed net student_top_inst/Core_cpu/cpu_core/if_id_inst/if_id_inst_o[13].  Did not re-place instance student_top_inst/Core_cpu/cpu_core/if_id_inst/inst_o_reg[13]
INFO: [Physopt 32-662] Processed net student_top_inst/Core_cpu/cpu_core/if_id_inst/hold_pred_target_reg[27].  Did not re-place instance student_top_inst/Core_cpu/cpu_core/if_id_inst/hold_pred_target_reg_reg[27]
INFO: [Physopt 32-662] Processed net student_top_inst/Core_cpu/cpu_core/if_id_inst/b_imm_inst__8_n_0.  Did not re-place instance student_top_inst/Core_cpu/cpu_core/if_id_inst/b_imm_inst__8
INFO: [Physopt 32-662] Processed net student_top_inst/Core_cpu/cpu_core/if_id_inst/hold_pred_target_reg[11]_i_5_n_0.  Did not re-place instance student_top_inst/Core_cpu/cpu_core/if_id_inst/hold_pred_target_reg[11]_i_5
INFO: [Physopt 32-662] Processed net student_top_inst/Core_cpu/cpu_core/mem2_align_inst/dff_inst/data_o_reg[11]_0[5].  Did not re-place instance student_top_inst/Core_cpu/cpu_core/mem2_align_inst/dff_inst/data_o_reg[5]
INFO: [Physopt 32-662] Processed net student_top_inst/Core_cpu/cpu_core/if_id_inst/flush_ifid_o_inst_i_39_n_0.  Did not re-place instance student_top_inst/Core_cpu/cpu_core/if_id_inst/flush_ifid_o_inst_i_39
INFO: [Physopt 32-662] Processed net student_top_inst/Core_cpu/cpu_core/mem2_align_inst/dff_inst/data_o_reg[7]_0.  Did not re-place instance student_top_inst/Core_cpu/cpu_core/mem2_align_inst/dff_inst/flush_ifid_o_inst_i_31
INFO: [Physopt 32-662] Processed net student_top_inst/Core_cpu/cpu_core/mem2_align_inst/dff_inst/flush_ifid_o_inst_i_45_n_0.  Did not re-place instance student_top_inst/Core_cpu/cpu_core/mem2_align_inst/dff_inst/flush_ifid_o_inst_i_45
INFO: [Physopt 32-662] Processed net student_top_inst/Core_cpu/cpu_core/if_id_inst/b_imm_inst__7_n_0.  Did not re-place instance student_top_inst/Core_cpu/cpu_core/if_id_inst/b_imm_inst__7
INFO: [Physopt 32-662] Processed net student_top_inst/Core_cpu/cpu_core/id_ex_inst/inst_o_reg[14]_rep__11_0[0].  Did not re-place instance student_top_inst/Core_cpu/cpu_core/id_ex_inst/inst_o_reg[2]_rep__13
INFO: [Physopt 32-662] Processed net student_top_inst/Core_cpu/cpu_core/if_id_inst/Q[1].  Did not re-place instance student_top_inst/Core_cpu/cpu_core/if_id_inst/inst_o_reg[16]
INFO: [Physopt 32-662] Processed net student_top_inst/Core_cpu/cpu_core/if_id_inst/hold_pred_target_reg[25].  Did not re-place instance student_top_inst/Core_cpu/cpu_core/if_id_inst/hold_pred_target_reg_reg[25]
INFO: [Physopt 32-662] Processed net student_top_inst/Core_cpu/cpu_core/if_id_inst/j_imm_inst__17_n_0.  Did not re-place instance student_top_inst/Core_cpu/cpu_core/if_id_inst/j_imm_inst__17
INFO: [Physopt 32-662] Processed net student_top_inst/Core_cpu/cpu_core/if_id_inst/hold_pred_target_reg[7]_i_6_n_0.  Did not re-place instance student_top_inst/Core_cpu/cpu_core/if_id_inst/hold_pred_target_reg[7]_i_6
INFO: [Physopt 32-662] Processed net student_top_inst/Core_cpu/cpu_core/if_id_inst/hold_pred_target_reg[7]_i_7_n_0.  Did not re-place instance student_top_inst/Core_cpu/cpu_core/if_id_inst/hold_pred_target_reg[7]_i_7
INFO: [Physopt 32-662] Processed net student_top_inst/Core_cpu/cpu_core/if_id_inst/j_imm_inst__16_n_0.  Did not re-place instance student_top_inst/Core_cpu/cpu_core/if_id_inst/j_imm_inst__16
INFO: [Physopt 32-662] Processed net student_top_inst/Core_cpu/cpu_core/id_ex_inst/jump_offset_o_reg[31]_0[1].  Did not re-place instance student_top_inst/Core_cpu/cpu_core/id_ex_inst/jump_offset_o_reg[1]
INFO: [Physopt 32-662] Processed net student_top_inst/Core_cpu/cpu_core/id_ex_inst/pc_o[3]_i_10_n_0.  Did not re-place instance student_top_inst/Core_cpu/cpu_core/id_ex_inst/pc_o[3]_i_10
INFO: [Physopt 32-663] Processed net student_top_inst/Core_cpu/cpu_core/id_ex_inst/internal_flush_inst__9_i_2_n_0.  Re-placed instance student_top_inst/Core_cpu/cpu_core/id_ex_inst/internal_flush_inst__9_i_2
INFO: [Physopt 32-662] Processed net student_top_inst/Core_cpu/cpu_core/id_ex_inst/inst_o_reg[5]_rep__2_n_0.  Did not re-place instance student_top_inst/Core_cpu/cpu_core/id_ex_inst/inst_o_reg[5]_rep__2
INFO: [Physopt 32-662] Processed net student_top_inst/Core_cpu/cpu_core/id_ex_inst/is_rv32m.  Did not re-place instance student_top_inst/Core_cpu/cpu_core/id_ex_inst/pc_o[13]_i_8
INFO: [Physopt 32-662] Processed net student_top_inst/Core_cpu/cpu_core/ex_inst/rv32m_iter_inst/jump_en_d1_reg_9.  Did not re-place instance student_top_inst/Core_cpu/cpu_core/ex_inst/rv32m_iter_inst/flush_ifid_o_inst_i_18
INFO: [Physopt 32-662] Processed net student_top_inst/Core_cpu/cpu_core/mem1_mem2_inst/dff_inst/mem1_mem2_inst_o[1].  Did not re-place instance student_top_inst/Core_cpu/cpu_core/mem1_mem2_inst/dff_inst/data_o_reg[1]
INFO: [Physopt 32-662] Processed net student_top_inst/Core_cpu/cpu_core/branch_predictor_inst/branch_pred_taken_w.  Did not re-place instance student_top_inst/Core_cpu/cpu_core/branch_predictor_inst/b_imm_inst__30
INFO: [Physopt 32-662] Processed net student_top_inst/Core_cpu/cpu_core/if_id_inst/b_imm_inst__19_n_0.  Did not re-place instance student_top_inst/Core_cpu/cpu_core/if_id_inst/b_imm_inst__19
INFO: [Physopt 32-663] Processed net student_top_inst/Core_cpu/cpu_core/mem2_align_inst/dff_inst/data_o_reg[11]_0[0].  Re-placed instance student_top_inst/Core_cpu/cpu_core/mem2_align_inst/dff_inst/data_o_reg[0]
INFO: [Physopt 32-662] Processed net student_top_inst/Core_cpu/cpu_core/id_ex_inst/jump_en_d1_i_12_n_0.  Did not re-place instance student_top_inst/Core_cpu/cpu_core/id_ex_inst/jump_en_d1_i_12
INFO: [Physopt 32-662] Processed net student_top_inst/Core_cpu/cpu_core/if_id_inst/j_imm_inst__14_n_0.  Did not re-place instance student_top_inst/Core_cpu/cpu_core/if_id_inst/j_imm_inst__14
INFO: [Physopt 32-662] Processed net student_top_inst/Core_cpu/cpu_core/if_id_inst/b_imm_inst__9_n_0.  Did not re-place instance student_top_inst/Core_cpu/cpu_core/if_id_inst/b_imm_inst__9
INFO: [Physopt 32-662] Processed net student_top_inst/Core_cpu/cpu_core/branch_predictor_inst/bp_fetch_pc_r_reg[30][12].  Did not re-place instance student_top_inst/Core_cpu/cpu_core/branch_predictor_inst/hold_pred_target_reg[12]_i_1
INFO: [Physopt 32-662] Processed net student_top_inst/Core_cpu/cpu_core/id_ex_inst/mtvec_r_reg[31][12].  Did not re-place instance student_top_inst/Core_cpu/cpu_core/id_ex_inst/pc_o[12]_i_1
INFO: [Physopt 32-662] Processed net student_top_inst/Core_cpu/cpu_core/if_id_inst/pred_target_o_reg[12]_0.  Did not re-place instance student_top_inst/Core_cpu/cpu_core/if_id_inst/pc_o[12]_i_4
INFO: [Physopt 32-662] Processed net student_top_inst/Core_cpu/cpu_core/pc_reg_inst/Q[12].  Did not re-place instance student_top_inst/Core_cpu/cpu_core/pc_reg_inst/pc_o_reg[12]
INFO: [Physopt 32-662] Processed net student_top_inst/Core_cpu/cpu_core/id_ex_inst/jump_offset_o_reg[31]_0[5].  Did not re-place instance student_top_inst/Core_cpu/cpu_core/id_ex_inst/jump_offset_o_reg[5]
INFO: [Physopt 32-662] Processed net student_top_inst/Core_cpu/cpu_core/id_ex_inst/pc_o[7]_i_10_n_0.  Did not re-place instance student_top_inst/Core_cpu/cpu_core/id_ex_inst/pc_o[7]_i_10
INFO: [Physopt 32-663] Processed net student_top_inst/Core_cpu/cpu_core/mem1_mem2_inst/dff_inst/mem1_mem2_inst_o[4].  Re-placed instance student_top_inst/Core_cpu/cpu_core/mem1_mem2_inst/dff_inst/data_o_reg[4]
INFO: [Physopt 32-662] Processed net student_top_inst/Core_cpu/cpu_core/if_id_inst/data_o_reg[6]_0.  Did not re-place instance student_top_inst/Core_cpu/cpu_core/if_id_inst/flush_ifid_o_inst_i_1
INFO: [Physopt 32-663] Processed net student_top_inst/Core_cpu/cpu_core/mem2_align_inst/dff_inst/data_o_reg[11]_0[11].  Re-placed instance student_top_inst/Core_cpu/cpu_core/mem2_align_inst/dff_inst/data_o_reg[11]
INFO: [Physopt 32-662] Processed net student_top_inst/Core_cpu/cpu_core/id_ex_inst/inst_o_reg[27]_0[1].  Did not re-place instance student_top_inst/Core_cpu/cpu_core/id_ex_inst/inst_o_reg[1]
INFO: [Physopt 32-662] Processed net student_top_inst/Core_cpu/cpu_core/if_id_inst/flush_ifid_o_inst_i_30_n_0.  Did not re-place instance student_top_inst/Core_cpu/cpu_core/if_id_inst/flush_ifid_o_inst_i_30
INFO: [Physopt 32-662] Processed net student_top_inst/Core_cpu/cpu_core/if_id_inst/flush_ifid_o_inst_i_44_n_0.  Did not re-place instance student_top_inst/Core_cpu/cpu_core/if_id_inst/flush_ifid_o_inst_i_44
INFO: [Physopt 32-662] Processed net student_top_inst/Core_cpu/cpu_core/if_id_inst/flush_ifid_o_inst_i_53_n_0.  Did not re-place instance student_top_inst/Core_cpu/cpu_core/if_id_inst/flush_ifid_o_inst_i_53
INFO: [Physopt 32-662] Processed net student_top_inst/Core_cpu/cpu_core/branch_predictor_inst/bp_fetch_pc_r_reg[30][23].  Did not re-place instance student_top_inst/Core_cpu/cpu_core/branch_predictor_inst/hold_pred_target_reg[23]_i_1
INFO: [Physopt 32-662] Processed net student_top_inst/Core_cpu/cpu_core/id_ex_inst/mtvec_r_reg[31][23].  Did not re-place instance student_top_inst/Core_cpu/cpu_core/id_ex_inst/pc_o[23]_i_1
INFO: [Physopt 32-662] Processed net student_top_inst/Core_cpu/cpu_core/if_id_inst/pred_target_o_reg[23]_0.  Did not re-place instance student_top_inst/Core_cpu/cpu_core/if_id_inst/pc_o[23]_i_4
INFO: [Physopt 32-662] Processed net student_top_inst/Core_cpu/cpu_core/pc_reg_inst/Q[23].  Did not re-place instance student_top_inst/Core_cpu/cpu_core/pc_reg_inst/pc_o_reg[23]
INFO: [Physopt 32-662] Processed net student_top_inst/Core_cpu/cpu_core/if_id_inst/b_imm_inst__10_n_0.  Did not re-place instance student_top_inst/Core_cpu/cpu_core/if_id_inst/b_imm_inst__10
INFO: [Physopt 32-662] Processed net student_top_inst/Core_cpu/cpu_core/if_id_inst/hold_pred_target_reg[23]_i_4_n_0.  Did not re-place instance student_top_inst/Core_cpu/cpu_core/if_id_inst/hold_pred_target_reg[23]_i_4
INFO: [Physopt 32-662] Processed net student_top_inst/Core_cpu/cpu_core/if_id_inst/data_o_reg[8].  Did not re-place instance student_top_inst/Core_cpu/cpu_core/if_id_inst/flush_ifid_o_inst_i_32
INFO: [Physopt 32-662] Processed net student_top_inst/Core_cpu/cpu_core/id_ex_inst/inst_o_reg[14]_rep__11_0[8].  Did not re-place instance student_top_inst/Core_cpu/cpu_core/id_ex_inst/inst_o_reg[10]_rep
INFO: [Physopt 32-662] Processed net student_top_inst/Core_cpu/cpu_core/id_ex_inst/inst_o_reg[10]_rep_0.  Did not re-place instance student_top_inst/Core_cpu/cpu_core/id_ex_inst/flush_ifid_o_inst_i_23
INFO: [Physopt 32-662] Processed net student_top_inst/Core_cpu/cpu_core/if_id_inst/if_id_inst_o[2].  Did not re-place instance student_top_inst/Core_cpu/cpu_core/if_id_inst/inst_o_reg[2]
INFO: [Physopt 32-662] Processed net student_top_inst/Core_cpu/cpu_core/if_id_inst/Q[5].  Did not re-place instance student_top_inst/Core_cpu/cpu_core/if_id_inst/inst_o_reg[20]
INFO: [Physopt 32-663] Processed net student_top_inst/Core_cpu/cpu_core/id_ex_inst/inst_o_reg[14]_rep__11_0[5].  Re-placed instance student_top_inst/Core_cpu/cpu_core/id_ex_inst/inst_o_reg[7]_rep
INFO: [Physopt 32-662] Processed net student_top_inst/Core_cpu/cpu_core/if_id_inst/flush_ifid_o_inst_i_41_n_0.  Did not re-place instance student_top_inst/Core_cpu/cpu_core/if_id_inst/flush_ifid_o_inst_i_41
INFO: [Physopt 32-662] Processed net student_top_inst/Core_cpu/cpu_core/if_id_inst/b_imm_inst__12_n_0.  Did not re-place instance student_top_inst/Core_cpu/cpu_core/if_id_inst/b_imm_inst__12
INFO: [Physopt 32-662] Processed net student_top_inst/Core_cpu/cpu_core/branch_predictor_inst/bp_fetch_pc_r_reg[30][13].  Did not re-place instance student_top_inst/Core_cpu/cpu_core/branch_predictor_inst/hold_pred_target_reg[13]_i_1
INFO: [Physopt 32-662] Processed net student_top_inst/Core_cpu/cpu_core/id_ex_inst/mtvec_r_reg[31][13].  Did not re-place instance student_top_inst/Core_cpu/cpu_core/id_ex_inst/pc_o[13]_i_1
INFO: [Physopt 32-662] Processed net student_top_inst/Core_cpu/cpu_core/if_id_inst/pred_target_o_reg[13]_0.  Did not re-place instance student_top_inst/Core_cpu/cpu_core/if_id_inst/pc_o[13]_i_4
INFO: [Physopt 32-662] Processed net student_top_inst/Core_cpu/cpu_core/pc_reg_inst/Q[13].  Did not re-place instance student_top_inst/Core_cpu/cpu_core/pc_reg_inst/pc_o_reg[13]
INFO: [Physopt 32-662] Processed net student_top_inst/Core_cpu/cpu_core/if_id_inst/b_imm_inst__11_n_0.  Did not re-place instance student_top_inst/Core_cpu/cpu_core/if_id_inst/b_imm_inst__11
INFO: [Physopt 32-662] Processed net student_top_inst/Core_cpu/cpu_core/id_ex_inst/jump_en_d1_i_13_n_0.  Did not re-place instance student_top_inst/Core_cpu/cpu_core/id_ex_inst/jump_en_d1_i_13
INFO: [Physopt 32-662] Processed net student_top_inst/Core_cpu/cpu_core/if_id_inst/hold_pred_target_reg[29].  Did not re-place instance student_top_inst/Core_cpu/cpu_core/if_id_inst/hold_pred_target_reg_reg[29]
INFO: [Physopt 32-662] Processed net student_top_inst/Core_cpu/cpu_core/id_ex_inst/jump_en_d1_i_15_n_0.  Did not re-place instance student_top_inst/Core_cpu/cpu_core/id_ex_inst/jump_en_d1_i_15
INFO: [Physopt 32-662] Processed net student_top_inst/Core_cpu/cpu_core/branch_predictor_inst/bp_fetch_pc_r_reg[30][21].  Did not re-place instance student_top_inst/Core_cpu/cpu_core/branch_predictor_inst/hold_pred_target_reg[21]_i_1
INFO: [Physopt 32-662] Processed net student_top_inst/Core_cpu/cpu_core/id_ex_inst/mtvec_r_reg[31][21].  Did not re-place instance student_top_inst/Core_cpu/cpu_core/id_ex_inst/pc_o[21]_i_1
INFO: [Physopt 32-662] Processed net student_top_inst/Core_cpu/cpu_core/if_id_inst/pred_target_o_reg[21]_0.  Did not re-place instance student_top_inst/Core_cpu/cpu_core/if_id_inst/pc_o[21]_i_4
INFO: [Physopt 32-662] Processed net student_top_inst/Core_cpu/cpu_core/pc_reg_inst/Q[21].  Did not re-place instance student_top_inst/Core_cpu/cpu_core/pc_reg_inst/pc_o_reg[21]
INFO: [Physopt 32-662] Processed net student_top_inst/Core_cpu/cpu_core/if_id_inst/hold_pred_target_reg[3]_i_6_n_0.  Did not re-place instance student_top_inst/Core_cpu/cpu_core/if_id_inst/hold_pred_target_reg[3]_i_6
INFO: [Physopt 32-662] Processed net student_top_inst/Core_cpu/cpu_core/id_ex_inst/base_addr_o_reg[31]_0[8].  Did not re-place instance student_top_inst/Core_cpu/cpu_core/id_ex_inst/base_addr_o_reg[8]
INFO: [Physopt 32-662] Processed net student_top_inst/Core_cpu/cpu_core/id_ex_inst/pc_o[11]_i_11_n_0.  Did not re-place instance student_top_inst/Core_cpu/cpu_core/id_ex_inst/pc_o[11]_i_11
INFO: [Physopt 32-662] Processed net student_top_inst/Core_cpu/cpu_core/id_ex_inst/jump_en_d1_i_19_n_0.  Did not re-place instance student_top_inst/Core_cpu/cpu_core/id_ex_inst/jump_en_d1_i_19
INFO: [Physopt 32-662] Processed net student_top_inst/Core_cpu/cpu_core/id_ex_inst/id_ex_is_branch_w.  Did not re-place instance student_top_inst/Core_cpu/cpu_core/id_ex_inst/rs1_match_ex_mem_inst_i_3
INFO: [Physopt 32-663] Processed net student_top_inst/Core_cpu/cpu_core/id_ex_inst/data_o[26]_i_18_n_0.  Re-placed instance student_top_inst/Core_cpu/cpu_core/id_ex_inst/data_o[26]_i_18
INFO: [Physopt 32-662] Processed net student_top_inst/Core_cpu/rs1_match_ex_mem_inst_i_5_n_0.  Did not re-place instance student_top_inst/Core_cpu/rs1_match_ex_mem_inst_i_5
INFO: [Physopt 32-662] Processed net student_top_inst/Core_cpu/cpu_core/id_ex_inst/data_o[26]_i_13_n_0.  Did not re-place instance student_top_inst/Core_cpu/cpu_core/id_ex_inst/data_o[26]_i_13
INFO: [Physopt 32-662] Processed net student_top_inst/Core_cpu/cpu_core/id_ex_inst/data_o[11]_i_29_n_0.  Did not re-place instance student_top_inst/Core_cpu/cpu_core/id_ex_inst/data_o[11]_i_29
INFO: [Physopt 32-662] Processed net student_top_inst/Core_cpu/cpu_core/id_ex_inst/rs1_match_ex_mem_inst_rep__28_i_1_n_0.  Did not re-place instance student_top_inst/Core_cpu/cpu_core/id_ex_inst/rs1_match_ex_mem_inst_rep__28_i_1
INFO: [Physopt 32-662] Processed net student_top_inst/Core_cpu/cpu_core/ex_inst/rv32m_iter_inst/done_r_reg_rep__20_0.  Did not re-place instance student_top_inst/Core_cpu/cpu_core/ex_inst/rv32m_iter_inst/data_o[26]_i_1__2
INFO: [Physopt 32-662] Processed net student_top_inst/Core_cpu/cpu_core/id_ex_inst/data_o[26]_i_3__0_n_0.  Did not re-place instance student_top_inst/Core_cpu/cpu_core/id_ex_inst/data_o[26]_i_3__0
INFO: [Physopt 32-662] Processed net student_top_inst/Core_cpu/cpu_core/id_ex_inst/done_r_reg_rep__20_0.  Did not re-place instance student_top_inst/Core_cpu/cpu_core/id_ex_inst/data_o[26]_i_2
INFO: [Physopt 32-662] Processed net student_top_inst/Core_cpu/cpu_core/id_ex_inst/ex_inst/op1_i_shift_left_op2_i[26].  Did not re-place instance student_top_inst/Core_cpu/cpu_core/id_ex_inst/data_o[26]_i_6
INFO: [Physopt 32-662] Processed net student_top_inst/Core_cpu/cpu_core/ex_mem_inst/dff_rd_data/data_o_reg[26]_0.  Did not re-place instance student_top_inst/Core_cpu/cpu_core/ex_mem_inst/dff_rd_data/data_o_reg[26]
INFO: [Physopt 32-662] Processed net student_top_inst/Core_cpu/cpu_core/id_ex_inst/base_addr_o_reg[31]_0[1].  Did not re-place instance student_top_inst/Core_cpu/cpu_core/id_ex_inst/base_addr_o_reg[1]
INFO: [Physopt 32-662] Processed net student_top_inst/Core_cpu/cpu_core/if_id_inst/Q[8].  Did not re-place instance student_top_inst/Core_cpu/cpu_core/if_id_inst/inst_o_reg[23]
INFO: [Physopt 32-662] Processed net student_top_inst/Core_cpu/cpu_core/if_id_inst/flush_ifid_o_inst_i_48_n_0.  Did not re-place instance student_top_inst/Core_cpu/cpu_core/if_id_inst/flush_ifid_o_inst_i_48
INFO: [Physopt 32-662] Processed net student_top_inst/Core_cpu/cpu_core/if_id_inst/Q[9].  Did not re-place instance student_top_inst/Core_cpu/cpu_core/if_id_inst/inst_o_reg[24]
INFO: [Physopt 32-662] Processed net student_top_inst/Core_cpu/cpu_core/branch_predictor_inst/bp_fetch_pc_r_reg[30][20].  Did not re-place instance student_top_inst/Core_cpu/cpu_core/branch_predictor_inst/hold_pred_target_reg[20]_i_1
INFO: [Physopt 32-662] Processed net student_top_inst/Core_cpu/cpu_core/id_ex_inst/mtvec_r_reg[31][20].  Did not re-place instance student_top_inst/Core_cpu/cpu_core/id_ex_inst/pc_o[20]_i_1
INFO: [Physopt 32-662] Processed net student_top_inst/Core_cpu/cpu_core/if_id_inst/pred_target_o_reg[20]_0.  Did not re-place instance student_top_inst/Core_cpu/cpu_core/if_id_inst/pc_o[20]_i_4
INFO: [Physopt 32-662] Processed net student_top_inst/Core_cpu/cpu_core/pc_reg_inst/Q[20].  Did not re-place instance student_top_inst/Core_cpu/cpu_core/pc_reg_inst/pc_o_reg[20]
INFO: [Physopt 32-662] Processed net student_top_inst/Core_cpu/cpu_core/if_id_inst/if_id_inst_o[12].  Did not re-place instance student_top_inst/Core_cpu/cpu_core/if_id_inst/inst_o_reg[12]
INFO: [Physopt 32-662] Processed net student_top_inst/Core_cpu/cpu_core/id_ex_inst/jump_en_d1_i_14_n_0.  Did not re-place instance student_top_inst/Core_cpu/cpu_core/id_ex_inst/jump_en_d1_i_14
INFO: [Physopt 32-662] Processed net student_top_inst/Core_cpu/cpu_core/mem2_align_inst/dff_inst/data_o_reg[0]_rep__6.  Did not re-place instance student_top_inst/Core_cpu/cpu_core/mem2_align_inst/dff_inst/flush_ifid_o_inst_i_7
INFO: [Physopt 32-663] Processed net student_top_inst/Core_cpu/cpu_core/mem1_mem2_inst/dff_inst/mem1_mem2_inst_o[2].  Re-placed instance student_top_inst/Core_cpu/cpu_core/mem1_mem2_inst/dff_inst/data_o_reg[2]
INFO: [Physopt 32-662] Processed net student_top_inst/Core_cpu/cpu_core/branch_predictor_inst/bp_fetch_pc_r_reg[30][6].  Did not re-place instance student_top_inst/Core_cpu/cpu_core/branch_predictor_inst/hold_pred_target_reg[6]_i_1
INFO: [Physopt 32-662] Processed net student_top_inst/Core_cpu/cpu_core/id_ex_inst/mtvec_r_reg[31][6].  Did not re-place instance student_top_inst/Core_cpu/cpu_core/id_ex_inst/pc_o[6]_i_2
INFO: [Physopt 32-662] Processed net student_top_inst/Core_cpu/cpu_core/if_id_inst/pred_target_o_reg[6]_0.  Did not re-place instance student_top_inst/Core_cpu/cpu_core/if_id_inst/pc_o[6]_i_5
INFO: [Physopt 32-662] Processed net student_top_inst/Core_cpu/cpu_core/pc_reg_inst/Q[6].  Did not re-place instance student_top_inst/Core_cpu/cpu_core/pc_reg_inst/pc_o_reg[6]
INFO: [Physopt 32-663] Processed net student_top_inst/Core_cpu/cpu_core/if_id_inst/Q[4].  Re-placed instance student_top_inst/Core_cpu/cpu_core/if_id_inst/inst_o_reg[19]
INFO: [Physopt 32-662] Processed net student_top_inst/Core_cpu/cpu_core/id_ex_inst/base_addr_o_reg[31]_0[0].  Did not re-place instance student_top_inst/Core_cpu/cpu_core/id_ex_inst/base_addr_o_reg[0]
INFO: [Physopt 32-662] Processed net student_top_inst/Core_cpu/cpu_core/id_ex_inst/jump_en_d1_i_10_n_0.  Did not re-place instance student_top_inst/Core_cpu/cpu_core/id_ex_inst/jump_en_d1_i_10
INFO: [Physopt 32-662] Processed net student_top_inst/Core_cpu/cpu_core/branch_predictor_inst/bp_fetch_pc_r_reg[30][17].  Did not re-place instance student_top_inst/Core_cpu/cpu_core/branch_predictor_inst/hold_pred_target_reg[17]_i_1
INFO: [Physopt 32-662] Processed net student_top_inst/Core_cpu/cpu_core/id_ex_inst/mtvec_r_reg[31][17].  Did not re-place instance student_top_inst/Core_cpu/cpu_core/id_ex_inst/pc_o[17]_i_1
INFO: [Physopt 32-663] Processed net student_top_inst/Core_cpu/cpu_core/if_id_inst/pred_target_o_reg[17]_0.  Re-placed instance student_top_inst/Core_cpu/cpu_core/if_id_inst/pc_o[17]_i_4
INFO: [Physopt 32-662] Processed net student_top_inst/Core_cpu/cpu_core/pc_reg_inst/Q[17].  Did not re-place instance student_top_inst/Core_cpu/cpu_core/pc_reg_inst/pc_o_reg[17]
INFO: [Physopt 32-663] Processed net student_top_inst/Core_cpu/cpu_core/if_id_inst/if_id_inst_o[14].  Re-placed instance student_top_inst/Core_cpu/cpu_core/if_id_inst/inst_o_reg[14]
INFO: [Physopt 32-662] Processed net student_top_inst/Core_cpu/cpu_core/id_ex_inst/jump_offset_o_reg[31]_0[4].  Did not re-place instance student_top_inst/Core_cpu/cpu_core/id_ex_inst/jump_offset_o_reg[4]
INFO: [Physopt 32-662] Processed net student_top_inst/Core_cpu/cpu_core/id_ex_inst/pc_o[7]_i_11_n_0.  Did not re-place instance student_top_inst/Core_cpu/cpu_core/id_ex_inst/pc_o[7]_i_11
INFO: [Physopt 32-662] Processed net student_top_inst/Core_cpu/cpu_core/id_ex_inst/data_o[13]_i_22_n_0.  Did not re-place instance student_top_inst/Core_cpu/cpu_core/id_ex_inst/data_o[13]_i_22
INFO: [Physopt 32-662] Processed net student_top_inst/Core_cpu/cpu_core/id_ex_inst/data_o[0]_i_96_n_0.  Did not re-place instance student_top_inst/Core_cpu/cpu_core/id_ex_inst/data_o[0]_i_96
INFO: [Physopt 32-662] Processed net student_top_inst/Core_cpu/cpu_core/id_ex_inst/data_o[7]_i_37_n_0.  Did not re-place instance student_top_inst/Core_cpu/cpu_core/id_ex_inst/data_o[7]_i_37
INFO: [Physopt 32-662] Processed net student_top_inst/Core_cpu/cpu_core/id_ex_inst/rs1_match_ex_mem_inst_rep__13_i_1_n_0.  Did not re-place instance student_top_inst/Core_cpu/cpu_core/id_ex_inst/rs1_match_ex_mem_inst_rep__13_i_1
INFO: [Physopt 32-662] Processed net student_top_inst/Core_cpu/cpu_core/ex_inst/rv32m_iter_inst/done_r_reg_rep__30_0.  Did not re-place instance student_top_inst/Core_cpu/cpu_core/ex_inst/rv32m_iter_inst/data_o[6]_i_1__5
INFO: [Physopt 32-661] Optimized 12 nets.  Re-placed 12 instances.
INFO: [Physopt 32-775] End 1 Pass. Optimized 12 nets or cells. Created 0 new cell, deleted 0 existing cell and moved 12 existing cells
INFO: [Physopt 32-619] Estimated Timing Summary | WNS=-0.150 | TNS=-0.440 |
Netlist sorting complete. Time (s): cpu = 00:00:00 ; elapsed = 00:00:00.005 . Memory (MB): peak = 2293.840 ; gain = 0.000
Phase 29 Single Cell Placement Optimization | Checksum: 1a5927b7f

Time (s): cpu = 00:03:44 ; elapsed = 00:02:22 . Memory (MB): peak = 2293.840 ; gain = 21.188

Phase 30 Multi Cell Placement Optimization
INFO: [Physopt 32-660] Identified 100 candidate nets for placement-based optimization.
INFO: [Physopt 32-662] Processed net student_top_inst/Core_cpu/cpu_core/branch_predictor_inst/bp_fetch_pc_r_reg[30][30].  Did not re-place instance student_top_inst/Core_cpu/cpu_core/branch_predictor_inst/hold_pred_target_reg[30]_i_1/O
INFO: [Physopt 32-662] Processed net student_top_inst/Core_cpu/cpu_core/id_ex_inst/mtvec_r_reg[31][30].  Did not re-place instance student_top_inst/Core_cpu/cpu_core/id_ex_inst/pc_o[30]_i_2/O
INFO: [Physopt 32-663] Processed net student_top_inst/Core_cpu/cpu_core/if_id_inst/pred_target_o_reg[30]_0.  Re-placed instance student_top_inst/Core_cpu/cpu_core/if_id_inst/pc_o[30]_i_5/O
INFO: [Physopt 32-662] Processed net student_top_inst/Core_cpu/cpu_core/branch_predictor_inst/bp_fetch_pc_r_reg[30][29].  Did not re-place instance student_top_inst/Core_cpu/cpu_core/branch_predictor_inst/hold_pred_target_reg[29]_i_1/O
INFO: [Physopt 32-662] Processed net student_top_inst/Core_cpu/cpu_core/id_ex_inst/mtvec_r_reg[31][29].  Did not re-place instance student_top_inst/Core_cpu/cpu_core/id_ex_inst/pc_o[29]_i_1/O
INFO: [Physopt 32-662] Processed net student_top_inst/Core_cpu/cpu_core/if_id_inst/pred_target_o_reg[29]_0.  Did not re-place instance student_top_inst/Core_cpu/cpu_core/if_id_inst/pc_o[29]_i_4/O
INFO: [Physopt 32-662] Processed net student_top_inst/Core_cpu/cpu_core/ex_mem_inst/dff_inst/done_r_reg_rep__41_0.  Did not re-place instance student_top_inst/Core_cpu/cpu_core/ex_mem_inst/dff_inst/flush_ifid_o_inst_i_4/O
INFO: [Physopt 32-662] Processed net student_top_inst/Core_cpu/cpu_core/if_id_inst/id_use_rs1_o.  Did not re-place instance student_top_inst/Core_cpu/cpu_core/if_id_inst/use_rs1_o_i_2/O
INFO: [Physopt 32-662] Processed net student_top_inst/Core_cpu/cpu_core/if_id_inst/op1_o[31]_i_8_n_0.  Did not re-place instance student_top_inst/Core_cpu/cpu_core/if_id_inst/op1_o[31]_i_8/O
INFO: [Physopt 32-662] Processed net student_top_inst/Core_cpu/cpu_core/if_id_inst/inst_o_reg[5]_rep__11.  Did not re-place instance student_top_inst/Core_cpu/cpu_core/if_id_inst/flush_ifid_o_inst_i_8/O
INFO: [Physopt 32-662] Processed net student_top_inst/Core_cpu/cpu_core/if_id_inst/data_o_reg[6].  Did not re-place instance student_top_inst/Core_cpu/cpu_core/if_id_inst/is_holding_reg_i_2/O
INFO: [Physopt 32-662] Processed net student_top_inst/Core_cpu/cpu_core/if_id_inst/if_id_inst_o[1].  Did not re-place instance student_top_inst/Core_cpu/cpu_core/if_id_inst/inst_o_reg[1]/Q
INFO: [Physopt 32-662] Processed net student_top_inst/Core_cpu/cpu_core/id_ex_inst/inst_o_reg[6]_rep__12_0.  Did not re-place instance student_top_inst/Core_cpu/cpu_core/id_ex_inst/flush_ifid_o_inst_i_17/O
INFO: [Physopt 32-662] Processed net student_top_inst/Core_cpu/cpu_core/id_ex_inst/mtvec_r_reg[31][25].  Did not re-place instance student_top_inst/Core_cpu/cpu_core/id_ex_inst/pc_o[25]_i_1/O
INFO: [Physopt 32-662] Processed net student_top_inst/Core_cpu/cpu_core/if_id_inst/use_rs1_o_i_4_n_0.  Did not re-place instance student_top_inst/Core_cpu/cpu_core/if_id_inst/use_rs1_o_i_4/O
INFO: [Physopt 32-662] Processed net student_top_inst/Core_cpu/cpu_core/branch_predictor_inst/bp_fetch_pc_r_reg[30][27].  Did not re-place instance student_top_inst/Core_cpu/cpu_core/branch_predictor_inst/hold_pred_target_reg[27]_i_1/O
INFO: [Physopt 32-662] Processed net student_top_inst/Core_cpu/cpu_core/id_ex_inst/mtvec_r_reg[31][27].  Did not re-place instance student_top_inst/Core_cpu/cpu_core/id_ex_inst/pc_o[27]_i_1/O
INFO: [Physopt 32-662] Processed net student_top_inst/Core_cpu/cpu_core/if_id_inst/pred_target_o_reg[27]_0.  Did not re-place instance student_top_inst/Core_cpu/cpu_core/if_id_inst/pc_o[27]_i_4/O
INFO: [Physopt 32-662] Processed net student_top_inst/Core_cpu/cpu_core/if_id_inst/id_use_rs2_o.  Did not re-place instance student_top_inst/Core_cpu/cpu_core/if_id_inst/use_rs2_o_i_2/O
INFO: [Physopt 32-662] Processed net student_top_inst/Core_cpu/cpu_core/if_id_inst/flush_ifid_o_inst_i_21_n_0.  Did not re-place instance student_top_inst/Core_cpu/cpu_core/if_id_inst/flush_ifid_o_inst_i_21/O
INFO: [Physopt 32-662] Processed net student_top_inst/Core_cpu/cpu_core/branch_predictor_inst/bp_fetch_pc_r_reg[30][28].  Did not re-place instance student_top_inst/Core_cpu/cpu_core/branch_predictor_inst/hold_pred_target_reg[28]_i_1/O
INFO: [Physopt 32-662] Processed net student_top_inst/Core_cpu/cpu_core/id_ex_inst/mtvec_r_reg[31][28].  Did not re-place instance student_top_inst/Core_cpu/cpu_core/id_ex_inst/pc_o[28]_i_1/O
INFO: [Physopt 32-662] Processed net student_top_inst/Core_cpu/cpu_core/if_id_inst/pred_target_o_reg[28]_0.  Did not re-place instance student_top_inst/Core_cpu/cpu_core/if_id_inst/pc_o[28]_i_4/O
INFO: [Physopt 32-662] Processed net student_top_inst/Core_cpu/cpu_core/branch_predictor_inst/bp_fetch_pc_r_reg[30][25].  Did not re-place instance student_top_inst/Core_cpu/cpu_core/branch_predictor_inst/hold_pred_target_reg[25]_i_1/O
INFO: [Physopt 32-662] Processed net student_top_inst/Core_cpu/cpu_core/if_id_inst/pred_target_o_reg[25]_0.  Did not re-place instance student_top_inst/Core_cpu/cpu_core/if_id_inst/pc_o[25]_i_4/O
INFO: [Physopt 32-662] Processed net student_top_inst/Core_cpu/cpu_core/if_id_inst/Q[0].  Did not re-place instance student_top_inst/Core_cpu/cpu_core/if_id_inst/inst_o_reg[15]/Q
INFO: [Physopt 32-662] Processed net student_top_inst/Core_cpu/cpu_core/if_id_inst/if_id_inst_o[0].  Did not re-place instance student_top_inst/Core_cpu/cpu_core/if_id_inst/inst_o_reg[0]/Q
INFO: [Physopt 32-662] Processed net student_top_inst/Core_cpu/cpu_core/if_id_inst/flush_ifid_o_inst_i_22_n_0.  Did not re-place instance student_top_inst/Core_cpu/cpu_core/if_id_inst/flush_ifid_o_inst_i_22/O
INFO: [Physopt 32-662] Processed net student_top_inst/Core_cpu/cpu_core/if_id_inst/flush_ifid_o_inst_i_42_n_0.  Did not re-place instance student_top_inst/Core_cpu/cpu_core/if_id_inst/flush_ifid_o_inst_i_42/O
INFO: [Physopt 32-662] Processed net student_top_inst/Core_cpu/cpu_core/id_ex_inst/inst_o_reg[27]_0[7].  Did not re-place instance student_top_inst/Core_cpu/cpu_core/id_ex_inst/inst_o_reg[7]/Q
INFO: [Physopt 32-662] Processed net student_top_inst/Core_cpu/cpu_core/if_id_inst/inst_o_reg[18]_1.  Did not re-place instance student_top_inst/Core_cpu/cpu_core/if_id_inst/flush_ifid_o_inst_i_20/O
INFO: [Physopt 32-662] Processed net student_top_inst/Core_cpu/cpu_core/mem1_mem2_inst/dff_inst/data_o_reg[3]_0.  Did not re-place instance student_top_inst/Core_cpu/cpu_core/mem1_mem2_inst/dff_inst/flush_ifid_o_inst_i_19/O
INFO: [Physopt 32-662] Processed net student_top_inst/Core_cpu/cpu_core/branch_predictor_inst/bp_fetch_pc_r_reg[30][15].  Did not re-place instance student_top_inst/Core_cpu/cpu_core/branch_predictor_inst/hold_pred_target_reg[15]_i_1/O
INFO: [Physopt 32-662] Processed net student_top_inst/Core_cpu/cpu_core/id_ex_inst/mtvec_r_reg[31][15].  Did not re-place instance student_top_inst/Core_cpu/cpu_core/id_ex_inst/pc_o[15]_i_1/O
INFO: [Physopt 32-662] Processed net student_top_inst/Core_cpu/cpu_core/if_id_inst/pred_target_o_reg[15]_0.  Did not re-place instance student_top_inst/Core_cpu/cpu_core/if_id_inst/pc_o[15]_i_4/O
INFO: [Physopt 32-661] Optimized 1 net.  Re-placed 2 instances.
INFO: [Physopt 32-775] End 1 Pass. Optimized 1 net or cell. Created 0 new cell, deleted 0 existing cell and moved 2 existing cells
INFO: [Physopt 32-619] Estimated Timing Summary | WNS=-0.083 | TNS=-0.362 |
Netlist sorting complete. Time (s): cpu = 00:00:00 ; elapsed = 00:00:00.005 . Memory (MB): peak = 2315.680 ; gain = 0.000
Phase 30 Multi Cell Placement Optimization | Checksum: 1288dbc5b

Time (s): cpu = 00:03:57 ; elapsed = 00:02:29 . Memory (MB): peak = 2315.680 ; gain = 43.027

Phase 31 SLR Crossing Optimization
Phase 31 SLR Crossing Optimization | Checksum: 1288dbc5b

Time (s): cpu = 00:03:57 ; elapsed = 00:02:29 . Memory (MB): peak = 2315.680 ; gain = 43.027

Phase 32 Critical Path Optimization
INFO: [Physopt 32-619] Estimated Timing Summary | WNS=-0.083 | TNS=-0.362 |
INFO: [Physopt 32-702] Processed net student_top_inst/Core_cpu/cpu_core/pc_reg_inst/Q[29]. Optimizations did not improve timing on the net.
INFO: [Physopt 32-702] Processed net pll_inst/inst/clk_out2_pll. Optimizations did not improve timing on the net.
INFO: [Physopt 32-710] Processed net student_top_inst/Core_cpu/cpu_core/id_ex_inst/mtvec_r_reg[31][29]. Critical path length was reduced through logic transformation on cell student_top_inst/Core_cpu/cpu_core/id_ex_inst/pc_o[29]_i_1_comp.
INFO: [Physopt 32-735] Processed net student_top_inst/Core_cpu/cpu_core/if_id_inst/pred_target_o_reg[29]_0. Optimization improves timing on the net.
INFO: [Physopt 32-619] Estimated Timing Summary | WNS=-0.072 | TNS=-0.281 |
INFO: [Physopt 32-702] Processed net student_top_inst/Core_cpu/cpu_core/pc_reg_inst/Q[25]. Optimizations did not improve timing on the net.
INFO: [Physopt 32-702] Processed net student_top_inst/Core_cpu/cpu_core/pc_reg_inst/next_pc__0[24]. Optimizations did not improve timing on the net.
INFO: [Physopt 32-702] Processed net student_top_inst/Core_cpu/cpu_core/pc_reg_inst/pc_o_reg[24]_i_5_n_0. Optimizations did not improve timing on the net.
INFO: [Physopt 32-702] Processed net student_top_inst/Core_cpu/cpu_core/pc_reg_inst/pc_o_reg[20]_i_5_n_0. Optimizations did not improve timing on the net.
INFO: [Physopt 32-702] Processed net student_top_inst/Core_cpu/cpu_core/pc_reg_inst/pc_o_reg[16]_i_5_n_0. Optimizations did not improve timing on the net.
INFO: [Physopt 32-702] Processed net student_top_inst/Core_cpu/cpu_core/pc_reg_inst/pc_o_reg[12]_i_5_n_0. Optimizations did not improve timing on the net.
INFO: [Physopt 32-702] Processed net student_top_inst/Core_cpu/cpu_core/pc_reg_inst/pc_o_reg[8]_i_5_n_0. Optimizations did not improve timing on the net.
INFO: [Physopt 32-702] Processed net student_top_inst/Core_cpu/cpu_core/pc_reg_inst/pc_o_reg[4]_i_5_n_0. Optimizations did not improve timing on the net.
INFO: [Physopt 32-702] Processed net student_top_inst/Core_cpu/cpu_core/pc_reg_inst/pc_o[4]_i_8_n_0. Optimizations did not improve timing on the net.
INFO: [Physopt 32-710] Processed net student_top_inst/Core_cpu/cpu_core/pc_reg_inst/pc_o[4]_i_8_n_0. Critical path length was reduced through logic transformation on cell student_top_inst/Core_cpu/cpu_core/pc_reg_inst/pc_o[4]_i_8_comp.
INFO: [Physopt 32-735] Processed net student_top_inst/Core_cpu/cpu_core/if_id_inst/data_o_reg[6]. Optimization improves timing on the net.
INFO: [Physopt 32-619] Estimated Timing Summary | WNS=-0.072 | TNS=-0.246 |
INFO: [Physopt 32-702] Processed net student_top_inst/Core_cpu/cpu_core/pc_reg_inst/Q[27]. Optimizations did not improve timing on the net.
INFO: [Physopt 32-710] Processed net student_top_inst/Core_cpu/cpu_core/id_ex_inst/mtvec_r_reg[31][27]. Critical path length was reduced through logic transformation on cell student_top_inst/Core_cpu/cpu_core/id_ex_inst/pc_o[27]_i_1_comp.
INFO: [Physopt 32-735] Processed net student_top_inst/Core_cpu/cpu_core/if_id_inst/pred_target_o_reg[27]_0. Optimization improves timing on the net.
INFO: [Physopt 32-619] Estimated Timing Summary | WNS=-0.072 | TNS=-0.220 |
INFO: [Physopt 32-702] Processed net student_top_inst/Core_cpu/cpu_core/pc_reg_inst/Q[30]. Optimizations did not improve timing on the net.
INFO: [Physopt 32-710] Processed net student_top_inst/Core_cpu/cpu_core/id_ex_inst/mtvec_r_reg[31][30]. Critical path length was reduced through logic transformation on cell student_top_inst/Core_cpu/cpu_core/id_ex_inst/pc_o[30]_i_2_comp.
INFO: [Physopt 32-735] Processed net student_top_inst/Core_cpu/cpu_core/if_id_inst/pred_target_o_reg[30]_0. Optimization improves timing on the net.
INFO: [Physopt 32-619] Estimated Timing Summary | WNS=-0.059 | TNS=-0.148 |
INFO: [Physopt 32-702] Processed net student_top_inst/Core_cpu/cpu_core/pc_reg_inst/Q[28]. Optimizations did not improve timing on the net.
INFO: [Physopt 32-710] Processed net student_top_inst/Core_cpu/cpu_core/id_ex_inst/mtvec_r_reg[31][28]. Critical path length was reduced through logic transformation on cell student_top_inst/Core_cpu/cpu_core/id_ex_inst/pc_o[28]_i_1_comp.
INFO: [Physopt 32-735] Processed net student_top_inst/Core_cpu/cpu_core/if_id_inst/pred_target_o_reg[28]_0. Optimization improves timing on the net.
INFO: [Physopt 32-619] Estimated Timing Summary | WNS=-0.046 | TNS=-0.089 |
INFO: [Physopt 32-663] Processed net student_top_inst/Core_cpu/cpu_core/branch_predictor_inst/bp_fetch_pc_r_reg[30][27].  Re-placed instance student_top_inst/Core_cpu/cpu_core/branch_predictor_inst/hold_pred_target_reg[27]_i_1
INFO: [Physopt 32-735] Processed net student_top_inst/Core_cpu/cpu_core/branch_predictor_inst/bp_fetch_pc_r_reg[30][27]. Optimization improves timing on the net.
INFO: [Physopt 32-619] Estimated Timing Summary | WNS=-0.038 | TNS=-0.044 |
INFO: [Physopt 32-702] Processed net student_top_inst/Core_cpu/cpu_core/if_id_inst/pred_target_o_reg[25]_0. Optimizations did not improve timing on the net.
INFO: [Physopt 32-710] Processed net student_top_inst/Core_cpu/cpu_core/if_id_inst/pred_target_o_reg[25]_0. Critical path length was reduced through logic transformation on cell student_top_inst/Core_cpu/cpu_core/if_id_inst/pc_o[25]_i_4_comp.
INFO: [Physopt 32-735] Processed net student_top_inst/Core_cpu/cpu_core/branch_predictor_inst/bp_fetch_pc_r_reg[30][25]. Optimization improves timing on the net.
INFO: [Physopt 32-619] Estimated Timing Summary | WNS=-0.004 | TNS=-0.006 |
INFO: [Physopt 32-702] Processed net student_top_inst/Core_cpu/cpu_core/pc_reg_inst/Q[15]. Optimizations did not improve timing on the net.
INFO: [Physopt 32-663] Processed net student_top_inst/Core_cpu/cpu_core/if_id_inst/pred_target_o_reg[15]_0.  Re-placed instance student_top_inst/Core_cpu/cpu_core/if_id_inst/pc_o[15]_i_4
INFO: [Physopt 32-735] Processed net student_top_inst/Core_cpu/cpu_core/if_id_inst/pred_target_o_reg[15]_0. Optimization improves timing on the net.
INFO: [Physopt 32-619] Estimated Timing Summary | WNS=-0.003 | TNS=-0.005 |
INFO: [Physopt 32-710] Processed net student_top_inst/Core_cpu/cpu_core/id_ex_inst/mtvec_r_reg[31][15]. Critical path length was reduced through logic transformation on cell student_top_inst/Core_cpu/cpu_core/id_ex_inst/pc_o[15]_i_1_comp.
INFO: [Physopt 32-735] Processed net student_top_inst/Core_cpu/cpu_core/if_id_inst/pred_target_o_reg[15]_0. Optimization improves timing on the net.
INFO: [Physopt 32-619] Estimated Timing Summary | WNS=-0.002 | TNS=-0.002 |
INFO: [Physopt 32-702] Processed net student_top_inst/Core_cpu/cpu_core/branch_predictor_inst/bp_fetch_pc_r_reg[30][29]. Optimizations did not improve timing on the net.
INFO: [Physopt 32-702] Processed net student_top_inst/Core_cpu/cpu_core/if_id_inst/in001_out[29]. Optimizations did not improve timing on the net.
INFO: [Physopt 32-702] Processed net student_top_inst/Core_cpu/cpu_core/if_id_inst/hold_pred_target_reg_reg[27]_i_2_n_0. Optimizations did not improve timing on the net.
INFO: [Physopt 32-702] Processed net student_top_inst/Core_cpu/cpu_core/if_id_inst/hold_pred_target_reg_reg[23]_i_2_n_0. Optimizations did not improve timing on the net.
INFO: [Physopt 32-702] Processed net student_top_inst/Core_cpu/cpu_core/if_id_inst/hold_pred_target_reg_reg[19]_i_2_n_0. Optimizations did not improve timing on the net.
INFO: [Physopt 32-702] Processed net student_top_inst/Core_cpu/cpu_core/if_id_inst/hold_pred_target_reg_reg[15]_i_2_n_0. Optimizations did not improve timing on the net.
INFO: [Physopt 32-702] Processed net student_top_inst/Core_cpu/cpu_core/if_id_inst/hold_pred_target_reg_reg[11]_i_2_n_0. Optimizations did not improve timing on the net.
INFO: [Physopt 32-702] Processed net student_top_inst/Core_cpu/cpu_core/if_id_inst/b_imm_inst__22_n_0. Optimizations did not improve timing on the net.
INFO: [Physopt 32-608] Optimized 1 net.  Swapped 15 pins.
INFO: [Physopt 32-735] Processed net student_top_inst/Core_cpu/cpu_core/id_ex_inst/mtvec_r_reg[31][29]. Optimization improves timing on the net.
INFO: [Physopt 32-619] Estimated Timing Summary | WNS=0.004 | TNS=0.000 |
INFO: [Physopt 32-619] Estimated Timing Summary | WNS=0.004 | TNS=0.000 |
Netlist sorting complete. Time (s): cpu = 00:00:00 ; elapsed = 00:00:00.080 . Memory (MB): peak = 2329.609 ; gain = 0.000
Phase 32 Critical Path Optimization | Checksum: 1288dbc5b

Time (s): cpu = 00:04:07 ; elapsed = 00:02:35 . Memory (MB): peak = 2329.609 ; gain = 56.957

Phase 33 Critical Path Optimization
INFO: [Physopt 32-619] Estimated Timing Summary | WNS=0.004 | TNS=0.000 |
INFO: [Physopt 32-619] Estimated Timing Summary | WNS=0.004 | TNS=0.000 |
Netlist sorting complete. Time (s): cpu = 00:00:00 ; elapsed = 00:00:00.005 . Memory (MB): peak = 2329.609 ; gain = 0.000
Phase 33 Critical Path Optimization | Checksum: 1288dbc5b

Time (s): cpu = 00:04:07 ; elapsed = 00:02:35 . Memory (MB): peak = 2329.609 ; gain = 56.957

Phase 34 BRAM Enable Optimization
Phase 34 BRAM Enable Optimization | Checksum: 1288dbc5b

Time (s): cpu = 00:04:07 ; elapsed = 00:02:35 . Memory (MB): peak = 2329.609 ; gain = 56.957
INFO: [Physopt 32-960] Skip hold-fix as initial WHS does not violate hold threshold 250 ps
Netlist sorting complete. Time (s): cpu = 00:00:00 ; elapsed = 00:00:00.007 . Memory (MB): peak = 2329.609 ; gain = 0.000
INFO: [Physopt 32-603] Post Physical Optimization Timing Summary | WNS=0.004 | TNS=0.000 |

Summary of Physical Synthesis Optimizations
============================================


----------------------------------------------------------------------------------------------------------------------------------------------------------------------
|  Optimization            |  WNS Gain (ns)  |  TNS Gain (ns)  |  Added Cells  |  Removed Cells  |  Optimized Cells/Nets  |  Dont Touch  |  Iterations  |  Elapsed   |
----------------------------------------------------------------------------------------------------------------------------------------------------------------------
|  Fanout                  |          0.000  |          0.006  |            5  |              0  |                     2  |           0  |           3  |  00:00:07  |
|  Single Cell Placement   |          0.046  |          0.691  |            0  |              0  |                    60  |           0  |           4  |  00:01:48  |
|  Multi Cell Placement    |          0.157  |          0.238  |            0  |              0  |                     5  |           0  |           4  |  00:00:28  |
|  Rewire                  |          0.000  |          0.000  |            0  |              0  |                     0  |           0  |           3  |  00:00:01  |
|  Critical Cell           |          0.000  |         -0.014  |            0  |              0  |                     1  |           0  |           3  |  00:00:02  |
|  SLR Crossing            |          0.000  |          0.000  |            0  |              0  |                     0  |           0  |           3  |  00:00:00  |
|  DSP Register            |          0.000  |          0.000  |            0  |              0  |                     0  |           0  |           2  |  00:00:00  |
|  BRAM Register           |          0.000  |          0.000  |            0  |              0  |                     0  |           0  |           2  |  00:00:00  |
|  URAM Register           |          0.000  |          0.000  |            0  |              0  |                     0  |           0  |           2  |  00:00:00  |
|  Shift Register          |          0.000  |          0.000  |            0  |              0  |                     0  |           0  |           2  |  00:00:00  |
|  Critical Pin            |          0.014  |          0.713  |            0  |              0  |                    26  |           0  |           1  |  00:00:00  |
|  Very High Fanout        |          0.000  |          0.000  |            0  |              0  |                     0  |           0  |           1  |  00:00:00  |
|  BRAM Enable             |          0.000  |          0.000  |            0  |              0  |                     0  |           0  |           1  |  00:00:00  |
|  Critical Path           |          0.087  |          0.362  |            0  |              0  |                    10  |           0  |           2  |  00:00:06  |
|  Total                   |          0.304  |          1.995  |            5  |              0  |                   104  |           0  |          33  |  00:02:31  |
----------------------------------------------------------------------------------------------------------------------------------------------------------------------


Netlist sorting complete. Time (s): cpu = 00:00:00 ; elapsed = 00:00:00.005 . Memory (MB): peak = 2329.609 ; gain = 0.000
Ending Physical Synthesis Task | Checksum: 2248745ef

Time (s): cpu = 00:04:07 ; elapsed = 00:02:35 . Memory (MB): peak = 2329.609 ; gain = 56.957
INFO: [Common 17-83] Releasing license: Implementation
1392 Infos, 0 Warnings, 0 Critical Warnings and 0 Errors encountered.
phys_opt_design completed successfully
phys_opt_design: Time (s): cpu = 00:04:10 ; elapsed = 00:02:37 . Memory (MB): peak = 2329.609 ; gain = 56.957
INFO: [Timing 38-480] Writing timing data to binary archive.
Write ShapeDB Complete: Time (s): cpu = 00:00:00 ; elapsed = 00:00:00.028 . Memory (MB): peak = 2346.641 ; gain = 13.953
Wrote PlaceDB: Time (s): cpu = 00:00:03 ; elapsed = 00:00:01 . Memory (MB): peak = 2346.641 ; gain = 13.953
Wrote PulsedLatchDB: Time (s): cpu = 00:00:00 ; elapsed = 00:00:00 . Memory (MB): peak = 2346.641 ; gain = 0.000
Writing XDEF routing.
Writing XDEF routing logical nets.
Writing XDEF routing special nets.
Wrote RouteStorage: Time (s): cpu = 00:00:00 ; elapsed = 00:00:00.032 . Memory (MB): peak = 2346.641 ; gain = 0.000
Wrote Netlist Cache: Time (s): cpu = 00:00:00 ; elapsed = 00:00:00.023 . Memory (MB): peak = 2346.641 ; gain = 0.000
Wrote Device Cache: Time (s): cpu = 00:00:00 ; elapsed = 00:00:00.010 . Memory (MB): peak = 2346.641 ; gain = 0.000
Write Physdb Complete: Time (s): cpu = 00:00:03 ; elapsed = 00:00:01 . Memory (MB): peak = 2346.641 ; gain = 13.953
INFO: [Common 17-1381] The checkpoint 'C:/Users/hp/Downloads/digital_twin/digital_twin.runs/impl_1/top_physopt.dcp' has been generated.
Command: route_design -directive NoTimingRelaxation
Attempting to get a license for feature 'Implementation' and/or device 'xc7k325t'
INFO: [Common 17-349] Got license for feature 'Implementation' and/or device 'xc7k325t'
INFO: [DRC 23-27] Running DRC with 8 threads
INFO: [Vivado_Tcl 4-198] DRC finished with 0 Errors
INFO: [Vivado_Tcl 4-199] Please refer to the DRC report (report_drc) for more information.
Running DRC as a precondition to command route_design
INFO: [DRC 23-27] Running DRC with 8 threads
INFO: [Vivado_Tcl 4-198] DRC finished with 0 Errors
INFO: [Vivado_Tcl 4-199] Please refer to the DRC report (report_drc) for more information.


Starting Routing Task
INFO: [Route 35-270] Using Router directive 'NoTimingRelaxation'.
INFO: [Route 35-254] Multithreading enabled for route_design using a maximum of 8 CPUs

Phase 1 Build RT Design
Checksum: PlaceDB: ed008077 ConstDB: 0 ShapeSum: 8e6d9db5 RouteDB: 0
Post Restoration Checksum: NetGraph: e91d8303 | NumContArr: e0f867f4 | Constraints: c2a8fa9d | Timing: c2a8fa9d
Phase 1 Build RT Design | Checksum: 34f67e031

Time (s): cpu = 00:00:49 ; elapsed = 00:00:38 . Memory (MB): peak = 2569.352 ; gain = 196.383

Phase 2 Router Initialization

Phase 2.1 Fix Topology Constraints
Phase 2.1 Fix Topology Constraints | Checksum: 34f67e031

Time (s): cpu = 00:00:49 ; elapsed = 00:00:38 . Memory (MB): peak = 2569.352 ; gain = 196.383

Phase 2.2 Pre Route Cleanup
Phase 2.2 Pre Route Cleanup | Checksum: 34f67e031

Time (s): cpu = 00:00:49 ; elapsed = 00:00:38 . Memory (MB): peak = 2569.352 ; gain = 196.383
 Number of Nodes with overlaps = 0

Phase 2.3 Update Timing
Phase 2.3 Update Timing | Checksum: 18a052182

Time (s): cpu = 00:00:51 ; elapsed = 00:00:40 . Memory (MB): peak = 2682.809 ; gain = 309.840
INFO: [Route 35-416] Intermediate Timing Summary | WNS=-0.065 | TNS=-0.301 | WHS=-0.249 | THS=-201.473|


Router Utilization Summary
  Global Vertical Routing Utilization    = 0 %
  Global Horizontal Routing Utilization  = 0 %
  Routable Net Status*
  *Does not include unroutable nets such as driverless and loadless.
  Run report_route_status for detailed report.
  Number of Failed Nets               = 7989
    (Failed Nets is the sum of unrouted and partially routed nets)
  Number of Unrouted Nets             = 7989
  Number of Partially Routed Nets     = 0
  Number of Node Overlaps             = 0

Phase 2 Router Initialization | Checksum: 1ec2473ea

Time (s): cpu = 00:00:52 ; elapsed = 00:00:41 . Memory (MB): peak = 2713.258 ; gain = 340.289

Phase 3 Initial Routing

Phase 3.1 Global Routing
Phase 3.1 Global Routing | Checksum: 1ec2473ea

Time (s): cpu = 00:00:52 ; elapsed = 00:00:41 . Memory (MB): peak = 2713.258 ; gain = 340.289

Phase 3.2 Initial Net Routing
Phase 3.2 Initial Net Routing | Checksum: 2388f2a56

Time (s): cpu = 00:00:55 ; elapsed = 00:00:43 . Memory (MB): peak = 2715.773 ; gain = 342.805
Phase 3 Initial Routing | Checksum: 2388f2a56

Time (s): cpu = 00:00:55 ; elapsed = 00:00:43 . Memory (MB): peak = 2715.773 ; gain = 342.805
INFO: [Route 35-580] Design has 29 pins with tight setup and hold constraints.

The top 5 pins with tight setup and hold constraints:

+====================+===================+=======================================================================+
| Launch Setup Clock | Launch Hold Clock | Pin                                                                   |
+====================+===================+=======================================================================+
| clk_out2_pll       | clk_out2_pll      | student_top_inst/Core_cpu/cpu_core/if_id_inst/pred_target_o_reg[27]/D |
| clk_out2_pll       | clk_out2_pll      | student_top_inst/Core_cpu/cpu_core/if_id_inst/pred_target_o_reg[25]/D |
| clk_out2_pll       | clk_out2_pll      | student_top_inst/Core_cpu/cpu_core/if_id_inst/pred_target_o_reg[26]/D |
| clk_out2_pll       | clk_out2_pll      | student_top_inst/Core_cpu/cpu_core/if_id_inst/pred_target_o_reg[22]/D |
| clk_out2_pll       | clk_out2_pll      | student_top_inst/Core_cpu/cpu_core/if_id_inst/pred_target_o_reg[28]/D |
+--------------------+-------------------+-----------------------------------------------------------------------+

File with complete list of pins: tight_setup_hold_pins.txt


Phase 4 Rip-up And Reroute

Phase 4.1 Global Iteration 0
 Number of Nodes with overlaps = 3172
 Number of Nodes with overlaps = 1118
 Number of Nodes with overlaps = 485
 Number of Nodes with overlaps = 227
 Number of Nodes with overlaps = 107
 Number of Nodes with overlaps = 131
 Number of Nodes with overlaps = 93
 Number of Nodes with overlaps = 62
 Number of Nodes with overlaps = 36
 Number of Nodes with overlaps = 32
 Number of Nodes with overlaps = 19
 Number of Nodes with overlaps = 11
 Number of Nodes with overlaps = 8
 Number of Nodes with overlaps = 5
 Number of Nodes with overlaps = 2
 Number of Nodes with overlaps = 0
INFO: [Route 35-416] Intermediate Timing Summary | WNS=-0.197 | TNS=-1.798 | WHS=N/A    | THS=N/A    |

Phase 4.1 Global Iteration 0 | Checksum: 38771530b

Time (s): cpu = 00:00:59 ; elapsed = 00:00:55 . Memory (MB): peak = 2715.773 ; gain = 342.805

Phase 4.2 Global Iteration 1
 Number of Nodes with overlaps = 661
 Number of Nodes with overlaps = 498
 Number of Nodes with overlaps = 236
 Number of Nodes with overlaps = 188
 Number of Nodes with overlaps = 73
 Number of Nodes with overlaps = 45
 Number of Nodes with overlaps = 23
 Number of Nodes with overlaps = 14
 Number of Nodes with overlaps = 10
 Number of Nodes with overlaps = 6
 Number of Nodes with overlaps = 5
 Number of Nodes with overlaps = 2
 Number of Nodes with overlaps = 3
 Number of Nodes with overlaps = 2
 Number of Nodes with overlaps = 2
 Number of Nodes with overlaps = 3
 Number of Nodes with overlaps = 3
 Number of Nodes with overlaps = 2
 Number of Nodes with overlaps = 1
 Number of Nodes with overlaps = 1
 Number of Nodes with overlaps = 1
 Number of Nodes with overlaps = 0
INFO: [Route 35-416] Intermediate Timing Summary | WNS=-0.158 | TNS=-0.795 | WHS=N/A    | THS=N/A    |

Phase 4.2 Global Iteration 1 | Checksum: 20aa65593

Time (s): cpu = 00:01:03 ; elapsed = 00:01:03 . Memory (MB): peak = 2715.773 ; gain = 342.805

Phase 4.3 Global Iteration 2
 Number of Nodes with overlaps = 860
 Number of Nodes with overlaps = 363
 Number of Nodes with overlaps = 143
 Number of Nodes with overlaps = 90
 Number of Nodes with overlaps = 46
 Number of Nodes with overlaps = 16
 Number of Nodes with overlaps = 11
 Number of Nodes with overlaps = 7
 Number of Nodes with overlaps = 2
 Number of Nodes with overlaps = 0
INFO: [Route 35-416] Intermediate Timing Summary | WNS=-0.088 | TNS=-0.558 | WHS=N/A    | THS=N/A    |

Phase 4.3 Global Iteration 2 | Checksum: 22f2bbf55

Time (s): cpu = 00:01:05 ; elapsed = 00:01:09 . Memory (MB): peak = 2715.773 ; gain = 342.805

Phase 4.4 Global Iteration 3
 Number of Nodes with overlaps = 627
 Number of Nodes with overlaps = 194
 Number of Nodes with overlaps = 55
 Number of Nodes with overlaps = 24
 Number of Nodes with overlaps = 7
 Number of Nodes with overlaps = 5
 Number of Nodes with overlaps = 4
 Number of Nodes with overlaps = 0
INFO: [Route 35-416] Intermediate Timing Summary | WNS=-0.224 | TNS=-0.694 | WHS=N/A    | THS=N/A    |

Phase 4.4 Global Iteration 3 | Checksum: 218034d1b

Time (s): cpu = 00:01:06 ; elapsed = 00:01:12 . Memory (MB): peak = 2715.773 ; gain = 342.805
Phase 4 Rip-up And Reroute | Checksum: 218034d1b

Time (s): cpu = 00:01:06 ; elapsed = 00:01:12 . Memory (MB): peak = 2715.773 ; gain = 342.805

Phase 5 Delay and Skew Optimization

Phase 5.1 Delay CleanUp

Phase 5.1.1 Update Timing
Phase 5.1.1 Update Timing | Checksum: 228767f46

Time (s): cpu = 00:01:06 ; elapsed = 00:01:13 . Memory (MB): peak = 2715.773 ; gain = 342.805
INFO: [Route 35-416] Intermediate Timing Summary | WNS=-0.001 | TNS=-0.001 | WHS=N/A    | THS=N/A    |

 Number of Nodes with overlaps = 0
Phase 5.1 Delay CleanUp | Checksum: 2fbc3675a

Time (s): cpu = 00:01:06 ; elapsed = 00:01:13 . Memory (MB): peak = 2715.773 ; gain = 342.805

Phase 5.2 Clock Skew Optimization
Phase 5.2 Clock Skew Optimization | Checksum: 2fbc3675a

Time (s): cpu = 00:01:06 ; elapsed = 00:01:13 . Memory (MB): peak = 2715.773 ; gain = 342.805
Phase 5 Delay and Skew Optimization | Checksum: 2fbc3675a

Time (s): cpu = 00:01:06 ; elapsed = 00:01:13 . Memory (MB): peak = 2715.773 ; gain = 342.805

Phase 6 Post Hold Fix

Phase 6.1 Hold Fix Iter

Phase 6.1.1 Update Timing
Phase 6.1.1 Update Timing | Checksum: 2bbcf1084

Time (s): cpu = 00:01:06 ; elapsed = 00:01:13 . Memory (MB): peak = 2715.773 ; gain = 342.805
INFO: [Route 35-416] Intermediate Timing Summary | WNS=0.017  | TNS=0.000  | WHS=0.078  | THS=0.000  |

Phase 6.1 Hold Fix Iter | Checksum: 2bbcf1084

Time (s): cpu = 00:01:06 ; elapsed = 00:01:13 . Memory (MB): peak = 2715.773 ; gain = 342.805
Phase 6 Post Hold Fix | Checksum: 2bbcf1084

Time (s): cpu = 00:01:06 ; elapsed = 00:01:13 . Memory (MB): peak = 2715.773 ; gain = 342.805

Phase 7 Route finalize

Router Utilization Summary
  Global Vertical Routing Utilization    = 1.1964 %
  Global Horizontal Routing Utilization  = 1.39004 %
  Routable Net Status*
  *Does not include unroutable nets such as driverless and loadless.
  Run report_route_status for detailed report.
  Number of Failed Nets               = 0
    (Failed Nets is the sum of unrouted and partially routed nets)
  Number of Unrouted Nets             = 0
  Number of Partially Routed Nets     = 0
  Number of Node Overlaps             = 0

Phase 7 Route finalize | Checksum: 2bbcf1084

Time (s): cpu = 00:01:06 ; elapsed = 00:01:13 . Memory (MB): peak = 2715.773 ; gain = 342.805

Phase 8 Verifying routed nets

 Verification completed successfully
Phase 8 Verifying routed nets | Checksum: 2bbcf1084

Time (s): cpu = 00:01:06 ; elapsed = 00:01:13 . Memory (MB): peak = 2715.773 ; gain = 342.805

Phase 9 Depositing Routes
Phase 9 Depositing Routes | Checksum: 1ff65f6dc

Time (s): cpu = 00:01:06 ; elapsed = 00:01:14 . Memory (MB): peak = 2715.773 ; gain = 342.805

Phase 10 Post Router Timing
INFO: [Route 35-20] Post Routing Timing Summary | WNS=0.017  | TNS=0.000  | WHS=0.079  | THS=0.000  |

Phase 10 Post Router Timing | Checksum: 1d90d7c22

Time (s): cpu = 00:01:07 ; elapsed = 00:01:15 . Memory (MB): peak = 2715.773 ; gain = 342.805
INFO: [Route 35-61] The design met the timing requirement.
INFO: [Route 35-16] Router Completed Successfully

Phase 11 Post-Route Event Processing
Phase 11 Post-Route Event Processing | Checksum: 1371984fe

Time (s): cpu = 00:01:07 ; elapsed = 00:01:15 . Memory (MB): peak = 2715.773 ; gain = 342.805
Ending Routing Task | Checksum: 1371984fe

Time (s): cpu = 00:01:07 ; elapsed = 00:01:15 . Memory (MB): peak = 2715.773 ; gain = 342.805

Routing Is Done.
INFO: [Common 17-83] Releasing license: Implementation
1415 Infos, 0 Warnings, 0 Critical Warnings and 0 Errors encountered.
route_design completed successfully
route_design: Time (s): cpu = 00:01:11 ; elapsed = 00:01:17 . Memory (MB): peak = 2715.773 ; gain = 369.133
INFO: [runtcl-4] Executing : report_drc -file top_drc_routed.rpt -pb top_drc_routed.pb -rpx top_drc_routed.rpx
Command: report_drc -file top_drc_routed.rpt -pb top_drc_routed.pb -rpx top_drc_routed.rpx
INFO: [IP_Flow 19-1839] IP Catalog is up to date.
INFO: [DRC 23-27] Running DRC with 8 threads
INFO: [Vivado_Tcl 2-168] The results of DRC are in file C:/Users/hp/Downloads/digital_twin/digital_twin.runs/impl_1/top_drc_routed.rpt.
report_drc completed successfully
INFO: [runtcl-4] Executing : report_methodology -file top_methodology_drc_routed.rpt -pb top_methodology_drc_routed.pb -rpx top_methodology_drc_routed.rpx
Command: report_methodology -file top_methodology_drc_routed.rpt -pb top_methodology_drc_routed.pb -rpx top_methodology_drc_routed.rpx
INFO: [Timing 38-35] Done setting XDC timing constraints.
INFO: [DRC 23-133] Running Methodology with 8 threads
INFO: [Vivado_Tcl 2-1520] The results of Report Methodology are in file C:/Users/hp/Downloads/digital_twin/digital_twin.runs/impl_1/top_methodology_drc_routed.rpt.
report_methodology completed successfully
INFO: [runtcl-4] Executing : report_power -file top_power_routed.rpt -pb top_power_summary_routed.pb -rpx top_power_routed.rpx
Command: report_power -file top_power_routed.rpt -pb top_power_summary_routed.pb -rpx top_power_routed.rpx
INFO: [Timing 38-35] Done setting XDC timing constraints.
Running Vector-less Activity Propagation...

Finished Running Vector-less Activity Propagation
WARNING: [Power 33-332] Found switching activity that implies high-fanout reset nets being asserted for excessive periods of time which may result in inaccurate power analysis.
Resolution: To review and fix problems, please run Power Constraints Advisor in the GUI from Tools > Power Constraints Advisor or run report_power with the -advisory option to generate a text report.
1425 Infos, 1 Warnings, 0 Critical Warnings and 0 Errors encountered.
report_power completed successfully
INFO: [runtcl-4] Executing : report_route_status -file top_route_status.rpt -pb top_route_status.pb
INFO: [runtcl-4] Executing : report_timing_summary -max_paths 10 -report_unconstrained -file top_timing_summary_routed.rpt -pb top_timing_summary_routed.pb -rpx top_timing_summary_routed.rpx -warn_on_violation 
INFO: [Timing 38-91] UpdateTimingParams: Speed grade: -2, Delay Type: min_max.
INFO: [Timing 38-191] Multithreading enabled for timing update using a maximum of 8 CPUs
INFO: [runtcl-4] Executing : report_incremental_reuse -file top_incremental_reuse_routed.rpt
INFO: [Vivado_Tcl 4-1062] Incremental flow is disabled. No incremental reuse Info to report.
INFO: [runtcl-4] Executing : report_clock_utilization -file top_clock_utilization_routed.rpt
INFO: [runtcl-4] Executing : report_bus_skew -warn_on_violation -file top_bus_skew_routed.rpt -pb top_bus_skew_routed.pb -rpx top_bus_skew_routed.rpx
INFO: [Timing 38-91] UpdateTimingParams: Speed grade: -2, Delay Type: min_max.
INFO: [Timing 38-191] Multithreading enabled for timing update using a maximum of 8 CPUs
INFO: [Timing 38-480] Writing timing data to binary archive.
Write ShapeDB Complete: Time (s): cpu = 00:00:00 ; elapsed = 00:00:00.026 . Memory (MB): peak = 2715.773 ; gain = 0.000
Wrote PlaceDB: Time (s): cpu = 00:00:02 ; elapsed = 00:00:00.417 . Memory (MB): peak = 2715.773 ; gain = 0.000
Wrote PulsedLatchDB: Time (s): cpu = 00:00:00 ; elapsed = 00:00:00.001 . Memory (MB): peak = 2715.773 ; gain = 0.000
Writing XDEF routing.
Writing XDEF routing logical nets.
Writing XDEF routing special nets.
Wrote RouteStorage: Time (s): cpu = 00:00:00 ; elapsed = 00:00:00.104 . Memory (MB): peak = 2715.773 ; gain = 0.000
Wrote Netlist Cache: Time (s): cpu = 00:00:00 ; elapsed = 00:00:00.010 . Memory (MB): peak = 2715.773 ; gain = 0.000
Wrote Device Cache: Time (s): cpu = 00:00:00 ; elapsed = 00:00:00.004 . Memory (MB): peak = 2715.773 ; gain = 0.000
Write Physdb Complete: Time (s): cpu = 00:00:02 ; elapsed = 00:00:00.544 . Memory (MB): peak = 2715.773 ; gain = 0.000
INFO: [Common 17-1381] The checkpoint 'C:/Users/hp/Downloads/digital_twin/digital_twin.runs/impl_1/top_routed.dcp' has been generated.
INFO: [Common 17-206] Exiting Vivado at Tue Jun  2 22:44:36 2026...
[Tue Jun  2 22:44:42 2026] impl_1 finished
wait_on_runs: Time (s): cpu = 00:00:01 ; elapsed = 00:38:19 . Memory (MB): peak = 973.977 ; gain = 0.000
# set impl_status [get_property STATUS [get_runs impl_1]]
# puts "CLK2_IMPL_STATUS freq_mhz=$freq_mhz status=\"$impl_status\""
CLK2_IMPL_STATUS freq_mhz=220 status="route_design Complete!"
# if {![regexp -nocase {complete} $impl_status]} {
#     close_project
#     exit 2
# }
# open_run impl_1
Netlist sorting complete. Time (s): cpu = 00:00:00 ; elapsed = 00:00:00.107 . Memory (MB): peak = 985.734 ; gain = 0.000
INFO: [Netlist 29-17] Analyzing 422 Unisim elements for replacement
INFO: [Netlist 29-28] Unisim Transformation completed in 0 CPU seconds
INFO: [Project 1-479] Netlist was created with Vivado 2023.2
INFO: [Project 1-570] Preparing netlist for logic optimization
Read ShapeDB Complete: Time (s): cpu = 00:00:00 ; elapsed = 00:00:00.013 . Memory (MB): peak = 1091.793 ; gain = 1.785
INFO: [Timing 38-478] Restoring timing data from binary archive.
INFO: [Timing 38-479] Binary timing data restore complete.
INFO: [Project 1-856] Restoring constraints from binary archive.
INFO: [Project 1-853] Binary constraint restore complete.
INFO: [Designutils 20-5722] Start Reading Physical Databases.
Reading placement.
Read Netlist Cache: Time (s): cpu = 00:00:00 ; elapsed = 00:00:00.015 . Memory (MB): peak = 1732.066 ; gain = 0.000
Reading placer database...
Read Device Cache: Time (s): cpu = 00:00:00 ; elapsed = 00:00:00.011 . Memory (MB): peak = 1732.066 ; gain = 0.000
Read PlaceDB: Time (s): cpu = 00:00:00 ; elapsed = 00:00:00.285 . Memory (MB): peak = 1732.066 ; gain = 0.000
Read PulsedLatchDB: Time (s): cpu = 00:00:00 ; elapsed = 00:00:00 . Memory (MB): peak = 1732.066 ; gain = 0.000
Reading routing.
Read RouteStorage: Time (s): cpu = 00:00:00 ; elapsed = 00:00:00.168 . Memory (MB): peak = 1732.066 ; gain = 0.000
Read Physdb Files: Time (s): cpu = 00:00:00 ; elapsed = 00:00:00.500 . Memory (MB): peak = 1732.066 ; gain = 0.000
Restored from archive | CPU: 0.000000 secs | Memory: 0.000000 MB |
Finished XDEF File Restore: Time (s): cpu = 00:00:00 ; elapsed = 00:00:00.561 . Memory (MB): peak = 1732.066 ; gain = 6.910
Netlist sorting complete. Time (s): cpu = 00:00:00 ; elapsed = 00:00:00.002 . Memory (MB): peak = 1732.066 ; gain = 0.000
INFO: [Project 1-111] Unisim Transformation Summary:
  A total of 33 instances were transformed.
  RAM128X1D => RAM128X1D (MUXF7(x2), RAMD64E(x4)): 12 instances
  RAM32M => RAM32M (RAMD32(x6), RAMS32(x2)): 15 instances
  RAM32X1D => RAM32X1D (RAMD32(x2)): 6 instances

open_run: Time (s): cpu = 00:00:07 ; elapsed = 00:00:10 . Memory (MB): peak = 1732.066 ; gain = 758.090
# set timing_summary "$report_dir/top_timing_summary_clk2_${tag}.rpt"
# report_timing_summary -delay_type min_max -max_paths 80 -nworst 10 -file $timing_summary
INFO: [Timing 38-91] UpdateTimingParams: Speed grade: -2, Delay Type: min_max.
INFO: [Timing 38-191] Multithreading enabled for timing update using a maximum of 8 CPUs
# report_timing -delay_type max -sort_by group -max_paths 20 -nworst 5 \
#     -path_type full_clock_expanded \
#     -file "$report_dir/top_timing_max_clk2_${tag}.rpt"
INFO: [Timing 38-91] UpdateTimingParams: Speed grade: -2, Delay Type: max.
INFO: [Timing 38-191] Multithreading enabled for timing update using a maximum of 8 CPUs
INFO: [Timing 38-78] ReportTimingParams: -max_paths 20 -nworst 5 -delay_type max -sort_by group.
# report_timing -delay_type min -sort_by group -max_paths 20 -nworst 5 \
#     -path_type full_clock_expanded \
#     -file "$report_dir/top_timing_min_clk2_${tag}.rpt"
INFO: [Timing 38-91] UpdateTimingParams: Speed grade: -2, Delay Type: min.
INFO: [Timing 38-191] Multithreading enabled for timing update using a maximum of 8 CPUs
INFO: [Timing 38-78] ReportTimingParams: -max_paths 20 -nworst 5 -delay_type min -sort_by group.
# report_route_status -file "$report_dir/top_route_status_clk2_${tag}.rpt"
# set setup_paths [get_timing_paths -delay_type max -max_paths 1]
# if {[llength $setup_paths] > 0} {
#     set wns [get_property SLACK [lindex $setup_paths 0]]
# } else {
#     set wns "NA"
# }
# set hold_paths [get_timing_paths -delay_type min -max_paths 1]
# if {[llength $hold_paths] > 0} {
#     set whs [get_property SLACK [lindex $hold_paths 0]]
# } else {
#     set whs "NA"
# }
# set period_ns "NA"
# set actual_mhz "NA"
# set clk2 [get_clocks clk_out2_pll]
# if {[llength $clk2] > 0} {
#     set period_ns [get_property PERIOD [lindex $clk2 0]]
#     set actual_mhz [format "%.6f" [expr {1000.0 / $period_ns}]]
# }
# set timing_met 0
# if {$wns ne "NA" && $whs ne "NA"} {
#     if {[expr {$wns >= 0.0}] && [expr {$whs >= 0.0}]} {
#         set timing_met 1
#     }
# }
# puts "CLK2_RESULT freq_mhz=$freq_mhz actual_mhz=$actual_mhz period_ns=$period_ns status=\"$impl_status\" wns=$wns whs=$whs timing_met=$timing_met report=$timing_summary"
CLK2_RESULT freq_mhz=220 actual_mhz=220.022002 period_ns=4.545 status="route_design Complete!" wns=0.017 whs=0.079 timing_met=1 report=C:/Users/hp/Downloads/digital_twin/digital_twin.srcs/sources_1/vivado_clk2_sweep/top_timing_summary_clk2_220.rpt
# close_project
# exit 0
INFO: [Common 17-206] Exiting Vivado at Tue Jun  2 22:44:54 2026...
