ECHO 处于关闭状态。
ECHO 处于关闭状态。

****** Vivado v2023.2 (64-bit)
  **** SW Build 4029153 on Fri Oct 13 20:14:34 MDT 2023
  **** IP Build 4028589 on Sat Oct 14 00:45:43 MDT 2023
  **** SharedData Build 4025554 on Tue Oct 10 17:18:54 MDT 2023
    ** Copyright 1986-2022 Xilinx, Inc. All Rights Reserved.
    ** Copyright 2022-2023 Advanced Micro Devices, Inc. All Rights Reserved.

source {C:\Users\hp\Downloads\digital_twin\digital_twin.srcs\sources_1\new\run_impl_clk2.tcl}
# set project_path "C:/Users/hp/Downloads/digital_twin/digital_twin.xpr"
# set freq_mhz "210"
# if {[llength $argv] >= 1} {
#     set project_path [lindex $argv 0]
# }
# if {[llength $argv] >= 2} {
#     set freq_mhz [lindex $argv 1]
# }
# set tag [string map {. p} $freq_mhz]
# set report_dir "C:/Users/hp/Downloads/digital_twin/digital_twin.srcs/sources_1/vivado_clk2_sweep"
# file mkdir $report_dir
# open_project $project_path
Scanning sources...
Finished scanning sources
INFO: [IP_Flow 19-234] Refreshing IP repositories
INFO: [IP_Flow 19-1704] No user IP repositories specified
INFO: [IP_Flow 19-2313] Loaded Vivado IP repository 'E:/Vivado/Vivado/2023.2/data/ip'.
open_project: Time (s): cpu = 00:00:06 ; elapsed = 00:00:06 . Memory (MB): peak = 481.969 ; gain = 202.305
# set_param general.maxThreads 8
# set pll_ips [get_ips pll]
# if {[llength $pll_ips] != 1} {
#     puts "CLK2_ERROR expected one pll IP, got [llength $pll_ips]"
#     close_project
#     exit 3
# }
# set pll_ip [lindex $pll_ips 0]
# puts "CLK2_SET freq_mhz=$freq_mhz ip=$pll_ip"
CLK2_SET freq_mhz=224 ip=pll
# set_property -dict [list CONFIG.CLKOUT2_REQUESTED_OUT_FREQ $freq_mhz] $pll_ip
INFO: [Device 21-403] Loading part xc7k325tffg900-2
# generate_target all $pll_ip
INFO: [IP_Flow 19-1686] Generating 'Instantiation Template' target for IP 'pll'...
INFO: [IP_Flow 19-1686] Generating 'Synthesis' target for IP 'pll'...
INFO: [IP_Flow 19-1686] Generating 'Simulation' target for IP 'pll'...
INFO: [IP_Flow 19-1686] Generating 'Implementation' target for IP 'pll'...
INFO: [IP_Flow 19-1686] Generating 'Change Log' target for IP 'pll'...
# export_ip_user_files -of_objects $pll_ip -no_script -sync -force
# update_compile_order -fileset sources_1
# set pll_synth_run [get_runs pll_synth_1]
# if {[llength $pll_synth_run] > 0} {
#     reset_run pll_synth_1
#     launch_runs pll_synth_1 -jobs 8
#     wait_on_run pll_synth_1
#     set pll_status [get_property STATUS [get_runs pll_synth_1]]
#     puts "CLK2_PLL_STATUS freq_mhz=$freq_mhz status=\"$pll_status\""
# }
INFO: [IP_Flow 19-6924] IPCACHE: Running cache check for IP inst: pll
INFO: [IP_Flow 19-6922] IPCACHE: Exporting cached entry 914efc62931f6c03 to dir: c:/Users/hp/Downloads/digital_twin/digital_twin.gen/sources_1/ip/pll
INFO: [IP_Flow 19-6928] IPCACHE: copied cached file c:/Users/hp/Downloads/digital_twin/digital_twin.cache/ip/2023.2/9/1/914efc62931f6c03/pll.dcp to c:/Users/hp/Downloads/digital_twin/digital_twin.gen/sources_1/ip/pll/pll.dcp.
INFO: [IP_Flow 19-6926] IPCACHE: added file to list for BOM: c:/Users/hp/Downloads/digital_twin/digital_twin.gen/sources_1/ip/pll/pll.dcp
INFO: [IP_Flow 19-6928] IPCACHE: copied cached file c:/Users/hp/Downloads/digital_twin/digital_twin.cache/ip/2023.2/9/1/914efc62931f6c03/pll_sim_netlist.v to c:/Users/hp/Downloads/digital_twin/digital_twin.gen/sources_1/ip/pll/pll_sim_netlist.v.
INFO: [IP_Flow 19-6926] IPCACHE: added file to list for BOM: c:/Users/hp/Downloads/digital_twin/digital_twin.gen/sources_1/ip/pll/pll_sim_netlist.v
INFO: [IP_Flow 19-6928] IPCACHE: copied cached file c:/Users/hp/Downloads/digital_twin/digital_twin.cache/ip/2023.2/9/1/914efc62931f6c03/pll_sim_netlist.vhdl to c:/Users/hp/Downloads/digital_twin/digital_twin.gen/sources_1/ip/pll/pll_sim_netlist.vhdl.
INFO: [IP_Flow 19-6926] IPCACHE: added file to list for BOM: c:/Users/hp/Downloads/digital_twin/digital_twin.gen/sources_1/ip/pll/pll_sim_netlist.vhdl
INFO: [IP_Flow 19-6928] IPCACHE: copied cached file c:/Users/hp/Downloads/digital_twin/digital_twin.cache/ip/2023.2/9/1/914efc62931f6c03/pll_stub.v to c:/Users/hp/Downloads/digital_twin/digital_twin.gen/sources_1/ip/pll/pll_stub.v.
INFO: [IP_Flow 19-6926] IPCACHE: added file to list for BOM: c:/Users/hp/Downloads/digital_twin/digital_twin.gen/sources_1/ip/pll/pll_stub.v
INFO: [IP_Flow 19-6928] IPCACHE: copied cached file c:/Users/hp/Downloads/digital_twin/digital_twin.cache/ip/2023.2/9/1/914efc62931f6c03/pll_stub.vhdl to c:/Users/hp/Downloads/digital_twin/digital_twin.gen/sources_1/ip/pll/pll_stub.vhdl.
INFO: [IP_Flow 19-6926] IPCACHE: added file to list for BOM: c:/Users/hp/Downloads/digital_twin/digital_twin.gen/sources_1/ip/pll/pll_stub.vhdl
INFO: [IP_Flow 19-4993] Using cached IP synthesis design for IP pll, cache-ID = 914efc62931f6c03; cache size = 143.762 MB.
INFO: [Vivado 12-4149] The synthesis checkpoint for IP 'C:/Users/hp/Downloads/digital_twin/digital_twin.srcs/sources_1/ip/pll_1/pll.xci' is already up-to-date
[Wed Jun  3 19:00:58 2026] Launched pll_synth_1...
Run output will be captured here: C:/Users/hp/Downloads/digital_twin/digital_twin.runs/pll_synth_1/runme.log
[Wed Jun  3 19:00:58 2026] Waiting for pll_synth_1 to finish...

ECHO 处于关闭状态。
ECHO 处于关闭状态。

*** Running vivado
    with args -log pll.vds -m64 -product Vivado -mode batch -messageDb vivado.pb -notrace -source pll.tcl


ECHO 处于关闭状态。
ECHO 处于关闭状态。

****** Vivado v2023.2 (64-bit)
  **** SW Build 4029153 on Fri Oct 13 20:14:34 MDT 2023
  **** IP Build 4028589 on Sat Oct 14 00:45:43 MDT 2023
  **** SharedData Build 4025554 on Tue Oct 10 17:18:54 MDT 2023
    ** Copyright 1986-2022 Xilinx, Inc. All Rights Reserved.
    ** Copyright 2022-2023 Advanced Micro Devices, Inc. All Rights Reserved.

source pll.tcl -notrace
create_project: Time (s): cpu = 00:00:06 ; elapsed = 00:00:06 . Memory (MB): peak = 463.371 ; gain = 183.613
INFO: [IP_Flow 19-6924] IPCACHE: Running cache check for IP inst: pll
INFO: [IP_Flow 19-6922] IPCACHE: Exporting cached entry 914efc62931f6c03 to dir: C:/Users/hp/Downloads/digital_twin/digital_twin.runs/pll_synth_1
INFO: [IP_Flow 19-6928] IPCACHE: copied cached file c:/Users/hp/Downloads/digital_twin/digital_twin.cache/ip/2023.2/9/1/914efc62931f6c03/pll.dcp to C:/Users/hp/Downloads/digital_twin/digital_twin.runs/pll_synth_1/pll.dcp.
INFO: [IP_Flow 19-6928] IPCACHE: copied cached file c:/Users/hp/Downloads/digital_twin/digital_twin.cache/ip/2023.2/9/1/914efc62931f6c03/pll_sim_netlist.v to C:/Users/hp/Downloads/digital_twin/digital_twin.runs/pll_synth_1/pll_sim_netlist.v.
INFO: [IP_Flow 19-6928] IPCACHE: copied cached file c:/Users/hp/Downloads/digital_twin/digital_twin.cache/ip/2023.2/9/1/914efc62931f6c03/pll_sim_netlist.vhdl to C:/Users/hp/Downloads/digital_twin/digital_twin.runs/pll_synth_1/pll_sim_netlist.vhdl.
INFO: [IP_Flow 19-6928] IPCACHE: copied cached file c:/Users/hp/Downloads/digital_twin/digital_twin.cache/ip/2023.2/9/1/914efc62931f6c03/pll_stub.v to C:/Users/hp/Downloads/digital_twin/digital_twin.runs/pll_synth_1/pll_stub.v.
INFO: [IP_Flow 19-6928] IPCACHE: copied cached file c:/Users/hp/Downloads/digital_twin/digital_twin.cache/ip/2023.2/9/1/914efc62931f6c03/pll_stub.vhdl to C:/Users/hp/Downloads/digital_twin/digital_twin.runs/pll_synth_1/pll_stub.vhdl.
INFO: [IP_Flow 19-4838] Using cached IP synthesis design for IP pll, cache-ID = 914efc62931f6c03.
INFO: [Common 17-206] Exiting Vivado at Wed Jun  3 19:01:08 2026...
[Wed Jun  3 19:01:09 2026] pll_synth_1 finished
wait_on_runs: Time (s): cpu = 00:00:00 ; elapsed = 00:00:10 . Memory (MB): peak = 973.000 ; gain = 0.000
CLK2_PLL_STATUS freq_mhz=224 status="Using cached IP results"
# reset_run synth_1
# reset_run impl_1
# launch_runs impl_1 -to_step route_design -jobs 8
[Wed Jun  3 19:01:10 2026] Launched synth_1...
Run output will be captured here: C:/Users/hp/Downloads/digital_twin/digital_twin.runs/synth_1/runme.log
[Wed Jun  3 19:01:10 2026] Launched impl_1...
Run output will be captured here: C:/Users/hp/Downloads/digital_twin/digital_twin.runs/impl_1/runme.log
# wait_on_run impl_1
[Wed Jun  3 19:01:10 2026] Waiting for impl_1 to finish...

ECHO 处于关闭状态。
ECHO 处于关闭状态。

*** Running vivado
    with args -log top.vdi -applog -m64 -product Vivado -messageDb vivado.pb -mode batch -source top.tcl -notrace


ECHO 处于关闭状态。
ECHO 处于关闭状态。

****** Vivado v2023.2 (64-bit)
  **** SW Build 4029153 on Fri Oct 13 20:14:34 MDT 2023
  **** IP Build 4028589 on Sat Oct 14 00:45:43 MDT 2023
  **** SharedData Build 4025554 on Tue Oct 10 17:18:54 MDT 2023
    ** Copyright 1986-2022 Xilinx, Inc. All Rights Reserved.
    ** Copyright 2022-2023 Advanced Micro Devices, Inc. All Rights Reserved.

source top.tcl -notrace
create_project: Time (s): cpu = 00:00:05 ; elapsed = 00:00:06 . Memory (MB): peak = 462.938 ; gain = 183.750
Command: link_design -top top -part xc7k325tffg900-2
Design is defaulting to srcset: sources_1
Design is defaulting to constrset: constrs_1
INFO: [Device 21-403] Loading part xc7k325tffg900-2
INFO: [Project 1-454] Reading design checkpoint 'c:/Users/hp/Downloads/digital_twin/digital_twin.gen/sources_1/ip/pll/pll.dcp' for cell 'pll_inst'
INFO: [Project 1-454] Reading design checkpoint 'c:/Users/hp/Downloads/digital_twin/digital_twin.gen/sources_1/ip/Mem_IROM_2/Mem_IROM.dcp' for cell 'student_top_inst/Mem_IROM'
INFO: [Project 1-454] Reading design checkpoint 'c:/Users/hp/Downloads/digital_twin/digital_twin.gen/sources_1/ip/Mem_RAM/Mem_RAM.dcp' for cell 'student_top_inst/bridge_inst/dram_driver_inst/Mem_DRAM'
Netlist sorting complete. Time (s): cpu = 00:00:01 ; elapsed = 00:00:00.275 . Memory (MB): peak = 968.559 ; gain = 0.000
INFO: [Netlist 29-17] Analyzing 518 Unisim elements for replacement
INFO: [Netlist 29-28] Unisim Transformation completed in 0 CPU seconds
INFO: [Project 1-479] Netlist was created with Vivado 2023.2
INFO: [Project 1-570] Preparing netlist for logic optimization
Parsing XDC File [c:/Users/hp/Downloads/digital_twin/digital_twin.gen/sources_1/ip/pll/pll_board.xdc] for cell 'pll_inst/inst'
Finished Parsing XDC File [c:/Users/hp/Downloads/digital_twin/digital_twin.gen/sources_1/ip/pll/pll_board.xdc] for cell 'pll_inst/inst'
Parsing XDC File [c:/Users/hp/Downloads/digital_twin/digital_twin.gen/sources_1/ip/pll/pll.xdc] for cell 'pll_inst/inst'
INFO: [Timing 38-35] Done setting XDC timing constraints. [c:/Users/hp/Downloads/digital_twin/digital_twin.gen/sources_1/ip/pll/pll.xdc:54]
INFO: [Timing 38-2] Deriving generated clocks [c:/Users/hp/Downloads/digital_twin/digital_twin.gen/sources_1/ip/pll/pll.xdc:54]
get_clocks: Time (s): cpu = 00:00:15 ; elapsed = 00:00:17 . Memory (MB): peak = 1707.016 ; gain = 605.648
Finished Parsing XDC File [c:/Users/hp/Downloads/digital_twin/digital_twin.gen/sources_1/ip/pll/pll.xdc] for cell 'pll_inst/inst'
Parsing XDC File [C:/Users/hp/Downloads/digital_twin/digital_twin.srcs/constrs_1/new/digital_twin.xdc]
Finished Parsing XDC File [C:/Users/hp/Downloads/digital_twin/digital_twin.srcs/constrs_1/new/digital_twin.xdc]
INFO: [Opt 31-138] Pushed 0 inverter(s) to 0 load pin(s).
Netlist sorting complete. Time (s): cpu = 00:00:00 ; elapsed = 00:00:00.007 . Memory (MB): peak = 1707.016 ; gain = 0.000
INFO: [Project 1-111] Unisim Transformation Summary:
  A total of 33 instances were transformed.
  RAM128X1D => RAM128X1D (MUXF7(x2), RAMD64E(x4)): 12 instances
  RAM32M => RAM32M (RAMD32(x6), RAMS32(x2)): 15 instances
  RAM32X1D => RAM32X1D (RAMD32(x2)): 6 instances

系统找不到指定的路径。
12 Infos, 0 Warnings, 0 Critical Warnings and 0 Errors encountered.
link_design completed successfully
link_design: Time (s): cpu = 00:00:29 ; elapsed = 00:00:34 . Memory (MB): peak = 1707.016 ; gain = 1228.195
Command: opt_design
Attempting to get a license for feature 'Implementation' and/or device 'xc7k325t'
INFO: [Common 17-349] Got license for feature 'Implementation' and/or device 'xc7k325t'
Running DRC as a precondition to command opt_design

Starting DRC Task
INFO: [DRC 23-27] Running DRC with 8 threads
INFO: [Project 1-461] DRC finished with 0 Errors
INFO: [Project 1-462] Please refer to the DRC report (report_drc) for more information.

Time (s): cpu = 00:00:03 ; elapsed = 00:00:02 . Memory (MB): peak = 1707.016 ; gain = 0.000

Starting Cache Timing Information Task
INFO: [Timing 38-35] Done setting XDC timing constraints.
Ending Cache Timing Information Task | Checksum: f764e9e0

Time (s): cpu = 00:00:01 ; elapsed = 00:00:00.573 . Memory (MB): peak = 1727.348 ; gain = 20.332

Starting Logic Optimization Task

Phase 1 Initialization

Phase 1.1 Core Generation And Design Setup
Phase 1.1 Core Generation And Design Setup | Checksum: f764e9e0

Time (s): cpu = 00:00:00 ; elapsed = 00:00:00.004 . Memory (MB): peak = 2083.121 ; gain = 0.000

Phase 1.2 Setup Constraints And Sort Netlist
Phase 1.2 Setup Constraints And Sort Netlist | Checksum: f764e9e0

Time (s): cpu = 00:00:00 ; elapsed = 00:00:00.013 . Memory (MB): peak = 2083.121 ; gain = 0.000
Phase 1 Initialization | Checksum: f764e9e0

Time (s): cpu = 00:00:00 ; elapsed = 00:00:00.015 . Memory (MB): peak = 2083.121 ; gain = 0.000

Phase 2 Timer Update And Timing Data Collection

Phase 2.1 Timer Update
Phase 2.1 Timer Update | Checksum: f764e9e0

Time (s): cpu = 00:00:00 ; elapsed = 00:00:00.204 . Memory (MB): peak = 2083.121 ; gain = 0.000

Phase 2.2 Timing Data Collection
Phase 2.2 Timing Data Collection | Checksum: f764e9e0

Time (s): cpu = 00:00:00 ; elapsed = 00:00:00.233 . Memory (MB): peak = 2083.121 ; gain = 0.000
Phase 2 Timer Update And Timing Data Collection | Checksum: f764e9e0

Time (s): cpu = 00:00:00 ; elapsed = 00:00:00.235 . Memory (MB): peak = 2083.121 ; gain = 0.000

Phase 3 Retarget
INFO: [Opt 31-1566] Pulled 1 inverters resulting in an inversion of 8 pins
INFO: [Opt 31-138] Pushed 12 inverter(s) to 46 load pin(s).
INFO: [Opt 31-49] Retargeted 0 cell(s).
Phase 3 Retarget | Checksum: d1919662

Time (s): cpu = 00:00:01 ; elapsed = 00:00:00.730 . Memory (MB): peak = 2083.121 ; gain = 0.000
Retarget | Checksum: d1919662
INFO: [Opt 31-389] Phase Retarget created 0 cells and removed 473 cells
INFO: [Opt 31-1021] In phase Retarget, 1 netlist objects are constrained preventing optimization. Please run opt_design with -debug_log to get more detail. 

Phase 4 Constant propagation
INFO: [Opt 31-138] Pushed 0 inverter(s) to 0 load pin(s).
Phase 4 Constant propagation | Checksum: 13ab9d82f

Time (s): cpu = 00:00:01 ; elapsed = 00:00:00.905 . Memory (MB): peak = 2083.121 ; gain = 0.000
Constant propagation | Checksum: 13ab9d82f
INFO: [Opt 31-389] Phase Constant propagation created 38 cells and removed 43 cells

Phase 5 Sweep
Phase 5 Sweep | Checksum: 128f4296f

Time (s): cpu = 00:00:01 ; elapsed = 00:00:01 . Memory (MB): peak = 2083.121 ; gain = 0.000
Sweep | Checksum: 128f4296f
INFO: [Opt 31-389] Phase Sweep created 68 cells and removed 355 cells

Phase 6 BUFG optimization
Phase 6 BUFG optimization | Checksum: 128f4296f

Time (s): cpu = 00:00:02 ; elapsed = 00:00:01 . Memory (MB): peak = 2083.121 ; gain = 0.000
BUFG optimization | Checksum: 128f4296f
INFO: [Opt 31-662] Phase BUFG optimization created 0 cells of which 0 are BUFGs and removed 0 cells.

Phase 7 Shift Register Optimization
INFO: [Opt 31-1064] SRL Remap converted 0 SRLs to 0 registers and converted 0 registers of register chains to 0 SRLs
Phase 7 Shift Register Optimization | Checksum: 128f4296f

Time (s): cpu = 00:00:02 ; elapsed = 00:00:01 . Memory (MB): peak = 2083.121 ; gain = 0.000
Shift Register Optimization | Checksum: 128f4296f
INFO: [Opt 31-389] Phase Shift Register Optimization created 0 cells and removed 0 cells

Phase 8 Post Processing Netlist
Phase 8 Post Processing Netlist | Checksum: 128f4296f

Time (s): cpu = 00:00:02 ; elapsed = 00:00:02 . Memory (MB): peak = 2083.121 ; gain = 0.000
Post Processing Netlist | Checksum: 128f4296f
INFO: [Opt 31-389] Phase Post Processing Netlist created 0 cells and removed 0 cells

Phase 9 Finalization

Phase 9.1 Finalizing Design Cores and Updating Shapes
Phase 9.1 Finalizing Design Cores and Updating Shapes | Checksum: 77de01ab

Time (s): cpu = 00:00:02 ; elapsed = 00:00:02 . Memory (MB): peak = 2083.121 ; gain = 0.000

Phase 9.2 Verifying Netlist Connectivity

Starting Connectivity Check Task

Time (s): cpu = 00:00:00 ; elapsed = 00:00:00.021 . Memory (MB): peak = 2083.121 ; gain = 0.000
Phase 9.2 Verifying Netlist Connectivity | Checksum: 77de01ab

Time (s): cpu = 00:00:02 ; elapsed = 00:00:02 . Memory (MB): peak = 2083.121 ; gain = 0.000
Phase 9 Finalization | Checksum: 77de01ab

Time (s): cpu = 00:00:02 ; elapsed = 00:00:02 . Memory (MB): peak = 2083.121 ; gain = 0.000
Opt_design Change Summary
=========================


-------------------------------------------------------------------------------------------------------------------------
|  Phase                        |  #Cells created  |  #Cells Removed  |  #Constrained objects preventing optimizations  |
-------------------------------------------------------------------------------------------------------------------------
|  Retarget                     |               0  |             473  |                                              1  |
|  Constant propagation         |              38  |              43  |                                              0  |
|  Sweep                        |              68  |             355  |                                              0  |
|  BUFG optimization            |               0  |               0  |                                              0  |
|  Shift Register Optimization  |               0  |               0  |                                              0  |
|  Post Processing Netlist      |               0  |               0  |                                              0  |
-------------------------------------------------------------------------------------------------------------------------


Ending Logic Optimization Task | Checksum: 77de01ab

Time (s): cpu = 00:00:02 ; elapsed = 00:00:02 . Memory (MB): peak = 2083.121 ; gain = 0.000
INFO: [Constraints 18-11670] Building netlist checker database with flags, 0x8
Done building netlist checker database: Time (s): cpu = 00:00:00 ; elapsed = 00:00:00.006 . Memory (MB): peak = 2083.121 ; gain = 0.000

Starting Power Optimization Task
INFO: [Pwropt 34-132] Skipping clock gating for clocks with a period < 2.00 ns.
INFO: [Timing 38-35] Done setting XDC timing constraints.
Running Vector-less Activity Propagation...

Finished Running Vector-less Activity Propagation
INFO: [Pwropt 34-9] Applying IDT optimizations ...
INFO: [Pwropt 34-10] Applying ODC optimizations ...


Starting PowerOpt Patch Enables Task
INFO: [Pwropt 34-162] WRITE_MODE attribute of 64 BRAM(s) out of a total of 68 has been updated to save power. Run report_power_opt to get a complete listing of the BRAMs updated.
INFO: [Pwropt 34-201] Structural ODC has moved 0 WE to EN ports
Number of BRAM Ports augmented: 64 newly gated: 0 Total Ports: 136
Ending PowerOpt Patch Enables Task | Checksum: c3dc2d14

Time (s): cpu = 00:00:01 ; elapsed = 00:00:00.671 . Memory (MB): peak = 2259.238 ; gain = 0.000
Ending Power Optimization Task | Checksum: c3dc2d14

Time (s): cpu = 00:00:14 ; elapsed = 00:00:11 . Memory (MB): peak = 2259.238 ; gain = 176.117

Starting Final Cleanup Task

Starting Logic Optimization Task
INFO: [Timing 38-35] Done setting XDC timing constraints.
Ending Logic Optimization Task | Checksum: 12ad8d63f

Time (s): cpu = 00:00:01 ; elapsed = 00:00:01 . Memory (MB): peak = 2259.238 ; gain = 0.000
INFO: [Constraints 18-11670] Building netlist checker database with flags, 0x8
Done building netlist checker database: Time (s): cpu = 00:00:00 ; elapsed = 00:00:00.006 . Memory (MB): peak = 2259.238 ; gain = 0.000
Ending Final Cleanup Task | Checksum: 12ad8d63f

Time (s): cpu = 00:00:06 ; elapsed = 00:00:07 . Memory (MB): peak = 2259.238 ; gain = 0.000

Starting Netlist Obfuscation Task
Netlist sorting complete. Time (s): cpu = 00:00:00 ; elapsed = 00:00:00.005 . Memory (MB): peak = 2259.238 ; gain = 0.000
Ending Netlist Obfuscation Task | Checksum: 12ad8d63f

Time (s): cpu = 00:00:00 ; elapsed = 00:00:00.007 . Memory (MB): peak = 2259.238 ; gain = 0.000
INFO: [Common 17-83] Releasing license: Implementation
39 Infos, 0 Warnings, 0 Critical Warnings and 0 Errors encountered.
opt_design completed successfully
opt_design: Time (s): cpu = 00:00:31 ; elapsed = 00:00:28 . Memory (MB): peak = 2259.238 ; gain = 552.223
INFO: [runtcl-4] Executing : report_drc -file top_drc_opted.rpt -pb top_drc_opted.pb -rpx top_drc_opted.rpx
Command: report_drc -file top_drc_opted.rpt -pb top_drc_opted.pb -rpx top_drc_opted.rpx
INFO: [IP_Flow 19-1839] IP Catalog is up to date.
INFO: [DRC 23-27] Running DRC with 8 threads
INFO: [Vivado_Tcl 2-168] The results of DRC are in file C:/Users/hp/Downloads/digital_twin/digital_twin.runs/impl_1/top_drc_opted.rpt.
report_drc completed successfully
INFO: [Timing 38-35] Done setting XDC timing constraints.
INFO: [Timing 38-480] Writing timing data to binary archive.
Wrote PlaceDB: Time (s): cpu = 00:00:00 ; elapsed = 00:00:00.013 . Memory (MB): peak = 2259.238 ; gain = 0.000
Write ShapeDB Complete: Time (s): cpu = 00:00:00 ; elapsed = 00:00:00.023 . Memory (MB): peak = 2259.238 ; gain = 0.000
Wrote PulsedLatchDB: Time (s): cpu = 00:00:00 ; elapsed = 00:00:00 . Memory (MB): peak = 2259.238 ; gain = 0.000
Writing XDEF routing.
Writing XDEF routing logical nets.
Writing XDEF routing special nets.
Wrote RouteStorage: Time (s): cpu = 00:00:00 ; elapsed = 00:00:00.034 . Memory (MB): peak = 2259.238 ; gain = 0.000
Wrote Netlist Cache: Time (s): cpu = 00:00:00 ; elapsed = 00:00:00.001 . Memory (MB): peak = 2259.238 ; gain = 0.000
Wrote Device Cache: Time (s): cpu = 00:00:00 ; elapsed = 00:00:00.009 . Memory (MB): peak = 2259.238 ; gain = 0.000
Write Physdb Complete: Time (s): cpu = 00:00:00 ; elapsed = 00:00:00.071 . Memory (MB): peak = 2259.238 ; gain = 0.000
INFO: [Common 17-1381] The checkpoint 'C:/Users/hp/Downloads/digital_twin/digital_twin.runs/impl_1/top_opt.dcp' has been generated.
Command: place_design -directive ExtraNetDelay_high
Attempting to get a license for feature 'Implementation' and/or device 'xc7k325t'
INFO: [Common 17-349] Got license for feature 'Implementation' and/or device 'xc7k325t'
INFO: [Common 17-83] Releasing license: Implementation
INFO: [DRC 23-27] Running DRC with 8 threads
INFO: [Vivado_Tcl 4-198] DRC finished with 0 Errors
INFO: [Vivado_Tcl 4-199] Please refer to the DRC report (report_drc) for more information.
Running DRC as a precondition to command place_design
INFO: [DRC 23-27] Running DRC with 8 threads
INFO: [Vivado_Tcl 4-198] DRC finished with 0 Errors
INFO: [Vivado_Tcl 4-199] Please refer to the DRC report (report_drc) for more information.
INFO: [Place 46-5] The placer was invoked with the 'ExtraNetDelay_high' directive.
INFO: [Place 30-611] Multithreading enabled for place_design using a maximum of 8 CPUs

Starting Placer Task

Phase 1 Placer Initialization

Phase 1.1 Placer Initialization Netlist Sorting
Netlist sorting complete. Time (s): cpu = 00:00:00 ; elapsed = 00:00:00.006 . Memory (MB): peak = 2259.238 ; gain = 0.000
Phase 1.1 Placer Initialization Netlist Sorting | Checksum: 108044b22

Time (s): cpu = 00:00:00 ; elapsed = 00:00:00.012 . Memory (MB): peak = 2259.238 ; gain = 0.000
Netlist sorting complete. Time (s): cpu = 00:00:00 ; elapsed = 00:00:00.006 . Memory (MB): peak = 2259.238 ; gain = 0.000

Phase 1.2 IO Placement/ Clock Placement/ Build Placer Device
Phase 1.2 IO Placement/ Clock Placement/ Build Placer Device | Checksum: ef9f4769

Time (s): cpu = 00:00:01 ; elapsed = 00:00:00.827 . Memory (MB): peak = 2259.238 ; gain = 0.000

Phase 1.3 Build Placer Netlist Model
Phase 1.3 Build Placer Netlist Model | Checksum: 1acae30cd

Time (s): cpu = 00:00:05 ; elapsed = 00:00:04 . Memory (MB): peak = 2259.238 ; gain = 0.000

Phase 1.4 Constrain Clocks/Macros
Phase 1.4 Constrain Clocks/Macros | Checksum: 1acae30cd

Time (s): cpu = 00:00:05 ; elapsed = 00:00:04 . Memory (MB): peak = 2259.238 ; gain = 0.000
Phase 1 Placer Initialization | Checksum: 1acae30cd

Time (s): cpu = 00:00:05 ; elapsed = 00:00:04 . Memory (MB): peak = 2259.238 ; gain = 0.000

Phase 2 Global Placement

Phase 2.1 Floorplanning
Phase 2.1 Floorplanning | Checksum: 14021bcd8

Time (s): cpu = 00:00:06 ; elapsed = 00:00:05 . Memory (MB): peak = 2259.238 ; gain = 0.000

Phase 2.2 Update Timing before SLR Path Opt
Phase 2.2 Update Timing before SLR Path Opt | Checksum: 16f36f535

Time (s): cpu = 00:00:07 ; elapsed = 00:00:06 . Memory (MB): peak = 2259.238 ; gain = 0.000

Phase 2.3 Post-Processing in Floorplanning
Phase 2.3 Post-Processing in Floorplanning | Checksum: 16f36f535

Time (s): cpu = 00:00:07 ; elapsed = 00:00:06 . Memory (MB): peak = 2259.238 ; gain = 0.000

Phase 2.4 Global Placement Core

Phase 2.4.1 UpdateTiming Before Physical Synthesis
Phase 2.4.1 UpdateTiming Before Physical Synthesis | Checksum: 20bd82db6

Time (s): cpu = 00:00:50 ; elapsed = 00:00:36 . Memory (MB): peak = 2259.238 ; gain = 0.000

Phase 2.4.2 Physical Synthesis In Placer
INFO: [Physopt 32-1035] Found 63 LUTNM shape to break, 506 LUT instances to create LUTNM shape
INFO: [Physopt 32-1044] Break lutnm for timing: one critical 24, two critical 39, total 63, new lutff created 1
INFO: [Physopt 32-1138] End 1 Pass. Optimized 292 nets or LUTs. Breaked 63 LUTs, combined 229 existing LUTs and moved 0 existing LUT
INFO: [Physopt 32-65] No nets found for high-fanout optimization.
INFO: [Physopt 32-232] Optimized 0 net. Created 0 new instance.
INFO: [Physopt 32-775] End 1 Pass. Optimized 0 net or cell. Created 0 new cell, deleted 0 existing cell and moved 0 existing cell
INFO: [Physopt 32-76] Pass 1. Identified 2 candidate nets for fanout optimization.
INFO: [Physopt 32-232] Optimized 0 net. Created 0 new instance.
INFO: [Physopt 32-775] End 1 Pass. Optimized 0 net or cell. Created 0 new cell, deleted 0 existing cell and moved 0 existing cell
Netlist sorting complete. Time (s): cpu = 00:00:00 ; elapsed = 00:00:00.012 . Memory (MB): peak = 2259.238 ; gain = 0.000
INFO: [Physopt 32-456] No candidate cells for DSP register optimization found in the design.
INFO: [Physopt 32-775] End 2 Pass. Optimized 0 net or cell. Created 0 new cell, deleted 0 existing cell and moved 0 existing cell
INFO: [Physopt 32-1123] No candidate cells found for Shift Register to Pipeline optimization
INFO: [Physopt 32-775] End 2 Pass. Optimized 0 net or cell. Created 0 new cell, deleted 0 existing cell and moved 0 existing cell
INFO: [Physopt 32-1401] No candidate cells found for Shift Register optimization.
INFO: [Physopt 32-677] No candidate cells for Shift Register optimization found in the design
INFO: [Physopt 32-775] End 1 Pass. Optimized 0 net or cell. Created 0 new cell, deleted 0 existing cell and moved 0 existing cell
INFO: [Physopt 32-526] No candidate cells for BRAM register optimization found in the design
INFO: [Physopt 32-775] End 1 Pass. Optimized 0 net or cell. Created 0 new cell, deleted 0 existing cell and moved 0 existing cell
INFO: [Physopt 32-846] No candidate cells for URAM register optimization found in the design
INFO: [Physopt 32-775] End 1 Pass. Optimized 0 net or cell. Created 0 new cell, deleted 0 existing cell and moved 0 existing cell
INFO: [Physopt 32-846] No candidate cells for URAM register optimization found in the design
INFO: [Physopt 32-775] End 1 Pass. Optimized 0 net or cell. Created 0 new cell, deleted 0 existing cell and moved 0 existing cell
INFO: [Physopt 32-949] No candidate nets found for dynamic/static region interface net replication
INFO: [Physopt 32-775] End 1 Pass. Optimized 0 net or cell. Created 0 new cell, deleted 0 existing cell and moved 0 existing cell
Netlist sorting complete. Time (s): cpu = 00:00:00 ; elapsed = 00:00:00.003 . Memory (MB): peak = 2259.238 ; gain = 0.000

Summary of Physical Synthesis Optimizations
============================================


-----------------------------------------------------------------------------------------------------------------------------------------------------------
|  Optimization                                     |  Added Cells  |  Removed Cells  |  Optimized Cells/Nets  |  Dont Touch  |  Iterations  |  Elapsed   |
-----------------------------------------------------------------------------------------------------------------------------------------------------------
|  LUT Combining                                    |           63  |            229  |                   292  |           0  |           1  |  00:00:00  |
|  Retime                                           |            0  |              0  |                     0  |           0  |           1  |  00:00:00  |
|  Very High Fanout                                 |            0  |              0  |                     0  |           0  |           1  |  00:00:00  |
|  Fanout                                           |            0  |              0  |                     0  |           0  |           1  |  00:00:00  |
|  DSP Register                                     |            0  |              0  |                     0  |           0  |           1  |  00:00:00  |
|  Shift Register to Pipeline                       |            0  |              0  |                     0  |           0  |           1  |  00:00:00  |
|  Shift Register                                   |            0  |              0  |                     0  |           0  |           1  |  00:00:00  |
|  BRAM Register                                    |            0  |              0  |                     0  |           0  |           1  |  00:00:00  |
|  URAM Register                                    |            0  |              0  |                     0  |           0  |           1  |  00:00:00  |
|  Dynamic/Static Region Interface Net Replication  |            0  |              0  |                     0  |           0  |           1  |  00:00:00  |
|  Total                                            |           63  |            229  |                   292  |           0  |          10  |  00:00:01  |
-----------------------------------------------------------------------------------------------------------------------------------------------------------


Phase 2.4.2 Physical Synthesis In Placer | Checksum: 1c992221e

Time (s): cpu = 00:00:52 ; elapsed = 00:00:37 . Memory (MB): peak = 2259.238 ; gain = 0.000
Phase 2.4 Global Placement Core | Checksum: 17feca6bb

Time (s): cpu = 00:00:54 ; elapsed = 00:00:38 . Memory (MB): peak = 2259.238 ; gain = 0.000
Phase 2 Global Placement | Checksum: 17feca6bb

Time (s): cpu = 00:00:54 ; elapsed = 00:00:38 . Memory (MB): peak = 2259.238 ; gain = 0.000

Phase 3 Detail Placement

Phase 3.1 Commit Multi Column Macros
Phase 3.1 Commit Multi Column Macros | Checksum: 1248618ca

Time (s): cpu = 00:00:55 ; elapsed = 00:00:39 . Memory (MB): peak = 2259.238 ; gain = 0.000

Phase 3.2 Commit Most Macros & LUTRAMs
Phase 3.2 Commit Most Macros & LUTRAMs | Checksum: 1bea7d4f8

Time (s): cpu = 00:00:57 ; elapsed = 00:00:41 . Memory (MB): peak = 2259.238 ; gain = 0.000

Phase 3.3 Area Swap Optimization
Phase 3.3 Area Swap Optimization | Checksum: 12ba05f9f

Time (s): cpu = 00:00:58 ; elapsed = 00:00:41 . Memory (MB): peak = 2259.238 ; gain = 0.000

Phase 3.4 Pipeline Register Optimization
Phase 3.4 Pipeline Register Optimization | Checksum: 19b0f0e12

Time (s): cpu = 00:00:58 ; elapsed = 00:00:41 . Memory (MB): peak = 2259.238 ; gain = 0.000

Phase 3.5 Fast Optimization
Phase 3.5 Fast Optimization | Checksum: 10f8d50eb

Time (s): cpu = 00:01:05 ; elapsed = 00:01:06 . Memory (MB): peak = 2259.238 ; gain = 0.000

Phase 3.6 Small Shape Detail Placement
Phase 3.6 Small Shape Detail Placement | Checksum: 169132322

Time (s): cpu = 00:01:12 ; elapsed = 00:01:15 . Memory (MB): peak = 2259.238 ; gain = 0.000

Phase 3.7 Re-assign LUT pins
Phase 3.7 Re-assign LUT pins | Checksum: 1dbebe4d9

Time (s): cpu = 00:01:13 ; elapsed = 00:01:16 . Memory (MB): peak = 2259.238 ; gain = 0.000

Phase 3.8 Pipeline Register Optimization
Phase 3.8 Pipeline Register Optimization | Checksum: 214b50d23

Time (s): cpu = 00:01:13 ; elapsed = 00:01:16 . Memory (MB): peak = 2259.238 ; gain = 0.000

Phase 3.9 Fast Optimization
Phase 3.9 Fast Optimization | Checksum: 13cf93eae

Time (s): cpu = 00:01:21 ; elapsed = 00:01:33 . Memory (MB): peak = 2259.238 ; gain = 0.000
Phase 3 Detail Placement | Checksum: 13cf93eae

Time (s): cpu = 00:01:21 ; elapsed = 00:01:33 . Memory (MB): peak = 2259.238 ; gain = 0.000

Phase 4 Post Placement Optimization and Clean-Up

Phase 4.1 Post Commit Optimization
INFO: [Place 46-20] Placer is running with the ExtraNetDelay_high directive. Post Placement Optimization may take longer to complete with ExtraNetDelay_high compared to other directives.
INFO: [Timing 38-35] Done setting XDC timing constraints.

Phase 4.1.1 Post Placement Optimization
Post Placement Optimization Initialization | Checksum: 1ab753cd3

Phase 4.1.1.1 BUFG Insertion

Starting Physical Synthesis Task

Phase 1 Physical Synthesis Initialization
INFO: [Physopt 32-721] Multithreading enabled for phys_opt_design using a maximum of 8 CPUs
INFO: [Physopt 32-619] Estimated Timing Summary | WNS=-0.612 | TNS=-50.140 |
Phase 1 Physical Synthesis Initialization | Checksum: 104f68f2f

Time (s): cpu = 00:00:00 ; elapsed = 00:00:00.864 . Memory (MB): peak = 2259.238 ; gain = 0.000
INFO: [Place 46-56] BUFG insertion identified 0 candidate nets. Inserted BUFG: 0, Replicated BUFG Driver: 0, Skipped due to Placement/Routing Conflicts: 0, Skipped due to Timing Degradation: 0, Skipped due to netlist editing failed: 0.
Ending Physical Synthesis Task | Checksum: 104f68f2f

Time (s): cpu = 00:00:01 ; elapsed = 00:00:01 . Memory (MB): peak = 2259.238 ; gain = 0.000
Phase 4.1.1.1 BUFG Insertion | Checksum: 1ab753cd3

Time (s): cpu = 00:01:26 ; elapsed = 00:01:37 . Memory (MB): peak = 2259.238 ; gain = 0.000

Phase 4.1.1.2 Post Placement Timing Optimization
INFO: [Place 30-746] Post Placement Timing Summary WNS=0.019. For the most accurate timing information please run report_timing.
Phase 4.1.1.2 Post Placement Timing Optimization | Checksum: 106074563

Time (s): cpu = 00:09:56 ; elapsed = 00:12:02 . Memory (MB): peak = 2259.238 ; gain = 0.000

Time (s): cpu = 00:09:56 ; elapsed = 00:12:02 . Memory (MB): peak = 2259.238 ; gain = 0.000
Phase 4.1 Post Commit Optimization | Checksum: 106074563

Time (s): cpu = 00:09:56 ; elapsed = 00:12:02 . Memory (MB): peak = 2259.238 ; gain = 0.000

Phase 4.2 Post Placement Cleanup
Phase 4.2 Post Placement Cleanup | Checksum: 106074563

Time (s): cpu = 00:09:57 ; elapsed = 00:12:02 . Memory (MB): peak = 2259.238 ; gain = 0.000

Phase 4.3 Placer Reporting

Phase 4.3.1 Print Estimated Congestion
INFO: [Place 30-612] Post-Placement Estimated Congestion 
 ____________________________________________________
|           | Global Congestion | Short Congestion  |
| Direction | Region Size       | Region Size       |
|___________|___________________|___________________|
|      North|                1x1|                8x8|
|___________|___________________|___________________|
|      South|                1x1|                4x4|
|___________|___________________|___________________|
|       East|                8x8|                8x8|
|___________|___________________|___________________|
|       West|                1x1|                4x4|
|___________|___________________|___________________|

Phase 4.3.1 Print Estimated Congestion | Checksum: 106074563

Time (s): cpu = 00:09:57 ; elapsed = 00:12:02 . Memory (MB): peak = 2259.238 ; gain = 0.000
Phase 4.3 Placer Reporting | Checksum: 106074563

Time (s): cpu = 00:09:57 ; elapsed = 00:12:02 . Memory (MB): peak = 2259.238 ; gain = 0.000

Phase 4.4 Final Placement Cleanup
Netlist sorting complete. Time (s): cpu = 00:00:00 ; elapsed = 00:00:00.007 . Memory (MB): peak = 2259.238 ; gain = 0.000

Time (s): cpu = 00:09:57 ; elapsed = 00:12:02 . Memory (MB): peak = 2259.238 ; gain = 0.000
Phase 4 Post Placement Optimization and Clean-Up | Checksum: 135b3fc6c

Time (s): cpu = 00:09:57 ; elapsed = 00:12:02 . Memory (MB): peak = 2259.238 ; gain = 0.000
Ending Placer Task | Checksum: 11532b337

Time (s): cpu = 00:09:57 ; elapsed = 00:12:02 . Memory (MB): peak = 2259.238 ; gain = 0.000
87 Infos, 0 Warnings, 0 Critical Warnings and 0 Errors encountered.
place_design completed successfully
place_design: Time (s): cpu = 00:10:00 ; elapsed = 00:12:04 . Memory (MB): peak = 2259.238 ; gain = 0.000
INFO: [runtcl-4] Executing : report_io -file top_io_placed.rpt
report_io: Time (s): cpu = 00:00:00 ; elapsed = 00:00:00.391 . Memory (MB): peak = 2259.238 ; gain = 0.000
INFO: [runtcl-4] Executing : report_utilization -file top_utilization_placed.rpt -pb top_utilization_placed.pb
INFO: [runtcl-4] Executing : report_control_sets -verbose -file top_control_sets_placed.rpt
report_control_sets: Time (s): cpu = 00:00:01 ; elapsed = 00:00:00.087 . Memory (MB): peak = 2259.238 ; gain = 0.000
INFO: [Timing 38-480] Writing timing data to binary archive.
Write ShapeDB Complete: Time (s): cpu = 00:00:00 ; elapsed = 00:00:00.037 . Memory (MB): peak = 2259.238 ; gain = 0.000
Wrote PlaceDB: Time (s): cpu = 00:00:02 ; elapsed = 00:00:01 . Memory (MB): peak = 2259.238 ; gain = 0.000
Wrote PulsedLatchDB: Time (s): cpu = 00:00:00 ; elapsed = 00:00:00 . Memory (MB): peak = 2259.238 ; gain = 0.000
Writing XDEF routing.
Writing XDEF routing logical nets.
Writing XDEF routing special nets.
Wrote RouteStorage: Time (s): cpu = 00:00:00 ; elapsed = 00:00:00.033 . Memory (MB): peak = 2259.238 ; gain = 0.000
Wrote Netlist Cache: Time (s): cpu = 00:00:00 ; elapsed = 00:00:00.023 . Memory (MB): peak = 2259.238 ; gain = 0.000
Wrote Device Cache: Time (s): cpu = 00:00:00 ; elapsed = 00:00:00.011 . Memory (MB): peak = 2259.238 ; gain = 0.000
Write Physdb Complete: Time (s): cpu = 00:00:02 ; elapsed = 00:00:01 . Memory (MB): peak = 2259.238 ; gain = 0.000
INFO: [Common 17-1381] The checkpoint 'C:/Users/hp/Downloads/digital_twin/digital_twin.runs/impl_1/top_placed.dcp' has been generated.
write_checkpoint: Time (s): cpu = 00:00:05 ; elapsed = 00:00:05 . Memory (MB): peak = 2259.238 ; gain = 0.000
Command: phys_opt_design -directive AggressiveExplore
Attempting to get a license for feature 'Implementation' and/or device 'xc7k325t'
INFO: [Common 17-349] Got license for feature 'Implementation' and/or device 'xc7k325t'
INFO: [Vivado_Tcl 4-137] Directive used for phys_opt_design is: AggressiveExplore

Starting Initial Update Timing Task

Time (s): cpu = 00:00:03 ; elapsed = 00:00:02 . Memory (MB): peak = 2259.238 ; gain = 0.000
INFO: [Vivado_Tcl 4-1435] PhysOpt_Tcl_Interface Runtime Before Starting Physical Synthesis Task | CPU: 3.00s |  WALL: 2.21s
Netlist sorting complete. Time (s): cpu = 00:00:00 ; elapsed = 00:00:00.005 . Memory (MB): peak = 2259.238 ; gain = 0.000

Starting Physical Synthesis Task

Phase 1 Physical Synthesis Initialization
INFO: [Physopt 32-721] Multithreading enabled for phys_opt_design using a maximum of 8 CPUs
INFO: [Physopt 32-619] Estimated Timing Summary | WNS=-0.072 | TNS=-0.560 |
Phase 1 Physical Synthesis Initialization | Checksum: 7df880bf

Time (s): cpu = 00:00:03 ; elapsed = 00:00:02 . Memory (MB): peak = 2259.238 ; gain = 0.000

Phase 2 SLR Crossing Optimization
Phase 2 SLR Crossing Optimization | Checksum: 7df880bf

Time (s): cpu = 00:00:03 ; elapsed = 00:00:02 . Memory (MB): peak = 2259.238 ; gain = 0.000
INFO: [Physopt 32-619] Estimated Timing Summary | WNS=-0.072 | TNS=-0.560 |

Phase 3 Fanout Optimization
INFO: [Physopt 32-76] Pass 1. Identified 21 candidate nets for fanout optimization.
INFO: [Physopt 32-572] Net student_top_inst/Core_cpu/cpu_core/ctrl_inst/jump_en_d1_reg_rep__2_2 was not replicated.
Resolution: phys_opt_design can be forced to replicate a net driver using the option -force_replication_on_nets <list of net objects>.
INFO: [Physopt 32-572] Net student_top_inst/Core_cpu/cpu_core/if_id_inst/bp_fetch_redirect was not replicated.
Resolution: phys_opt_design can be forced to replicate a net driver using the option -force_replication_on_nets <list of net objects>.
INFO: [Physopt 32-572] Net student_top_inst/Core_cpu/cpu_core/if_id_inst/bp_fetch_valid_r_reg was not replicated.
Resolution: phys_opt_design can be forced to replicate a net driver using the option -force_replication_on_nets <list of net objects>.
INFO: [Physopt 32-572] Net student_top_inst/Core_cpu/cpu_core/ex_mem_inst/dff_inst/done_r_reg_rep__41_0 was not replicated.
Resolution: phys_opt_design can be forced to replicate a net driver using the option -force_replication_on_nets <list of net objects>.
INFO: [Physopt 32-572] Net student_top_inst/Core_cpu/cpu_core/id_ex_inst/forwarding_inst/in04 was not replicated.
Resolution: phys_opt_design can be forced to replicate a net driver using the option -force_replication_on_nets <list of net objects>.
INFO: [Physopt 32-572] Net student_top_inst/Core_cpu/cpu_core/id_ex_inst/forwarding_inst/in020_out was not replicated.
Resolution: phys_opt_design can be forced to replicate a net driver using the option -force_replication_on_nets <list of net objects>.
INFO: [Physopt 32-572] Net student_top_inst/Core_cpu/cpu_core/ex_mem_inst/dff_rd_addr/rs2_alu_match_ex_mem_inst_i_2_n_0 was not replicated.
Resolution: phys_opt_design can be forced to replicate a net driver using the option -force_replication_on_nets <list of net objects>.
INFO: [Physopt 32-572] Net student_top_inst/Core_cpu/cpu_core/id_ex_inst/rs2_addr_o_reg[3]_0 was not replicated.
Resolution: phys_opt_design can be forced to replicate a net driver using the option -force_replication_on_nets <list of net objects>.
INFO: [Physopt 32-572] Net student_top_inst/Core_cpu/cpu_core/id_ex_inst/internal_flush_inst__15_i_1_n_0 was not replicated.
Resolution: phys_opt_design can be forced to replicate a net driver using the option -force_replication_on_nets <list of net objects>.
INFO: [Physopt 32-572] Net student_top_inst/Core_cpu/cpu_core/if_id_inst/pc_jump_en_o was not replicated.
Resolution: phys_opt_design can be forced to replicate a net driver using the option -force_replication_on_nets <list of net objects>.
INFO: [Physopt 32-572] Net student_top_inst/Core_cpu/cpu_core/if_id_inst/op1_o[22]_i_4_n_0 was not replicated.
Resolution: phys_opt_design can be forced to replicate a net driver using the option -force_replication_on_nets <list of net objects>.
INFO: [Physopt 32-232] Optimized 0 net. Created 0 new instance.
INFO: [Physopt 32-775] End 1 Pass. Optimized 0 net or cell. Created 0 new cell, deleted 0 existing cell and moved 0 existing cell
Netlist sorting complete. Time (s): cpu = 00:00:00 ; elapsed = 00:00:00.031 . Memory (MB): peak = 2259.238 ; gain = 0.000
Phase 3 Fanout Optimization | Checksum: 7df880bf

Time (s): cpu = 00:00:13 ; elapsed = 00:00:07 . Memory (MB): peak = 2259.238 ; gain = 0.000

Phase 4 Single Cell Placement Optimization
INFO: [Physopt 32-660] Identified 250 candidate nets for placement-based optimization.
INFO: [Physopt 32-663] Processed net student_top_inst/Core_cpu/cpu_core/ctrl_inst/jump_en_d1_reg_rep__2_2.  Re-placed instance student_top_inst/Core_cpu/cpu_core/ctrl_inst/flush_ifid_o_inst__0
INFO: [Physopt 32-662] Processed net student_top_inst/Core_cpu/cpu_core/id_ex_inst/ex_jump_en_o.  Did not re-place instance student_top_inst/Core_cpu/cpu_core/id_ex_inst/jump_en_d1_i_1
INFO: [Physopt 32-662] Processed net student_top_inst/Core_cpu/cpu_core/id_ex_inst/base_addr_o_reg[31]_0[1].  Did not re-place instance student_top_inst/Core_cpu/cpu_core/id_ex_inst/base_addr_o_reg[1]
INFO: [Physopt 32-662] Processed net student_top_inst/Core_cpu/cpu_core/id_ex_inst/jump_en_d1_i_2_n_0.  Did not re-place instance student_top_inst/Core_cpu/cpu_core/id_ex_inst/jump_en_d1_i_2
INFO: [Physopt 32-662] Processed net student_top_inst/Core_cpu/cpu_core/id_ex_inst/jump_en_d1_i_9_n_0.  Did not re-place instance student_top_inst/Core_cpu/cpu_core/id_ex_inst/jump_en_d1_i_9
INFO: [Physopt 32-662] Processed net student_top_inst/Core_cpu/cpu_core/id_ex_inst/pc_o[3]_i_10_n_0.  Did not re-place instance student_top_inst/Core_cpu/cpu_core/id_ex_inst/pc_o[3]_i_10
INFO: [Physopt 32-663] Processed net student_top_inst/Core_cpu/cpu_core/if_id_inst/if_id_inst_addr_o[0].  Re-placed instance student_top_inst/Core_cpu/cpu_core/if_id_inst/inst_addr_o_reg[0]
INFO: [Physopt 32-663] Processed net student_top_inst/Core_cpu/cpu_core/if_id_inst/if_id_pred_target_o[14].  Re-placed instance student_top_inst/Core_cpu/cpu_core/if_id_inst/pred_target_o_reg[14]
INFO: [Physopt 32-662] Processed net student_top_inst/Core_cpu/cpu_core/id_ex_inst/jump_en_d1_i_12_n_0.  Did not re-place instance student_top_inst/Core_cpu/cpu_core/id_ex_inst/jump_en_d1_i_12
INFO: [Physopt 32-662] Processed net student_top_inst/Core_cpu/cpu_core/id_ex_inst/base_addr_o_reg[31]_0[5].  Did not re-place instance student_top_inst/Core_cpu/cpu_core/id_ex_inst/base_addr_o_reg[5]
INFO: [Physopt 32-662] Processed net student_top_inst/Core_cpu/cpu_core/id_ex_inst/pc_o[7]_i_10_n_0.  Did not re-place instance student_top_inst/Core_cpu/cpu_core/id_ex_inst/pc_o[7]_i_10
INFO: [Physopt 32-663] Processed net student_top_inst/Core_cpu/cpu_core/if_id_inst/if_id_inst_addr_o[20].  Re-placed instance student_top_inst/Core_cpu/cpu_core/if_id_inst/inst_addr_o_reg[20]
INFO: [Physopt 32-663] Processed net student_top_inst/Core_cpu/cpu_core/if_id_inst/if_id_inst_addr_o[26].  Re-placed instance student_top_inst/Core_cpu/cpu_core/if_id_inst/inst_addr_o_reg[26]
INFO: [Physopt 32-662] Processed net student_top_inst/Core_cpu/cpu_core/id_ex_inst/base_addr_o_reg[31]_0[4].  Did not re-place instance student_top_inst/Core_cpu/cpu_core/id_ex_inst/base_addr_o_reg[4]
INFO: [Physopt 32-662] Processed net student_top_inst/Core_cpu/cpu_core/id_ex_inst/pc_o[7]_i_11_n_0.  Did not re-place instance student_top_inst/Core_cpu/cpu_core/id_ex_inst/pc_o[7]_i_11
INFO: [Physopt 32-663] Processed net student_top_inst/Core_cpu/cpu_core/if_id_inst/Q[4].  Re-placed instance student_top_inst/Core_cpu/cpu_core/if_id_inst/inst_o_reg[19]
INFO: [Physopt 32-663] Processed net student_top_inst/Core_cpu/cpu_core/if_id_inst/if_id_inst_o[29].  Re-placed instance student_top_inst/Core_cpu/cpu_core/if_id_inst/inst_o_reg[29]
INFO: [Physopt 32-663] Processed net student_top_inst/Core_cpu/cpu_core/if_id_inst/if_id_inst_addr_o[17].  Re-placed instance student_top_inst/Core_cpu/cpu_core/if_id_inst/inst_addr_o_reg[17]
INFO: [Physopt 32-663] Processed net student_top_inst/Core_cpu/cpu_core/if_id_inst/if_id_pred_target_o[12].  Re-placed instance student_top_inst/Core_cpu/cpu_core/if_id_inst/pred_target_o_reg[12]
INFO: [Physopt 32-662] Processed net student_top_inst/Core_cpu/cpu_core/id_ex_inst/base_addr_o_reg[31]_0[0].  Did not re-place instance student_top_inst/Core_cpu/cpu_core/id_ex_inst/base_addr_o_reg[0]
INFO: [Physopt 32-662] Processed net student_top_inst/Core_cpu/cpu_core/id_ex_inst/pc_o[3]_i_11_n_0.  Did not re-place instance student_top_inst/Core_cpu/cpu_core/id_ex_inst/pc_o[3]_i_11
INFO: [Physopt 32-663] Processed net student_top_inst/Core_cpu/cpu_core/if_id_inst/if_id_inst_o[31].  Re-placed instance student_top_inst/Core_cpu/cpu_core/if_id_inst/inst_o_reg[31]
INFO: [Physopt 32-663] Processed net student_top_inst/Core_cpu/cpu_core/if_id_inst/if_id_inst_addr_o[10].  Re-placed instance student_top_inst/Core_cpu/cpu_core/if_id_inst/inst_addr_o_reg[10]
INFO: [Physopt 32-663] Processed net student_top_inst/Core_cpu/cpu_core/if_id_inst/if_id_inst_addr_o[11].  Re-placed instance student_top_inst/Core_cpu/cpu_core/if_id_inst/inst_addr_o_reg[11]
INFO: [Physopt 32-663] Processed net student_top_inst/Core_cpu/cpu_core/if_id_inst/if_id_inst_addr_o[8].  Re-placed instance student_top_inst/Core_cpu/cpu_core/if_id_inst/inst_addr_o_reg[8]
INFO: [Physopt 32-663] Processed net student_top_inst/Core_cpu/cpu_core/if_id_inst/if_id_pred_target_o[8].  Re-placed instance student_top_inst/Core_cpu/cpu_core/if_id_inst/pred_target_o_reg[8]
INFO: [Physopt 32-662] Processed net student_top_inst/Core_cpu/cpu_core/id_ex_inst/jump_en_d1_i_10_n_0.  Did not re-place instance student_top_inst/Core_cpu/cpu_core/id_ex_inst/jump_en_d1_i_10
INFO: [Physopt 32-663] Processed net student_top_inst/Core_cpu/cpu_core/if_id_inst/if_id_inst_o[13].  Re-placed instance student_top_inst/Core_cpu/cpu_core/if_id_inst/inst_o_reg[13]
INFO: [Physopt 32-663] Processed net student_top_inst/Core_cpu/cpu_core/if_id_inst/if_id_pred_target_o[20].  Re-placed instance student_top_inst/Core_cpu/cpu_core/if_id_inst/pred_target_o_reg[20]
INFO: [Physopt 32-663] Processed net student_top_inst/Core_cpu/cpu_core/if_id_inst/if_id_pred_ghr_o[5].  Re-placed instance student_top_inst/Core_cpu/cpu_core/if_id_inst/pred_ghr_o_reg[5]
INFO: [Physopt 32-663] Processed net student_top_inst/Core_cpu/cpu_core/if_id_inst/if_id_pred_ghr_o[7].  Re-placed instance student_top_inst/Core_cpu/cpu_core/if_id_inst/pred_ghr_o_reg[7]
INFO: [Physopt 32-662] Processed net student_top_inst/Core_cpu/cpu_core/id_ex_inst/jump_offset_o_reg[31]_0[0].  Did not re-place instance student_top_inst/Core_cpu/cpu_core/id_ex_inst/jump_offset_o_reg[0]
INFO: [Physopt 32-662] Processed net student_top_inst/Core_cpu/cpu_core/id_ex_inst/base_addr_o_reg[31]_0[3].  Did not re-place instance student_top_inst/Core_cpu/cpu_core/id_ex_inst/base_addr_o_reg[3]
INFO: [Physopt 32-662] Processed net student_top_inst/Core_cpu/cpu_core/id_ex_inst/pc_o[3]_i_8_n_0.  Did not re-place instance student_top_inst/Core_cpu/cpu_core/id_ex_inst/pc_o[3]_i_8
INFO: [Physopt 32-663] Processed net student_top_inst/Core_cpu/cpu_core/if_id_inst/if_id_inst_o[8].  Re-placed instance student_top_inst/Core_cpu/cpu_core/if_id_inst/inst_o_reg[8]
INFO: [Physopt 32-662] Processed net student_top_inst/Core_cpu/cpu_core/if_id_inst/if_id_pred_target_o[27].  Did not re-place instance student_top_inst/Core_cpu/cpu_core/if_id_inst/pred_target_o_reg[27]
INFO: [Physopt 32-663] Processed net student_top_inst/Core_cpu/cpu_core/if_id_inst/hold_pred_ghr_reg[5].  Re-placed instance student_top_inst/Core_cpu/cpu_core/if_id_inst/hold_pred_ghr_reg_reg[5]
INFO: [Physopt 32-663] Processed net student_top_inst/Core_cpu/cpu_core/if_id_inst/hold_pred_target_reg[18].  Re-placed instance student_top_inst/Core_cpu/cpu_core/if_id_inst/hold_pred_target_reg_reg[18]
INFO: [Physopt 32-663] Processed net student_top_inst/Core_cpu/cpu_core/if_id_inst/hold_pred_target_reg[30].  Re-placed instance student_top_inst/Core_cpu/cpu_core/if_id_inst/hold_pred_target_reg_reg[30]
INFO: [Physopt 32-663] Processed net student_top_inst/Core_cpu/cpu_core/if_id_inst/hold_pred_target_reg[25].  Re-placed instance student_top_inst/Core_cpu/cpu_core/if_id_inst/hold_pred_target_reg_reg[25]
INFO: [Physopt 32-663] Processed net student_top_inst/Core_cpu/cpu_core/if_id_inst/hold_inst_reg_reg_n_0_[18].  Re-placed instance student_top_inst/Core_cpu/cpu_core/if_id_inst/hold_inst_reg_reg[18]
INFO: [Physopt 32-663] Processed net student_top_inst/Core_cpu/cpu_core/if_id_inst/hold_pred_ghr_reg[8].  Re-placed instance student_top_inst/Core_cpu/cpu_core/if_id_inst/hold_pred_ghr_reg_reg[8]
INFO: [Physopt 32-663] Processed net student_top_inst/Core_cpu/cpu_core/if_id_inst/hold_pred_target_reg[28].  Re-placed instance student_top_inst/Core_cpu/cpu_core/if_id_inst/hold_pred_target_reg_reg[28]
INFO: [Physopt 32-663] Processed net student_top_inst/Core_cpu/cpu_core/if_id_inst/hold_pred_target_reg[5].  Re-placed instance student_top_inst/Core_cpu/cpu_core/if_id_inst/hold_pred_target_reg_reg[5]
INFO: [Physopt 32-662] Processed net student_top_inst/Core_cpu/cpu_core/id_ex_inst/jump_en_d1_i_8_n_0.  Did not re-place instance student_top_inst/Core_cpu/cpu_core/id_ex_inst/jump_en_d1_i_8
INFO: [Physopt 32-663] Processed net student_top_inst/Core_cpu/cpu_core/id_ex_inst/base_addr_o_reg[31]_0[6].  Re-placed instance student_top_inst/Core_cpu/cpu_core/id_ex_inst/base_addr_o_reg[6]
INFO: [Physopt 32-662] Processed net student_top_inst/Core_cpu/cpu_core/id_ex_inst/pc_o[7]_i_9_n_0.  Did not re-place instance student_top_inst/Core_cpu/cpu_core/id_ex_inst/pc_o[7]_i_9
INFO: [Physopt 32-663] Processed net student_top_inst/Core_cpu/cpu_core/id_ex_inst/base_addr_o_reg[31]_0[8].  Re-placed instance student_top_inst/Core_cpu/cpu_core/id_ex_inst/base_addr_o_reg[8]
INFO: [Physopt 32-662] Processed net student_top_inst/Core_cpu/cpu_core/id_ex_inst/pc_o[11]_i_11_n_0.  Did not re-place instance student_top_inst/Core_cpu/cpu_core/id_ex_inst/pc_o[11]_i_11
INFO: [Physopt 32-663] Processed net student_top_inst/Core_cpu/cpu_core/if_id_inst/hold_inst_addr_reg[27].  Re-placed instance student_top_inst/Core_cpu/cpu_core/if_id_inst/hold_inst_addr_reg_reg[27]
INFO: [Physopt 32-663] Processed net student_top_inst/Core_cpu/cpu_core/if_id_inst/hold_pred_target_reg[1].  Re-placed instance student_top_inst/Core_cpu/cpu_core/if_id_inst/hold_pred_target_reg_reg[1]
INFO: [Physopt 32-663] Processed net student_top_inst/Core_cpu/cpu_core/if_id_inst/hold_pred_target_reg[22].  Re-placed instance student_top_inst/Core_cpu/cpu_core/if_id_inst/hold_pred_target_reg_reg[22]
INFO: [Physopt 32-663] Processed net student_top_inst/Core_cpu/cpu_core/if_id_inst/hold_pred_target_reg[24].  Re-placed instance student_top_inst/Core_cpu/cpu_core/if_id_inst/hold_pred_target_reg_reg[24]
INFO: [Physopt 32-662] Processed net student_top_inst/Core_cpu/cpu_core/if_id_inst/hold_pred_target_reg[3].  Did not re-place instance student_top_inst/Core_cpu/cpu_core/if_id_inst/hold_pred_target_reg_reg[3]
INFO: [Physopt 32-663] Processed net student_top_inst/Core_cpu/cpu_core/if_id_inst/hold_pred_target_reg[6].  Re-placed instance student_top_inst/Core_cpu/cpu_core/if_id_inst/hold_pred_target_reg_reg[6]
INFO: [Physopt 32-663] Processed net student_top_inst/Core_cpu/cpu_core/id_ex_inst/base_addr_o_reg[31]_0[2].  Re-placed instance student_top_inst/Core_cpu/cpu_core/id_ex_inst/base_addr_o_reg[2]
INFO: [Physopt 32-662] Processed net student_top_inst/Core_cpu/cpu_core/id_ex_inst/pc_o[3]_i_9_n_0.  Did not re-place instance student_top_inst/Core_cpu/cpu_core/id_ex_inst/pc_o[3]_i_9
INFO: [Physopt 32-662] Processed net student_top_inst/Core_cpu/cpu_core/branch_predictor_inst/bp_fetch_pc_r_reg[30][25].  Did not re-place instance student_top_inst/Core_cpu/cpu_core/branch_predictor_inst/hold_pred_target_reg[25]_i_1
INFO: [Physopt 32-663] Processed net student_top_inst/Core_cpu/cpu_core/id_ex_inst/mtvec_r_reg[31][25].  Re-placed instance student_top_inst/Core_cpu/cpu_core/id_ex_inst/pc_o[25]_i_1
INFO: [Physopt 32-662] Processed net student_top_inst/Core_cpu/cpu_core/if_id_inst/hold_pred_target_reg[7]_i_7_n_0.  Did not re-place instance student_top_inst/Core_cpu/cpu_core/if_id_inst/hold_pred_target_reg[7]_i_7
INFO: [Physopt 32-662] Processed net student_top_inst/Core_cpu/cpu_core/if_id_inst/pred_target_o_reg[25]_0.  Did not re-place instance student_top_inst/Core_cpu/cpu_core/if_id_inst/pc_o[25]_i_4
INFO: [Physopt 32-662] Processed net student_top_inst/Core_cpu/cpu_core/pc_reg_inst/Q[25].  Did not re-place instance student_top_inst/Core_cpu/cpu_core/pc_reg_inst/pc_o_reg[25]
INFO: [Physopt 32-662] Processed net student_top_inst/Core_cpu/cpu_core/id_ex_inst/jump_offset_o_reg[31]_0[4].  Did not re-place instance student_top_inst/Core_cpu/cpu_core/id_ex_inst/jump_offset_o_reg[4]
INFO: [Physopt 32-662] Processed net student_top_inst/Core_cpu/cpu_core/id_ex_inst/jump_offset_o_reg[31]_0[5].  Did not re-place instance student_top_inst/Core_cpu/cpu_core/id_ex_inst/jump_offset_o_reg[5]
INFO: [Physopt 32-663] Processed net student_top_inst/Core_cpu/cpu_core/if_id_inst/Q[0].  Re-placed instance student_top_inst/Core_cpu/cpu_core/if_id_inst/inst_o_reg[15]
INFO: [Physopt 32-663] Processed net student_top_inst/Core_cpu/cpu_core/if_id_inst/Q[6].  Re-placed instance student_top_inst/Core_cpu/cpu_core/if_id_inst/inst_o_reg[21]
INFO: [Physopt 32-663] Processed net student_top_inst/Core_cpu/cpu_core/if_id_inst/if_id_inst_o[0].  Re-placed instance student_top_inst/Core_cpu/cpu_core/if_id_inst/inst_o_reg[0]
INFO: [Physopt 32-663] Processed net student_top_inst/Core_cpu/cpu_core/if_id_inst/if_id_inst_o[1].  Re-placed instance student_top_inst/Core_cpu/cpu_core/if_id_inst/inst_o_reg[1]
INFO: [Physopt 32-663] Processed net student_top_inst/Core_cpu/cpu_core/if_id_inst/if_id_pred_target_o[3].  Re-placed instance student_top_inst/Core_cpu/cpu_core/if_id_inst/pred_target_o_reg[3]
INFO: [Physopt 32-662] Processed net student_top_inst/Core_cpu/cpu_core/if_id_inst/if_id_pred_target_o[4].  Did not re-place instance student_top_inst/Core_cpu/cpu_core/if_id_inst/pred_target_o_reg[4]
INFO: [Physopt 32-662] Processed net student_top_inst/Core_cpu/cpu_core/if_id_inst/hold_pred_target_reg[13].  Did not re-place instance student_top_inst/Core_cpu/cpu_core/if_id_inst/hold_pred_target_reg_reg[13]
INFO: [Physopt 32-662] Processed net student_top_inst/Core_cpu/cpu_core/id_ex_inst/base_addr_o_reg[31]_0[7].  Did not re-place instance student_top_inst/Core_cpu/cpu_core/id_ex_inst/base_addr_o_reg[7]
INFO: [Physopt 32-662] Processed net student_top_inst/Core_cpu/cpu_core/id_ex_inst/pc_o[7]_i_8_n_0.  Did not re-place instance student_top_inst/Core_cpu/cpu_core/id_ex_inst/pc_o[7]_i_8
INFO: [Physopt 32-663] Processed net student_top_inst/Core_cpu/cpu_core/if_id_inst/if_id_pred_ghr_o[1].  Re-placed instance student_top_inst/Core_cpu/cpu_core/if_id_inst/pred_ghr_o_reg[1]
INFO: [Physopt 32-662] Processed net student_top_inst/Core_cpu/cpu_core/if_id_inst/hold_inst_addr_reg[12].  Did not re-place instance student_top_inst/Core_cpu/cpu_core/if_id_inst/hold_inst_addr_reg_reg[12]
INFO: [Physopt 32-662] Processed net student_top_inst/Core_cpu/cpu_core/if_id_inst/hold_inst_reg_reg_n_0_[3].  Did not re-place instance student_top_inst/Core_cpu/cpu_core/if_id_inst/hold_inst_reg_reg[3]
INFO: [Physopt 32-662] Processed net student_top_inst/Core_cpu/cpu_core/if_id_inst/hold_inst_reg_reg_n_0_[8].  Did not re-place instance student_top_inst/Core_cpu/cpu_core/if_id_inst/hold_inst_reg_reg[8]
INFO: [Physopt 32-662] Processed net student_top_inst/Core_cpu/cpu_core/if_id_inst/hold_pred_target_reg[9].  Did not re-place instance student_top_inst/Core_cpu/cpu_core/if_id_inst/hold_pred_target_reg_reg[9]
INFO: [Physopt 32-663] Processed net student_top_inst/Core_cpu/cpu_core/if_id_inst/if_id_inst_o[5].  Re-placed instance student_top_inst/Core_cpu/cpu_core/if_id_inst/inst_o_reg[5]
INFO: [Physopt 32-663] Processed net student_top_inst/Core_cpu/cpu_core/if_id_inst/if_id_inst_o[4].  Re-placed instance student_top_inst/Core_cpu/cpu_core/if_id_inst/inst_o_reg[4]
INFO: [Physopt 32-663] Processed net student_top_inst/Core_cpu/cpu_core/if_id_inst/if_id_inst_o[6].  Re-placed instance student_top_inst/Core_cpu/cpu_core/if_id_inst/inst_o_reg[6]
INFO: [Physopt 32-663] Processed net student_top_inst/Core_cpu/cpu_core/if_id_inst/if_id_pred_target_o[18].  Re-placed instance student_top_inst/Core_cpu/cpu_core/if_id_inst/pred_target_o_reg[18]
INFO: [Physopt 32-663] Processed net student_top_inst/Core_cpu/cpu_core/if_id_inst/if_id_inst_addr_o[4].  Re-placed instance student_top_inst/Core_cpu/cpu_core/if_id_inst/inst_addr_o_reg[4]
INFO: [Physopt 32-662] Processed net student_top_inst/Core_cpu/cpu_core/if_id_inst/if_id_pred_target_o[2].  Did not re-place instance student_top_inst/Core_cpu/cpu_core/if_id_inst/pred_target_o_reg[2]
INFO: [Physopt 32-662] Processed net student_top_inst/Core_cpu/cpu_core/if_id_inst/if_id_pred_target_o[9].  Did not re-place instance student_top_inst/Core_cpu/cpu_core/if_id_inst/pred_target_o_reg[9]
INFO: [Physopt 32-662] Processed net student_top_inst/Core_cpu/cpu_core/id_ex_inst/jump_offset_o_reg[31]_0[1].  Did not re-place instance student_top_inst/Core_cpu/cpu_core/id_ex_inst/jump_offset_o_reg[1]
INFO: [Physopt 32-663] Processed net student_top_inst/Core_cpu/cpu_core/if_id_inst/if_id_inst_o[30].  Re-placed instance student_top_inst/Core_cpu/cpu_core/if_id_inst/inst_o_reg[30]
INFO: [Physopt 32-662] Processed net student_top_inst/Core_cpu/cpu_core/if_id_inst/if_id_pred_target_o[15].  Did not re-place instance student_top_inst/Core_cpu/cpu_core/if_id_inst/pred_target_o_reg[15]
INFO: [Physopt 32-662] Processed net student_top_inst/Core_cpu/cpu_core/if_id_inst/if_id_pred_target_o[17].  Did not re-place instance student_top_inst/Core_cpu/cpu_core/if_id_inst/pred_target_o_reg[17]
INFO: [Physopt 32-662] Processed net student_top_inst/Core_cpu/cpu_core/if_id_inst/if_id_pred_target_o[19].  Did not re-place instance student_top_inst/Core_cpu/cpu_core/if_id_inst/pred_target_o_reg[19]
INFO: [Physopt 32-663] Processed net student_top_inst/Core_cpu/cpu_core/if_id_inst/if_id_inst_o[7].  Re-placed instance student_top_inst/Core_cpu/cpu_core/if_id_inst/inst_o_reg[7]
INFO: [Physopt 32-663] Processed net student_top_inst/Core_cpu/cpu_core/if_id_inst/if_id_pred_target_o[1].  Re-placed instance student_top_inst/Core_cpu/cpu_core/if_id_inst/pred_target_o_reg[1]
INFO: [Physopt 32-663] Processed net student_top_inst/Core_cpu/cpu_core/if_id_inst/if_id_pred_target_o[28].  Re-placed instance student_top_inst/Core_cpu/cpu_core/if_id_inst/pred_target_o_reg[28]
INFO: [Physopt 32-662] Processed net student_top_inst/Core_cpu/cpu_core/if_id_inst/if_id_pred_ghr_o[0].  Did not re-place instance student_top_inst/Core_cpu/cpu_core/if_id_inst/pred_ghr_o_reg[0]
INFO: [Physopt 32-662] Processed net student_top_inst/Core_cpu/cpu_core/if_id_inst/if_id_inst_o[25].  Did not re-place instance student_top_inst/Core_cpu/cpu_core/if_id_inst/inst_o_reg[25]
INFO: [Physopt 32-662] Processed net student_top_inst/Core_cpu/cpu_core/if_id_inst/if_id_pred_target_o[13].  Did not re-place instance student_top_inst/Core_cpu/cpu_core/if_id_inst/pred_target_o_reg[13]
INFO: [Physopt 32-662] Processed net student_top_inst/Core_cpu/cpu_core/if_id_inst/if_id_pred_target_o[24].  Did not re-place instance student_top_inst/Core_cpu/cpu_core/if_id_inst/pred_target_o_reg[24]
INFO: [Physopt 32-662] Processed net student_top_inst/Core_cpu/cpu_core/if_id_inst/if_id_pred_target_o[29].  Did not re-place instance student_top_inst/Core_cpu/cpu_core/if_id_inst/pred_target_o_reg[29]
INFO: [Physopt 32-662] Processed net student_top_inst/Core_cpu/cpu_core/if_id_inst/b_imm_inst__22_n_0.  Did not re-place instance student_top_inst/Core_cpu/cpu_core/if_id_inst/b_imm_inst__22
INFO: [Physopt 32-663] Processed net student_top_inst/Core_cpu/cpu_core/if_id_inst/if_id_inst_addr_o[1].  Re-placed instance student_top_inst/Core_cpu/cpu_core/if_id_inst/inst_addr_o_reg[1]
INFO: [Physopt 32-663] Processed net student_top_inst/Core_cpu/cpu_core/if_id_inst/if_id_inst_addr_o[30].  Re-placed instance student_top_inst/Core_cpu/cpu_core/if_id_inst/inst_addr_o_reg[30]
INFO: [Physopt 32-662] Processed net student_top_inst/Core_cpu/cpu_core/if_id_inst/hold_inst_addr_reg[17].  Did not re-place instance student_top_inst/Core_cpu/cpu_core/if_id_inst/hold_inst_addr_reg_reg[17]
INFO: [Physopt 32-662] Processed net student_top_inst/Core_cpu/cpu_core/if_id_inst/hold_inst_addr_reg[20].  Did not re-place instance student_top_inst/Core_cpu/cpu_core/if_id_inst/hold_inst_addr_reg_reg[20]
INFO: [Physopt 32-662] Processed net student_top_inst/Core_cpu/cpu_core/if_id_inst/hold_inst_addr_reg[2].  Did not re-place instance student_top_inst/Core_cpu/cpu_core/if_id_inst/hold_inst_addr_reg_reg[2]
INFO: [Physopt 32-662] Processed net student_top_inst/Core_cpu/cpu_core/if_id_inst/hold_inst_reg_reg_n_0_[28].  Did not re-place instance student_top_inst/Core_cpu/cpu_core/if_id_inst/hold_inst_reg_reg[28]
INFO: [Physopt 32-662] Processed net student_top_inst/Core_cpu/cpu_core/if_id_inst/hold_inst_reg_reg_n_0_[5].  Did not re-place instance student_top_inst/Core_cpu/cpu_core/if_id_inst/hold_inst_reg_reg[5]
INFO: [Physopt 32-662] Processed net student_top_inst/Core_cpu/cpu_core/if_id_inst/hold_pred_ghr_reg[3].  Did not re-place instance student_top_inst/Core_cpu/cpu_core/if_id_inst/hold_pred_ghr_reg_reg[3]
INFO: [Physopt 32-662] Processed net student_top_inst/Core_cpu/cpu_core/if_id_inst/b_imm_inst__24_n_0.  Did not re-place instance student_top_inst/Core_cpu/cpu_core/if_id_inst/b_imm_inst__24
INFO: [Physopt 32-663] Processed net student_top_inst/Core_cpu/cpu_core/if_id_inst/Q[5].  Re-placed instance student_top_inst/Core_cpu/cpu_core/if_id_inst/inst_o_reg[20]
INFO: [Physopt 32-663] Processed net student_top_inst/Core_cpu/cpu_core/if_id_inst/Q[2].  Re-placed instance student_top_inst/Core_cpu/cpu_core/if_id_inst/inst_o_reg[17]
INFO: [Physopt 32-663] Processed net student_top_inst/Core_cpu/cpu_core/if_id_inst/if_id_inst_o[2].  Re-placed instance student_top_inst/Core_cpu/cpu_core/if_id_inst/inst_o_reg[2]
INFO: [Physopt 32-663] Processed net student_top_inst/Core_cpu/cpu_core/id_ex_inst/base_addr_o_reg[31]_0[16].  Re-placed instance student_top_inst/Core_cpu/cpu_core/id_ex_inst/base_addr_o_reg[16]
INFO: [Physopt 32-662] Processed net student_top_inst/Core_cpu/cpu_core/id_ex_inst/pc_o[19]_i_11_n_0.  Did not re-place instance student_top_inst/Core_cpu/cpu_core/id_ex_inst/pc_o[19]_i_11
INFO: [Physopt 32-663] Processed net student_top_inst/Core_cpu/cpu_core/if_id_inst/if_id_inst_addr_o[7].  Re-placed instance student_top_inst/Core_cpu/cpu_core/if_id_inst/inst_addr_o_reg[7]
INFO: [Physopt 32-662] Processed net student_top_inst/Core_cpu/cpu_core/if_id_inst/hold_inst_addr_reg[29].  Did not re-place instance student_top_inst/Core_cpu/cpu_core/if_id_inst/hold_inst_addr_reg_reg[29]
INFO: [Physopt 32-662] Processed net student_top_inst/Core_cpu/cpu_core/if_id_inst/hold_inst_addr_reg[30].  Did not re-place instance student_top_inst/Core_cpu/cpu_core/if_id_inst/hold_inst_addr_reg_reg[30]
INFO: [Physopt 32-662] Processed net student_top_inst/Core_cpu/cpu_core/if_id_inst/hold_inst_addr_reg[6].  Did not re-place instance student_top_inst/Core_cpu/cpu_core/if_id_inst/hold_inst_addr_reg_reg[6]
INFO: [Physopt 32-662] Processed net student_top_inst/Core_cpu/cpu_core/if_id_inst/hold_inst_addr_reg[9].  Did not re-place instance student_top_inst/Core_cpu/cpu_core/if_id_inst/hold_inst_addr_reg_reg[9]
INFO: [Physopt 32-662] Processed net student_top_inst/Core_cpu/cpu_core/if_id_inst/hold_inst_reg_reg_n_0_[12].  Did not re-place instance student_top_inst/Core_cpu/cpu_core/if_id_inst/hold_inst_reg_reg[12]
INFO: [Physopt 32-662] Processed net student_top_inst/Core_cpu/cpu_core/if_id_inst/hold_inst_reg_reg_n_0_[23].  Did not re-place instance student_top_inst/Core_cpu/cpu_core/if_id_inst/hold_inst_reg_reg[23]
INFO: [Physopt 32-662] Processed net student_top_inst/Core_cpu/cpu_core/if_id_inst/hold_pred_taken_reg_reg_n_0.  Did not re-place instance student_top_inst/Core_cpu/cpu_core/if_id_inst/hold_pred_taken_reg_reg
INFO: [Physopt 32-662] Processed net student_top_inst/Core_cpu/cpu_core/id_ex_inst/jump_en_d1_i_15_n_0.  Did not re-place instance student_top_inst/Core_cpu/cpu_core/id_ex_inst/jump_en_d1_i_15
INFO: [Physopt 32-662] Processed net student_top_inst/Core_cpu/cpu_core/branch_predictor_inst/bp_fetch_pc_r_reg[30][27].  Did not re-place instance student_top_inst/Core_cpu/cpu_core/branch_predictor_inst/hold_pred_target_reg[27]_i_1
INFO: [Physopt 32-663] Processed net student_top_inst/Core_cpu/cpu_core/id_ex_inst/mtvec_r_reg[31][27].  Re-placed instance student_top_inst/Core_cpu/cpu_core/id_ex_inst/pc_o[27]_i_1
INFO: [Physopt 32-662] Processed net student_top_inst/Core_cpu/cpu_core/if_id_inst/pred_target_o_reg[27]_0.  Did not re-place instance student_top_inst/Core_cpu/cpu_core/if_id_inst/pc_o[27]_i_4
INFO: [Physopt 32-662] Processed net student_top_inst/Core_cpu/cpu_core/pc_reg_inst/Q[27].  Did not re-place instance student_top_inst/Core_cpu/cpu_core/pc_reg_inst/pc_o_reg[27]
INFO: [Physopt 32-663] Processed net student_top_inst/Core_cpu/cpu_core/id_ex_inst/base_addr_o_reg[31]_0[10].  Re-placed instance student_top_inst/Core_cpu/cpu_core/id_ex_inst/base_addr_o_reg[10]
INFO: [Physopt 32-662] Processed net student_top_inst/Core_cpu/cpu_core/id_ex_inst/pc_o[11]_i_9_n_0.  Did not re-place instance student_top_inst/Core_cpu/cpu_core/id_ex_inst/pc_o[11]_i_9
INFO: [Physopt 32-662] Processed net student_top_inst/Core_cpu/cpu_core/branch_predictor_inst/bp_fetch_pc_r_reg[30][29].  Did not re-place instance student_top_inst/Core_cpu/cpu_core/branch_predictor_inst/hold_pred_target_reg[29]_i_1
INFO: [Physopt 32-662] Processed net student_top_inst/Core_cpu/cpu_core/id_ex_inst/mtvec_r_reg[31][29].  Did not re-place instance student_top_inst/Core_cpu/cpu_core/id_ex_inst/pc_o[29]_i_1
INFO: [Physopt 32-662] Processed net student_top_inst/Core_cpu/cpu_core/if_id_inst/pred_target_o_reg[29]_0.  Did not re-place instance student_top_inst/Core_cpu/cpu_core/if_id_inst/pc_o[29]_i_4
INFO: [Physopt 32-662] Processed net student_top_inst/Core_cpu/cpu_core/pc_reg_inst/Q[29].  Did not re-place instance student_top_inst/Core_cpu/cpu_core/pc_reg_inst/pc_o_reg[29]
INFO: [Physopt 32-662] Processed net student_top_inst/Core_cpu/cpu_core/branch_predictor_inst/bp_fetch_pc_r_reg[30][28].  Did not re-place instance student_top_inst/Core_cpu/cpu_core/branch_predictor_inst/hold_pred_target_reg[28]_i_1
INFO: [Physopt 32-663] Processed net student_top_inst/Core_cpu/cpu_core/id_ex_inst/mtvec_r_reg[31][28].  Re-placed instance student_top_inst/Core_cpu/cpu_core/id_ex_inst/pc_o[28]_i_1
INFO: [Physopt 32-662] Processed net student_top_inst/Core_cpu/cpu_core/if_id_inst/pred_target_o_reg[28]_0.  Did not re-place instance student_top_inst/Core_cpu/cpu_core/if_id_inst/pc_o[28]_i_4
INFO: [Physopt 32-662] Processed net student_top_inst/Core_cpu/cpu_core/pc_reg_inst/Q[28].  Did not re-place instance student_top_inst/Core_cpu/cpu_core/pc_reg_inst/pc_o_reg[28]
INFO: [Physopt 32-663] Processed net student_top_inst/Core_cpu/cpu_core/if_id_inst/Q[1].  Re-placed instance student_top_inst/Core_cpu/cpu_core/if_id_inst/inst_o_reg[16]
INFO: [Physopt 32-663] Processed net student_top_inst/Core_cpu/cpu_core/if_id_inst/Q[7].  Re-placed instance student_top_inst/Core_cpu/cpu_core/if_id_inst/inst_o_reg[22]
INFO: [Physopt 32-662] Processed net student_top_inst/Core_cpu/cpu_core/if_id_inst/if_id_inst_o[3].  Did not re-place instance student_top_inst/Core_cpu/cpu_core/if_id_inst/inst_o_reg[3]
INFO: [Physopt 32-663] Processed net student_top_inst/Core_cpu/cpu_core/if_id_inst/if_id_inst_addr_o[19].  Re-placed instance student_top_inst/Core_cpu/cpu_core/if_id_inst/inst_addr_o_reg[19]
INFO: [Physopt 32-663] Processed net student_top_inst/Core_cpu/cpu_core/if_id_inst/if_id_inst_o[9].  Re-placed instance student_top_inst/Core_cpu/cpu_core/if_id_inst/inst_o_reg[9]
INFO: [Physopt 32-663] Processed net student_top_inst/Core_cpu/cpu_core/if_id_inst/if_id_inst_addr_o[5].  Re-placed instance student_top_inst/Core_cpu/cpu_core/if_id_inst/inst_addr_o_reg[5]
INFO: [Physopt 32-663] Processed net student_top_inst/Core_cpu/cpu_core/if_id_inst/if_id_pred_target_o[10].  Re-placed instance student_top_inst/Core_cpu/cpu_core/if_id_inst/pred_target_o_reg[10]
INFO: [Physopt 32-662] Processed net student_top_inst/Core_cpu/cpu_core/if_id_inst/if_id_pred_target_o[5].  Did not re-place instance student_top_inst/Core_cpu/cpu_core/if_id_inst/pred_target_o_reg[5]
INFO: [Physopt 32-663] Processed net student_top_inst/Core_cpu/cpu_core/if_id_inst/hold_inst_addr_reg[0].  Re-placed instance student_top_inst/Core_cpu/cpu_core/if_id_inst/hold_inst_addr_reg_reg[0]
INFO: [Physopt 32-663] Processed net student_top_inst/Core_cpu/cpu_core/if_id_inst/hold_inst_reg_reg_n_0_[11].  Re-placed instance student_top_inst/Core_cpu/cpu_core/if_id_inst/hold_inst_reg_reg[11]
INFO: [Physopt 32-662] Processed net student_top_inst/Core_cpu/cpu_core/if_id_inst/hold_pred_target_reg[23].  Did not re-place instance student_top_inst/Core_cpu/cpu_core/if_id_inst/hold_pred_target_reg_reg[23]
INFO: [Physopt 32-663] Processed net student_top_inst/Core_cpu/cpu_core/if_id_inst/hold_pred_target_reg[4].  Re-placed instance student_top_inst/Core_cpu/cpu_core/if_id_inst/hold_pred_target_reg_reg[4]
INFO: [Physopt 32-662] Processed net student_top_inst/Core_cpu/cpu_core/branch_predictor_inst/bp_fetch_pc_r_reg[30][26].  Did not re-place instance student_top_inst/Core_cpu/cpu_core/branch_predictor_inst/hold_pred_target_reg[26]_i_1
INFO: [Physopt 32-663] Processed net student_top_inst/Core_cpu/cpu_core/id_ex_inst/mtvec_r_reg[31][26].  Re-placed instance student_top_inst/Core_cpu/cpu_core/id_ex_inst/pc_o[26]_i_1
INFO: [Physopt 32-663] Processed net student_top_inst/Core_cpu/cpu_core/if_id_inst/pred_target_o_reg[26]_0.  Re-placed instance student_top_inst/Core_cpu/cpu_core/if_id_inst/pc_o[26]_i_4
INFO: [Physopt 32-662] Processed net student_top_inst/Core_cpu/cpu_core/pc_reg_inst/Q[26].  Did not re-place instance student_top_inst/Core_cpu/cpu_core/pc_reg_inst/pc_o_reg[26]
INFO: [Physopt 32-662] Processed net student_top_inst/Core_cpu/cpu_core/if_id_inst/hold_inst_addr_reg[11].  Did not re-place instance student_top_inst/Core_cpu/cpu_core/if_id_inst/hold_inst_addr_reg_reg[11]
INFO: [Physopt 32-662] Processed net student_top_inst/Core_cpu/cpu_core/if_id_inst/hold_inst_addr_reg[15].  Did not re-place instance student_top_inst/Core_cpu/cpu_core/if_id_inst/hold_inst_addr_reg_reg[15]
INFO: [Physopt 32-662] Processed net student_top_inst/Core_cpu/cpu_core/if_id_inst/hold_inst_addr_reg[26].  Did not re-place instance student_top_inst/Core_cpu/cpu_core/if_id_inst/hold_inst_addr_reg_reg[26]
INFO: [Physopt 32-662] Processed net student_top_inst/Core_cpu/cpu_core/if_id_inst/hold_inst_reg_reg_n_0_[26].  Did not re-place instance student_top_inst/Core_cpu/cpu_core/if_id_inst/hold_inst_reg_reg[26]
INFO: [Physopt 32-663] Processed net student_top_inst/Core_cpu/cpu_core/id_ex_inst/jump_offset_o_reg[31]_0[3].  Re-placed instance student_top_inst/Core_cpu/cpu_core/id_ex_inst/jump_offset_o_reg[3]
INFO: [Physopt 32-662] Processed net student_top_inst/Core_cpu/cpu_core/if_id_inst/if_id_inst_o[26].  Did not re-place instance student_top_inst/Core_cpu/cpu_core/if_id_inst/inst_o_reg[26]
INFO: [Physopt 32-662] Processed net student_top_inst/Core_cpu/cpu_core/if_id_inst/if_id_inst_addr_o[18].  Did not re-place instance student_top_inst/Core_cpu/cpu_core/if_id_inst/inst_addr_o_reg[18]
INFO: [Physopt 32-662] Processed net student_top_inst/Core_cpu/cpu_core/if_id_inst/if_id_inst_addr_o[21].  Did not re-place instance student_top_inst/Core_cpu/cpu_core/if_id_inst/inst_addr_o_reg[21]
INFO: [Physopt 32-662] Processed net student_top_inst/Core_cpu/cpu_core/if_id_inst/if_id_inst_addr_o[29].  Did not re-place instance student_top_inst/Core_cpu/cpu_core/if_id_inst/inst_addr_o_reg[29]
INFO: [Physopt 32-662] Processed net student_top_inst/Core_cpu/cpu_core/if_id_inst/hold_inst_addr_reg[14].  Did not re-place instance student_top_inst/Core_cpu/cpu_core/if_id_inst/hold_inst_addr_reg_reg[14]
INFO: [Physopt 32-662] Processed net student_top_inst/Core_cpu/cpu_core/if_id_inst/hold_inst_addr_reg[24].  Did not re-place instance student_top_inst/Core_cpu/cpu_core/if_id_inst/hold_inst_addr_reg_reg[24]
INFO: [Physopt 32-662] Processed net student_top_inst/Core_cpu/cpu_core/if_id_inst/hold_inst_reg_reg_n_0_[20].  Did not re-place instance student_top_inst/Core_cpu/cpu_core/if_id_inst/hold_inst_reg_reg[20]
INFO: [Physopt 32-662] Processed net student_top_inst/Core_cpu/cpu_core/if_id_inst/hold_pred_target_reg[12].  Did not re-place instance student_top_inst/Core_cpu/cpu_core/if_id_inst/hold_pred_target_reg_reg[12]
INFO: [Physopt 32-662] Processed net student_top_inst/Core_cpu/cpu_core/if_id_inst/hold_inst_addr_reg[10].  Did not re-place instance student_top_inst/Core_cpu/cpu_core/if_id_inst/hold_inst_addr_reg_reg[10]
INFO: [Physopt 32-662] Processed net student_top_inst/Core_cpu/cpu_core/if_id_inst/hold_inst_addr_reg[18].  Did not re-place instance student_top_inst/Core_cpu/cpu_core/if_id_inst/hold_inst_addr_reg_reg[18]
INFO: [Physopt 32-662] Processed net student_top_inst/Core_cpu/cpu_core/if_id_inst/hold_inst_addr_reg[21].  Did not re-place instance student_top_inst/Core_cpu/cpu_core/if_id_inst/hold_inst_addr_reg_reg[21]
INFO: [Physopt 32-662] Processed net student_top_inst/Core_cpu/cpu_core/if_id_inst/hold_inst_reg_reg_n_0_[4].  Did not re-place instance student_top_inst/Core_cpu/cpu_core/if_id_inst/hold_inst_reg_reg[4]
INFO: [Physopt 32-662] Processed net student_top_inst/Core_cpu/cpu_core/if_id_inst/hold_inst_addr_reg[31].  Did not re-place instance student_top_inst/Core_cpu/cpu_core/if_id_inst/hold_inst_addr_reg_reg[31]
INFO: [Physopt 32-662] Processed net student_top_inst/Core_cpu/cpu_core/if_id_inst/hold_inst_reg_reg_n_0_[10].  Did not re-place instance student_top_inst/Core_cpu/cpu_core/if_id_inst/hold_inst_reg_reg[10]
INFO: [Physopt 32-662] Processed net student_top_inst/Core_cpu/cpu_core/if_id_inst/hold_inst_reg_reg_n_0_[13].  Did not re-place instance student_top_inst/Core_cpu/cpu_core/if_id_inst/hold_inst_reg_reg[13]
INFO: [Physopt 32-662] Processed net student_top_inst/Core_cpu/cpu_core/if_id_inst/hold_pred_ghr_reg[2].  Did not re-place instance student_top_inst/Core_cpu/cpu_core/if_id_inst/hold_pred_ghr_reg_reg[2]
INFO: [Physopt 32-662] Processed net student_top_inst/Core_cpu/cpu_core/if_id_inst/b_imm_inst__25_n_0.  Did not re-place instance student_top_inst/Core_cpu/cpu_core/if_id_inst/b_imm_inst__25
INFO: [Physopt 32-663] Processed net student_top_inst/Core_cpu/cpu_core/if_id_inst/if_id_inst_addr_o[28].  Re-placed instance student_top_inst/Core_cpu/cpu_core/if_id_inst/inst_addr_o_reg[28]
INFO: [Physopt 32-663] Processed net student_top_inst/Core_cpu/cpu_core/if_id_inst/if_id_inst_o[27].  Re-placed instance student_top_inst/Core_cpu/cpu_core/if_id_inst/inst_o_reg[27]
INFO: [Physopt 32-663] Processed net student_top_inst/Core_cpu/cpu_core/if_id_inst/if_id_inst_addr_o[15].  Re-placed instance student_top_inst/Core_cpu/cpu_core/if_id_inst/inst_addr_o_reg[15]
INFO: [Physopt 32-662] Processed net student_top_inst/Core_cpu/cpu_core/if_id_inst/if_id_inst_addr_o[22].  Did not re-place instance student_top_inst/Core_cpu/cpu_core/if_id_inst/inst_addr_o_reg[22]
INFO: [Physopt 32-662] Processed net student_top_inst/Core_cpu/cpu_core/if_id_inst/if_id_pred_target_o[7].  Did not re-place instance student_top_inst/Core_cpu/cpu_core/if_id_inst/pred_target_o_reg[7]
INFO: [Physopt 32-662] Processed net student_top_inst/Core_cpu/cpu_core/id_ex_inst/jump_en_d1_i_14_n_0.  Did not re-place instance student_top_inst/Core_cpu/cpu_core/id_ex_inst/jump_en_d1_i_14
INFO: [Physopt 32-663] Processed net student_top_inst/Core_cpu/cpu_core/id_ex_inst/base_addr_o_reg[31]_0[12].  Re-placed instance student_top_inst/Core_cpu/cpu_core/id_ex_inst/base_addr_o_reg[12]
INFO: [Physopt 32-662] Processed net student_top_inst/Core_cpu/cpu_core/id_ex_inst/pc_o[15]_i_11_n_0.  Did not re-place instance student_top_inst/Core_cpu/cpu_core/id_ex_inst/pc_o[15]_i_11
INFO: [Physopt 32-662] Processed net student_top_inst/Core_cpu/cpu_core/if_id_inst/if_id_pred_target_o[22].  Did not re-place instance student_top_inst/Core_cpu/cpu_core/if_id_inst/pred_target_o_reg[22]
INFO: [Physopt 32-662] Processed net student_top_inst/Core_cpu/cpu_core/branch_predictor_inst/bp_fetch_pc_r_reg[30][31].  Did not re-place instance student_top_inst/Core_cpu/cpu_core/branch_predictor_inst/hold_pred_target_reg[31]_i_1
INFO: [Physopt 32-663] Processed net student_top_inst/Core_cpu/cpu_core/id_ex_inst/mtvec_r_reg[31][31].  Re-placed instance student_top_inst/Core_cpu/cpu_core/id_ex_inst/pc_o[31]_i_1
INFO: [Physopt 32-662] Processed net student_top_inst/Core_cpu/cpu_core/if_id_inst/pred_target_o_reg[31]_0.  Did not re-place instance student_top_inst/Core_cpu/cpu_core/if_id_inst/pc_o[31]_i_4
INFO: [Physopt 32-662] Processed net student_top_inst/Core_cpu/cpu_core/pc_reg_inst/Q[31].  Did not re-place instance student_top_inst/Core_cpu/cpu_core/pc_reg_inst/pc_o_reg[31]
INFO: [Physopt 32-662] Processed net student_top_inst/Core_cpu/cpu_core/if_id_inst/hold_inst_reg_reg_n_0_[31].  Did not re-place instance student_top_inst/Core_cpu/cpu_core/if_id_inst/hold_inst_reg_reg[31]
INFO: [Physopt 32-662] Processed net student_top_inst/Core_cpu/cpu_core/if_id_inst/hold_inst_reg_reg_n_0_[7].  Did not re-place instance student_top_inst/Core_cpu/cpu_core/if_id_inst/hold_inst_reg_reg[7]
INFO: [Physopt 32-662] Processed net student_top_inst/Core_cpu/cpu_core/if_id_inst/hold_pred_target_reg[10].  Did not re-place instance student_top_inst/Core_cpu/cpu_core/if_id_inst/hold_pred_target_reg_reg[10]
INFO: [Physopt 32-662] Processed net student_top_inst/Core_cpu/cpu_core/if_id_inst/hold_pred_target_reg[7].  Did not re-place instance student_top_inst/Core_cpu/cpu_core/if_id_inst/hold_pred_target_reg_reg[7]
INFO: [Physopt 32-662] Processed net student_top_inst/Core_cpu/cpu_core/if_id_inst/if_id_pred_ghr_o[2].  Did not re-place instance student_top_inst/Core_cpu/cpu_core/if_id_inst/pred_ghr_o_reg[2]
INFO: [Physopt 32-662] Processed net student_top_inst/Core_cpu/cpu_core/if_id_inst/if_id_pred_ghr_o[4].  Did not re-place instance student_top_inst/Core_cpu/cpu_core/if_id_inst/pred_ghr_o_reg[4]
INFO: [Physopt 32-662] Processed net student_top_inst/Core_cpu/cpu_core/if_id_inst/if_id_pred_ghr_o[6].  Did not re-place instance student_top_inst/Core_cpu/cpu_core/if_id_inst/pred_ghr_o_reg[6]
INFO: [Physopt 32-662] Processed net student_top_inst/Core_cpu/cpu_core/if_id_inst/hold_inst_reg_reg_n_0_[9].  Did not re-place instance student_top_inst/Core_cpu/cpu_core/if_id_inst/hold_inst_reg_reg[9]
INFO: [Physopt 32-662] Processed net student_top_inst/Core_cpu/cpu_core/if_id_inst/hold_pred_target_reg[26].  Did not re-place instance student_top_inst/Core_cpu/cpu_core/if_id_inst/hold_pred_target_reg_reg[26]
INFO: [Physopt 32-662] Processed net student_top_inst/Core_cpu/cpu_core/if_id_inst/hold_pred_target_reg[29].  Did not re-place instance student_top_inst/Core_cpu/cpu_core/if_id_inst/hold_pred_target_reg_reg[29]
INFO: [Physopt 32-662] Processed net student_top_inst/Core_cpu/cpu_core/if_id_inst/hold_pred_target_reg[7]_i_6_n_0.  Did not re-place instance student_top_inst/Core_cpu/cpu_core/if_id_inst/hold_pred_target_reg[7]_i_6
INFO: [Physopt 32-662] Processed net student_top_inst/Core_cpu/cpu_core/if_id_inst/bp_fetch_redirect.  Did not re-place instance student_top_inst/Core_cpu/cpu_core/if_id_inst/pc_o[31]_i_11
INFO: [Physopt 32-662] Processed net student_top_inst/Core_cpu/cpu_core/if_id_inst/bp_fetch_valid_r_reg.  Did not re-place instance student_top_inst/Core_cpu/cpu_core/if_id_inst/hold_pred_target_reg[31]_i_4
INFO: [Physopt 32-662] Processed net student_top_inst/Core_cpu/cpu_core/branch_predictor_inst/bp_pred_taken_o.  Did not re-place instance student_top_inst/Core_cpu/cpu_core/branch_predictor_inst/hold_pred_taken_reg_i_1
INFO: [Physopt 32-662] Processed net student_top_inst/Core_cpu/cpu_core/id_ex_inst/mtvec_r_reg[31][22].  Did not re-place instance student_top_inst/Core_cpu/cpu_core/id_ex_inst/pc_o[22]_i_2
INFO: [Physopt 32-662] Processed net student_top_inst/Core_cpu/cpu_core/if_id_inst/pred_target_o_reg[22]_0.  Did not re-place instance student_top_inst/Core_cpu/cpu_core/if_id_inst/pc_o[22]_i_5
INFO: [Physopt 32-662] Processed net student_top_inst/Core_cpu/cpu_core/pc_reg_inst/Q[22].  Did not re-place instance student_top_inst/Core_cpu/cpu_core/pc_reg_inst/pc_o_reg[22]
INFO: [Physopt 32-662] Processed net student_top_inst/Core_cpu/cpu_core/branch_predictor_inst/bp_fetch_pc_r_reg[30][24].  Did not re-place instance student_top_inst/Core_cpu/cpu_core/branch_predictor_inst/hold_pred_target_reg[24]_i_1
INFO: [Physopt 32-663] Processed net student_top_inst/Core_cpu/cpu_core/id_ex_inst/mtvec_r_reg[31][24].  Re-placed instance student_top_inst/Core_cpu/cpu_core/id_ex_inst/pc_o[24]_i_1
INFO: [Physopt 32-662] Processed net student_top_inst/Core_cpu/cpu_core/if_id_inst/pred_target_o_reg[24]_0.  Did not re-place instance student_top_inst/Core_cpu/cpu_core/if_id_inst/pc_o[24]_i_4
INFO: [Physopt 32-662] Processed net student_top_inst/Core_cpu/cpu_core/pc_reg_inst/Q[24].  Did not re-place instance student_top_inst/Core_cpu/cpu_core/pc_reg_inst/pc_o_reg[24]
INFO: [Physopt 32-662] Processed net student_top_inst/Core_cpu/cpu_core/id_ex_inst/base_addr_o_reg[31]_0[9].  Did not re-place instance student_top_inst/Core_cpu/cpu_core/id_ex_inst/base_addr_o_reg[9]
INFO: [Physopt 32-662] Processed net student_top_inst/Core_cpu/cpu_core/id_ex_inst/pc_o[11]_i_10_n_0.  Did not re-place instance student_top_inst/Core_cpu/cpu_core/id_ex_inst/pc_o[11]_i_10
INFO: [Physopt 32-663] Processed net student_top_inst/Core_cpu/cpu_core/id_ex_inst/base_addr_o_reg[31]_0[11].  Re-placed instance student_top_inst/Core_cpu/cpu_core/id_ex_inst/base_addr_o_reg[11]
INFO: [Physopt 32-662] Processed net student_top_inst/Core_cpu/cpu_core/id_ex_inst/pc_o[11]_i_8_n_0.  Did not re-place instance student_top_inst/Core_cpu/cpu_core/id_ex_inst/pc_o[11]_i_8
INFO: [Physopt 32-662] Processed net student_top_inst/Core_cpu/cpu_core/if_id_inst/hold_pred_ghr_reg[1].  Did not re-place instance student_top_inst/Core_cpu/cpu_core/if_id_inst/hold_pred_ghr_reg_reg[1]
INFO: [Physopt 32-662] Processed net student_top_inst/Core_cpu/cpu_core/if_id_inst/hold_pred_target_reg[17].  Did not re-place instance student_top_inst/Core_cpu/cpu_core/if_id_inst/hold_pred_target_reg_reg[17]
INFO: [Physopt 32-662] Processed net student_top_inst/Core_cpu/cpu_core/if_id_inst/hold_pred_target_reg[19].  Did not re-place instance student_top_inst/Core_cpu/cpu_core/if_id_inst/hold_pred_target_reg_reg[19]
INFO: [Physopt 32-662] Processed net student_top_inst/Core_cpu/cpu_core/if_id_inst/hold_pred_target_reg[2].  Did not re-place instance student_top_inst/Core_cpu/cpu_core/if_id_inst/hold_pred_target_reg_reg[2]
INFO: [Physopt 32-663] Processed net student_top_inst/Core_cpu/cpu_core/id_ex_inst/jump_offset_o_reg[31]_0[6].  Re-placed instance student_top_inst/Core_cpu/cpu_core/id_ex_inst/jump_offset_o_reg[6]
INFO: [Physopt 32-663] Processed net student_top_inst/Core_cpu/cpu_core/id_ex_inst/jump_offset_o_reg[31]_0[7].  Re-placed instance student_top_inst/Core_cpu/cpu_core/id_ex_inst/jump_offset_o_reg[7]
INFO: [Physopt 32-662] Processed net student_top_inst/Core_cpu/cpu_core/branch_predictor_inst/bp_fetch_pc_r_reg[30][18].  Did not re-place instance student_top_inst/Core_cpu/cpu_core/branch_predictor_inst/hold_pred_target_reg[18]_i_1
INFO: [Physopt 32-663] Processed net student_top_inst/Core_cpu/cpu_core/id_ex_inst/mtvec_r_reg[31][18].  Re-placed instance student_top_inst/Core_cpu/cpu_core/id_ex_inst/pc_o[18]_i_1
INFO: [Physopt 32-663] Processed net student_top_inst/Core_cpu/cpu_core/if_id_inst/pred_target_o_reg[18]_0.  Re-placed instance student_top_inst/Core_cpu/cpu_core/if_id_inst/pc_o[18]_i_4
INFO: [Physopt 32-662] Processed net student_top_inst/Core_cpu/cpu_core/pc_reg_inst/Q[18].  Did not re-place instance student_top_inst/Core_cpu/cpu_core/pc_reg_inst/pc_o_reg[18]
INFO: [Physopt 32-662] Processed net student_top_inst/Core_cpu/cpu_core/ex_mem_inst/dff_inst/done_r_reg_rep__41_0.  Did not re-place instance student_top_inst/Core_cpu/cpu_core/ex_mem_inst/dff_inst/flush_ifid_o_inst_i_4
INFO: [Physopt 32-662] Processed net student_top_inst/Core_cpu/cpu_core/if_id_inst/id_use_rs2_o.  Did not re-place instance student_top_inst/Core_cpu/cpu_core/if_id_inst/use_rs2_o_i_2
INFO: [Physopt 32-662] Processed net student_top_inst/Core_cpu/cpu_core/if_id_inst/op1_o[31]_i_8_n_0.  Did not re-place instance student_top_inst/Core_cpu/cpu_core/if_id_inst/op1_o[31]_i_8
INFO: [Physopt 32-662] Processed net student_top_inst/Core_cpu/cpu_core/if_id_inst/inst_o_reg[5]_rep__11.  Did not re-place instance student_top_inst/Core_cpu/cpu_core/if_id_inst/flush_ifid_o_inst_i_8
INFO: [Physopt 32-662] Processed net student_top_inst/Core_cpu/cpu_core/if_id_inst/data_o_reg[6].  Did not re-place instance student_top_inst/Core_cpu/cpu_core/if_id_inst/is_holding_reg_i_2
INFO: [Physopt 32-662] Processed net student_top_inst/Core_cpu/cpu_core/id_ex_inst/inst_o_reg[6]_rep__12_0.  Did not re-place instance student_top_inst/Core_cpu/cpu_core/id_ex_inst/flush_ifid_o_inst_i_17
INFO: [Physopt 32-662] Processed net student_top_inst/Core_cpu/cpu_core/if_id_inst/flush_ifid_o_inst_i_21_n_0.  Did not re-place instance student_top_inst/Core_cpu/cpu_core/if_id_inst/flush_ifid_o_inst_i_21
INFO: [Physopt 32-662] Processed net student_top_inst/Core_cpu/cpu_core/pc_reg_inst/pc_o[4]_i_8_n_0.  Did not re-place instance student_top_inst/Core_cpu/cpu_core/pc_reg_inst/pc_o[4]_i_8
INFO: [Physopt 32-662] Processed net student_top_inst/Core_cpu/cpu_core/id_ex_inst/func3_r[2]_i_3_n_0.  Did not re-place instance student_top_inst/Core_cpu/cpu_core/id_ex_inst/func3_r[2]_i_3
INFO: [Physopt 32-662] Processed net student_top_inst/Core_cpu/cpu_core/ex_inst/rv32m_iter_inst/jump_en_d1_reg_1.  Did not re-place instance student_top_inst/Core_cpu/cpu_core/ex_inst/rv32m_iter_inst/internal_flush_inst__13_i_3
INFO: [Physopt 32-663] Processed net student_top_inst/Core_cpu/cpu_core/id_ex_inst/inst_o_reg[27]_0[21].  Re-placed instance student_top_inst/Core_cpu/cpu_core/id_ex_inst/inst_o_reg[25]
INFO: [Physopt 32-662] Processed net student_top_inst/Core_cpu/cpu_core/id_ex_inst/inst_o_reg[31]_0.  Did not re-place instance student_top_inst/Core_cpu/cpu_core/id_ex_inst/internal_flush_inst__1_i_5
INFO: [Physopt 32-663] Processed net student_top_inst/Core_cpu/cpu_core/id_ex_inst/jump_en_d1_i_4_n_0.  Re-placed instance student_top_inst/Core_cpu/cpu_core/id_ex_inst/jump_en_d1_i_4
INFO: [Physopt 32-662] Processed net student_top_inst/Core_cpu/cpu_core/if_id_inst/hold_inst_addr_reg[13].  Did not re-place instance student_top_inst/Core_cpu/cpu_core/if_id_inst/hold_inst_addr_reg_reg[13]
INFO: [Physopt 32-662] Processed net student_top_inst/Core_cpu/cpu_core/if_id_inst/hold_inst_addr_reg[1].  Did not re-place instance student_top_inst/Core_cpu/cpu_core/if_id_inst/hold_inst_addr_reg_reg[1]
INFO: [Physopt 32-662] Processed net student_top_inst/Core_cpu/cpu_core/if_id_inst/hold_inst_addr_reg[3].  Did not re-place instance student_top_inst/Core_cpu/cpu_core/if_id_inst/hold_inst_addr_reg_reg[3]
INFO: [Physopt 32-662] Processed net student_top_inst/Core_cpu/cpu_core/if_id_inst/hold_inst_addr_reg[8].  Did not re-place instance student_top_inst/Core_cpu/cpu_core/if_id_inst/hold_inst_addr_reg_reg[8]
INFO: [Physopt 32-662] Processed net student_top_inst/Core_cpu/cpu_core/if_id_inst/Q[9].  Did not re-place instance student_top_inst/Core_cpu/cpu_core/if_id_inst/inst_o_reg[24]
INFO: [Physopt 32-663] Processed net student_top_inst/Core_cpu/cpu_core/id_ex_inst/jump_offset_o_reg[31]_0[9].  Re-placed instance student_top_inst/Core_cpu/cpu_core/id_ex_inst/jump_offset_o_reg[9]
INFO: [Physopt 32-662] Processed net student_top_inst/Core_cpu/cpu_core/if_id_inst/if_id_inst_addr_o[13].  Did not re-place instance student_top_inst/Core_cpu/cpu_core/if_id_inst/inst_addr_o_reg[13]
INFO: [Physopt 32-662] Processed net student_top_inst/Core_cpu/cpu_core/if_id_inst/if_id_pred_target_o[16].  Did not re-place instance student_top_inst/Core_cpu/cpu_core/if_id_inst/pred_target_o_reg[16]
INFO: [Physopt 32-662] Processed net student_top_inst/Core_cpu/cpu_core/if_id_inst/if_id_pred_target_o[30].  Did not re-place instance student_top_inst/Core_cpu/cpu_core/if_id_inst/pred_target_o_reg[30]
INFO: [Physopt 32-662] Processed net student_top_inst/Core_cpu/cpu_core/if_id_inst/hold_inst_addr_reg[25].  Did not re-place instance student_top_inst/Core_cpu/cpu_core/if_id_inst/hold_inst_addr_reg_reg[25]
INFO: [Physopt 32-662] Processed net student_top_inst/Core_cpu/cpu_core/if_id_inst/hold_inst_reg_reg_n_0_[22].  Did not re-place instance student_top_inst/Core_cpu/cpu_core/if_id_inst/hold_inst_reg_reg[22]
INFO: [Physopt 32-662] Processed net student_top_inst/Core_cpu/cpu_core/if_id_inst/hold_inst_reg_reg_n_0_[24].  Did not re-place instance student_top_inst/Core_cpu/cpu_core/if_id_inst/hold_inst_reg_reg[24]
INFO: [Physopt 32-662] Processed net student_top_inst/Core_cpu/cpu_core/if_id_inst/hold_inst_reg_reg_n_0_[27].  Did not re-place instance student_top_inst/Core_cpu/cpu_core/if_id_inst/hold_inst_reg_reg[27]
INFO: [Physopt 32-662] Processed net student_top_inst/Core_cpu/cpu_core/if_id_inst/b_imm_inst__17_n_0.  Did not re-place instance student_top_inst/Core_cpu/cpu_core/if_id_inst/b_imm_inst__17
INFO: [Physopt 32-662] Processed net student_top_inst/Core_cpu/cpu_core/if_id_inst/if_id_inst_o[28].  Did not re-place instance student_top_inst/Core_cpu/cpu_core/if_id_inst/inst_o_reg[28]
INFO: [Physopt 32-661] Optimized 87 nets.  Re-placed 87 instances.
INFO: [Physopt 32-775] End 1 Pass. Optimized 87 nets or cells. Created 0 new cell, deleted 0 existing cell and moved 87 existing cells
INFO: [Physopt 32-619] Estimated Timing Summary | WNS=-0.035 | TNS=-0.035 |
Netlist sorting complete. Time (s): cpu = 00:00:00 ; elapsed = 00:00:00.008 . Memory (MB): peak = 2259.238 ; gain = 0.000
Phase 4 Single Cell Placement Optimization | Checksum: 72b93f6f

Time (s): cpu = 00:01:10 ; elapsed = 00:00:42 . Memory (MB): peak = 2259.238 ; gain = 0.000

Phase 5 Multi Cell Placement Optimization
INFO: [Physopt 32-660] Identified 100 candidate nets for placement-based optimization.
INFO: [Physopt 32-663] Processed net student_top_inst/Core_cpu/cpu_core/ctrl_inst/jump_en_d1_reg_rep__2_2.  Re-placed instance student_top_inst/Core_cpu/cpu_core/ctrl_inst/flush_ifid_o_inst__0/O
INFO: [Physopt 32-661] Optimized 1 net.  Re-placed 2 instances.
INFO: [Physopt 32-775] End 1 Pass. Optimized 1 net or cell. Created 0 new cell, deleted 0 existing cell and moved 2 existing cells
INFO: [Physopt 32-619] Estimated Timing Summary | WNS=0.020 | TNS=0.000 |
Netlist sorting complete. Time (s): cpu = 00:00:00 ; elapsed = 00:00:00.005 . Memory (MB): peak = 2259.238 ; gain = 0.000
Phase 5 Multi Cell Placement Optimization | Checksum: cdbaded6

Time (s): cpu = 00:01:12 ; elapsed = 00:00:43 . Memory (MB): peak = 2259.238 ; gain = 0.000

Phase 6 Rewire
INFO: [Physopt 32-670] No setup violation found.  Rewire was not performed.
Phase 6 Rewire | Checksum: cdbaded6

Time (s): cpu = 00:01:12 ; elapsed = 00:00:43 . Memory (MB): peak = 2259.238 ; gain = 0.000

Phase 7 Critical Cell Optimization
INFO: [Physopt 32-670] No setup violation found.  Critical Cell Optimization was not performed.
Phase 7 Critical Cell Optimization | Checksum: cdbaded6

Time (s): cpu = 00:01:12 ; elapsed = 00:00:43 . Memory (MB): peak = 2259.238 ; gain = 0.000

Phase 8 Fanout Optimization
INFO: [Physopt 32-670] No setup violation found.  Fanout Optimization was not performed.
Netlist sorting complete. Time (s): cpu = 00:00:00 ; elapsed = 00:00:00.005 . Memory (MB): peak = 2259.238 ; gain = 0.000
Phase 8 Fanout Optimization | Checksum: cdbaded6

Time (s): cpu = 00:01:12 ; elapsed = 00:00:43 . Memory (MB): peak = 2259.238 ; gain = 0.000

Phase 9 Single Cell Placement Optimization
INFO: [Physopt 32-670] No setup violation found.  Single Cell Placement Optimization was not performed.
Netlist sorting complete. Time (s): cpu = 00:00:00 ; elapsed = 00:00:00.006 . Memory (MB): peak = 2259.238 ; gain = 0.000
Phase 9 Single Cell Placement Optimization | Checksum: cdbaded6

Time (s): cpu = 00:01:12 ; elapsed = 00:00:43 . Memory (MB): peak = 2259.238 ; gain = 0.000

Phase 10 Multi Cell Placement Optimization
INFO: [Physopt 32-670] No setup violation found.  Multi Cell Placement Optimization was not performed.
Phase 10 Multi Cell Placement Optimization | Checksum: cdbaded6

Time (s): cpu = 00:01:12 ; elapsed = 00:00:43 . Memory (MB): peak = 2259.238 ; gain = 0.000

Phase 11 Rewire
INFO: [Physopt 32-670] No setup violation found.  Rewire was not performed.
Phase 11 Rewire | Checksum: cdbaded6

Time (s): cpu = 00:01:12 ; elapsed = 00:00:43 . Memory (MB): peak = 2259.238 ; gain = 0.000

Phase 12 Critical Cell Optimization
INFO: [Physopt 32-670] No setup violation found.  Critical Cell Optimization was not performed.
Phase 12 Critical Cell Optimization | Checksum: cdbaded6

Time (s): cpu = 00:01:12 ; elapsed = 00:00:43 . Memory (MB): peak = 2259.238 ; gain = 0.000

Phase 13 SLR Crossing Optimization
Phase 13 SLR Crossing Optimization | Checksum: cdbaded6

Time (s): cpu = 00:01:12 ; elapsed = 00:00:43 . Memory (MB): peak = 2259.238 ; gain = 0.000

Phase 14 Fanout Optimization
INFO: [Physopt 32-670] No setup violation found.  Fanout Optimization was not performed.
Netlist sorting complete. Time (s): cpu = 00:00:00 ; elapsed = 00:00:00.006 . Memory (MB): peak = 2259.238 ; gain = 0.000
Phase 14 Fanout Optimization | Checksum: cdbaded6

Time (s): cpu = 00:01:12 ; elapsed = 00:00:43 . Memory (MB): peak = 2259.238 ; gain = 0.000

Phase 15 Single Cell Placement Optimization
INFO: [Physopt 32-670] No setup violation found.  Single Cell Placement Optimization was not performed.
Netlist sorting complete. Time (s): cpu = 00:00:00 ; elapsed = 00:00:00.005 . Memory (MB): peak = 2259.238 ; gain = 0.000
Phase 15 Single Cell Placement Optimization | Checksum: cdbaded6

Time (s): cpu = 00:01:12 ; elapsed = 00:00:43 . Memory (MB): peak = 2259.238 ; gain = 0.000

Phase 16 Multi Cell Placement Optimization
INFO: [Physopt 32-670] No setup violation found.  Multi Cell Placement Optimization was not performed.
Phase 16 Multi Cell Placement Optimization | Checksum: cdbaded6

Time (s): cpu = 00:01:12 ; elapsed = 00:00:43 . Memory (MB): peak = 2259.238 ; gain = 0.000

Phase 17 Rewire
INFO: [Physopt 32-670] No setup violation found.  Rewire was not performed.
Phase 17 Rewire | Checksum: cdbaded6

Time (s): cpu = 00:01:12 ; elapsed = 00:00:43 . Memory (MB): peak = 2259.238 ; gain = 0.000

Phase 18 Critical Cell Optimization
INFO: [Physopt 32-670] No setup violation found.  Critical Cell Optimization was not performed.
Phase 18 Critical Cell Optimization | Checksum: cdbaded6

Time (s): cpu = 00:01:12 ; elapsed = 00:00:43 . Memory (MB): peak = 2259.238 ; gain = 0.000

Phase 19 DSP Register Optimization
INFO: [Physopt 32-670] No setup violation found.  DSP Register Optimization was not performed.
Phase 19 DSP Register Optimization | Checksum: cdbaded6

Time (s): cpu = 00:01:12 ; elapsed = 00:00:43 . Memory (MB): peak = 2259.238 ; gain = 0.000

Phase 20 BRAM Register Optimization
INFO: [Physopt 32-670] No setup violation found.  BRAM Register Optimization was not performed.
Phase 20 BRAM Register Optimization | Checksum: cdbaded6

Time (s): cpu = 00:01:12 ; elapsed = 00:00:43 . Memory (MB): peak = 2259.238 ; gain = 0.000

Phase 21 URAM Register Optimization
INFO: [Physopt 32-670] No setup violation found.  URAM Register Optimization was not performed.
Phase 21 URAM Register Optimization | Checksum: cdbaded6

Time (s): cpu = 00:01:12 ; elapsed = 00:00:43 . Memory (MB): peak = 2259.238 ; gain = 0.000

Phase 22 Shift Register Optimization
INFO: [Physopt 32-670] No setup violation found.  Shift Register Optimization was not performed.
Phase 22 Shift Register Optimization | Checksum: cdbaded6

Time (s): cpu = 00:01:12 ; elapsed = 00:00:43 . Memory (MB): peak = 2259.238 ; gain = 0.000

Phase 23 DSP Register Optimization
INFO: [Physopt 32-670] No setup violation found.  DSP Register Optimization was not performed.
Phase 23 DSP Register Optimization | Checksum: cdbaded6

Time (s): cpu = 00:01:12 ; elapsed = 00:00:43 . Memory (MB): peak = 2259.238 ; gain = 0.000

Phase 24 BRAM Register Optimization
INFO: [Physopt 32-670] No setup violation found.  BRAM Register Optimization was not performed.
Phase 24 BRAM Register Optimization | Checksum: cdbaded6

Time (s): cpu = 00:01:12 ; elapsed = 00:00:43 . Memory (MB): peak = 2259.238 ; gain = 0.000

Phase 25 URAM Register Optimization
INFO: [Physopt 32-670] No setup violation found.  URAM Register Optimization was not performed.
Phase 25 URAM Register Optimization | Checksum: cdbaded6

Time (s): cpu = 00:01:12 ; elapsed = 00:00:43 . Memory (MB): peak = 2259.238 ; gain = 0.000

Phase 26 Shift Register Optimization
INFO: [Physopt 32-670] No setup violation found.  Shift Register Optimization was not performed.
Phase 26 Shift Register Optimization | Checksum: cdbaded6

Time (s): cpu = 00:01:12 ; elapsed = 00:00:43 . Memory (MB): peak = 2259.238 ; gain = 0.000

Phase 27 Critical Pin Optimization
INFO: [Physopt 32-670] No setup violation found.  Critical Pin Optimization was not performed.
Phase 27 Critical Pin Optimization | Checksum: cdbaded6

Time (s): cpu = 00:01:12 ; elapsed = 00:00:43 . Memory (MB): peak = 2259.238 ; gain = 0.000

Phase 28 Very High Fanout Optimization
INFO: [Physopt 32-65] No nets found for high-fanout optimization.
INFO: [Physopt 32-232] Optimized 0 net. Created 0 new instance.
INFO: [Physopt 32-775] End 1 Pass. Optimized 0 net or cell. Created 0 new cell, deleted 0 existing cell and moved 0 existing cell
Phase 28 Very High Fanout Optimization | Checksum: cdbaded6

Time (s): cpu = 00:01:12 ; elapsed = 00:00:43 . Memory (MB): peak = 2259.238 ; gain = 0.000

Phase 29 Single Cell Placement Optimization
INFO: [Physopt 32-670] No setup violation found.  Single Cell Placement Optimization was not performed.
Netlist sorting complete. Time (s): cpu = 00:00:00 ; elapsed = 00:00:00.006 . Memory (MB): peak = 2259.238 ; gain = 0.000
Phase 29 Single Cell Placement Optimization | Checksum: cdbaded6

Time (s): cpu = 00:01:12 ; elapsed = 00:00:43 . Memory (MB): peak = 2259.238 ; gain = 0.000

Phase 30 Multi Cell Placement Optimization
INFO: [Physopt 32-670] No setup violation found.  Multi Cell Placement Optimization was not performed.
Phase 30 Multi Cell Placement Optimization | Checksum: cdbaded6

Time (s): cpu = 00:01:12 ; elapsed = 00:00:43 . Memory (MB): peak = 2259.238 ; gain = 0.000

Phase 31 SLR Crossing Optimization
Phase 31 SLR Crossing Optimization | Checksum: cdbaded6

Time (s): cpu = 00:01:12 ; elapsed = 00:00:43 . Memory (MB): peak = 2259.238 ; gain = 0.000

Phase 32 Critical Path Optimization
INFO: [Physopt 32-619] Estimated Timing Summary | WNS=0.020 | TNS=0.000 |
INFO: [Physopt 32-619] Estimated Timing Summary | WNS=0.020 | TNS=0.000 |
Netlist sorting complete. Time (s): cpu = 00:00:00 ; elapsed = 00:00:00.006 . Memory (MB): peak = 2259.238 ; gain = 0.000
Phase 32 Critical Path Optimization | Checksum: cdbaded6

Time (s): cpu = 00:01:12 ; elapsed = 00:00:43 . Memory (MB): peak = 2259.238 ; gain = 0.000

Phase 33 BRAM Enable Optimization
Phase 33 BRAM Enable Optimization | Checksum: cdbaded6

Time (s): cpu = 00:01:12 ; elapsed = 00:00:43 . Memory (MB): peak = 2259.238 ; gain = 0.000
INFO: [Physopt 32-960] Skip hold-fix as initial WHS does not violate hold threshold 250 ps
Netlist sorting complete. Time (s): cpu = 00:00:00 ; elapsed = 00:00:00.005 . Memory (MB): peak = 2259.238 ; gain = 0.000
INFO: [Physopt 32-603] Post Physical Optimization Timing Summary | WNS=0.020 | TNS=0.000 |

Summary of Physical Synthesis Optimizations
============================================


----------------------------------------------------------------------------------------------------------------------------------------------------------------------
|  Optimization            |  WNS Gain (ns)  |  TNS Gain (ns)  |  Added Cells  |  Removed Cells  |  Optimized Cells/Nets  |  Dont Touch  |  Iterations  |  Elapsed   |
----------------------------------------------------------------------------------------------------------------------------------------------------------------------
|  Fanout                  |          0.000  |          0.000  |            0  |              0  |                     0  |           0  |           1  |  00:00:05  |
|  Single Cell Placement   |          0.037  |          0.525  |            0  |              0  |                    87  |           0  |           1  |  00:00:35  |
|  Multi Cell Placement    |          0.055  |          0.035  |            0  |              0  |                     1  |           0  |           1  |  00:00:00  |
|  Rewire                  |          0.000  |          0.000  |            0  |              0  |                     0  |           0  |           0  |  00:00:00  |
|  Critical Cell           |          0.000  |          0.000  |            0  |              0  |                     0  |           0  |           0  |  00:00:00  |
|  SLR Crossing            |          0.000  |          0.000  |            0  |              0  |                     0  |           0  |           3  |  00:00:00  |
|  DSP Register            |          0.000  |          0.000  |            0  |              0  |                     0  |           0  |           0  |  00:00:00  |
|  BRAM Register           |          0.000  |          0.000  |            0  |              0  |                     0  |           0  |           0  |  00:00:00  |
|  URAM Register           |          0.000  |          0.000  |            0  |              0  |                     0  |           0  |           0  |  00:00:00  |
|  Shift Register          |          0.000  |          0.000  |            0  |              0  |                     0  |           0  |           0  |  00:00:00  |
|  Critical Pin            |          0.000  |          0.000  |            0  |              0  |                     0  |           0  |           0  |  00:00:00  |
|  Very High Fanout        |          0.000  |          0.000  |            0  |              0  |                     0  |           0  |           1  |  00:00:00  |
|  BRAM Enable             |          0.000  |          0.000  |            0  |              0  |                     0  |           0  |           1  |  00:00:00  |
|  Critical Path           |          0.000  |          0.000  |            0  |              0  |                     0  |           0  |           1  |  00:00:00  |
|  Total                   |          0.092  |          0.560  |            0  |              0  |                    88  |           0  |           9  |  00:00:41  |
----------------------------------------------------------------------------------------------------------------------------------------------------------------------


Netlist sorting complete. Time (s): cpu = 00:00:00 ; elapsed = 00:00:00.008 . Memory (MB): peak = 2259.238 ; gain = 0.000
Ending Physical Synthesis Task | Checksum: 1167fa9e1

Time (s): cpu = 00:01:13 ; elapsed = 00:00:43 . Memory (MB): peak = 2259.238 ; gain = 0.000
INFO: [Common 17-83] Releasing license: Implementation
402 Infos, 0 Warnings, 0 Critical Warnings and 0 Errors encountered.
phys_opt_design completed successfully
phys_opt_design: Time (s): cpu = 00:01:16 ; elapsed = 00:00:46 . Memory (MB): peak = 2259.238 ; gain = 0.000
INFO: [Timing 38-480] Writing timing data to binary archive.
Write ShapeDB Complete: Time (s): cpu = 00:00:00 ; elapsed = 00:00:00.039 . Memory (MB): peak = 2259.238 ; gain = 0.000
Wrote PlaceDB: Time (s): cpu = 00:00:02 ; elapsed = 00:00:01 . Memory (MB): peak = 2259.238 ; gain = 0.000
Wrote PulsedLatchDB: Time (s): cpu = 00:00:00 ; elapsed = 00:00:00.001 . Memory (MB): peak = 2259.238 ; gain = 0.000
Writing XDEF routing.
Writing XDEF routing logical nets.
Writing XDEF routing special nets.
Wrote RouteStorage: Time (s): cpu = 00:00:01 ; elapsed = 00:00:00.034 . Memory (MB): peak = 2259.238 ; gain = 0.000
Wrote Netlist Cache: Time (s): cpu = 00:00:00 ; elapsed = 00:00:00.022 . Memory (MB): peak = 2259.238 ; gain = 0.000
Wrote Device Cache: Time (s): cpu = 00:00:00 ; elapsed = 00:00:00.009 . Memory (MB): peak = 2259.238 ; gain = 0.000
Write Physdb Complete: Time (s): cpu = 00:00:03 ; elapsed = 00:00:01 . Memory (MB): peak = 2259.238 ; gain = 0.000
INFO: [Common 17-1381] The checkpoint 'C:/Users/hp/Downloads/digital_twin/digital_twin.runs/impl_1/top_physopt.dcp' has been generated.
Command: route_design -directive NoTimingRelaxation
Attempting to get a license for feature 'Implementation' and/or device 'xc7k325t'
INFO: [Common 17-349] Got license for feature 'Implementation' and/or device 'xc7k325t'
Running DRC as a precondition to command route_design
INFO: [DRC 23-27] Running DRC with 8 threads
INFO: [Vivado_Tcl 4-198] DRC finished with 0 Errors
INFO: [Vivado_Tcl 4-199] Please refer to the DRC report (report_drc) for more information.


Starting Routing Task
INFO: [Route 35-270] Using Router directive 'NoTimingRelaxation'.
INFO: [Route 35-254] Multithreading enabled for route_design using a maximum of 8 CPUs

Phase 1 Build RT Design
Checksum: PlaceDB: 9cec6a87 ConstDB: 0 ShapeSum: 56beb43d RouteDB: 0
Post Restoration Checksum: NetGraph: fa0981cc | NumContArr: 915aa245 | Constraints: c2a8fa9d | Timing: c2a8fa9d
Phase 1 Build RT Design | Checksum: 310b6194b

Time (s): cpu = 00:01:00 ; elapsed = 00:00:55 . Memory (MB): peak = 2498.594 ; gain = 236.707

Phase 2 Router Initialization

Phase 2.1 Fix Topology Constraints
Phase 2.1 Fix Topology Constraints | Checksum: 310b6194b

Time (s): cpu = 00:01:00 ; elapsed = 00:00:55 . Memory (MB): peak = 2498.594 ; gain = 236.707

Phase 2.2 Pre Route Cleanup
Phase 2.2 Pre Route Cleanup | Checksum: 310b6194b

Time (s): cpu = 00:01:00 ; elapsed = 00:00:55 . Memory (MB): peak = 2498.594 ; gain = 236.707
 Number of Nodes with overlaps = 0

Phase 2.3 Update Timing
Phase 2.3 Update Timing | Checksum: 28ca67ee4

Time (s): cpu = 00:01:08 ; elapsed = 00:01:03 . Memory (MB): peak = 2673.406 ; gain = 411.520
INFO: [Route 35-416] Intermediate Timing Summary | WNS=-0.002 | TNS=-0.002 | WHS=-0.285 | THS=-188.002|


Router Utilization Summary
  Global Vertical Routing Utilization    = 0 %
  Global Horizontal Routing Utilization  = 0 %
  Routable Net Status*
  *Does not include unroutable nets such as driverless and loadless.
  Run report_route_status for detailed report.
  Number of Failed Nets               = 8013
    (Failed Nets is the sum of unrouted and partially routed nets)
  Number of Unrouted Nets             = 8013
  Number of Partially Routed Nets     = 0
  Number of Node Overlaps             = 0

Phase 2 Router Initialization | Checksum: 2a4aa41cf

Time (s): cpu = 00:01:12 ; elapsed = 00:01:06 . Memory (MB): peak = 2703.625 ; gain = 441.738

Phase 3 Initial Routing

Phase 3.1 Global Routing
Phase 3.1 Global Routing | Checksum: 2a4aa41cf

Time (s): cpu = 00:01:12 ; elapsed = 00:01:06 . Memory (MB): peak = 2703.625 ; gain = 441.738

Phase 3.2 Initial Net Routing
Phase 3.2 Initial Net Routing | Checksum: 1f447e461

Time (s): cpu = 00:01:21 ; elapsed = 00:01:10 . Memory (MB): peak = 2719.281 ; gain = 457.395
Phase 3 Initial Routing | Checksum: 1f447e461

Time (s): cpu = 00:01:21 ; elapsed = 00:01:10 . Memory (MB): peak = 2719.281 ; gain = 457.395
INFO: [Route 35-580] Design has 11 pins with tight setup and hold constraints.

The top 5 pins with tight setup and hold constraints:

+====================+===================+=======================================================================+
| Launch Setup Clock | Launch Hold Clock | Pin                                                                   |
+====================+===================+=======================================================================+
| clk_out2_pll       | clk_out2_pll      | student_top_inst/Core_cpu/cpu_core/pc_reg_inst/pc_o_reg[0]/D          |
| clk_out2_pll       | clk_out2_pll      | student_top_inst/Core_cpu/cpu_core/if_id_inst/pred_target_o_reg[17]/D |
| clk_out2_pll       | clk_out2_pll      | student_top_inst/Core_cpu/cpu_core/if_id_inst/pred_target_o_reg[22]/D |
| clk_out2_pll       | clk_out2_pll      | student_top_inst/Core_cpu/cpu_core/if_id_inst/pred_target_o_reg[21]/D |
| clk_out2_pll       | clk_out2_pll      | student_top_inst/Core_cpu/cpu_core/if_id_inst/pred_target_o_reg[25]/D |
+--------------------+-------------------+-----------------------------------------------------------------------+

File with complete list of pins: tight_setup_hold_pins.txt


Phase 4 Rip-up And Reroute

Phase 4.1 Global Iteration 0
 Number of Nodes with overlaps = 3008
 Number of Nodes with overlaps = 1248
 Number of Nodes with overlaps = 674
 Number of Nodes with overlaps = 353
 Number of Nodes with overlaps = 258
 Number of Nodes with overlaps = 164
 Number of Nodes with overlaps = 117
 Number of Nodes with overlaps = 68
 Number of Nodes with overlaps = 34
 Number of Nodes with overlaps = 14
 Number of Nodes with overlaps = 11
 Number of Nodes with overlaps = 5
 Number of Nodes with overlaps = 1
 Number of Nodes with overlaps = 1
 Number of Nodes with overlaps = 1
 Number of Nodes with overlaps = 0
INFO: [Route 35-416] Intermediate Timing Summary | WNS=-0.275 | TNS=-4.490 | WHS=N/A    | THS=N/A    |

Phase 4.1 Global Iteration 0 | Checksum: 28c59eb42

Time (s): cpu = 00:01:46 ; elapsed = 00:01:48 . Memory (MB): peak = 2719.281 ; gain = 457.395

Phase 4.2 Global Iteration 1
 Number of Nodes with overlaps = 312
 Number of Nodes with overlaps = 272
 Number of Nodes with overlaps = 217
 Number of Nodes with overlaps = 134
 Number of Nodes with overlaps = 70
 Number of Nodes with overlaps = 65
 Number of Nodes with overlaps = 47
 Number of Nodes with overlaps = 33
 Number of Nodes with overlaps = 24
 Number of Nodes with overlaps = 12
 Number of Nodes with overlaps = 11
 Number of Nodes with overlaps = 6
 Number of Nodes with overlaps = 5
 Number of Nodes with overlaps = 7
 Number of Nodes with overlaps = 2
 Number of Nodes with overlaps = 3
 Number of Nodes with overlaps = 1
 Number of Nodes with overlaps = 1
 Number of Nodes with overlaps = 0
INFO: [Route 35-416] Intermediate Timing Summary | WNS=-0.132 | TNS=-1.362 | WHS=N/A    | THS=N/A    |

Phase 4.2 Global Iteration 1 | Checksum: 2710a0e9a

Time (s): cpu = 00:01:55 ; elapsed = 00:02:05 . Memory (MB): peak = 2719.281 ; gain = 457.395

Phase 4.3 Global Iteration 2
 Number of Nodes with overlaps = 478
 Number of Nodes with overlaps = 144
 Number of Nodes with overlaps = 112
 Number of Nodes with overlaps = 77
 Number of Nodes with overlaps = 40
 Number of Nodes with overlaps = 31
 Number of Nodes with overlaps = 27
 Number of Nodes with overlaps = 29
 Number of Nodes with overlaps = 18
 Number of Nodes with overlaps = 8
 Number of Nodes with overlaps = 7
 Number of Nodes with overlaps = 4
 Number of Nodes with overlaps = 0
INFO: [Route 35-416] Intermediate Timing Summary | WNS=-0.163 | TNS=-1.781 | WHS=N/A    | THS=N/A    |

Phase 4.3 Global Iteration 2 | Checksum: 212244acb

Time (s): cpu = 00:02:02 ; elapsed = 00:02:16 . Memory (MB): peak = 2719.281 ; gain = 457.395
Phase 4 Rip-up And Reroute | Checksum: 212244acb

Time (s): cpu = 00:02:02 ; elapsed = 00:02:16 . Memory (MB): peak = 2719.281 ; gain = 457.395

Phase 5 Delay and Skew Optimization

Phase 5.1 Delay CleanUp

Phase 5.1.1 Update Timing
Phase 5.1.1 Update Timing | Checksum: 28c25812e

Time (s): cpu = 00:02:03 ; elapsed = 00:02:17 . Memory (MB): peak = 2719.281 ; gain = 457.395
INFO: [Route 35-416] Intermediate Timing Summary | WNS=-0.076 | TNS=-0.243 | WHS=N/A    | THS=N/A    |

 Number of Nodes with overlaps = 0
Phase 5.1 Delay CleanUp | Checksum: 2aedfdae2

Time (s): cpu = 00:02:04 ; elapsed = 00:02:17 . Memory (MB): peak = 2719.281 ; gain = 457.395

Phase 5.2 Clock Skew Optimization
Phase 5.2 Clock Skew Optimization | Checksum: 2aedfdae2

Time (s): cpu = 00:02:04 ; elapsed = 00:02:17 . Memory (MB): peak = 2719.281 ; gain = 457.395
Phase 5 Delay and Skew Optimization | Checksum: 2aedfdae2

Time (s): cpu = 00:02:04 ; elapsed = 00:02:17 . Memory (MB): peak = 2719.281 ; gain = 457.395

Phase 6 Post Hold Fix

Phase 6.1 Hold Fix Iter

Phase 6.1.1 Update Timing
Phase 6.1.1 Update Timing | Checksum: 27bc9183c

Time (s): cpu = 00:02:04 ; elapsed = 00:02:18 . Memory (MB): peak = 2719.281 ; gain = 457.395
INFO: [Route 35-416] Intermediate Timing Summary | WNS=-0.070 | TNS=-0.200 | WHS=0.024  | THS=0.000  |

Phase 6.1 Hold Fix Iter | Checksum: 250463bdc

Time (s): cpu = 00:02:04 ; elapsed = 00:02:18 . Memory (MB): peak = 2719.281 ; gain = 457.395
Phase 6 Post Hold Fix | Checksum: 250463bdc

Time (s): cpu = 00:02:04 ; elapsed = 00:02:18 . Memory (MB): peak = 2719.281 ; gain = 457.395

Phase 7 Timing Verification

Phase 7.1 Update Timing
Phase 7.1 Update Timing | Checksum: 250463bdc

Time (s): cpu = 00:02:06 ; elapsed = 00:02:20 . Memory (MB): peak = 2719.281 ; gain = 457.395
INFO: [Route 35-416] Intermediate Timing Summary | WNS=-0.070 | TNS=-0.200 | WHS=N/A    | THS=N/A    |

Phase 7 Timing Verification | Checksum: 250463bdc

Time (s): cpu = 00:02:06 ; elapsed = 00:02:20 . Memory (MB): peak = 2719.281 ; gain = 457.395

Phase 8 Route finalize

Router Utilization Summary
  Global Vertical Routing Utilization    = 1.25993 %
  Global Horizontal Routing Utilization  = 1.37717 %
  Routable Net Status*
  *Does not include unroutable nets such as driverless and loadless.
  Run report_route_status for detailed report.
  Number of Failed Nets               = 0
    (Failed Nets is the sum of unrouted and partially routed nets)
  Number of Unrouted Nets             = 0
  Number of Partially Routed Nets     = 0
  Number of Node Overlaps             = 0


--GLOBAL Congestion:
Utilization threshold used for congestion level computation: 0.85
Congestion Report
North Dir 1x1 Area, Max Cong = 89.1892%, Congestion bounded by tiles (Lower Left Tile -> Upper Right Tile):
   INT_R_X41Y121 -> INT_R_X41Y121
South Dir 1x1 Area, Max Cong = 86.4865%, Congestion bounded by tiles (Lower Left Tile -> Upper Right Tile):
   INT_L_X44Y119 -> INT_L_X44Y119
East Dir 1x1 Area, Max Cong = 98.5294%, Congestion bounded by tiles (Lower Left Tile -> Upper Right Tile):
   INT_L_X40Y123 -> INT_L_X40Y123
   INT_R_X41Y123 -> INT_R_X41Y123
   INT_R_X41Y122 -> INT_R_X41Y122
   INT_L_X44Y121 -> INT_L_X44Y121
   INT_L_X44Y120 -> INT_L_X44Y120
West Dir 1x1 Area, Max Cong = 73.5294%, No Congested Regions.

------------------------------
Reporting congestion hotspots
------------------------------
Direction: North
----------------
Congested clusters found at Level 0
Effective congestion level: 0 Aspect Ratio: 1 Sparse Ratio: 1
Direction: South
----------------
Congested clusters found at Level 0
Effective congestion level: 0 Aspect Ratio: 1 Sparse Ratio: 1
Direction: East
----------------
Congested clusters found at Level 0
Effective congestion level: 1 Aspect Ratio: 0.4 Sparse Ratio: 1.5
Direction: West
----------------
Congested clusters found at Level 0
Effective congestion level: 0 Aspect Ratio: 1 Sparse Ratio: 0

Phase 8 Route finalize | Checksum: 250463bdc

Time (s): cpu = 00:02:06 ; elapsed = 00:02:20 . Memory (MB): peak = 2719.281 ; gain = 457.395

Phase 9 Verifying routed nets

 Verification completed successfully
Phase 9 Verifying routed nets | Checksum: 250463bdc

Time (s): cpu = 00:02:06 ; elapsed = 00:02:20 . Memory (MB): peak = 2719.281 ; gain = 457.395

Phase 10 Depositing Routes
Phase 10 Depositing Routes | Checksum: 2b3f2663c

Time (s): cpu = 00:02:07 ; elapsed = 00:02:21 . Memory (MB): peak = 2719.281 ; gain = 457.395

Phase 11 Incr Placement Change
Netlist sorting complete. Time (s): cpu = 00:00:00 ; elapsed = 00:00:00.006 . Memory (MB): peak = 2719.281 ; gain = 0.000
INFO: [Place 30-746] Post Placement Timing Summary WNS=0.002. For the most accurate timing information please run report_timing.
Ending IncrPlace Task | Checksum: 15152b716

Time (s): cpu = 00:00:15 ; elapsed = 00:00:16 . Memory (MB): peak = 2719.281 ; gain = 0.000
Google Cpuprofiler is only supported on Linux.
Phase 11 Incr Placement Change | Checksum: 15152b716

Time (s): cpu = 00:02:23 ; elapsed = 00:02:37 . Memory (MB): peak = 2719.281 ; gain = 457.395

Phase 12 Build RT Design
Checksum: PlaceDB: 34ec8ed7 ConstDB: 0 ShapeSum: 227e775c RouteDB: f9e7b0e3
Post Restoration Checksum: NetGraph: c7b05c8f | NumContArr: c08a4cda | Constraints: c2a8fa9d | Timing: c2a8fa9d
Phase 12 Build RT Design | Checksum: 30d8c9ea3

Time (s): cpu = 00:02:23 ; elapsed = 00:02:38 . Memory (MB): peak = 2719.281 ; gain = 457.395

Phase 13 Router Initialization

Phase 13.1 Fix Topology Constraints
Phase 13.1 Fix Topology Constraints | Checksum: 30d8c9ea3

Time (s): cpu = 00:02:23 ; elapsed = 00:02:38 . Memory (MB): peak = 2719.281 ; gain = 457.395

Phase 13.2 Pre Route Cleanup
Phase 13.2 Pre Route Cleanup | Checksum: 29f9e2d88

Time (s): cpu = 00:02:23 ; elapsed = 00:02:38 . Memory (MB): peak = 2719.281 ; gain = 457.395
 Number of Nodes with overlaps = 0

Phase 13.3 Update Timing
Phase 13.3 Update Timing | Checksum: 25dc5179f

Time (s): cpu = 00:02:25 ; elapsed = 00:02:39 . Memory (MB): peak = 2732.617 ; gain = 470.730
INFO: [Route 35-416] Intermediate Timing Summary | WNS=-0.019 | TNS=-0.070 | WHS=-0.285 | THS=-187.149|


Router Utilization Summary
  Global Vertical Routing Utilization    = 1.25052 %
  Global Horizontal Routing Utilization  = 1.36461 %
  Routable Net Status*
  *Does not include unroutable nets such as driverless and loadless.
  Run report_route_status for detailed report.
  Number of Failed Nets               = 236
    (Failed Nets is the sum of unrouted and partially routed nets)
  Number of Unrouted Nets             = 63
  Number of Partially Routed Nets     = 173
  Number of Node Overlaps             = 0

Phase 13 Router Initialization | Checksum: 2d02260ec

Time (s): cpu = 00:02:26 ; elapsed = 00:02:40 . Memory (MB): peak = 2751.750 ; gain = 489.863

Phase 14 Initial Routing

Phase 14.1 Global Routing
Phase 14.1 Global Routing | Checksum: 2d02260ec

Time (s): cpu = 00:02:26 ; elapsed = 00:02:40 . Memory (MB): peak = 2751.750 ; gain = 489.863

Phase 14.2 Initial Net Routing
Phase 14.2 Initial Net Routing | Checksum: 213bf77fb

Time (s): cpu = 00:02:28 ; elapsed = 00:02:42 . Memory (MB): peak = 2751.750 ; gain = 489.863
Phase 14 Initial Routing | Checksum: 213bf77fb

Time (s): cpu = 00:02:28 ; elapsed = 00:02:42 . Memory (MB): peak = 2751.750 ; gain = 489.863
INFO: [Route 35-580] Design has 29 pins with tight setup and hold constraints.

The top 5 pins with tight setup and hold constraints:

+====================+===================+============================================================================+
| Launch Setup Clock | Launch Hold Clock | Pin                                                                        |
+====================+===================+============================================================================+
| clk_out2_pll       | clk_out2_pll      | student_top_inst/Core_cpu/cpu_core/pc_reg_inst/pc_o_reg[0]/D               |
| clk_out2_pll       | clk_out2_pll      | student_top_inst/Core_cpu/cpu_core/ex_mem_inst/dff_rd_data/data_o_reg[1]/D |
| clk_out2_pll       | clk_out2_pll      | student_top_inst/Core_cpu/cpu_core/if_id_inst/pred_target_o_reg[17]/D      |
| clk_out2_pll       | clk_out2_pll      | student_top_inst/Core_cpu/cpu_core/if_id_inst/pred_target_o_reg[25]/D      |
| clk_out2_pll       | clk_out2_pll      | student_top_inst/Core_cpu/cpu_core/if_id_inst/pred_target_o_reg[22]/D      |
+--------------------+-------------------+----------------------------------------------------------------------------+

File with complete list of pins: tight_setup_hold_pins.txt


Phase 15 Rip-up And Reroute

Phase 15.1 Global Iteration 0
 Number of Nodes with overlaps = 931
 Number of Nodes with overlaps = 745
 Number of Nodes with overlaps = 587
 Number of Nodes with overlaps = 397
 Number of Nodes with overlaps = 319
 Number of Nodes with overlaps = 182
 Number of Nodes with overlaps = 143
 Number of Nodes with overlaps = 95
 Number of Nodes with overlaps = 57
 Number of Nodes with overlaps = 43
 Number of Nodes with overlaps = 21
 Number of Nodes with overlaps = 13
 Number of Nodes with overlaps = 9
 Number of Nodes with overlaps = 4
 Number of Nodes with overlaps = 1
 Number of Nodes with overlaps = 0
INFO: [Route 35-416] Intermediate Timing Summary | WNS=-0.118 | TNS=-1.164 | WHS=N/A    | THS=N/A    |

Phase 15.1 Global Iteration 0 | Checksum: 2933183f5

Time (s): cpu = 00:02:35 ; elapsed = 00:02:54 . Memory (MB): peak = 2760.340 ; gain = 498.453

Phase 15.2 Global Iteration 1
 Number of Nodes with overlaps = 896
 Number of Nodes with overlaps = 403
 Number of Nodes with overlaps = 326
 Number of Nodes with overlaps = 168
 Number of Nodes with overlaps = 125
 Number of Nodes with overlaps = 71
 Number of Nodes with overlaps = 36
 Number of Nodes with overlaps = 23
 Number of Nodes with overlaps = 12
 Number of Nodes with overlaps = 10
 Number of Nodes with overlaps = 4
 Number of Nodes with overlaps = 2
 Number of Nodes with overlaps = 2
 Number of Nodes with overlaps = 1
 Number of Nodes with overlaps = 0
INFO: [Route 35-416] Intermediate Timing Summary | WNS=-0.164 | TNS=-2.725 | WHS=N/A    | THS=N/A    |

Phase 15.2 Global Iteration 1 | Checksum: 295c3cb22

Time (s): cpu = 00:02:37 ; elapsed = 00:02:59 . Memory (MB): peak = 2760.340 ; gain = 498.453
Phase 15 Rip-up And Reroute | Checksum: 295c3cb22

Time (s): cpu = 00:02:37 ; elapsed = 00:02:59 . Memory (MB): peak = 2760.340 ; gain = 498.453

Phase 16 Delay and Skew Optimization

Phase 16.1 Delay CleanUp

Phase 16.1.1 Update Timing
Phase 16.1.1 Update Timing | Checksum: 3318ee12f

Time (s): cpu = 00:02:37 ; elapsed = 00:02:59 . Memory (MB): peak = 2760.340 ; gain = 498.453
INFO: [Route 35-416] Intermediate Timing Summary | WNS=-0.086 | TNS=-0.266 | WHS=N/A    | THS=N/A    |

 Number of Nodes with overlaps = 0
Phase 16.1 Delay CleanUp | Checksum: 26946db0a

Time (s): cpu = 00:02:37 ; elapsed = 00:03:00 . Memory (MB): peak = 2760.340 ; gain = 498.453

Phase 16.2 Clock Skew Optimization
Phase 16.2 Clock Skew Optimization | Checksum: 26946db0a

Time (s): cpu = 00:02:37 ; elapsed = 00:03:00 . Memory (MB): peak = 2760.340 ; gain = 498.453
Phase 16 Delay and Skew Optimization | Checksum: 26946db0a

Time (s): cpu = 00:02:37 ; elapsed = 00:03:00 . Memory (MB): peak = 2760.340 ; gain = 498.453

Phase 17 Post Hold Fix

Phase 17.1 Hold Fix Iter

Phase 17.1.1 Update Timing
Phase 17.1.1 Update Timing | Checksum: 1edbc76ff

Time (s): cpu = 00:02:37 ; elapsed = 00:03:00 . Memory (MB): peak = 2760.340 ; gain = 498.453
INFO: [Route 35-416] Intermediate Timing Summary | WNS=-0.086 | TNS=-0.250 | WHS=0.024  | THS=0.000  |

Phase 17.1 Hold Fix Iter | Checksum: 20ea421fc

Time (s): cpu = 00:02:37 ; elapsed = 00:03:00 . Memory (MB): peak = 2760.340 ; gain = 498.453
Phase 17 Post Hold Fix | Checksum: 20ea421fc

Time (s): cpu = 00:02:37 ; elapsed = 00:03:00 . Memory (MB): peak = 2760.340 ; gain = 498.453

Phase 18 Timing Verification

Phase 18.1 Update Timing
Phase 18.1 Update Timing | Checksum: 230d4fa2e

Time (s): cpu = 00:02:37 ; elapsed = 00:03:00 . Memory (MB): peak = 2760.340 ; gain = 498.453
INFO: [Route 35-416] Intermediate Timing Summary | WNS=-0.086 | TNS=-0.250 | WHS=N/A    | THS=N/A    |

Phase 18 Timing Verification | Checksum: 230d4fa2e

Time (s): cpu = 00:02:37 ; elapsed = 00:03:00 . Memory (MB): peak = 2760.340 ; gain = 498.453

Phase 19 Reset Design
INFO: [Route 35-307] 8022 nets already restored were skipped.
Post Restoration Checksum: NetGraph: 46f54582 | NumContArr: a46e6c6e | Constraints: c2a8fa9d | Timing: 7946f298

Phase 19.1 Create Timer
Phase 19.1 Create Timer | Checksum: 227539f25

Time (s): cpu = 00:02:37 ; elapsed = 00:03:00 . Memory (MB): peak = 2760.340 ; gain = 498.453
Phase 19 Reset Design | Checksum: 227539f25

Time (s): cpu = 00:02:38 ; elapsed = 00:03:01 . Memory (MB): peak = 2760.340 ; gain = 498.453

Phase 20 Post Router Timing
INFO: [Route 35-20] Post Routing Timing Summary | WNS=-0.069 | TNS=-0.190 | WHS=0.025  | THS=0.000  |

Phase 20 Post Router Timing | Checksum: 24365f28f

Time (s): cpu = 00:02:38 ; elapsed = 00:03:01 . Memory (MB): peak = 2760.340 ; gain = 498.453
CRITICAL WARNING: [Route 35-39] The design did not meet timing requirements. Please run report_timing_summary for detailed reports.
Resolution: Verify that the timing was met or had small violations at all previous steps (synthesis, placement, power_opt, and phys_opt). Run report_timing_summary and analyze individual timing paths.
INFO: [Route 35-253] TNS is the sum of the worst slack violation on every endpoint in the design. Review the paths with the biggest WNS violations in the timing reports and modify your constraints or your design to improve both WNS and TNS.
INFO: [Route 35-16] Router Completed Successfully

Phase 21 Post-Route Event Processing
Phase 21 Post-Route Event Processing | Checksum: 1e688d22a

Time (s): cpu = 00:02:39 ; elapsed = 00:03:02 . Memory (MB): peak = 2760.340 ; gain = 498.453
Ending Routing Task | Checksum: 1e688d22a

Time (s): cpu = 00:02:39 ; elapsed = 00:03:02 . Memory (MB): peak = 2760.340 ; gain = 498.453

Routing Is Done.
INFO: [Common 17-83] Releasing license: Implementation
431 Infos, 0 Warnings, 1 Critical Warnings and 0 Errors encountered.
route_design completed successfully
route_design: Time (s): cpu = 00:02:42 ; elapsed = 00:03:04 . Memory (MB): peak = 2760.340 ; gain = 501.102
INFO: [runtcl-4] Executing : report_drc -file top_drc_routed.rpt -pb top_drc_routed.pb -rpx top_drc_routed.rpx
Command: report_drc -file top_drc_routed.rpt -pb top_drc_routed.pb -rpx top_drc_routed.rpx
INFO: [IP_Flow 19-1839] IP Catalog is up to date.
INFO: [DRC 23-27] Running DRC with 8 threads
INFO: [Vivado_Tcl 2-168] The results of DRC are in file C:/Users/hp/Downloads/digital_twin/digital_twin.runs/impl_1/top_drc_routed.rpt.
report_drc completed successfully
INFO: [runtcl-4] Executing : report_methodology -file top_methodology_drc_routed.rpt -pb top_methodology_drc_routed.pb -rpx top_methodology_drc_routed.rpx
Command: report_methodology -file top_methodology_drc_routed.rpt -pb top_methodology_drc_routed.pb -rpx top_methodology_drc_routed.rpx
INFO: [Timing 38-35] Done setting XDC timing constraints.
INFO: [DRC 23-133] Running Methodology with 8 threads
INFO: [Vivado_Tcl 2-1520] The results of Report Methodology are in file C:/Users/hp/Downloads/digital_twin/digital_twin.runs/impl_1/top_methodology_drc_routed.rpt.
report_methodology completed successfully
INFO: [runtcl-4] Executing : report_power -file top_power_routed.rpt -pb top_power_summary_routed.pb -rpx top_power_routed.rpx
Command: report_power -file top_power_routed.rpt -pb top_power_summary_routed.pb -rpx top_power_routed.rpx
INFO: [Timing 38-35] Done setting XDC timing constraints.
Running Vector-less Activity Propagation...

Finished Running Vector-less Activity Propagation
WARNING: [Power 33-332] Found switching activity that implies high-fanout reset nets being asserted for excessive periods of time which may result in inaccurate power analysis.
Resolution: To review and fix problems, please run Power Constraints Advisor in the GUI from Tools > Power Constraints Advisor or run report_power with the -advisory option to generate a text report.
441 Infos, 1 Warnings, 1 Critical Warnings and 0 Errors encountered.
report_power completed successfully
INFO: [runtcl-4] Executing : report_route_status -file top_route_status.rpt -pb top_route_status.pb
INFO: [runtcl-4] Executing : report_timing_summary -max_paths 10 -report_unconstrained -file top_timing_summary_routed.rpt -pb top_timing_summary_routed.pb -rpx top_timing_summary_routed.rpx -warn_on_violation 
INFO: [Timing 38-91] UpdateTimingParams: Speed grade: -2, Delay Type: min_max.
INFO: [Timing 38-191] Multithreading enabled for timing update using a maximum of 8 CPUs
CRITICAL WARNING: [Timing 38-282] The design failed to meet the timing requirements. Please see the timing summary report for details on the timing violations.
INFO: [runtcl-4] Executing : report_incremental_reuse -file top_incremental_reuse_routed.rpt
INFO: [Vivado_Tcl 4-1062] Incremental flow is disabled. No incremental reuse Info to report.
INFO: [runtcl-4] Executing : report_clock_utilization -file top_clock_utilization_routed.rpt
INFO: [runtcl-4] Executing : report_bus_skew -warn_on_violation -file top_bus_skew_routed.rpt -pb top_bus_skew_routed.pb -rpx top_bus_skew_routed.rpx
INFO: [Timing 38-91] UpdateTimingParams: Speed grade: -2, Delay Type: min_max.
INFO: [Timing 38-191] Multithreading enabled for timing update using a maximum of 8 CPUs
INFO: [Timing 38-480] Writing timing data to binary archive.
Write ShapeDB Complete: Time (s): cpu = 00:00:00 ; elapsed = 00:00:00.014 . Memory (MB): peak = 2760.340 ; gain = 0.000
Wrote PlaceDB: Time (s): cpu = 00:00:01 ; elapsed = 00:00:00.420 . Memory (MB): peak = 2760.340 ; gain = 0.000
Wrote PulsedLatchDB: Time (s): cpu = 00:00:00 ; elapsed = 00:00:00 . Memory (MB): peak = 2760.340 ; gain = 0.000
Writing XDEF routing.
Writing XDEF routing logical nets.
Writing XDEF routing special nets.
Wrote RouteStorage: Time (s): cpu = 00:00:00 ; elapsed = 00:00:00.111 . Memory (MB): peak = 2760.340 ; gain = 0.000
Wrote Netlist Cache: Time (s): cpu = 00:00:00 ; elapsed = 00:00:00.009 . Memory (MB): peak = 2760.340 ; gain = 0.000
Wrote Device Cache: Time (s): cpu = 00:00:00 ; elapsed = 00:00:00.004 . Memory (MB): peak = 2760.340 ; gain = 0.000
Write Physdb Complete: Time (s): cpu = 00:00:01 ; elapsed = 00:00:00.552 . Memory (MB): peak = 2760.340 ; gain = 0.000
INFO: [Common 17-1381] The checkpoint 'C:/Users/hp/Downloads/digital_twin/digital_twin.runs/impl_1/top_routed.dcp' has been generated.
INFO: [Common 17-206] Exiting Vivado at Wed Jun  3 19:21:35 2026...
[Wed Jun  3 19:21:38 2026] impl_1 finished
wait_on_runs: Time (s): cpu = 00:00:02 ; elapsed = 00:20:28 . Memory (MB): peak = 973.000 ; gain = 0.000
# set impl_status [get_property STATUS [get_runs impl_1]]
# puts "CLK2_IMPL_STATUS freq_mhz=$freq_mhz status=\"$impl_status\""
CLK2_IMPL_STATUS freq_mhz=224 status="route_design Complete, Failed Timing!"
# if {![regexp -nocase {complete} $impl_status]} {
#     close_project
#     exit 2
# }
# open_run impl_1
Netlist sorting complete. Time (s): cpu = 00:00:00 ; elapsed = 00:00:00.098 . Memory (MB): peak = 985.699 ; gain = 0.000
INFO: [Netlist 29-17] Analyzing 422 Unisim elements for replacement
INFO: [Netlist 29-28] Unisim Transformation completed in 0 CPU seconds
INFO: [Project 1-479] Netlist was created with Vivado 2023.2
INFO: [Project 1-570] Preparing netlist for logic optimization
Read ShapeDB Complete: Time (s): cpu = 00:00:00 ; elapsed = 00:00:00.016 . Memory (MB): peak = 1092.262 ; gain = 1.477
INFO: [Timing 38-478] Restoring timing data from binary archive.
INFO: [Timing 38-479] Binary timing data restore complete.
INFO: [Project 1-856] Restoring constraints from binary archive.
INFO: [Project 1-853] Binary constraint restore complete.
INFO: [Designutils 20-5722] Start Reading Physical Databases.
Reading placement.
Read Netlist Cache: Time (s): cpu = 00:00:00 ; elapsed = 00:00:00.011 . Memory (MB): peak = 1732.637 ; gain = 0.000
Reading placer database...
Read Device Cache: Time (s): cpu = 00:00:00 ; elapsed = 00:00:00.008 . Memory (MB): peak = 1732.637 ; gain = 0.000
Read PlaceDB: Time (s): cpu = 00:00:00 ; elapsed = 00:00:00.258 . Memory (MB): peak = 1732.637 ; gain = 0.000
Read PulsedLatchDB: Time (s): cpu = 00:00:00 ; elapsed = 00:00:00 . Memory (MB): peak = 1732.637 ; gain = 0.000
Reading routing.
Read RouteStorage: Time (s): cpu = 00:00:00 ; elapsed = 00:00:00.138 . Memory (MB): peak = 1732.637 ; gain = 0.000
Read Physdb Files: Time (s): cpu = 00:00:00 ; elapsed = 00:00:00.428 . Memory (MB): peak = 1732.637 ; gain = 0.000
Restored from archive | CPU: 0.000000 secs | Memory: 0.000000 MB |
Finished XDEF File Restore: Time (s): cpu = 00:00:00 ; elapsed = 00:00:00.470 . Memory (MB): peak = 1732.637 ; gain = 4.965
Netlist sorting complete. Time (s): cpu = 00:00:00 ; elapsed = 00:00:00.002 . Memory (MB): peak = 1732.637 ; gain = 0.000
INFO: [Project 1-111] Unisim Transformation Summary:
  A total of 33 instances were transformed.
  RAM128X1D => RAM128X1D (MUXF7(x2), RAMD64E(x4)): 12 instances
  RAM32M => RAM32M (RAMD32(x6), RAMS32(x2)): 15 instances
  RAM32X1D => RAM32X1D (RAMD32(x2)): 6 instances

open_run: Time (s): cpu = 00:00:07 ; elapsed = 00:00:08 . Memory (MB): peak = 1732.637 ; gain = 759.637
# set timing_summary "$report_dir/top_timing_summary_clk2_${tag}.rpt"
# report_timing_summary -delay_type min_max -max_paths 80 -nworst 10 -file $timing_summary
INFO: [Timing 38-91] UpdateTimingParams: Speed grade: -2, Delay Type: min_max.
INFO: [Timing 38-191] Multithreading enabled for timing update using a maximum of 8 CPUs
# report_timing -delay_type max -sort_by group -max_paths 20 -nworst 5 \
#     -path_type full_clock_expanded \
#     -file "$report_dir/top_timing_max_clk2_${tag}.rpt"
INFO: [Timing 38-91] UpdateTimingParams: Speed grade: -2, Delay Type: max.
INFO: [Timing 38-191] Multithreading enabled for timing update using a maximum of 8 CPUs
INFO: [Timing 38-78] ReportTimingParams: -max_paths 20 -nworst 5 -delay_type max -sort_by group.
# report_timing -delay_type min -sort_by group -max_paths 20 -nworst 5 \
#     -path_type full_clock_expanded \
#     -file "$report_dir/top_timing_min_clk2_${tag}.rpt"
INFO: [Timing 38-91] UpdateTimingParams: Speed grade: -2, Delay Type: min.
INFO: [Timing 38-191] Multithreading enabled for timing update using a maximum of 8 CPUs
INFO: [Timing 38-78] ReportTimingParams: -max_paths 20 -nworst 5 -delay_type min -sort_by group.
# report_route_status -file "$report_dir/top_route_status_clk2_${tag}.rpt"
# set setup_paths [get_timing_paths -delay_type max -max_paths 1]
# if {[llength $setup_paths] > 0} {
#     set wns [get_property SLACK [lindex $setup_paths 0]]
# } else {
#     set wns "NA"
# }
# set hold_paths [get_timing_paths -delay_type min -max_paths 1]
# if {[llength $hold_paths] > 0} {
#     set whs [get_property SLACK [lindex $hold_paths 0]]
# } else {
#     set whs "NA"
# }
# set period_ns "NA"
# set actual_mhz "NA"
# set clk2 [get_clocks clk_out2_pll]
# if {[llength $clk2] > 0} {
#     set period_ns [get_property PERIOD [lindex $clk2 0]]
#     set actual_mhz [format "%.6f" [expr {1000.0 / $period_ns}]]
# }
# set timing_met 0
# if {$wns ne "NA" && $whs ne "NA"} {
#     if {[expr {$wns >= 0.0}] && [expr {$whs >= 0.0}]} {
#         set timing_met 1
#     }
# }
# puts "CLK2_RESULT freq_mhz=$freq_mhz actual_mhz=$actual_mhz period_ns=$period_ns status=\"$impl_status\" wns=$wns whs=$whs timing_met=$timing_met report=$timing_summary"
CLK2_RESULT freq_mhz=224 actual_mhz=225.022502 period_ns=4.444 status="route_design Complete, Failed Timing!" wns=-0.069 whs=0.025 timing_met=0 report=C:/Users/hp/Downloads/digital_twin/digital_twin.srcs/sources_1/vivado_clk2_sweep/top_timing_summary_clk2_224.rpt
# close_project
# exit 0
INFO: [Common 17-206] Exiting Vivado at Wed Jun  3 19:21:48 2026...
