ECHO 处于关闭状态。
ECHO 处于关闭状态。

****** Vivado v2023.2 (64-bit)
  **** SW Build 4029153 on Fri Oct 13 20:14:34 MDT 2023
  **** IP Build 4028589 on Sat Oct 14 00:45:43 MDT 2023
  **** SharedData Build 4025554 on Tue Oct 10 17:18:54 MDT 2023
    ** Copyright 1986-2022 Xilinx, Inc. All Rights Reserved.
    ** Copyright 2022-2023 Advanced Micro Devices, Inc. All Rights Reserved.

source {C:\Users\hp\Downloads\digital_twin\digital_twin.srcs\sources_1\new\run_impl_clk2.tcl}
# set project_path "C:/Users/hp/Downloads/digital_twin/digital_twin.xpr"
# set freq_mhz "210"
# if {[llength $argv] >= 1} {
#     set project_path [lindex $argv 0]
# }
# if {[llength $argv] >= 2} {
#     set freq_mhz [lindex $argv 1]
# }
# set tag [string map {. p} $freq_mhz]
# set report_dir "C:/Users/hp/Downloads/digital_twin/digital_twin.srcs/sources_1/vivado_clk2_sweep"
# file mkdir $report_dir
# open_project $project_path
Scanning sources...
Finished scanning sources
INFO: [IP_Flow 19-234] Refreshing IP repositories
INFO: [IP_Flow 19-1704] No user IP repositories specified
INFO: [IP_Flow 19-2313] Loaded Vivado IP repository 'E:/Vivado/Vivado/2023.2/data/ip'.
open_project: Time (s): cpu = 00:00:05 ; elapsed = 00:00:06 . Memory (MB): peak = 481.129 ; gain = 202.207
# set_param general.maxThreads 8
# set pll_ips [get_ips pll]
# if {[llength $pll_ips] != 1} {
#     puts "CLK2_ERROR expected one pll IP, got [llength $pll_ips]"
#     close_project
#     exit 3
# }
# set pll_ip [lindex $pll_ips 0]
# puts "CLK2_SET freq_mhz=$freq_mhz ip=$pll_ip"
CLK2_SET freq_mhz=218 ip=pll
# set_property -dict [list CONFIG.CLKOUT2_REQUESTED_OUT_FREQ $freq_mhz] $pll_ip
INFO: [Device 21-403] Loading part xc7k325tffg900-2
# generate_target all $pll_ip
INFO: [IP_Flow 19-1686] Generating 'Instantiation Template' target for IP 'pll'...
INFO: [IP_Flow 19-1686] Generating 'Synthesis' target for IP 'pll'...
INFO: [IP_Flow 19-1686] Generating 'Simulation' target for IP 'pll'...
INFO: [IP_Flow 19-1686] Generating 'Implementation' target for IP 'pll'...
INFO: [IP_Flow 19-1686] Generating 'Change Log' target for IP 'pll'...
# export_ip_user_files -of_objects $pll_ip -no_script -sync -force
# update_compile_order -fileset sources_1
# set pll_synth_run [get_runs pll_synth_1]
# if {[llength $pll_synth_run] > 0} {
#     reset_run pll_synth_1
#     launch_runs pll_synth_1 -jobs 8
#     wait_on_run pll_synth_1
#     set pll_status [get_property STATUS [get_runs pll_synth_1]]
#     puts "CLK2_PLL_STATUS freq_mhz=$freq_mhz status=\"$pll_status\""
# }
INFO: [IP_Flow 19-6924] IPCACHE: Running cache check for IP inst: pll

ECHO 处于关闭状态。
ECHO 处于关闭状态。
[Tue Jun  2 21:31:14 2026] Launched pll_synth_1...
Run output will be captured here: C:/Users/hp/Downloads/digital_twin/digital_twin.runs/pll_synth_1/runme.log
[Tue Jun  2 21:31:14 2026] Waiting for pll_synth_1 to finish...

*** Running vivado
    with args -log pll.vds -m64 -product Vivado -mode batch -messageDb vivado.pb -notrace -source pll.tcl


ECHO 处于关闭状态。
ECHO 处于关闭状态。

****** Vivado v2023.2 (64-bit)
  **** SW Build 4029153 on Fri Oct 13 20:14:34 MDT 2023
  **** IP Build 4028589 on Sat Oct 14 00:45:43 MDT 2023
  **** SharedData Build 4025554 on Tue Oct 10 17:18:54 MDT 2023
    ** Copyright 1986-2022 Xilinx, Inc. All Rights Reserved.
    ** Copyright 2022-2023 Advanced Micro Devices, Inc. All Rights Reserved.

source pll.tcl -notrace
create_project: Time (s): cpu = 00:00:05 ; elapsed = 00:00:06 . Memory (MB): peak = 462.613 ; gain = 184.055
INFO: [IP_Flow 19-6924] IPCACHE: Running cache check for IP inst: pll
Command: synth_design -top pll -part xc7k325tffg900-2 -incremental_mode off -mode out_of_context
Starting synth_design
Attempting to get a license for feature 'Synthesis' and/or device 'xc7k325t'
INFO: [Common 17-349] Got license for feature 'Synthesis' and/or device 'xc7k325t'
INFO: [Device 21-403] Loading part xc7k325tffg900-2
INFO: [Synth 8-7079] Multithreading enabled for synth_design using a maximum of 4 processes.
INFO: [Synth 8-7078] Launching helper process for spawning children vivado processes
INFO: [Synth 8-7075] Helper process launched with PID 22056
---------------------------------------------------------------------------------
Starting RTL Elaboration : Time (s): cpu = 00:00:03 ; elapsed = 00:00:04 . Memory (MB): peak = 1365.984 ; gain = 438.625
---------------------------------------------------------------------------------
INFO: [Synth 8-6157] synthesizing module 'pll' [c:/Users/hp/Downloads/digital_twin/digital_twin.gen/sources_1/ip/pll/pll.v:66]
INFO: [Synth 8-6157] synthesizing module 'pll_clk_wiz' [c:/Users/hp/Downloads/digital_twin/digital_twin.gen/sources_1/ip/pll/pll_clk_wiz.v:66]
INFO: [Synth 8-6157] synthesizing module 'IBUFDS' [E:/Vivado/Vivado/2023.2/scripts/rt/data/unisim_comp.v:73646]
INFO: [Synth 8-6155] done synthesizing module 'IBUFDS' (0#1) [E:/Vivado/Vivado/2023.2/scripts/rt/data/unisim_comp.v:73646]
INFO: [Synth 8-6157] synthesizing module 'PLLE2_ADV' [E:/Vivado/Vivado/2023.2/scripts/rt/data/unisim_comp.v:111351]
	Parameter BANDWIDTH bound to: OPTIMIZED - type: string 
	Parameter CLKFBOUT_MULT bound to: 35 - type: integer 
	Parameter CLKFBOUT_PHASE bound to: 0.000000 - type: double 
	Parameter CLKIN1_PERIOD bound to: 5.000000 - type: double 
	Parameter CLKOUT0_DIVIDE bound to: 35 - type: integer 
	Parameter CLKOUT0_DUTY_CYCLE bound to: 0.500000 - type: double 
	Parameter CLKOUT0_PHASE bound to: 0.000000 - type: double 
	Parameter CLKOUT1_DIVIDE bound to: 8 - type: integer 
	Parameter CLKOUT1_DUTY_CYCLE bound to: 0.500000 - type: double 
	Parameter CLKOUT1_PHASE bound to: 0.000000 - type: double 
	Parameter COMPENSATION bound to: ZHOLD - type: string 
	Parameter DIVCLK_DIVIDE bound to: 4 - type: integer 
	Parameter STARTUP_WAIT bound to: FALSE - type: string 
INFO: [Synth 8-6155] done synthesizing module 'PLLE2_ADV' (0#1) [E:/Vivado/Vivado/2023.2/scripts/rt/data/unisim_comp.v:111351]
INFO: [Synth 8-6157] synthesizing module 'BUFG' [E:/Vivado/Vivado/2023.2/scripts/rt/data/unisim_comp.v:1951]
INFO: [Synth 8-6155] done synthesizing module 'BUFG' (0#1) [E:/Vivado/Vivado/2023.2/scripts/rt/data/unisim_comp.v:1951]
INFO: [Synth 8-6155] done synthesizing module 'pll_clk_wiz' (0#1) [c:/Users/hp/Downloads/digital_twin/digital_twin.gen/sources_1/ip/pll/pll_clk_wiz.v:66]
INFO: [Synth 8-6155] done synthesizing module 'pll' (0#1) [c:/Users/hp/Downloads/digital_twin/digital_twin.gen/sources_1/ip/pll/pll.v:66]
---------------------------------------------------------------------------------
Finished RTL Elaboration : Time (s): cpu = 00:00:04 ; elapsed = 00:00:05 . Memory (MB): peak = 1476.711 ; gain = 549.352
---------------------------------------------------------------------------------
---------------------------------------------------------------------------------
Start Handling Custom Attributes
---------------------------------------------------------------------------------
---------------------------------------------------------------------------------
Finished Handling Custom Attributes : Time (s): cpu = 00:00:04 ; elapsed = 00:00:05 . Memory (MB): peak = 1476.711 ; gain = 549.352
---------------------------------------------------------------------------------
---------------------------------------------------------------------------------
Finished RTL Optimization Phase 1 : Time (s): cpu = 00:00:04 ; elapsed = 00:00:05 . Memory (MB): peak = 1476.711 ; gain = 549.352
---------------------------------------------------------------------------------
Netlist sorting complete. Time (s): cpu = 00:00:00 ; elapsed = 00:00:00 . Memory (MB): peak = 1476.711 ; gain = 0.000
INFO: [Netlist 29-17] Analyzing 2 Unisim elements for replacement
INFO: [Netlist 29-28] Unisim Transformation completed in 0 CPU seconds
INFO: [Project 1-570] Preparing netlist for logic optimization

Processing XDC Constraints
Initializing timing engine
Parsing XDC File [c:/Users/hp/Downloads/digital_twin/digital_twin.gen/sources_1/ip/pll/pll_ooc.xdc] for cell 'inst'
Finished Parsing XDC File [c:/Users/hp/Downloads/digital_twin/digital_twin.gen/sources_1/ip/pll/pll_ooc.xdc] for cell 'inst'
Parsing XDC File [c:/Users/hp/Downloads/digital_twin/digital_twin.gen/sources_1/ip/pll/pll_board.xdc] for cell 'inst'
Finished Parsing XDC File [c:/Users/hp/Downloads/digital_twin/digital_twin.gen/sources_1/ip/pll/pll_board.xdc] for cell 'inst'
Parsing XDC File [c:/Users/hp/Downloads/digital_twin/digital_twin.gen/sources_1/ip/pll/pll.xdc] for cell 'inst'
Finished Parsing XDC File [c:/Users/hp/Downloads/digital_twin/digital_twin.gen/sources_1/ip/pll/pll.xdc] for cell 'inst'
INFO: [Project 1-236] Implementation specific constraints were found while reading constraint file [c:/Users/hp/Downloads/digital_twin/digital_twin.gen/sources_1/ip/pll/pll.xdc]. These constraints will be ignored for synthesis but will be used in implementation. Impacted constraints are listed in the file [.Xil/pll_propImpl.xdc].
Resolution: To avoid this warning, move constraints listed in [.Xil/pll_propImpl.xdc] to another XDC file and exclude this new file from synthesis with the used_in_synthesis property (File Properties dialog in GUI) and re-run elaboration/synthesis.
INFO: [Timing 38-2] Deriving generated clocks
Parsing XDC File [C:/Users/hp/Downloads/digital_twin/digital_twin.runs/pll_synth_1/dont_touch.xdc]
Finished Parsing XDC File [C:/Users/hp/Downloads/digital_twin/digital_twin.runs/pll_synth_1/dont_touch.xdc]
Completed Processing XDC Constraints

Netlist sorting complete. Time (s): cpu = 00:00:00 ; elapsed = 00:00:00 . Memory (MB): peak = 1499.648 ; gain = 0.000
INFO: [Project 1-111] Unisim Transformation Summary:
No Unisim elements were transformed.

系统找不到指定的路径。
Constraint Validation Runtime : Time (s): cpu = 00:00:00 ; elapsed = 00:00:00.026 . Memory (MB): peak = 1499.648 ; gain = 0.000
INFO: [Designutils 20-5008] Incremental synthesis strategy off
---------------------------------------------------------------------------------
Finished Constraint Validation : Time (s): cpu = 00:00:08 ; elapsed = 00:00:10 . Memory (MB): peak = 1499.648 ; gain = 572.289
---------------------------------------------------------------------------------
---------------------------------------------------------------------------------
Start Loading Part and Timing Information
---------------------------------------------------------------------------------
Loading part: xc7k325tffg900-2
---------------------------------------------------------------------------------
Finished Loading Part and Timing Information : Time (s): cpu = 00:00:08 ; elapsed = 00:00:10 . Memory (MB): peak = 1499.648 ; gain = 572.289
---------------------------------------------------------------------------------
---------------------------------------------------------------------------------
Start Applying 'set_property' XDC Constraints
---------------------------------------------------------------------------------
Applied set_property KEEP_HIERARCHY = SOFT for inst. (constraint file  C:/Users/hp/Downloads/digital_twin/digital_twin.runs/pll_synth_1/dont_touch.xdc, line 9).
---------------------------------------------------------------------------------
Finished applying 'set_property' XDC Constraints : Time (s): cpu = 00:00:08 ; elapsed = 00:00:10 . Memory (MB): peak = 1499.648 ; gain = 572.289
---------------------------------------------------------------------------------
---------------------------------------------------------------------------------
Finished RTL Optimization Phase 2 : Time (s): cpu = 00:00:08 ; elapsed = 00:00:11 . Memory (MB): peak = 1499.648 ; gain = 572.289
---------------------------------------------------------------------------------
---------------------------------------------------------------------------------
Start RTL Component Statistics 
---------------------------------------------------------------------------------
Detailed RTL Component Info : 
---------------------------------------------------------------------------------
Finished RTL Component Statistics 
---------------------------------------------------------------------------------
---------------------------------------------------------------------------------
Start Part Resource Summary
---------------------------------------------------------------------------------
Part Resources:
DSPs: 840 (col length:140)
BRAMs: 890 (col length: RAMB18 140 RAMB36 70)
---------------------------------------------------------------------------------
Finished Part Resource Summary
---------------------------------------------------------------------------------
---------------------------------------------------------------------------------
Start Cross Boundary and Area Optimization
---------------------------------------------------------------------------------
WARNING: [Synth 8-7080] Parallel synthesis criteria is not met
---------------------------------------------------------------------------------
Finished Cross Boundary and Area Optimization : Time (s): cpu = 00:00:09 ; elapsed = 00:00:12 . Memory (MB): peak = 1499.648 ; gain = 572.289
---------------------------------------------------------------------------------
---------------------------------------------------------------------------------
Start Applying XDC Timing Constraints
---------------------------------------------------------------------------------
---------------------------------------------------------------------------------
Finished Applying XDC Timing Constraints : Time (s): cpu = 00:00:12 ; elapsed = 00:00:15 . Memory (MB): peak = 1499.648 ; gain = 572.289
---------------------------------------------------------------------------------
---------------------------------------------------------------------------------
Start Timing Optimization
---------------------------------------------------------------------------------
---------------------------------------------------------------------------------
Finished Timing Optimization : Time (s): cpu = 00:00:12 ; elapsed = 00:00:15 . Memory (MB): peak = 1499.648 ; gain = 572.289
---------------------------------------------------------------------------------
---------------------------------------------------------------------------------
Start Technology Mapping
---------------------------------------------------------------------------------
---------------------------------------------------------------------------------
Finished Technology Mapping : Time (s): cpu = 00:00:12 ; elapsed = 00:00:15 . Memory (MB): peak = 1499.648 ; gain = 572.289
---------------------------------------------------------------------------------
---------------------------------------------------------------------------------
Start IO Insertion
---------------------------------------------------------------------------------
---------------------------------------------------------------------------------
Start Flattening Before IO Insertion
---------------------------------------------------------------------------------
---------------------------------------------------------------------------------
Finished Flattening Before IO Insertion
---------------------------------------------------------------------------------
---------------------------------------------------------------------------------
Start Final Netlist Cleanup
---------------------------------------------------------------------------------
---------------------------------------------------------------------------------
Finished Final Netlist Cleanup
---------------------------------------------------------------------------------
---------------------------------------------------------------------------------
Finished IO Insertion : Time (s): cpu = 00:00:14 ; elapsed = 00:00:18 . Memory (MB): peak = 1499.648 ; gain = 572.289
---------------------------------------------------------------------------------
---------------------------------------------------------------------------------
Start Renaming Generated Instances
---------------------------------------------------------------------------------
---------------------------------------------------------------------------------
Finished Renaming Generated Instances : Time (s): cpu = 00:00:14 ; elapsed = 00:00:18 . Memory (MB): peak = 1499.648 ; gain = 572.289
---------------------------------------------------------------------------------
---------------------------------------------------------------------------------
Start Rebuilding User Hierarchy
---------------------------------------------------------------------------------
---------------------------------------------------------------------------------
Finished Rebuilding User Hierarchy : Time (s): cpu = 00:00:14 ; elapsed = 00:00:18 . Memory (MB): peak = 1499.648 ; gain = 572.289
---------------------------------------------------------------------------------
---------------------------------------------------------------------------------
Start Renaming Generated Ports
---------------------------------------------------------------------------------
---------------------------------------------------------------------------------
Finished Renaming Generated Ports : Time (s): cpu = 00:00:14 ; elapsed = 00:00:18 . Memory (MB): peak = 1499.648 ; gain = 572.289
---------------------------------------------------------------------------------
---------------------------------------------------------------------------------
Start Handling Custom Attributes
---------------------------------------------------------------------------------
---------------------------------------------------------------------------------
Finished Handling Custom Attributes : Time (s): cpu = 00:00:14 ; elapsed = 00:00:18 . Memory (MB): peak = 1499.648 ; gain = 572.289
---------------------------------------------------------------------------------
---------------------------------------------------------------------------------
Start Renaming Generated Nets
---------------------------------------------------------------------------------
---------------------------------------------------------------------------------
Finished Renaming Generated Nets : Time (s): cpu = 00:00:14 ; elapsed = 00:00:18 . Memory (MB): peak = 1499.648 ; gain = 572.289
---------------------------------------------------------------------------------
---------------------------------------------------------------------------------
Start Writing Synthesis Report
---------------------------------------------------------------------------------

Report BlackBoxes: 
+-+--------------+----------+
| |BlackBox name |Instances |
+-+--------------+----------+
+-+--------------+----------+

Report Cell Usage: 
+------+----------+------+
|      |Cell      |Count |
+------+----------+------+
|1     |BUFG      |     3|
|2     |PLLE2_ADV |     1|
|3     |IBUFDS    |     1|
+------+----------+------+
---------------------------------------------------------------------------------
Finished Writing Synthesis Report : Time (s): cpu = 00:00:14 ; elapsed = 00:00:18 . Memory (MB): peak = 1499.648 ; gain = 572.289
---------------------------------------------------------------------------------
Synthesis finished with 0 errors, 0 critical warnings and 1 warnings.
Synthesis Optimization Runtime : Time (s): cpu = 00:00:10 ; elapsed = 00:00:17 . Memory (MB): peak = 1499.648 ; gain = 549.352
Synthesis Optimization Complete : Time (s): cpu = 00:00:15 ; elapsed = 00:00:18 . Memory (MB): peak = 1499.648 ; gain = 572.289
INFO: [Project 1-571] Translating synthesized netlist
Netlist sorting complete. Time (s): cpu = 00:00:00 ; elapsed = 00:00:00 . Memory (MB): peak = 1499.648 ; gain = 0.000
INFO: [Netlist 29-17] Analyzing 2 Unisim elements for replacement
INFO: [Netlist 29-28] Unisim Transformation completed in 0 CPU seconds
INFO: [Project 1-570] Preparing netlist for logic optimization
INFO: [Opt 31-138] Pushed 0 inverter(s) to 0 load pin(s).
Netlist sorting complete. Time (s): cpu = 00:00:00 ; elapsed = 00:00:00 . Memory (MB): peak = 1502.574 ; gain = 0.000
INFO: [Project 1-111] Unisim Transformation Summary:
No Unisim elements were transformed.

系统找不到指定的路径。
Synth Design complete | Checksum: 939ffd86
INFO: [Common 17-83] Releasing license: Synthesis
30 Infos, 1 Warnings, 0 Critical Warnings and 0 Errors encountered.
synth_design completed successfully
synth_design: Time (s): cpu = 00:00:18 ; elapsed = 00:00:22 . Memory (MB): peak = 1502.574 ; gain = 1025.160
Write ShapeDB Complete: Time (s): cpu = 00:00:00 ; elapsed = 00:00:00 . Memory (MB): peak = 1502.574 ; gain = 0.000
INFO: [Common 17-1381] The checkpoint 'C:/Users/hp/Downloads/digital_twin/digital_twin.runs/pll_synth_1/pll.dcp' has been generated.
INFO: [Coretcl 2-1648] Added synthesis output to IP cache for IP pll, cache-ID = 53e720db28dc37a3
Write ShapeDB Complete: Time (s): cpu = 00:00:00 ; elapsed = 00:00:00.001 . Memory (MB): peak = 1502.574 ; gain = 0.000
INFO: [Common 17-1381] The checkpoint 'C:/Users/hp/Downloads/digital_twin/digital_twin.runs/pll_synth_1/pll.dcp' has been generated.
INFO: [runtcl-4] Executing : report_utilization -file pll_utilization_synth.rpt -pb pll_utilization_synth.pb
INFO: [Common 17-206] Exiting Vivado at Tue Jun  2 21:31:47 2026...
[Tue Jun  2 21:31:49 2026] pll_synth_1 finished
wait_on_runs: Time (s): cpu = 00:00:00 ; elapsed = 00:00:35 . Memory (MB): peak = 972.367 ; gain = 0.000
CLK2_PLL_STATUS freq_mhz=218 status="synth_design Complete!"
# reset_run synth_1
# reset_run impl_1
# launch_runs impl_1 -to_step route_design -jobs 8
[Tue Jun  2 21:31:50 2026] Launched synth_1...
Run output will be captured here: C:/Users/hp/Downloads/digital_twin/digital_twin.runs/synth_1/runme.log
[Tue Jun  2 21:31:50 2026] Launched impl_1...
Run output will be captured here: C:/Users/hp/Downloads/digital_twin/digital_twin.runs/impl_1/runme.log
# wait_on_run impl_1
[Tue Jun  2 21:31:50 2026] Waiting for impl_1 to finish...

ECHO 处于关闭状态。
ECHO 处于关闭状态。

*** Running vivado
    with args -log top.vdi -applog -m64 -product Vivado -messageDb vivado.pb -mode batch -source top.tcl -notrace


ECHO 处于关闭状态。
ECHO 处于关闭状态。

****** Vivado v2023.2 (64-bit)
  **** SW Build 4029153 on Fri Oct 13 20:14:34 MDT 2023
  **** IP Build 4028589 on Sat Oct 14 00:45:43 MDT 2023
  **** SharedData Build 4025554 on Tue Oct 10 17:18:54 MDT 2023
    ** Copyright 1986-2022 Xilinx, Inc. All Rights Reserved.
    ** Copyright 2022-2023 Advanced Micro Devices, Inc. All Rights Reserved.

source top.tcl -notrace
create_project: Time (s): cpu = 00:00:05 ; elapsed = 00:00:06 . Memory (MB): peak = 464.410 ; gain = 184.695
Command: link_design -top top -part xc7k325tffg900-2
Design is defaulting to srcset: sources_1
Design is defaulting to constrset: constrs_1
INFO: [Device 21-403] Loading part xc7k325tffg900-2
INFO: [Project 1-454] Reading design checkpoint 'c:/Users/hp/Downloads/digital_twin/digital_twin.gen/sources_1/ip/pll/pll.dcp' for cell 'pll_inst'
INFO: [Project 1-454] Reading design checkpoint 'c:/Users/hp/Downloads/digital_twin/digital_twin.gen/sources_1/ip/Mem_IROM_2/Mem_IROM.dcp' for cell 'student_top_inst/Mem_IROM'
INFO: [Project 1-454] Reading design checkpoint 'c:/Users/hp/Downloads/digital_twin/digital_twin.gen/sources_1/ip/Mem_RAM/Mem_RAM.dcp' for cell 'student_top_inst/bridge_inst/dram_driver_inst/Mem_DRAM'
Netlist sorting complete. Time (s): cpu = 00:00:00 ; elapsed = 00:00:00.112 . Memory (MB): peak = 968.082 ; gain = 0.000
INFO: [Netlist 29-17] Analyzing 518 Unisim elements for replacement
INFO: [Netlist 29-28] Unisim Transformation completed in 0 CPU seconds
INFO: [Project 1-479] Netlist was created with Vivado 2023.2
INFO: [Project 1-570] Preparing netlist for logic optimization
Parsing XDC File [c:/Users/hp/Downloads/digital_twin/digital_twin.gen/sources_1/ip/pll/pll_board.xdc] for cell 'pll_inst/inst'
Finished Parsing XDC File [c:/Users/hp/Downloads/digital_twin/digital_twin.gen/sources_1/ip/pll/pll_board.xdc] for cell 'pll_inst/inst'
Parsing XDC File [c:/Users/hp/Downloads/digital_twin/digital_twin.gen/sources_1/ip/pll/pll.xdc] for cell 'pll_inst/inst'
INFO: [Timing 38-35] Done setting XDC timing constraints. [c:/Users/hp/Downloads/digital_twin/digital_twin.gen/sources_1/ip/pll/pll.xdc:54]
INFO: [Timing 38-2] Deriving generated clocks [c:/Users/hp/Downloads/digital_twin/digital_twin.gen/sources_1/ip/pll/pll.xdc:54]
get_clocks: Time (s): cpu = 00:00:05 ; elapsed = 00:00:06 . Memory (MB): peak = 1707.367 ; gain = 605.531
Finished Parsing XDC File [c:/Users/hp/Downloads/digital_twin/digital_twin.gen/sources_1/ip/pll/pll.xdc] for cell 'pll_inst/inst'
Parsing XDC File [C:/Users/hp/Downloads/digital_twin/digital_twin.srcs/constrs_1/new/digital_twin.xdc]
Finished Parsing XDC File [C:/Users/hp/Downloads/digital_twin/digital_twin.srcs/constrs_1/new/digital_twin.xdc]
INFO: [Opt 31-138] Pushed 0 inverter(s) to 0 load pin(s).
Netlist sorting complete. Time (s): cpu = 00:00:00 ; elapsed = 00:00:00.002 . Memory (MB): peak = 1707.367 ; gain = 0.000
INFO: [Project 1-111] Unisim Transformation Summary:
  A total of 33 instances were transformed.
  RAM128X1D => RAM128X1D (MUXF7(x2), RAMD64E(x4)): 12 instances
  RAM32M => RAM32M (RAMD32(x6), RAMS32(x2)): 15 instances
  RAM32X1D => RAM32X1D (RAMD32(x2)): 6 instances

系统找不到指定的路径。
12 Infos, 0 Warnings, 0 Critical Warnings and 0 Errors encountered.
link_design completed successfully
link_design: Time (s): cpu = 00:00:10 ; elapsed = 00:00:12 . Memory (MB): peak = 1707.367 ; gain = 1228.066
Command: opt_design
Attempting to get a license for feature 'Implementation' and/or device 'xc7k325t'
INFO: [Common 17-349] Got license for feature 'Implementation' and/or device 'xc7k325t'
Running DRC as a precondition to command opt_design

Starting DRC Task
INFO: [DRC 23-27] Running DRC with 8 threads
INFO: [Project 1-461] DRC finished with 0 Errors
INFO: [Project 1-462] Please refer to the DRC report (report_drc) for more information.

Time (s): cpu = 00:00:00 ; elapsed = 00:00:00.725 . Memory (MB): peak = 1707.367 ; gain = 0.000

Starting Cache Timing Information Task
INFO: [Timing 38-35] Done setting XDC timing constraints.
Ending Cache Timing Information Task | Checksum: 141dad915

Time (s): cpu = 00:00:01 ; elapsed = 00:00:00.204 . Memory (MB): peak = 1727.234 ; gain = 19.867

Starting Logic Optimization Task

Phase 1 Initialization

Phase 1.1 Core Generation And Design Setup
Phase 1.1 Core Generation And Design Setup | Checksum: 141dad915

Time (s): cpu = 00:00:00 ; elapsed = 00:00:00.001 . Memory (MB): peak = 2085.492 ; gain = 0.000

Phase 1.2 Setup Constraints And Sort Netlist
Phase 1.2 Setup Constraints And Sort Netlist | Checksum: 141dad915

Time (s): cpu = 00:00:00 ; elapsed = 00:00:00.006 . Memory (MB): peak = 2085.492 ; gain = 0.000
Phase 1 Initialization | Checksum: 141dad915

Time (s): cpu = 00:00:00 ; elapsed = 00:00:00.006 . Memory (MB): peak = 2085.492 ; gain = 0.000

Phase 2 Timer Update And Timing Data Collection

Phase 2.1 Timer Update
Phase 2.1 Timer Update | Checksum: 141dad915

Time (s): cpu = 00:00:00 ; elapsed = 00:00:00.085 . Memory (MB): peak = 2085.492 ; gain = 0.000

Phase 2.2 Timing Data Collection
Phase 2.2 Timing Data Collection | Checksum: 141dad915

Time (s): cpu = 00:00:00 ; elapsed = 00:00:00.096 . Memory (MB): peak = 2085.492 ; gain = 0.000
Phase 2 Timer Update And Timing Data Collection | Checksum: 141dad915

Time (s): cpu = 00:00:00 ; elapsed = 00:00:00.097 . Memory (MB): peak = 2085.492 ; gain = 0.000

Phase 3 Retarget
INFO: [Opt 31-1566] Pulled 1 inverters resulting in an inversion of 8 pins
INFO: [Opt 31-138] Pushed 12 inverter(s) to 46 load pin(s).
INFO: [Opt 31-49] Retargeted 0 cell(s).
Phase 3 Retarget | Checksum: 772628b5

Time (s): cpu = 00:00:01 ; elapsed = 00:00:00.277 . Memory (MB): peak = 2085.492 ; gain = 0.000
Retarget | Checksum: 772628b5
INFO: [Opt 31-389] Phase Retarget created 0 cells and removed 482 cells
INFO: [Opt 31-1021] In phase Retarget, 1 netlist objects are constrained preventing optimization. Please run opt_design with -debug_log to get more detail. 

Phase 4 Constant propagation
INFO: [Opt 31-138] Pushed 0 inverter(s) to 0 load pin(s).
Phase 4 Constant propagation | Checksum: 6930d7a2

Time (s): cpu = 00:00:01 ; elapsed = 00:00:00.332 . Memory (MB): peak = 2085.492 ; gain = 0.000
Constant propagation | Checksum: 6930d7a2
INFO: [Opt 31-389] Phase Constant propagation created 38 cells and removed 43 cells

Phase 5 Sweep
Phase 5 Sweep | Checksum: 7dea982e

Time (s): cpu = 00:00:01 ; elapsed = 00:00:00.454 . Memory (MB): peak = 2085.492 ; gain = 0.000
Sweep | Checksum: 7dea982e
INFO: [Opt 31-389] Phase Sweep created 68 cells and removed 355 cells

Phase 6 BUFG optimization
Phase 6 BUFG optimization | Checksum: 7dea982e

Time (s): cpu = 00:00:01 ; elapsed = 00:00:00.510 . Memory (MB): peak = 2085.492 ; gain = 0.000
BUFG optimization | Checksum: 7dea982e
INFO: [Opt 31-662] Phase BUFG optimization created 0 cells of which 0 are BUFGs and removed 0 cells.

Phase 7 Shift Register Optimization
INFO: [Opt 31-1064] SRL Remap converted 0 SRLs to 0 registers and converted 0 registers of register chains to 0 SRLs
Phase 7 Shift Register Optimization | Checksum: 7dea982e

Time (s): cpu = 00:00:01 ; elapsed = 00:00:00.514 . Memory (MB): peak = 2085.492 ; gain = 0.000
Shift Register Optimization | Checksum: 7dea982e
INFO: [Opt 31-389] Phase Shift Register Optimization created 0 cells and removed 0 cells

Phase 8 Post Processing Netlist
Phase 8 Post Processing Netlist | Checksum: 7dea982e

Time (s): cpu = 00:00:01 ; elapsed = 00:00:00.536 . Memory (MB): peak = 2085.492 ; gain = 0.000
Post Processing Netlist | Checksum: 7dea982e
INFO: [Opt 31-389] Phase Post Processing Netlist created 0 cells and removed 0 cells

Phase 9 Finalization

Phase 9.1 Finalizing Design Cores and Updating Shapes
Phase 9.1 Finalizing Design Cores and Updating Shapes | Checksum: 1f89c40a1

Time (s): cpu = 00:00:01 ; elapsed = 00:00:00.651 . Memory (MB): peak = 2085.492 ; gain = 0.000

Phase 9.2 Verifying Netlist Connectivity

Starting Connectivity Check Task

Time (s): cpu = 00:00:00 ; elapsed = 00:00:00.008 . Memory (MB): peak = 2085.492 ; gain = 0.000
Phase 9.2 Verifying Netlist Connectivity | Checksum: 1f89c40a1

Time (s): cpu = 00:00:01 ; elapsed = 00:00:00.660 . Memory (MB): peak = 2085.492 ; gain = 0.000
Phase 9 Finalization | Checksum: 1f89c40a1

Time (s): cpu = 00:00:01 ; elapsed = 00:00:00.660 . Memory (MB): peak = 2085.492 ; gain = 0.000
Opt_design Change Summary
=========================


-------------------------------------------------------------------------------------------------------------------------
|  Phase                        |  #Cells created  |  #Cells Removed  |  #Constrained objects preventing optimizations  |
-------------------------------------------------------------------------------------------------------------------------
|  Retarget                     |               0  |             482  |                                              1  |
|  Constant propagation         |              38  |              43  |                                              0  |
|  Sweep                        |              68  |             355  |                                              0  |
|  BUFG optimization            |               0  |               0  |                                              0  |
|  Shift Register Optimization  |               0  |               0  |                                              0  |
|  Post Processing Netlist      |               0  |               0  |                                              0  |
-------------------------------------------------------------------------------------------------------------------------


Ending Logic Optimization Task | Checksum: 1f89c40a1

Time (s): cpu = 00:00:01 ; elapsed = 00:00:00.662 . Memory (MB): peak = 2085.492 ; gain = 0.000
INFO: [Constraints 18-11670] Building netlist checker database with flags, 0x8
Done building netlist checker database: Time (s): cpu = 00:00:00 ; elapsed = 00:00:00.002 . Memory (MB): peak = 2085.492 ; gain = 0.000

Starting Power Optimization Task
INFO: [Pwropt 34-132] Skipping clock gating for clocks with a period < 2.00 ns.
INFO: [Timing 38-35] Done setting XDC timing constraints.
Running Vector-less Activity Propagation...

Finished Running Vector-less Activity Propagation
INFO: [Pwropt 34-9] Applying IDT optimizations ...
INFO: [Pwropt 34-10] Applying ODC optimizations ...


Starting PowerOpt Patch Enables Task
INFO: [Pwropt 34-162] WRITE_MODE attribute of 64 BRAM(s) out of a total of 68 has been updated to save power. Run report_power_opt to get a complete listing of the BRAMs updated.
INFO: [Pwropt 34-201] Structural ODC has moved 0 WE to EN ports
Number of BRAM Ports augmented: 64 newly gated: 0 Total Ports: 136
Ending PowerOpt Patch Enables Task | Checksum: 11cbe8900

Time (s): cpu = 00:00:00 ; elapsed = 00:00:00.250 . Memory (MB): peak = 2263.977 ; gain = 0.000
Ending Power Optimization Task | Checksum: 11cbe8900

Time (s): cpu = 00:00:05 ; elapsed = 00:00:04 . Memory (MB): peak = 2263.977 ; gain = 178.484

Starting Final Cleanup Task

Starting Logic Optimization Task
INFO: [Timing 38-35] Done setting XDC timing constraints.
Ending Logic Optimization Task | Checksum: 17e8fbd91

Time (s): cpu = 00:00:01 ; elapsed = 00:00:00.390 . Memory (MB): peak = 2263.977 ; gain = 0.000
INFO: [Constraints 18-11670] Building netlist checker database with flags, 0x8
Done building netlist checker database: Time (s): cpu = 00:00:00 ; elapsed = 00:00:00.002 . Memory (MB): peak = 2263.977 ; gain = 0.000
Ending Final Cleanup Task | Checksum: 17e8fbd91

Time (s): cpu = 00:00:03 ; elapsed = 00:00:02 . Memory (MB): peak = 2263.977 ; gain = 0.000

Starting Netlist Obfuscation Task
Netlist sorting complete. Time (s): cpu = 00:00:00 ; elapsed = 00:00:00.003 . Memory (MB): peak = 2263.977 ; gain = 0.000
Ending Netlist Obfuscation Task | Checksum: 17e8fbd91

Time (s): cpu = 00:00:00 ; elapsed = 00:00:00.004 . Memory (MB): peak = 2263.977 ; gain = 0.000
INFO: [Common 17-83] Releasing license: Implementation
39 Infos, 0 Warnings, 0 Critical Warnings and 0 Errors encountered.
opt_design completed successfully
opt_design: Time (s): cpu = 00:00:12 ; elapsed = 00:00:10 . Memory (MB): peak = 2263.977 ; gain = 556.609
INFO: [runtcl-4] Executing : report_drc -file top_drc_opted.rpt -pb top_drc_opted.pb -rpx top_drc_opted.rpx
Command: report_drc -file top_drc_opted.rpt -pb top_drc_opted.pb -rpx top_drc_opted.rpx
INFO: [IP_Flow 19-1839] IP Catalog is up to date.
INFO: [DRC 23-27] Running DRC with 8 threads
INFO: [Vivado_Tcl 2-168] The results of DRC are in file C:/Users/hp/Downloads/digital_twin/digital_twin.runs/impl_1/top_drc_opted.rpt.
report_drc completed successfully
INFO: [Timing 38-35] Done setting XDC timing constraints.
INFO: [Timing 38-480] Writing timing data to binary archive.
Write ShapeDB Complete: Time (s): cpu = 00:00:00 ; elapsed = 00:00:00.008 . Memory (MB): peak = 2263.977 ; gain = 0.000
Wrote PlaceDB: Time (s): cpu = 00:00:00 ; elapsed = 00:00:00.006 . Memory (MB): peak = 2263.977 ; gain = 0.000
Wrote PulsedLatchDB: Time (s): cpu = 00:00:00 ; elapsed = 00:00:00 . Memory (MB): peak = 2263.977 ; gain = 0.000
Writing XDEF routing.
Writing XDEF routing logical nets.
Writing XDEF routing special nets.
Wrote RouteStorage: Time (s): cpu = 00:00:00 ; elapsed = 00:00:00.016 . Memory (MB): peak = 2263.977 ; gain = 0.000
Wrote Netlist Cache: Time (s): cpu = 00:00:00 ; elapsed = 00:00:00 . Memory (MB): peak = 2263.977 ; gain = 0.000
Wrote Device Cache: Time (s): cpu = 00:00:00 ; elapsed = 00:00:00.003 . Memory (MB): peak = 2263.977 ; gain = 0.000
Write Physdb Complete: Time (s): cpu = 00:00:00 ; elapsed = 00:00:00.032 . Memory (MB): peak = 2263.977 ; gain = 0.000
INFO: [Common 17-1381] The checkpoint 'C:/Users/hp/Downloads/digital_twin/digital_twin.runs/impl_1/top_opt.dcp' has been generated.
Command: place_design -directive ExtraNetDelay_high
Attempting to get a license for feature 'Implementation' and/or device 'xc7k325t'
INFO: [Common 17-349] Got license for feature 'Implementation' and/or device 'xc7k325t'
INFO: [Common 17-83] Releasing license: Implementation
INFO: [DRC 23-27] Running DRC with 8 threads
INFO: [Vivado_Tcl 4-198] DRC finished with 0 Errors
INFO: [Vivado_Tcl 4-199] Please refer to the DRC report (report_drc) for more information.
Running DRC as a precondition to command place_design
INFO: [DRC 23-27] Running DRC with 8 threads
INFO: [Vivado_Tcl 4-198] DRC finished with 0 Errors
INFO: [Vivado_Tcl 4-199] Please refer to the DRC report (report_drc) for more information.
INFO: [Place 46-5] The placer was invoked with the 'ExtraNetDelay_high' directive.
INFO: [Place 30-611] Multithreading enabled for place_design using a maximum of 8 CPUs

Starting Placer Task

Phase 1 Placer Initialization

Phase 1.1 Placer Initialization Netlist Sorting
Netlist sorting complete. Time (s): cpu = 00:00:00 ; elapsed = 00:00:00.002 . Memory (MB): peak = 2263.977 ; gain = 0.000
Phase 1.1 Placer Initialization Netlist Sorting | Checksum: e8d19f75

Time (s): cpu = 00:00:00 ; elapsed = 00:00:00.004 . Memory (MB): peak = 2263.977 ; gain = 0.000
Netlist sorting complete. Time (s): cpu = 00:00:00 ; elapsed = 00:00:00.002 . Memory (MB): peak = 2263.977 ; gain = 0.000

Phase 1.2 IO Placement/ Clock Placement/ Build Placer Device
Phase 1.2 IO Placement/ Clock Placement/ Build Placer Device | Checksum: 28e9260b

Time (s): cpu = 00:00:01 ; elapsed = 00:00:00.314 . Memory (MB): peak = 2263.977 ; gain = 0.000

Phase 1.3 Build Placer Netlist Model
Phase 1.3 Build Placer Netlist Model | Checksum: 405014f9

Time (s): cpu = 00:00:02 ; elapsed = 00:00:01 . Memory (MB): peak = 2263.977 ; gain = 0.000

Phase 1.4 Constrain Clocks/Macros
Phase 1.4 Constrain Clocks/Macros | Checksum: 405014f9

Time (s): cpu = 00:00:02 ; elapsed = 00:00:01 . Memory (MB): peak = 2263.977 ; gain = 0.000
Phase 1 Placer Initialization | Checksum: 405014f9

Time (s): cpu = 00:00:02 ; elapsed = 00:00:01 . Memory (MB): peak = 2263.977 ; gain = 0.000

Phase 2 Global Placement

Phase 2.1 Floorplanning
Phase 2.1 Floorplanning | Checksum: 110586ae0

Time (s): cpu = 00:00:03 ; elapsed = 00:00:02 . Memory (MB): peak = 2263.977 ; gain = 0.000

Phase 2.2 Update Timing before SLR Path Opt
Phase 2.2 Update Timing before SLR Path Opt | Checksum: 111df427e

Time (s): cpu = 00:00:03 ; elapsed = 00:00:02 . Memory (MB): peak = 2263.977 ; gain = 0.000

Phase 2.3 Post-Processing in Floorplanning
Phase 2.3 Post-Processing in Floorplanning | Checksum: 111df427e

Time (s): cpu = 00:00:03 ; elapsed = 00:00:02 . Memory (MB): peak = 2263.977 ; gain = 0.000

Phase 2.4 Global Placement Core

Phase 2.4.1 UpdateTiming Before Physical Synthesis
Phase 2.4.1 UpdateTiming Before Physical Synthesis | Checksum: 66205c12

Time (s): cpu = 00:00:16 ; elapsed = 00:00:15 . Memory (MB): peak = 2263.977 ; gain = 0.000

Phase 2.4.2 Physical Synthesis In Placer
INFO: [Physopt 32-1035] Found 33 LUTNM shape to break, 706 LUT instances to create LUTNM shape
INFO: [Physopt 32-1044] Break lutnm for timing: one critical 19, two critical 14, total 33, new lutff created 1
INFO: [Physopt 32-1138] End 1 Pass. Optimized 341 nets or LUTs. Breaked 33 LUTs, combined 308 existing LUTs and moved 0 existing LUT
INFO: [Physopt 32-65] No nets found for high-fanout optimization.
INFO: [Physopt 32-232] Optimized 0 net. Created 0 new instance.
INFO: [Physopt 32-775] End 1 Pass. Optimized 0 net or cell. Created 0 new cell, deleted 0 existing cell and moved 0 existing cell
INFO: [Physopt 32-76] Pass 1. Identified 1 candidate net for fanout optimization.
INFO: [Physopt 32-232] Optimized 0 net. Created 0 new instance.
INFO: [Physopt 32-775] End 1 Pass. Optimized 0 net or cell. Created 0 new cell, deleted 0 existing cell and moved 0 existing cell
Netlist sorting complete. Time (s): cpu = 00:00:00 ; elapsed = 00:00:00.007 . Memory (MB): peak = 2263.977 ; gain = 0.000
INFO: [Physopt 32-456] No candidate cells for DSP register optimization found in the design.
INFO: [Physopt 32-775] End 2 Pass. Optimized 0 net or cell. Created 0 new cell, deleted 0 existing cell and moved 0 existing cell
INFO: [Physopt 32-1123] No candidate cells found for Shift Register to Pipeline optimization
INFO: [Physopt 32-775] End 2 Pass. Optimized 0 net or cell. Created 0 new cell, deleted 0 existing cell and moved 0 existing cell
INFO: [Physopt 32-1401] No candidate cells found for Shift Register optimization.
INFO: [Physopt 32-677] No candidate cells for Shift Register optimization found in the design
INFO: [Physopt 32-775] End 1 Pass. Optimized 0 net or cell. Created 0 new cell, deleted 0 existing cell and moved 0 existing cell
INFO: [Physopt 32-526] No candidate cells for BRAM register optimization found in the design
INFO: [Physopt 32-775] End 1 Pass. Optimized 0 net or cell. Created 0 new cell, deleted 0 existing cell and moved 0 existing cell
INFO: [Physopt 32-846] No candidate cells for URAM register optimization found in the design
INFO: [Physopt 32-775] End 1 Pass. Optimized 0 net or cell. Created 0 new cell, deleted 0 existing cell and moved 0 existing cell
INFO: [Physopt 32-846] No candidate cells for URAM register optimization found in the design
INFO: [Physopt 32-775] End 1 Pass. Optimized 0 net or cell. Created 0 new cell, deleted 0 existing cell and moved 0 existing cell
INFO: [Physopt 32-949] No candidate nets found for dynamic/static region interface net replication
INFO: [Physopt 32-775] End 1 Pass. Optimized 0 net or cell. Created 0 new cell, deleted 0 existing cell and moved 0 existing cell
Netlist sorting complete. Time (s): cpu = 00:00:00 ; elapsed = 00:00:00.002 . Memory (MB): peak = 2263.977 ; gain = 0.000

Summary of Physical Synthesis Optimizations
============================================


-----------------------------------------------------------------------------------------------------------------------------------------------------------
|  Optimization                                     |  Added Cells  |  Removed Cells  |  Optimized Cells/Nets  |  Dont Touch  |  Iterations  |  Elapsed   |
-----------------------------------------------------------------------------------------------------------------------------------------------------------
|  LUT Combining                                    |           33  |            308  |                   341  |           0  |           1  |  00:00:00  |
|  Retime                                           |            0  |              0  |                     0  |           0  |           1  |  00:00:00  |
|  Very High Fanout                                 |            0  |              0  |                     0  |           0  |           1  |  00:00:00  |
|  Fanout                                           |            0  |              0  |                     0  |           0  |           1  |  00:00:00  |
|  DSP Register                                     |            0  |              0  |                     0  |           0  |           1  |  00:00:00  |
|  Shift Register to Pipeline                       |            0  |              0  |                     0  |           0  |           1  |  00:00:00  |
|  Shift Register                                   |            0  |              0  |                     0  |           0  |           1  |  00:00:00  |
|  BRAM Register                                    |            0  |              0  |                     0  |           0  |           1  |  00:00:00  |
|  URAM Register                                    |            0  |              0  |                     0  |           0  |           1  |  00:00:00  |
|  Dynamic/Static Region Interface Net Replication  |            0  |              0  |                     0  |           0  |           1  |  00:00:00  |
|  Total                                            |           33  |            308  |                   341  |           0  |          10  |  00:00:00  |
-----------------------------------------------------------------------------------------------------------------------------------------------------------


Phase 2.4.2 Physical Synthesis In Placer | Checksum: 6f1ef4da

Time (s): cpu = 00:00:16 ; elapsed = 00:00:16 . Memory (MB): peak = 2263.977 ; gain = 0.000
Phase 2.4 Global Placement Core | Checksum: cf3721ed

Time (s): cpu = 00:00:18 ; elapsed = 00:00:17 . Memory (MB): peak = 2263.977 ; gain = 0.000
Phase 2 Global Placement | Checksum: cf3721ed

Time (s): cpu = 00:00:18 ; elapsed = 00:00:17 . Memory (MB): peak = 2263.977 ; gain = 0.000

Phase 3 Detail Placement

Phase 3.1 Commit Multi Column Macros
Phase 3.1 Commit Multi Column Macros | Checksum: 91893ba9

Time (s): cpu = 00:00:18 ; elapsed = 00:00:17 . Memory (MB): peak = 2263.977 ; gain = 0.000

Phase 3.2 Commit Most Macros & LUTRAMs
Phase 3.2 Commit Most Macros & LUTRAMs | Checksum: f46fb2e0

Time (s): cpu = 00:00:18 ; elapsed = 00:00:18 . Memory (MB): peak = 2263.977 ; gain = 0.000

Phase 3.3 Area Swap Optimization
Phase 3.3 Area Swap Optimization | Checksum: 11c7c95d6

Time (s): cpu = 00:00:19 ; elapsed = 00:00:18 . Memory (MB): peak = 2263.977 ; gain = 0.000

Phase 3.4 Pipeline Register Optimization
Phase 3.4 Pipeline Register Optimization | Checksum: 1cb42944e

Time (s): cpu = 00:00:19 ; elapsed = 00:00:18 . Memory (MB): peak = 2263.977 ; gain = 0.000

Phase 3.5 Fast Optimization
Phase 3.5 Fast Optimization | Checksum: 11192a5e1

Time (s): cpu = 00:00:20 ; elapsed = 00:00:22 . Memory (MB): peak = 2263.977 ; gain = 0.000

Phase 3.6 Small Shape Detail Placement
Phase 3.6 Small Shape Detail Placement | Checksum: 172e4499b

Time (s): cpu = 00:00:23 ; elapsed = 00:00:26 . Memory (MB): peak = 2263.977 ; gain = 0.000

Phase 3.7 Re-assign LUT pins
Phase 3.7 Re-assign LUT pins | Checksum: d28cee24

Time (s): cpu = 00:00:23 ; elapsed = 00:00:26 . Memory (MB): peak = 2263.977 ; gain = 0.000

Phase 3.8 Pipeline Register Optimization
Phase 3.8 Pipeline Register Optimization | Checksum: 11fc0f93d

Time (s): cpu = 00:00:23 ; elapsed = 00:00:26 . Memory (MB): peak = 2263.977 ; gain = 0.000

Phase 3.9 Fast Optimization
Phase 3.9 Fast Optimization | Checksum: e04e99ad

Time (s): cpu = 00:00:26 ; elapsed = 00:00:32 . Memory (MB): peak = 2263.977 ; gain = 0.000
Phase 3 Detail Placement | Checksum: e04e99ad

Time (s): cpu = 00:00:26 ; elapsed = 00:00:32 . Memory (MB): peak = 2263.977 ; gain = 0.000

Phase 4 Post Placement Optimization and Clean-Up

Phase 4.1 Post Commit Optimization
INFO: [Place 46-20] Placer is running with the ExtraNetDelay_high directive. Post Placement Optimization may take longer to complete with ExtraNetDelay_high compared to other directives.
INFO: [Timing 38-35] Done setting XDC timing constraints.

Phase 4.1.1 Post Placement Optimization
Post Placement Optimization Initialization | Checksum: 1bb51e370

Phase 4.1.1.1 BUFG Insertion

Starting Physical Synthesis Task

Phase 1 Physical Synthesis Initialization
INFO: [Physopt 32-721] Multithreading enabled for phys_opt_design using a maximum of 8 CPUs
INFO: [Physopt 32-619] Estimated Timing Summary | WNS=-0.491 | TNS=-20.287 |
Phase 1 Physical Synthesis Initialization | Checksum: 15da2f001

Time (s): cpu = 00:00:00 ; elapsed = 00:00:00.235 . Memory (MB): peak = 2263.977 ; gain = 0.000
INFO: [Place 46-56] BUFG insertion identified 0 candidate nets. Inserted BUFG: 0, Replicated BUFG Driver: 0, Skipped due to Placement/Routing Conflicts: 0, Skipped due to Timing Degradation: 0, Skipped due to netlist editing failed: 0.
Ending Physical Synthesis Task | Checksum: 15da2f001

Time (s): cpu = 00:00:00 ; elapsed = 00:00:00.291 . Memory (MB): peak = 2263.977 ; gain = 0.000
Phase 4.1.1.1 BUFG Insertion | Checksum: 1bb51e370

Time (s): cpu = 00:00:27 ; elapsed = 00:00:33 . Memory (MB): peak = 2263.977 ; gain = 0.000

Phase 4.1.1.2 Post Placement Timing Optimization
INFO: [Place 30-746] Post Placement Timing Summary WNS=-0.089. For the most accurate timing information please run report_timing.
Phase 4.1.1.2 Post Placement Timing Optimization | Checksum: 15878a9af

Time (s): cpu = 00:03:15 ; elapsed = 00:04:00 . Memory (MB): peak = 2266.641 ; gain = 2.664

Time (s): cpu = 00:03:15 ; elapsed = 00:04:00 . Memory (MB): peak = 2266.641 ; gain = 2.664
Phase 4.1 Post Commit Optimization | Checksum: 15878a9af

Time (s): cpu = 00:03:15 ; elapsed = 00:04:00 . Memory (MB): peak = 2266.641 ; gain = 2.664

Phase 4.2 Post Placement Cleanup
Phase 4.2 Post Placement Cleanup | Checksum: 15878a9af

Time (s): cpu = 00:03:15 ; elapsed = 00:04:00 . Memory (MB): peak = 2266.641 ; gain = 2.664

Phase 4.3 Placer Reporting

Phase 4.3.1 Print Estimated Congestion
INFO: [Place 30-612] Post-Placement Estimated Congestion 
 ____________________________________________________
|           | Global Congestion | Short Congestion  |
| Direction | Region Size       | Region Size       |
|___________|___________________|___________________|
|      North|                1x1|                8x8|
|___________|___________________|___________________|
|      South|                1x1|                4x4|
|___________|___________________|___________________|
|       East|                8x8|                8x8|
|___________|___________________|___________________|
|       West|                2x2|                4x4|
|___________|___________________|___________________|

Phase 4.3.1 Print Estimated Congestion | Checksum: 15878a9af

Time (s): cpu = 00:03:16 ; elapsed = 00:04:00 . Memory (MB): peak = 2266.641 ; gain = 2.664
Phase 4.3 Placer Reporting | Checksum: 15878a9af

Time (s): cpu = 00:03:16 ; elapsed = 00:04:00 . Memory (MB): peak = 2266.641 ; gain = 2.664

Phase 4.4 Final Placement Cleanup
Netlist sorting complete. Time (s): cpu = 00:00:00 ; elapsed = 00:00:00.002 . Memory (MB): peak = 2266.641 ; gain = 0.000

Time (s): cpu = 00:03:16 ; elapsed = 00:04:00 . Memory (MB): peak = 2266.641 ; gain = 2.664
Phase 4 Post Placement Optimization and Clean-Up | Checksum: 1fe16f377

Time (s): cpu = 00:03:16 ; elapsed = 00:04:00 . Memory (MB): peak = 2266.641 ; gain = 2.664
Ending Placer Task | Checksum: 1428dc807

Time (s): cpu = 00:03:16 ; elapsed = 00:04:00 . Memory (MB): peak = 2266.641 ; gain = 2.664
87 Infos, 0 Warnings, 0 Critical Warnings and 0 Errors encountered.
place_design completed successfully
place_design: Time (s): cpu = 00:03:17 ; elapsed = 00:04:01 . Memory (MB): peak = 2266.641 ; gain = 2.664
INFO: [runtcl-4] Executing : report_io -file top_io_placed.rpt
report_io: Time (s): cpu = 00:00:00 ; elapsed = 00:00:00.110 . Memory (MB): peak = 2266.641 ; gain = 0.000
INFO: [runtcl-4] Executing : report_utilization -file top_utilization_placed.rpt -pb top_utilization_placed.pb
INFO: [runtcl-4] Executing : report_control_sets -verbose -file top_control_sets_placed.rpt
report_control_sets: Time (s): cpu = 00:00:00 ; elapsed = 00:00:00.021 . Memory (MB): peak = 2266.641 ; gain = 0.000
INFO: [Timing 38-480] Writing timing data to binary archive.
Write ShapeDB Complete: Time (s): cpu = 00:00:00 ; elapsed = 00:00:00.010 . Memory (MB): peak = 2266.641 ; gain = 0.000
Wrote PlaceDB: Time (s): cpu = 00:00:01 ; elapsed = 00:00:00.366 . Memory (MB): peak = 2266.641 ; gain = 0.000
Wrote PulsedLatchDB: Time (s): cpu = 00:00:00 ; elapsed = 00:00:00 . Memory (MB): peak = 2266.641 ; gain = 0.000
Writing XDEF routing.
Writing XDEF routing logical nets.
Writing XDEF routing special nets.
Wrote RouteStorage: Time (s): cpu = 00:00:00 ; elapsed = 00:00:00.015 . Memory (MB): peak = 2266.641 ; gain = 0.000
Wrote Netlist Cache: Time (s): cpu = 00:00:00 ; elapsed = 00:00:00.009 . Memory (MB): peak = 2266.641 ; gain = 0.000
Wrote Device Cache: Time (s): cpu = 00:00:00 ; elapsed = 00:00:00.004 . Memory (MB): peak = 2266.641 ; gain = 0.000
Write Physdb Complete: Time (s): cpu = 00:00:01 ; elapsed = 00:00:00.399 . Memory (MB): peak = 2266.641 ; gain = 0.000
INFO: [Common 17-1381] The checkpoint 'C:/Users/hp/Downloads/digital_twin/digital_twin.runs/impl_1/top_placed.dcp' has been generated.
Command: phys_opt_design -directive AggressiveExplore
Attempting to get a license for feature 'Implementation' and/or device 'xc7k325t'
INFO: [Common 17-349] Got license for feature 'Implementation' and/or device 'xc7k325t'
INFO: [Vivado_Tcl 4-137] Directive used for phys_opt_design is: AggressiveExplore

Starting Initial Update Timing Task

Time (s): cpu = 00:00:00 ; elapsed = 00:00:00.639 . Memory (MB): peak = 2266.641 ; gain = 0.000
INFO: [Vivado_Tcl 4-1435] PhysOpt_Tcl_Interface Runtime Before Starting Physical Synthesis Task | CPU: 0.00s |  WALL: 0.69s
Netlist sorting complete. Time (s): cpu = 00:00:00 ; elapsed = 00:00:00.002 . Memory (MB): peak = 2266.641 ; gain = 0.000

Starting Physical Synthesis Task

Phase 1 Physical Synthesis Initialization
INFO: [Physopt 32-721] Multithreading enabled for phys_opt_design using a maximum of 8 CPUs
INFO: [Physopt 32-619] Estimated Timing Summary | WNS=-0.089 | TNS=-0.227 |
Phase 1 Physical Synthesis Initialization | Checksum: 15e3516f5

Time (s): cpu = 00:00:01 ; elapsed = 00:00:00.542 . Memory (MB): peak = 2266.641 ; gain = 0.000

Phase 2 SLR Crossing Optimization
Phase 2 SLR Crossing Optimization | Checksum: 15e3516f5

Time (s): cpu = 00:00:01 ; elapsed = 00:00:00.570 . Memory (MB): peak = 2266.641 ; gain = 0.000
INFO: [Physopt 32-619] Estimated Timing Summary | WNS=-0.089 | TNS=-0.227 |

Phase 3 Fanout Optimization
INFO: [Physopt 32-76] Pass 1. Identified 18 candidate nets for fanout optimization.
INFO: [Physopt 32-572] Net student_top_inst/Core_cpu/cpu_core/if_id_inst/bp_fetch_redirect was not replicated.
Resolution: phys_opt_design can be forced to replicate a net driver using the option -force_replication_on_nets <list of net objects>.
INFO: [Physopt 32-81] Processed net student_top_inst/Core_cpu/cpu_core/if_id_inst/bp_fetch_valid_r_reg. Replicated 2 times.
INFO: [Physopt 32-572] Net student_top_inst/Core_cpu/cpu_core/if_id_inst/pc_jump_en_o was not replicated.
Resolution: phys_opt_design can be forced to replicate a net driver using the option -force_replication_on_nets <list of net objects>.
INFO: [Physopt 32-572] Net student_top_inst/Core_cpu/cpu_core/ex_mem_inst/dff_inst/done_r_reg_rep__41_0 was not replicated.
Resolution: phys_opt_design can be forced to replicate a net driver using the option -force_replication_on_nets <list of net objects>.
INFO: [Physopt 32-81] Processed net student_top_inst/Core_cpu/cpu_core/mem2_align_inst/dff_inst/data_o_reg[6]_0. Replicated 2 times.
INFO: [Physopt 32-572] Net student_top_inst/Core_cpu/cpu_core/if_id_inst/op1_o[22]_i_4_n_0 was not replicated.
Resolution: phys_opt_design can be forced to replicate a net driver using the option -force_replication_on_nets <list of net objects>.
INFO: [Physopt 32-572] Net student_top_inst/Core_cpu/cpu_core/if_id_inst/inst_o[31]_i_4_n_0 was not replicated.
Resolution: phys_opt_design can be forced to replicate a net driver using the option -force_replication_on_nets <list of net objects>.
INFO: [Physopt 32-572] Net student_top_inst/Core_cpu/cpu_core/id_ex_inst/forwarding_inst/in020_out was not replicated.
Resolution: phys_opt_design can be forced to replicate a net driver using the option -force_replication_on_nets <list of net objects>.
INFO: [Physopt 32-572] Net student_top_inst/Core_cpu/cpu_core/id_ex_inst/forwarding_inst/in04 was not replicated.
Resolution: phys_opt_design can be forced to replicate a net driver using the option -force_replication_on_nets <list of net objects>.
INFO: [Physopt 32-572] Net student_top_inst/Core_cpu/cpu_core/ex_inst/rv32m_iter_inst/div_remainder_r was not replicated.
Resolution: phys_opt_design can be forced to replicate a net driver using the option -force_replication_on_nets <list of net objects>.
INFO: [Physopt 32-572] Net student_top_inst/Core_cpu/cpu_core/ex_mem_inst/dff_rd_addr/rs2_alu_match_ex_mem_inst_i_2_n_0 was not replicated.
Resolution: phys_opt_design can be forced to replicate a net driver using the option -force_replication_on_nets <list of net objects>.
INFO: [Physopt 32-572] Net student_top_inst/Core_cpu/cpu_core/id_ex_inst/internal_flush_inst__15_i_1_n_0 was not replicated.
Resolution: phys_opt_design can be forced to replicate a net driver using the option -force_replication_on_nets <list of net objects>.
INFO: [Physopt 32-572] Net student_top_inst/Core_cpu/cpu_core/id_ex_inst/id_ex_is_branch_w was not replicated.
Resolution: phys_opt_design can be forced to replicate a net driver using the option -force_replication_on_nets <list of net objects>.
INFO: [Physopt 32-232] Optimized 2 nets. Created 4 new instances.
INFO: [Physopt 32-775] End 1 Pass. Optimized 2 nets or cells. Created 4 new cells, deleted 0 existing cell and moved 0 existing cell
INFO: [Physopt 32-619] Estimated Timing Summary | WNS=-0.089 | TNS=-0.227 |
Netlist sorting complete. Time (s): cpu = 00:00:00 ; elapsed = 00:00:00.027 . Memory (MB): peak = 2266.641 ; gain = 0.000
Phase 3 Fanout Optimization | Checksum: 120ef9ca8

Time (s): cpu = 00:00:03 ; elapsed = 00:00:03 . Memory (MB): peak = 2266.641 ; gain = 0.000

Phase 4 Single Cell Placement Optimization
INFO: [Physopt 32-660] Identified 241 candidate nets for placement-based optimization.
INFO: [Physopt 32-662] Processed net student_top_inst/Core_cpu/cpu_core/branch_predictor_inst/bp_fetch_pc_r_reg[30][29].  Did not re-place instance student_top_inst/Core_cpu/cpu_core/branch_predictor_inst/hold_pred_target_reg[29]_i_1
INFO: [Physopt 32-663] Processed net student_top_inst/Core_cpu/cpu_core/id_ex_inst/mtvec_r_reg[31][29].  Re-placed instance student_top_inst/Core_cpu/cpu_core/id_ex_inst/pc_o[29]_i_1
INFO: [Physopt 32-662] Processed net student_top_inst/Core_cpu/cpu_core/if_id_inst/b_imm_inst__29_n_0.  Did not re-place instance student_top_inst/Core_cpu/cpu_core/if_id_inst/b_imm_inst__29
INFO: [Physopt 32-662] Processed net student_top_inst/Core_cpu/cpu_core/if_id_inst/pred_target_o_reg[29]_0.  Did not re-place instance student_top_inst/Core_cpu/cpu_core/if_id_inst/pc_o[29]_i_4
INFO: [Physopt 32-662] Processed net student_top_inst/Core_cpu/cpu_core/pc_reg_inst/Q[29].  Did not re-place instance student_top_inst/Core_cpu/cpu_core/pc_reg_inst/pc_o_reg[29]
INFO: [Physopt 32-662] Processed net student_top_inst/Core_cpu/cpu_core/branch_predictor_inst/bp_fetch_pc_r_reg[30][31].  Did not re-place instance student_top_inst/Core_cpu/cpu_core/branch_predictor_inst/hold_pred_target_reg[31]_i_1
INFO: [Physopt 32-663] Processed net student_top_inst/Core_cpu/cpu_core/id_ex_inst/mtvec_r_reg[31][31].  Re-placed instance student_top_inst/Core_cpu/cpu_core/id_ex_inst/pc_o[31]_i_1
INFO: [Physopt 32-663] Processed net student_top_inst/Core_cpu/cpu_core/if_id_inst/pred_target_o_reg[31]_0.  Re-placed instance student_top_inst/Core_cpu/cpu_core/if_id_inst/pc_o[31]_i_4
INFO: [Physopt 32-662] Processed net student_top_inst/Core_cpu/cpu_core/pc_reg_inst/Q[31].  Did not re-place instance student_top_inst/Core_cpu/cpu_core/pc_reg_inst/pc_o_reg[31]
INFO: [Physopt 32-662] Processed net student_top_inst/Core_cpu/cpu_core/branch_predictor_inst/bp_fetch_pc_r_reg[30][28].  Did not re-place instance student_top_inst/Core_cpu/cpu_core/branch_predictor_inst/hold_pred_target_reg[28]_i_1
INFO: [Physopt 32-663] Processed net student_top_inst/Core_cpu/cpu_core/id_ex_inst/mtvec_r_reg[31][28].  Re-placed instance student_top_inst/Core_cpu/cpu_core/id_ex_inst/pc_o[28]_i_2
INFO: [Physopt 32-663] Processed net student_top_inst/Core_cpu/cpu_core/if_id_inst/pred_target_o_reg[28]_0.  Re-placed instance student_top_inst/Core_cpu/cpu_core/if_id_inst/pc_o[28]_i_5
INFO: [Physopt 32-662] Processed net student_top_inst/Core_cpu/cpu_core/pc_reg_inst/Q[28].  Did not re-place instance student_top_inst/Core_cpu/cpu_core/pc_reg_inst/pc_o_reg[28]
INFO: [Physopt 32-662] Processed net student_top_inst/Core_cpu/cpu_core/branch_predictor_inst/bp_fetch_pc_r_reg[30][25].  Did not re-place instance student_top_inst/Core_cpu/cpu_core/branch_predictor_inst/hold_pred_target_reg[25]_i_1
INFO: [Physopt 32-663] Processed net student_top_inst/Core_cpu/cpu_core/id_ex_inst/mtvec_r_reg[31][25].  Re-placed instance student_top_inst/Core_cpu/cpu_core/id_ex_inst/pc_o[25]_i_1
INFO: [Physopt 32-662] Processed net student_top_inst/Core_cpu/cpu_core/if_id_inst/pred_target_o_reg[25]_0.  Did not re-place instance student_top_inst/Core_cpu/cpu_core/if_id_inst/pc_o[25]_i_4
INFO: [Physopt 32-662] Processed net student_top_inst/Core_cpu/cpu_core/pc_reg_inst/Q[25].  Did not re-place instance student_top_inst/Core_cpu/cpu_core/pc_reg_inst/pc_o_reg[25]
INFO: [Physopt 32-662] Processed net student_top_inst/Core_cpu/cpu_core/branch_predictor_inst/bp_fetch_pc_r_reg[30][26].  Did not re-place instance student_top_inst/Core_cpu/cpu_core/branch_predictor_inst/hold_pred_target_reg[26]_i_1
INFO: [Physopt 32-662] Processed net student_top_inst/Core_cpu/cpu_core/id_ex_inst/mtvec_r_reg[31][26].  Did not re-place instance student_top_inst/Core_cpu/cpu_core/id_ex_inst/pc_o[26]_i_1
INFO: [Physopt 32-662] Processed net student_top_inst/Core_cpu/cpu_core/if_id_inst/pred_target_o_reg[26]_0.  Did not re-place instance student_top_inst/Core_cpu/cpu_core/if_id_inst/pc_o[26]_i_4
INFO: [Physopt 32-662] Processed net student_top_inst/Core_cpu/cpu_core/pc_reg_inst/Q[26].  Did not re-place instance student_top_inst/Core_cpu/cpu_core/pc_reg_inst/pc_o_reg[26]
INFO: [Physopt 32-662] Processed net student_top_inst/Core_cpu/cpu_core/branch_predictor_inst/bp_fetch_pc_r_reg[30][30].  Did not re-place instance student_top_inst/Core_cpu/cpu_core/branch_predictor_inst/hold_pred_target_reg[30]_i_1
INFO: [Physopt 32-662] Processed net student_top_inst/Core_cpu/cpu_core/id_ex_inst/mtvec_r_reg[31][30].  Did not re-place instance student_top_inst/Core_cpu/cpu_core/id_ex_inst/pc_o[30]_i_1
INFO: [Physopt 32-662] Processed net student_top_inst/Core_cpu/cpu_core/if_id_inst/pred_target_o_reg[30]_0.  Did not re-place instance student_top_inst/Core_cpu/cpu_core/if_id_inst/pc_o[30]_i_4
INFO: [Physopt 32-662] Processed net student_top_inst/Core_cpu/cpu_core/pc_reg_inst/Q[30].  Did not re-place instance student_top_inst/Core_cpu/cpu_core/pc_reg_inst/pc_o_reg[30]
INFO: [Physopt 32-662] Processed net student_top_inst/Core_cpu/cpu_core/if_id_inst/bp_fetch_redirect.  Did not re-place instance student_top_inst/Core_cpu/cpu_core/if_id_inst/pc_o[31]_i_11
INFO: [Physopt 32-662] Processed net student_top_inst/Core_cpu/cpu_core/if_id_inst/bp_fetch_valid_r_reg_repN.  Did not re-place instance student_top_inst/Core_cpu/cpu_core/if_id_inst/hold_pred_target_reg[31]_i_4_replica
INFO: [Physopt 32-662] Processed net student_top_inst/Core_cpu/cpu_core/branch_predictor_inst/bp_pred_taken_o.  Did not re-place instance student_top_inst/Core_cpu/cpu_core/branch_predictor_inst/hold_pred_taken_reg_i_1
INFO: [Physopt 32-662] Processed net student_top_inst/Core_cpu/cpu_core/if_id_inst/b_imm_inst__19_n_0.  Did not re-place instance student_top_inst/Core_cpu/cpu_core/if_id_inst/b_imm_inst__19
INFO: [Physopt 32-662] Processed net student_top_inst/Core_cpu/cpu_core/branch_predictor_inst/bp_fetch_pc_r_reg[30][23].  Did not re-place instance student_top_inst/Core_cpu/cpu_core/branch_predictor_inst/hold_pred_target_reg[23]_i_1
INFO: [Physopt 32-663] Processed net student_top_inst/Core_cpu/cpu_core/id_ex_inst/mtvec_r_reg[31][23].  Re-placed instance student_top_inst/Core_cpu/cpu_core/id_ex_inst/pc_o[23]_i_1
INFO: [Physopt 32-662] Processed net student_top_inst/Core_cpu/cpu_core/if_id_inst/pred_target_o_reg[23]_0.  Did not re-place instance student_top_inst/Core_cpu/cpu_core/if_id_inst/pc_o[23]_i_4
INFO: [Physopt 32-662] Processed net student_top_inst/Core_cpu/cpu_core/pc_reg_inst/Q[23].  Did not re-place instance student_top_inst/Core_cpu/cpu_core/pc_reg_inst/pc_o_reg[23]
INFO: [Physopt 32-662] Processed net student_top_inst/Core_cpu/cpu_core/branch_predictor_inst/bp_fetch_pc_r_reg[30][27].  Did not re-place instance student_top_inst/Core_cpu/cpu_core/branch_predictor_inst/hold_pred_target_reg[27]_i_1
INFO: [Physopt 32-663] Processed net student_top_inst/Core_cpu/cpu_core/id_ex_inst/mtvec_r_reg[31][27].  Re-placed instance student_top_inst/Core_cpu/cpu_core/id_ex_inst/pc_o[27]_i_1
INFO: [Physopt 32-662] Processed net student_top_inst/Core_cpu/cpu_core/if_id_inst/pred_target_o_reg[27]_0.  Did not re-place instance student_top_inst/Core_cpu/cpu_core/if_id_inst/pc_o[27]_i_4
INFO: [Physopt 32-662] Processed net student_top_inst/Core_cpu/cpu_core/pc_reg_inst/Q[27].  Did not re-place instance student_top_inst/Core_cpu/cpu_core/pc_reg_inst/pc_o_reg[27]
INFO: [Physopt 32-662] Processed net student_top_inst/Core_cpu/cpu_core/if_id_inst/b_imm_inst__27_n_0.  Did not re-place instance student_top_inst/Core_cpu/cpu_core/if_id_inst/b_imm_inst__27
INFO: [Physopt 32-662] Processed net student_top_inst/Core_cpu/cpu_core/branch_predictor_inst/bp_fetch_pc_r_reg[30][22].  Did not re-place instance student_top_inst/Core_cpu/cpu_core/branch_predictor_inst/hold_pred_target_reg[22]_i_1
INFO: [Physopt 32-663] Processed net student_top_inst/Core_cpu/cpu_core/id_ex_inst/mtvec_r_reg[31][22].  Re-placed instance student_top_inst/Core_cpu/cpu_core/id_ex_inst/pc_o[22]_i_1
INFO: [Physopt 32-662] Processed net student_top_inst/Core_cpu/cpu_core/if_id_inst/pred_target_o_reg[22]_0.  Did not re-place instance student_top_inst/Core_cpu/cpu_core/if_id_inst/pc_o[22]_i_4
INFO: [Physopt 32-662] Processed net student_top_inst/Core_cpu/cpu_core/pc_reg_inst/Q[22].  Did not re-place instance student_top_inst/Core_cpu/cpu_core/pc_reg_inst/pc_o_reg[22]
INFO: [Physopt 32-662] Processed net student_top_inst/Core_cpu/cpu_core/branch_predictor_inst/bp_fetch_pc_r_reg[30][21].  Did not re-place instance student_top_inst/Core_cpu/cpu_core/branch_predictor_inst/hold_pred_target_reg[21]_i_1
INFO: [Physopt 32-663] Processed net student_top_inst/Core_cpu/cpu_core/id_ex_inst/mtvec_r_reg[31][21].  Re-placed instance student_top_inst/Core_cpu/cpu_core/id_ex_inst/pc_o[21]_i_1
INFO: [Physopt 32-662] Processed net student_top_inst/Core_cpu/cpu_core/if_id_inst/j_imm_inst__17_n_0.  Did not re-place instance student_top_inst/Core_cpu/cpu_core/if_id_inst/j_imm_inst__17
INFO: [Physopt 32-662] Processed net student_top_inst/Core_cpu/cpu_core/if_id_inst/pred_target_o_reg[21]_0.  Did not re-place instance student_top_inst/Core_cpu/cpu_core/if_id_inst/pc_o[21]_i_4
INFO: [Physopt 32-662] Processed net student_top_inst/Core_cpu/cpu_core/pc_reg_inst/Q[21].  Did not re-place instance student_top_inst/Core_cpu/cpu_core/pc_reg_inst/pc_o_reg[21]
INFO: [Physopt 32-662] Processed net student_top_inst/Core_cpu/cpu_core/if_id_inst/j_imm_inst__13_n_0.  Did not re-place instance student_top_inst/Core_cpu/cpu_core/if_id_inst/j_imm_inst__13
INFO: [Physopt 32-662] Processed net student_top_inst/Core_cpu/cpu_core/if_id_inst/hold_pred_target_reg[3]_i_7_n_0.  Did not re-place instance student_top_inst/Core_cpu/cpu_core/if_id_inst/hold_pred_target_reg[3]_i_7
INFO: [Physopt 32-662] Processed net student_top_inst/Core_cpu/cpu_core/if_id_inst/b_imm_inst__26_n_0.  Did not re-place instance student_top_inst/Core_cpu/cpu_core/if_id_inst/b_imm_inst__26
INFO: [Physopt 32-662] Processed net student_top_inst/Core_cpu/cpu_core/if_id_inst/b_imm_inst__28_n_0.  Did not re-place instance student_top_inst/Core_cpu/cpu_core/if_id_inst/b_imm_inst__28
INFO: [Physopt 32-662] Processed net student_top_inst/Core_cpu/cpu_core/ex_mem_inst/dff_inst/done_r_reg_rep__41_0.  Did not re-place instance student_top_inst/Core_cpu/cpu_core/ex_mem_inst/dff_inst/flush_ifid_o_inst_i_4
INFO: [Physopt 32-662] Processed net student_top_inst/Core_cpu/cpu_core/if_id_inst/id_use_rs1_o.  Did not re-place instance student_top_inst/Core_cpu/cpu_core/if_id_inst/use_rs1_o_i_2
INFO: [Physopt 32-662] Processed net student_top_inst/Core_cpu/cpu_core/if_id_inst/op1_o[31]_i_7_n_0.  Did not re-place instance student_top_inst/Core_cpu/cpu_core/if_id_inst/op1_o[31]_i_7
INFO: [Physopt 32-662] Processed net student_top_inst/Core_cpu/cpu_core/ex_mem_inst/dff_inst/data_o_reg[5]_0.  Did not re-place instance student_top_inst/Core_cpu/cpu_core/ex_mem_inst/dff_inst/flush_ifid_o_inst_i_15
INFO: [Physopt 32-662] Processed net student_top_inst/Core_cpu/cpu_core/if_id_inst/data_o_reg[6]_0.  Did not re-place instance student_top_inst/Core_cpu/cpu_core/if_id_inst/flush_ifid_o_inst_i_1
INFO: [Physopt 32-662] Processed net student_top_inst/Core_cpu/cpu_core/if_id_inst/if_id_inst_o[1].  Did not re-place instance student_top_inst/Core_cpu/cpu_core/if_id_inst/inst_o_reg[1]
INFO: [Physopt 32-662] Processed net student_top_inst/Core_cpu/cpu_core/ex_mem_inst/dff_inst/flush_ifid_o_inst_i_34_n_0.  Did not re-place instance student_top_inst/Core_cpu/cpu_core/ex_mem_inst/dff_inst/flush_ifid_o_inst_i_34
INFO: [Physopt 32-662] Processed net student_top_inst/Core_cpu/cpu_core/if_id_inst/use_rs1_o_i_4_n_0.  Did not re-place instance student_top_inst/Core_cpu/cpu_core/if_id_inst/use_rs1_o_i_4
INFO: [Physopt 32-662] Processed net student_top_inst/Core_cpu/cpu_core/branch_predictor_inst/bp_fetch_pc_r_reg[30][18].  Did not re-place instance student_top_inst/Core_cpu/cpu_core/branch_predictor_inst/hold_pred_target_reg[18]_i_1
INFO: [Physopt 32-662] Processed net student_top_inst/Core_cpu/cpu_core/id_ex_inst/mtvec_r_reg[31][18].  Did not re-place instance student_top_inst/Core_cpu/cpu_core/id_ex_inst/pc_o[18]_i_1
INFO: [Physopt 32-662] Processed net student_top_inst/Core_cpu/cpu_core/if_id_inst/pred_target_o_reg[18]_0.  Did not re-place instance student_top_inst/Core_cpu/cpu_core/if_id_inst/pc_o[18]_i_4
INFO: [Physopt 32-662] Processed net student_top_inst/Core_cpu/cpu_core/pc_reg_inst/Q[18].  Did not re-place instance student_top_inst/Core_cpu/cpu_core/pc_reg_inst/pc_o_reg[18]
INFO: [Physopt 32-662] Processed net student_top_inst/Core_cpu/cpu_core/if_id_inst/pc_jump_en_o.  Did not re-place instance student_top_inst/Core_cpu/cpu_core/if_id_inst/pc_o[31]_i_6
INFO: [Physopt 32-662] Processed net student_top_inst/Core_cpu/cpu_core/if_id_inst/data_o_reg[6].  Did not re-place instance student_top_inst/Core_cpu/cpu_core/if_id_inst/is_holding_reg_i_2
INFO: [Physopt 32-662] Processed net student_top_inst/Core_cpu/cpu_core/pc_reg_inst/pc_o[4]_i_9_n_0.  Did not re-place instance student_top_inst/Core_cpu/cpu_core/pc_reg_inst/pc_o[4]_i_9
INFO: [Physopt 32-662] Processed net student_top_inst/Core_cpu/cpu_core/branch_predictor_inst/bp_fetch_pc_r_reg[30][16].  Did not re-place instance student_top_inst/Core_cpu/cpu_core/branch_predictor_inst/hold_pred_target_reg[16]_i_1
INFO: [Physopt 32-662] Processed net student_top_inst/Core_cpu/cpu_core/id_ex_inst/mtvec_r_reg[31][16].  Did not re-place instance student_top_inst/Core_cpu/cpu_core/id_ex_inst/pc_o[16]_i_1
INFO: [Physopt 32-662] Processed net student_top_inst/Core_cpu/cpu_core/if_id_inst/pred_target_o_reg[16]_0.  Did not re-place instance student_top_inst/Core_cpu/cpu_core/if_id_inst/pc_o[16]_i_4
INFO: [Physopt 32-662] Processed net student_top_inst/Core_cpu/cpu_core/pc_reg_inst/Q[16].  Did not re-place instance student_top_inst/Core_cpu/cpu_core/pc_reg_inst/pc_o_reg[16]
INFO: [Physopt 32-662] Processed net student_top_inst/Core_cpu/cpu_core/if_id_inst/Q[0].  Did not re-place instance student_top_inst/Core_cpu/cpu_core/if_id_inst/inst_o_reg[15]
INFO: [Physopt 32-662] Processed net student_top_inst/Core_cpu/cpu_core/if_id_inst/inst_o_reg[18]_1.  Did not re-place instance student_top_inst/Core_cpu/cpu_core/if_id_inst/flush_ifid_o_inst_i_20
INFO: [Physopt 32-662] Processed net student_top_inst/Core_cpu/cpu_core/mem1_mem2_inst/dff_inst/data_o_reg[3]_0.  Did not re-place instance student_top_inst/Core_cpu/cpu_core/mem1_mem2_inst/dff_inst/flush_ifid_o_inst_i_19
INFO: [Physopt 32-662] Processed net student_top_inst/Core_cpu/cpu_core/if_id_inst/flush_ifid_o_inst_i_38_n_0.  Did not re-place instance student_top_inst/Core_cpu/cpu_core/if_id_inst/flush_ifid_o_inst_i_38
INFO: [Physopt 32-662] Processed net student_top_inst/Core_cpu/cpu_core/if_id_inst/flush_ifid_o_inst_i_50_n_0.  Did not re-place instance student_top_inst/Core_cpu/cpu_core/if_id_inst/flush_ifid_o_inst_i_50
INFO: [Physopt 32-662] Processed net student_top_inst/Core_cpu/cpu_core/if_id_inst/Q[9].  Did not re-place instance student_top_inst/Core_cpu/cpu_core/if_id_inst/inst_o_reg[24]
INFO: [Physopt 32-662] Processed net student_top_inst/Core_cpu/cpu_core/if_id_inst/data_o_reg[8].  Did not re-place instance student_top_inst/Core_cpu/cpu_core/if_id_inst/flush_ifid_o_inst_i_32
INFO: [Physopt 32-662] Processed net student_top_inst/Core_cpu/cpu_core/if_id_inst/flush_ifid_o_inst_i_47_n_0.  Did not re-place instance student_top_inst/Core_cpu/cpu_core/if_id_inst/flush_ifid_o_inst_i_47
INFO: [Physopt 32-662] Processed net student_top_inst/Core_cpu/cpu_core/if_id_inst/b_imm_inst__25_n_0.  Did not re-place instance student_top_inst/Core_cpu/cpu_core/if_id_inst/b_imm_inst__25
INFO: [Physopt 32-662] Processed net student_top_inst/Core_cpu/cpu_core/if_id_inst/Q[5].  Did not re-place instance student_top_inst/Core_cpu/cpu_core/if_id_inst/inst_o_reg[20]
INFO: [Physopt 32-663] Processed net student_top_inst/Core_cpu/cpu_core/if_id_inst/if_id_inst_o[2].  Re-placed instance student_top_inst/Core_cpu/cpu_core/if_id_inst/inst_o_reg[2]
INFO: [Physopt 32-662] Processed net student_top_inst/Core_cpu/cpu_core/branch_predictor_inst/bp_fetch_pc_r_reg[30][15].  Did not re-place instance student_top_inst/Core_cpu/cpu_core/branch_predictor_inst/hold_pred_target_reg[15]_i_1
INFO: [Physopt 32-663] Processed net student_top_inst/Core_cpu/cpu_core/id_ex_inst/mtvec_r_reg[31][15].  Re-placed instance student_top_inst/Core_cpu/cpu_core/id_ex_inst/pc_o[15]_i_1
INFO: [Physopt 32-662] Processed net student_top_inst/Core_cpu/cpu_core/if_id_inst/pred_target_o_reg[15]_0.  Did not re-place instance student_top_inst/Core_cpu/cpu_core/if_id_inst/pc_o[15]_i_4
INFO: [Physopt 32-662] Processed net student_top_inst/Core_cpu/cpu_core/pc_reg_inst/Q[15].  Did not re-place instance student_top_inst/Core_cpu/cpu_core/pc_reg_inst/pc_o_reg[15]
INFO: [Physopt 32-663] Processed net student_top_inst/Core_cpu/cpu_core/mem1_mem2_inst/dff_inst/mem1_mem2_inst_o[0].  Re-placed instance student_top_inst/Core_cpu/cpu_core/mem1_mem2_inst/dff_inst/data_o_reg[0]
INFO: [Physopt 32-662] Processed net student_top_inst/Core_cpu/cpu_core/mem1_mem2_inst/dff_inst/data_o_reg[8]_0.  Did not re-place instance student_top_inst/Core_cpu/cpu_core/mem1_mem2_inst/dff_inst/flush_ifid_o_inst_i_40
INFO: [Physopt 32-662] Processed net student_top_inst/Core_cpu/cpu_core/mem1_mem2_inst/dff_inst/flush_ifid_o_inst_i_52_n_0.  Did not re-place instance student_top_inst/Core_cpu/cpu_core/mem1_mem2_inst/dff_inst/flush_ifid_o_inst_i_52
INFO: [Physopt 32-662] Processed net student_top_inst/Core_cpu/cpu_core/branch_predictor_inst/bp_fetch_pc_r_reg[30][17].  Did not re-place instance student_top_inst/Core_cpu/cpu_core/branch_predictor_inst/hold_pred_target_reg[17]_i_1
INFO: [Physopt 32-662] Processed net student_top_inst/Core_cpu/cpu_core/id_ex_inst/mtvec_r_reg[31][17].  Did not re-place instance student_top_inst/Core_cpu/cpu_core/id_ex_inst/pc_o[17]_i_1
INFO: [Physopt 32-662] Processed net student_top_inst/Core_cpu/cpu_core/if_id_inst/pred_target_o_reg[17]_0.  Did not re-place instance student_top_inst/Core_cpu/cpu_core/if_id_inst/pc_o[17]_i_4
INFO: [Physopt 32-662] Processed net student_top_inst/Core_cpu/cpu_core/pc_reg_inst/Q[17].  Did not re-place instance student_top_inst/Core_cpu/cpu_core/pc_reg_inst/pc_o_reg[17]
INFO: [Physopt 32-662] Processed net student_top_inst/Core_cpu/cpu_core/mem2_align_inst/dff_inst/data_o_reg[6]_0_repN.  Did not re-place instance student_top_inst/Core_cpu/cpu_core/mem2_align_inst/dff_inst/flush_ifid_o_inst_i_3_replica
INFO: [Physopt 32-662] Processed net student_top_inst/Core_cpu/cpu_core/if_id_inst/inst_o_reg[18]_0.  Did not re-place instance student_top_inst/Core_cpu/cpu_core/if_id_inst/flush_ifid_o_inst_i_14
INFO: [Physopt 32-662] Processed net student_top_inst/Core_cpu/cpu_core/if_id_inst/flush_ifid_o_inst_i_28_n_0.  Did not re-place instance student_top_inst/Core_cpu/cpu_core/if_id_inst/flush_ifid_o_inst_i_28
INFO: [Physopt 32-663] Processed net student_top_inst/Core_cpu/cpu_core/if_id_inst/j_imm_inst__7_n_0.  Re-placed instance student_top_inst/Core_cpu/cpu_core/if_id_inst/j_imm_inst__7
INFO: [Physopt 32-662] Processed net student_top_inst/Core_cpu/cpu_core/branch_predictor_inst/bp_fetch_pc_r_reg[30][19].  Did not re-place instance student_top_inst/Core_cpu/cpu_core/branch_predictor_inst/hold_pred_target_reg[19]_i_1
INFO: [Physopt 32-662] Processed net student_top_inst/Core_cpu/cpu_core/id_ex_inst/mtvec_r_reg[31][19].  Did not re-place instance student_top_inst/Core_cpu/cpu_core/id_ex_inst/pc_o[19]_i_1
INFO: [Physopt 32-662] Processed net student_top_inst/Core_cpu/cpu_core/if_id_inst/pred_target_o_reg[19]_0.  Did not re-place instance student_top_inst/Core_cpu/cpu_core/if_id_inst/pc_o[19]_i_4
INFO: [Physopt 32-662] Processed net student_top_inst/Core_cpu/cpu_core/pc_reg_inst/Q[19].  Did not re-place instance student_top_inst/Core_cpu/cpu_core/pc_reg_inst/pc_o_reg[19]
INFO: [Physopt 32-662] Processed net student_top_inst/Core_cpu/cpu_core/branch_predictor_inst/bp_fetch_pc_r_reg[30][24].  Did not re-place instance student_top_inst/Core_cpu/cpu_core/branch_predictor_inst/hold_pred_target_reg[24]_i_1
INFO: [Physopt 32-662] Processed net student_top_inst/Core_cpu/cpu_core/id_ex_inst/mtvec_r_reg[31][24].  Did not re-place instance student_top_inst/Core_cpu/cpu_core/id_ex_inst/pc_o[24]_i_1
INFO: [Physopt 32-662] Processed net student_top_inst/Core_cpu/cpu_core/if_id_inst/pred_target_o_reg[24]_0.  Did not re-place instance student_top_inst/Core_cpu/cpu_core/if_id_inst/pc_o[24]_i_4
INFO: [Physopt 32-662] Processed net student_top_inst/Core_cpu/cpu_core/pc_reg_inst/Q[24].  Did not re-place instance student_top_inst/Core_cpu/cpu_core/pc_reg_inst/pc_o_reg[24]
INFO: [Physopt 32-662] Processed net student_top_inst/Core_cpu/cpu_core/branch_predictor_inst/bp_fetch_pc_r_reg[30][20].  Did not re-place instance student_top_inst/Core_cpu/cpu_core/branch_predictor_inst/hold_pred_target_reg[20]_i_1
INFO: [Physopt 32-662] Processed net student_top_inst/Core_cpu/cpu_core/id_ex_inst/mtvec_r_reg[31][20].  Did not re-place instance student_top_inst/Core_cpu/cpu_core/id_ex_inst/pc_o[20]_i_2
INFO: [Physopt 32-662] Processed net student_top_inst/Core_cpu/cpu_core/if_id_inst/pred_target_o_reg[20]_0.  Did not re-place instance student_top_inst/Core_cpu/cpu_core/if_id_inst/pc_o[20]_i_5
INFO: [Physopt 32-662] Processed net student_top_inst/Core_cpu/cpu_core/pc_reg_inst/Q[20].  Did not re-place instance student_top_inst/Core_cpu/cpu_core/pc_reg_inst/pc_o_reg[20]
INFO: [Physopt 32-662] Processed net student_top_inst/Core_cpu/cpu_core/if_id_inst/hold_pred_target_reg[3]_i_5_n_0.  Did not re-place instance student_top_inst/Core_cpu/cpu_core/if_id_inst/hold_pred_target_reg[3]_i_5
INFO: [Physopt 32-663] Processed net student_top_inst/Core_cpu/cpu_core/mem1_mem2_inst/dff_inst/mem1_mem2_inst_o[1].  Re-placed instance student_top_inst/Core_cpu/cpu_core/mem1_mem2_inst/dff_inst/data_o_reg[1]
INFO: [Physopt 32-662] Processed net student_top_inst/Core_cpu/cpu_core/if_id_inst/if_id_inst_o[0].  Did not re-place instance student_top_inst/Core_cpu/cpu_core/if_id_inst/inst_o_reg[0]
INFO: [Physopt 32-662] Processed net student_top_inst/Core_cpu/cpu_core/branch_predictor_inst/bp_fetch_pc_r_reg[30][14].  Did not re-place instance student_top_inst/Core_cpu/cpu_core/branch_predictor_inst/hold_pred_target_reg[14]_i_1
INFO: [Physopt 32-662] Processed net student_top_inst/Core_cpu/cpu_core/id_ex_inst/mtvec_r_reg[31][14].  Did not re-place instance student_top_inst/Core_cpu/cpu_core/id_ex_inst/pc_o[14]_i_1
INFO: [Physopt 32-663] Processed net student_top_inst/Core_cpu/cpu_core/if_id_inst/pred_target_o_reg[14]_0.  Re-placed instance student_top_inst/Core_cpu/cpu_core/if_id_inst/pc_o[14]_i_4
INFO: [Physopt 32-662] Processed net student_top_inst/Core_cpu/cpu_core/pc_reg_inst/Q[14].  Did not re-place instance student_top_inst/Core_cpu/cpu_core/pc_reg_inst/pc_o_reg[14]
INFO: [Physopt 32-663] Processed net student_top_inst/Core_cpu/cpu_core/if_id_inst/hold_pred_target_reg[18].  Re-placed instance student_top_inst/Core_cpu/cpu_core/if_id_inst/hold_pred_target_reg_reg[18]
INFO: [Physopt 32-662] Processed net student_top_inst/Core_cpu/cpu_core/if_id_inst/hold_pred_target_reg[3]_i_6_n_0.  Did not re-place instance student_top_inst/Core_cpu/cpu_core/if_id_inst/hold_pred_target_reg[3]_i_6
INFO: [Physopt 32-662] Processed net student_top_inst/Core_cpu/cpu_core/if_id_inst/j_imm_inst__16_n_0.  Did not re-place instance student_top_inst/Core_cpu/cpu_core/if_id_inst/j_imm_inst__16
INFO: [Physopt 32-663] Processed net student_top_inst/Core_cpu/cpu_core/branch_predictor_inst/pred_idx[1].  Re-placed instance student_top_inst/Core_cpu/cpu_core/branch_predictor_inst/bht_reg_0_127_0_0_i_14
INFO: [Physopt 32-662] Processed net student_top_inst/Core_cpu/cpu_core/branch_predictor_inst/ghr_r[1].  Did not re-place instance student_top_inst/Core_cpu/cpu_core/branch_predictor_inst/ghr_r_reg[1]
INFO: [Physopt 32-663] Processed net student_top_inst/Core_cpu/cpu_core/branch_predictor_inst/branch_pred_taken_w.  Re-placed instance student_top_inst/Core_cpu/cpu_core/branch_predictor_inst/b_imm_inst__30
INFO: [Physopt 32-662] Processed net student_top_inst/Core_cpu/cpu_core/branch_predictor_inst/in01[1].  Did not re-place instance student_top_inst/Core_cpu/cpu_core/branch_predictor_inst/b_imm_inst__30_i_1
INFO: [Physopt 32-662] Processed net student_top_inst/Core_cpu/cpu_core/if_id_inst/j_imm_inst__12_n_0.  Did not re-place instance student_top_inst/Core_cpu/cpu_core/if_id_inst/j_imm_inst__12
INFO: [Physopt 32-662] Processed net student_top_inst/Core_cpu/cpu_core/if_id_inst/j_imm_inst__15_n_0.  Did not re-place instance student_top_inst/Core_cpu/cpu_core/if_id_inst/j_imm_inst__15
INFO: [Physopt 32-662] Processed net student_top_inst/Core_cpu/cpu_core/if_id_inst/op1_o[22]_i_4_n_0.  Did not re-place instance student_top_inst/Core_cpu/cpu_core/if_id_inst/op1_o[22]_i_4
INFO: [Physopt 32-662] Processed net student_top_inst/Core_cpu/cpu_core/if_id_inst/hdu_flush_flag_o.  Did not re-place instance student_top_inst/Core_cpu/cpu_core/if_id_inst/inst_o[31]_i_5
INFO: [Physopt 32-663] Processed net student_top_inst/Core_cpu/cpu_core/id_ex_inst/rs1_addr_o_reg[4]_0[0].  Re-placed instance student_top_inst/Core_cpu/cpu_core/id_ex_inst/rs1_addr_o_reg[0]
INFO: [Physopt 32-663] Processed net student_top_inst/Core_cpu/cpu_core/if_id_inst/inst_o_reg[19]_0[0].  Re-placed instance student_top_inst/Core_cpu/cpu_core/if_id_inst/rs1_addr_o[0]_i_1
INFO: [Physopt 32-663] Processed net student_top_inst/Core_cpu/cpu_core/branch_predictor_inst/bht_valid_reg_0_127_0_0_i_9_n_0.  Re-placed instance student_top_inst/Core_cpu/cpu_core/branch_predictor_inst/bht_valid_reg_0_127_0_0_i_9
INFO: [Physopt 32-662] Processed net student_top_inst/Core_cpu/cpu_core/bp_fetch_pc_r_reg[8]_rep_n_0.  Did not re-place instance student_top_inst/Core_cpu/cpu_core/bp_fetch_pc_r_reg[8]_rep
INFO: [Physopt 32-662] Processed net student_top_inst/Core_cpu/cpu_core/branch_predictor_inst/bp_fetch_pc_r_reg[30][12].  Did not re-place instance student_top_inst/Core_cpu/cpu_core/branch_predictor_inst/hold_pred_target_reg[12]_i_1
INFO: [Physopt 32-662] Processed net student_top_inst/Core_cpu/cpu_core/id_ex_inst/mtvec_r_reg[31][12].  Did not re-place instance student_top_inst/Core_cpu/cpu_core/id_ex_inst/pc_o[12]_i_2
INFO: [Physopt 32-663] Processed net student_top_inst/Core_cpu/cpu_core/if_id_inst/pred_target_o_reg[12]_0.  Re-placed instance student_top_inst/Core_cpu/cpu_core/if_id_inst/pc_o[12]_i_5
INFO: [Physopt 32-662] Processed net student_top_inst/Core_cpu/cpu_core/pc_reg_inst/Q[12].  Did not re-place instance student_top_inst/Core_cpu/cpu_core/pc_reg_inst/pc_o_reg[12]
INFO: [Physopt 32-662] Processed net student_top_inst/Core_cpu/cpu_core/branch_predictor_inst/bp_fetch_pc_r_reg[30][13].  Did not re-place instance student_top_inst/Core_cpu/cpu_core/branch_predictor_inst/hold_pred_target_reg[13]_i_1
INFO: [Physopt 32-662] Processed net student_top_inst/Core_cpu/cpu_core/id_ex_inst/mtvec_r_reg[31][13].  Did not re-place instance student_top_inst/Core_cpu/cpu_core/id_ex_inst/pc_o[13]_i_1
INFO: [Physopt 32-662] Processed net student_top_inst/Core_cpu/cpu_core/if_id_inst/pred_target_o_reg[13]_0.  Did not re-place instance student_top_inst/Core_cpu/cpu_core/if_id_inst/pc_o[13]_i_4
INFO: [Physopt 32-662] Processed net student_top_inst/Core_cpu/cpu_core/pc_reg_inst/Q[13].  Did not re-place instance student_top_inst/Core_cpu/cpu_core/pc_reg_inst/pc_o_reg[13]
INFO: [Physopt 32-662] Processed net student_top_inst/Core_cpu/cpu_core/if_id_inst/hold_pred_target_reg[7]_i_7_n_0.  Did not re-place instance student_top_inst/Core_cpu/cpu_core/if_id_inst/hold_pred_target_reg[7]_i_7
INFO: [Physopt 32-662] Processed net student_top_inst/Core_cpu/cpu_core/if_id_inst/flush_ifid_o_inst_i_2_n_0.  Did not re-place instance student_top_inst/Core_cpu/cpu_core/if_id_inst/flush_ifid_o_inst_i_2
INFO: [Physopt 32-663] Processed net student_top_inst/Core_cpu/cpu_core/mem_wb_inst/dff_inst/mem_wb_inst_o[0].  Re-placed instance student_top_inst/Core_cpu/cpu_core/mem_wb_inst/dff_inst/data_o_reg[0]
INFO: [Physopt 32-662] Processed net student_top_inst/Core_cpu/cpu_core/mem_wb_inst/dff_inst/data_o_reg[9]_0.  Did not re-place instance student_top_inst/Core_cpu/cpu_core/mem_wb_inst/dff_inst/flush_ifid_o_inst_i_9
INFO: [Physopt 32-663] Processed net student_top_inst/Core_cpu/cpu_core/mem_wb_inst/dff_inst/flush_ifid_o_inst_i_25_n_0.  Re-placed instance student_top_inst/Core_cpu/cpu_core/mem_wb_inst/dff_inst/flush_ifid_o_inst_i_25
INFO: [Physopt 32-662] Processed net student_top_inst/Core_cpu/cpu_core/id_ex_inst/mtvec_r_reg[31][0].  Did not re-place instance student_top_inst/Core_cpu/cpu_core/id_ex_inst/pc_o[0]_i_1
INFO: [Physopt 32-663] Processed net student_top_inst/Core_cpu/cpu_core/if_id_inst/pred_target_o_reg[0]_0.  Re-placed instance student_top_inst/Core_cpu/cpu_core/if_id_inst/pc_o[0]_i_4
INFO: [Physopt 32-662] Processed net student_top_inst/Core_cpu/cpu_core/pc_reg_inst/Q[0].  Did not re-place instance student_top_inst/Core_cpu/cpu_core/pc_reg_inst/pc_o_reg[0]
INFO: [Physopt 32-662] Processed net student_top_inst/Core_cpu/cpu_core/if_id_inst/j_imm_inst__9_n_0.  Did not re-place instance student_top_inst/Core_cpu/cpu_core/if_id_inst/j_imm_inst__9
INFO: [Physopt 32-663] Processed net student_top_inst/Core_cpu/cpu_core/if_id_inst/Q[3].  Re-placed instance student_top_inst/Core_cpu/cpu_core/if_id_inst/inst_o_reg[18]
INFO: [Physopt 32-663] Processed net student_top_inst/Core_cpu/cpu_core/if_id_inst/flush_ifid_o_inst_i_43_n_0.  Re-placed instance student_top_inst/Core_cpu/cpu_core/if_id_inst/flush_ifid_o_inst_i_43
INFO: [Physopt 32-662] Processed net student_top_inst/Core_cpu/cpu_core/if_id_inst/flush_ifid_o_inst_i_48_n_0.  Did not re-place instance student_top_inst/Core_cpu/cpu_core/if_id_inst/flush_ifid_o_inst_i_48
INFO: [Physopt 32-662] Processed net student_top_inst/Core_cpu/cpu_core/branch_predictor_inst/ghr_r[6].  Did not re-place instance student_top_inst/Core_cpu/cpu_core/branch_predictor_inst/ghr_r_reg[6]
INFO: [Physopt 32-662] Processed net student_top_inst/Core_cpu/cpu_core/id_ex_inst/mtvec_r_reg[31][5].  Did not re-place instance student_top_inst/Core_cpu/cpu_core/id_ex_inst/pc_o[5]_i_1
INFO: [Physopt 32-662] Processed net student_top_inst/Core_cpu/cpu_core/pc_reg_inst/Q[5].  Did not re-place instance student_top_inst/Core_cpu/cpu_core/pc_reg_inst/pc_o_reg[5]
INFO: [Physopt 32-662] Processed net student_top_inst/Core_cpu/cpu_core/id_ex_inst/ex_jump_en_o.  Did not re-place instance student_top_inst/Core_cpu/cpu_core/id_ex_inst/jump_en_d1_i_1
INFO: [Physopt 32-662] Processed net student_top_inst/Core_cpu/cpu_core/id_ex_inst/base_addr_o_reg[31]_0[0].  Did not re-place instance student_top_inst/Core_cpu/cpu_core/id_ex_inst/base_addr_o_reg[0]
INFO: [Physopt 32-662] Processed net student_top_inst/Core_cpu/cpu_core/if_id_inst/if_id_inst_o[3].  Did not re-place instance student_top_inst/Core_cpu/cpu_core/if_id_inst/inst_o_reg[3]
INFO: [Physopt 32-662] Processed net student_top_inst/Core_cpu/cpu_core/id_ex_inst/jump_en_d1_i_2_n_0.  Did not re-place instance student_top_inst/Core_cpu/cpu_core/id_ex_inst/jump_en_d1_i_2
INFO: [Physopt 32-662] Processed net student_top_inst/Core_cpu/cpu_core/id_ex_inst/jump_en_d1_i_9_n_0.  Did not re-place instance student_top_inst/Core_cpu/cpu_core/id_ex_inst/jump_en_d1_i_9
INFO: [Physopt 32-662] Processed net student_top_inst/Core_cpu/cpu_core/id_ex_inst/pc_o[3]_i_11_n_0.  Did not re-place instance student_top_inst/Core_cpu/cpu_core/id_ex_inst/pc_o[3]_i_11
INFO: [Physopt 32-662] Processed net student_top_inst/Core_cpu/cpu_core/branch_predictor_inst/bht_valid_reg_0_127_0_0_i_15_n_0.  Did not re-place instance student_top_inst/Core_cpu/cpu_core/branch_predictor_inst/bht_valid_reg_0_127_0_0_i_15
INFO: [Physopt 32-662] Processed net student_top_inst/Core_cpu/cpu_core/branch_predictor_inst/ghr_r[0].  Did not re-place instance student_top_inst/Core_cpu/cpu_core/branch_predictor_inst/ghr_r_reg[0]
INFO: [Physopt 32-662] Processed net student_top_inst/Core_cpu/cpu_core/if_id_inst/id_use_rs2_o.  Did not re-place instance student_top_inst/Core_cpu/cpu_core/if_id_inst/use_rs2_o_i_2
INFO: [Physopt 32-662] Processed net student_top_inst/Core_cpu/cpu_core/if_id_inst/flush_ifid_o_inst_i_30_n_0.  Did not re-place instance student_top_inst/Core_cpu/cpu_core/if_id_inst/flush_ifid_o_inst_i_30
INFO: [Physopt 32-662] Processed net student_top_inst/Core_cpu/cpu_core/if_id_inst/flush_ifid_o_inst_i_44_n_0.  Did not re-place instance student_top_inst/Core_cpu/cpu_core/if_id_inst/flush_ifid_o_inst_i_44
INFO: [Physopt 32-662] Processed net student_top_inst/Core_cpu/cpu_core/if_id_inst/flush_ifid_o_inst_i_53_n_0.  Did not re-place instance student_top_inst/Core_cpu/cpu_core/if_id_inst/flush_ifid_o_inst_i_53
INFO: [Physopt 32-662] Processed net student_top_inst/Core_cpu/cpu_core/if_id_inst/hold_pred_target_reg[7]_i_5_n_0.  Did not re-place instance student_top_inst/Core_cpu/cpu_core/if_id_inst/hold_pred_target_reg[7]_i_5
INFO: [Physopt 32-662] Processed net student_top_inst/Core_cpu/cpu_core/if_id_inst/hold_pred_target_reg[7]_i_6_n_0.  Did not re-place instance student_top_inst/Core_cpu/cpu_core/if_id_inst/hold_pred_target_reg[7]_i_6
INFO: [Physopt 32-662] Processed net student_top_inst/Core_cpu/cpu_core/branch_predictor_inst/bp_fetch_pc_r_reg[30][5].  Did not re-place instance student_top_inst/Core_cpu/cpu_core/branch_predictor_inst/hold_pred_target_reg[5]_i_1
INFO: [Physopt 32-662] Processed net student_top_inst/Core_cpu/cpu_core/if_id_inst/pred_target_o_reg[5]_0.  Did not re-place instance student_top_inst/Core_cpu/cpu_core/if_id_inst/pc_o[5]_i_4
INFO: [Physopt 32-662] Processed net student_top_inst/Core_cpu/cpu_core/if_id_inst/if_id_inst_o[13].  Did not re-place instance student_top_inst/Core_cpu/cpu_core/if_id_inst/inst_o_reg[13]
INFO: [Physopt 32-662] Processed net student_top_inst/Core_cpu/cpu_core/if_id_inst/if_id_inst_o[5].  Did not re-place instance student_top_inst/Core_cpu/cpu_core/if_id_inst/inst_o_reg[5]
INFO: [Physopt 32-662] Processed net student_top_inst/Core_cpu/cpu_core/if_id_inst/inst_o[31]_i_4_n_0.  Did not re-place instance student_top_inst/Core_cpu/cpu_core/if_id_inst/inst_o[31]_i_4
INFO: [Physopt 32-662] Processed net student_top_inst/Core_cpu/cpu_core/if_id_inst/op2_o_reg[31][0].  Did not re-place instance student_top_inst/Core_cpu/cpu_core/if_id_inst/op2_o[0]_i_1
INFO: [Physopt 32-663] Processed net student_top_inst/Core_cpu/cpu_core/id_ex_inst/op2_o_reg[0]_rep_0.  Re-placed instance student_top_inst/Core_cpu/cpu_core/id_ex_inst/op2_o_reg[0]_rep
INFO: [Physopt 32-662] Processed net student_top_inst/Core_cpu/cpu_core/branch_predictor_inst/bp_fetch_pc_r_reg[30][11].  Did not re-place instance student_top_inst/Core_cpu/cpu_core/branch_predictor_inst/hold_pred_target_reg[11]_i_1
INFO: [Physopt 32-662] Processed net student_top_inst/Core_cpu/cpu_core/id_ex_inst/mtvec_r_reg[31][11].  Did not re-place instance student_top_inst/Core_cpu/cpu_core/id_ex_inst/pc_o[11]_i_1
INFO: [Physopt 32-662] Processed net student_top_inst/Core_cpu/cpu_core/if_id_inst/pred_target_o_reg[11]_0.  Did not re-place instance student_top_inst/Core_cpu/cpu_core/if_id_inst/pc_o[11]_i_4
INFO: [Physopt 32-662] Processed net student_top_inst/Core_cpu/cpu_core/pc_reg_inst/Q[11].  Did not re-place instance student_top_inst/Core_cpu/cpu_core/pc_reg_inst/pc_o_reg[11]
INFO: [Physopt 32-662] Processed net student_top_inst/Core_cpu/cpu_core/id_ex_inst/forwarding_inst/in020_out.  Did not re-place instance student_top_inst/Core_cpu/cpu_core/id_ex_inst/rs1_match_ex_mem_inst_i_4
INFO: [Physopt 32-662] Processed net student_top_inst/Core_cpu/cpu_core/id_ex_inst/data_o[0]_i_94_n_0.  Did not re-place instance student_top_inst/Core_cpu/cpu_core/id_ex_inst/data_o[0]_i_94
INFO: [Physopt 32-663] Processed net student_top_inst/Core_cpu/cpu_core/id_ex_inst/base_addr_o_reg[31]_0[13].  Re-placed instance student_top_inst/Core_cpu/cpu_core/id_ex_inst/base_addr_o_reg[13]
INFO: [Physopt 32-662] Processed net student_top_inst/Core_cpu/cpu_core/id_ex_inst/data_o_reg[7].  Did not re-place instance student_top_inst/Core_cpu/cpu_core/id_ex_inst/data_o[7]_i_29
INFO: [Physopt 32-662] Processed net student_top_inst/Core_cpu/cpu_core/ex_mem_inst/dff_rd_addr/ex_mem_pipe_rd_addr_o[4].  Did not re-place instance student_top_inst/Core_cpu/cpu_core/ex_mem_inst/dff_rd_addr/data_o_reg[4]
INFO: [Physopt 32-662] Processed net student_top_inst/Core_cpu/cpu_core/id_ex_inst/data_o[0]_i_36_n_0.  Did not re-place instance student_top_inst/Core_cpu/cpu_core/id_ex_inst/data_o[0]_i_36
INFO: [Physopt 32-662] Processed net student_top_inst/Core_cpu/cpu_core/id_ex_inst/rs1_match_ex_mem_inst_rep__33_i_1_n_0.  Did not re-place instance student_top_inst/Core_cpu/cpu_core/id_ex_inst/rs1_match_ex_mem_inst_rep__33_i_1
INFO: [Physopt 32-662] Processed net student_top_inst/Core_cpu/cpu_core/id_ex_inst/data_o[0]_i_62_n_0.  Did not re-place instance student_top_inst/Core_cpu/cpu_core/id_ex_inst/data_o[0]_i_62
INFO: [Physopt 32-662] Processed net student_top_inst/Core_cpu/cpu_core/ex_inst/rv32m_iter_inst/done_r_reg_rep__33_0.  Did not re-place instance student_top_inst/Core_cpu/cpu_core/ex_inst/rv32m_iter_inst/data_o[0]_i_1__5
INFO: [Physopt 32-662] Processed net student_top_inst/Core_cpu/cpu_core/id_ex_inst/data_o[0]_i_5_n_0.  Did not re-place instance student_top_inst/Core_cpu/cpu_core/id_ex_inst/data_o[0]_i_5
INFO: [Physopt 32-662] Processed net student_top_inst/Core_cpu/cpu_core/id_ex_inst/ex_inst/op1_i_shift_right_op2_i[0].  Did not re-place instance student_top_inst/Core_cpu/cpu_core/id_ex_inst/data_o[0]_i_15
INFO: [Physopt 32-662] Processed net student_top_inst/Core_cpu/cpu_core/id_ex_inst/inst_o_reg[14]_rep__9_0.  Did not re-place instance student_top_inst/Core_cpu/cpu_core/id_ex_inst/data_o[0]_i_2
INFO: [Physopt 32-662] Processed net student_top_inst/Core_cpu/cpu_core/id_ex_inst/pc_o[15]_i_10_n_0.  Did not re-place instance student_top_inst/Core_cpu/cpu_core/id_ex_inst/pc_o[15]_i_10
INFO: [Physopt 32-662] Processed net student_top_inst/Core_cpu/cpu_core/id_ex_inst/rs1_match_ex_mem_inst_i_6_n_0.  Did not re-place instance student_top_inst/Core_cpu/cpu_core/id_ex_inst/rs1_match_ex_mem_inst_i_6
INFO: [Physopt 32-662] Processed net student_top_inst/Core_cpu/cpu_core/ex_mem_inst/dff_rd_data/data_o_reg[0]_5.  Did not re-place instance student_top_inst/Core_cpu/cpu_core/ex_mem_inst/dff_rd_data/data_o_reg[0]
INFO: [Physopt 32-662] Processed net student_top_inst/Core_cpu/cpu_core/branch_predictor_inst/bp_fetch_pc_r_reg[30][9].  Did not re-place instance student_top_inst/Core_cpu/cpu_core/branch_predictor_inst/hold_pred_target_reg[9]_i_1
INFO: [Physopt 32-662] Processed net student_top_inst/Core_cpu/cpu_core/id_ex_inst/mtvec_r_reg[31][9].  Did not re-place instance student_top_inst/Core_cpu/cpu_core/id_ex_inst/pc_o[9]_i_1
INFO: [Physopt 32-662] Processed net student_top_inst/Core_cpu/cpu_core/if_id_inst/pred_target_o_reg[9]_0.  Did not re-place instance student_top_inst/Core_cpu/cpu_core/if_id_inst/pc_o[9]_i_4
INFO: [Physopt 32-662] Processed net student_top_inst/Core_cpu/cpu_core/pc_reg_inst/Q[9].  Did not re-place instance student_top_inst/Core_cpu/cpu_core/pc_reg_inst/pc_o_reg[9]
INFO: [Physopt 32-662] Processed net student_top_inst/Core_cpu/cpu_core/if_id_inst/flush_ifid_o_inst_i_5_n_0.  Did not re-place instance student_top_inst/Core_cpu/cpu_core/if_id_inst/flush_ifid_o_inst_i_5
INFO: [Physopt 32-662] Processed net student_top_inst/Core_cpu/cpu_core/mem1_mem2_inst/dff_inst/mem1_mem2_inst_o[2].  Did not re-place instance student_top_inst/Core_cpu/cpu_core/mem1_mem2_inst/dff_inst/data_o_reg[2]
INFO: [Physopt 32-662] Processed net student_top_inst/Core_cpu/cpu_core/id_ex_inst/ex_inst/br_cmp_op2[2].  Did not re-place instance student_top_inst/Core_cpu/cpu_core/id_ex_inst/cmp_op2_o_reg[2]
INFO: [Physopt 32-663] Processed net student_top_inst/Core_cpu/cpu_core/if_id_inst/cmp_op2_o_reg[31]_rep[2].  Re-placed instance student_top_inst/Core_cpu/cpu_core/if_id_inst/cmp_op2_o[2]_i_1
INFO: [Physopt 32-662] Processed net student_top_inst/Core_cpu/cpu_core/id_ex_inst/func3_r[2]_i_3_n_0.  Did not re-place instance student_top_inst/Core_cpu/cpu_core/id_ex_inst/func3_r[2]_i_3
INFO: [Physopt 32-663] Processed net student_top_inst/Core_cpu/cpu_core/branch_predictor_inst/bht_valid_reg_0_127_0_0_i_13_n_0.  Re-placed instance student_top_inst/Core_cpu/cpu_core/branch_predictor_inst/bht_valid_reg_0_127_0_0_i_13
INFO: [Physopt 32-662] Processed net student_top_inst/Core_cpu/cpu_core/branch_predictor_inst/ghr_r[2].  Did not re-place instance student_top_inst/Core_cpu/cpu_core/branch_predictor_inst/ghr_r_reg[2]
INFO: [Physopt 32-662] Processed net student_top_inst/Core_cpu/cpu_core/id_ex_inst/inst_o_reg[3]_rep__4_n_0.  Did not re-place instance student_top_inst/Core_cpu/cpu_core/id_ex_inst/inst_o_reg[3]_rep__4
INFO: [Physopt 32-662] Processed net student_top_inst/Core_cpu/cpu_core/id_ex_inst/is_rv32m.  Did not re-place instance student_top_inst/Core_cpu/cpu_core/id_ex_inst/pc_o[13]_i_8
INFO: [Physopt 32-662] Processed net student_top_inst/Core_cpu/cpu_core/ex_inst/rv32m_iter_inst/jump_en_d1_reg_9.  Did not re-place instance student_top_inst/Core_cpu/cpu_core/ex_inst/rv32m_iter_inst/flush_ifid_o_inst_i_18
INFO: [Physopt 32-662] Processed net student_top_inst/Core_cpu/cpu_core/id_ex_inst/func3_r[2]_i_4_n_0.  Did not re-place instance student_top_inst/Core_cpu/cpu_core/id_ex_inst/func3_r[2]_i_4
INFO: [Physopt 32-662] Processed net student_top_inst/Core_cpu/cpu_core/if_id_inst/if_id_inst_o[4].  Did not re-place instance student_top_inst/Core_cpu/cpu_core/if_id_inst/inst_o_reg[4]
INFO: [Physopt 32-663] Processed net student_top_inst/Core_cpu/cpu_core/if_id_inst/bp_fetch_valid_r_reg_repN_1.  Re-placed instance student_top_inst/Core_cpu/cpu_core/if_id_inst/hold_pred_target_reg[31]_i_4_replica_1
INFO: [Physopt 32-662] Processed net student_top_inst/Core_cpu/cpu_core/id_ex_inst/forwarding_inst/in04.  Did not re-place instance student_top_inst/Core_cpu/cpu_core/id_ex_inst/rs1_match_ex_mem_inst_i_2
INFO: [Physopt 32-662] Processed net student_top_inst/Core_cpu/cpu_core/id_ex_inst/rs1_match_ex_mem_inst_rep__6_i_1_n_0.  Did not re-place instance student_top_inst/Core_cpu/cpu_core/id_ex_inst/rs1_match_ex_mem_inst_rep__6_i_1
INFO: [Physopt 32-662] Processed net student_top_inst/Core_cpu/cpu_core/id_ex_inst/rs1_addr_o_reg[4]_0[4].  Did not re-place instance student_top_inst/Core_cpu/cpu_core/id_ex_inst/rs1_addr_o_reg[4]
INFO: [Physopt 32-662] Processed net student_top_inst/Core_cpu/cpu_core/id_ex_inst/data_o_reg[27].  Did not re-place instance student_top_inst/Core_cpu/cpu_core/id_ex_inst/data_o[27]_i_29
INFO: [Physopt 32-662] Processed net student_top_inst/Core_cpu/cpu_core/id_ex_inst/data_o[0]_i_95_n_0.  Did not re-place instance student_top_inst/Core_cpu/cpu_core/id_ex_inst/data_o[0]_i_95
INFO: [Physopt 32-663] Processed net student_top_inst/Core_cpu/cpu_core/id_ex_inst/base_addr_o_reg[31]_0[12].  Re-placed instance student_top_inst/Core_cpu/cpu_core/id_ex_inst/base_addr_o_reg[12]
INFO: [Physopt 32-662] Processed net student_top_inst/Core_cpu/cpu_core/id_ex_inst/pc_o[15]_i_11_n_0.  Did not re-place instance student_top_inst/Core_cpu/cpu_core/id_ex_inst/pc_o[15]_i_11
INFO: [Physopt 32-663] Processed net student_top_inst/Core_cpu/cpu_core/branch_predictor_inst/bht_valid_reg_0_127_0_0_i_14_n_0.  Re-placed instance student_top_inst/Core_cpu/cpu_core/branch_predictor_inst/bht_valid_reg_0_127_0_0_i_14
INFO: [Physopt 32-663] Processed net student_top_inst/Core_cpu/cpu_core/mem1_mem2_inst/dff_inst/mem1_mem2_inst_o[8].  Re-placed instance student_top_inst/Core_cpu/cpu_core/mem1_mem2_inst/dff_inst/data_o_reg[8]
INFO: [Physopt 32-662] Processed net student_top_inst/Core_cpu/cpu_core/if_id_inst/Q[1].  Did not re-place instance student_top_inst/Core_cpu/cpu_core/if_id_inst/inst_o_reg[16]
INFO: [Physopt 32-662] Processed net student_top_inst/Core_cpu/cpu_core/ex_inst/rv32m_iter_inst/div_remainder_r.  Did not re-place instance student_top_inst/Core_cpu/cpu_core/ex_inst/rv32m_iter_inst/div_remainder_r[31]_i_1
INFO: [Physopt 32-662] Processed net student_top_inst/Core_cpu/cpu_core/ex_inst/rv32m_iter_inst/state_r[2]_i_3_n_0.  Did not re-place instance student_top_inst/Core_cpu/cpu_core/ex_inst/rv32m_iter_inst/state_r[2]_i_3
INFO: [Physopt 32-662] Processed net student_top_inst/Core_cpu/cpu_core/ex_inst/rv32m_iter_inst/state_r[2]_i_24_n_0.  Did not re-place instance student_top_inst/Core_cpu/cpu_core/ex_inst/rv32m_iter_inst/state_r[2]_i_24
INFO: [Physopt 32-662] Processed net student_top_inst/Core_cpu/cpu_core/if_id_inst/inst_o_reg[5]_rep__11.  Did not re-place instance student_top_inst/Core_cpu/cpu_core/if_id_inst/flush_ifid_o_inst_i_8
INFO: [Physopt 32-663] Processed net student_top_inst/Core_cpu/cpu_core/ex_inst/rv32m_iter_inst/op1_raw_r_reg_n_0_[1].  Re-placed instance student_top_inst/Core_cpu/cpu_core/ex_inst/rv32m_iter_inst/op1_raw_r_reg[1]
INFO: [Physopt 32-662] Processed net student_top_inst/Core_cpu/cpu_core/ex_inst/rv32m_iter_inst/iter_count_r[5]_i_37_n_0.  Did not re-place instance student_top_inst/Core_cpu/cpu_core/ex_inst/rv32m_iter_inst/iter_count_r[5]_i_37
INFO: [Physopt 32-662] Processed net student_top_inst/Core_cpu/cpu_core/ex_inst/rv32m_iter_inst/p_0_in[1].  Did not re-place instance student_top_inst/Core_cpu/cpu_core/ex_inst/rv32m_iter_inst/div_dividend_r[4]_i_7
INFO: [Physopt 32-662] Processed net student_top_inst/Core_cpu/cpu_core/id_ex_inst/inst_o_reg[6]_rep__12_0.  Did not re-place instance student_top_inst/Core_cpu/cpu_core/id_ex_inst/flush_ifid_o_inst_i_17
INFO: [Physopt 32-662] Processed net student_top_inst/Core_cpu/cpu_core/if_id_inst/flush_ifid_o_inst_i_22_n_0.  Did not re-place instance student_top_inst/Core_cpu/cpu_core/if_id_inst/flush_ifid_o_inst_i_22
INFO: [Physopt 32-662] Processed net student_top_inst/Core_cpu/cpu_core/if_id_inst/flush_ifid_o_inst_i_42_n_0.  Did not re-place instance student_top_inst/Core_cpu/cpu_core/if_id_inst/flush_ifid_o_inst_i_42
INFO: [Physopt 32-663] Processed net student_top_inst/Core_cpu/cpu_core/ex_inst/rv32m_iter_inst/div_remainder_r_reg_n_0_[2].  Re-placed instance student_top_inst/Core_cpu/cpu_core/ex_inst/rv32m_iter_inst/div_remainder_r_reg[2]
INFO: [Physopt 32-663] Processed net student_top_inst/Core_cpu/cpu_core/ex_inst/rv32m_iter_inst/div_remainder_r_reg_n_0_[3].  Re-placed instance student_top_inst/Core_cpu/cpu_core/ex_inst/rv32m_iter_inst/div_remainder_r_reg[3]
INFO: [Physopt 32-663] Processed net student_top_inst/Core_cpu/cpu_core/ex_inst/rv32m_iter_inst/div_remainder_r_reg_n_0_[6].  Re-placed instance student_top_inst/Core_cpu/cpu_core/ex_inst/rv32m_iter_inst/div_remainder_r_reg[6]
INFO: [Physopt 32-662] Processed net student_top_inst/Core_cpu/cpu_core/if_id_inst/b_imm_inst__17_n_0.  Did not re-place instance student_top_inst/Core_cpu/cpu_core/if_id_inst/b_imm_inst__17
INFO: [Physopt 32-663] Processed net student_top_inst/Core_cpu/cpu_core/mem1_mem2_inst/dff_inst/mem1_mem2_inst_o[4].  Re-placed instance student_top_inst/Core_cpu/cpu_core/mem1_mem2_inst/dff_inst/data_o_reg[4]
INFO: [Physopt 32-662] Processed net student_top_inst/Core_cpu/cpu_core/if_id_inst/flush_ifid_o_inst_i_39_n_0.  Did not re-place instance student_top_inst/Core_cpu/cpu_core/if_id_inst/flush_ifid_o_inst_i_39
INFO: [Physopt 32-662] Processed net student_top_inst/Core_cpu/cpu_core/if_id_inst/flush_ifid_o_inst_i_51_n_0.  Did not re-place instance student_top_inst/Core_cpu/cpu_core/if_id_inst/flush_ifid_o_inst_i_51
INFO: [Physopt 32-662] Processed net student_top_inst/Core_cpu/cpu_core/if_id_inst/hold_pred_target_reg[28].  Did not re-place instance student_top_inst/Core_cpu/cpu_core/if_id_inst/hold_pred_target_reg_reg[28]
INFO: [Physopt 32-662] Processed net student_top_inst/Core_cpu/cpu_core/ex_mem_inst/dff_rd_addr/ex_mem_pipe_rd_addr_o[3].  Did not re-place instance student_top_inst/Core_cpu/cpu_core/ex_mem_inst/dff_rd_addr/data_o_reg[3]
INFO: [Physopt 32-662] Processed net student_top_inst/Core_cpu/cpu_core/if_id_inst/flush_ifid_o_inst_i_21_n_0.  Did not re-place instance student_top_inst/Core_cpu/cpu_core/if_id_inst/flush_ifid_o_inst_i_21
INFO: [Physopt 32-662] Processed net student_top_inst/Core_cpu/cpu_core/if_id_inst/flush_ifid_o_inst_i_41_n_0.  Did not re-place instance student_top_inst/Core_cpu/cpu_core/if_id_inst/flush_ifid_o_inst_i_41
INFO: [Physopt 32-661] Optimized 41 nets.  Re-placed 41 instances.
INFO: [Physopt 32-775] End 1 Pass. Optimized 41 nets or cells. Created 0 new cell, deleted 0 existing cell and moved 41 existing cells
INFO: [Physopt 32-619] Estimated Timing Summary | WNS=-0.034 | TNS=-0.034 |
Netlist sorting complete. Time (s): cpu = 00:00:00 ; elapsed = 00:00:00.004 . Memory (MB): peak = 2266.641 ; gain = 0.000
Phase 4 Single Cell Placement Optimization | Checksum: 9ab2c564

Time (s): cpu = 00:00:10 ; elapsed = 00:00:16 . Memory (MB): peak = 2266.641 ; gain = 0.000

Phase 5 Multi Cell Placement Optimization
INFO: [Physopt 32-660] Identified 100 candidate nets for placement-based optimization.
INFO: [Physopt 32-662] Processed net student_top_inst/Core_cpu/cpu_core/branch_predictor_inst/bp_fetch_pc_r_reg[30][28].  Did not re-place instance student_top_inst/Core_cpu/cpu_core/branch_predictor_inst/hold_pred_target_reg[28]_i_1/O
INFO: [Physopt 32-662] Processed net student_top_inst/Core_cpu/cpu_core/id_ex_inst/mtvec_r_reg[31][28].  Did not re-place instance student_top_inst/Core_cpu/cpu_core/id_ex_inst/pc_o[28]_i_2/O
INFO: [Physopt 32-663] Processed net student_top_inst/Core_cpu/cpu_core/if_id_inst/pred_target_o_reg[28]_0.  Re-placed instance student_top_inst/Core_cpu/cpu_core/if_id_inst/pc_o[28]_i_5/O
INFO: [Physopt 32-661] Optimized 1 net.  Re-placed 2 instances.
INFO: [Physopt 32-775] End 1 Pass. Optimized 1 net or cell. Created 0 new cell, deleted 0 existing cell and moved 2 existing cells
INFO: [Physopt 32-619] Estimated Timing Summary | WNS=-0.029 | TNS=-0.029 |
Netlist sorting complete. Time (s): cpu = 00:00:00 ; elapsed = 00:00:00.003 . Memory (MB): peak = 2266.641 ; gain = 0.000
Phase 5 Multi Cell Placement Optimization | Checksum: f6950ccb

Time (s): cpu = 00:00:10 ; elapsed = 00:00:16 . Memory (MB): peak = 2266.641 ; gain = 0.000

Phase 6 Rewire
INFO: [Physopt 32-246] Starting Signal Push optimization...
INFO: [Physopt 32-241] No nets found for rewiring () optimization.
INFO: [Physopt 32-232] Optimized 0 net. Created 0 new instance.
INFO: [Physopt 32-775] End 1 Pass. Optimized 0 net or cell. Created 0 new cell, deleted 0 existing cell and moved 0 existing cell
Netlist sorting complete. Time (s): cpu = 00:00:00 ; elapsed = 00:00:00.003 . Memory (MB): peak = 2266.641 ; gain = 0.000
Phase 6 Rewire | Checksum: f6950ccb

Time (s): cpu = 00:00:10 ; elapsed = 00:00:16 . Memory (MB): peak = 2266.641 ; gain = 0.000

Phase 7 Critical Cell Optimization
INFO: [Physopt 32-46] Identified 30 candidate nets for critical-cell optimization.
INFO: [Physopt 32-572] Net student_top_inst/Core_cpu/cpu_core/branch_predictor_inst/bp_fetch_pc_r_reg[30][28] was not replicated.
Resolution: phys_opt_design can be forced to replicate a net driver using the option -force_replication_on_nets <list of net objects>.
INFO: [Physopt 32-571] Net student_top_inst/Core_cpu/cpu_core/branch_predictor_inst/bp_fetch_pc_r_reg[30][31] was not replicated.
INFO: [Physopt 32-571] Net student_top_inst/Core_cpu/cpu_core/branch_predictor_inst/bp_fetch_pc_r_reg[30][26] was not replicated.
INFO: [Physopt 32-571] Net student_top_inst/Core_cpu/cpu_core/branch_predictor_inst/bp_fetch_pc_r_reg[30][30] was not replicated.
INFO: [Physopt 32-571] Net student_top_inst/Core_cpu/cpu_core/branch_predictor_inst/bp_fetch_pc_r_reg[30][29] was not replicated.
INFO: [Physopt 32-571] Net student_top_inst/Core_cpu/cpu_core/branch_predictor_inst/bp_fetch_pc_r_reg[30][25] was not replicated.
INFO: [Physopt 32-571] Net student_top_inst/Core_cpu/cpu_core/if_id_inst/id_use_rs1_o was not replicated.
INFO: [Physopt 32-571] Net student_top_inst/Core_cpu/cpu_core/if_id_inst/op1_o[31]_i_7_n_0 was not replicated.
INFO: [Physopt 32-571] Net student_top_inst/Core_cpu/cpu_core/ex_mem_inst/dff_inst/data_o_reg[5]_0 was not replicated.
INFO: [Physopt 32-571] Net student_top_inst/Core_cpu/cpu_core/if_id_inst/data_o_reg[6] was not replicated.
INFO: [Physopt 32-571] Net student_top_inst/Core_cpu/cpu_core/if_id_inst/if_id_inst_o[1] was not replicated.
INFO: [Physopt 32-571] Net student_top_inst/Core_cpu/cpu_core/if_id_inst/bp_fetch_valid_r_reg_repN was not replicated.
INFO: [Physopt 32-571] Net student_top_inst/Core_cpu/cpu_core/mem2_align_inst/dff_inst/data_o_reg[6]_0_repN was not replicated.
INFO: [Physopt 32-571] Net student_top_inst/Core_cpu/cpu_core/if_id_inst/inst_o_reg[18]_0 was not replicated.
INFO: [Physopt 32-571] Net student_top_inst/Core_cpu/cpu_core/if_id_inst/Q[0] was not replicated.
INFO: [Physopt 32-571] Net student_top_inst/Core_cpu/cpu_core/if_id_inst/inst_o_reg[18]_1 was not replicated.
INFO: [Physopt 32-571] Net student_top_inst/Core_cpu/cpu_core/mem1_mem2_inst/dff_inst/data_o_reg[3]_0 was not replicated.
INFO: [Physopt 32-571] Net student_top_inst/Core_cpu/cpu_core/if_id_inst/Q[9] was not replicated.
INFO: [Physopt 32-571] Net student_top_inst/Core_cpu/cpu_core/branch_predictor_inst/bp_fetch_pc_r_reg[30][18] was not replicated.
INFO: [Physopt 32-571] Net student_top_inst/Core_cpu/cpu_core/branch_predictor_inst/bp_fetch_pc_r_reg[30][16] was not replicated.
INFO: [Physopt 32-571] Net student_top_inst/Core_cpu/cpu_core/if_id_inst/Q[5] was not replicated.
INFO: [Physopt 32-571] Net student_top_inst/Core_cpu/cpu_core/branch_predictor_inst/bp_fetch_pc_r_reg[30][23] was not replicated.
INFO: [Physopt 32-571] Net student_top_inst/Core_cpu/cpu_core/branch_predictor_inst/bp_fetch_pc_r_reg[30][27] was not replicated.
INFO: [Physopt 32-571] Net student_top_inst/Core_cpu/cpu_core/if_id_inst/op1_next[10] was not replicated.
INFO: [Physopt 32-571] Net student_top_inst/Core_cpu/cpu_core/if_id_inst/hdu_flush_flag_o was not replicated.
INFO: [Physopt 32-571] Net student_top_inst/Core_cpu/cpu_core/branch_predictor_inst/bp_fetch_pc_r_reg[30][17] was not replicated.
INFO: [Physopt 32-571] Net student_top_inst/Core_cpu/cpu_core/branch_predictor_inst/bp_fetch_pc_r_reg[30][22] was not replicated.
INFO: [Physopt 32-571] Net student_top_inst/Core_cpu/cpu_core/branch_predictor_inst/bp_fetch_pc_r_reg[30][19] was not replicated.
INFO: [Physopt 32-571] Net student_top_inst/Core_cpu/cpu_core/branch_predictor_inst/bp_fetch_pc_r_reg[30][24] was not replicated.
INFO: [Physopt 32-232] Optimized 0 net. Created 0 new instance.
INFO: [Physopt 32-775] End 1 Pass. Optimized 0 net or cell. Created 0 new cell, deleted 0 existing cell and moved 0 existing cell
Netlist sorting complete. Time (s): cpu = 00:00:00 ; elapsed = 00:00:00.005 . Memory (MB): peak = 2266.641 ; gain = 0.000
Phase 7 Critical Cell Optimization | Checksum: f6950ccb

Time (s): cpu = 00:00:11 ; elapsed = 00:00:16 . Memory (MB): peak = 2266.641 ; gain = 0.000

Phase 8 Fanout Optimization
INFO: [Physopt 32-76] Pass 1. Identified 14 candidate nets for fanout optimization.
INFO: [Physopt 32-572] Net student_top_inst/Core_cpu/cpu_core/ex_mem_inst/dff_inst/done_r_reg_rep__41_0 was not replicated.
Resolution: phys_opt_design can be forced to replicate a net driver using the option -force_replication_on_nets <list of net objects>.
INFO: [Physopt 32-572] Net student_top_inst/Core_cpu/cpu_core/if_id_inst/bp_fetch_redirect was not replicated.
Resolution: phys_opt_design can be forced to replicate a net driver using the option -force_replication_on_nets <list of net objects>.
INFO: [Physopt 32-572] Net student_top_inst/Core_cpu/cpu_core/if_id_inst/op1_o[22]_i_4_n_0 was not replicated.
Resolution: phys_opt_design can be forced to replicate a net driver using the option -force_replication_on_nets <list of net objects>.
INFO: [Physopt 32-572] Net student_top_inst/Core_cpu/cpu_core/if_id_inst/pc_jump_en_o was not replicated.
Resolution: phys_opt_design can be forced to replicate a net driver using the option -force_replication_on_nets <list of net objects>.
INFO: [Physopt 32-572] Net student_top_inst/Core_cpu/cpu_core/id_ex_inst/internal_flush_inst__15_i_1_n_0 was not replicated.
Resolution: phys_opt_design can be forced to replicate a net driver using the option -force_replication_on_nets <list of net objects>.
INFO: [Physopt 32-572] Net student_top_inst/Core_cpu/cpu_core/id_ex_inst/forwarding_inst/in020_out was not replicated.
Resolution: phys_opt_design can be forced to replicate a net driver using the option -force_replication_on_nets <list of net objects>.
INFO: [Physopt 32-572] Net student_top_inst/Core_cpu/cpu_core/ex_mem_inst/dff_rd_addr/rs2_alu_match_ex_mem_inst_i_2_n_0 was not replicated.
Resolution: phys_opt_design can be forced to replicate a net driver using the option -force_replication_on_nets <list of net objects>.
INFO: [Physopt 32-572] Net student_top_inst/Core_cpu/cpu_core/id_ex_inst/forwarding_inst/in04 was not replicated.
Resolution: phys_opt_design can be forced to replicate a net driver using the option -force_replication_on_nets <list of net objects>.
INFO: [Physopt 32-572] Net student_top_inst/Core_cpu/cpu_core/if_id_inst/inst_o[31]_i_4_n_0 was not replicated.
Resolution: phys_opt_design can be forced to replicate a net driver using the option -force_replication_on_nets <list of net objects>.
INFO: [Physopt 32-572] Net student_top_inst/Core_cpu/cpu_core/ex_inst/rv32m_iter_inst/div_remainder_shift_r was not replicated.
Resolution: phys_opt_design can be forced to replicate a net driver using the option -force_replication_on_nets <list of net objects>.
INFO: [Physopt 32-572] Net student_top_inst/Core_cpu/cpu_core/ex_inst/rv32m_iter_inst/div_remainder_r was not replicated.
Resolution: phys_opt_design can be forced to replicate a net driver using the option -force_replication_on_nets <list of net objects>.
INFO: [Physopt 32-232] Optimized 0 net. Created 0 new instance.
INFO: [Physopt 32-775] End 1 Pass. Optimized 0 net or cell. Created 0 new cell, deleted 0 existing cell and moved 0 existing cell
Netlist sorting complete. Time (s): cpu = 00:00:00 ; elapsed = 00:00:00.015 . Memory (MB): peak = 2281.852 ; gain = 0.000
Phase 8 Fanout Optimization | Checksum: f6950ccb

Time (s): cpu = 00:00:12 ; elapsed = 00:00:18 . Memory (MB): peak = 2281.852 ; gain = 15.211

Phase 9 Single Cell Placement Optimization
INFO: [Physopt 32-660] Identified 250 candidate nets for placement-based optimization.
INFO: [Physopt 32-662] Processed net student_top_inst/Core_cpu/cpu_core/branch_predictor_inst/bp_fetch_pc_r_reg[30][28].  Did not re-place instance student_top_inst/Core_cpu/cpu_core/branch_predictor_inst/hold_pred_target_reg[28]_i_1
INFO: [Physopt 32-662] Processed net student_top_inst/Core_cpu/cpu_core/id_ex_inst/mtvec_r_reg[31][28].  Did not re-place instance student_top_inst/Core_cpu/cpu_core/id_ex_inst/pc_o[28]_i_2
INFO: [Physopt 32-662] Processed net student_top_inst/Core_cpu/cpu_core/if_id_inst/b_imm_inst__29_n_0.  Did not re-place instance student_top_inst/Core_cpu/cpu_core/if_id_inst/b_imm_inst__29
INFO: [Physopt 32-662] Processed net student_top_inst/Core_cpu/cpu_core/if_id_inst/pred_target_o_reg[28]_0.  Did not re-place instance student_top_inst/Core_cpu/cpu_core/if_id_inst/pc_o[28]_i_5
INFO: [Physopt 32-662] Processed net student_top_inst/Core_cpu/cpu_core/pc_reg_inst/Q[28].  Did not re-place instance student_top_inst/Core_cpu/cpu_core/pc_reg_inst/pc_o_reg[28]
INFO: [Physopt 32-662] Processed net student_top_inst/Core_cpu/cpu_core/branch_predictor_inst/bp_fetch_pc_r_reg[30][31].  Did not re-place instance student_top_inst/Core_cpu/cpu_core/branch_predictor_inst/hold_pred_target_reg[31]_i_1
INFO: [Physopt 32-662] Processed net student_top_inst/Core_cpu/cpu_core/id_ex_inst/mtvec_r_reg[31][31].  Did not re-place instance student_top_inst/Core_cpu/cpu_core/id_ex_inst/pc_o[31]_i_1
INFO: [Physopt 32-662] Processed net student_top_inst/Core_cpu/cpu_core/if_id_inst/pred_target_o_reg[31]_0.  Did not re-place instance student_top_inst/Core_cpu/cpu_core/if_id_inst/pc_o[31]_i_4
INFO: [Physopt 32-662] Processed net student_top_inst/Core_cpu/cpu_core/pc_reg_inst/Q[31].  Did not re-place instance student_top_inst/Core_cpu/cpu_core/pc_reg_inst/pc_o_reg[31]
INFO: [Physopt 32-662] Processed net student_top_inst/Core_cpu/cpu_core/branch_predictor_inst/bp_fetch_pc_r_reg[30][26].  Did not re-place instance student_top_inst/Core_cpu/cpu_core/branch_predictor_inst/hold_pred_target_reg[26]_i_1
INFO: [Physopt 32-662] Processed net student_top_inst/Core_cpu/cpu_core/id_ex_inst/mtvec_r_reg[31][26].  Did not re-place instance student_top_inst/Core_cpu/cpu_core/id_ex_inst/pc_o[26]_i_1
INFO: [Physopt 32-662] Processed net student_top_inst/Core_cpu/cpu_core/if_id_inst/pred_target_o_reg[26]_0.  Did not re-place instance student_top_inst/Core_cpu/cpu_core/if_id_inst/pc_o[26]_i_4
INFO: [Physopt 32-662] Processed net student_top_inst/Core_cpu/cpu_core/pc_reg_inst/Q[26].  Did not re-place instance student_top_inst/Core_cpu/cpu_core/pc_reg_inst/pc_o_reg[26]
INFO: [Physopt 32-662] Processed net student_top_inst/Core_cpu/cpu_core/branch_predictor_inst/bp_fetch_pc_r_reg[30][30].  Did not re-place instance student_top_inst/Core_cpu/cpu_core/branch_predictor_inst/hold_pred_target_reg[30]_i_1
INFO: [Physopt 32-662] Processed net student_top_inst/Core_cpu/cpu_core/id_ex_inst/mtvec_r_reg[31][30].  Did not re-place instance student_top_inst/Core_cpu/cpu_core/id_ex_inst/pc_o[30]_i_1
INFO: [Physopt 32-662] Processed net student_top_inst/Core_cpu/cpu_core/if_id_inst/pred_target_o_reg[30]_0.  Did not re-place instance student_top_inst/Core_cpu/cpu_core/if_id_inst/pc_o[30]_i_4
INFO: [Physopt 32-662] Processed net student_top_inst/Core_cpu/cpu_core/pc_reg_inst/Q[30].  Did not re-place instance student_top_inst/Core_cpu/cpu_core/pc_reg_inst/pc_o_reg[30]
INFO: [Physopt 32-662] Processed net student_top_inst/Core_cpu/cpu_core/branch_predictor_inst/bp_fetch_pc_r_reg[30][29].  Did not re-place instance student_top_inst/Core_cpu/cpu_core/branch_predictor_inst/hold_pred_target_reg[29]_i_1
INFO: [Physopt 32-662] Processed net student_top_inst/Core_cpu/cpu_core/id_ex_inst/mtvec_r_reg[31][29].  Did not re-place instance student_top_inst/Core_cpu/cpu_core/id_ex_inst/pc_o[29]_i_1
INFO: [Physopt 32-662] Processed net student_top_inst/Core_cpu/cpu_core/if_id_inst/pred_target_o_reg[29]_0.  Did not re-place instance student_top_inst/Core_cpu/cpu_core/if_id_inst/pc_o[29]_i_4
INFO: [Physopt 32-662] Processed net student_top_inst/Core_cpu/cpu_core/pc_reg_inst/Q[29].  Did not re-place instance student_top_inst/Core_cpu/cpu_core/pc_reg_inst/pc_o_reg[29]
INFO: [Physopt 32-662] Processed net student_top_inst/Core_cpu/cpu_core/if_id_inst/b_imm_inst__19_n_0.  Did not re-place instance student_top_inst/Core_cpu/cpu_core/if_id_inst/b_imm_inst__19
INFO: [Physopt 32-662] Processed net student_top_inst/Core_cpu/cpu_core/branch_predictor_inst/bp_fetch_pc_r_reg[30][25].  Did not re-place instance student_top_inst/Core_cpu/cpu_core/branch_predictor_inst/hold_pred_target_reg[25]_i_1
INFO: [Physopt 32-662] Processed net student_top_inst/Core_cpu/cpu_core/id_ex_inst/mtvec_r_reg[31][25].  Did not re-place instance student_top_inst/Core_cpu/cpu_core/id_ex_inst/pc_o[25]_i_1
INFO: [Physopt 32-662] Processed net student_top_inst/Core_cpu/cpu_core/if_id_inst/pred_target_o_reg[25]_0.  Did not re-place instance student_top_inst/Core_cpu/cpu_core/if_id_inst/pc_o[25]_i_4
INFO: [Physopt 32-662] Processed net student_top_inst/Core_cpu/cpu_core/pc_reg_inst/Q[25].  Did not re-place instance student_top_inst/Core_cpu/cpu_core/pc_reg_inst/pc_o_reg[25]
INFO: [Physopt 32-662] Processed net student_top_inst/Core_cpu/cpu_core/if_id_inst/j_imm_inst__17_n_0.  Did not re-place instance student_top_inst/Core_cpu/cpu_core/if_id_inst/j_imm_inst__17
INFO: [Physopt 32-662] Processed net student_top_inst/Core_cpu/cpu_core/ex_mem_inst/dff_inst/done_r_reg_rep__41_0.  Did not re-place instance student_top_inst/Core_cpu/cpu_core/ex_mem_inst/dff_inst/flush_ifid_o_inst_i_4
INFO: [Physopt 32-662] Processed net student_top_inst/Core_cpu/cpu_core/if_id_inst/id_use_rs1_o.  Did not re-place instance student_top_inst/Core_cpu/cpu_core/if_id_inst/use_rs1_o_i_2
INFO: [Physopt 32-662] Processed net student_top_inst/Core_cpu/cpu_core/if_id_inst/op1_o[31]_i_7_n_0.  Did not re-place instance student_top_inst/Core_cpu/cpu_core/if_id_inst/op1_o[31]_i_7
INFO: [Physopt 32-662] Processed net student_top_inst/Core_cpu/cpu_core/ex_mem_inst/dff_inst/data_o_reg[5]_0.  Did not re-place instance student_top_inst/Core_cpu/cpu_core/ex_mem_inst/dff_inst/flush_ifid_o_inst_i_15
INFO: [Physopt 32-662] Processed net student_top_inst/Core_cpu/cpu_core/if_id_inst/data_o_reg[6].  Did not re-place instance student_top_inst/Core_cpu/cpu_core/if_id_inst/is_holding_reg_i_2
INFO: [Physopt 32-662] Processed net student_top_inst/Core_cpu/cpu_core/if_id_inst/if_id_inst_o[1].  Did not re-place instance student_top_inst/Core_cpu/cpu_core/if_id_inst/inst_o_reg[1]
INFO: [Physopt 32-662] Processed net student_top_inst/Core_cpu/cpu_core/ex_mem_inst/dff_inst/flush_ifid_o_inst_i_34_n_0.  Did not re-place instance student_top_inst/Core_cpu/cpu_core/ex_mem_inst/dff_inst/flush_ifid_o_inst_i_34
INFO: [Physopt 32-662] Processed net student_top_inst/Core_cpu/cpu_core/if_id_inst/use_rs1_o_i_4_n_0.  Did not re-place instance student_top_inst/Core_cpu/cpu_core/if_id_inst/use_rs1_o_i_4
INFO: [Physopt 32-662] Processed net student_top_inst/Core_cpu/cpu_core/pc_reg_inst/pc_o[4]_i_9_n_0.  Did not re-place instance student_top_inst/Core_cpu/cpu_core/pc_reg_inst/pc_o[4]_i_9
INFO: [Physopt 32-662] Processed net student_top_inst/Core_cpu/cpu_core/if_id_inst/j_imm_inst__13_n_0.  Did not re-place instance student_top_inst/Core_cpu/cpu_core/if_id_inst/j_imm_inst__13
INFO: [Physopt 32-662] Processed net student_top_inst/Core_cpu/cpu_core/if_id_inst/bp_fetch_redirect.  Did not re-place instance student_top_inst/Core_cpu/cpu_core/if_id_inst/pc_o[31]_i_11
INFO: [Physopt 32-662] Processed net student_top_inst/Core_cpu/cpu_core/if_id_inst/bp_fetch_valid_r_reg_repN.  Did not re-place instance student_top_inst/Core_cpu/cpu_core/if_id_inst/hold_pred_target_reg[31]_i_4_replica
INFO: [Physopt 32-662] Processed net student_top_inst/Core_cpu/cpu_core/branch_predictor_inst/bp_pred_taken_o.  Did not re-place instance student_top_inst/Core_cpu/cpu_core/branch_predictor_inst/hold_pred_taken_reg_i_1
INFO: [Physopt 32-662] Processed net student_top_inst/Core_cpu/cpu_core/if_id_inst/b_imm_inst__27_n_0.  Did not re-place instance student_top_inst/Core_cpu/cpu_core/if_id_inst/b_imm_inst__27
INFO: [Physopt 32-662] Processed net student_top_inst/Core_cpu/cpu_core/if_id_inst/hold_pred_target_reg[3]_i_7_n_0.  Did not re-place instance student_top_inst/Core_cpu/cpu_core/if_id_inst/hold_pred_target_reg[3]_i_7
INFO: [Physopt 32-662] Processed net student_top_inst/Core_cpu/cpu_core/mem2_align_inst/dff_inst/data_o_reg[6]_0_repN.  Did not re-place instance student_top_inst/Core_cpu/cpu_core/mem2_align_inst/dff_inst/flush_ifid_o_inst_i_3_replica
INFO: [Physopt 32-662] Processed net student_top_inst/Core_cpu/cpu_core/if_id_inst/inst_o_reg[18]_0.  Did not re-place instance student_top_inst/Core_cpu/cpu_core/if_id_inst/flush_ifid_o_inst_i_14
INFO: [Physopt 32-662] Processed net student_top_inst/Core_cpu/cpu_core/if_id_inst/flush_ifid_o_inst_i_28_n_0.  Did not re-place instance student_top_inst/Core_cpu/cpu_core/if_id_inst/flush_ifid_o_inst_i_28
INFO: [Physopt 32-662] Processed net student_top_inst/Core_cpu/cpu_core/if_id_inst/Q[0].  Did not re-place instance student_top_inst/Core_cpu/cpu_core/if_id_inst/inst_o_reg[15]
INFO: [Physopt 32-662] Processed net student_top_inst/Core_cpu/cpu_core/if_id_inst/inst_o_reg[18]_1.  Did not re-place instance student_top_inst/Core_cpu/cpu_core/if_id_inst/flush_ifid_o_inst_i_20
INFO: [Physopt 32-662] Processed net student_top_inst/Core_cpu/cpu_core/mem1_mem2_inst/dff_inst/data_o_reg[3]_0.  Did not re-place instance student_top_inst/Core_cpu/cpu_core/mem1_mem2_inst/dff_inst/flush_ifid_o_inst_i_19
INFO: [Physopt 32-662] Processed net student_top_inst/Core_cpu/cpu_core/if_id_inst/flush_ifid_o_inst_i_38_n_0.  Did not re-place instance student_top_inst/Core_cpu/cpu_core/if_id_inst/flush_ifid_o_inst_i_38
INFO: [Physopt 32-662] Processed net student_top_inst/Core_cpu/cpu_core/if_id_inst/flush_ifid_o_inst_i_50_n_0.  Did not re-place instance student_top_inst/Core_cpu/cpu_core/if_id_inst/flush_ifid_o_inst_i_50
INFO: [Physopt 32-662] Processed net student_top_inst/Core_cpu/cpu_core/if_id_inst/Q[9].  Did not re-place instance student_top_inst/Core_cpu/cpu_core/if_id_inst/inst_o_reg[24]
INFO: [Physopt 32-662] Processed net student_top_inst/Core_cpu/cpu_core/if_id_inst/data_o_reg[8].  Did not re-place instance student_top_inst/Core_cpu/cpu_core/if_id_inst/flush_ifid_o_inst_i_32
INFO: [Physopt 32-662] Processed net student_top_inst/Core_cpu/cpu_core/if_id_inst/flush_ifid_o_inst_i_47_n_0.  Did not re-place instance student_top_inst/Core_cpu/cpu_core/if_id_inst/flush_ifid_o_inst_i_47
INFO: [Physopt 32-662] Processed net student_top_inst/Core_cpu/cpu_core/branch_predictor_inst/bp_fetch_pc_r_reg[30][18].  Did not re-place instance student_top_inst/Core_cpu/cpu_core/branch_predictor_inst/hold_pred_target_reg[18]_i_1
INFO: [Physopt 32-662] Processed net student_top_inst/Core_cpu/cpu_core/id_ex_inst/mtvec_r_reg[31][18].  Did not re-place instance student_top_inst/Core_cpu/cpu_core/id_ex_inst/pc_o[18]_i_1
INFO: [Physopt 32-663] Processed net student_top_inst/Core_cpu/cpu_core/if_id_inst/pred_target_o_reg[18]_0.  Re-placed instance student_top_inst/Core_cpu/cpu_core/if_id_inst/pc_o[18]_i_4
INFO: [Physopt 32-662] Processed net student_top_inst/Core_cpu/cpu_core/pc_reg_inst/Q[18].  Did not re-place instance student_top_inst/Core_cpu/cpu_core/pc_reg_inst/pc_o_reg[18]
INFO: [Physopt 32-662] Processed net student_top_inst/Core_cpu/cpu_core/branch_predictor_inst/bp_fetch_pc_r_reg[30][16].  Did not re-place instance student_top_inst/Core_cpu/cpu_core/branch_predictor_inst/hold_pred_target_reg[16]_i_1
INFO: [Physopt 32-662] Processed net student_top_inst/Core_cpu/cpu_core/id_ex_inst/mtvec_r_reg[31][16].  Did not re-place instance student_top_inst/Core_cpu/cpu_core/id_ex_inst/pc_o[16]_i_1
INFO: [Physopt 32-662] Processed net student_top_inst/Core_cpu/cpu_core/if_id_inst/pred_target_o_reg[16]_0.  Did not re-place instance student_top_inst/Core_cpu/cpu_core/if_id_inst/pc_o[16]_i_4
INFO: [Physopt 32-662] Processed net student_top_inst/Core_cpu/cpu_core/pc_reg_inst/Q[16].  Did not re-place instance student_top_inst/Core_cpu/cpu_core/pc_reg_inst/pc_o_reg[16]
INFO: [Physopt 32-663] Processed net student_top_inst/Core_cpu/cpu_core/if_id_inst/Q[5].  Re-placed instance student_top_inst/Core_cpu/cpu_core/if_id_inst/inst_o_reg[20]
INFO: [Physopt 32-662] Processed net student_top_inst/Core_cpu/cpu_core/branch_predictor_inst/bp_fetch_pc_r_reg[30][23].  Did not re-place instance student_top_inst/Core_cpu/cpu_core/branch_predictor_inst/hold_pred_target_reg[23]_i_1
INFO: [Physopt 32-662] Processed net student_top_inst/Core_cpu/cpu_core/id_ex_inst/mtvec_r_reg[31][23].  Did not re-place instance student_top_inst/Core_cpu/cpu_core/id_ex_inst/pc_o[23]_i_1
INFO: [Physopt 32-662] Processed net student_top_inst/Core_cpu/cpu_core/if_id_inst/pred_target_o_reg[23]_0.  Did not re-place instance student_top_inst/Core_cpu/cpu_core/if_id_inst/pc_o[23]_i_4
INFO: [Physopt 32-662] Processed net student_top_inst/Core_cpu/cpu_core/pc_reg_inst/Q[23].  Did not re-place instance student_top_inst/Core_cpu/cpu_core/pc_reg_inst/pc_o_reg[23]
INFO: [Physopt 32-662] Processed net student_top_inst/Core_cpu/cpu_core/if_id_inst/b_imm_inst__26_n_0.  Did not re-place instance student_top_inst/Core_cpu/cpu_core/if_id_inst/b_imm_inst__26
INFO: [Physopt 32-662] Processed net student_top_inst/Core_cpu/cpu_core/branch_predictor_inst/bp_fetch_pc_r_reg[30][27].  Did not re-place instance student_top_inst/Core_cpu/cpu_core/branch_predictor_inst/hold_pred_target_reg[27]_i_1
INFO: [Physopt 32-662] Processed net student_top_inst/Core_cpu/cpu_core/id_ex_inst/mtvec_r_reg[31][27].  Did not re-place instance student_top_inst/Core_cpu/cpu_core/id_ex_inst/pc_o[27]_i_1
INFO: [Physopt 32-662] Processed net student_top_inst/Core_cpu/cpu_core/if_id_inst/pred_target_o_reg[27]_0.  Did not re-place instance student_top_inst/Core_cpu/cpu_core/if_id_inst/pc_o[27]_i_4
INFO: [Physopt 32-662] Processed net student_top_inst/Core_cpu/cpu_core/pc_reg_inst/Q[27].  Did not re-place instance student_top_inst/Core_cpu/cpu_core/pc_reg_inst/pc_o_reg[27]
INFO: [Physopt 32-662] Processed net student_top_inst/Core_cpu/cpu_core/if_id_inst/op1_o[22]_i_4_n_0.  Did not re-place instance student_top_inst/Core_cpu/cpu_core/if_id_inst/op1_o[22]_i_4
INFO: [Physopt 32-663] Processed net student_top_inst/Core_cpu/cpu_core/if_id_inst/op1_next[10].  Re-placed instance student_top_inst/Core_cpu/cpu_core/if_id_inst/op1_o[10]_i_1
INFO: [Physopt 32-662] Processed net student_top_inst/Core_cpu/cpu_core/if_id_inst/hdu_flush_flag_o.  Did not re-place instance student_top_inst/Core_cpu/cpu_core/if_id_inst/inst_o[31]_i_5
INFO: [Physopt 32-663] Processed net student_top_inst/Core_cpu/cpu_core/id_ex_inst/op1_o_reg[10]_rep__0_0.  Re-placed instance student_top_inst/Core_cpu/cpu_core/id_ex_inst/op1_o_reg[10]_rep__0
INFO: [Physopt 32-662] Processed net student_top_inst/Core_cpu/cpu_core/if_id_inst/b_imm_inst__28_n_0.  Did not re-place instance student_top_inst/Core_cpu/cpu_core/if_id_inst/b_imm_inst__28
INFO: [Physopt 32-662] Processed net student_top_inst/Core_cpu/cpu_core/branch_predictor_inst/bp_fetch_pc_r_reg[30][17].  Did not re-place instance student_top_inst/Core_cpu/cpu_core/branch_predictor_inst/hold_pred_target_reg[17]_i_1
INFO: [Physopt 32-662] Processed net student_top_inst/Core_cpu/cpu_core/id_ex_inst/mtvec_r_reg[31][17].  Did not re-place instance student_top_inst/Core_cpu/cpu_core/id_ex_inst/pc_o[17]_i_1
INFO: [Physopt 32-662] Processed net student_top_inst/Core_cpu/cpu_core/if_id_inst/pred_target_o_reg[17]_0.  Did not re-place instance student_top_inst/Core_cpu/cpu_core/if_id_inst/pc_o[17]_i_4
INFO: [Physopt 32-662] Processed net student_top_inst/Core_cpu/cpu_core/pc_reg_inst/Q[17].  Did not re-place instance student_top_inst/Core_cpu/cpu_core/pc_reg_inst/pc_o_reg[17]
INFO: [Physopt 32-662] Processed net student_top_inst/Core_cpu/cpu_core/branch_predictor_inst/bp_fetch_pc_r_reg[30][22].  Did not re-place instance student_top_inst/Core_cpu/cpu_core/branch_predictor_inst/hold_pred_target_reg[22]_i_1
INFO: [Physopt 32-662] Processed net student_top_inst/Core_cpu/cpu_core/id_ex_inst/mtvec_r_reg[31][22].  Did not re-place instance student_top_inst/Core_cpu/cpu_core/id_ex_inst/pc_o[22]_i_1
INFO: [Physopt 32-662] Processed net student_top_inst/Core_cpu/cpu_core/if_id_inst/pred_target_o_reg[22]_0.  Did not re-place instance student_top_inst/Core_cpu/cpu_core/if_id_inst/pc_o[22]_i_4
INFO: [Physopt 32-662] Processed net student_top_inst/Core_cpu/cpu_core/pc_reg_inst/Q[22].  Did not re-place instance student_top_inst/Core_cpu/cpu_core/pc_reg_inst/pc_o_reg[22]
INFO: [Physopt 32-662] Processed net student_top_inst/Core_cpu/cpu_core/branch_predictor_inst/bp_fetch_pc_r_reg[30][19].  Did not re-place instance student_top_inst/Core_cpu/cpu_core/branch_predictor_inst/hold_pred_target_reg[19]_i_1
INFO: [Physopt 32-662] Processed net student_top_inst/Core_cpu/cpu_core/id_ex_inst/mtvec_r_reg[31][19].  Did not re-place instance student_top_inst/Core_cpu/cpu_core/id_ex_inst/pc_o[19]_i_1
INFO: [Physopt 32-662] Processed net student_top_inst/Core_cpu/cpu_core/if_id_inst/pred_target_o_reg[19]_0.  Did not re-place instance student_top_inst/Core_cpu/cpu_core/if_id_inst/pc_o[19]_i_4
INFO: [Physopt 32-662] Processed net student_top_inst/Core_cpu/cpu_core/pc_reg_inst/Q[19].  Did not re-place instance student_top_inst/Core_cpu/cpu_core/pc_reg_inst/pc_o_reg[19]
INFO: [Physopt 32-662] Processed net student_top_inst/Core_cpu/cpu_core/branch_predictor_inst/bp_fetch_pc_r_reg[30][24].  Did not re-place instance student_top_inst/Core_cpu/cpu_core/branch_predictor_inst/hold_pred_target_reg[24]_i_1
INFO: [Physopt 32-662] Processed net student_top_inst/Core_cpu/cpu_core/id_ex_inst/mtvec_r_reg[31][24].  Did not re-place instance student_top_inst/Core_cpu/cpu_core/id_ex_inst/pc_o[24]_i_1
INFO: [Physopt 32-662] Processed net student_top_inst/Core_cpu/cpu_core/if_id_inst/pred_target_o_reg[24]_0.  Did not re-place instance student_top_inst/Core_cpu/cpu_core/if_id_inst/pc_o[24]_i_4
INFO: [Physopt 32-662] Processed net student_top_inst/Core_cpu/cpu_core/pc_reg_inst/Q[24].  Did not re-place instance student_top_inst/Core_cpu/cpu_core/pc_reg_inst/pc_o_reg[24]
INFO: [Physopt 32-662] Processed net student_top_inst/Core_cpu/cpu_core/if_id_inst/if_id_inst_o[0].  Did not re-place instance student_top_inst/Core_cpu/cpu_core/if_id_inst/inst_o_reg[0]
INFO: [Physopt 32-662] Processed net student_top_inst/Core_cpu/cpu_core/branch_predictor_inst/bp_fetch_pc_r_reg[30][21].  Did not re-place instance student_top_inst/Core_cpu/cpu_core/branch_predictor_inst/hold_pred_target_reg[21]_i_1
INFO: [Physopt 32-662] Processed net student_top_inst/Core_cpu/cpu_core/id_ex_inst/mtvec_r_reg[31][21].  Did not re-place instance student_top_inst/Core_cpu/cpu_core/id_ex_inst/pc_o[21]_i_1
INFO: [Physopt 32-662] Processed net student_top_inst/Core_cpu/cpu_core/if_id_inst/pred_target_o_reg[21]_0.  Did not re-place instance student_top_inst/Core_cpu/cpu_core/if_id_inst/pc_o[21]_i_4
INFO: [Physopt 32-662] Processed net student_top_inst/Core_cpu/cpu_core/pc_reg_inst/Q[21].  Did not re-place instance student_top_inst/Core_cpu/cpu_core/pc_reg_inst/pc_o_reg[21]
INFO: [Physopt 32-662] Processed net student_top_inst/Core_cpu/cpu_core/branch_predictor_inst/bp_fetch_pc_r_reg[30][20].  Did not re-place instance student_top_inst/Core_cpu/cpu_core/branch_predictor_inst/hold_pred_target_reg[20]_i_1
INFO: [Physopt 32-662] Processed net student_top_inst/Core_cpu/cpu_core/id_ex_inst/mtvec_r_reg[31][20].  Did not re-place instance student_top_inst/Core_cpu/cpu_core/id_ex_inst/pc_o[20]_i_2
INFO: [Physopt 32-662] Processed net student_top_inst/Core_cpu/cpu_core/if_id_inst/pred_target_o_reg[20]_0.  Did not re-place instance student_top_inst/Core_cpu/cpu_core/if_id_inst/pc_o[20]_i_5
INFO: [Physopt 32-662] Processed net student_top_inst/Core_cpu/cpu_core/pc_reg_inst/Q[20].  Did not re-place instance student_top_inst/Core_cpu/cpu_core/pc_reg_inst/pc_o_reg[20]
INFO: [Physopt 32-662] Processed net student_top_inst/Core_cpu/cpu_core/branch_predictor_inst/bp_fetch_pc_r_reg[30][15].  Did not re-place instance student_top_inst/Core_cpu/cpu_core/branch_predictor_inst/hold_pred_target_reg[15]_i_1
INFO: [Physopt 32-662] Processed net student_top_inst/Core_cpu/cpu_core/id_ex_inst/mtvec_r_reg[31][15].  Did not re-place instance student_top_inst/Core_cpu/cpu_core/id_ex_inst/pc_o[15]_i_1
INFO: [Physopt 32-662] Processed net student_top_inst/Core_cpu/cpu_core/if_id_inst/pred_target_o_reg[15]_0.  Did not re-place instance student_top_inst/Core_cpu/cpu_core/if_id_inst/pc_o[15]_i_4
INFO: [Physopt 32-662] Processed net student_top_inst/Core_cpu/cpu_core/pc_reg_inst/Q[15].  Did not re-place instance student_top_inst/Core_cpu/cpu_core/pc_reg_inst/pc_o_reg[15]
INFO: [Physopt 32-662] Processed net student_top_inst/Core_cpu/cpu_core/mem1_mem2_inst/dff_inst/mem1_mem2_inst_o[0].  Did not re-place instance student_top_inst/Core_cpu/cpu_core/mem1_mem2_inst/dff_inst/data_o_reg[0]
INFO: [Physopt 32-662] Processed net student_top_inst/Core_cpu/cpu_core/mem1_mem2_inst/dff_inst/data_o_reg[8]_0.  Did not re-place instance student_top_inst/Core_cpu/cpu_core/mem1_mem2_inst/dff_inst/flush_ifid_o_inst_i_40
INFO: [Physopt 32-662] Processed net student_top_inst/Core_cpu/cpu_core/mem1_mem2_inst/dff_inst/flush_ifid_o_inst_i_52_n_0.  Did not re-place instance student_top_inst/Core_cpu/cpu_core/mem1_mem2_inst/dff_inst/flush_ifid_o_inst_i_52
INFO: [Physopt 32-662] Processed net student_top_inst/Core_cpu/cpu_core/if_id_inst/pc_jump_en_o.  Did not re-place instance student_top_inst/Core_cpu/cpu_core/if_id_inst/pc_o[31]_i_6
INFO: [Physopt 32-662] Processed net student_top_inst/Core_cpu/cpu_core/if_id_inst/data_o_reg[6]_0.  Did not re-place instance student_top_inst/Core_cpu/cpu_core/if_id_inst/flush_ifid_o_inst_i_1
INFO: [Physopt 32-662] Processed net student_top_inst/Core_cpu/cpu_core/if_id_inst/if_id_inst_o[2].  Did not re-place instance student_top_inst/Core_cpu/cpu_core/if_id_inst/inst_o_reg[2]
INFO: [Physopt 32-663] Processed net student_top_inst/Core_cpu/cpu_core/mem1_mem2_inst/dff_inst/mem1_mem2_inst_o[1].  Re-placed instance student_top_inst/Core_cpu/cpu_core/mem1_mem2_inst/dff_inst/data_o_reg[1]
INFO: [Physopt 32-662] Processed net student_top_inst/Core_cpu/cpu_core/if_id_inst/flush_ifid_o_inst_i_30_n_0.  Did not re-place instance student_top_inst/Core_cpu/cpu_core/if_id_inst/flush_ifid_o_inst_i_30
INFO: [Physopt 32-662] Processed net student_top_inst/Core_cpu/cpu_core/if_id_inst/flush_ifid_o_inst_i_44_n_0.  Did not re-place instance student_top_inst/Core_cpu/cpu_core/if_id_inst/flush_ifid_o_inst_i_44
INFO: [Physopt 32-662] Processed net student_top_inst/Core_cpu/cpu_core/if_id_inst/flush_ifid_o_inst_i_53_n_0.  Did not re-place instance student_top_inst/Core_cpu/cpu_core/if_id_inst/flush_ifid_o_inst_i_53
INFO: [Physopt 32-662] Processed net student_top_inst/Core_cpu/cpu_core/if_id_inst/flush_ifid_o_inst_i_5_n_0.  Did not re-place instance student_top_inst/Core_cpu/cpu_core/if_id_inst/flush_ifid_o_inst_i_5
INFO: [Physopt 32-662] Processed net student_top_inst/Core_cpu/cpu_core/if_id_inst/flush_ifid_o_inst_i_48_n_0.  Did not re-place instance student_top_inst/Core_cpu/cpu_core/if_id_inst/flush_ifid_o_inst_i_48
INFO: [Physopt 32-662] Processed net student_top_inst/Core_cpu/cpu_core/branch_predictor_inst/bp_fetch_pc_r_reg[30][13].  Did not re-place instance student_top_inst/Core_cpu/cpu_core/branch_predictor_inst/hold_pred_target_reg[13]_i_1
INFO: [Physopt 32-662] Processed net student_top_inst/Core_cpu/cpu_core/id_ex_inst/mtvec_r_reg[31][13].  Did not re-place instance student_top_inst/Core_cpu/cpu_core/id_ex_inst/pc_o[13]_i_1
INFO: [Physopt 32-662] Processed net student_top_inst/Core_cpu/cpu_core/if_id_inst/b_imm_inst__25_n_0.  Did not re-place instance student_top_inst/Core_cpu/cpu_core/if_id_inst/b_imm_inst__25
INFO: [Physopt 32-662] Processed net student_top_inst/Core_cpu/cpu_core/if_id_inst/pred_target_o_reg[13]_0.  Did not re-place instance student_top_inst/Core_cpu/cpu_core/if_id_inst/pc_o[13]_i_4
INFO: [Physopt 32-662] Processed net student_top_inst/Core_cpu/cpu_core/pc_reg_inst/Q[13].  Did not re-place instance student_top_inst/Core_cpu/cpu_core/pc_reg_inst/pc_o_reg[13]
INFO: [Physopt 32-662] Processed net student_top_inst/Core_cpu/cpu_core/if_id_inst/hold_pred_target_reg[3]_i_5_n_0.  Did not re-place instance student_top_inst/Core_cpu/cpu_core/if_id_inst/hold_pred_target_reg[3]_i_5
INFO: [Physopt 32-662] Processed net student_top_inst/Core_cpu/cpu_core/if_id_inst/if_id_inst_o[3].  Did not re-place instance student_top_inst/Core_cpu/cpu_core/if_id_inst/inst_o_reg[3]
INFO: [Physopt 32-662] Processed net student_top_inst/Core_cpu/cpu_core/if_id_inst/id_use_rs2_o.  Did not re-place instance student_top_inst/Core_cpu/cpu_core/if_id_inst/use_rs2_o_i_2
INFO: [Physopt 32-662] Processed net student_top_inst/Core_cpu/cpu_core/if_id_inst/j_imm_inst__9_n_0.  Did not re-place instance student_top_inst/Core_cpu/cpu_core/if_id_inst/j_imm_inst__9
INFO: [Physopt 32-662] Processed net student_top_inst/Core_cpu/cpu_core/if_id_inst/hold_pred_target_reg[3]_i_6_n_0.  Did not re-place instance student_top_inst/Core_cpu/cpu_core/if_id_inst/hold_pred_target_reg[3]_i_6
INFO: [Physopt 32-662] Processed net student_top_inst/Core_cpu/cpu_core/id_ex_inst/internal_flush_inst__15_i_1_n_0.  Did not re-place instance student_top_inst/Core_cpu/cpu_core/id_ex_inst/internal_flush_inst__15_i_1
INFO: [Physopt 32-663] Processed net student_top_inst/Core_cpu/cpu_core/id_ex_inst/op1_o_reg[3]_rep_n_0.  Re-placed instance student_top_inst/Core_cpu/cpu_core/id_ex_inst/op1_o_reg[3]_rep
INFO: [Physopt 32-662] Processed net student_top_inst/Core_cpu/cpu_core/id_ex_inst/internal_flush_inst__15_i_71_n_0.  Did not re-place instance student_top_inst/Core_cpu/cpu_core/id_ex_inst/internal_flush_inst__15_i_71
INFO: [Physopt 32-663] Processed net student_top_inst/Core_cpu/cpu_core/id_ex_inst/pc_o[27]_i_12_n_0.  Re-placed instance student_top_inst/Core_cpu/cpu_core/id_ex_inst/pc_o[27]_i_12
INFO: [Physopt 32-662] Processed net student_top_inst/Core_cpu/cpu_core/id_ex_inst/pc_o[27]_i_3_n_0.  Did not re-place instance student_top_inst/Core_cpu/cpu_core/id_ex_inst/pc_o[27]_i_3
INFO: [Physopt 32-663] Processed net student_top_inst/Core_cpu/cpu_core/id_ex_inst/pc_o[27]_i_6_n_0.  Re-placed instance student_top_inst/Core_cpu/cpu_core/id_ex_inst/pc_o[27]_i_6
INFO: [Physopt 32-662] Processed net student_top_inst/Core_cpu/cpu_core/if_id_inst/j_imm_inst__16_n_0.  Did not re-place instance student_top_inst/Core_cpu/cpu_core/if_id_inst/j_imm_inst__16
INFO: [Physopt 32-662] Processed net student_top_inst/Core_cpu/cpu_core/if_id_inst/j_imm_inst__12_n_0.  Did not re-place instance student_top_inst/Core_cpu/cpu_core/if_id_inst/j_imm_inst__12
INFO: [Physopt 32-662] Processed net student_top_inst/Core_cpu/cpu_core/id_ex_inst/mtvec_r_reg[31][5].  Did not re-place instance student_top_inst/Core_cpu/cpu_core/id_ex_inst/pc_o[5]_i_1
INFO: [Physopt 32-662] Processed net student_top_inst/Core_cpu/cpu_core/if_id_inst/j_imm_inst__15_n_0.  Did not re-place instance student_top_inst/Core_cpu/cpu_core/if_id_inst/j_imm_inst__15
INFO: [Physopt 32-662] Processed net student_top_inst/Core_cpu/cpu_core/pc_reg_inst/Q[5].  Did not re-place instance student_top_inst/Core_cpu/cpu_core/pc_reg_inst/pc_o_reg[5]
INFO: [Physopt 32-662] Processed net student_top_inst/Core_cpu/cpu_core/if_id_inst/if_id_inst_o[13].  Did not re-place instance student_top_inst/Core_cpu/cpu_core/if_id_inst/inst_o_reg[13]
INFO: [Physopt 32-662] Processed net student_top_inst/Core_cpu/cpu_core/branch_predictor_inst/bp_fetch_pc_r_reg[30][12].  Did not re-place instance student_top_inst/Core_cpu/cpu_core/branch_predictor_inst/hold_pred_target_reg[12]_i_1
INFO: [Physopt 32-663] Processed net student_top_inst/Core_cpu/cpu_core/id_ex_inst/mtvec_r_reg[31][12].  Re-placed instance student_top_inst/Core_cpu/cpu_core/id_ex_inst/pc_o[12]_i_2
INFO: [Physopt 32-663] Processed net student_top_inst/Core_cpu/cpu_core/if_id_inst/pred_target_o_reg[12]_0.  Re-placed instance student_top_inst/Core_cpu/cpu_core/if_id_inst/pc_o[12]_i_5
INFO: [Physopt 32-662] Processed net student_top_inst/Core_cpu/cpu_core/pc_reg_inst/Q[12].  Did not re-place instance student_top_inst/Core_cpu/cpu_core/pc_reg_inst/pc_o_reg[12]
INFO: [Physopt 32-662] Processed net student_top_inst/Core_cpu/cpu_core/if_id_inst/if_id_inst_o[5].  Did not re-place instance student_top_inst/Core_cpu/cpu_core/if_id_inst/inst_o_reg[5]
INFO: [Physopt 32-662] Processed net student_top_inst/Core_cpu/cpu_core/if_id_inst/flush_ifid_o_inst_i_2_n_0.  Did not re-place instance student_top_inst/Core_cpu/cpu_core/if_id_inst/flush_ifid_o_inst_i_2
INFO: [Physopt 32-662] Processed net student_top_inst/Core_cpu/cpu_core/if_id_inst/inst_o_reg[5]_rep__11.  Did not re-place instance student_top_inst/Core_cpu/cpu_core/if_id_inst/flush_ifid_o_inst_i_8
INFO: [Physopt 32-662] Processed net student_top_inst/Core_cpu/cpu_core/if_id_inst/flush_ifid_o_inst_i_10_n_0.  Did not re-place instance student_top_inst/Core_cpu/cpu_core/if_id_inst/flush_ifid_o_inst_i_10
INFO: [Physopt 32-662] Processed net student_top_inst/Core_cpu/cpu_core/if_id_inst/flush_ifid_o_inst_i_22_n_0.  Did not re-place instance student_top_inst/Core_cpu/cpu_core/if_id_inst/flush_ifid_o_inst_i_22
INFO: [Physopt 32-662] Processed net student_top_inst/Core_cpu/cpu_core/if_id_inst/flush_ifid_o_inst_i_42_n_0.  Did not re-place instance student_top_inst/Core_cpu/cpu_core/if_id_inst/flush_ifid_o_inst_i_42
INFO: [Physopt 32-662] Processed net student_top_inst/Core_cpu/cpu_core/if_id_inst/hold_pred_target_reg[7]_i_7_n_0.  Did not re-place instance student_top_inst/Core_cpu/cpu_core/if_id_inst/hold_pred_target_reg[7]_i_7
INFO: [Physopt 32-662] Processed net student_top_inst/Core_cpu/cpu_core/if_id_inst/flush_ifid_o_inst_i_21_n_0.  Did not re-place instance student_top_inst/Core_cpu/cpu_core/if_id_inst/flush_ifid_o_inst_i_21
INFO: [Physopt 32-662] Processed net student_top_inst/Core_cpu/cpu_core/if_id_inst/flush_ifid_o_inst_i_41_n_0.  Did not re-place instance student_top_inst/Core_cpu/cpu_core/if_id_inst/flush_ifid_o_inst_i_41
INFO: [Physopt 32-662] Processed net student_top_inst/Core_cpu/cpu_core/mem1_mem2_inst/dff_inst/mem1_mem2_inst_o[2].  Did not re-place instance student_top_inst/Core_cpu/cpu_core/mem1_mem2_inst/dff_inst/data_o_reg[2]
INFO: [Physopt 32-662] Processed net student_top_inst/Core_cpu/cpu_core/if_id_inst/if_id_inst_o[4].  Did not re-place instance student_top_inst/Core_cpu/cpu_core/if_id_inst/inst_o_reg[4]
INFO: [Physopt 32-662] Processed net student_top_inst/Core_cpu/cpu_core/id_ex_inst/func3_r[2]_i_3_n_0.  Did not re-place instance student_top_inst/Core_cpu/cpu_core/id_ex_inst/func3_r[2]_i_3
INFO: [Physopt 32-662] Processed net student_top_inst/Core_cpu/cpu_core/id_ex_inst/inst_o_reg[3]_rep__4_n_0.  Did not re-place instance student_top_inst/Core_cpu/cpu_core/id_ex_inst/inst_o_reg[3]_rep__4
INFO: [Physopt 32-662] Processed net student_top_inst/Core_cpu/cpu_core/id_ex_inst/is_rv32m.  Did not re-place instance student_top_inst/Core_cpu/cpu_core/id_ex_inst/pc_o[13]_i_8
INFO: [Physopt 32-662] Processed net student_top_inst/Core_cpu/cpu_core/ex_inst/rv32m_iter_inst/jump_en_d1_reg_9.  Did not re-place instance student_top_inst/Core_cpu/cpu_core/ex_inst/rv32m_iter_inst/flush_ifid_o_inst_i_18
INFO: [Physopt 32-662] Processed net student_top_inst/Core_cpu/cpu_core/id_ex_inst/func3_r[2]_i_4_n_0.  Did not re-place instance student_top_inst/Core_cpu/cpu_core/id_ex_inst/func3_r[2]_i_4
INFO: [Physopt 32-662] Processed net student_top_inst/Core_cpu/cpu_core/branch_predictor_inst/bp_fetch_pc_r_reg[30][5].  Did not re-place instance student_top_inst/Core_cpu/cpu_core/branch_predictor_inst/hold_pred_target_reg[5]_i_1
INFO: [Physopt 32-663] Processed net student_top_inst/Core_cpu/cpu_core/if_id_inst/pred_target_o_reg[5]_0.  Re-placed instance student_top_inst/Core_cpu/cpu_core/if_id_inst/pc_o[5]_i_4
INFO: [Physopt 32-662] Processed net student_top_inst/Core_cpu/cpu_core/id_ex_inst/ex_inst/br_cmp_op2[0].  Did not re-place instance student_top_inst/Core_cpu/cpu_core/id_ex_inst/cmp_op2_o_reg[0]
INFO: [Physopt 32-662] Processed net student_top_inst/Core_cpu/cpu_core/id_ex_inst/internal_flush_inst__15_i_72_n_0.  Did not re-place instance student_top_inst/Core_cpu/cpu_core/id_ex_inst/internal_flush_inst__15_i_72
INFO: [Physopt 32-663] Processed net student_top_inst/Core_cpu/cpu_core/id_ex_inst/op1_o_reg[0]_rep__0_n_0.  Re-placed instance student_top_inst/Core_cpu/cpu_core/id_ex_inst/op1_o_reg[0]_rep__0
INFO: [Physopt 32-662] Processed net student_top_inst/Core_cpu/cpu_core/id_ex_inst/internal_flush_inst__15_i_84_n_0.  Did not re-place instance student_top_inst/Core_cpu/cpu_core/id_ex_inst/internal_flush_inst__15_i_84
INFO: [Physopt 32-662] Processed net student_top_inst/Core_cpu/cpu_core/id_ex_inst/op1_o_reg[9]_rep_n_0.  Did not re-place instance student_top_inst/Core_cpu/cpu_core/id_ex_inst/op1_o_reg[9]_rep
INFO: [Physopt 32-662] Processed net student_top_inst/Core_cpu/cpu_core/id_ex_inst/internal_flush_inst__15_i_69_n_0.  Did not re-place instance student_top_inst/Core_cpu/cpu_core/id_ex_inst/internal_flush_inst__15_i_69
INFO: [Physopt 32-663] Processed net student_top_inst/Core_cpu/cpu_core/if_id_inst/flush_ifid_o_inst_i_26_n_0.  Re-placed instance student_top_inst/Core_cpu/cpu_core/if_id_inst/flush_ifid_o_inst_i_26
INFO: [Physopt 32-662] Processed net student_top_inst/Core_cpu/cpu_core/if_id_inst/Q[1].  Did not re-place instance student_top_inst/Core_cpu/cpu_core/if_id_inst/inst_o_reg[16]
INFO: [Physopt 32-662] Processed net student_top_inst/Core_cpu/cpu_core/branch_predictor_inst/bp_fetch_pc_r_reg[30][11].  Did not re-place instance student_top_inst/Core_cpu/cpu_core/branch_predictor_inst/hold_pred_target_reg[11]_i_1
INFO: [Physopt 32-662] Processed net student_top_inst/Core_cpu/cpu_core/branch_predictor_inst/bp_fetch_pc_r_reg[30][14].  Did not re-place instance student_top_inst/Core_cpu/cpu_core/branch_predictor_inst/hold_pred_target_reg[14]_i_1
INFO: [Physopt 32-662] Processed net student_top_inst/Core_cpu/cpu_core/id_ex_inst/mtvec_r_reg[31][11].  Did not re-place instance student_top_inst/Core_cpu/cpu_core/id_ex_inst/pc_o[11]_i_1
INFO: [Physopt 32-662] Processed net student_top_inst/Core_cpu/cpu_core/id_ex_inst/mtvec_r_reg[31][14].  Did not re-place instance student_top_inst/Core_cpu/cpu_core/id_ex_inst/pc_o[14]_i_1
INFO: [Physopt 32-662] Processed net student_top_inst/Core_cpu/cpu_core/if_id_inst/pred_target_o_reg[11]_0.  Did not re-place instance student_top_inst/Core_cpu/cpu_core/if_id_inst/pc_o[11]_i_4
INFO: [Physopt 32-662] Processed net student_top_inst/Core_cpu/cpu_core/if_id_inst/pred_target_o_reg[14]_0.  Did not re-place instance student_top_inst/Core_cpu/cpu_core/if_id_inst/pc_o[14]_i_4
INFO: [Physopt 32-662] Processed net student_top_inst/Core_cpu/cpu_core/pc_reg_inst/Q[11].  Did not re-place instance student_top_inst/Core_cpu/cpu_core/pc_reg_inst/pc_o_reg[11]
INFO: [Physopt 32-662] Processed net student_top_inst/Core_cpu/cpu_core/pc_reg_inst/Q[14].  Did not re-place instance student_top_inst/Core_cpu/cpu_core/pc_reg_inst/pc_o_reg[14]
INFO: [Physopt 32-662] Processed net student_top_inst/Core_cpu/cpu_core/mem2_align_inst/dff_inst/data_o_reg[0]_rep__6.  Did not re-place instance student_top_inst/Core_cpu/cpu_core/mem2_align_inst/dff_inst/flush_ifid_o_inst_i_7
INFO: [Physopt 32-662] Processed net student_top_inst/Core_cpu/cpu_core/id_ex_inst/inst_o_reg[6]_rep__12_0.  Did not re-place instance student_top_inst/Core_cpu/cpu_core/id_ex_inst/flush_ifid_o_inst_i_17
INFO: [Physopt 32-662] Processed net student_top_inst/Core_cpu/cpu_core/if_id_inst/hold_pred_target_reg[18].  Did not re-place instance student_top_inst/Core_cpu/cpu_core/if_id_inst/hold_pred_target_reg_reg[18]
INFO: [Physopt 32-662] Processed net student_top_inst/Core_cpu/cpu_core/id_ex_inst/forwarding_inst/in020_out.  Did not re-place instance student_top_inst/Core_cpu/cpu_core/id_ex_inst/rs1_match_ex_mem_inst_i_4
INFO: [Physopt 32-662] Processed net student_top_inst/Core_cpu/cpu_core/id_ex_inst/data_o[0]_i_94_n_0.  Did not re-place instance student_top_inst/Core_cpu/cpu_core/id_ex_inst/data_o[0]_i_94
INFO: [Physopt 32-662] Processed net student_top_inst/Core_cpu/cpu_core/id_ex_inst/data_o_reg[7].  Did not re-place instance student_top_inst/Core_cpu/cpu_core/id_ex_inst/data_o[7]_i_29
INFO: [Physopt 32-662] Processed net student_top_inst/Core_cpu/cpu_core/ex_mem_inst/dff_rd_addr/ex_mem_pipe_rd_addr_o[4].  Did not re-place instance student_top_inst/Core_cpu/cpu_core/ex_mem_inst/dff_rd_addr/data_o_reg[4]
INFO: [Physopt 32-662] Processed net student_top_inst/Core_cpu/cpu_core/id_ex_inst/data_o[0]_i_36_n_0.  Did not re-place instance student_top_inst/Core_cpu/cpu_core/id_ex_inst/data_o[0]_i_36
INFO: [Physopt 32-662] Processed net student_top_inst/Core_cpu/cpu_core/id_ex_inst/rs1_match_ex_mem_inst_rep__33_i_1_n_0.  Did not re-place instance student_top_inst/Core_cpu/cpu_core/id_ex_inst/rs1_match_ex_mem_inst_rep__33_i_1
INFO: [Physopt 32-662] Processed net student_top_inst/Core_cpu/cpu_core/id_ex_inst/data_o[0]_i_62_n_0.  Did not re-place instance student_top_inst/Core_cpu/cpu_core/id_ex_inst/data_o[0]_i_62
INFO: [Physopt 32-662] Processed net student_top_inst/Core_cpu/cpu_core/ex_inst/rv32m_iter_inst/done_r_reg_rep__33_0.  Did not re-place instance student_top_inst/Core_cpu/cpu_core/ex_inst/rv32m_iter_inst/data_o[0]_i_1__5
INFO: [Physopt 32-662] Processed net student_top_inst/Core_cpu/cpu_core/id_ex_inst/data_o[0]_i_5_n_0.  Did not re-place instance student_top_inst/Core_cpu/cpu_core/id_ex_inst/data_o[0]_i_5
INFO: [Physopt 32-662] Processed net student_top_inst/Core_cpu/cpu_core/id_ex_inst/ex_inst/op1_i_shift_right_op2_i[0].  Did not re-place instance student_top_inst/Core_cpu/cpu_core/id_ex_inst/data_o[0]_i_15
INFO: [Physopt 32-662] Processed net student_top_inst/Core_cpu/cpu_core/id_ex_inst/inst_o_reg[14]_rep__9_0.  Did not re-place instance student_top_inst/Core_cpu/cpu_core/id_ex_inst/data_o[0]_i_2
INFO: [Physopt 32-662] Processed net student_top_inst/Core_cpu/cpu_core/id_ex_inst/pc_o[29]_i_3_n_0.  Did not re-place instance student_top_inst/Core_cpu/cpu_core/id_ex_inst/pc_o[29]_i_3
INFO: [Physopt 32-663] Processed net student_top_inst/Core_cpu/cpu_core/id_ex_inst/pc_o[29]_i_6_n_0.  Re-placed instance student_top_inst/Core_cpu/cpu_core/id_ex_inst/pc_o[29]_i_6
INFO: [Physopt 32-663] Processed net student_top_inst/Core_cpu/cpu_core/id_ex_inst/pc_o[29]_i_9_n_0.  Re-placed instance student_top_inst/Core_cpu/cpu_core/id_ex_inst/pc_o[29]_i_9
INFO: [Physopt 32-662] Processed net student_top_inst/Core_cpu/cpu_core/id_ex_inst/rs1_match_ex_mem_inst_i_6_n_0.  Did not re-place instance student_top_inst/Core_cpu/cpu_core/id_ex_inst/rs1_match_ex_mem_inst_i_6
INFO: [Physopt 32-662] Processed net student_top_inst/Core_cpu/cpu_core/if_id_inst/flush_ifid_o_inst_i_39_n_0.  Did not re-place instance student_top_inst/Core_cpu/cpu_core/if_id_inst/flush_ifid_o_inst_i_39
INFO: [Physopt 32-662] Processed net student_top_inst/Core_cpu/cpu_core/if_id_inst/flush_ifid_o_inst_i_51_n_0.  Did not re-place instance student_top_inst/Core_cpu/cpu_core/if_id_inst/flush_ifid_o_inst_i_51
INFO: [Physopt 32-662] Processed net student_top_inst/Core_cpu/cpu_core/ex_mem_inst/dff_rd_data/data_o_reg[0]_5.  Did not re-place instance student_top_inst/Core_cpu/cpu_core/ex_mem_inst/dff_rd_data/data_o_reg[0]
INFO: [Physopt 32-662] Processed net student_top_inst/Core_cpu/cpu_core/branch_predictor_inst/bp_fetch_pc_r_reg[30][9].  Did not re-place instance student_top_inst/Core_cpu/cpu_core/branch_predictor_inst/hold_pred_target_reg[9]_i_1
INFO: [Physopt 32-662] Processed net student_top_inst/Core_cpu/cpu_core/id_ex_inst/mtvec_r_reg[31][9].  Did not re-place instance student_top_inst/Core_cpu/cpu_core/id_ex_inst/pc_o[9]_i_1
INFO: [Physopt 32-662] Processed net student_top_inst/Core_cpu/cpu_core/if_id_inst/pred_target_o_reg[9]_0.  Did not re-place instance student_top_inst/Core_cpu/cpu_core/if_id_inst/pc_o[9]_i_4
INFO: [Physopt 32-662] Processed net student_top_inst/Core_cpu/cpu_core/pc_reg_inst/Q[9].  Did not re-place instance student_top_inst/Core_cpu/cpu_core/pc_reg_inst/pc_o_reg[9]
INFO: [Physopt 32-662] Processed net student_top_inst/Core_cpu/cpu_core/ex_mem_inst/dff_rd_addr/rs2_alu_match_ex_mem_inst_i_2_n_0.  Did not re-place instance student_top_inst/Core_cpu/cpu_core/ex_mem_inst/dff_rd_addr/rs2_alu_match_ex_mem_inst_i_2
INFO: [Physopt 32-662] Processed net student_top_inst/Core_cpu/cpu_core/ex_mem_inst/dff_rd_addr/rs2_alu_match_ex_mem_inst_rep__10_i_1_n_0.  Did not re-place instance student_top_inst/Core_cpu/cpu_core/ex_mem_inst/dff_rd_addr/rs2_alu_match_ex_mem_inst_rep__10_i_1
INFO: [Physopt 32-662] Processed net student_top_inst/Core_cpu/cpu_core/ex_mem_inst/dff_rd_data/alu_op2_inst_rep__98_i_1_n_0.  Did not re-place instance student_top_inst/Core_cpu/cpu_core/ex_mem_inst/dff_rd_data/alu_op2_inst_rep__98_i_1
INFO: [Physopt 32-662] Processed net student_top_inst/Core_cpu/cpu_core/ex_mem_inst/dff_rd_addr/ex_mem_pipe_rd_addr_o[3].  Did not re-place instance student_top_inst/Core_cpu/cpu_core/ex_mem_inst/dff_rd_addr/data_o_reg[3]
INFO: [Physopt 32-662] Processed net student_top_inst/Core_cpu/cpu_core/ex_mem_inst/dff_rd_addr/rs2_alu_match_ex_mem_inst_i_4_n_0.  Did not re-place instance student_top_inst/Core_cpu/cpu_core/ex_mem_inst/dff_rd_addr/rs2_alu_match_ex_mem_inst_i_4
INFO: [Physopt 32-662] Processed net student_top_inst/Core_cpu/cpu_core/if_id_inst/j_imm_inst__7_n_0.  Did not re-place instance student_top_inst/Core_cpu/cpu_core/if_id_inst/j_imm_inst__7
INFO: [Physopt 32-662] Processed net student_top_inst/Core_cpu/cpu_core/id_ex_inst/ex_inst/br_cmp_op2[4].  Did not re-place instance student_top_inst/Core_cpu/cpu_core/id_ex_inst/cmp_op2_o_reg[4]
INFO: [Physopt 32-662] Processed net student_top_inst/Core_cpu/cpu_core/id_ex_inst/internal_flush_inst__15_i_74_n_0.  Did not re-place instance student_top_inst/Core_cpu/cpu_core/id_ex_inst/internal_flush_inst__15_i_74
INFO: [Physopt 32-662] Processed net student_top_inst/Core_cpu/cpu_core/id_ex_inst/forwarding_inst/in04.  Did not re-place instance student_top_inst/Core_cpu/cpu_core/id_ex_inst/rs1_match_ex_mem_inst_i_2
INFO: [Physopt 32-662] Processed net student_top_inst/Core_cpu/cpu_core/id_ex_inst/rs1_match_ex_mem_inst_rep__6_i_1_n_0.  Did not re-place instance student_top_inst/Core_cpu/cpu_core/id_ex_inst/rs1_match_ex_mem_inst_rep__6_i_1
INFO: [Physopt 32-662] Processed net student_top_inst/Core_cpu/cpu_core/id_ex_inst/rs1_addr_o_reg[4]_0[4].  Did not re-place instance student_top_inst/Core_cpu/cpu_core/id_ex_inst/rs1_addr_o_reg[4]
INFO: [Physopt 32-662] Processed net student_top_inst/Core_cpu/cpu_core/id_ex_inst/data_o_reg[27].  Did not re-place instance student_top_inst/Core_cpu/cpu_core/id_ex_inst/data_o[27]_i_29
INFO: [Physopt 32-662] Processed net student_top_inst/Core_cpu/cpu_core/id_ex_inst/ex_inst/br_cmp_op2[9].  Did not re-place instance student_top_inst/Core_cpu/cpu_core/id_ex_inst/cmp_op2_o_reg[9]
INFO: [Physopt 32-662] Processed net student_top_inst/Core_cpu/cpu_core/id_ex_inst/data_o[0]_i_95_n_0.  Did not re-place instance student_top_inst/Core_cpu/cpu_core/id_ex_inst/data_o[0]_i_95
INFO: [Physopt 32-662] Processed net student_top_inst/Core_cpu/cpu_core/ex_mem_inst/dff_inst/flush_ifid_o_inst_i_49_n_0.  Did not re-place instance student_top_inst/Core_cpu/cpu_core/ex_mem_inst/dff_inst/flush_ifid_o_inst_i_49
INFO: [Physopt 32-662] Processed net student_top_inst/Core_cpu/cpu_core/if_id_inst/hold_pred_target_reg[7]_i_5_n_0.  Did not re-place instance student_top_inst/Core_cpu/cpu_core/if_id_inst/hold_pred_target_reg[7]_i_5
INFO: [Physopt 32-663] Processed net student_top_inst/Core_cpu/cpu_core/ex_mem_inst/dff_inst/ex_mem_inst_o[0].  Re-placed instance student_top_inst/Core_cpu/cpu_core/ex_mem_inst/dff_inst/data_o_reg[0]
INFO: [Physopt 32-663] Processed net student_top_inst/Core_cpu/cpu_core/ex_mem_inst/dff_inst/flush_ifid_o_inst_i_36_n_0.  Re-placed instance student_top_inst/Core_cpu/cpu_core/ex_mem_inst/dff_inst/flush_ifid_o_inst_i_36
INFO: [Physopt 32-662] Processed net student_top_inst/Core_cpu/cpu_core/id_ex_inst/op1_o_reg[4]_rep_n_0.  Did not re-place instance student_top_inst/Core_cpu/cpu_core/id_ex_inst/op1_o_reg[4]_rep
INFO: [Physopt 32-662] Processed net student_top_inst/Core_cpu/cpu_core/id_ex_inst/cmp_op2_o_reg[2]_rep_0.  Did not re-place instance student_top_inst/Core_cpu/cpu_core/id_ex_inst/cmp_op2_o_reg[2]_rep
INFO: [Physopt 32-663] Processed net student_top_inst/Core_cpu/cpu_core/id_ex_inst/internal_flush_inst__15_i_83_n_0.  Re-placed instance student_top_inst/Core_cpu/cpu_core/id_ex_inst/internal_flush_inst__15_i_83
INFO: [Physopt 32-662] Processed net student_top_inst/Core_cpu/cpu_core/if_id_inst/hold_pred_target_reg[7]_i_6_n_0.  Did not re-place instance student_top_inst/Core_cpu/cpu_core/if_id_inst/hold_pred_target_reg[7]_i_6
INFO: [Physopt 32-662] Processed net student_top_inst/Core_cpu/cpu_core/mem1_mem2_inst/dff_inst/mem1_mem2_inst_o[5].  Did not re-place instance student_top_inst/Core_cpu/cpu_core/mem1_mem2_inst/dff_inst/data_o_reg[5]
INFO: [Physopt 32-662] Processed net student_top_inst/Core_cpu/cpu_core/if_id_inst/hold_pred_target_reg[28].  Did not re-place instance student_top_inst/Core_cpu/cpu_core/if_id_inst/hold_pred_target_reg_reg[28]
INFO: [Physopt 32-662] Processed net student_top_inst/Core_cpu/cpu_core/if_id_inst/hold_pred_target_reg[29].  Did not re-place instance student_top_inst/Core_cpu/cpu_core/if_id_inst/hold_pred_target_reg_reg[29]
INFO: [Physopt 32-662] Processed net student_top_inst/Core_cpu/cpu_core/if_id_inst/if_id_inst_o[12].  Did not re-place instance student_top_inst/Core_cpu/cpu_core/if_id_inst/inst_o_reg[12]
INFO: [Physopt 32-662] Processed net student_top_inst/Core_cpu/cpu_core/ex_mem_inst/dff_rd_addr/rs2_alu_match_ex_mem_inst_rep__33_i_1_n_0.  Did not re-place instance student_top_inst/Core_cpu/cpu_core/ex_mem_inst/dff_rd_addr/rs2_alu_match_ex_mem_inst_rep__33_i_1
INFO: [Physopt 32-662] Processed net student_top_inst/Core_cpu/cpu_core/id_ex_inst/rs1_match_ex_mem_inst_i_1_n_0.  Did not re-place instance student_top_inst/Core_cpu/cpu_core/id_ex_inst/rs1_match_ex_mem_inst_i_1
INFO: [Physopt 32-662] Processed net student_top_inst/Core_cpu/cpu_core/ex_mem_inst/dff_rd_data/alu_op2_inst_rep__26_i_1_n_0.  Did not re-place instance student_top_inst/Core_cpu/cpu_core/ex_mem_inst/dff_rd_data/alu_op2_inst_rep__26_i_1
INFO: [Physopt 32-662] Processed net student_top_inst/Core_cpu/cpu_core/id_ex_inst/data_o_reg[31]_4.  Did not re-place instance student_top_inst/Core_cpu/cpu_core/id_ex_inst/data_o[31]_i_41
INFO: [Physopt 32-662] Processed net student_top_inst/Core_cpu/cpu_core/ex_inst/rv32m_iter_inst/done_r_reg_rep__21_2.  Did not re-place instance student_top_inst/Core_cpu/cpu_core/ex_inst/rv32m_iter_inst/data_o[25]_i_1__2
INFO: [Physopt 32-662] Processed net student_top_inst/Core_cpu/cpu_core/id_ex_inst/data_o[0]_i_58_n_0.  Did not re-place instance student_top_inst/Core_cpu/cpu_core/id_ex_inst/data_o[0]_i_58
INFO: [Physopt 32-662] Processed net student_top_inst/Core_cpu/cpu_core/id_ex_inst/data_o[25]_i_4__0_n_0.  Did not re-place instance student_top_inst/Core_cpu/cpu_core/id_ex_inst/data_o[25]_i_4__0
INFO: [Physopt 32-662] Processed net student_top_inst/Core_cpu/cpu_core/id_ex_inst/data_o[25]_i_8_n_0.  Did not re-place instance student_top_inst/Core_cpu/cpu_core/id_ex_inst/data_o[25]_i_8
INFO: [Physopt 32-662] Processed net student_top_inst/Core_cpu/cpu_core/id_ex_inst/done_r_reg_rep__20.  Did not re-place instance student_top_inst/Core_cpu/cpu_core/id_ex_inst/data_o[25]_i_3__0
INFO: [Physopt 32-662] Processed net student_top_inst/Core_cpu/cpu_core/ex_mem_inst/dff_rd_data/data_o_reg[25]_0.  Did not re-place instance student_top_inst/Core_cpu/cpu_core/ex_mem_inst/dff_rd_data/data_o_reg[25]
INFO: [Physopt 32-663] Processed net student_top_inst/Core_cpu/cpu_core/ex_mem_inst/dff_rd_data/data_o_reg[3]_1.  Re-placed instance student_top_inst/Core_cpu/cpu_core/ex_mem_inst/dff_rd_data/data_o[7]_i_39
INFO: [Physopt 32-662] Processed net student_top_inst/Core_cpu/cpu_core/id_ex_inst/rs1_match_ex_mem_inst_rep__22_i_1_n_0.  Did not re-place instance student_top_inst/Core_cpu/cpu_core/id_ex_inst/rs1_match_ex_mem_inst_rep__22_i_1
INFO: [Physopt 32-662] Processed net student_top_inst/Core_cpu/cpu_core/id_ex_inst/data_o[30]_i_20_n_0.  Did not re-place instance student_top_inst/Core_cpu/cpu_core/id_ex_inst/data_o[30]_i_20
INFO: [Physopt 32-662] Processed net student_top_inst/Core_cpu/cpu_core/id_ex_inst/rs1_addr_o_reg[4]_0[1].  Did not re-place instance student_top_inst/Core_cpu/cpu_core/id_ex_inst/rs1_addr_o_reg[1]
INFO: [Physopt 32-663] Processed net student_top_inst/Core_cpu/cpu_core/id_ex_inst/data_o[30]_i_13_n_0.  Re-placed instance student_top_inst/Core_cpu/cpu_core/id_ex_inst/data_o[30]_i_13
INFO: [Physopt 32-662] Processed net student_top_inst/Core_cpu/cpu_core/ex_mem_inst/dff_rd_addr/rs2_alu_match_ex_mem_inst_rep__16_i_1_n_0.  Did not re-place instance student_top_inst/Core_cpu/cpu_core/ex_mem_inst/dff_rd_addr/rs2_alu_match_ex_mem_inst_rep__16_i_1
INFO: [Physopt 32-663] Processed net student_top_inst/Core_cpu/cpu_core/id_ex_inst/data_o[15]_i_29_n_0.  Re-placed instance student_top_inst/Core_cpu/cpu_core/id_ex_inst/data_o[15]_i_29
INFO: [Physopt 32-663] Processed net student_top_inst/Core_cpu/cpu_core/ex_inst/rv32m_iter_inst/done_r_reg_rep__19_2.  Re-placed instance student_top_inst/Core_cpu/cpu_core/ex_inst/rv32m_iter_inst/data_o[29]_i_1__2
INFO: [Physopt 32-662] Processed net student_top_inst/Core_cpu/cpu_core/ex_inst/rv32m_iter_inst/done_r_reg_rep__30_0.  Did not re-place instance student_top_inst/Core_cpu/cpu_core/ex_inst/rv32m_iter_inst/data_o[6]_i_1__5
INFO: [Physopt 32-663] Processed net student_top_inst/Core_cpu/cpu_core/ex_inst/sra_mask[2].  Re-placed instance student_top_inst/Core_cpu/cpu_core/ex_inst/data_o[6]_i_15
INFO: [Physopt 32-662] Processed net student_top_inst/Core_cpu/cpu_core/id_ex_inst/data_o[29]_i_5__0_n_0.  Did not re-place instance student_top_inst/Core_cpu/cpu_core/id_ex_inst/data_o[29]_i_5__0
INFO: [Physopt 32-662] Processed net student_top_inst/Core_cpu/cpu_core/id_ex_inst/data_o[6]_i_3_n_0.  Did not re-place instance student_top_inst/Core_cpu/cpu_core/id_ex_inst/data_o[6]_i_3
INFO: [Physopt 32-661] Optimized 23 nets.  Re-placed 23 instances.
INFO: [Physopt 32-775] End 1 Pass. Optimized 23 nets or cells. Created 0 new cell, deleted 0 existing cell and moved 23 existing cells
INFO: [Physopt 32-619] Estimated Timing Summary | WNS=-0.029 | TNS=-0.029 |
Netlist sorting complete. Time (s): cpu = 00:00:00 ; elapsed = 00:00:00.005 . Memory (MB): peak = 2337.242 ; gain = 0.000
Phase 9 Single Cell Placement Optimization | Checksum: e555d5ed

Time (s): cpu = 00:00:20 ; elapsed = 00:00:31 . Memory (MB): peak = 2337.242 ; gain = 70.602

Phase 10 Multi Cell Placement Optimization
INFO: [Physopt 32-660] Identified 100 candidate nets for placement-based optimization.
INFO: [Physopt 32-662] Processed net student_top_inst/Core_cpu/cpu_core/branch_predictor_inst/bp_fetch_pc_r_reg[30][28].  Did not re-place instance student_top_inst/Core_cpu/cpu_core/branch_predictor_inst/hold_pred_target_reg[28]_i_1/O
INFO: [Physopt 32-662] Processed net student_top_inst/Core_cpu/cpu_core/id_ex_inst/mtvec_r_reg[31][28].  Did not re-place instance student_top_inst/Core_cpu/cpu_core/id_ex_inst/pc_o[28]_i_2/O
INFO: [Physopt 32-662] Processed net student_top_inst/Core_cpu/cpu_core/if_id_inst/pred_target_o_reg[28]_0.  Did not re-place instance student_top_inst/Core_cpu/cpu_core/if_id_inst/pc_o[28]_i_5/O
INFO: [Physopt 32-661] Optimized 0 net.  Re-placed 0 instance.
INFO: [Physopt 32-775] End 1 Pass. Optimized 0 net or cell. Created 0 new cell, deleted 0 existing cell and moved 0 existing cell
Netlist sorting complete. Time (s): cpu = 00:00:01 ; elapsed = 00:00:00.003 . Memory (MB): peak = 2337.500 ; gain = 0.000
Phase 10 Multi Cell Placement Optimization | Checksum: e555d5ed

Time (s): cpu = 00:00:21 ; elapsed = 00:00:31 . Memory (MB): peak = 2337.500 ; gain = 70.859

Phase 11 Rewire
INFO: [Physopt 32-246] Starting Signal Push optimization...
INFO: [Physopt 32-241] No nets found for rewiring () optimization.
INFO: [Physopt 32-232] Optimized 0 net. Created 0 new instance.
INFO: [Physopt 32-775] End 1 Pass. Optimized 0 net or cell. Created 0 new cell, deleted 0 existing cell and moved 0 existing cell
Netlist sorting complete. Time (s): cpu = 00:00:00 ; elapsed = 00:00:00.002 . Memory (MB): peak = 2337.500 ; gain = 0.000
Phase 11 Rewire | Checksum: e555d5ed

Time (s): cpu = 00:00:21 ; elapsed = 00:00:32 . Memory (MB): peak = 2337.500 ; gain = 70.859

Phase 12 Critical Cell Optimization
INFO: [Physopt 32-46] Identified 15 candidate nets for critical-cell optimization.
INFO: [Physopt 32-571] Net student_top_inst/Core_cpu/cpu_core/ex_mem_inst/dff_inst/data_o_reg[5]_0 was not replicated.
INFO: [Physopt 32-571] Net student_top_inst/Core_cpu/cpu_core/if_id_inst/data_o_reg[6] was not replicated.
INFO: [Physopt 32-571] Net student_top_inst/Core_cpu/cpu_core/if_id_inst/inst_o_reg[18]_1 was not replicated.
INFO: [Physopt 32-571] Net student_top_inst/Core_cpu/cpu_core/branch_predictor_inst/bp_fetch_pc_r_reg[30][18] was not replicated.
INFO: [Physopt 32-571] Net student_top_inst/Core_cpu/cpu_core/if_id_inst/Q[5] was not replicated.
INFO: [Physopt 32-571] Net student_top_inst/Core_cpu/cpu_core/if_id_inst/flush_ifid_o_inst_i_2_n_0 was not replicated.
INFO: [Physopt 32-571] Net student_top_inst/Core_cpu/cpu_core/if_id_inst/inst_o_reg[5]_rep__11 was not replicated.
INFO: [Physopt 32-571] Net student_top_inst/Core_cpu/cpu_core/if_id_inst/if_id_inst_o[0] was not replicated.
INFO: [Physopt 32-571] Net student_top_inst/Core_cpu/cpu_core/branch_predictor_inst/bp_fetch_pc_r_reg[30][21] was not replicated.
INFO: [Physopt 32-571] Net student_top_inst/Core_cpu/cpu_core/branch_predictor_inst/bp_fetch_pc_r_reg[30][20] was not replicated.
INFO: [Physopt 32-571] Net student_top_inst/Core_cpu/cpu_core/branch_predictor_inst/bp_fetch_pc_r_reg[30][15] was not replicated.
INFO: [Physopt 32-571] Net student_top_inst/Core_cpu/cpu_core/mem1_mem2_inst/dff_inst/mem1_mem2_inst_o[0] was not replicated.
INFO: [Physopt 32-571] Net student_top_inst/Core_cpu/cpu_core/if_id_inst/data_o_reg[6]_0 was not replicated.
INFO: [Physopt 32-571] Net student_top_inst/Core_cpu/cpu_core/if_id_inst/if_id_inst_o[2] was not replicated.
INFO: [Physopt 32-232] Optimized 0 net. Created 0 new instance.
INFO: [Physopt 32-775] End 1 Pass. Optimized 0 net or cell. Created 0 new cell, deleted 0 existing cell and moved 0 existing cell
Phase 12 Critical Cell Optimization | Checksum: e555d5ed

Time (s): cpu = 00:00:21 ; elapsed = 00:00:32 . Memory (MB): peak = 2337.500 ; gain = 70.859

Phase 13 SLR Crossing Optimization
Phase 13 SLR Crossing Optimization | Checksum: e555d5ed

Time (s): cpu = 00:00:21 ; elapsed = 00:00:32 . Memory (MB): peak = 2337.500 ; gain = 70.859

Phase 14 Fanout Optimization
INFO: [Physopt 32-76] Pass 1. Identified 4 candidate nets for fanout optimization.
INFO: [Physopt 32-572] Net student_top_inst/Core_cpu/cpu_core/ex_mem_inst/dff_inst/done_r_reg_rep__41_0 was not replicated.
Resolution: phys_opt_design can be forced to replicate a net driver using the option -force_replication_on_nets <list of net objects>.
INFO: [Physopt 32-572] Net student_top_inst/Core_cpu/cpu_core/id_ex_inst/internal_flush_inst__15_i_1_n_0 was not replicated.
Resolution: phys_opt_design can be forced to replicate a net driver using the option -force_replication_on_nets <list of net objects>.
INFO: [Physopt 32-572] Net student_top_inst/Core_cpu/cpu_core/if_id_inst/op1_o[22]_i_4_n_0 was not replicated.
Resolution: phys_opt_design can be forced to replicate a net driver using the option -force_replication_on_nets <list of net objects>.
INFO: [Physopt 32-572] Net student_top_inst/Core_cpu/cpu_core/id_ex_inst/rs2_addr_o_reg[3]_0 was not replicated.
Resolution: phys_opt_design can be forced to replicate a net driver using the option -force_replication_on_nets <list of net objects>.
INFO: [Physopt 32-232] Optimized 0 net. Created 0 new instance.
INFO: [Physopt 32-775] End 1 Pass. Optimized 0 net or cell. Created 0 new cell, deleted 0 existing cell and moved 0 existing cell
Netlist sorting complete. Time (s): cpu = 00:00:00 ; elapsed = 00:00:00.011 . Memory (MB): peak = 2341.570 ; gain = 0.000
Phase 14 Fanout Optimization | Checksum: e555d5ed

Time (s): cpu = 00:00:21 ; elapsed = 00:00:32 . Memory (MB): peak = 2341.570 ; gain = 74.930

Phase 15 Single Cell Placement Optimization
INFO: [Physopt 32-660] Identified 250 candidate nets for placement-based optimization.
INFO: [Physopt 32-662] Processed net student_top_inst/Core_cpu/cpu_core/branch_predictor_inst/bp_fetch_pc_r_reg[30][28].  Did not re-place instance student_top_inst/Core_cpu/cpu_core/branch_predictor_inst/hold_pred_target_reg[28]_i_1
INFO: [Physopt 32-662] Processed net student_top_inst/Core_cpu/cpu_core/id_ex_inst/mtvec_r_reg[31][28].  Did not re-place instance student_top_inst/Core_cpu/cpu_core/id_ex_inst/pc_o[28]_i_2
INFO: [Physopt 32-662] Processed net student_top_inst/Core_cpu/cpu_core/if_id_inst/b_imm_inst__29_n_0.  Did not re-place instance student_top_inst/Core_cpu/cpu_core/if_id_inst/b_imm_inst__29
INFO: [Physopt 32-662] Processed net student_top_inst/Core_cpu/cpu_core/if_id_inst/pred_target_o_reg[28]_0.  Did not re-place instance student_top_inst/Core_cpu/cpu_core/if_id_inst/pc_o[28]_i_5
INFO: [Physopt 32-662] Processed net student_top_inst/Core_cpu/cpu_core/pc_reg_inst/Q[28].  Did not re-place instance student_top_inst/Core_cpu/cpu_core/pc_reg_inst/pc_o_reg[28]
INFO: [Physopt 32-662] Processed net student_top_inst/Core_cpu/cpu_core/branch_predictor_inst/bp_fetch_pc_r_reg[30][31].  Did not re-place instance student_top_inst/Core_cpu/cpu_core/branch_predictor_inst/hold_pred_target_reg[31]_i_1
INFO: [Physopt 32-662] Processed net student_top_inst/Core_cpu/cpu_core/id_ex_inst/mtvec_r_reg[31][31].  Did not re-place instance student_top_inst/Core_cpu/cpu_core/id_ex_inst/pc_o[31]_i_1
INFO: [Physopt 32-662] Processed net student_top_inst/Core_cpu/cpu_core/if_id_inst/pred_target_o_reg[31]_0.  Did not re-place instance student_top_inst/Core_cpu/cpu_core/if_id_inst/pc_o[31]_i_4
INFO: [Physopt 32-662] Processed net student_top_inst/Core_cpu/cpu_core/pc_reg_inst/Q[31].  Did not re-place instance student_top_inst/Core_cpu/cpu_core/pc_reg_inst/pc_o_reg[31]
INFO: [Physopt 32-662] Processed net student_top_inst/Core_cpu/cpu_core/branch_predictor_inst/bp_fetch_pc_r_reg[30][26].  Did not re-place instance student_top_inst/Core_cpu/cpu_core/branch_predictor_inst/hold_pred_target_reg[26]_i_1
INFO: [Physopt 32-662] Processed net student_top_inst/Core_cpu/cpu_core/id_ex_inst/mtvec_r_reg[31][26].  Did not re-place instance student_top_inst/Core_cpu/cpu_core/id_ex_inst/pc_o[26]_i_1
INFO: [Physopt 32-662] Processed net student_top_inst/Core_cpu/cpu_core/if_id_inst/pred_target_o_reg[26]_0.  Did not re-place instance student_top_inst/Core_cpu/cpu_core/if_id_inst/pc_o[26]_i_4
INFO: [Physopt 32-662] Processed net student_top_inst/Core_cpu/cpu_core/pc_reg_inst/Q[26].  Did not re-place instance student_top_inst/Core_cpu/cpu_core/pc_reg_inst/pc_o_reg[26]
INFO: [Physopt 32-662] Processed net student_top_inst/Core_cpu/cpu_core/branch_predictor_inst/bp_fetch_pc_r_reg[30][30].  Did not re-place instance student_top_inst/Core_cpu/cpu_core/branch_predictor_inst/hold_pred_target_reg[30]_i_1
INFO: [Physopt 32-662] Processed net student_top_inst/Core_cpu/cpu_core/id_ex_inst/mtvec_r_reg[31][30].  Did not re-place instance student_top_inst/Core_cpu/cpu_core/id_ex_inst/pc_o[30]_i_1
INFO: [Physopt 32-662] Processed net student_top_inst/Core_cpu/cpu_core/if_id_inst/pred_target_o_reg[30]_0.  Did not re-place instance student_top_inst/Core_cpu/cpu_core/if_id_inst/pc_o[30]_i_4
INFO: [Physopt 32-662] Processed net student_top_inst/Core_cpu/cpu_core/pc_reg_inst/Q[30].  Did not re-place instance student_top_inst/Core_cpu/cpu_core/pc_reg_inst/pc_o_reg[30]
INFO: [Physopt 32-662] Processed net student_top_inst/Core_cpu/cpu_core/branch_predictor_inst/bp_fetch_pc_r_reg[30][29].  Did not re-place instance student_top_inst/Core_cpu/cpu_core/branch_predictor_inst/hold_pred_target_reg[29]_i_1
INFO: [Physopt 32-662] Processed net student_top_inst/Core_cpu/cpu_core/id_ex_inst/mtvec_r_reg[31][29].  Did not re-place instance student_top_inst/Core_cpu/cpu_core/id_ex_inst/pc_o[29]_i_1
INFO: [Physopt 32-662] Processed net student_top_inst/Core_cpu/cpu_core/if_id_inst/pred_target_o_reg[29]_0.  Did not re-place instance student_top_inst/Core_cpu/cpu_core/if_id_inst/pc_o[29]_i_4
INFO: [Physopt 32-662] Processed net student_top_inst/Core_cpu/cpu_core/pc_reg_inst/Q[29].  Did not re-place instance student_top_inst/Core_cpu/cpu_core/pc_reg_inst/pc_o_reg[29]
INFO: [Physopt 32-662] Processed net student_top_inst/Core_cpu/cpu_core/if_id_inst/b_imm_inst__19_n_0.  Did not re-place instance student_top_inst/Core_cpu/cpu_core/if_id_inst/b_imm_inst__19
INFO: [Physopt 32-662] Processed net student_top_inst/Core_cpu/cpu_core/branch_predictor_inst/bp_fetch_pc_r_reg[30][25].  Did not re-place instance student_top_inst/Core_cpu/cpu_core/branch_predictor_inst/hold_pred_target_reg[25]_i_1
INFO: [Physopt 32-662] Processed net student_top_inst/Core_cpu/cpu_core/id_ex_inst/mtvec_r_reg[31][25].  Did not re-place instance student_top_inst/Core_cpu/cpu_core/id_ex_inst/pc_o[25]_i_1
INFO: [Physopt 32-662] Processed net student_top_inst/Core_cpu/cpu_core/if_id_inst/pred_target_o_reg[25]_0.  Did not re-place instance student_top_inst/Core_cpu/cpu_core/if_id_inst/pc_o[25]_i_4
INFO: [Physopt 32-662] Processed net student_top_inst/Core_cpu/cpu_core/pc_reg_inst/Q[25].  Did not re-place instance student_top_inst/Core_cpu/cpu_core/pc_reg_inst/pc_o_reg[25]
INFO: [Physopt 32-662] Processed net student_top_inst/Core_cpu/cpu_core/if_id_inst/j_imm_inst__17_n_0.  Did not re-place instance student_top_inst/Core_cpu/cpu_core/if_id_inst/j_imm_inst__17
INFO: [Physopt 32-662] Processed net student_top_inst/Core_cpu/cpu_core/ex_mem_inst/dff_inst/done_r_reg_rep__41_0.  Did not re-place instance student_top_inst/Core_cpu/cpu_core/ex_mem_inst/dff_inst/flush_ifid_o_inst_i_4
INFO: [Physopt 32-662] Processed net student_top_inst/Core_cpu/cpu_core/if_id_inst/id_use_rs1_o.  Did not re-place instance student_top_inst/Core_cpu/cpu_core/if_id_inst/use_rs1_o_i_2
INFO: [Physopt 32-662] Processed net student_top_inst/Core_cpu/cpu_core/if_id_inst/op1_o[31]_i_7_n_0.  Did not re-place instance student_top_inst/Core_cpu/cpu_core/if_id_inst/op1_o[31]_i_7
INFO: [Physopt 32-662] Processed net student_top_inst/Core_cpu/cpu_core/ex_mem_inst/dff_inst/data_o_reg[5]_0.  Did not re-place instance student_top_inst/Core_cpu/cpu_core/ex_mem_inst/dff_inst/flush_ifid_o_inst_i_15
INFO: [Physopt 32-662] Processed net student_top_inst/Core_cpu/cpu_core/if_id_inst/data_o_reg[6].  Did not re-place instance student_top_inst/Core_cpu/cpu_core/if_id_inst/is_holding_reg_i_2
INFO: [Physopt 32-662] Processed net student_top_inst/Core_cpu/cpu_core/if_id_inst/if_id_inst_o[1].  Did not re-place instance student_top_inst/Core_cpu/cpu_core/if_id_inst/inst_o_reg[1]
INFO: [Physopt 32-662] Processed net student_top_inst/Core_cpu/cpu_core/ex_mem_inst/dff_inst/flush_ifid_o_inst_i_34_n_0.  Did not re-place instance student_top_inst/Core_cpu/cpu_core/ex_mem_inst/dff_inst/flush_ifid_o_inst_i_34
INFO: [Physopt 32-662] Processed net student_top_inst/Core_cpu/cpu_core/if_id_inst/use_rs1_o_i_4_n_0.  Did not re-place instance student_top_inst/Core_cpu/cpu_core/if_id_inst/use_rs1_o_i_4
INFO: [Physopt 32-662] Processed net student_top_inst/Core_cpu/cpu_core/pc_reg_inst/pc_o[4]_i_9_n_0.  Did not re-place instance student_top_inst/Core_cpu/cpu_core/pc_reg_inst/pc_o[4]_i_9
INFO: [Physopt 32-662] Processed net student_top_inst/Core_cpu/cpu_core/if_id_inst/j_imm_inst__13_n_0.  Did not re-place instance student_top_inst/Core_cpu/cpu_core/if_id_inst/j_imm_inst__13
INFO: [Physopt 32-662] Processed net student_top_inst/Core_cpu/cpu_core/if_id_inst/bp_fetch_redirect.  Did not re-place instance student_top_inst/Core_cpu/cpu_core/if_id_inst/pc_o[31]_i_11
INFO: [Physopt 32-662] Processed net student_top_inst/Core_cpu/cpu_core/if_id_inst/bp_fetch_valid_r_reg_repN.  Did not re-place instance student_top_inst/Core_cpu/cpu_core/if_id_inst/hold_pred_target_reg[31]_i_4_replica
INFO: [Physopt 32-662] Processed net student_top_inst/Core_cpu/cpu_core/branch_predictor_inst/bp_pred_taken_o.  Did not re-place instance student_top_inst/Core_cpu/cpu_core/branch_predictor_inst/hold_pred_taken_reg_i_1
INFO: [Physopt 32-662] Processed net student_top_inst/Core_cpu/cpu_core/if_id_inst/b_imm_inst__27_n_0.  Did not re-place instance student_top_inst/Core_cpu/cpu_core/if_id_inst/b_imm_inst__27
INFO: [Physopt 32-662] Processed net student_top_inst/Core_cpu/cpu_core/if_id_inst/hold_pred_target_reg[3]_i_7_n_0.  Did not re-place instance student_top_inst/Core_cpu/cpu_core/if_id_inst/hold_pred_target_reg[3]_i_7
INFO: [Physopt 32-662] Processed net student_top_inst/Core_cpu/cpu_core/mem2_align_inst/dff_inst/data_o_reg[6]_0_repN.  Did not re-place instance student_top_inst/Core_cpu/cpu_core/mem2_align_inst/dff_inst/flush_ifid_o_inst_i_3_replica
INFO: [Physopt 32-662] Processed net student_top_inst/Core_cpu/cpu_core/if_id_inst/inst_o_reg[18]_0.  Did not re-place instance student_top_inst/Core_cpu/cpu_core/if_id_inst/flush_ifid_o_inst_i_14
INFO: [Physopt 32-662] Processed net student_top_inst/Core_cpu/cpu_core/if_id_inst/flush_ifid_o_inst_i_28_n_0.  Did not re-place instance student_top_inst/Core_cpu/cpu_core/if_id_inst/flush_ifid_o_inst_i_28
INFO: [Physopt 32-662] Processed net student_top_inst/Core_cpu/cpu_core/if_id_inst/Q[0].  Did not re-place instance student_top_inst/Core_cpu/cpu_core/if_id_inst/inst_o_reg[15]
INFO: [Physopt 32-662] Processed net student_top_inst/Core_cpu/cpu_core/if_id_inst/inst_o_reg[18]_1.  Did not re-place instance student_top_inst/Core_cpu/cpu_core/if_id_inst/flush_ifid_o_inst_i_20
INFO: [Physopt 32-662] Processed net student_top_inst/Core_cpu/cpu_core/mem1_mem2_inst/dff_inst/data_o_reg[3]_0.  Did not re-place instance student_top_inst/Core_cpu/cpu_core/mem1_mem2_inst/dff_inst/flush_ifid_o_inst_i_19
INFO: [Physopt 32-662] Processed net student_top_inst/Core_cpu/cpu_core/if_id_inst/flush_ifid_o_inst_i_38_n_0.  Did not re-place instance student_top_inst/Core_cpu/cpu_core/if_id_inst/flush_ifid_o_inst_i_38
INFO: [Physopt 32-662] Processed net student_top_inst/Core_cpu/cpu_core/if_id_inst/flush_ifid_o_inst_i_50_n_0.  Did not re-place instance student_top_inst/Core_cpu/cpu_core/if_id_inst/flush_ifid_o_inst_i_50
INFO: [Physopt 32-662] Processed net student_top_inst/Core_cpu/cpu_core/if_id_inst/Q[9].  Did not re-place instance student_top_inst/Core_cpu/cpu_core/if_id_inst/inst_o_reg[24]
INFO: [Physopt 32-662] Processed net student_top_inst/Core_cpu/cpu_core/if_id_inst/data_o_reg[8].  Did not re-place instance student_top_inst/Core_cpu/cpu_core/if_id_inst/flush_ifid_o_inst_i_32
INFO: [Physopt 32-662] Processed net student_top_inst/Core_cpu/cpu_core/if_id_inst/flush_ifid_o_inst_i_47_n_0.  Did not re-place instance student_top_inst/Core_cpu/cpu_core/if_id_inst/flush_ifid_o_inst_i_47
INFO: [Physopt 32-662] Processed net student_top_inst/Core_cpu/cpu_core/branch_predictor_inst/bp_fetch_pc_r_reg[30][16].  Did not re-place instance student_top_inst/Core_cpu/cpu_core/branch_predictor_inst/hold_pred_target_reg[16]_i_1
INFO: [Physopt 32-662] Processed net student_top_inst/Core_cpu/cpu_core/id_ex_inst/mtvec_r_reg[31][16].  Did not re-place instance student_top_inst/Core_cpu/cpu_core/id_ex_inst/pc_o[16]_i_1
INFO: [Physopt 32-662] Processed net student_top_inst/Core_cpu/cpu_core/if_id_inst/pred_target_o_reg[16]_0.  Did not re-place instance student_top_inst/Core_cpu/cpu_core/if_id_inst/pc_o[16]_i_4
INFO: [Physopt 32-662] Processed net student_top_inst/Core_cpu/cpu_core/pc_reg_inst/Q[16].  Did not re-place instance student_top_inst/Core_cpu/cpu_core/pc_reg_inst/pc_o_reg[16]
INFO: [Physopt 32-662] Processed net student_top_inst/Core_cpu/cpu_core/branch_predictor_inst/bp_fetch_pc_r_reg[30][23].  Did not re-place instance student_top_inst/Core_cpu/cpu_core/branch_predictor_inst/hold_pred_target_reg[23]_i_1
INFO: [Physopt 32-662] Processed net student_top_inst/Core_cpu/cpu_core/id_ex_inst/mtvec_r_reg[31][23].  Did not re-place instance student_top_inst/Core_cpu/cpu_core/id_ex_inst/pc_o[23]_i_1
INFO: [Physopt 32-662] Processed net student_top_inst/Core_cpu/cpu_core/if_id_inst/pred_target_o_reg[23]_0.  Did not re-place instance student_top_inst/Core_cpu/cpu_core/if_id_inst/pc_o[23]_i_4
INFO: [Physopt 32-662] Processed net student_top_inst/Core_cpu/cpu_core/pc_reg_inst/Q[23].  Did not re-place instance student_top_inst/Core_cpu/cpu_core/pc_reg_inst/pc_o_reg[23]
INFO: [Physopt 32-662] Processed net student_top_inst/Core_cpu/cpu_core/branch_predictor_inst/bp_fetch_pc_r_reg[30][18].  Did not re-place instance student_top_inst/Core_cpu/cpu_core/branch_predictor_inst/hold_pred_target_reg[18]_i_1
INFO: [Physopt 32-662] Processed net student_top_inst/Core_cpu/cpu_core/id_ex_inst/mtvec_r_reg[31][18].  Did not re-place instance student_top_inst/Core_cpu/cpu_core/id_ex_inst/pc_o[18]_i_1
INFO: [Physopt 32-662] Processed net student_top_inst/Core_cpu/cpu_core/if_id_inst/b_imm_inst__26_n_0.  Did not re-place instance student_top_inst/Core_cpu/cpu_core/if_id_inst/b_imm_inst__26
INFO: [Physopt 32-662] Processed net student_top_inst/Core_cpu/cpu_core/if_id_inst/pred_target_o_reg[18]_0.  Did not re-place instance student_top_inst/Core_cpu/cpu_core/if_id_inst/pc_o[18]_i_4
INFO: [Physopt 32-662] Processed net student_top_inst/Core_cpu/cpu_core/pc_reg_inst/Q[18].  Did not re-place instance student_top_inst/Core_cpu/cpu_core/pc_reg_inst/pc_o_reg[18]
INFO: [Physopt 32-662] Processed net student_top_inst/Core_cpu/cpu_core/branch_predictor_inst/bp_fetch_pc_r_reg[30][27].  Did not re-place instance student_top_inst/Core_cpu/cpu_core/branch_predictor_inst/hold_pred_target_reg[27]_i_1
INFO: [Physopt 32-662] Processed net student_top_inst/Core_cpu/cpu_core/id_ex_inst/mtvec_r_reg[31][27].  Did not re-place instance student_top_inst/Core_cpu/cpu_core/id_ex_inst/pc_o[27]_i_1
INFO: [Physopt 32-662] Processed net student_top_inst/Core_cpu/cpu_core/if_id_inst/pred_target_o_reg[27]_0.  Did not re-place instance student_top_inst/Core_cpu/cpu_core/if_id_inst/pc_o[27]_i_4
INFO: [Physopt 32-662] Processed net student_top_inst/Core_cpu/cpu_core/pc_reg_inst/Q[27].  Did not re-place instance student_top_inst/Core_cpu/cpu_core/pc_reg_inst/pc_o_reg[27]
INFO: [Physopt 32-662] Processed net student_top_inst/Core_cpu/cpu_core/if_id_inst/b_imm_inst__28_n_0.  Did not re-place instance student_top_inst/Core_cpu/cpu_core/if_id_inst/b_imm_inst__28
INFO: [Physopt 32-662] Processed net student_top_inst/Core_cpu/cpu_core/branch_predictor_inst/bp_fetch_pc_r_reg[30][17].  Did not re-place instance student_top_inst/Core_cpu/cpu_core/branch_predictor_inst/hold_pred_target_reg[17]_i_1
INFO: [Physopt 32-662] Processed net student_top_inst/Core_cpu/cpu_core/id_ex_inst/mtvec_r_reg[31][17].  Did not re-place instance student_top_inst/Core_cpu/cpu_core/id_ex_inst/pc_o[17]_i_1
INFO: [Physopt 32-662] Processed net student_top_inst/Core_cpu/cpu_core/if_id_inst/pred_target_o_reg[17]_0.  Did not re-place instance student_top_inst/Core_cpu/cpu_core/if_id_inst/pc_o[17]_i_4
INFO: [Physopt 32-662] Processed net student_top_inst/Core_cpu/cpu_core/pc_reg_inst/Q[17].  Did not re-place instance student_top_inst/Core_cpu/cpu_core/pc_reg_inst/pc_o_reg[17]
INFO: [Physopt 32-662] Processed net student_top_inst/Core_cpu/cpu_core/branch_predictor_inst/bp_fetch_pc_r_reg[30][22].  Did not re-place instance student_top_inst/Core_cpu/cpu_core/branch_predictor_inst/hold_pred_target_reg[22]_i_1
INFO: [Physopt 32-662] Processed net student_top_inst/Core_cpu/cpu_core/id_ex_inst/mtvec_r_reg[31][22].  Did not re-place instance student_top_inst/Core_cpu/cpu_core/id_ex_inst/pc_o[22]_i_1
INFO: [Physopt 32-662] Processed net student_top_inst/Core_cpu/cpu_core/if_id_inst/pred_target_o_reg[22]_0.  Did not re-place instance student_top_inst/Core_cpu/cpu_core/if_id_inst/pc_o[22]_i_4
INFO: [Physopt 32-662] Processed net student_top_inst/Core_cpu/cpu_core/pc_reg_inst/Q[22].  Did not re-place instance student_top_inst/Core_cpu/cpu_core/pc_reg_inst/pc_o_reg[22]
INFO: [Physopt 32-662] Processed net student_top_inst/Core_cpu/cpu_core/if_id_inst/Q[5].  Did not re-place instance student_top_inst/Core_cpu/cpu_core/if_id_inst/inst_o_reg[20]
INFO: [Physopt 32-662] Processed net student_top_inst/Core_cpu/cpu_core/if_id_inst/flush_ifid_o_inst_i_2_n_0.  Did not re-place instance student_top_inst/Core_cpu/cpu_core/if_id_inst/flush_ifid_o_inst_i_2
INFO: [Physopt 32-662] Processed net student_top_inst/Core_cpu/cpu_core/if_id_inst/inst_o_reg[5]_rep__11.  Did not re-place instance student_top_inst/Core_cpu/cpu_core/if_id_inst/flush_ifid_o_inst_i_8
INFO: [Physopt 32-662] Processed net student_top_inst/Core_cpu/cpu_core/if_id_inst/flush_ifid_o_inst_i_21_n_0.  Did not re-place instance student_top_inst/Core_cpu/cpu_core/if_id_inst/flush_ifid_o_inst_i_21
INFO: [Physopt 32-662] Processed net student_top_inst/Core_cpu/cpu_core/if_id_inst/flush_ifid_o_inst_i_41_n_0.  Did not re-place instance student_top_inst/Core_cpu/cpu_core/if_id_inst/flush_ifid_o_inst_i_41
INFO: [Physopt 32-662] Processed net student_top_inst/Core_cpu/cpu_core/branch_predictor_inst/bp_fetch_pc_r_reg[30][19].  Did not re-place instance student_top_inst/Core_cpu/cpu_core/branch_predictor_inst/hold_pred_target_reg[19]_i_1
INFO: [Physopt 32-662] Processed net student_top_inst/Core_cpu/cpu_core/id_ex_inst/mtvec_r_reg[31][19].  Did not re-place instance student_top_inst/Core_cpu/cpu_core/id_ex_inst/pc_o[19]_i_1
INFO: [Physopt 32-662] Processed net student_top_inst/Core_cpu/cpu_core/if_id_inst/pred_target_o_reg[19]_0.  Did not re-place instance student_top_inst/Core_cpu/cpu_core/if_id_inst/pc_o[19]_i_4
INFO: [Physopt 32-662] Processed net student_top_inst/Core_cpu/cpu_core/pc_reg_inst/Q[19].  Did not re-place instance student_top_inst/Core_cpu/cpu_core/pc_reg_inst/pc_o_reg[19]
INFO: [Physopt 32-662] Processed net student_top_inst/Core_cpu/cpu_core/branch_predictor_inst/bp_fetch_pc_r_reg[30][24].  Did not re-place instance student_top_inst/Core_cpu/cpu_core/branch_predictor_inst/hold_pred_target_reg[24]_i_1
INFO: [Physopt 32-662] Processed net student_top_inst/Core_cpu/cpu_core/id_ex_inst/mtvec_r_reg[31][24].  Did not re-place instance student_top_inst/Core_cpu/cpu_core/id_ex_inst/pc_o[24]_i_1
INFO: [Physopt 32-662] Processed net student_top_inst/Core_cpu/cpu_core/if_id_inst/pred_target_o_reg[24]_0.  Did not re-place instance student_top_inst/Core_cpu/cpu_core/if_id_inst/pc_o[24]_i_4
INFO: [Physopt 32-662] Processed net student_top_inst/Core_cpu/cpu_core/pc_reg_inst/Q[24].  Did not re-place instance student_top_inst/Core_cpu/cpu_core/pc_reg_inst/pc_o_reg[24]
INFO: [Physopt 32-662] Processed net student_top_inst/Core_cpu/cpu_core/if_id_inst/if_id_inst_o[0].  Did not re-place instance student_top_inst/Core_cpu/cpu_core/if_id_inst/inst_o_reg[0]
INFO: [Physopt 32-662] Processed net student_top_inst/Core_cpu/cpu_core/branch_predictor_inst/bp_fetch_pc_r_reg[30][21].  Did not re-place instance student_top_inst/Core_cpu/cpu_core/branch_predictor_inst/hold_pred_target_reg[21]_i_1
INFO: [Physopt 32-662] Processed net student_top_inst/Core_cpu/cpu_core/id_ex_inst/mtvec_r_reg[31][21].  Did not re-place instance student_top_inst/Core_cpu/cpu_core/id_ex_inst/pc_o[21]_i_1
INFO: [Physopt 32-662] Processed net student_top_inst/Core_cpu/cpu_core/if_id_inst/pred_target_o_reg[21]_0.  Did not re-place instance student_top_inst/Core_cpu/cpu_core/if_id_inst/pc_o[21]_i_4
INFO: [Physopt 32-662] Processed net student_top_inst/Core_cpu/cpu_core/pc_reg_inst/Q[21].  Did not re-place instance student_top_inst/Core_cpu/cpu_core/pc_reg_inst/pc_o_reg[21]
INFO: [Physopt 32-662] Processed net student_top_inst/Core_cpu/cpu_core/branch_predictor_inst/bp_fetch_pc_r_reg[30][20].  Did not re-place instance student_top_inst/Core_cpu/cpu_core/branch_predictor_inst/hold_pred_target_reg[20]_i_1
INFO: [Physopt 32-662] Processed net student_top_inst/Core_cpu/cpu_core/id_ex_inst/mtvec_r_reg[31][20].  Did not re-place instance student_top_inst/Core_cpu/cpu_core/id_ex_inst/pc_o[20]_i_2
INFO: [Physopt 32-662] Processed net student_top_inst/Core_cpu/cpu_core/if_id_inst/pred_target_o_reg[20]_0.  Did not re-place instance student_top_inst/Core_cpu/cpu_core/if_id_inst/pc_o[20]_i_5
INFO: [Physopt 32-662] Processed net student_top_inst/Core_cpu/cpu_core/pc_reg_inst/Q[20].  Did not re-place instance student_top_inst/Core_cpu/cpu_core/pc_reg_inst/pc_o_reg[20]
INFO: [Physopt 32-662] Processed net student_top_inst/Core_cpu/cpu_core/branch_predictor_inst/bp_fetch_pc_r_reg[30][15].  Did not re-place instance student_top_inst/Core_cpu/cpu_core/branch_predictor_inst/hold_pred_target_reg[15]_i_1
INFO: [Physopt 32-662] Processed net student_top_inst/Core_cpu/cpu_core/id_ex_inst/mtvec_r_reg[31][15].  Did not re-place instance student_top_inst/Core_cpu/cpu_core/id_ex_inst/pc_o[15]_i_1
INFO: [Physopt 32-662] Processed net student_top_inst/Core_cpu/cpu_core/if_id_inst/pred_target_o_reg[15]_0.  Did not re-place instance student_top_inst/Core_cpu/cpu_core/if_id_inst/pc_o[15]_i_4
INFO: [Physopt 32-662] Processed net student_top_inst/Core_cpu/cpu_core/pc_reg_inst/Q[15].  Did not re-place instance student_top_inst/Core_cpu/cpu_core/pc_reg_inst/pc_o_reg[15]
INFO: [Physopt 32-663] Processed net student_top_inst/Core_cpu/cpu_core/mem1_mem2_inst/dff_inst/mem1_mem2_inst_o[0].  Re-placed instance student_top_inst/Core_cpu/cpu_core/mem1_mem2_inst/dff_inst/data_o_reg[0]
INFO: [Physopt 32-662] Processed net student_top_inst/Core_cpu/cpu_core/mem1_mem2_inst/dff_inst/data_o_reg[8]_0.  Did not re-place instance student_top_inst/Core_cpu/cpu_core/mem1_mem2_inst/dff_inst/flush_ifid_o_inst_i_40
INFO: [Physopt 32-662] Processed net student_top_inst/Core_cpu/cpu_core/mem1_mem2_inst/dff_inst/flush_ifid_o_inst_i_52_n_0.  Did not re-place instance student_top_inst/Core_cpu/cpu_core/mem1_mem2_inst/dff_inst/flush_ifid_o_inst_i_52
INFO: [Physopt 32-662] Processed net student_top_inst/Core_cpu/cpu_core/id_ex_inst/inst_o_reg[6]_rep__12_0.  Did not re-place instance student_top_inst/Core_cpu/cpu_core/id_ex_inst/flush_ifid_o_inst_i_17
INFO: [Physopt 32-662] Processed net student_top_inst/Core_cpu/cpu_core/if_id_inst/pc_jump_en_o.  Did not re-place instance student_top_inst/Core_cpu/cpu_core/if_id_inst/pc_o[31]_i_6
INFO: [Physopt 32-662] Processed net student_top_inst/Core_cpu/cpu_core/if_id_inst/data_o_reg[6]_0.  Did not re-place instance student_top_inst/Core_cpu/cpu_core/if_id_inst/flush_ifid_o_inst_i_1
INFO: [Physopt 32-662] Processed net student_top_inst/Core_cpu/cpu_core/if_id_inst/if_id_inst_o[2].  Did not re-place instance student_top_inst/Core_cpu/cpu_core/if_id_inst/inst_o_reg[2]
INFO: [Physopt 32-662] Processed net student_top_inst/Core_cpu/cpu_core/if_id_inst/flush_ifid_o_inst_i_30_n_0.  Did not re-place instance student_top_inst/Core_cpu/cpu_core/if_id_inst/flush_ifid_o_inst_i_30
INFO: [Physopt 32-662] Processed net student_top_inst/Core_cpu/cpu_core/if_id_inst/flush_ifid_o_inst_i_44_n_0.  Did not re-place instance student_top_inst/Core_cpu/cpu_core/if_id_inst/flush_ifid_o_inst_i_44
INFO: [Physopt 32-662] Processed net student_top_inst/Core_cpu/cpu_core/if_id_inst/flush_ifid_o_inst_i_53_n_0.  Did not re-place instance student_top_inst/Core_cpu/cpu_core/if_id_inst/flush_ifid_o_inst_i_53
INFO: [Physopt 32-662] Processed net student_top_inst/Core_cpu/cpu_core/if_id_inst/flush_ifid_o_inst_i_48_n_0.  Did not re-place instance student_top_inst/Core_cpu/cpu_core/if_id_inst/flush_ifid_o_inst_i_48
INFO: [Physopt 32-662] Processed net student_top_inst/Core_cpu/cpu_core/branch_predictor_inst/bp_fetch_pc_r_reg[30][13].  Did not re-place instance student_top_inst/Core_cpu/cpu_core/branch_predictor_inst/hold_pred_target_reg[13]_i_1
INFO: [Physopt 32-662] Processed net student_top_inst/Core_cpu/cpu_core/id_ex_inst/mtvec_r_reg[31][13].  Did not re-place instance student_top_inst/Core_cpu/cpu_core/id_ex_inst/pc_o[13]_i_1
INFO: [Physopt 32-662] Processed net student_top_inst/Core_cpu/cpu_core/if_id_inst/b_imm_inst__25_n_0.  Did not re-place instance student_top_inst/Core_cpu/cpu_core/if_id_inst/b_imm_inst__25
INFO: [Physopt 32-662] Processed net student_top_inst/Core_cpu/cpu_core/if_id_inst/pred_target_o_reg[13]_0.  Did not re-place instance student_top_inst/Core_cpu/cpu_core/if_id_inst/pc_o[13]_i_4
INFO: [Physopt 32-662] Processed net student_top_inst/Core_cpu/cpu_core/pc_reg_inst/Q[13].  Did not re-place instance student_top_inst/Core_cpu/cpu_core/pc_reg_inst/pc_o_reg[13]
INFO: [Physopt 32-662] Processed net student_top_inst/Core_cpu/cpu_core/if_id_inst/hold_pred_target_reg[3]_i_5_n_0.  Did not re-place instance student_top_inst/Core_cpu/cpu_core/if_id_inst/hold_pred_target_reg[3]_i_5
INFO: [Physopt 32-662] Processed net student_top_inst/Core_cpu/cpu_core/if_id_inst/if_id_inst_o[3].  Did not re-place instance student_top_inst/Core_cpu/cpu_core/if_id_inst/inst_o_reg[3]
INFO: [Physopt 32-662] Processed net student_top_inst/Core_cpu/cpu_core/if_id_inst/id_use_rs2_o.  Did not re-place instance student_top_inst/Core_cpu/cpu_core/if_id_inst/use_rs2_o_i_2
INFO: [Physopt 32-662] Processed net student_top_inst/Core_cpu/cpu_core/if_id_inst/j_imm_inst__9_n_0.  Did not re-place instance student_top_inst/Core_cpu/cpu_core/if_id_inst/j_imm_inst__9
INFO: [Physopt 32-662] Processed net student_top_inst/Core_cpu/cpu_core/if_id_inst/hold_pred_target_reg[3]_i_6_n_0.  Did not re-place instance student_top_inst/Core_cpu/cpu_core/if_id_inst/hold_pred_target_reg[3]_i_6
INFO: [Physopt 32-662] Processed net student_top_inst/Core_cpu/cpu_core/if_id_inst/j_imm_inst__16_n_0.  Did not re-place instance student_top_inst/Core_cpu/cpu_core/if_id_inst/j_imm_inst__16
INFO: [Physopt 32-662] Processed net student_top_inst/Core_cpu/cpu_core/if_id_inst/j_imm_inst__12_n_0.  Did not re-place instance student_top_inst/Core_cpu/cpu_core/if_id_inst/j_imm_inst__12
INFO: [Physopt 32-662] Processed net student_top_inst/Core_cpu/cpu_core/id_ex_inst/mtvec_r_reg[31][5].  Did not re-place instance student_top_inst/Core_cpu/cpu_core/id_ex_inst/pc_o[5]_i_1
INFO: [Physopt 32-662] Processed net student_top_inst/Core_cpu/cpu_core/if_id_inst/j_imm_inst__15_n_0.  Did not re-place instance student_top_inst/Core_cpu/cpu_core/if_id_inst/j_imm_inst__15
INFO: [Physopt 32-662] Processed net student_top_inst/Core_cpu/cpu_core/pc_reg_inst/Q[5].  Did not re-place instance student_top_inst/Core_cpu/cpu_core/pc_reg_inst/pc_o_reg[5]
INFO: [Physopt 32-662] Processed net student_top_inst/Core_cpu/cpu_core/if_id_inst/if_id_inst_o[13].  Did not re-place instance student_top_inst/Core_cpu/cpu_core/if_id_inst/inst_o_reg[13]
INFO: [Physopt 32-662] Processed net student_top_inst/Core_cpu/cpu_core/if_id_inst/if_id_inst_o[5].  Did not re-place instance student_top_inst/Core_cpu/cpu_core/if_id_inst/inst_o_reg[5]
INFO: [Physopt 32-662] Processed net student_top_inst/Core_cpu/cpu_core/if_id_inst/flush_ifid_o_inst_i_10_n_0.  Did not re-place instance student_top_inst/Core_cpu/cpu_core/if_id_inst/flush_ifid_o_inst_i_10
INFO: [Physopt 32-662] Processed net student_top_inst/Core_cpu/cpu_core/if_id_inst/flush_ifid_o_inst_i_22_n_0.  Did not re-place instance student_top_inst/Core_cpu/cpu_core/if_id_inst/flush_ifid_o_inst_i_22
INFO: [Physopt 32-662] Processed net student_top_inst/Core_cpu/cpu_core/if_id_inst/flush_ifid_o_inst_i_42_n_0.  Did not re-place instance student_top_inst/Core_cpu/cpu_core/if_id_inst/flush_ifid_o_inst_i_42
INFO: [Physopt 32-662] Processed net student_top_inst/Core_cpu/cpu_core/if_id_inst/hold_pred_target_reg[7]_i_7_n_0.  Did not re-place instance student_top_inst/Core_cpu/cpu_core/if_id_inst/hold_pred_target_reg[7]_i_7
INFO: [Physopt 32-662] Processed net student_top_inst/Core_cpu/cpu_core/mem1_mem2_inst/dff_inst/mem1_mem2_inst_o[2].  Did not re-place instance student_top_inst/Core_cpu/cpu_core/mem1_mem2_inst/dff_inst/data_o_reg[2]
INFO: [Physopt 32-662] Processed net student_top_inst/Core_cpu/cpu_core/if_id_inst/if_id_inst_o[4].  Did not re-place instance student_top_inst/Core_cpu/cpu_core/if_id_inst/inst_o_reg[4]
INFO: [Physopt 32-662] Processed net student_top_inst/Core_cpu/cpu_core/id_ex_inst/func3_r[2]_i_3_n_0.  Did not re-place instance student_top_inst/Core_cpu/cpu_core/id_ex_inst/func3_r[2]_i_3
INFO: [Physopt 32-662] Processed net student_top_inst/Core_cpu/cpu_core/id_ex_inst/inst_o_reg[3]_rep__4_n_0.  Did not re-place instance student_top_inst/Core_cpu/cpu_core/id_ex_inst/inst_o_reg[3]_rep__4
INFO: [Physopt 32-662] Processed net student_top_inst/Core_cpu/cpu_core/id_ex_inst/is_rv32m.  Did not re-place instance student_top_inst/Core_cpu/cpu_core/id_ex_inst/pc_o[13]_i_8
INFO: [Physopt 32-662] Processed net student_top_inst/Core_cpu/cpu_core/ex_inst/rv32m_iter_inst/jump_en_d1_reg_9.  Did not re-place instance student_top_inst/Core_cpu/cpu_core/ex_inst/rv32m_iter_inst/flush_ifid_o_inst_i_18
INFO: [Physopt 32-662] Processed net student_top_inst/Core_cpu/cpu_core/id_ex_inst/func3_r[2]_i_4_n_0.  Did not re-place instance student_top_inst/Core_cpu/cpu_core/id_ex_inst/func3_r[2]_i_4
INFO: [Physopt 32-662] Processed net student_top_inst/Core_cpu/cpu_core/if_id_inst/flush_ifid_o_inst_i_39_n_0.  Did not re-place instance student_top_inst/Core_cpu/cpu_core/if_id_inst/flush_ifid_o_inst_i_39
INFO: [Physopt 32-662] Processed net student_top_inst/Core_cpu/cpu_core/if_id_inst/flush_ifid_o_inst_i_51_n_0.  Did not re-place instance student_top_inst/Core_cpu/cpu_core/if_id_inst/flush_ifid_o_inst_i_51
INFO: [Physopt 32-662] Processed net student_top_inst/Core_cpu/cpu_core/if_id_inst/pred_target_o_reg[5]_0.  Did not re-place instance student_top_inst/Core_cpu/cpu_core/if_id_inst/pc_o[5]_i_4
INFO: [Physopt 32-662] Processed net student_top_inst/Core_cpu/cpu_core/if_id_inst/Q[1].  Did not re-place instance student_top_inst/Core_cpu/cpu_core/if_id_inst/inst_o_reg[16]
INFO: [Physopt 32-662] Processed net student_top_inst/Core_cpu/cpu_core/branch_predictor_inst/bp_fetch_pc_r_reg[30][11].  Did not re-place instance student_top_inst/Core_cpu/cpu_core/branch_predictor_inst/hold_pred_target_reg[11]_i_1
INFO: [Physopt 32-662] Processed net student_top_inst/Core_cpu/cpu_core/branch_predictor_inst/bp_fetch_pc_r_reg[30][14].  Did not re-place instance student_top_inst/Core_cpu/cpu_core/branch_predictor_inst/hold_pred_target_reg[14]_i_1
INFO: [Physopt 32-662] Processed net student_top_inst/Core_cpu/cpu_core/id_ex_inst/mtvec_r_reg[31][11].  Did not re-place instance student_top_inst/Core_cpu/cpu_core/id_ex_inst/pc_o[11]_i_1
INFO: [Physopt 32-662] Processed net student_top_inst/Core_cpu/cpu_core/id_ex_inst/mtvec_r_reg[31][14].  Did not re-place instance student_top_inst/Core_cpu/cpu_core/id_ex_inst/pc_o[14]_i_1
INFO: [Physopt 32-662] Processed net student_top_inst/Core_cpu/cpu_core/if_id_inst/pred_target_o_reg[11]_0.  Did not re-place instance student_top_inst/Core_cpu/cpu_core/if_id_inst/pc_o[11]_i_4
INFO: [Physopt 32-662] Processed net student_top_inst/Core_cpu/cpu_core/if_id_inst/pred_target_o_reg[14]_0.  Did not re-place instance student_top_inst/Core_cpu/cpu_core/if_id_inst/pc_o[14]_i_4
INFO: [Physopt 32-662] Processed net student_top_inst/Core_cpu/cpu_core/pc_reg_inst/Q[11].  Did not re-place instance student_top_inst/Core_cpu/cpu_core/pc_reg_inst/pc_o_reg[11]
INFO: [Physopt 32-662] Processed net student_top_inst/Core_cpu/cpu_core/pc_reg_inst/Q[14].  Did not re-place instance student_top_inst/Core_cpu/cpu_core/pc_reg_inst/pc_o_reg[14]
INFO: [Physopt 32-662] Processed net student_top_inst/Core_cpu/cpu_core/mem2_align_inst/dff_inst/data_o_reg[0]_rep__6.  Did not re-place instance student_top_inst/Core_cpu/cpu_core/mem2_align_inst/dff_inst/flush_ifid_o_inst_i_7
INFO: [Physopt 32-662] Processed net student_top_inst/Core_cpu/cpu_core/if_id_inst/hold_pred_target_reg[18].  Did not re-place instance student_top_inst/Core_cpu/cpu_core/if_id_inst/hold_pred_target_reg_reg[18]
INFO: [Physopt 32-662] Processed net student_top_inst/Core_cpu/cpu_core/id_ex_inst/forwarding_inst/in020_out.  Did not re-place instance student_top_inst/Core_cpu/cpu_core/id_ex_inst/rs1_match_ex_mem_inst_i_4
INFO: [Physopt 32-662] Processed net student_top_inst/Core_cpu/cpu_core/id_ex_inst/data_o[0]_i_94_n_0.  Did not re-place instance student_top_inst/Core_cpu/cpu_core/id_ex_inst/data_o[0]_i_94
INFO: [Physopt 32-662] Processed net student_top_inst/Core_cpu/cpu_core/id_ex_inst/data_o_reg[7].  Did not re-place instance student_top_inst/Core_cpu/cpu_core/id_ex_inst/data_o[7]_i_29
INFO: [Physopt 32-662] Processed net student_top_inst/Core_cpu/cpu_core/ex_mem_inst/dff_rd_addr/ex_mem_pipe_rd_addr_o[4].  Did not re-place instance student_top_inst/Core_cpu/cpu_core/ex_mem_inst/dff_rd_addr/data_o_reg[4]
INFO: [Physopt 32-662] Processed net student_top_inst/Core_cpu/cpu_core/id_ex_inst/data_o[0]_i_36_n_0.  Did not re-place instance student_top_inst/Core_cpu/cpu_core/id_ex_inst/data_o[0]_i_36
INFO: [Physopt 32-662] Processed net student_top_inst/Core_cpu/cpu_core/id_ex_inst/rs1_match_ex_mem_inst_rep__33_i_1_n_0.  Did not re-place instance student_top_inst/Core_cpu/cpu_core/id_ex_inst/rs1_match_ex_mem_inst_rep__33_i_1
INFO: [Physopt 32-662] Processed net student_top_inst/Core_cpu/cpu_core/id_ex_inst/data_o[0]_i_62_n_0.  Did not re-place instance student_top_inst/Core_cpu/cpu_core/id_ex_inst/data_o[0]_i_62
INFO: [Physopt 32-662] Processed net student_top_inst/Core_cpu/cpu_core/mem1_mem2_inst/dff_inst/mem1_mem2_inst_o[1].  Did not re-place instance student_top_inst/Core_cpu/cpu_core/mem1_mem2_inst/dff_inst/data_o_reg[1]
INFO: [Physopt 32-662] Processed net student_top_inst/Core_cpu/cpu_core/ex_inst/rv32m_iter_inst/done_r_reg_rep__33_0.  Did not re-place instance student_top_inst/Core_cpu/cpu_core/ex_inst/rv32m_iter_inst/data_o[0]_i_1__5
INFO: [Physopt 32-662] Processed net student_top_inst/Core_cpu/cpu_core/id_ex_inst/data_o[0]_i_5_n_0.  Did not re-place instance student_top_inst/Core_cpu/cpu_core/id_ex_inst/data_o[0]_i_5
INFO: [Physopt 32-662] Processed net student_top_inst/Core_cpu/cpu_core/id_ex_inst/ex_inst/op1_i_shift_right_op2_i[0].  Did not re-place instance student_top_inst/Core_cpu/cpu_core/id_ex_inst/data_o[0]_i_15
INFO: [Physopt 32-662] Processed net student_top_inst/Core_cpu/cpu_core/id_ex_inst/inst_o_reg[14]_rep__9_0.  Did not re-place instance student_top_inst/Core_cpu/cpu_core/id_ex_inst/data_o[0]_i_2
INFO: [Physopt 32-662] Processed net student_top_inst/Core_cpu/cpu_core/id_ex_inst/rs1_match_ex_mem_inst_i_6_n_0.  Did not re-place instance student_top_inst/Core_cpu/cpu_core/id_ex_inst/rs1_match_ex_mem_inst_i_6
INFO: [Physopt 32-662] Processed net student_top_inst/Core_cpu/cpu_core/ex_mem_inst/dff_rd_data/data_o_reg[0]_5.  Did not re-place instance student_top_inst/Core_cpu/cpu_core/ex_mem_inst/dff_rd_data/data_o_reg[0]
INFO: [Physopt 32-662] Processed net student_top_inst/Core_cpu/cpu_core/branch_predictor_inst/bp_fetch_pc_r_reg[30][9].  Did not re-place instance student_top_inst/Core_cpu/cpu_core/branch_predictor_inst/hold_pred_target_reg[9]_i_1
INFO: [Physopt 32-662] Processed net student_top_inst/Core_cpu/cpu_core/id_ex_inst/mtvec_r_reg[31][9].  Did not re-place instance student_top_inst/Core_cpu/cpu_core/id_ex_inst/pc_o[9]_i_1
INFO: [Physopt 32-662] Processed net student_top_inst/Core_cpu/cpu_core/if_id_inst/pred_target_o_reg[9]_0.  Did not re-place instance student_top_inst/Core_cpu/cpu_core/if_id_inst/pc_o[9]_i_4
INFO: [Physopt 32-662] Processed net student_top_inst/Core_cpu/cpu_core/pc_reg_inst/Q[9].  Did not re-place instance student_top_inst/Core_cpu/cpu_core/pc_reg_inst/pc_o_reg[9]
INFO: [Physopt 32-662] Processed net student_top_inst/Core_cpu/cpu_core/ex_mem_inst/dff_rd_addr/rs2_alu_match_ex_mem_inst_i_2_n_0.  Did not re-place instance student_top_inst/Core_cpu/cpu_core/ex_mem_inst/dff_rd_addr/rs2_alu_match_ex_mem_inst_i_2
INFO: [Physopt 32-662] Processed net student_top_inst/Core_cpu/cpu_core/ex_mem_inst/dff_rd_addr/rs2_alu_match_ex_mem_inst_rep__10_i_1_n_0.  Did not re-place instance student_top_inst/Core_cpu/cpu_core/ex_mem_inst/dff_rd_addr/rs2_alu_match_ex_mem_inst_rep__10_i_1
INFO: [Physopt 32-662] Processed net student_top_inst/Core_cpu/cpu_core/ex_mem_inst/dff_rd_data/alu_op2_inst_rep__98_i_1_n_0.  Did not re-place instance student_top_inst/Core_cpu/cpu_core/ex_mem_inst/dff_rd_data/alu_op2_inst_rep__98_i_1
INFO: [Physopt 32-662] Processed net student_top_inst/Core_cpu/cpu_core/ex_mem_inst/dff_rd_addr/ex_mem_pipe_rd_addr_o[3].  Did not re-place instance student_top_inst/Core_cpu/cpu_core/ex_mem_inst/dff_rd_addr/data_o_reg[3]
INFO: [Physopt 32-662] Processed net student_top_inst/Core_cpu/cpu_core/ex_mem_inst/dff_rd_addr/rs2_alu_match_ex_mem_inst_i_4_n_0.  Did not re-place instance student_top_inst/Core_cpu/cpu_core/ex_mem_inst/dff_rd_addr/rs2_alu_match_ex_mem_inst_i_4
INFO: [Physopt 32-662] Processed net student_top_inst/Core_cpu/cpu_core/if_id_inst/j_imm_inst__7_n_0.  Did not re-place instance student_top_inst/Core_cpu/cpu_core/if_id_inst/j_imm_inst__7
INFO: [Physopt 32-662] Processed net student_top_inst/Core_cpu/cpu_core/id_ex_inst/forwarding_inst/in04.  Did not re-place instance student_top_inst/Core_cpu/cpu_core/id_ex_inst/rs1_match_ex_mem_inst_i_2
INFO: [Physopt 32-662] Processed net student_top_inst/Core_cpu/cpu_core/id_ex_inst/rs1_match_ex_mem_inst_rep__6_i_1_n_0.  Did not re-place instance student_top_inst/Core_cpu/cpu_core/id_ex_inst/rs1_match_ex_mem_inst_rep__6_i_1
INFO: [Physopt 32-662] Processed net student_top_inst/Core_cpu/cpu_core/id_ex_inst/rs1_addr_o_reg[4]_0[4].  Did not re-place instance student_top_inst/Core_cpu/cpu_core/id_ex_inst/rs1_addr_o_reg[4]
INFO: [Physopt 32-662] Processed net student_top_inst/Core_cpu/cpu_core/id_ex_inst/data_o_reg[27].  Did not re-place instance student_top_inst/Core_cpu/cpu_core/id_ex_inst/data_o[27]_i_29
INFO: [Physopt 32-662] Processed net student_top_inst/Core_cpu/cpu_core/id_ex_inst/data_o[0]_i_95_n_0.  Did not re-place instance student_top_inst/Core_cpu/cpu_core/id_ex_inst/data_o[0]_i_95
INFO: [Physopt 32-662] Processed net student_top_inst/Core_cpu/cpu_core/ex_mem_inst/dff_inst/flush_ifid_o_inst_i_49_n_0.  Did not re-place instance student_top_inst/Core_cpu/cpu_core/ex_mem_inst/dff_inst/flush_ifid_o_inst_i_49
INFO: [Physopt 32-662] Processed net student_top_inst/Core_cpu/cpu_core/branch_predictor_inst/bp_fetch_pc_r_reg[30][12].  Did not re-place instance student_top_inst/Core_cpu/cpu_core/branch_predictor_inst/hold_pred_target_reg[12]_i_1
INFO: [Physopt 32-662] Processed net student_top_inst/Core_cpu/cpu_core/id_ex_inst/mtvec_r_reg[31][12].  Did not re-place instance student_top_inst/Core_cpu/cpu_core/id_ex_inst/pc_o[12]_i_2
INFO: [Physopt 32-662] Processed net student_top_inst/Core_cpu/cpu_core/if_id_inst/hold_pred_target_reg[7]_i_5_n_0.  Did not re-place instance student_top_inst/Core_cpu/cpu_core/if_id_inst/hold_pred_target_reg[7]_i_5
INFO: [Physopt 32-662] Processed net student_top_inst/Core_cpu/cpu_core/if_id_inst/pred_target_o_reg[12]_0.  Did not re-place instance student_top_inst/Core_cpu/cpu_core/if_id_inst/pc_o[12]_i_5
INFO: [Physopt 32-662] Processed net student_top_inst/Core_cpu/cpu_core/pc_reg_inst/Q[12].  Did not re-place instance student_top_inst/Core_cpu/cpu_core/pc_reg_inst/pc_o_reg[12]
INFO: [Physopt 32-662] Processed net student_top_inst/Core_cpu/cpu_core/if_id_inst/flush_ifid_o_inst_i_5_n_0.  Did not re-place instance student_top_inst/Core_cpu/cpu_core/if_id_inst/flush_ifid_o_inst_i_5
INFO: [Physopt 32-663] Processed net student_top_inst/Core_cpu/cpu_core/if_id_inst/flush_ifid_o_inst_i_26_n_0.  Re-placed instance student_top_inst/Core_cpu/cpu_core/if_id_inst/flush_ifid_o_inst_i_26
INFO: [Physopt 32-662] Processed net student_top_inst/Core_cpu/cpu_core/if_id_inst/hold_pred_target_reg[7]_i_6_n_0.  Did not re-place instance student_top_inst/Core_cpu/cpu_core/if_id_inst/hold_pred_target_reg[7]_i_6
INFO: [Physopt 32-662] Processed net student_top_inst/Core_cpu/cpu_core/mem1_mem2_inst/dff_inst/mem1_mem2_inst_o[5].  Did not re-place instance student_top_inst/Core_cpu/cpu_core/mem1_mem2_inst/dff_inst/data_o_reg[5]
INFO: [Physopt 32-662] Processed net student_top_inst/Core_cpu/cpu_core/if_id_inst/hold_pred_target_reg[28].  Did not re-place instance student_top_inst/Core_cpu/cpu_core/if_id_inst/hold_pred_target_reg_reg[28]
INFO: [Physopt 32-662] Processed net student_top_inst/Core_cpu/cpu_core/if_id_inst/hold_pred_target_reg[29].  Did not re-place instance student_top_inst/Core_cpu/cpu_core/if_id_inst/hold_pred_target_reg_reg[29]
INFO: [Physopt 32-662] Processed net student_top_inst/Core_cpu/cpu_core/if_id_inst/if_id_inst_o[12].  Did not re-place instance student_top_inst/Core_cpu/cpu_core/if_id_inst/inst_o_reg[12]
INFO: [Physopt 32-662] Processed net student_top_inst/Core_cpu/cpu_core/ex_mem_inst/dff_rd_addr/rs2_alu_match_ex_mem_inst_rep__33_i_1_n_0.  Did not re-place instance student_top_inst/Core_cpu/cpu_core/ex_mem_inst/dff_rd_addr/rs2_alu_match_ex_mem_inst_rep__33_i_1
INFO: [Physopt 32-662] Processed net student_top_inst/Core_cpu/cpu_core/id_ex_inst/rs1_match_ex_mem_inst_i_1_n_0.  Did not re-place instance student_top_inst/Core_cpu/cpu_core/id_ex_inst/rs1_match_ex_mem_inst_i_1
INFO: [Physopt 32-662] Processed net student_top_inst/Core_cpu/cpu_core/ex_mem_inst/dff_rd_data/alu_op2_inst_rep__26_i_1_n_0.  Did not re-place instance student_top_inst/Core_cpu/cpu_core/ex_mem_inst/dff_rd_data/alu_op2_inst_rep__26_i_1
INFO: [Physopt 32-662] Processed net student_top_inst/Core_cpu/cpu_core/id_ex_inst/data_o_reg[31]_4.  Did not re-place instance student_top_inst/Core_cpu/cpu_core/id_ex_inst/data_o[31]_i_41
INFO: [Physopt 32-662] Processed net student_top_inst/Core_cpu/cpu_core/ex_inst/rv32m_iter_inst/done_r_reg_rep__21_2.  Did not re-place instance student_top_inst/Core_cpu/cpu_core/ex_inst/rv32m_iter_inst/data_o[25]_i_1__2
INFO: [Physopt 32-662] Processed net student_top_inst/Core_cpu/cpu_core/id_ex_inst/data_o[0]_i_58_n_0.  Did not re-place instance student_top_inst/Core_cpu/cpu_core/id_ex_inst/data_o[0]_i_58
INFO: [Physopt 32-662] Processed net student_top_inst/Core_cpu/cpu_core/id_ex_inst/data_o[25]_i_4__0_n_0.  Did not re-place instance student_top_inst/Core_cpu/cpu_core/id_ex_inst/data_o[25]_i_4__0
INFO: [Physopt 32-662] Processed net student_top_inst/Core_cpu/cpu_core/id_ex_inst/data_o[25]_i_8_n_0.  Did not re-place instance student_top_inst/Core_cpu/cpu_core/id_ex_inst/data_o[25]_i_8
INFO: [Physopt 32-662] Processed net student_top_inst/Core_cpu/cpu_core/id_ex_inst/done_r_reg_rep__20.  Did not re-place instance student_top_inst/Core_cpu/cpu_core/id_ex_inst/data_o[25]_i_3__0
INFO: [Physopt 32-662] Processed net student_top_inst/Core_cpu/cpu_core/ex_mem_inst/dff_rd_data/data_o_reg[25]_0.  Did not re-place instance student_top_inst/Core_cpu/cpu_core/ex_mem_inst/dff_rd_data/data_o_reg[25]
INFO: [Physopt 32-662] Processed net student_top_inst/Core_cpu/cpu_core/id_ex_inst/rs1_addr_o_reg[4]_0[1].  Did not re-place instance student_top_inst/Core_cpu/cpu_core/id_ex_inst/rs1_addr_o_reg[1]
INFO: [Physopt 32-662] Processed net student_top_inst/Core_cpu/cpu_core/id_ex_inst/inst_o_reg[27]_0[0].  Did not re-place instance student_top_inst/Core_cpu/cpu_core/id_ex_inst/inst_o_reg[0]
INFO: [Physopt 32-663] Processed net student_top_inst/Core_cpu/cpu_core/ex_mem_inst/dff_rd_data/alu_op2_inst_rep__100_i_1_n_0.  Re-placed instance student_top_inst/Core_cpu/cpu_core/ex_mem_inst/dff_rd_data/alu_op2_inst_rep__100_i_1
INFO: [Physopt 32-662] Processed net student_top_inst/Core_cpu/cpu_core/ex_mem_inst/dff_rd_addr/rs2_alu_match_ex_mem_inst_rep__9_i_1_n_0.  Did not re-place instance student_top_inst/Core_cpu/cpu_core/ex_mem_inst/dff_rd_addr/rs2_alu_match_ex_mem_inst_rep__9_i_1
INFO: [Physopt 32-662] Processed net student_top_inst/Core_cpu/cpu_core/id_ex_inst/inst_o_reg[0]_0.  Did not re-place instance student_top_inst/Core_cpu/cpu_core/id_ex_inst/flush_ifid_o_inst_i_24
INFO: [Physopt 32-662] Processed net student_top_inst/Core_cpu/cpu_core/ex_inst/rv32m_iter_inst/done_r_reg_rep__20_2.  Did not re-place instance student_top_inst/Core_cpu/cpu_core/ex_inst/rv32m_iter_inst/data_o[27]_i_1__2
INFO: [Physopt 32-662] Processed net student_top_inst/Core_cpu/cpu_core/ex_mem_inst/dff_rd_data/data_o_reg[7]_0[0].  Did not re-place instance student_top_inst/Core_cpu/cpu_core/ex_mem_inst/dff_rd_data/data_o[7]_i_24
INFO: [Physopt 32-662] Processed net student_top_inst/Core_cpu/cpu_core/id_ex_inst/data_o[27]_i_3__1_n_0.  Did not re-place instance student_top_inst/Core_cpu/cpu_core/id_ex_inst/data_o[27]_i_3__1
INFO: [Physopt 32-662] Processed net student_top_inst/Core_cpu/cpu_core/id_ex_inst/data_o[27]_i_7_n_0.  Did not re-place instance student_top_inst/Core_cpu/cpu_core/id_ex_inst/data_o[27]_i_7
INFO: [Physopt 32-662] Processed net student_top_inst/Core_cpu/cpu_core/id_ex_inst/done_r_reg_rep__19.  Did not re-place instance student_top_inst/Core_cpu/cpu_core/id_ex_inst/data_o[27]_i_2
INFO: [Physopt 32-662] Processed net student_top_inst/Core_cpu/cpu_core/ex_mem_inst/dff_rd_data/data_o_reg[27]_1.  Did not re-place instance student_top_inst/Core_cpu/cpu_core/ex_mem_inst/dff_rd_data/data_o_reg[27]
INFO: [Physopt 32-662] Processed net student_top_inst/Core_cpu/cpu_core/if_id_inst/hold_pred_target_reg[22].  Did not re-place instance student_top_inst/Core_cpu/cpu_core/if_id_inst/hold_pred_target_reg_reg[22]
INFO: [Physopt 32-662] Processed net student_top_inst/Core_cpu/cpu_core/mem1_mem2_inst/dff_inst/mem1_mem2_inst_o[8].  Did not re-place instance student_top_inst/Core_cpu/cpu_core/mem1_mem2_inst/dff_inst/data_o_reg[8]
INFO: [Physopt 32-662] Processed net student_top_inst/Core_cpu/cpu_core/branch_predictor_inst/bp_fetch_pc_r_reg[30][10].  Did not re-place instance student_top_inst/Core_cpu/cpu_core/branch_predictor_inst/hold_pred_target_reg[10]_i_1
INFO: [Physopt 32-662] Processed net student_top_inst/Core_cpu/cpu_core/id_ex_inst/mtvec_r_reg[31][10].  Did not re-place instance student_top_inst/Core_cpu/cpu_core/id_ex_inst/pc_o[10]_i_1
INFO: [Physopt 32-662] Processed net student_top_inst/Core_cpu/cpu_core/if_id_inst/pred_target_o_reg[10]_0.  Did not re-place instance student_top_inst/Core_cpu/cpu_core/if_id_inst/pc_o[10]_i_4
INFO: [Physopt 32-662] Processed net student_top_inst/Core_cpu/cpu_core/pc_reg_inst/Q[10].  Did not re-place instance student_top_inst/Core_cpu/cpu_core/pc_reg_inst/pc_o_reg[10]
INFO: [Physopt 32-662] Processed net student_top_inst/Core_cpu/cpu_core/id_ex_inst/inst_o_reg[6]_rep__1_n_0.  Did not re-place instance student_top_inst/Core_cpu/cpu_core/id_ex_inst/inst_o_reg[6]_rep__1
INFO: [Physopt 32-662] Processed net student_top_inst/Core_cpu/cpu_core/id_ex_inst/id_ex_is_branch_w.  Did not re-place instance student_top_inst/Core_cpu/cpu_core/id_ex_inst/rs1_match_ex_mem_inst_i_3
INFO: [Physopt 32-662] Processed net student_top_inst/Core_cpu/cpu_core/if_id_inst/inst_o_reg[13]_3.  Did not re-place instance student_top_inst/Core_cpu/cpu_core/if_id_inst/inst_o[13]_rep__12_i_2
INFO: [Physopt 32-663] Processed net student_top_inst/Core_cpu/cpu_core/if_id_inst/inst_o[14]_i_2_n_0.  Re-placed instance student_top_inst/Core_cpu/cpu_core/if_id_inst/inst_o[14]_i_2
INFO: [Physopt 32-662] Processed net student_top_inst/Core_cpu/cpu_core/id_ex_inst/inst_o_reg[27]_0[2].  Did not re-place instance student_top_inst/Core_cpu/cpu_core/id_ex_inst/inst_o_reg[2]
INFO: [Physopt 32-662] Processed net student_top_inst/Core_cpu/cpu_core/id_ex_inst/inst_o_reg[13]_rep__16_n_0.  Did not re-place instance student_top_inst/Core_cpu/cpu_core/id_ex_inst/inst_o_reg[13]_rep__16
INFO: [Physopt 32-662] Processed net student_top_inst/Core_cpu/cpu_core/if_id_inst/inst_o[31]_i_4_n_0.  Did not re-place instance student_top_inst/Core_cpu/cpu_core/if_id_inst/inst_o[31]_i_4
INFO: [Physopt 32-662] Processed net student_top_inst/Core_cpu/cpu_core/if_id_inst/hdu_flush_flag_o.  Did not re-place instance student_top_inst/Core_cpu/cpu_core/if_id_inst/inst_o[31]_i_5
INFO: [Physopt 32-663] Processed net student_top_inst/Core_cpu/cpu_core/if_id_inst/inst_next[11].  Re-placed instance student_top_inst/Core_cpu/cpu_core/if_id_inst/inst_o[11]_i_1__0
INFO: [Physopt 32-663] Processed net student_top_inst/Core_cpu/cpu_core/id_ex_inst/inst_o_reg[14]_rep__11_0[9].  Re-placed instance student_top_inst/Core_cpu/cpu_core/id_ex_inst/inst_o_reg[11]_rep
INFO: [Physopt 32-662] Processed net student_top_inst/Core_cpu/cpu_core/branch_predictor_inst/bp_fetch_pc_r_reg[30][7].  Did not re-place instance student_top_inst/Core_cpu/cpu_core/branch_predictor_inst/hold_pred_target_reg[7]_i_1
INFO: [Physopt 32-662] Processed net student_top_inst/Core_cpu/cpu_core/id_ex_inst/mtvec_r_reg[31][7].  Did not re-place instance student_top_inst/Core_cpu/cpu_core/id_ex_inst/pc_o[7]_i_1
INFO: [Physopt 32-663] Processed net student_top_inst/Core_cpu/cpu_core/if_id_inst/pred_target_o_reg[7]_0.  Re-placed instance student_top_inst/Core_cpu/cpu_core/if_id_inst/pc_o[7]_i_4
INFO: [Physopt 32-662] Processed net student_top_inst/Core_cpu/cpu_core/pc_reg_inst/Q[7].  Did not re-place instance student_top_inst/Core_cpu/cpu_core/pc_reg_inst/pc_o_reg[7]
INFO: [Physopt 32-663] Processed net student_top_inst/Core_cpu/cpu_core/id_ex_inst/data_o[22]_i_20_n_0.  Re-placed instance student_top_inst/Core_cpu/cpu_core/id_ex_inst/data_o[22]_i_20
INFO: [Physopt 32-662] Processed net student_top_inst/Core_cpu/cpu_core/id_ex_inst/rs1_match_ex_mem_inst_rep__21_i_1_n_0.  Did not re-place instance student_top_inst/Core_cpu/cpu_core/id_ex_inst/rs1_match_ex_mem_inst_rep__21_i_1
INFO: [Physopt 32-662] Processed net student_top_inst/Core_cpu/cpu_core/id_ex_inst/data_o_reg[30]_2.  Did not re-place instance student_top_inst/Core_cpu/cpu_core/id_ex_inst/data_o[30]_i_18
INFO: [Physopt 32-662] Processed net student_top_inst/Core_cpu/cpu_core/id_ex_inst/data_o[0]_i_65_n_0.  Did not re-place instance student_top_inst/Core_cpu/cpu_core/id_ex_inst/data_o[0]_i_65
INFO: [Physopt 32-662] Processed net student_top_inst/Core_cpu/cpu_core/id_ex_inst/data_o[0]_i_98_n_0.  Did not re-place instance student_top_inst/Core_cpu/cpu_core/id_ex_inst/data_o[0]_i_98
INFO: [Physopt 32-662] Processed net student_top_inst/Core_cpu/cpu_core/id_ex_inst/rs1_match_ex_mem_inst_rep__1_i_1_n_0.  Did not re-place instance student_top_inst/Core_cpu/cpu_core/id_ex_inst/rs1_match_ex_mem_inst_rep__1_i_1
INFO: [Physopt 32-663] Processed net student_top_inst/Core_cpu/cpu_core/ex_inst/rv32m_iter_inst/done_r_reg_rep__33_2.  Re-placed instance student_top_inst/Core_cpu/cpu_core/ex_inst/rv32m_iter_inst/data_o[1]_i_1__4
INFO: [Physopt 32-662] Processed net student_top_inst/Core_cpu/cpu_core/id_ex_inst/data_o[1]_i_10_n_0.  Did not re-place instance student_top_inst/Core_cpu/cpu_core/id_ex_inst/data_o[1]_i_10
INFO: [Physopt 32-662] Processed net student_top_inst/Core_cpu/cpu_core/id_ex_inst/data_o[1]_i_4_n_0.  Did not re-place instance student_top_inst/Core_cpu/cpu_core/id_ex_inst/data_o[1]_i_4
INFO: [Physopt 32-661] Optimized 9 nets.  Re-placed 9 instances.
INFO: [Physopt 32-775] End 1 Pass. Optimized 9 nets or cells. Created 0 new cell, deleted 0 existing cell and moved 9 existing cells
INFO: [Physopt 32-619] Estimated Timing Summary | WNS=-0.029 | TNS=-0.029 |
Netlist sorting complete. Time (s): cpu = 00:00:00 ; elapsed = 00:00:00.007 . Memory (MB): peak = 2394.578 ; gain = 0.000
Phase 15 Single Cell Placement Optimization | Checksum: 15d6d8452

Time (s): cpu = 00:00:30 ; elapsed = 00:00:45 . Memory (MB): peak = 2394.578 ; gain = 127.938

Phase 16 Multi Cell Placement Optimization
INFO: [Physopt 32-660] Identified 100 candidate nets for placement-based optimization.
INFO: [Physopt 32-662] Processed net student_top_inst/Core_cpu/cpu_core/branch_predictor_inst/bp_fetch_pc_r_reg[30][28].  Did not re-place instance student_top_inst/Core_cpu/cpu_core/branch_predictor_inst/hold_pred_target_reg[28]_i_1/O
INFO: [Physopt 32-662] Processed net student_top_inst/Core_cpu/cpu_core/id_ex_inst/mtvec_r_reg[31][28].  Did not re-place instance student_top_inst/Core_cpu/cpu_core/id_ex_inst/pc_o[28]_i_2/O
INFO: [Physopt 32-662] Processed net student_top_inst/Core_cpu/cpu_core/if_id_inst/pred_target_o_reg[28]_0.  Did not re-place instance student_top_inst/Core_cpu/cpu_core/if_id_inst/pc_o[28]_i_5/O
INFO: [Physopt 32-661] Optimized 0 net.  Re-placed 0 instance.
INFO: [Physopt 32-775] End 1 Pass. Optimized 0 net or cell. Created 0 new cell, deleted 0 existing cell and moved 0 existing cell
Netlist sorting complete. Time (s): cpu = 00:00:00 ; elapsed = 00:00:00.003 . Memory (MB): peak = 2394.594 ; gain = 0.000
Phase 16 Multi Cell Placement Optimization | Checksum: 15d6d8452

Time (s): cpu = 00:00:30 ; elapsed = 00:00:46 . Memory (MB): peak = 2394.594 ; gain = 127.953

Phase 17 Rewire
INFO: [Physopt 32-246] Starting Signal Push optimization...
INFO: [Physopt 32-241] No nets found for rewiring () optimization.
INFO: [Physopt 32-232] Optimized 0 net. Created 0 new instance.
INFO: [Physopt 32-775] End 1 Pass. Optimized 0 net or cell. Created 0 new cell, deleted 0 existing cell and moved 0 existing cell
Netlist sorting complete. Time (s): cpu = 00:00:00 ; elapsed = 00:00:00.002 . Memory (MB): peak = 2394.594 ; gain = 0.000
Phase 17 Rewire | Checksum: 15d6d8452

Time (s): cpu = 00:00:30 ; elapsed = 00:00:46 . Memory (MB): peak = 2394.594 ; gain = 127.953

Phase 18 Critical Cell Optimization
INFO: [Physopt 32-46] Identified 2 candidate nets for critical-cell optimization.
INFO: [Physopt 32-571] Net student_top_inst/Core_cpu/cpu_core/if_id_inst/inst_o_reg[18]_1 was not replicated.
INFO: [Physopt 32-232] Optimized 0 net. Created 0 new instance.
INFO: [Physopt 32-775] End 1 Pass. Optimized 0 net or cell. Created 0 new cell, deleted 0 existing cell and moved 0 existing cell
Phase 18 Critical Cell Optimization | Checksum: 15d6d8452

Time (s): cpu = 00:00:30 ; elapsed = 00:00:46 . Memory (MB): peak = 2394.594 ; gain = 127.953

Phase 19 DSP Register Optimization
INFO: [Physopt 32-456] No candidate cells for DSP register optimization found in the design.
INFO: [Physopt 32-775] End 1 Pass. Optimized 0 net or cell. Created 0 new cell, deleted 0 existing cell and moved 0 existing cell
Phase 19 DSP Register Optimization | Checksum: 15d6d8452

Time (s): cpu = 00:00:30 ; elapsed = 00:00:46 . Memory (MB): peak = 2394.594 ; gain = 127.953

Phase 20 BRAM Register Optimization
INFO: [Physopt 32-526] No candidate cells for BRAM register optimization found in the design
INFO: [Physopt 32-775] End 1 Pass. Optimized 0 net or cell. Created 0 new cell, deleted 0 existing cell and moved 0 existing cell
Phase 20 BRAM Register Optimization | Checksum: 15d6d8452

Time (s): cpu = 00:00:30 ; elapsed = 00:00:46 . Memory (MB): peak = 2394.594 ; gain = 127.953

Phase 21 URAM Register Optimization
INFO: [Physopt 32-846] No candidate cells for URAM register optimization found in the design
INFO: [Physopt 32-775] End 1 Pass. Optimized 0 net or cell. Created 0 new cell, deleted 0 existing cell and moved 0 existing cell
INFO: [Physopt 32-846] No candidate cells for URAM register optimization found in the design
INFO: [Physopt 32-775] End 1 Pass. Optimized 0 net or cell. Created 0 new cell, deleted 0 existing cell and moved 0 existing cell
Phase 21 URAM Register Optimization | Checksum: 15d6d8452

Time (s): cpu = 00:00:30 ; elapsed = 00:00:46 . Memory (MB): peak = 2394.594 ; gain = 127.953

Phase 22 Shift Register Optimization
INFO: [Physopt 32-1401] No candidate cells found for Shift Register optimization.
INFO: [Physopt 32-677] No candidate cells for Shift Register optimization found in the design
INFO: [Physopt 32-775] End 1 Pass. Optimized 0 net or cell. Created 0 new cell, deleted 0 existing cell and moved 0 existing cell
Phase 22 Shift Register Optimization | Checksum: 15d6d8452

Time (s): cpu = 00:00:30 ; elapsed = 00:00:46 . Memory (MB): peak = 2394.594 ; gain = 127.953

Phase 23 DSP Register Optimization
INFO: [Physopt 32-456] No candidate cells for DSP register optimization found in the design.
INFO: [Physopt 32-775] End 1 Pass. Optimized 0 net or cell. Created 0 new cell, deleted 0 existing cell and moved 0 existing cell
Phase 23 DSP Register Optimization | Checksum: 15d6d8452

Time (s): cpu = 00:00:30 ; elapsed = 00:00:46 . Memory (MB): peak = 2394.594 ; gain = 127.953

Phase 24 BRAM Register Optimization
INFO: [Physopt 32-526] No candidate cells for BRAM register optimization found in the design
INFO: [Physopt 32-775] End 1 Pass. Optimized 0 net or cell. Created 0 new cell, deleted 0 existing cell and moved 0 existing cell
Phase 24 BRAM Register Optimization | Checksum: 15d6d8452

Time (s): cpu = 00:00:30 ; elapsed = 00:00:46 . Memory (MB): peak = 2394.594 ; gain = 127.953

Phase 25 URAM Register Optimization
INFO: [Physopt 32-846] No candidate cells for URAM register optimization found in the design
INFO: [Physopt 32-775] End 1 Pass. Optimized 0 net or cell. Created 0 new cell, deleted 0 existing cell and moved 0 existing cell
INFO: [Physopt 32-846] No candidate cells for URAM register optimization found in the design
INFO: [Physopt 32-775] End 1 Pass. Optimized 0 net or cell. Created 0 new cell, deleted 0 existing cell and moved 0 existing cell
Phase 25 URAM Register Optimization | Checksum: 15d6d8452

Time (s): cpu = 00:00:30 ; elapsed = 00:00:46 . Memory (MB): peak = 2394.594 ; gain = 127.953

Phase 26 Shift Register Optimization
INFO: [Physopt 32-1401] No candidate cells found for Shift Register optimization.
INFO: [Physopt 32-677] No candidate cells for Shift Register optimization found in the design
INFO: [Physopt 32-775] End 1 Pass. Optimized 0 net or cell. Created 0 new cell, deleted 0 existing cell and moved 0 existing cell
Phase 26 Shift Register Optimization | Checksum: 15d6d8452

Time (s): cpu = 00:00:30 ; elapsed = 00:00:46 . Memory (MB): peak = 2394.594 ; gain = 127.953

Phase 27 Critical Pin Optimization
INFO: [Physopt 32-606] Identified 29 candidate nets for critical-pin optimization.
INFO: [Physopt 32-608] Optimized 9 nets.  Swapped 184 pins.
INFO: [Physopt 32-775] End 1 Pass. Optimized 9 nets or cells. Created 0 new cell, deleted 0 existing cell and moved 184 existing cells
INFO: [Physopt 32-619] Estimated Timing Summary | WNS=0.028 | TNS=0.000 |
Netlist sorting complete. Time (s): cpu = 00:00:00 ; elapsed = 00:00:00.002 . Memory (MB): peak = 2396.094 ; gain = 0.000
Phase 27 Critical Pin Optimization | Checksum: 116f41574

Time (s): cpu = 00:00:30 ; elapsed = 00:00:46 . Memory (MB): peak = 2396.094 ; gain = 129.453

Phase 28 Very High Fanout Optimization
INFO: [Physopt 32-65] No nets found for high-fanout optimization.
INFO: [Physopt 32-232] Optimized 0 net. Created 0 new instance.
INFO: [Physopt 32-775] End 1 Pass. Optimized 0 net or cell. Created 0 new cell, deleted 0 existing cell and moved 0 existing cell
Phase 28 Very High Fanout Optimization | Checksum: 116f41574

Time (s): cpu = 00:00:30 ; elapsed = 00:00:46 . Memory (MB): peak = 2396.094 ; gain = 129.453

Phase 29 Single Cell Placement Optimization
INFO: [Physopt 32-670] No setup violation found.  Single Cell Placement Optimization was not performed.
Netlist sorting complete. Time (s): cpu = 00:00:00 ; elapsed = 00:00:00.002 . Memory (MB): peak = 2396.094 ; gain = 0.000
Phase 29 Single Cell Placement Optimization | Checksum: 116f41574

Time (s): cpu = 00:00:30 ; elapsed = 00:00:46 . Memory (MB): peak = 2396.094 ; gain = 129.453

Phase 30 Multi Cell Placement Optimization
INFO: [Physopt 32-670] No setup violation found.  Multi Cell Placement Optimization was not performed.
Netlist sorting complete. Time (s): cpu = 00:00:00 ; elapsed = 00:00:00.002 . Memory (MB): peak = 2396.094 ; gain = 0.000
Phase 30 Multi Cell Placement Optimization | Checksum: 116f41574

Time (s): cpu = 00:00:30 ; elapsed = 00:00:46 . Memory (MB): peak = 2396.094 ; gain = 129.453

Phase 31 SLR Crossing Optimization
Phase 31 SLR Crossing Optimization | Checksum: 116f41574

Time (s): cpu = 00:00:30 ; elapsed = 00:00:46 . Memory (MB): peak = 2396.094 ; gain = 129.453

Phase 32 Critical Path Optimization
INFO: [Physopt 32-619] Estimated Timing Summary | WNS=0.028 | TNS=0.000 |
INFO: [Physopt 32-619] Estimated Timing Summary | WNS=0.028 | TNS=0.000 |
Netlist sorting complete. Time (s): cpu = 00:00:00 ; elapsed = 00:00:00.003 . Memory (MB): peak = 2396.094 ; gain = 0.000
Phase 32 Critical Path Optimization | Checksum: 116f41574

Time (s): cpu = 00:00:30 ; elapsed = 00:00:46 . Memory (MB): peak = 2396.094 ; gain = 129.453

Phase 33 BRAM Enable Optimization
Phase 33 BRAM Enable Optimization | Checksum: 116f41574

Time (s): cpu = 00:00:30 ; elapsed = 00:00:46 . Memory (MB): peak = 2396.094 ; gain = 129.453
INFO: [Physopt 32-960] Skip hold-fix as initial WHS does not violate hold threshold 250 ps
Netlist sorting complete. Time (s): cpu = 00:00:00 ; elapsed = 00:00:00.002 . Memory (MB): peak = 2396.094 ; gain = 0.000
INFO: [Physopt 32-603] Post Physical Optimization Timing Summary | WNS=0.028 | TNS=0.000 |

Summary of Physical Synthesis Optimizations
============================================


----------------------------------------------------------------------------------------------------------------------------------------------------------------------
|  Optimization            |  WNS Gain (ns)  |  TNS Gain (ns)  |  Added Cells  |  Removed Cells  |  Optimized Cells/Nets  |  Dont Touch  |  Iterations  |  Elapsed   |
----------------------------------------------------------------------------------------------------------------------------------------------------------------------
|  Fanout                  |          0.000  |          0.000  |            4  |              0  |                     2  |           0  |           3  |  00:00:05  |
|  Single Cell Placement   |          0.055  |          0.193  |            0  |              0  |                    73  |           0  |           3  |  00:00:39  |
|  Multi Cell Placement    |          0.005  |          0.015  |            0  |              0  |                     1  |           0  |           3  |  00:00:01  |
|  Rewire                  |          0.000  |          0.000  |            0  |              0  |                     0  |           0  |           3  |  00:00:00  |
|  Critical Cell           |          0.000  |          0.000  |            0  |              0  |                     0  |           0  |           3  |  00:00:00  |
|  SLR Crossing            |          0.000  |          0.000  |            0  |              0  |                     0  |           0  |           3  |  00:00:00  |
|  DSP Register            |          0.000  |          0.000  |            0  |              0  |                     0  |           0  |           2  |  00:00:00  |
|  BRAM Register           |          0.000  |          0.000  |            0  |              0  |                     0  |           0  |           2  |  00:00:00  |
|  URAM Register           |          0.000  |          0.000  |            0  |              0  |                     0  |           0  |           2  |  00:00:00  |
|  Shift Register          |          0.000  |          0.000  |            0  |              0  |                     0  |           0  |           2  |  00:00:00  |
|  Critical Pin            |          0.057  |          0.029  |            0  |              0  |                     9  |           0  |           1  |  00:00:00  |
|  Very High Fanout        |          0.000  |          0.000  |            0  |              0  |                     0  |           0  |           1  |  00:00:00  |
|  BRAM Enable             |          0.000  |          0.000  |            0  |              0  |                     0  |           0  |           1  |  00:00:00  |
|  Critical Path           |          0.000  |          0.000  |            0  |              0  |                     0  |           0  |           1  |  00:00:00  |
|  Total                   |          0.117  |          0.237  |            4  |              0  |                    85  |           0  |          30  |  00:00:45  |
----------------------------------------------------------------------------------------------------------------------------------------------------------------------


Netlist sorting complete. Time (s): cpu = 00:00:00 ; elapsed = 00:00:00.001 . Memory (MB): peak = 2396.094 ; gain = 0.000
Ending Physical Synthesis Task | Checksum: 1324811a6

Time (s): cpu = 00:00:30 ; elapsed = 00:00:46 . Memory (MB): peak = 2396.094 ; gain = 129.453
INFO: [Common 17-83] Releasing license: Implementation
1009 Infos, 0 Warnings, 0 Critical Warnings and 0 Errors encountered.
phys_opt_design completed successfully
phys_opt_design: Time (s): cpu = 00:00:30 ; elapsed = 00:00:47 . Memory (MB): peak = 2396.094 ; gain = 129.453
INFO: [Timing 38-480] Writing timing data to binary archive.
Write ShapeDB Complete: Time (s): cpu = 00:00:00 ; elapsed = 00:00:00.008 . Memory (MB): peak = 2424.121 ; gain = 15.875
Wrote PlaceDB: Time (s): cpu = 00:00:00 ; elapsed = 00:00:00.397 . Memory (MB): peak = 2424.121 ; gain = 8.953
Wrote PulsedLatchDB: Time (s): cpu = 00:00:00 ; elapsed = 00:00:00 . Memory (MB): peak = 2424.121 ; gain = 0.000
Writing XDEF routing.
Writing XDEF routing logical nets.
Writing XDEF routing special nets.
Wrote RouteStorage: Time (s): cpu = 00:00:00 ; elapsed = 00:00:00.014 . Memory (MB): peak = 2424.121 ; gain = 0.000
Wrote Netlist Cache: Time (s): cpu = 00:00:00 ; elapsed = 00:00:00.008 . Memory (MB): peak = 2424.121 ; gain = 0.000
Wrote Device Cache: Time (s): cpu = 00:00:00 ; elapsed = 00:00:00.004 . Memory (MB): peak = 2424.121 ; gain = 0.000
Write Physdb Complete: Time (s): cpu = 00:00:00 ; elapsed = 00:00:00.429 . Memory (MB): peak = 2424.121 ; gain = 15.875
INFO: [Common 17-1381] The checkpoint 'C:/Users/hp/Downloads/digital_twin/digital_twin.runs/impl_1/top_physopt.dcp' has been generated.
Command: route_design -directive NoTimingRelaxation
Attempting to get a license for feature 'Implementation' and/or device 'xc7k325t'
INFO: [Common 17-349] Got license for feature 'Implementation' and/or device 'xc7k325t'
INFO: [DRC 23-27] Running DRC with 8 threads
INFO: [Vivado_Tcl 4-198] DRC finished with 0 Errors
INFO: [Vivado_Tcl 4-199] Please refer to the DRC report (report_drc) for more information.
Running DRC as a precondition to command route_design
INFO: [DRC 23-27] Running DRC with 8 threads
INFO: [Vivado_Tcl 4-198] DRC finished with 0 Errors
INFO: [Vivado_Tcl 4-199] Please refer to the DRC report (report_drc) for more information.


Starting Routing Task
INFO: [Route 35-270] Using Router directive 'NoTimingRelaxation'.
INFO: [Route 35-254] Multithreading enabled for route_design using a maximum of 8 CPUs

Phase 1 Build RT Design
Checksum: PlaceDB: af22fe6a ConstDB: 0 ShapeSum: 4ddeb9a6 RouteDB: 0
Post Restoration Checksum: NetGraph: b0c2bfbc | NumContArr: 46ca5f13 | Constraints: c2a8fa9d | Timing: c2a8fa9d
Phase 1 Build RT Design | Checksum: 27cdf1409

Time (s): cpu = 00:00:22 ; elapsed = 00:00:16 . Memory (MB): peak = 2689.609 ; gain = 238.266

Phase 2 Router Initialization

Phase 2.1 Fix Topology Constraints
Phase 2.1 Fix Topology Constraints | Checksum: 27cdf1409

Time (s): cpu = 00:00:22 ; elapsed = 00:00:16 . Memory (MB): peak = 2689.609 ; gain = 238.266

Phase 2.2 Pre Route Cleanup
Phase 2.2 Pre Route Cleanup | Checksum: 27cdf1409

Time (s): cpu = 00:00:22 ; elapsed = 00:00:16 . Memory (MB): peak = 2689.609 ; gain = 238.266
 Number of Nodes with overlaps = 0

Phase 2.3 Update Timing
Phase 2.3 Update Timing | Checksum: 23f4d0352

Time (s): cpu = 00:00:24 ; elapsed = 00:00:18 . Memory (MB): peak = 2708.770 ; gain = 257.426
INFO: [Route 35-416] Intermediate Timing Summary | WNS=0.049  | TNS=0.000  | WHS=-0.275 | THS=-232.057|


Router Utilization Summary
  Global Vertical Routing Utilization    = 0 %
  Global Horizontal Routing Utilization  = 0 %
  Routable Net Status*
  *Does not include unroutable nets such as driverless and loadless.
  Run report_route_status for detailed report.
  Number of Failed Nets               = 7996
    (Failed Nets is the sum of unrouted and partially routed nets)
  Number of Unrouted Nets             = 7996
  Number of Partially Routed Nets     = 0
  Number of Node Overlaps             = 0

Phase 2 Router Initialization | Checksum: 28dfc9b10

Time (s): cpu = 00:00:25 ; elapsed = 00:00:19 . Memory (MB): peak = 2733.910 ; gain = 282.566

Phase 3 Initial Routing

Phase 3.1 Global Routing
Phase 3.1 Global Routing | Checksum: 28dfc9b10

Time (s): cpu = 00:00:25 ; elapsed = 00:00:19 . Memory (MB): peak = 2733.910 ; gain = 282.566

Phase 3.2 Initial Net Routing
Phase 3.2 Initial Net Routing | Checksum: 2632053ea

Time (s): cpu = 00:00:29 ; elapsed = 00:00:21 . Memory (MB): peak = 2738.543 ; gain = 287.199
Phase 3 Initial Routing | Checksum: 2632053ea

Time (s): cpu = 00:00:29 ; elapsed = 00:00:21 . Memory (MB): peak = 2738.543 ; gain = 287.199
INFO: [Route 35-580] Design has 3 pins with tight setup and hold constraints.

The top 5 pins with tight setup and hold constraints:

+====================+===================+=======================================================================+
| Launch Setup Clock | Launch Hold Clock | Pin                                                                   |
+====================+===================+=======================================================================+
| clk_out2_pll       | clk_out2_pll      | student_top_inst/Core_cpu/cpu_core/if_id_inst/pred_target_o_reg[18]/D |
| clk_out2_pll       | clk_out2_pll      | student_top_inst/Core_cpu/cpu_core/if_id_inst/pred_target_o_reg[9]/D  |
| clk_out2_pll       | clk_out2_pll      | student_top_inst/Core_cpu/cpu_core/if_id_inst/pred_target_o_reg[21]/D |
+--------------------+-------------------+-----------------------------------------------------------------------+

File with complete list of pins: tight_setup_hold_pins.txt


Phase 4 Rip-up And Reroute

Phase 4.1 Global Iteration 0
 Number of Nodes with overlaps = 3928
 Number of Nodes with overlaps = 1820
 Number of Nodes with overlaps = 1047
 Number of Nodes with overlaps = 632
 Number of Nodes with overlaps = 370
 Number of Nodes with overlaps = 242
 Number of Nodes with overlaps = 147
 Number of Nodes with overlaps = 70
 Number of Nodes with overlaps = 40
 Number of Nodes with overlaps = 19
 Number of Nodes with overlaps = 5
 Number of Nodes with overlaps = 2
 Number of Nodes with overlaps = 3
 Number of Nodes with overlaps = 2
 Number of Nodes with overlaps = 1
 Number of Nodes with overlaps = 3
 Number of Nodes with overlaps = 1
 Number of Nodes with overlaps = 1
 Number of Nodes with overlaps = 1
 Number of Nodes with overlaps = 0
INFO: [Route 35-416] Intermediate Timing Summary | WNS=-0.130 | TNS=-0.353 | WHS=N/A    | THS=N/A    |

Phase 4.1 Global Iteration 0 | Checksum: 290da3f2a

Time (s): cpu = 00:00:49 ; elapsed = 00:00:51 . Memory (MB): peak = 2741.535 ; gain = 290.191

Phase 4.2 Global Iteration 1
 Number of Nodes with overlaps = 905
 Number of Nodes with overlaps = 433
 Number of Nodes with overlaps = 219
 Number of Nodes with overlaps = 158
 Number of Nodes with overlaps = 82
 Number of Nodes with overlaps = 47
 Number of Nodes with overlaps = 25
 Number of Nodes with overlaps = 15
 Number of Nodes with overlaps = 5
 Number of Nodes with overlaps = 5
 Number of Nodes with overlaps = 1
 Number of Nodes with overlaps = 1
 Number of Nodes with overlaps = 0
INFO: [Route 35-416] Intermediate Timing Summary | WNS=-0.115 | TNS=-0.427 | WHS=N/A    | THS=N/A    |

Phase 4.2 Global Iteration 1 | Checksum: 1b17a7c0c

Time (s): cpu = 00:00:54 ; elapsed = 00:01:00 . Memory (MB): peak = 2741.535 ; gain = 290.191

Phase 4.3 Global Iteration 2
 Number of Nodes with overlaps = 528
 Number of Nodes with overlaps = 291
 Number of Nodes with overlaps = 151
 Number of Nodes with overlaps = 90
 Number of Nodes with overlaps = 44
 Number of Nodes with overlaps = 27
 Number of Nodes with overlaps = 12
 Number of Nodes with overlaps = 4
 Number of Nodes with overlaps = 1
 Number of Nodes with overlaps = 0
INFO: [Route 35-416] Intermediate Timing Summary | WNS=-0.134 | TNS=-0.229 | WHS=N/A    | THS=N/A    |

Phase 4.3 Global Iteration 2 | Checksum: 27c645760

Time (s): cpu = 00:00:56 ; elapsed = 00:01:05 . Memory (MB): peak = 2741.535 ; gain = 290.191
Phase 4 Rip-up And Reroute | Checksum: 27c645760

Time (s): cpu = 00:00:56 ; elapsed = 00:01:05 . Memory (MB): peak = 2741.535 ; gain = 290.191

Phase 5 Delay and Skew Optimization

Phase 5.1 Delay CleanUp

Phase 5.1.1 Update Timing
Phase 5.1.1 Update Timing | Checksum: 2f85d20b6

Time (s): cpu = 00:00:56 ; elapsed = 00:01:05 . Memory (MB): peak = 2741.535 ; gain = 290.191
INFO: [Route 35-416] Intermediate Timing Summary | WNS=-0.101 | TNS=-0.105 | WHS=N/A    | THS=N/A    |

 Number of Nodes with overlaps = 0
Phase 5.1 Delay CleanUp | Checksum: 29af3b901

Time (s): cpu = 00:00:56 ; elapsed = 00:01:06 . Memory (MB): peak = 2741.535 ; gain = 290.191

Phase 5.2 Clock Skew Optimization
Phase 5.2 Clock Skew Optimization | Checksum: 29af3b901

Time (s): cpu = 00:00:56 ; elapsed = 00:01:06 . Memory (MB): peak = 2741.535 ; gain = 290.191
Phase 5 Delay and Skew Optimization | Checksum: 29af3b901

Time (s): cpu = 00:00:56 ; elapsed = 00:01:06 . Memory (MB): peak = 2741.535 ; gain = 290.191

Phase 6 Post Hold Fix

Phase 6.1 Hold Fix Iter

Phase 6.1.1 Update Timing
Phase 6.1.1 Update Timing | Checksum: 30d8b5e7f

Time (s): cpu = 00:00:56 ; elapsed = 00:01:06 . Memory (MB): peak = 2741.535 ; gain = 290.191
INFO: [Route 35-416] Intermediate Timing Summary | WNS=-0.093 | TNS=-0.093 | WHS=0.071  | THS=0.000  |

Phase 6.1 Hold Fix Iter | Checksum: 30d8b5e7f

Time (s): cpu = 00:00:56 ; elapsed = 00:01:06 . Memory (MB): peak = 2741.535 ; gain = 290.191
Phase 6 Post Hold Fix | Checksum: 30d8b5e7f

Time (s): cpu = 00:00:56 ; elapsed = 00:01:06 . Memory (MB): peak = 2741.535 ; gain = 290.191

Phase 7 Timing Verification

Phase 7.1 Update Timing
Phase 7.1 Update Timing | Checksum: 2d6c6ef25

Time (s): cpu = 00:00:56 ; elapsed = 00:01:06 . Memory (MB): peak = 2741.535 ; gain = 290.191
INFO: [Route 35-416] Intermediate Timing Summary | WNS=-0.093 | TNS=-0.093 | WHS=N/A    | THS=N/A    |

Phase 7 Timing Verification | Checksum: 2d6c6ef25

Time (s): cpu = 00:00:56 ; elapsed = 00:01:06 . Memory (MB): peak = 2741.535 ; gain = 290.191

Phase 8 Route finalize

Router Utilization Summary
  Global Vertical Routing Utilization    = 1.26286 %
  Global Horizontal Routing Utilization  = 1.40748 %
  Routable Net Status*
  *Does not include unroutable nets such as driverless and loadless.
  Run report_route_status for detailed report.
  Number of Failed Nets               = 0
    (Failed Nets is the sum of unrouted and partially routed nets)
  Number of Unrouted Nets             = 0
  Number of Partially Routed Nets     = 0
  Number of Node Overlaps             = 0


--GLOBAL Congestion:
Utilization threshold used for congestion level computation: 0.85
Congestion Report
North Dir 1x1 Area, Max Cong = 68.4685%, No Congested Regions.
South Dir 1x1 Area, Max Cong = 87.3874%, Congestion bounded by tiles (Lower Left Tile -> Upper Right Tile):
   INT_L_X38Y109 -> INT_L_X38Y109
East Dir 2x2 Area, Max Cong = 88.2353%, Congestion bounded by tiles (Lower Left Tile -> Upper Right Tile):
   INT_L_X40Y116 -> INT_R_X41Y117
   INT_L_X44Y114 -> INT_R_X45Y115
   INT_L_X38Y108 -> INT_R_X39Y109
West Dir 1x1 Area, Max Cong = 89.7059%, Congestion bounded by tiles (Lower Left Tile -> Upper Right Tile):
   INT_R_X41Y122 -> INT_R_X41Y122
   INT_L_X40Y113 -> INT_L_X40Y113

------------------------------
Reporting congestion hotspots
------------------------------
Direction: North
----------------
Congested clusters found at Level 0
Effective congestion level: 0 Aspect Ratio: 1 Sparse Ratio: 0
Direction: South
----------------
Congested clusters found at Level 0
Effective congestion level: 0 Aspect Ratio: 1 Sparse Ratio: 1
Direction: East
----------------
Congested clusters found at Level 1
Effective congestion level: 2 Aspect Ratio: 0.5 Sparse Ratio: 0.5
Direction: West
----------------
Congested clusters found at Level 0
Effective congestion level: 0 Aspect Ratio: 1 Sparse Ratio: 1

Phase 8 Route finalize | Checksum: 2d6c6ef25

Time (s): cpu = 00:00:56 ; elapsed = 00:01:06 . Memory (MB): peak = 2741.535 ; gain = 290.191

Phase 9 Verifying routed nets

 Verification completed successfully
Phase 9 Verifying routed nets | Checksum: 2d6c6ef25

Time (s): cpu = 00:00:56 ; elapsed = 00:01:06 . Memory (MB): peak = 2741.535 ; gain = 290.191

Phase 10 Depositing Routes
Phase 10 Depositing Routes | Checksum: 292d584e3

Time (s): cpu = 00:00:56 ; elapsed = 00:01:06 . Memory (MB): peak = 2741.535 ; gain = 290.191

Phase 11 Incr Placement Change
Netlist sorting complete. Time (s): cpu = 00:00:00 ; elapsed = 00:00:00.002 . Memory (MB): peak = 2741.535 ; gain = 0.000
INFO: [Place 30-746] Post Placement Timing Summary WNS=0.067. For the most accurate timing information please run report_timing.
Ending IncrPlace Task | Checksum: 18c019e02

Time (s): cpu = 00:00:13 ; elapsed = 00:00:16 . Memory (MB): peak = 2741.535 ; gain = 0.000
Google Cpuprofiler is only supported on Linux.
Phase 11 Incr Placement Change | Checksum: 18c019e02

Time (s): cpu = 00:01:09 ; elapsed = 00:01:23 . Memory (MB): peak = 2741.535 ; gain = 290.191

Phase 12 Build RT Design
Checksum: PlaceDB: fc130be9 ConstDB: 0 ShapeSum: 2912fcb2 RouteDB: 66db9567
Post Restoration Checksum: NetGraph: 569cbe05 | NumContArr: b8e8473e | Constraints: c2a8fa9d | Timing: c2a8fa9d
Phase 12 Build RT Design | Checksum: 294d6fa7d

Time (s): cpu = 00:01:10 ; elapsed = 00:01:24 . Memory (MB): peak = 2741.535 ; gain = 290.191

Phase 13 Router Initialization

Phase 13.1 Fix Topology Constraints
Phase 13.1 Fix Topology Constraints | Checksum: 294d6fa7d

Time (s): cpu = 00:01:10 ; elapsed = 00:01:24 . Memory (MB): peak = 2741.535 ; gain = 290.191

Phase 13.2 Pre Route Cleanup
Phase 13.2 Pre Route Cleanup | Checksum: 366418cd2

Time (s): cpu = 00:01:10 ; elapsed = 00:01:24 . Memory (MB): peak = 2741.535 ; gain = 290.191
 Number of Nodes with overlaps = 0

Phase 13.3 Update Timing
Phase 13.3 Update Timing | Checksum: 2e5eae785

Time (s): cpu = 00:01:11 ; elapsed = 00:01:25 . Memory (MB): peak = 2756.707 ; gain = 305.363
INFO: [Route 35-416] Intermediate Timing Summary | WNS=-0.008 | TNS=-0.015 | WHS=-0.275 | THS=-231.321|


Router Utilization Summary
  Global Vertical Routing Utilization    = 1.25485 %
  Global Horizontal Routing Utilization  = 1.39914 %
  Routable Net Status*
  *Does not include unroutable nets such as driverless and loadless.
  Run report_route_status for detailed report.
  Number of Failed Nets               = 261
    (Failed Nets is the sum of unrouted and partially routed nets)
  Number of Unrouted Nets             = 60
  Number of Partially Routed Nets     = 201
  Number of Node Overlaps             = 0

Phase 13 Router Initialization | Checksum: 366d598da

Time (s): cpu = 00:01:12 ; elapsed = 00:01:26 . Memory (MB): peak = 2777.117 ; gain = 325.773

Phase 14 Initial Routing

Phase 14.1 Global Routing
Phase 14.1 Global Routing | Checksum: 366d598da

Time (s): cpu = 00:01:12 ; elapsed = 00:01:26 . Memory (MB): peak = 2777.117 ; gain = 325.773

Phase 14.2 Initial Net Routing
Phase 14.2 Initial Net Routing | Checksum: 1ddf7dee5

Time (s): cpu = 00:01:13 ; elapsed = 00:01:26 . Memory (MB): peak = 2777.117 ; gain = 325.773
Phase 14 Initial Routing | Checksum: 1ddf7dee5

Time (s): cpu = 00:01:13 ; elapsed = 00:01:26 . Memory (MB): peak = 2777.117 ; gain = 325.773
INFO: [Route 35-580] Design has 14 pins with tight setup and hold constraints.

The top 5 pins with tight setup and hold constraints:

+====================+===================+==========================================================================================================================================================================================================================+
| Launch Setup Clock | Launch Hold Clock | Pin                                                                                                                                                                                                                      |
+====================+===================+==========================================================================================================================================================================================================================+
| clk_out2_pll       | clk_out2_pll      | student_top_inst/Core_cpu/cpu_core/ex_mem_inst/dff_rd_data/data_o_reg[1]/D                                                                                                                                               |
| clk_out2_pll       | clk_out2_pll      | student_top_inst/bridge_inst/dram_driver_inst/Mem_DRAM/U0/inst_blk_mem_gen/gnbram.gnativebmg.native_blk_mem_gen/valid.cstr/ramloop[31].ram.r/prim_init.ram/DEVICE_7SERIES.NO_BMM_INFO.TRUE_DP.SIMPLE_PRIM36.ram/DIADI[6] |
| clk_out2_pll       | clk_out2_pll      | student_top_inst/Core_cpu/cpu_core/ex_mem_inst/dff_rd_data/data_o_reg[4]/D                                                                                                                                               |
| clk_out2_pll       | clk_out2_pll      | student_top_inst/Core_cpu/cpu_core/ex_mem_inst/dff_rd_data/data_o_reg[3]/D                                                                                                                                               |
| clk_out2_pll       | clk_out2_pll      | student_top_inst/Core_cpu/cpu_core/pc_reg_inst/pc_o_reg[0]/D                                                                                                                                                             |
+--------------------+-------------------+--------------------------------------------------------------------------------------------------------------------------------------------------------------------------------------------------------------------------+

File with complete list of pins: tight_setup_hold_pins.txt


Phase 15 Rip-up And Reroute

Phase 15.1 Global Iteration 0
 Number of Nodes with overlaps = 534
 Number of Nodes with overlaps = 701
 Number of Nodes with overlaps = 592
 Number of Nodes with overlaps = 425
 Number of Nodes with overlaps = 349
 Number of Nodes with overlaps = 210
 Number of Nodes with overlaps = 140
 Number of Nodes with overlaps = 84
 Number of Nodes with overlaps = 65
 Number of Nodes with overlaps = 38
 Number of Nodes with overlaps = 26
 Number of Nodes with overlaps = 11
 Number of Nodes with overlaps = 6
 Number of Nodes with overlaps = 3
 Number of Nodes with overlaps = 1
 Number of Nodes with overlaps = 1
 Number of Nodes with overlaps = 0
INFO: [Route 35-416] Intermediate Timing Summary | WNS=-0.069 | TNS=-0.134 | WHS=N/A    | THS=N/A    |

Phase 15.1 Global Iteration 0 | Checksum: 2797cbb42

Time (s): cpu = 00:01:15 ; elapsed = 00:01:34 . Memory (MB): peak = 2777.117 ; gain = 325.773

Phase 15.2 Global Iteration 1
 Number of Nodes with overlaps = 650
 Number of Nodes with overlaps = 396
 Number of Nodes with overlaps = 195
 Number of Nodes with overlaps = 193
 Number of Nodes with overlaps = 84
 Number of Nodes with overlaps = 63
 Number of Nodes with overlaps = 40
 Number of Nodes with overlaps = 27
 Number of Nodes with overlaps = 13
 Number of Nodes with overlaps = 21
 Number of Nodes with overlaps = 13
 Number of Nodes with overlaps = 6
 Number of Nodes with overlaps = 4
 Number of Nodes with overlaps = 3
 Number of Nodes with overlaps = 4
 Number of Nodes with overlaps = 3
 Number of Nodes with overlaps = 2
 Number of Nodes with overlaps = 2
 Number of Nodes with overlaps = 2
 Number of Nodes with overlaps = 2
 Number of Nodes with overlaps = 2
 Number of Nodes with overlaps = 0
INFO: [Route 35-416] Intermediate Timing Summary | WNS=-0.041 | TNS=-0.070 | WHS=N/A    | THS=N/A    |

Phase 15.2 Global Iteration 1 | Checksum: 1a3410140

Time (s): cpu = 00:01:17 ; elapsed = 00:01:40 . Memory (MB): peak = 2777.117 ; gain = 325.773

Phase 15.3 Global Iteration 2
 Number of Nodes with overlaps = 619
 Number of Nodes with overlaps = 251
 Number of Nodes with overlaps = 158
 Number of Nodes with overlaps = 139
 Number of Nodes with overlaps = 83
 Number of Nodes with overlaps = 56
 Number of Nodes with overlaps = 31
 Number of Nodes with overlaps = 34
 Number of Nodes with overlaps = 22
 Number of Nodes with overlaps = 13
 Number of Nodes with overlaps = 5
 Number of Nodes with overlaps = 7
 Number of Nodes with overlaps = 3
 Number of Nodes with overlaps = 1
 Number of Nodes with overlaps = 1
 Number of Nodes with overlaps = 0
INFO: [Route 35-416] Intermediate Timing Summary | WNS=-0.111 | TNS=-0.469 | WHS=N/A    | THS=N/A    |

Phase 15.3 Global Iteration 2 | Checksum: 38733563d

Time (s): cpu = 00:01:18 ; elapsed = 00:01:45 . Memory (MB): peak = 2777.117 ; gain = 325.773
Phase 15 Rip-up And Reroute | Checksum: 38733563d

Time (s): cpu = 00:01:18 ; elapsed = 00:01:45 . Memory (MB): peak = 2777.117 ; gain = 325.773

Phase 16 Delay and Skew Optimization

Phase 16.1 Delay CleanUp

Phase 16.1.1 Update Timing
Phase 16.1.1 Update Timing | Checksum: 35d92ef74

Time (s): cpu = 00:01:18 ; elapsed = 00:01:46 . Memory (MB): peak = 2777.117 ; gain = 325.773
INFO: [Route 35-416] Intermediate Timing Summary | WNS=-0.009 | TNS=-0.009 | WHS=N/A    | THS=N/A    |

 Number of Nodes with overlaps = 0
Phase 16.1 Delay CleanUp | Checksum: 32bcb6be0

Time (s): cpu = 00:01:18 ; elapsed = 00:01:46 . Memory (MB): peak = 2777.117 ; gain = 325.773

Phase 16.2 Clock Skew Optimization
Phase 16.2 Clock Skew Optimization | Checksum: 32bcb6be0

Time (s): cpu = 00:01:18 ; elapsed = 00:01:46 . Memory (MB): peak = 2777.117 ; gain = 325.773
Phase 16 Delay and Skew Optimization | Checksum: 32bcb6be0

Time (s): cpu = 00:01:18 ; elapsed = 00:01:46 . Memory (MB): peak = 2777.117 ; gain = 325.773

Phase 17 Post Hold Fix

Phase 17.1 Hold Fix Iter

Phase 17.1.1 Update Timing
Phase 17.1.1 Update Timing | Checksum: 2a1ed9937

Time (s): cpu = 00:01:18 ; elapsed = 00:01:46 . Memory (MB): peak = 2777.117 ; gain = 325.773
INFO: [Route 35-416] Intermediate Timing Summary | WNS=-0.001 | TNS=-0.001 | WHS=0.071  | THS=0.000  |

Phase 17.1 Hold Fix Iter | Checksum: 2a1ed9937

Time (s): cpu = 00:01:18 ; elapsed = 00:01:46 . Memory (MB): peak = 2777.117 ; gain = 325.773
Phase 17 Post Hold Fix | Checksum: 2a1ed9937

Time (s): cpu = 00:01:18 ; elapsed = 00:01:46 . Memory (MB): peak = 2777.117 ; gain = 325.773

Phase 18 Timing Verification

Phase 18.1 Update Timing
Phase 18.1 Update Timing | Checksum: 3620972ee

Time (s): cpu = 00:01:19 ; elapsed = 00:01:46 . Memory (MB): peak = 2777.117 ; gain = 325.773
INFO: [Route 35-416] Intermediate Timing Summary | WNS=-0.001 | TNS=-0.001 | WHS=N/A    | THS=N/A    |

Phase 18 Timing Verification | Checksum: 3620972ee

Time (s): cpu = 00:01:19 ; elapsed = 00:01:46 . Memory (MB): peak = 2777.117 ; gain = 325.773

Phase 19 Route finalize

Router Utilization Summary
  Global Vertical Routing Utilization    = 1.27768 %
  Global Horizontal Routing Utilization  = 1.42409 %
  Routable Net Status*
  *Does not include unroutable nets such as driverless and loadless.
  Run report_route_status for detailed report.
  Number of Failed Nets               = 0
    (Failed Nets is the sum of unrouted and partially routed nets)
  Number of Unrouted Nets             = 0
  Number of Partially Routed Nets     = 0
  Number of Node Overlaps             = 0


--GLOBAL Congestion:
Utilization threshold used for congestion level computation: 0.85
Congestion Report
North Dir 1x1 Area, Max Cong = 74.7748%, No Congested Regions.
South Dir 1x1 Area, Max Cong = 85.5856%, Congestion bounded by tiles (Lower Left Tile -> Upper Right Tile):
   INT_L_X38Y109 -> INT_L_X38Y109
East Dir 2x2 Area, Max Cong = 87.1324%, Congestion bounded by tiles (Lower Left Tile -> Upper Right Tile):
   INT_L_X42Y114 -> INT_R_X43Y115
   INT_L_X44Y114 -> INT_R_X45Y115
   INT_L_X40Y112 -> INT_R_X41Y113
   INT_L_X42Y112 -> INT_R_X43Y113
   INT_L_X38Y108 -> INT_R_X39Y109
West Dir 1x1 Area, Max Cong = 94.1176%, Congestion bounded by tiles (Lower Left Tile -> Upper Right Tile):
   INT_R_X41Y122 -> INT_R_X41Y122
   INT_L_X40Y111 -> INT_L_X40Y111

------------------------------
Reporting congestion hotspots
------------------------------
Direction: North
----------------
Congested clusters found at Level 0
Effective congestion level: 0 Aspect Ratio: 1 Sparse Ratio: 0
Direction: South
----------------
Congested clusters found at Level 0
Effective congestion level: 0 Aspect Ratio: 1 Sparse Ratio: 1
Direction: East
----------------
Congested clusters found at Level 0
Effective congestion level: 2 Aspect Ratio: 0.9 Sparse Ratio: 1.625
Direction: West
----------------
Congested clusters found at Level 0
Effective congestion level: 0 Aspect Ratio: 1 Sparse Ratio: 1

Phase 19 Route finalize | Checksum: 3620972ee

Time (s): cpu = 00:01:19 ; elapsed = 00:01:46 . Memory (MB): peak = 2777.117 ; gain = 325.773

Phase 20 Verifying routed nets

 Verification completed successfully
Phase 20 Verifying routed nets | Checksum: 3620972ee

Time (s): cpu = 00:01:19 ; elapsed = 00:01:46 . Memory (MB): peak = 2777.117 ; gain = 325.773

Phase 21 Depositing Routes
Phase 21 Depositing Routes | Checksum: 30037b030

Time (s): cpu = 00:01:19 ; elapsed = 00:01:47 . Memory (MB): peak = 2777.117 ; gain = 325.773

Phase 22 Post Router Timing
INFO: [Route 35-20] Post Routing Timing Summary | WNS=0.001  | TNS=0.000  | WHS=0.072  | THS=0.000  |

Phase 22 Post Router Timing | Checksum: 2228690c7

Time (s): cpu = 00:01:20 ; elapsed = 00:01:47 . Memory (MB): peak = 2777.117 ; gain = 325.773
INFO: [Route 35-61] The design met the timing requirement.
INFO: [Route 35-16] Router Completed Successfully

Phase 23 Post-Route Event Processing
Phase 23 Post-Route Event Processing | Checksum: b88458d3

Time (s): cpu = 00:01:20 ; elapsed = 00:01:48 . Memory (MB): peak = 2777.117 ; gain = 325.773
Ending Routing Task | Checksum: b88458d3

Time (s): cpu = 00:01:20 ; elapsed = 00:01:48 . Memory (MB): peak = 2777.117 ; gain = 325.773

Routing Is Done.
INFO: [Common 17-83] Releasing license: Implementation
1041 Infos, 0 Warnings, 0 Critical Warnings and 0 Errors encountered.
route_design completed successfully
route_design: Time (s): cpu = 00:01:21 ; elapsed = 00:01:49 . Memory (MB): peak = 2777.117 ; gain = 352.996
INFO: [runtcl-4] Executing : report_drc -file top_drc_routed.rpt -pb top_drc_routed.pb -rpx top_drc_routed.rpx
Command: report_drc -file top_drc_routed.rpt -pb top_drc_routed.pb -rpx top_drc_routed.rpx
INFO: [IP_Flow 19-1839] IP Catalog is up to date.
INFO: [DRC 23-27] Running DRC with 8 threads
INFO: [Vivado_Tcl 2-168] The results of DRC are in file C:/Users/hp/Downloads/digital_twin/digital_twin.runs/impl_1/top_drc_routed.rpt.
report_drc completed successfully
INFO: [runtcl-4] Executing : report_methodology -file top_methodology_drc_routed.rpt -pb top_methodology_drc_routed.pb -rpx top_methodology_drc_routed.rpx
Command: report_methodology -file top_methodology_drc_routed.rpt -pb top_methodology_drc_routed.pb -rpx top_methodology_drc_routed.rpx
INFO: [Timing 38-35] Done setting XDC timing constraints.
INFO: [DRC 23-133] Running Methodology with 8 threads
INFO: [Vivado_Tcl 2-1520] The results of Report Methodology are in file C:/Users/hp/Downloads/digital_twin/digital_twin.runs/impl_1/top_methodology_drc_routed.rpt.
report_methodology completed successfully
INFO: [runtcl-4] Executing : report_power -file top_power_routed.rpt -pb top_power_summary_routed.pb -rpx top_power_routed.rpx
Command: report_power -file top_power_routed.rpt -pb top_power_summary_routed.pb -rpx top_power_routed.rpx
INFO: [Timing 38-35] Done setting XDC timing constraints.
Running Vector-less Activity Propagation...

Finished Running Vector-less Activity Propagation
WARNING: [Power 33-332] Found switching activity that implies high-fanout reset nets being asserted for excessive periods of time which may result in inaccurate power analysis.
Resolution: To review and fix problems, please run Power Constraints Advisor in the GUI from Tools > Power Constraints Advisor or run report_power with the -advisory option to generate a text report.
1051 Infos, 1 Warnings, 0 Critical Warnings and 0 Errors encountered.
report_power completed successfully
INFO: [runtcl-4] Executing : report_route_status -file top_route_status.rpt -pb top_route_status.pb
INFO: [runtcl-4] Executing : report_timing_summary -max_paths 10 -report_unconstrained -file top_timing_summary_routed.rpt -pb top_timing_summary_routed.pb -rpx top_timing_summary_routed.rpx -warn_on_violation 
INFO: [Timing 38-91] UpdateTimingParams: Speed grade: -2, Delay Type: min_max.
INFO: [Timing 38-191] Multithreading enabled for timing update using a maximum of 8 CPUs
INFO: [runtcl-4] Executing : report_incremental_reuse -file top_incremental_reuse_routed.rpt
INFO: [Vivado_Tcl 4-1062] Incremental flow is disabled. No incremental reuse Info to report.
INFO: [runtcl-4] Executing : report_clock_utilization -file top_clock_utilization_routed.rpt
INFO: [runtcl-4] Executing : report_bus_skew -warn_on_violation -file top_bus_skew_routed.rpt -pb top_bus_skew_routed.pb -rpx top_bus_skew_routed.rpx
INFO: [Timing 38-91] UpdateTimingParams: Speed grade: -2, Delay Type: min_max.
INFO: [Timing 38-191] Multithreading enabled for timing update using a maximum of 8 CPUs
INFO: [Timing 38-480] Writing timing data to binary archive.
Write ShapeDB Complete: Time (s): cpu = 00:00:00 ; elapsed = 00:00:00.011 . Memory (MB): peak = 2777.117 ; gain = 0.000
Wrote PlaceDB: Time (s): cpu = 00:00:01 ; elapsed = 00:00:00.387 . Memory (MB): peak = 2777.117 ; gain = 0.000
Wrote PulsedLatchDB: Time (s): cpu = 00:00:00 ; elapsed = 00:00:00 . Memory (MB): peak = 2777.117 ; gain = 0.000
Writing XDEF routing.
Writing XDEF routing logical nets.
Writing XDEF routing special nets.
Wrote RouteStorage: Time (s): cpu = 00:00:00 ; elapsed = 00:00:00.108 . Memory (MB): peak = 2777.117 ; gain = 0.000
Wrote Netlist Cache: Time (s): cpu = 00:00:00 ; elapsed = 00:00:00.013 . Memory (MB): peak = 2777.117 ; gain = 0.000
Wrote Device Cache: Time (s): cpu = 00:00:00 ; elapsed = 00:00:00.005 . Memory (MB): peak = 2777.117 ; gain = 0.000
Write Physdb Complete: Time (s): cpu = 00:00:01 ; elapsed = 00:00:00.521 . Memory (MB): peak = 2777.117 ; gain = 0.000
INFO: [Common 17-1381] The checkpoint 'C:/Users/hp/Downloads/digital_twin/digital_twin.runs/impl_1/top_routed.dcp' has been generated.
INFO: [Common 17-206] Exiting Vivado at Tue Jun  2 21:40:21 2026...
[Tue Jun  2 21:40:23 2026] impl_1 finished
wait_on_runs: Time (s): cpu = 00:00:00 ; elapsed = 00:08:33 . Memory (MB): peak = 972.367 ; gain = 0.000
# set impl_status [get_property STATUS [get_runs impl_1]]
# puts "CLK2_IMPL_STATUS freq_mhz=$freq_mhz status=\"$impl_status\""
CLK2_IMPL_STATUS freq_mhz=218 status="route_design Complete!"
# if {![regexp -nocase {complete} $impl_status]} {
#     close_project
#     exit 2
# }
# open_run impl_1
Netlist sorting complete. Time (s): cpu = 00:00:00 ; elapsed = 00:00:00.103 . Memory (MB): peak = 985.211 ; gain = 0.000
INFO: [Netlist 29-17] Analyzing 422 Unisim elements for replacement
INFO: [Netlist 29-28] Unisim Transformation completed in 0 CPU seconds
INFO: [Project 1-479] Netlist was created with Vivado 2023.2
INFO: [Project 1-570] Preparing netlist for logic optimization
Read ShapeDB Complete: Time (s): cpu = 00:00:00 ; elapsed = 00:00:00.014 . Memory (MB): peak = 1095.430 ; gain = 1.664
INFO: [Timing 38-478] Restoring timing data from binary archive.
INFO: [Timing 38-479] Binary timing data restore complete.
INFO: [Project 1-856] Restoring constraints from binary archive.
INFO: [Project 1-853] Binary constraint restore complete.
INFO: [Designutils 20-5722] Start Reading Physical Databases.
Reading placement.
Read Netlist Cache: Time (s): cpu = 00:00:00 ; elapsed = 00:00:00.009 . Memory (MB): peak = 1735.961 ; gain = 0.000
Reading placer database...
Read Device Cache: Time (s): cpu = 00:00:00 ; elapsed = 00:00:00.006 . Memory (MB): peak = 1735.961 ; gain = 0.000
Read PlaceDB: Time (s): cpu = 00:00:01 ; elapsed = 00:00:00.221 . Memory (MB): peak = 1735.961 ; gain = 0.000
Read PulsedLatchDB: Time (s): cpu = 00:00:00 ; elapsed = 00:00:00 . Memory (MB): peak = 1735.961 ; gain = 0.000
Reading routing.
Read RouteStorage: Time (s): cpu = 00:00:00 ; elapsed = 00:00:00.127 . Memory (MB): peak = 1735.961 ; gain = 0.000
Read Physdb Files: Time (s): cpu = 00:00:01 ; elapsed = 00:00:00.376 . Memory (MB): peak = 1735.961 ; gain = 0.000
Restored from archive | CPU: 1.000000 secs | Memory: 0.000000 MB |
Finished XDEF File Restore: Time (s): cpu = 00:00:01 ; elapsed = 00:00:00.417 . Memory (MB): peak = 1735.961 ; gain = 4.949
Netlist sorting complete. Time (s): cpu = 00:00:00 ; elapsed = 00:00:00.002 . Memory (MB): peak = 1735.961 ; gain = 0.000
INFO: [Project 1-111] Unisim Transformation Summary:
  A total of 33 instances were transformed.
  RAM128X1D => RAM128X1D (MUXF7(x2), RAMD64E(x4)): 12 instances
  RAM32M => RAM32M (RAMD32(x6), RAMS32(x2)): 15 instances
  RAM32X1D => RAM32X1D (RAMD32(x2)): 6 instances

open_run: Time (s): cpu = 00:00:07 ; elapsed = 00:00:08 . Memory (MB): peak = 1735.961 ; gain = 763.594
# set timing_summary "$report_dir/top_timing_summary_clk2_${tag}.rpt"
# report_timing_summary -delay_type min_max -max_paths 80 -nworst 10 -file $timing_summary
INFO: [Timing 38-91] UpdateTimingParams: Speed grade: -2, Delay Type: min_max.
INFO: [Timing 38-191] Multithreading enabled for timing update using a maximum of 8 CPUs
# report_timing -delay_type max -sort_by group -max_paths 20 -nworst 5 \
#     -path_type full_clock_expanded \
#     -file "$report_dir/top_timing_max_clk2_${tag}.rpt"
INFO: [Timing 38-91] UpdateTimingParams: Speed grade: -2, Delay Type: max.
INFO: [Timing 38-191] Multithreading enabled for timing update using a maximum of 8 CPUs
INFO: [Timing 38-78] ReportTimingParams: -max_paths 20 -nworst 5 -delay_type max -sort_by group.
# report_timing -delay_type min -sort_by group -max_paths 20 -nworst 5 \
#     -path_type full_clock_expanded \
#     -file "$report_dir/top_timing_min_clk2_${tag}.rpt"
INFO: [Timing 38-91] UpdateTimingParams: Speed grade: -2, Delay Type: min.
INFO: [Timing 38-191] Multithreading enabled for timing update using a maximum of 8 CPUs
INFO: [Timing 38-78] ReportTimingParams: -max_paths 20 -nworst 5 -delay_type min -sort_by group.
# report_route_status -file "$report_dir/top_route_status_clk2_${tag}.rpt"
# set setup_paths [get_timing_paths -delay_type max -max_paths 1]
# if {[llength $setup_paths] > 0} {
#     set wns [get_property SLACK [lindex $setup_paths 0]]
# } else {
#     set wns "NA"
# }
# set hold_paths [get_timing_paths -delay_type min -max_paths 1]
# if {[llength $hold_paths] > 0} {
#     set whs [get_property SLACK [lindex $hold_paths 0]]
# } else {
#     set whs "NA"
# }
# set period_ns "NA"
# set actual_mhz "NA"
# set clk2 [get_clocks clk_out2_pll]
# if {[llength $clk2] > 0} {
#     set period_ns [get_property PERIOD [lindex $clk2 0]]
#     set actual_mhz [format "%.6f" [expr {1000.0 / $period_ns}]]
# }
# set timing_met 0
# if {$wns ne "NA" && $whs ne "NA"} {
#     if {[expr {$wns >= 0.0}] && [expr {$whs >= 0.0}]} {
#         set timing_met 1
#     }
# }
# puts "CLK2_RESULT freq_mhz=$freq_mhz actual_mhz=$actual_mhz period_ns=$period_ns status=\"$impl_status\" wns=$wns whs=$whs timing_met=$timing_met report=$timing_summary"
CLK2_RESULT freq_mhz=218 actual_mhz=218.770510 period_ns=4.571 status="route_design Complete!" wns=0.001 whs=0.072 timing_met=1 report=C:/Users/hp/Downloads/digital_twin/digital_twin.srcs/sources_1/vivado_clk2_sweep/top_timing_summary_clk2_218.rpt
# close_project
# exit 0
INFO: [Common 17-206] Exiting Vivado at Tue Jun  2 21:40:33 2026...
