ECHO 处于关闭状态。
ECHO 处于关闭状态。

****** Vivado v2023.2 (64-bit)
  **** SW Build 4029153 on Fri Oct 13 20:14:34 MDT 2023
  **** IP Build 4028589 on Sat Oct 14 00:45:43 MDT 2023
  **** SharedData Build 4025554 on Tue Oct 10 17:18:54 MDT 2023
    ** Copyright 1986-2022 Xilinx, Inc. All Rights Reserved.
    ** Copyright 2022-2023 Advanced Micro Devices, Inc. All Rights Reserved.

source {C:\Users\hp\Downloads\digital_twin\digital_twin.srcs\sources_1\new\run_impl_clk2.tcl}
# set project_path "C:/Users/hp/Downloads/digital_twin/digital_twin.xpr"
# set freq_mhz "210"
# if {[llength $argv] >= 1} {
#     set project_path [lindex $argv 0]
# }
# if {[llength $argv] >= 2} {
#     set freq_mhz [lindex $argv 1]
# }
# set tag [string map {. p} $freq_mhz]
# set report_dir "C:/Users/hp/Downloads/digital_twin/digital_twin.srcs/sources_1/vivado_clk2_sweep"
# file mkdir $report_dir
# open_project $project_path
Scanning sources...
Finished scanning sources
INFO: [IP_Flow 19-234] Refreshing IP repositories
INFO: [IP_Flow 19-1704] No user IP repositories specified
INFO: [IP_Flow 19-2313] Loaded Vivado IP repository 'E:/Vivado/Vivado/2023.2/data/ip'.
open_project: Time (s): cpu = 00:00:04 ; elapsed = 00:00:08 . Memory (MB): peak = 481.484 ; gain = 203.625
# set_param general.maxThreads 8
# set pll_ips [get_ips pll]
# if {[llength $pll_ips] != 1} {
#     puts "CLK2_ERROR expected one pll IP, got [llength $pll_ips]"
#     close_project
#     exit 3
# }
# set pll_ip [lindex $pll_ips 0]
# puts "CLK2_SET freq_mhz=$freq_mhz ip=$pll_ip"
CLK2_SET freq_mhz=222 ip=pll
# set_property -dict [list CONFIG.CLKOUT2_REQUESTED_OUT_FREQ $freq_mhz] $pll_ip
INFO: [Device 21-403] Loading part xc7k325tffg900-2
# generate_target all $pll_ip
INFO: [IP_Flow 19-1686] Generating 'Instantiation Template' target for IP 'pll'...
INFO: [IP_Flow 19-1686] Generating 'Synthesis' target for IP 'pll'...
INFO: [IP_Flow 19-1686] Generating 'Simulation' target for IP 'pll'...
INFO: [IP_Flow 19-1686] Generating 'Implementation' target for IP 'pll'...
INFO: [IP_Flow 19-1686] Generating 'Change Log' target for IP 'pll'...
# export_ip_user_files -of_objects $pll_ip -no_script -sync -force
# update_compile_order -fileset sources_1
# set pll_synth_run [get_runs pll_synth_1]
# if {[llength $pll_synth_run] > 0} {
#     reset_run pll_synth_1
#     launch_runs pll_synth_1 -jobs 8
#     wait_on_run pll_synth_1
#     set pll_status [get_property STATUS [get_runs pll_synth_1]]
#     puts "CLK2_PLL_STATUS freq_mhz=$freq_mhz status=\"$pll_status\""
# }
INFO: [IP_Flow 19-6924] IPCACHE: Running cache check for IP inst: pll

[Tue Jun  2 22:48:17 2026] Launched pll_synth_1...
Run output will be captured here: C:/Users/hp/Downloads/digital_twin/digital_twin.runs/pll_synth_1/runme.log
ECHO 处于关闭状态。
ECHO 处于关闭状态。
[Tue Jun  2 22:48:17 2026] Waiting for pll_synth_1 to finish...

*** Running vivado
    with args -log pll.vds -m64 -product Vivado -mode batch -messageDb vivado.pb -notrace -source pll.tcl


ECHO 处于关闭状态。
ECHO 处于关闭状态。

****** Vivado v2023.2 (64-bit)
  **** SW Build 4029153 on Fri Oct 13 20:14:34 MDT 2023
  **** IP Build 4028589 on Sat Oct 14 00:45:43 MDT 2023
  **** SharedData Build 4025554 on Tue Oct 10 17:18:54 MDT 2023
    ** Copyright 1986-2022 Xilinx, Inc. All Rights Reserved.
    ** Copyright 2022-2023 Advanced Micro Devices, Inc. All Rights Reserved.

source pll.tcl -notrace
create_project: Time (s): cpu = 00:00:05 ; elapsed = 00:00:06 . Memory (MB): peak = 463.535 ; gain = 183.141
INFO: [IP_Flow 19-6924] IPCACHE: Running cache check for IP inst: pll
Command: synth_design -top pll -part xc7k325tffg900-2 -incremental_mode off -mode out_of_context
Starting synth_design
Attempting to get a license for feature 'Synthesis' and/or device 'xc7k325t'
INFO: [Common 17-349] Got license for feature 'Synthesis' and/or device 'xc7k325t'
INFO: [Device 21-403] Loading part xc7k325tffg900-2
INFO: [Synth 8-7079] Multithreading enabled for synth_design using a maximum of 4 processes.
INFO: [Synth 8-7078] Launching helper process for spawning children vivado processes
INFO: [Synth 8-7075] Helper process launched with PID 20372
---------------------------------------------------------------------------------
Starting RTL Elaboration : Time (s): cpu = 00:00:03 ; elapsed = 00:00:04 . Memory (MB): peak = 1366.742 ; gain = 438.875
---------------------------------------------------------------------------------
INFO: [Synth 8-6157] synthesizing module 'pll' [c:/Users/hp/Downloads/digital_twin/digital_twin.gen/sources_1/ip/pll/pll.v:66]
INFO: [Synth 8-6157] synthesizing module 'pll_clk_wiz' [c:/Users/hp/Downloads/digital_twin/digital_twin.gen/sources_1/ip/pll/pll_clk_wiz.v:66]
INFO: [Synth 8-6157] synthesizing module 'IBUFDS' [E:/Vivado/Vivado/2023.2/scripts/rt/data/unisim_comp.v:73646]
INFO: [Synth 8-6155] done synthesizing module 'IBUFDS' (0#1) [E:/Vivado/Vivado/2023.2/scripts/rt/data/unisim_comp.v:73646]
INFO: [Synth 8-6157] synthesizing module 'PLLE2_ADV' [E:/Vivado/Vivado/2023.2/scripts/rt/data/unisim_comp.v:111351]
	Parameter BANDWIDTH bound to: OPTIMIZED - type: string 
	Parameter CLKFBOUT_MULT bound to: 31 - type: integer 
	Parameter CLKFBOUT_PHASE bound to: 0.000000 - type: double 
	Parameter CLKIN1_PERIOD bound to: 5.000000 - type: double 
	Parameter CLKOUT0_DIVIDE bound to: 31 - type: integer 
	Parameter CLKOUT0_DUTY_CYCLE bound to: 0.500000 - type: double 
	Parameter CLKOUT0_PHASE bound to: 0.000000 - type: double 
	Parameter CLKOUT1_DIVIDE bound to: 7 - type: integer 
	Parameter CLKOUT1_DUTY_CYCLE bound to: 0.500000 - type: double 
	Parameter CLKOUT1_PHASE bound to: 0.000000 - type: double 
	Parameter COMPENSATION bound to: ZHOLD - type: string 
	Parameter DIVCLK_DIVIDE bound to: 4 - type: integer 
	Parameter STARTUP_WAIT bound to: FALSE - type: string 
INFO: [Synth 8-6155] done synthesizing module 'PLLE2_ADV' (0#1) [E:/Vivado/Vivado/2023.2/scripts/rt/data/unisim_comp.v:111351]
INFO: [Synth 8-6157] synthesizing module 'BUFG' [E:/Vivado/Vivado/2023.2/scripts/rt/data/unisim_comp.v:1951]
INFO: [Synth 8-6155] done synthesizing module 'BUFG' (0#1) [E:/Vivado/Vivado/2023.2/scripts/rt/data/unisim_comp.v:1951]
INFO: [Synth 8-6155] done synthesizing module 'pll_clk_wiz' (0#1) [c:/Users/hp/Downloads/digital_twin/digital_twin.gen/sources_1/ip/pll/pll_clk_wiz.v:66]
INFO: [Synth 8-6155] done synthesizing module 'pll' (0#1) [c:/Users/hp/Downloads/digital_twin/digital_twin.gen/sources_1/ip/pll/pll.v:66]
---------------------------------------------------------------------------------
Finished RTL Elaboration : Time (s): cpu = 00:00:04 ; elapsed = 00:00:06 . Memory (MB): peak = 1477.426 ; gain = 549.559
---------------------------------------------------------------------------------
---------------------------------------------------------------------------------
Start Handling Custom Attributes
---------------------------------------------------------------------------------
---------------------------------------------------------------------------------
Finished Handling Custom Attributes : Time (s): cpu = 00:00:04 ; elapsed = 00:00:06 . Memory (MB): peak = 1477.426 ; gain = 549.559
---------------------------------------------------------------------------------
---------------------------------------------------------------------------------
Finished RTL Optimization Phase 1 : Time (s): cpu = 00:00:04 ; elapsed = 00:00:06 . Memory (MB): peak = 1477.426 ; gain = 549.559
---------------------------------------------------------------------------------
Netlist sorting complete. Time (s): cpu = 00:00:00 ; elapsed = 00:00:00 . Memory (MB): peak = 1477.426 ; gain = 0.000
INFO: [Netlist 29-17] Analyzing 2 Unisim elements for replacement
INFO: [Netlist 29-28] Unisim Transformation completed in 0 CPU seconds
INFO: [Project 1-570] Preparing netlist for logic optimization

Processing XDC Constraints
Initializing timing engine
Parsing XDC File [c:/Users/hp/Downloads/digital_twin/digital_twin.gen/sources_1/ip/pll/pll_ooc.xdc] for cell 'inst'
Finished Parsing XDC File [c:/Users/hp/Downloads/digital_twin/digital_twin.gen/sources_1/ip/pll/pll_ooc.xdc] for cell 'inst'
Parsing XDC File [c:/Users/hp/Downloads/digital_twin/digital_twin.gen/sources_1/ip/pll/pll_board.xdc] for cell 'inst'
Finished Parsing XDC File [c:/Users/hp/Downloads/digital_twin/digital_twin.gen/sources_1/ip/pll/pll_board.xdc] for cell 'inst'
Parsing XDC File [c:/Users/hp/Downloads/digital_twin/digital_twin.gen/sources_1/ip/pll/pll.xdc] for cell 'inst'
Finished Parsing XDC File [c:/Users/hp/Downloads/digital_twin/digital_twin.gen/sources_1/ip/pll/pll.xdc] for cell 'inst'
INFO: [Project 1-236] Implementation specific constraints were found while reading constraint file [c:/Users/hp/Downloads/digital_twin/digital_twin.gen/sources_1/ip/pll/pll.xdc]. These constraints will be ignored for synthesis but will be used in implementation. Impacted constraints are listed in the file [.Xil/pll_propImpl.xdc].
Resolution: To avoid this warning, move constraints listed in [.Xil/pll_propImpl.xdc] to another XDC file and exclude this new file from synthesis with the used_in_synthesis property (File Properties dialog in GUI) and re-run elaboration/synthesis.
INFO: [Timing 38-2] Deriving generated clocks
Parsing XDC File [C:/Users/hp/Downloads/digital_twin/digital_twin.runs/pll_synth_1/dont_touch.xdc]
Finished Parsing XDC File [C:/Users/hp/Downloads/digital_twin/digital_twin.runs/pll_synth_1/dont_touch.xdc]
Completed Processing XDC Constraints

Netlist sorting complete. Time (s): cpu = 00:00:00 ; elapsed = 00:00:00 . Memory (MB): peak = 1477.426 ; gain = 0.000
INFO: [Project 1-111] Unisim Transformation Summary:
No Unisim elements were transformed.

系统找不到指定的路径。
Constraint Validation Runtime : Time (s): cpu = 00:00:00 ; elapsed = 00:00:00.018 . Memory (MB): peak = 1477.426 ; gain = 0.000
INFO: [Designutils 20-5008] Incremental synthesis strategy off
---------------------------------------------------------------------------------
Finished Constraint Validation : Time (s): cpu = 00:00:09 ; elapsed = 00:00:12 . Memory (MB): peak = 1477.426 ; gain = 549.559
---------------------------------------------------------------------------------
---------------------------------------------------------------------------------
Start Loading Part and Timing Information
---------------------------------------------------------------------------------
Loading part: xc7k325tffg900-2
---------------------------------------------------------------------------------
Finished Loading Part and Timing Information : Time (s): cpu = 00:00:09 ; elapsed = 00:00:12 . Memory (MB): peak = 1477.426 ; gain = 549.559
---------------------------------------------------------------------------------
---------------------------------------------------------------------------------
Start Applying 'set_property' XDC Constraints
---------------------------------------------------------------------------------
Applied set_property KEEP_HIERARCHY = SOFT for inst. (constraint file  C:/Users/hp/Downloads/digital_twin/digital_twin.runs/pll_synth_1/dont_touch.xdc, line 9).
---------------------------------------------------------------------------------
Finished applying 'set_property' XDC Constraints : Time (s): cpu = 00:00:09 ; elapsed = 00:00:12 . Memory (MB): peak = 1477.426 ; gain = 549.559
---------------------------------------------------------------------------------
---------------------------------------------------------------------------------
Finished RTL Optimization Phase 2 : Time (s): cpu = 00:00:10 ; elapsed = 00:00:13 . Memory (MB): peak = 1477.426 ; gain = 549.559
---------------------------------------------------------------------------------
---------------------------------------------------------------------------------
Start RTL Component Statistics 
---------------------------------------------------------------------------------
Detailed RTL Component Info : 
---------------------------------------------------------------------------------
Finished RTL Component Statistics 
---------------------------------------------------------------------------------
---------------------------------------------------------------------------------
Start Part Resource Summary
---------------------------------------------------------------------------------
Part Resources:
DSPs: 840 (col length:140)
BRAMs: 890 (col length: RAMB18 140 RAMB36 70)
---------------------------------------------------------------------------------
Finished Part Resource Summary
---------------------------------------------------------------------------------
---------------------------------------------------------------------------------
Start Cross Boundary and Area Optimization
---------------------------------------------------------------------------------
WARNING: [Synth 8-7080] Parallel synthesis criteria is not met
---------------------------------------------------------------------------------
Finished Cross Boundary and Area Optimization : Time (s): cpu = 00:00:11 ; elapsed = 00:00:14 . Memory (MB): peak = 1477.426 ; gain = 549.559
---------------------------------------------------------------------------------
---------------------------------------------------------------------------------
Start Applying XDC Timing Constraints
---------------------------------------------------------------------------------
---------------------------------------------------------------------------------
Finished Applying XDC Timing Constraints : Time (s): cpu = 00:00:14 ; elapsed = 00:00:18 . Memory (MB): peak = 1477.426 ; gain = 549.559
---------------------------------------------------------------------------------
---------------------------------------------------------------------------------
Start Timing Optimization
---------------------------------------------------------------------------------
---------------------------------------------------------------------------------
Finished Timing Optimization : Time (s): cpu = 00:00:14 ; elapsed = 00:00:18 . Memory (MB): peak = 1477.426 ; gain = 549.559
---------------------------------------------------------------------------------
---------------------------------------------------------------------------------
Start Technology Mapping
---------------------------------------------------------------------------------
---------------------------------------------------------------------------------
Finished Technology Mapping : Time (s): cpu = 00:00:14 ; elapsed = 00:00:18 . Memory (MB): peak = 1477.426 ; gain = 549.559
---------------------------------------------------------------------------------
---------------------------------------------------------------------------------
Start IO Insertion
---------------------------------------------------------------------------------
---------------------------------------------------------------------------------
Start Flattening Before IO Insertion
---------------------------------------------------------------------------------
---------------------------------------------------------------------------------
Finished Flattening Before IO Insertion
---------------------------------------------------------------------------------
---------------------------------------------------------------------------------
Start Final Netlist Cleanup
---------------------------------------------------------------------------------
---------------------------------------------------------------------------------
Finished Final Netlist Cleanup
---------------------------------------------------------------------------------
---------------------------------------------------------------------------------
Finished IO Insertion : Time (s): cpu = 00:00:17 ; elapsed = 00:00:22 . Memory (MB): peak = 1477.426 ; gain = 549.559
---------------------------------------------------------------------------------
---------------------------------------------------------------------------------
Start Renaming Generated Instances
---------------------------------------------------------------------------------
---------------------------------------------------------------------------------
Finished Renaming Generated Instances : Time (s): cpu = 00:00:17 ; elapsed = 00:00:22 . Memory (MB): peak = 1477.426 ; gain = 549.559
---------------------------------------------------------------------------------
---------------------------------------------------------------------------------
Start Rebuilding User Hierarchy
---------------------------------------------------------------------------------
---------------------------------------------------------------------------------
Finished Rebuilding User Hierarchy : Time (s): cpu = 00:00:17 ; elapsed = 00:00:22 . Memory (MB): peak = 1477.426 ; gain = 549.559
---------------------------------------------------------------------------------
---------------------------------------------------------------------------------
Start Renaming Generated Ports
---------------------------------------------------------------------------------
---------------------------------------------------------------------------------
Finished Renaming Generated Ports : Time (s): cpu = 00:00:17 ; elapsed = 00:00:22 . Memory (MB): peak = 1477.426 ; gain = 549.559
---------------------------------------------------------------------------------
---------------------------------------------------------------------------------
Start Handling Custom Attributes
---------------------------------------------------------------------------------
---------------------------------------------------------------------------------
Finished Handling Custom Attributes : Time (s): cpu = 00:00:17 ; elapsed = 00:00:22 . Memory (MB): peak = 1477.426 ; gain = 549.559
---------------------------------------------------------------------------------
---------------------------------------------------------------------------------
Start Renaming Generated Nets
---------------------------------------------------------------------------------
---------------------------------------------------------------------------------
Finished Renaming Generated Nets : Time (s): cpu = 00:00:17 ; elapsed = 00:00:22 . Memory (MB): peak = 1477.426 ; gain = 549.559
---------------------------------------------------------------------------------
---------------------------------------------------------------------------------
Start Writing Synthesis Report
---------------------------------------------------------------------------------

Report BlackBoxes: 
+-+--------------+----------+
| |BlackBox name |Instances |
+-+--------------+----------+
+-+--------------+----------+

Report Cell Usage: 
+------+----------+------+
|      |Cell      |Count |
+------+----------+------+
|1     |BUFG      |     3|
|2     |PLLE2_ADV |     1|
|3     |IBUFDS    |     1|
+------+----------+------+
---------------------------------------------------------------------------------
Finished Writing Synthesis Report : Time (s): cpu = 00:00:17 ; elapsed = 00:00:22 . Memory (MB): peak = 1477.426 ; gain = 549.559
---------------------------------------------------------------------------------
Synthesis finished with 0 errors, 0 critical warnings and 1 warnings.
Synthesis Optimization Runtime : Time (s): cpu = 00:00:12 ; elapsed = 00:00:20 . Memory (MB): peak = 1477.426 ; gain = 549.559
Synthesis Optimization Complete : Time (s): cpu = 00:00:17 ; elapsed = 00:00:22 . Memory (MB): peak = 1477.426 ; gain = 549.559
INFO: [Project 1-571] Translating synthesized netlist
Netlist sorting complete. Time (s): cpu = 00:00:00 ; elapsed = 00:00:00 . Memory (MB): peak = 1477.426 ; gain = 0.000
INFO: [Netlist 29-17] Analyzing 2 Unisim elements for replacement
INFO: [Netlist 29-28] Unisim Transformation completed in 0 CPU seconds
INFO: [Project 1-570] Preparing netlist for logic optimization
INFO: [Opt 31-138] Pushed 0 inverter(s) to 0 load pin(s).
Netlist sorting complete. Time (s): cpu = 00:00:00 ; elapsed = 00:00:00 . Memory (MB): peak = 1489.195 ; gain = 0.000
INFO: [Project 1-111] Unisim Transformation Summary:
No Unisim elements were transformed.

系统找不到指定的路径。
Synth Design complete | Checksum: 939ffd86
INFO: [Common 17-83] Releasing license: Synthesis
30 Infos, 1 Warnings, 0 Critical Warnings and 0 Errors encountered.
synth_design completed successfully
synth_design: Time (s): cpu = 00:00:20 ; elapsed = 00:00:26 . Memory (MB): peak = 1489.195 ; gain = 1009.914
Write ShapeDB Complete: Time (s): cpu = 00:00:00 ; elapsed = 00:00:00.001 . Memory (MB): peak = 1489.195 ; gain = 0.000
INFO: [Common 17-1381] The checkpoint 'C:/Users/hp/Downloads/digital_twin/digital_twin.runs/pll_synth_1/pll.dcp' has been generated.
INFO: [Coretcl 2-1648] Added synthesis output to IP cache for IP pll, cache-ID = 854d619544772baf
Write ShapeDB Complete: Time (s): cpu = 00:00:00 ; elapsed = 00:00:00 . Memory (MB): peak = 1489.195 ; gain = 0.000
INFO: [Common 17-1381] The checkpoint 'C:/Users/hp/Downloads/digital_twin/digital_twin.runs/pll_synth_1/pll.dcp' has been generated.
INFO: [runtcl-4] Executing : report_utilization -file pll_utilization_synth.rpt -pb pll_utilization_synth.pb
INFO: [Common 17-206] Exiting Vivado at Tue Jun  2 22:48:55 2026...
[Tue Jun  2 22:48:57 2026] pll_synth_1 finished
wait_on_runs: Time (s): cpu = 00:00:00 ; elapsed = 00:00:40 . Memory (MB): peak = 974.699 ; gain = 0.000
CLK2_PLL_STATUS freq_mhz=222 status="synth_design Complete!"
# reset_run synth_1
# reset_run impl_1
# launch_runs impl_1 -to_step route_design -jobs 8
[Tue Jun  2 22:48:57 2026] Launched synth_1...
Run output will be captured here: C:/Users/hp/Downloads/digital_twin/digital_twin.runs/synth_1/runme.log
[Tue Jun  2 22:48:57 2026] Launched impl_1...
Run output will be captured here: C:/Users/hp/Downloads/digital_twin/digital_twin.runs/impl_1/runme.log
# wait_on_run impl_1
[Tue Jun  2 22:48:57 2026] Waiting for impl_1 to finish...

ECHO 处于关闭状态。
ECHO 处于关闭状态。

*** Running vivado
    with args -log top.vdi -applog -m64 -product Vivado -messageDb vivado.pb -mode batch -source top.tcl -notrace


ECHO 处于关闭状态。
ECHO 处于关闭状态。

****** Vivado v2023.2 (64-bit)
  **** SW Build 4029153 on Fri Oct 13 20:14:34 MDT 2023
  **** IP Build 4028589 on Sat Oct 14 00:45:43 MDT 2023
  **** SharedData Build 4025554 on Tue Oct 10 17:18:54 MDT 2023
    ** Copyright 1986-2022 Xilinx, Inc. All Rights Reserved.
    ** Copyright 2022-2023 Advanced Micro Devices, Inc. All Rights Reserved.

source top.tcl -notrace
create_project: Time (s): cpu = 00:00:04 ; elapsed = 00:00:07 . Memory (MB): peak = 464.051 ; gain = 185.309
Command: link_design -top top -part xc7k325tffg900-2
Design is defaulting to srcset: sources_1
Design is defaulting to constrset: constrs_1
INFO: [Device 21-403] Loading part xc7k325tffg900-2
INFO: [Project 1-454] Reading design checkpoint 'c:/Users/hp/Downloads/digital_twin/digital_twin.gen/sources_1/ip/pll/pll.dcp' for cell 'pll_inst'
INFO: [Project 1-454] Reading design checkpoint 'c:/Users/hp/Downloads/digital_twin/digital_twin.gen/sources_1/ip/Mem_IROM_2/Mem_IROM.dcp' for cell 'student_top_inst/Mem_IROM'
INFO: [Project 1-454] Reading design checkpoint 'c:/Users/hp/Downloads/digital_twin/digital_twin.gen/sources_1/ip/Mem_RAM/Mem_RAM.dcp' for cell 'student_top_inst/bridge_inst/dram_driver_inst/Mem_DRAM'
Netlist sorting complete. Time (s): cpu = 00:00:00 ; elapsed = 00:00:00.133 . Memory (MB): peak = 967.387 ; gain = 0.000
INFO: [Netlist 29-17] Analyzing 518 Unisim elements for replacement
INFO: [Netlist 29-28] Unisim Transformation completed in 0 CPU seconds
INFO: [Project 1-479] Netlist was created with Vivado 2023.2
INFO: [Project 1-570] Preparing netlist for logic optimization
Parsing XDC File [c:/Users/hp/Downloads/digital_twin/digital_twin.gen/sources_1/ip/pll/pll_board.xdc] for cell 'pll_inst/inst'
Finished Parsing XDC File [c:/Users/hp/Downloads/digital_twin/digital_twin.gen/sources_1/ip/pll/pll_board.xdc] for cell 'pll_inst/inst'
Parsing XDC File [c:/Users/hp/Downloads/digital_twin/digital_twin.gen/sources_1/ip/pll/pll.xdc] for cell 'pll_inst/inst'
INFO: [Timing 38-35] Done setting XDC timing constraints. [c:/Users/hp/Downloads/digital_twin/digital_twin.gen/sources_1/ip/pll/pll.xdc:54]
INFO: [Timing 38-2] Deriving generated clocks [c:/Users/hp/Downloads/digital_twin/digital_twin.gen/sources_1/ip/pll/pll.xdc:54]
get_clocks: Time (s): cpu = 00:00:05 ; elapsed = 00:00:07 . Memory (MB): peak = 1706.102 ; gain = 605.191
Finished Parsing XDC File [c:/Users/hp/Downloads/digital_twin/digital_twin.gen/sources_1/ip/pll/pll.xdc] for cell 'pll_inst/inst'
Parsing XDC File [C:/Users/hp/Downloads/digital_twin/digital_twin.srcs/constrs_1/new/digital_twin.xdc]
Finished Parsing XDC File [C:/Users/hp/Downloads/digital_twin/digital_twin.srcs/constrs_1/new/digital_twin.xdc]
INFO: [Opt 31-138] Pushed 0 inverter(s) to 0 load pin(s).
Netlist sorting complete. Time (s): cpu = 00:00:00 ; elapsed = 00:00:00.002 . Memory (MB): peak = 1706.102 ; gain = 0.000
INFO: [Project 1-111] Unisim Transformation Summary:
  A total of 33 instances were transformed.
  RAM128X1D => RAM128X1D (MUXF7(x2), RAMD64E(x4)): 12 instances
  RAM32M => RAM32M (RAMD32(x6), RAMS32(x2)): 15 instances
  RAM32X1D => RAM32X1D (RAMD32(x2)): 6 instances

系统找不到指定的路径。
12 Infos, 0 Warnings, 0 Critical Warnings and 0 Errors encountered.
link_design completed successfully
link_design: Time (s): cpu = 00:00:09 ; elapsed = 00:00:14 . Memory (MB): peak = 1706.102 ; gain = 1227.891
Command: opt_design
Attempting to get a license for feature 'Implementation' and/or device 'xc7k325t'
INFO: [Common 17-349] Got license for feature 'Implementation' and/or device 'xc7k325t'
Running DRC as a precondition to command opt_design

Starting DRC Task
INFO: [DRC 23-27] Running DRC with 8 threads
INFO: [Project 1-461] DRC finished with 0 Errors
INFO: [Project 1-462] Please refer to the DRC report (report_drc) for more information.

Time (s): cpu = 00:00:00 ; elapsed = 00:00:00.907 . Memory (MB): peak = 1706.102 ; gain = 0.000

Starting Cache Timing Information Task
INFO: [Timing 38-35] Done setting XDC timing constraints.
Ending Cache Timing Information Task | Checksum: c1c17584

Time (s): cpu = 00:00:01 ; elapsed = 00:00:00.271 . Memory (MB): peak = 1726.305 ; gain = 20.203

Starting Logic Optimization Task

Phase 1 Initialization

Phase 1.1 Core Generation And Design Setup
Phase 1.1 Core Generation And Design Setup | Checksum: c1c17584

Time (s): cpu = 00:00:00 ; elapsed = 00:00:00.017 . Memory (MB): peak = 2087.809 ; gain = 0.000

Phase 1.2 Setup Constraints And Sort Netlist
Phase 1.2 Setup Constraints And Sort Netlist | Checksum: c1c17584

Time (s): cpu = 00:00:00 ; elapsed = 00:00:00.022 . Memory (MB): peak = 2087.809 ; gain = 0.000
Phase 1 Initialization | Checksum: c1c17584

Time (s): cpu = 00:00:00 ; elapsed = 00:00:00.023 . Memory (MB): peak = 2087.809 ; gain = 0.000

Phase 2 Timer Update And Timing Data Collection

Phase 2.1 Timer Update
Phase 2.1 Timer Update | Checksum: c1c17584

Time (s): cpu = 00:00:00 ; elapsed = 00:00:00.124 . Memory (MB): peak = 2087.809 ; gain = 0.000

Phase 2.2 Timing Data Collection
Phase 2.2 Timing Data Collection | Checksum: c1c17584

Time (s): cpu = 00:00:00 ; elapsed = 00:00:00.139 . Memory (MB): peak = 2087.809 ; gain = 0.000
Phase 2 Timer Update And Timing Data Collection | Checksum: c1c17584

Time (s): cpu = 00:00:00 ; elapsed = 00:00:00.139 . Memory (MB): peak = 2087.809 ; gain = 0.000

Phase 3 Retarget
INFO: [Opt 31-1566] Pulled 1 inverters resulting in an inversion of 8 pins
INFO: [Opt 31-138] Pushed 12 inverter(s) to 46 load pin(s).
INFO: [Opt 31-49] Retargeted 0 cell(s).
Phase 3 Retarget | Checksum: 13ea2b7ab

Time (s): cpu = 00:00:01 ; elapsed = 00:00:00.389 . Memory (MB): peak = 2087.809 ; gain = 0.000
Retarget | Checksum: 13ea2b7ab
INFO: [Opt 31-389] Phase Retarget created 0 cells and removed 473 cells
INFO: [Opt 31-1021] In phase Retarget, 1 netlist objects are constrained preventing optimization. Please run opt_design with -debug_log to get more detail. 

Phase 4 Constant propagation
INFO: [Opt 31-138] Pushed 0 inverter(s) to 0 load pin(s).
Phase 4 Constant propagation | Checksum: c3c65e44

Time (s): cpu = 00:00:01 ; elapsed = 00:00:00.461 . Memory (MB): peak = 2087.809 ; gain = 0.000
Constant propagation | Checksum: c3c65e44
INFO: [Opt 31-389] Phase Constant propagation created 38 cells and removed 43 cells

Phase 5 Sweep
Phase 5 Sweep | Checksum: 1119e6ac3

Time (s): cpu = 00:00:01 ; elapsed = 00:00:00.612 . Memory (MB): peak = 2087.809 ; gain = 0.000
Sweep | Checksum: 1119e6ac3
INFO: [Opt 31-389] Phase Sweep created 68 cells and removed 355 cells

Phase 6 BUFG optimization
Phase 6 BUFG optimization | Checksum: 1119e6ac3

Time (s): cpu = 00:00:01 ; elapsed = 00:00:00.690 . Memory (MB): peak = 2087.809 ; gain = 0.000
BUFG optimization | Checksum: 1119e6ac3
INFO: [Opt 31-662] Phase BUFG optimization created 0 cells of which 0 are BUFGs and removed 0 cells.

Phase 7 Shift Register Optimization
INFO: [Opt 31-1064] SRL Remap converted 0 SRLs to 0 registers and converted 0 registers of register chains to 0 SRLs
Phase 7 Shift Register Optimization | Checksum: 1119e6ac3

Time (s): cpu = 00:00:01 ; elapsed = 00:00:00.697 . Memory (MB): peak = 2087.809 ; gain = 0.000
Shift Register Optimization | Checksum: 1119e6ac3
INFO: [Opt 31-389] Phase Shift Register Optimization created 0 cells and removed 0 cells

Phase 8 Post Processing Netlist
Phase 8 Post Processing Netlist | Checksum: 1119e6ac3

Time (s): cpu = 00:00:01 ; elapsed = 00:00:00.727 . Memory (MB): peak = 2087.809 ; gain = 0.000
Post Processing Netlist | Checksum: 1119e6ac3
INFO: [Opt 31-389] Phase Post Processing Netlist created 0 cells and removed 0 cells

Phase 9 Finalization

Phase 9.1 Finalizing Design Cores and Updating Shapes
Phase 9.1 Finalizing Design Cores and Updating Shapes | Checksum: dda85bbe

Time (s): cpu = 00:00:01 ; elapsed = 00:00:00.884 . Memory (MB): peak = 2087.809 ; gain = 0.000

Phase 9.2 Verifying Netlist Connectivity

Starting Connectivity Check Task

Time (s): cpu = 00:00:00 ; elapsed = 00:00:00.013 . Memory (MB): peak = 2087.809 ; gain = 0.000
Phase 9.2 Verifying Netlist Connectivity | Checksum: dda85bbe

Time (s): cpu = 00:00:01 ; elapsed = 00:00:00.900 . Memory (MB): peak = 2087.809 ; gain = 0.000
Phase 9 Finalization | Checksum: dda85bbe

Time (s): cpu = 00:00:01 ; elapsed = 00:00:00.901 . Memory (MB): peak = 2087.809 ; gain = 0.000
Opt_design Change Summary
=========================


-------------------------------------------------------------------------------------------------------------------------
|  Phase                        |  #Cells created  |  #Cells Removed  |  #Constrained objects preventing optimizations  |
-------------------------------------------------------------------------------------------------------------------------
|  Retarget                     |               0  |             473  |                                              1  |
|  Constant propagation         |              38  |              43  |                                              0  |
|  Sweep                        |              68  |             355  |                                              0  |
|  BUFG optimization            |               0  |               0  |                                              0  |
|  Shift Register Optimization  |               0  |               0  |                                              0  |
|  Post Processing Netlist      |               0  |               0  |                                              0  |
-------------------------------------------------------------------------------------------------------------------------


Ending Logic Optimization Task | Checksum: dda85bbe

Time (s): cpu = 00:00:01 ; elapsed = 00:00:00.903 . Memory (MB): peak = 2087.809 ; gain = 0.000
INFO: [Constraints 18-11670] Building netlist checker database with flags, 0x8
Done building netlist checker database: Time (s): cpu = 00:00:00 ; elapsed = 00:00:00.003 . Memory (MB): peak = 2087.809 ; gain = 0.000

Starting Power Optimization Task
INFO: [Pwropt 34-132] Skipping clock gating for clocks with a period < 2.00 ns.
INFO: [Timing 38-35] Done setting XDC timing constraints.
Running Vector-less Activity Propagation...

Finished Running Vector-less Activity Propagation
INFO: [Pwropt 34-9] Applying IDT optimizations ...
INFO: [Pwropt 34-10] Applying ODC optimizations ...


Starting PowerOpt Patch Enables Task
INFO: [Pwropt 34-162] WRITE_MODE attribute of 64 BRAM(s) out of a total of 68 has been updated to save power. Run report_power_opt to get a complete listing of the BRAMs updated.
INFO: [Pwropt 34-201] Structural ODC has moved 0 WE to EN ports
Number of BRAM Ports augmented: 64 newly gated: 0 Total Ports: 136
Ending PowerOpt Patch Enables Task | Checksum: 12d156301

Time (s): cpu = 00:00:00 ; elapsed = 00:00:00.292 . Memory (MB): peak = 2264.617 ; gain = 0.000
Ending Power Optimization Task | Checksum: 12d156301

Time (s): cpu = 00:00:04 ; elapsed = 00:00:05 . Memory (MB): peak = 2264.617 ; gain = 176.809

Starting Final Cleanup Task

Starting Logic Optimization Task
INFO: [Timing 38-35] Done setting XDC timing constraints.
Ending Logic Optimization Task | Checksum: 1c0229c30

Time (s): cpu = 00:00:00 ; elapsed = 00:00:00.505 . Memory (MB): peak = 2264.617 ; gain = 0.000
INFO: [Constraints 18-11670] Building netlist checker database with flags, 0x8
Done building netlist checker database: Time (s): cpu = 00:00:00 ; elapsed = 00:00:00.004 . Memory (MB): peak = 2264.617 ; gain = 0.000
Ending Final Cleanup Task | Checksum: 1c0229c30

Time (s): cpu = 00:00:02 ; elapsed = 00:00:03 . Memory (MB): peak = 2264.617 ; gain = 0.000

Starting Netlist Obfuscation Task
Netlist sorting complete. Time (s): cpu = 00:00:00 ; elapsed = 00:00:00.002 . Memory (MB): peak = 2264.617 ; gain = 0.000
Ending Netlist Obfuscation Task | Checksum: 1c0229c30

Time (s): cpu = 00:00:00 ; elapsed = 00:00:00.003 . Memory (MB): peak = 2264.617 ; gain = 0.000
INFO: [Common 17-83] Releasing license: Implementation
39 Infos, 0 Warnings, 0 Critical Warnings and 0 Errors encountered.
opt_design completed successfully
opt_design: Time (s): cpu = 00:00:09 ; elapsed = 00:00:12 . Memory (MB): peak = 2264.617 ; gain = 558.516
INFO: [runtcl-4] Executing : report_drc -file top_drc_opted.rpt -pb top_drc_opted.pb -rpx top_drc_opted.rpx
Command: report_drc -file top_drc_opted.rpt -pb top_drc_opted.pb -rpx top_drc_opted.rpx
INFO: [IP_Flow 19-1839] IP Catalog is up to date.
INFO: [DRC 23-27] Running DRC with 8 threads
INFO: [Vivado_Tcl 2-168] The results of DRC are in file C:/Users/hp/Downloads/digital_twin/digital_twin.runs/impl_1/top_drc_opted.rpt.
report_drc completed successfully
INFO: [Timing 38-35] Done setting XDC timing constraints.
INFO: [Timing 38-480] Writing timing data to binary archive.
Write ShapeDB Complete: Time (s): cpu = 00:00:00 ; elapsed = 00:00:00.007 . Memory (MB): peak = 2264.617 ; gain = 0.000
Wrote PlaceDB: Time (s): cpu = 00:00:00 ; elapsed = 00:00:00.004 . Memory (MB): peak = 2264.617 ; gain = 0.000
Wrote PulsedLatchDB: Time (s): cpu = 00:00:00 ; elapsed = 00:00:00 . Memory (MB): peak = 2264.617 ; gain = 0.000
Writing XDEF routing.
Writing XDEF routing logical nets.
Writing XDEF routing special nets.
Wrote RouteStorage: Time (s): cpu = 00:00:00 ; elapsed = 00:00:00.022 . Memory (MB): peak = 2264.617 ; gain = 0.000
Wrote Netlist Cache: Time (s): cpu = 00:00:00 ; elapsed = 00:00:00 . Memory (MB): peak = 2264.617 ; gain = 0.000
Wrote Device Cache: Time (s): cpu = 00:00:00 ; elapsed = 00:00:00.004 . Memory (MB): peak = 2264.617 ; gain = 0.000
Write Physdb Complete: Time (s): cpu = 00:00:00 ; elapsed = 00:00:00.037 . Memory (MB): peak = 2264.617 ; gain = 0.000
INFO: [Common 17-1381] The checkpoint 'C:/Users/hp/Downloads/digital_twin/digital_twin.runs/impl_1/top_opt.dcp' has been generated.
Command: place_design -directive ExtraNetDelay_high
Attempting to get a license for feature 'Implementation' and/or device 'xc7k325t'
INFO: [Common 17-349] Got license for feature 'Implementation' and/or device 'xc7k325t'
INFO: [Common 17-83] Releasing license: Implementation
INFO: [DRC 23-27] Running DRC with 8 threads
INFO: [Vivado_Tcl 4-198] DRC finished with 0 Errors
INFO: [Vivado_Tcl 4-199] Please refer to the DRC report (report_drc) for more information.
Running DRC as a precondition to command place_design
INFO: [DRC 23-27] Running DRC with 8 threads
INFO: [Vivado_Tcl 4-198] DRC finished with 0 Errors
INFO: [Vivado_Tcl 4-199] Please refer to the DRC report (report_drc) for more information.
INFO: [Place 46-5] The placer was invoked with the 'ExtraNetDelay_high' directive.
INFO: [Place 30-611] Multithreading enabled for place_design using a maximum of 8 CPUs

Starting Placer Task

Phase 1 Placer Initialization

Phase 1.1 Placer Initialization Netlist Sorting
Netlist sorting complete. Time (s): cpu = 00:00:00 ; elapsed = 00:00:00.002 . Memory (MB): peak = 2264.617 ; gain = 0.000
Phase 1.1 Placer Initialization Netlist Sorting | Checksum: 108044b22

Time (s): cpu = 00:00:00 ; elapsed = 00:00:00.009 . Memory (MB): peak = 2264.617 ; gain = 0.000
Netlist sorting complete. Time (s): cpu = 00:00:00 ; elapsed = 00:00:00.003 . Memory (MB): peak = 2264.617 ; gain = 0.000

Phase 1.2 IO Placement/ Clock Placement/ Build Placer Device
Phase 1.2 IO Placement/ Clock Placement/ Build Placer Device | Checksum: ad4a234d

Time (s): cpu = 00:00:01 ; elapsed = 00:00:00.426 . Memory (MB): peak = 2264.617 ; gain = 0.000

Phase 1.3 Build Placer Netlist Model
Phase 1.3 Build Placer Netlist Model | Checksum: c3ed5ca7

Time (s): cpu = 00:00:01 ; elapsed = 00:00:02 . Memory (MB): peak = 2264.617 ; gain = 0.000

Phase 1.4 Constrain Clocks/Macros
Phase 1.4 Constrain Clocks/Macros | Checksum: c3ed5ca7

Time (s): cpu = 00:00:01 ; elapsed = 00:00:02 . Memory (MB): peak = 2264.617 ; gain = 0.000
Phase 1 Placer Initialization | Checksum: c3ed5ca7

Time (s): cpu = 00:00:01 ; elapsed = 00:00:02 . Memory (MB): peak = 2264.617 ; gain = 0.000

Phase 2 Global Placement

Phase 2.1 Floorplanning
Phase 2.1 Floorplanning | Checksum: 1249b1e1d

Time (s): cpu = 00:00:01 ; elapsed = 00:00:02 . Memory (MB): peak = 2264.617 ; gain = 0.000

Phase 2.2 Update Timing before SLR Path Opt
Phase 2.2 Update Timing before SLR Path Opt | Checksum: 14719b8d6

Time (s): cpu = 00:00:01 ; elapsed = 00:00:03 . Memory (MB): peak = 2264.617 ; gain = 0.000

Phase 2.3 Post-Processing in Floorplanning
Phase 2.3 Post-Processing in Floorplanning | Checksum: 14719b8d6

Time (s): cpu = 00:00:01 ; elapsed = 00:00:03 . Memory (MB): peak = 2264.617 ; gain = 0.000

Phase 2.4 Global Placement Core

Phase 2.4.1 UpdateTiming Before Physical Synthesis
Phase 2.4.1 UpdateTiming Before Physical Synthesis | Checksum: 25674a82d

Time (s): cpu = 00:00:14 ; elapsed = 00:00:19 . Memory (MB): peak = 2264.617 ; gain = 0.000

Phase 2.4.2 Physical Synthesis In Placer
INFO: [Physopt 32-1035] Found 60 LUTNM shape to break, 492 LUT instances to create LUTNM shape
INFO: [Physopt 32-1044] Break lutnm for timing: one critical 25, two critical 35, total 60, new lutff created 0
INFO: [Physopt 32-1138] End 1 Pass. Optimized 280 nets or LUTs. Breaked 60 LUTs, combined 220 existing LUTs and moved 0 existing LUT
INFO: [Physopt 32-65] No nets found for high-fanout optimization.
INFO: [Physopt 32-232] Optimized 0 net. Created 0 new instance.
INFO: [Physopt 32-775] End 1 Pass. Optimized 0 net or cell. Created 0 new cell, deleted 0 existing cell and moved 0 existing cell
INFO: [Physopt 32-456] No candidate cells for DSP register optimization found in the design.
INFO: [Physopt 32-775] End 2 Pass. Optimized 0 net or cell. Created 0 new cell, deleted 0 existing cell and moved 0 existing cell
INFO: [Physopt 32-1123] No candidate cells found for Shift Register to Pipeline optimization
INFO: [Physopt 32-775] End 2 Pass. Optimized 0 net or cell. Created 0 new cell, deleted 0 existing cell and moved 0 existing cell
INFO: [Physopt 32-1401] No candidate cells found for Shift Register optimization.
INFO: [Physopt 32-677] No candidate cells for Shift Register optimization found in the design
INFO: [Physopt 32-775] End 1 Pass. Optimized 0 net or cell. Created 0 new cell, deleted 0 existing cell and moved 0 existing cell
INFO: [Physopt 32-526] No candidate cells for BRAM register optimization found in the design
INFO: [Physopt 32-775] End 1 Pass. Optimized 0 net or cell. Created 0 new cell, deleted 0 existing cell and moved 0 existing cell
INFO: [Physopt 32-846] No candidate cells for URAM register optimization found in the design
INFO: [Physopt 32-775] End 1 Pass. Optimized 0 net or cell. Created 0 new cell, deleted 0 existing cell and moved 0 existing cell
INFO: [Physopt 32-846] No candidate cells for URAM register optimization found in the design
INFO: [Physopt 32-775] End 1 Pass. Optimized 0 net or cell. Created 0 new cell, deleted 0 existing cell and moved 0 existing cell
INFO: [Physopt 32-949] No candidate nets found for dynamic/static region interface net replication
INFO: [Physopt 32-775] End 1 Pass. Optimized 0 net or cell. Created 0 new cell, deleted 0 existing cell and moved 0 existing cell
Netlist sorting complete. Time (s): cpu = 00:00:00 ; elapsed = 00:00:00.002 . Memory (MB): peak = 2264.617 ; gain = 0.000

Summary of Physical Synthesis Optimizations
============================================


-----------------------------------------------------------------------------------------------------------------------------------------------------------
|  Optimization                                     |  Added Cells  |  Removed Cells  |  Optimized Cells/Nets  |  Dont Touch  |  Iterations  |  Elapsed   |
-----------------------------------------------------------------------------------------------------------------------------------------------------------
|  LUT Combining                                    |           60  |            220  |                   280  |           0  |           1  |  00:00:00  |
|  Retime                                           |            0  |              0  |                     0  |           0  |           1  |  00:00:00  |
|  Very High Fanout                                 |            0  |              0  |                     0  |           0  |           1  |  00:00:00  |
|  DSP Register                                     |            0  |              0  |                     0  |           0  |           1  |  00:00:00  |
|  Shift Register to Pipeline                       |            0  |              0  |                     0  |           0  |           1  |  00:00:00  |
|  Shift Register                                   |            0  |              0  |                     0  |           0  |           1  |  00:00:00  |
|  BRAM Register                                    |            0  |              0  |                     0  |           0  |           1  |  00:00:00  |
|  URAM Register                                    |            0  |              0  |                     0  |           0  |           1  |  00:00:00  |
|  Dynamic/Static Region Interface Net Replication  |            0  |              0  |                     0  |           0  |           1  |  00:00:00  |
|  Total                                            |           60  |            220  |                   280  |           0  |           9  |  00:00:00  |
-----------------------------------------------------------------------------------------------------------------------------------------------------------


Phase 2.4.2 Physical Synthesis In Placer | Checksum: 28fcdee81

Time (s): cpu = 00:00:15 ; elapsed = 00:00:20 . Memory (MB): peak = 2264.617 ; gain = 0.000
Phase 2.4 Global Placement Core | Checksum: 1a650c386

Time (s): cpu = 00:00:16 ; elapsed = 00:00:21 . Memory (MB): peak = 2264.617 ; gain = 0.000
Phase 2 Global Placement | Checksum: 1a650c386

Time (s): cpu = 00:00:16 ; elapsed = 00:00:21 . Memory (MB): peak = 2264.617 ; gain = 0.000

Phase 3 Detail Placement

Phase 3.1 Commit Multi Column Macros
Phase 3.1 Commit Multi Column Macros | Checksum: 174cb2a49

Time (s): cpu = 00:00:16 ; elapsed = 00:00:21 . Memory (MB): peak = 2264.617 ; gain = 0.000

Phase 3.2 Commit Most Macros & LUTRAMs
Phase 3.2 Commit Most Macros & LUTRAMs | Checksum: 1610d34d4

Time (s): cpu = 00:00:17 ; elapsed = 00:00:22 . Memory (MB): peak = 2264.617 ; gain = 0.000

Phase 3.3 Area Swap Optimization
Phase 3.3 Area Swap Optimization | Checksum: 145f50a17

Time (s): cpu = 00:00:17 ; elapsed = 00:00:22 . Memory (MB): peak = 2264.617 ; gain = 0.000

Phase 3.4 Pipeline Register Optimization
Phase 3.4 Pipeline Register Optimization | Checksum: 240a0def1

Time (s): cpu = 00:00:17 ; elapsed = 00:00:22 . Memory (MB): peak = 2264.617 ; gain = 0.000

Phase 3.5 Fast Optimization
Phase 3.5 Fast Optimization | Checksum: 188b1d400

Time (s): cpu = 00:00:18 ; elapsed = 00:00:31 . Memory (MB): peak = 2264.617 ; gain = 0.000

Phase 3.6 Small Shape Detail Placement
Phase 3.6 Small Shape Detail Placement | Checksum: ee60c3fd

Time (s): cpu = 00:00:21 ; elapsed = 00:00:35 . Memory (MB): peak = 2264.617 ; gain = 0.000

Phase 3.7 Re-assign LUT pins
Phase 3.7 Re-assign LUT pins | Checksum: 1c7c6bba8

Time (s): cpu = 00:00:21 ; elapsed = 00:00:36 . Memory (MB): peak = 2264.617 ; gain = 0.000

Phase 3.8 Pipeline Register Optimization
Phase 3.8 Pipeline Register Optimization | Checksum: 211d80050

Time (s): cpu = 00:00:21 ; elapsed = 00:00:36 . Memory (MB): peak = 2264.617 ; gain = 0.000

Phase 3.9 Fast Optimization
Phase 3.9 Fast Optimization | Checksum: 230acd3fc

Time (s): cpu = 00:00:23 ; elapsed = 00:00:43 . Memory (MB): peak = 2264.617 ; gain = 0.000
Phase 3 Detail Placement | Checksum: 230acd3fc

Time (s): cpu = 00:00:23 ; elapsed = 00:00:43 . Memory (MB): peak = 2264.617 ; gain = 0.000

Phase 4 Post Placement Optimization and Clean-Up

Phase 4.1 Post Commit Optimization
INFO: [Place 46-20] Placer is running with the ExtraNetDelay_high directive. Post Placement Optimization may take longer to complete with ExtraNetDelay_high compared to other directives.
INFO: [Timing 38-35] Done setting XDC timing constraints.

Phase 4.1.1 Post Placement Optimization
Post Placement Optimization Initialization | Checksum: 13adbb61c

Phase 4.1.1.1 BUFG Insertion

Starting Physical Synthesis Task

Phase 1 Physical Synthesis Initialization
INFO: [Physopt 32-721] Multithreading enabled for phys_opt_design using a maximum of 8 CPUs
INFO: [Physopt 32-619] Estimated Timing Summary | WNS=-0.605 | TNS=-111.790 |
Phase 1 Physical Synthesis Initialization | Checksum: 1b4efdb43

Time (s): cpu = 00:00:01 ; elapsed = 00:00:00.315 . Memory (MB): peak = 2264.617 ; gain = 0.000
INFO: [Place 46-56] BUFG insertion identified 0 candidate nets. Inserted BUFG: 0, Replicated BUFG Driver: 0, Skipped due to Placement/Routing Conflicts: 0, Skipped due to Timing Degradation: 0, Skipped due to netlist editing failed: 0.
Ending Physical Synthesis Task | Checksum: 1b4efdb43

Time (s): cpu = 00:00:01 ; elapsed = 00:00:00.386 . Memory (MB): peak = 2264.617 ; gain = 0.000
Phase 4.1.1.1 BUFG Insertion | Checksum: 13adbb61c

Time (s): cpu = 00:00:25 ; elapsed = 00:00:45 . Memory (MB): peak = 2264.617 ; gain = 0.000

Phase 4.1.1.2 Post Placement Timing Optimization
INFO: [Place 30-746] Post Placement Timing Summary WNS=-0.116. For the most accurate timing information please run report_timing.
Phase 4.1.1.2 Post Placement Timing Optimization | Checksum: fe1e8edd

Time (s): cpu = 00:01:00 ; elapsed = 00:03:28 . Memory (MB): peak = 2274.371 ; gain = 9.754

Time (s): cpu = 00:01:00 ; elapsed = 00:03:28 . Memory (MB): peak = 2274.371 ; gain = 9.754
Phase 4.1 Post Commit Optimization | Checksum: fe1e8edd

Time (s): cpu = 00:01:00 ; elapsed = 00:03:28 . Memory (MB): peak = 2274.371 ; gain = 9.754

Phase 4.2 Post Placement Cleanup
Phase 4.2 Post Placement Cleanup | Checksum: fe1e8edd

Time (s): cpu = 00:01:00 ; elapsed = 00:03:28 . Memory (MB): peak = 2274.371 ; gain = 9.754

Phase 4.3 Placer Reporting

Phase 4.3.1 Print Estimated Congestion
INFO: [Place 30-612] Post-Placement Estimated Congestion 
 ____________________________________________________
|           | Global Congestion | Short Congestion  |
| Direction | Region Size       | Region Size       |
|___________|___________________|___________________|
|      North|                1x1|                8x8|
|___________|___________________|___________________|
|      South|                1x1|                1x1|
|___________|___________________|___________________|
|       East|                4x4|                8x8|
|___________|___________________|___________________|
|       West|                1x1|                4x4|
|___________|___________________|___________________|

Phase 4.3.1 Print Estimated Congestion | Checksum: fe1e8edd

Time (s): cpu = 00:01:00 ; elapsed = 00:03:28 . Memory (MB): peak = 2274.371 ; gain = 9.754
Phase 4.3 Placer Reporting | Checksum: fe1e8edd

Time (s): cpu = 00:01:00 ; elapsed = 00:03:28 . Memory (MB): peak = 2274.371 ; gain = 9.754

Phase 4.4 Final Placement Cleanup
Netlist sorting complete. Time (s): cpu = 00:00:00 ; elapsed = 00:00:00.003 . Memory (MB): peak = 2274.371 ; gain = 0.000

Time (s): cpu = 00:01:00 ; elapsed = 00:03:28 . Memory (MB): peak = 2274.371 ; gain = 9.754
Phase 4 Post Placement Optimization and Clean-Up | Checksum: 137b09d95

Time (s): cpu = 00:01:00 ; elapsed = 00:03:28 . Memory (MB): peak = 2274.371 ; gain = 9.754
Ending Placer Task | Checksum: e2df80a4

Time (s): cpu = 00:01:00 ; elapsed = 00:03:28 . Memory (MB): peak = 2274.371 ; gain = 9.754
84 Infos, 0 Warnings, 0 Critical Warnings and 0 Errors encountered.
place_design completed successfully
place_design: Time (s): cpu = 00:01:00 ; elapsed = 00:03:29 . Memory (MB): peak = 2274.371 ; gain = 9.754
INFO: [runtcl-4] Executing : report_io -file top_io_placed.rpt
report_io: Time (s): cpu = 00:00:00 ; elapsed = 00:00:00.156 . Memory (MB): peak = 2274.371 ; gain = 0.000
INFO: [runtcl-4] Executing : report_utilization -file top_utilization_placed.rpt -pb top_utilization_placed.pb
INFO: [runtcl-4] Executing : report_control_sets -verbose -file top_control_sets_placed.rpt
report_control_sets: Time (s): cpu = 00:00:00 ; elapsed = 00:00:00.037 . Memory (MB): peak = 2274.371 ; gain = 0.000
INFO: [Timing 38-480] Writing timing data to binary archive.
Write ShapeDB Complete: Time (s): cpu = 00:00:00 ; elapsed = 00:00:00.022 . Memory (MB): peak = 2274.371 ; gain = 0.000
Wrote PlaceDB: Time (s): cpu = 00:00:00 ; elapsed = 00:00:00.855 . Memory (MB): peak = 2274.371 ; gain = 0.000
Wrote PulsedLatchDB: Time (s): cpu = 00:00:00 ; elapsed = 00:00:00 . Memory (MB): peak = 2274.371 ; gain = 0.000
Writing XDEF routing.
Writing XDEF routing logical nets.
Writing XDEF routing special nets.
Wrote RouteStorage: Time (s): cpu = 00:00:00 ; elapsed = 00:00:00.028 . Memory (MB): peak = 2274.371 ; gain = 0.000
Wrote Netlist Cache: Time (s): cpu = 00:00:00 ; elapsed = 00:00:00.017 . Memory (MB): peak = 2274.371 ; gain = 0.000
Wrote Device Cache: Time (s): cpu = 00:00:00 ; elapsed = 00:00:00.008 . Memory (MB): peak = 2274.371 ; gain = 0.000
Write Physdb Complete: Time (s): cpu = 00:00:00 ; elapsed = 00:00:00.922 . Memory (MB): peak = 2274.371 ; gain = 0.000
INFO: [Common 17-1381] The checkpoint 'C:/Users/hp/Downloads/digital_twin/digital_twin.runs/impl_1/top_placed.dcp' has been generated.
Command: phys_opt_design -directive AggressiveExplore
Attempting to get a license for feature 'Implementation' and/or device 'xc7k325t'
INFO: [Common 17-349] Got license for feature 'Implementation' and/or device 'xc7k325t'
INFO: [Vivado_Tcl 4-137] Directive used for phys_opt_design is: AggressiveExplore

Starting Initial Update Timing Task

Time (s): cpu = 00:00:00 ; elapsed = 00:00:00.987 . Memory (MB): peak = 2274.371 ; gain = 0.000
INFO: [Vivado_Tcl 4-1435] PhysOpt_Tcl_Interface Runtime Before Starting Physical Synthesis Task | CPU: 0.00s |  WALL: 1.05s
Netlist sorting complete. Time (s): cpu = 00:00:00 ; elapsed = 00:00:00.003 . Memory (MB): peak = 2274.371 ; gain = 0.000

Starting Physical Synthesis Task

Phase 1 Physical Synthesis Initialization
INFO: [Physopt 32-721] Multithreading enabled for phys_opt_design using a maximum of 8 CPUs
INFO: [Physopt 32-619] Estimated Timing Summary | WNS=-0.116 | TNS=-0.226 |
Phase 1 Physical Synthesis Initialization | Checksum: 1e039cd4a

Time (s): cpu = 00:00:00 ; elapsed = 00:00:00.827 . Memory (MB): peak = 2274.371 ; gain = 0.000

Phase 2 SLR Crossing Optimization
Phase 2 SLR Crossing Optimization | Checksum: 1e039cd4a

Time (s): cpu = 00:00:00 ; elapsed = 00:00:00.867 . Memory (MB): peak = 2274.371 ; gain = 0.000
INFO: [Physopt 32-619] Estimated Timing Summary | WNS=-0.116 | TNS=-0.226 |

Phase 3 Fanout Optimization
INFO: [Physopt 32-76] Pass 1. Identified 26 candidate nets for fanout optimization.
INFO: [Physopt 32-572] Net student_top_inst/Core_cpu/cpu_core/if_id_inst/bp_fetch_redirect was not replicated.
Resolution: phys_opt_design can be forced to replicate a net driver using the option -force_replication_on_nets <list of net objects>.
INFO: [Physopt 32-81] Processed net student_top_inst/Core_cpu/cpu_core/if_id_inst/bp_fetch_valid_r_reg. Replicated 1 times.
INFO: [Physopt 32-572] Net student_top_inst/Core_cpu/cpu_core/if_id_inst/pc_jump_en_o was not replicated.
Resolution: phys_opt_design can be forced to replicate a net driver using the option -force_replication_on_nets <list of net objects>.
INFO: [Physopt 32-572] Net student_top_inst/Core_cpu/cpu_core/id_ex_inst/forwarding_inst/base_sel was not replicated.
Resolution: phys_opt_design can be forced to replicate a net driver using the option -force_replication_on_nets <list of net objects>.
INFO: [Physopt 32-572] Net student_top_inst/Core_cpu/cpu_core/id_ex_inst/forwarding_inst/in020_out was not replicated.
Resolution: phys_opt_design can be forced to replicate a net driver using the option -force_replication_on_nets <list of net objects>.
INFO: [Physopt 32-572] Net student_top_inst/Core_cpu/cpu_core/id_ex_inst/forwarding_inst/in04 was not replicated.
Resolution: phys_opt_design can be forced to replicate a net driver using the option -force_replication_on_nets <list of net objects>.
INFO: [Physopt 32-572] Net student_top_inst/Core_cpu/cpu_core/ex_mem_inst/dff_inst/done_r_reg_rep__41_0 was not replicated.
Resolution: phys_opt_design can be forced to replicate a net driver using the option -force_replication_on_nets <list of net objects>.
INFO: [Physopt 32-572] Net student_top_inst/Core_cpu/cpu_core/id_ex_inst/id_ex_is_branch_w was not replicated.
Resolution: phys_opt_design can be forced to replicate a net driver using the option -force_replication_on_nets <list of net objects>.
INFO: [Physopt 32-572] Net student_top_inst/Core_cpu/cpu_core/ex_mem_inst/dff_rd_addr/rs2_alu_match_ex_mem_inst_i_2_n_0 was not replicated.
Resolution: phys_opt_design can be forced to replicate a net driver using the option -force_replication_on_nets <list of net objects>.
INFO: [Physopt 32-572] Net student_top_inst/Core_cpu/cpu_core/ex_inst/rv32m_iter_inst/div_remainder_shift_r was not replicated.
Resolution: phys_opt_design can be forced to replicate a net driver using the option -force_replication_on_nets <list of net objects>.
INFO: [Physopt 32-572] Net student_top_inst/Core_cpu/cpu_core/id_ex_inst/rs2_addr_o_reg[3]_0 was not replicated.
Resolution: phys_opt_design can be forced to replicate a net driver using the option -force_replication_on_nets <list of net objects>.
INFO: [Physopt 32-572] Net student_top_inst/Core_cpu/cpu_core/ex_inst/rv32m_iter_inst/div_remainder_r was not replicated.
Resolution: phys_opt_design can be forced to replicate a net driver using the option -force_replication_on_nets <list of net objects>.
INFO: [Physopt 32-232] Optimized 1 net. Created 1 new instance.
INFO: [Physopt 32-775] End 1 Pass. Optimized 1 net or cell. Created 1 new cell, deleted 0 existing cell and moved 0 existing cell
INFO: [Physopt 32-619] Estimated Timing Summary | WNS=-0.116 | TNS=-0.226 |
Netlist sorting complete. Time (s): cpu = 00:00:00 ; elapsed = 00:00:00.030 . Memory (MB): peak = 2274.371 ; gain = 0.000
Phase 3 Fanout Optimization | Checksum: 1aa241edc

Time (s): cpu = 00:00:02 ; elapsed = 00:00:04 . Memory (MB): peak = 2274.371 ; gain = 0.000

Phase 4 Single Cell Placement Optimization
INFO: [Physopt 32-660] Identified 250 candidate nets for placement-based optimization.
INFO: [Physopt 32-662] Processed net student_top_inst/Core_cpu/cpu_core/branch_predictor_inst/bp_fetch_pc_r_reg[30][31].  Did not re-place instance student_top_inst/Core_cpu/cpu_core/branch_predictor_inst/hold_pred_target_reg[31]_i_1
INFO: [Physopt 32-662] Processed net student_top_inst/Core_cpu/cpu_core/id_ex_inst/mtvec_r_reg[31][31].  Did not re-place instance student_top_inst/Core_cpu/cpu_core/id_ex_inst/pc_o[31]_i_1
INFO: [Physopt 32-662] Processed net student_top_inst/Core_cpu/cpu_core/if_id_inst/b_imm_inst__25_n_0.  Did not re-place instance student_top_inst/Core_cpu/cpu_core/if_id_inst/b_imm_inst__25
INFO: [Physopt 32-662] Processed net student_top_inst/Core_cpu/cpu_core/if_id_inst/pred_target_o_reg[31]_0.  Did not re-place instance student_top_inst/Core_cpu/cpu_core/if_id_inst/pc_o[31]_i_4
INFO: [Physopt 32-662] Processed net student_top_inst/Core_cpu/cpu_core/pc_reg_inst/Q[31].  Did not re-place instance student_top_inst/Core_cpu/cpu_core/pc_reg_inst/pc_o_reg[31]
INFO: [Physopt 32-662] Processed net student_top_inst/Core_cpu/cpu_core/branch_predictor_inst/bp_fetch_pc_r_reg[30][30].  Did not re-place instance student_top_inst/Core_cpu/cpu_core/branch_predictor_inst/hold_pred_target_reg[30]_i_1
INFO: [Physopt 32-663] Processed net student_top_inst/Core_cpu/cpu_core/id_ex_inst/mtvec_r_reg[31][30].  Re-placed instance student_top_inst/Core_cpu/cpu_core/id_ex_inst/pc_o[30]_i_2
INFO: [Physopt 32-662] Processed net student_top_inst/Core_cpu/cpu_core/if_id_inst/pred_target_o_reg[30]_0.  Did not re-place instance student_top_inst/Core_cpu/cpu_core/if_id_inst/pc_o[30]_i_5
INFO: [Physopt 32-662] Processed net student_top_inst/Core_cpu/cpu_core/pc_reg_inst/Q[30].  Did not re-place instance student_top_inst/Core_cpu/cpu_core/pc_reg_inst/pc_o_reg[30]
INFO: [Physopt 32-662] Processed net student_top_inst/Core_cpu/cpu_core/if_id_inst/b_imm_inst__29_n_0.  Did not re-place instance student_top_inst/Core_cpu/cpu_core/if_id_inst/b_imm_inst__29
INFO: [Physopt 32-662] Processed net student_top_inst/Core_cpu/cpu_core/if_id_inst/hold_pred_target_reg[7]_i_7_n_0.  Did not re-place instance student_top_inst/Core_cpu/cpu_core/if_id_inst/hold_pred_target_reg[7]_i_7
INFO: [Physopt 32-662] Processed net student_top_inst/Core_cpu/cpu_core/if_id_inst/hold_pred_target_reg[3]_i_7_n_0.  Did not re-place instance student_top_inst/Core_cpu/cpu_core/if_id_inst/hold_pred_target_reg[3]_i_7
INFO: [Physopt 32-662] Processed net student_top_inst/Core_cpu/cpu_core/if_id_inst/bp_fetch_redirect.  Did not re-place instance student_top_inst/Core_cpu/cpu_core/if_id_inst/pc_o[31]_i_11
INFO: [Physopt 32-662] Processed net student_top_inst/Core_cpu/cpu_core/if_id_inst/bp_fetch_valid_r_reg.  Did not re-place instance student_top_inst/Core_cpu/cpu_core/if_id_inst/hold_pred_target_reg[31]_i_4
INFO: [Physopt 32-662] Processed net student_top_inst/Core_cpu/cpu_core/branch_predictor_inst/bp_pred_taken_o.  Did not re-place instance student_top_inst/Core_cpu/cpu_core/branch_predictor_inst/hold_pred_taken_reg_i_1
INFO: [Physopt 32-662] Processed net student_top_inst/Core_cpu/cpu_core/if_id_inst/b_imm_inst__24_n_0.  Did not re-place instance student_top_inst/Core_cpu/cpu_core/if_id_inst/b_imm_inst__24
INFO: [Physopt 32-662] Processed net student_top_inst/Core_cpu/cpu_core/if_id_inst/hold_pred_target_reg[7]_i_5_n_0.  Did not re-place instance student_top_inst/Core_cpu/cpu_core/if_id_inst/hold_pred_target_reg[7]_i_5
INFO: [Physopt 32-662] Processed net student_top_inst/Core_cpu/cpu_core/branch_predictor_inst/bp_fetch_pc_r_reg[30][26].  Did not re-place instance student_top_inst/Core_cpu/cpu_core/branch_predictor_inst/hold_pred_target_reg[26]_i_1
INFO: [Physopt 32-663] Processed net student_top_inst/Core_cpu/cpu_core/id_ex_inst/mtvec_r_reg[31][26].  Re-placed instance student_top_inst/Core_cpu/cpu_core/id_ex_inst/pc_o[26]_i_1
INFO: [Physopt 32-662] Processed net student_top_inst/Core_cpu/cpu_core/if_id_inst/pred_target_o_reg[26]_0.  Did not re-place instance student_top_inst/Core_cpu/cpu_core/if_id_inst/pc_o[26]_i_4
INFO: [Physopt 32-662] Processed net student_top_inst/Core_cpu/cpu_core/pc_reg_inst/Q[26].  Did not re-place instance student_top_inst/Core_cpu/cpu_core/pc_reg_inst/pc_o_reg[26]
INFO: [Physopt 32-662] Processed net student_top_inst/Core_cpu/cpu_core/if_id_inst/b_imm_inst__27_n_0.  Did not re-place instance student_top_inst/Core_cpu/cpu_core/if_id_inst/b_imm_inst__27
INFO: [Physopt 32-662] Processed net student_top_inst/Core_cpu/cpu_core/if_id_inst/hold_pred_target_reg[3]_i_6_n_0.  Did not re-place instance student_top_inst/Core_cpu/cpu_core/if_id_inst/hold_pred_target_reg[3]_i_6
INFO: [Physopt 32-662] Processed net student_top_inst/Core_cpu/cpu_core/if_id_inst/b_imm_inst__20_n_0.  Did not re-place instance student_top_inst/Core_cpu/cpu_core/if_id_inst/b_imm_inst__20
INFO: [Physopt 32-663] Processed net student_top_inst/Core_cpu/cpu_core/branch_predictor_inst/branch_pred_taken_w.  Re-placed instance student_top_inst/Core_cpu/cpu_core/branch_predictor_inst/b_imm_inst__30
INFO: [Physopt 32-662] Processed net student_top_inst/Core_cpu/cpu_core/if_id_inst/hold_pred_target_reg[3]_i_5_n_0.  Did not re-place instance student_top_inst/Core_cpu/cpu_core/if_id_inst/hold_pred_target_reg[3]_i_5
INFO: [Physopt 32-662] Processed net student_top_inst/Core_cpu/cpu_core/id_ex_inst/forwarding_inst/base_sel.  Did not re-place instance student_top_inst/Core_cpu/cpu_core/id_ex_inst/data_o[3]_i_13
INFO: [Physopt 32-662] Processed net student_top_inst/Core_cpu/cpu_core/id_ex_inst/inst_o_reg[27]_0[4].  Did not re-place instance student_top_inst/Core_cpu/cpu_core/id_ex_inst/inst_o_reg[4]
INFO: [Physopt 32-663] Processed net student_top_inst/Core_cpu/cpu_core/id_ex_inst/fwd_base_addr_o[1].  Re-placed instance student_top_inst/Core_cpu/cpu_core/id_ex_inst/data_o[3]_i_7
INFO: [Physopt 32-662] Processed net student_top_inst/Core_cpu/cpu_core/ex_mem_inst/dff_load_hits_dram/internal_flush_inst__6_n_0.  Did not re-place instance student_top_inst/Core_cpu/cpu_core/ex_mem_inst/dff_load_hits_dram/internal_flush_inst__6
INFO: [Physopt 32-662] Processed net student_top_inst/Core_cpu/cpu_core/id_ex_inst/data_o[3]_i_11__0_n_0.  Did not re-place instance student_top_inst/Core_cpu/cpu_core/id_ex_inst/data_o[3]_i_11__0
INFO: [Physopt 32-662] Processed net student_top_inst/Core_cpu/cpu_core/id_ex_inst/ex_load_hits_dram_o.  Did not re-place instance student_top_inst/Core_cpu/cpu_core/id_ex_inst/internal_flush_inst__6_i_1
INFO: [Physopt 32-663] Processed net student_top_inst/Core_cpu/cpu_core/id_ex_inst/id_ex_is_jalr_w.  Re-placed instance student_top_inst/Core_cpu/cpu_core/id_ex_inst/data_o[3]_i_14
INFO: [Physopt 32-662] Processed net student_top_inst/Core_cpu/cpu_core/id_ex_inst/internal_flush_inst__6_i_4_n_0.  Did not re-place instance student_top_inst/Core_cpu/cpu_core/id_ex_inst/internal_flush_inst__6_i_4
INFO: [Physopt 32-662] Processed net student_top_inst/Core_cpu/cpu_core/id_ex_inst/internal_flush_inst__6_i_5_n_0.  Did not re-place instance student_top_inst/Core_cpu/cpu_core/id_ex_inst/internal_flush_inst__6_i_5
INFO: [Physopt 32-662] Processed net student_top_inst/Core_cpu/cpu_core/ex_mem_inst/dff_load_hits_dram/ex_mem_load_hits_dram_o.  Did not re-place instance student_top_inst/Core_cpu/cpu_core/ex_mem_inst/dff_load_hits_dram/data_o_reg[0]
INFO: [Physopt 32-662] Processed net student_top_inst/Core_cpu/cpu_core/if_id_inst/b_imm_inst__26_n_0.  Did not re-place instance student_top_inst/Core_cpu/cpu_core/if_id_inst/b_imm_inst__26
INFO: [Physopt 32-662] Processed net student_top_inst/Core_cpu/cpu_core/if_id_inst/b_imm_inst__22_n_0.  Did not re-place instance student_top_inst/Core_cpu/cpu_core/if_id_inst/b_imm_inst__22
INFO: [Physopt 32-662] Processed net student_top_inst/Core_cpu/cpu_core/id_ex_inst/forwarding_inst/in020_out.  Did not re-place instance student_top_inst/Core_cpu/cpu_core/id_ex_inst/rs1_match_ex_mem_inst_i_4
INFO: [Physopt 32-662] Processed net student_top_inst/Core_cpu/cpu_core/id_ex_inst/data_o[9]_i_21_n_0.  Did not re-place instance student_top_inst/Core_cpu/cpu_core/id_ex_inst/data_o[9]_i_21
INFO: [Physopt 32-663] Processed net student_top_inst/Core_cpu/cpu_core/id_ex_inst/data_o_reg[25]_2.  Re-placed instance student_top_inst/Core_cpu/cpu_core/id_ex_inst/data_o[25]_i_24
INFO: [Physopt 32-662] Processed net student_top_inst/Core_cpu/cpu_core/id_ex_inst/rs1_match_ex_mem_inst_rep__8_i_1_n_0.  Did not re-place instance student_top_inst/Core_cpu/cpu_core/id_ex_inst/rs1_match_ex_mem_inst_rep__8_i_1
INFO: [Physopt 32-663] Processed net student_top_inst/Core_cpu/cpu_core/ex_mem_inst/dff_rd_addr/ex_mem_pipe_rd_addr_o[4].  Re-placed instance student_top_inst/Core_cpu/cpu_core/ex_mem_inst/dff_rd_addr/data_o_reg[4]
INFO: [Physopt 32-662] Processed net student_top_inst/Core_cpu/cpu_core/id_ex_inst/data_o[7]_i_37_n_0.  Did not re-place instance student_top_inst/Core_cpu/cpu_core/id_ex_inst/data_o[7]_i_37
INFO: [Physopt 32-662] Processed net student_top_inst/Core_cpu/cpu_core/ex_inst/rv32m_iter_inst/done_r_reg_rep__30_0.  Did not re-place instance student_top_inst/Core_cpu/cpu_core/ex_inst/rv32m_iter_inst/data_o[6]_i_1__5
INFO: [Physopt 32-662] Processed net student_top_inst/Core_cpu/cpu_core/id_ex_inst/data_o[6]_i_3_n_0.  Did not re-place instance student_top_inst/Core_cpu/cpu_core/id_ex_inst/data_o[6]_i_3
INFO: [Physopt 32-662] Processed net student_top_inst/Core_cpu/cpu_core/id_ex_inst/data_o[6]_i_5_n_0.  Did not re-place instance student_top_inst/Core_cpu/cpu_core/id_ex_inst/data_o[6]_i_5
INFO: [Physopt 32-662] Processed net student_top_inst/Core_cpu/cpu_core/id_ex_inst/data_o[6]_i_9_n_0.  Did not re-place instance student_top_inst/Core_cpu/cpu_core/id_ex_inst/data_o[6]_i_9
INFO: [Physopt 32-662] Processed net student_top_inst/Core_cpu/cpu_core/id_ex_inst/done_r_reg_rep__30_0.  Did not re-place instance student_top_inst/Core_cpu/cpu_core/id_ex_inst/data_o[6]_i_2
INFO: [Physopt 32-663] Processed net student_top_inst/Core_cpu/cpu_core/id_ex_inst/ex_inst/op1_i_shift_right_op2_i[6].  Re-placed instance student_top_inst/Core_cpu/cpu_core/id_ex_inst/data_o[6]_i_14
INFO: [Physopt 32-662] Processed net student_top_inst/Core_cpu/cpu_core/id_ex_inst/rs1_match_ex_mem_inst_i_6_n_0.  Did not re-place instance student_top_inst/Core_cpu/cpu_core/id_ex_inst/rs1_match_ex_mem_inst_i_6
INFO: [Physopt 32-662] Processed net student_top_inst/Core_cpu/cpu_core/ex_mem_inst/dff_rd_data/data_o_reg[6]_0.  Did not re-place instance student_top_inst/Core_cpu/cpu_core/ex_mem_inst/dff_rd_data/data_o_reg[6]
INFO: [Physopt 32-662] Processed net student_top_inst/Core_cpu/cpu_core/if_id_inst/pc_jump_en_o.  Did not re-place instance student_top_inst/Core_cpu/cpu_core/if_id_inst/pc_o[31]_i_6
INFO: [Physopt 32-662] Processed net student_top_inst/Core_cpu/cpu_core/if_id_inst/b_imm_inst__28_n_0.  Did not re-place instance student_top_inst/Core_cpu/cpu_core/if_id_inst/b_imm_inst__28
INFO: [Physopt 32-662] Processed net student_top_inst/Core_cpu/cpu_core/id_ex_inst/data_o[23]_i_46_n_0.  Did not re-place instance student_top_inst/Core_cpu/cpu_core/id_ex_inst/data_o[23]_i_46
INFO: [Physopt 32-662] Processed net student_top_inst/Core_cpu/cpu_core/id_ex_inst/rs1_match_ex_mem_inst_rep__11_i_1_n_0.  Did not re-place instance student_top_inst/Core_cpu/cpu_core/id_ex_inst/rs1_match_ex_mem_inst_rep__11_i_1
INFO: [Physopt 32-662] Processed net student_top_inst/Core_cpu/cpu_core/id_ex_inst/data_o[15]_i_43_n_0.  Did not re-place instance student_top_inst/Core_cpu/cpu_core/id_ex_inst/data_o[15]_i_43
INFO: [Physopt 32-663] Processed net student_top_inst/Core_cpu/cpu_core/id_ex_inst/data_o[11]_i_37_n_0.  Re-placed instance student_top_inst/Core_cpu/cpu_core/id_ex_inst/data_o[11]_i_37
INFO: [Physopt 32-663] Processed net student_top_inst/Core_cpu/cpu_core/ex_inst/rv32m_iter_inst/done_r_reg_rep__28_2.  Re-placed instance student_top_inst/Core_cpu/cpu_core/ex_inst/rv32m_iter_inst/data_o[11]_i_1__3
INFO: [Physopt 32-662] Processed net student_top_inst/Core_cpu/cpu_core/id_ex_inst/data_o[11]_i_10_n_0.  Did not re-place instance student_top_inst/Core_cpu/cpu_core/id_ex_inst/data_o[11]_i_10
INFO: [Physopt 32-662] Processed net student_top_inst/Core_cpu/cpu_core/id_ex_inst/data_o[11]_i_3__0_n_0.  Did not re-place instance student_top_inst/Core_cpu/cpu_core/id_ex_inst/data_o[11]_i_3__0
INFO: [Physopt 32-662] Processed net student_top_inst/Core_cpu/cpu_core/id_ex_inst/data_o[11]_i_5__0_n_0.  Did not re-place instance student_top_inst/Core_cpu/cpu_core/id_ex_inst/data_o[11]_i_5__0
INFO: [Physopt 32-662] Processed net student_top_inst/Core_cpu/cpu_core/id_ex_inst/done_r_reg_rep__27.  Did not re-place instance student_top_inst/Core_cpu/cpu_core/id_ex_inst/data_o[11]_i_2
INFO: [Physopt 32-662] Processed net student_top_inst/Core_cpu/cpu_core/id_ex_inst/ex_inst/op1_i_shift_right_op2_i[11].  Did not re-place instance student_top_inst/Core_cpu/cpu_core/id_ex_inst/data_o[11]_i_25
INFO: [Physopt 32-662] Processed net student_top_inst/Core_cpu/cpu_core/ex_mem_inst/dff_rd_data/data_o_reg[11]_1.  Did not re-place instance student_top_inst/Core_cpu/cpu_core/ex_mem_inst/dff_rd_data/data_o_reg[11]
INFO: [Physopt 32-662] Processed net student_top_inst/Core_cpu/cpu_core/id_ex_inst/fwd_base_addr_o[2].  Did not re-place instance student_top_inst/Core_cpu/cpu_core/id_ex_inst/data_o[3]_i_6
INFO: [Physopt 32-662] Processed net student_top_inst/Core_cpu/cpu_core/id_ex_inst/data_o[3]_i_10_n_0.  Did not re-place instance student_top_inst/Core_cpu/cpu_core/id_ex_inst/data_o[3]_i_10
INFO: [Physopt 32-662] Processed net student_top_inst/Core_cpu/cpu_core/branch_predictor_inst/bp_fetch_pc_r_reg[30][25].  Did not re-place instance student_top_inst/Core_cpu/cpu_core/branch_predictor_inst/hold_pred_target_reg[25]_i_1
INFO: [Physopt 32-662] Processed net student_top_inst/Core_cpu/cpu_core/if_id_inst/pred_target_o[25]_i_1_n_0.  Did not re-place instance student_top_inst/Core_cpu/cpu_core/if_id_inst/pred_target_o[25]_i_1
INFO: [Physopt 32-662] Processed net student_top_inst/Core_cpu/cpu_core/if_id_inst/if_id_pred_target_o[25].  Did not re-place instance student_top_inst/Core_cpu/cpu_core/if_id_inst/pred_target_o_reg[25]
INFO: [Physopt 32-663] Processed net student_top_inst/Core_cpu/cpu_core/id_ex_inst/mtvec_r_reg[31][25].  Re-placed instance student_top_inst/Core_cpu/cpu_core/id_ex_inst/pc_o[25]_i_1
INFO: [Physopt 32-662] Processed net student_top_inst/Core_cpu/cpu_core/if_id_inst/pred_target_o_reg[25]_0.  Did not re-place instance student_top_inst/Core_cpu/cpu_core/if_id_inst/pc_o[25]_i_4
INFO: [Physopt 32-662] Processed net student_top_inst/Core_cpu/cpu_core/pc_reg_inst/Q[25].  Did not re-place instance student_top_inst/Core_cpu/cpu_core/pc_reg_inst/pc_o_reg[25]
INFO: [Physopt 32-662] Processed net student_top_inst/Core_cpu/cpu_core/id_ex_inst/forwarding_inst/in04.  Did not re-place instance student_top_inst/Core_cpu/cpu_core/id_ex_inst/rs1_match_ex_mem_inst_i_2
INFO: [Physopt 32-662] Processed net student_top_inst/Core_cpu/cpu_core/id_ex_inst/rs1_addr_o_reg[4]_0[4].  Did not re-place instance student_top_inst/Core_cpu/cpu_core/id_ex_inst/rs1_addr_o_reg[4]
INFO: [Physopt 32-663] Processed net student_top_inst/Core_cpu/cpu_core/id_ex_inst/data_o[15]_i_40_n_0.  Re-placed instance student_top_inst/Core_cpu/cpu_core/id_ex_inst/data_o[15]_i_40
INFO: [Physopt 32-662] Processed net student_top_inst/Core_cpu/cpu_core/ex_inst/rv32m_iter_inst/done_r_reg_rep__27_2.  Did not re-place instance student_top_inst/Core_cpu/cpu_core/ex_inst/rv32m_iter_inst/data_o[13]_i_1__3
INFO: [Physopt 32-662] Processed net student_top_inst/Core_cpu/cpu_core/id_ex_inst/data_o[13]_i_11_n_0.  Did not re-place instance student_top_inst/Core_cpu/cpu_core/id_ex_inst/data_o[13]_i_11
INFO: [Physopt 32-662] Processed net student_top_inst/Core_cpu/cpu_core/id_ex_inst/data_o[13]_i_5_n_0.  Did not re-place instance student_top_inst/Core_cpu/cpu_core/id_ex_inst/data_o[13]_i_5
INFO: [Physopt 32-662] Processed net student_top_inst/Core_cpu/cpu_core/id_ex_inst/data_o[13]_i_7_n_0.  Did not re-place instance student_top_inst/Core_cpu/cpu_core/id_ex_inst/data_o[13]_i_7
INFO: [Physopt 32-662] Processed net student_top_inst/Core_cpu/cpu_core/id_ex_inst/done_r_reg_rep__26.  Did not re-place instance student_top_inst/Core_cpu/cpu_core/id_ex_inst/data_o[13]_i_3
INFO: [Physopt 32-662] Processed net student_top_inst/Core_cpu/cpu_core/id_ex_inst/ex_inst/op1_i_shift_right_op2_i[13].  Did not re-place instance student_top_inst/Core_cpu/cpu_core/id_ex_inst/data_o[13]_i_17
INFO: [Physopt 32-662] Processed net student_top_inst/Core_cpu/cpu_core/ex_mem_inst/dff_rd_data/data_o_reg[13]_0.  Did not re-place instance student_top_inst/Core_cpu/cpu_core/ex_mem_inst/dff_rd_data/data_o_reg[13]
INFO: [Physopt 32-662] Processed net student_top_inst/Core_cpu/cpu_core/id_ex_inst/data_o[22]_i_22_n_0.  Did not re-place instance student_top_inst/Core_cpu/cpu_core/id_ex_inst/data_o[22]_i_22
INFO: [Physopt 32-662] Processed net student_top_inst/Core_cpu/cpu_core/id_ex_inst/rs1_match_ex_mem_inst_rep__12_i_1_n_0.  Did not re-place instance student_top_inst/Core_cpu/cpu_core/id_ex_inst/rs1_match_ex_mem_inst_rep__12_i_1
INFO: [Physopt 32-662] Processed net student_top_inst/Core_cpu/cpu_core/id_ex_inst/data_o[14]_i_24_n_0.  Did not re-place instance student_top_inst/Core_cpu/cpu_core/id_ex_inst/data_o[14]_i_24
INFO: [Physopt 32-662] Processed net student_top_inst/Core_cpu/cpu_core/id_ex_inst/data_o[8]_i_18_n_0.  Did not re-place instance student_top_inst/Core_cpu/cpu_core/id_ex_inst/data_o[8]_i_18
INFO: [Physopt 32-662] Processed net student_top_inst/Core_cpu/cpu_core/ex_inst/rv32m_iter_inst/done_r_reg_rep__30_2.  Did not re-place instance student_top_inst/Core_cpu/cpu_core/ex_inst/rv32m_iter_inst/data_o[7]_i_1__5
INFO: [Physopt 32-662] Processed net student_top_inst/Core_cpu/cpu_core/id_ex_inst/data_o[7]_i_10_n_0.  Did not re-place instance student_top_inst/Core_cpu/cpu_core/id_ex_inst/data_o[7]_i_10
INFO: [Physopt 32-662] Processed net student_top_inst/Core_cpu/cpu_core/id_ex_inst/data_o[7]_i_3__0_n_0.  Did not re-place instance student_top_inst/Core_cpu/cpu_core/id_ex_inst/data_o[7]_i_3__0
INFO: [Physopt 32-662] Processed net student_top_inst/Core_cpu/cpu_core/id_ex_inst/data_o[7]_i_5__0_n_0.  Did not re-place instance student_top_inst/Core_cpu/cpu_core/id_ex_inst/data_o[7]_i_5__0
INFO: [Physopt 32-662] Processed net student_top_inst/Core_cpu/cpu_core/id_ex_inst/done_r_reg_rep__29.  Did not re-place instance student_top_inst/Core_cpu/cpu_core/id_ex_inst/data_o[7]_i_2
INFO: [Physopt 32-662] Processed net student_top_inst/Core_cpu/cpu_core/id_ex_inst/ex_inst/op1_i_shift_right_op2_i[7].  Did not re-place instance student_top_inst/Core_cpu/cpu_core/id_ex_inst/data_o[7]_i_25
INFO: [Physopt 32-662] Processed net student_top_inst/Core_cpu/cpu_core/ex_mem_inst/dff_rd_data/data_o_reg[7]_1.  Did not re-place instance student_top_inst/Core_cpu/cpu_core/ex_mem_inst/dff_rd_data/data_o_reg[7]
INFO: [Physopt 32-662] Processed net student_top_inst/Core_cpu/cpu_core/branch_predictor_inst/bp_fetch_pc_r_reg[30][20].  Did not re-place instance student_top_inst/Core_cpu/cpu_core/branch_predictor_inst/hold_pred_target_reg[20]_i_1
INFO: [Physopt 32-663] Processed net student_top_inst/Core_cpu/cpu_core/id_ex_inst/mtvec_r_reg[31][20].  Re-placed instance student_top_inst/Core_cpu/cpu_core/id_ex_inst/pc_o[20]_i_1
INFO: [Physopt 32-663] Processed net student_top_inst/Core_cpu/cpu_core/if_id_inst/pred_target_o_reg[20]_0.  Re-placed instance student_top_inst/Core_cpu/cpu_core/if_id_inst/pc_o[20]_i_4
INFO: [Physopt 32-662] Processed net student_top_inst/Core_cpu/cpu_core/pc_reg_inst/Q[20].  Did not re-place instance student_top_inst/Core_cpu/cpu_core/pc_reg_inst/pc_o_reg[20]
INFO: [Physopt 32-662] Processed net student_top_inst/Core_cpu/cpu_core/ex_mem_inst/dff_inst/done_r_reg_rep__41_0.  Did not re-place instance student_top_inst/Core_cpu/cpu_core/ex_mem_inst/dff_inst/flush_ifid_o_inst_i_4
INFO: [Physopt 32-662] Processed net student_top_inst/Core_cpu/cpu_core/if_id_inst/Q[0].  Did not re-place instance student_top_inst/Core_cpu/cpu_core/if_id_inst/inst_o_reg[15]
INFO: [Physopt 32-662] Processed net student_top_inst/Core_cpu/cpu_core/if_id_inst/inst_o_reg[5]_rep__11.  Did not re-place instance student_top_inst/Core_cpu/cpu_core/if_id_inst/flush_ifid_o_inst_i_8
INFO: [Physopt 32-662] Processed net student_top_inst/Core_cpu/cpu_core/if_id_inst/data_o_reg[6].  Did not re-place instance student_top_inst/Core_cpu/cpu_core/if_id_inst/is_holding_reg_i_2
INFO: [Physopt 32-662] Processed net student_top_inst/Core_cpu/cpu_core/id_ex_inst/inst_o_reg[6]_rep__12_0.  Did not re-place instance student_top_inst/Core_cpu/cpu_core/id_ex_inst/flush_ifid_o_inst_i_17
INFO: [Physopt 32-662] Processed net student_top_inst/Core_cpu/cpu_core/if_id_inst/flush_ifid_o_inst_i_22_n_0.  Did not re-place instance student_top_inst/Core_cpu/cpu_core/if_id_inst/flush_ifid_o_inst_i_22
INFO: [Physopt 32-662] Processed net student_top_inst/Core_cpu/cpu_core/if_id_inst/flush_ifid_o_inst_i_42_n_0.  Did not re-place instance student_top_inst/Core_cpu/cpu_core/if_id_inst/flush_ifid_o_inst_i_42
INFO: [Physopt 32-662] Processed net student_top_inst/Core_cpu/cpu_core/pc_reg_inst/pc_o[4]_i_8_n_0.  Did not re-place instance student_top_inst/Core_cpu/cpu_core/pc_reg_inst/pc_o[4]_i_8
INFO: [Physopt 32-662] Processed net student_top_inst/Core_cpu/cpu_core/branch_predictor_inst/bp_fetch_pc_r_reg[30][29].  Did not re-place instance student_top_inst/Core_cpu/cpu_core/branch_predictor_inst/hold_pred_target_reg[29]_i_1
INFO: [Physopt 32-663] Processed net student_top_inst/Core_cpu/cpu_core/id_ex_inst/mtvec_r_reg[31][29].  Re-placed instance student_top_inst/Core_cpu/cpu_core/id_ex_inst/pc_o[29]_i_1
INFO: [Physopt 32-662] Processed net student_top_inst/Core_cpu/cpu_core/if_id_inst/pred_target_o_reg[29]_0.  Did not re-place instance student_top_inst/Core_cpu/cpu_core/if_id_inst/pc_o[29]_i_4
INFO: [Physopt 32-662] Processed net student_top_inst/Core_cpu/cpu_core/pc_reg_inst/Q[29].  Did not re-place instance student_top_inst/Core_cpu/cpu_core/pc_reg_inst/pc_o_reg[29]
INFO: [Physopt 32-662] Processed net student_top_inst/Core_cpu/cpu_core/id_ex_inst/rs1_match_ex_mem_inst_rep__41_i_1_n_0.  Did not re-place instance student_top_inst/Core_cpu/cpu_core/id_ex_inst/rs1_match_ex_mem_inst_rep__41_i_1
INFO: [Physopt 32-662] Processed net student_top_inst/Core_cpu/cpu_core/id_ex_inst/data_o_reg[2]_0.  Did not re-place instance student_top_inst/Core_cpu/cpu_core/id_ex_inst/mepc_r[2]_i_2
INFO: [Physopt 32-663] Processed net student_top_inst/Core_cpu/cpu_core/ex_inst/rv32m_iter_inst/done_r_reg_rep__21_2.  Re-placed instance student_top_inst/Core_cpu/cpu_core/ex_inst/rv32m_iter_inst/data_o[25]_i_1__2
INFO: [Physopt 32-662] Processed net student_top_inst/Core_cpu/cpu_core/ex_mem_inst/dff_rd_data/S[2].  Did not re-place instance student_top_inst/Core_cpu/cpu_core/ex_mem_inst/dff_rd_data/data_o[0]_i_30
INFO: [Physopt 32-662] Processed net student_top_inst/Core_cpu/cpu_core/id_ex_inst/data_o[25]_i_4__0_n_0.  Did not re-place instance student_top_inst/Core_cpu/cpu_core/id_ex_inst/data_o[25]_i_4__0
INFO: [Physopt 32-662] Processed net student_top_inst/Core_cpu/cpu_core/id_ex_inst/data_o[25]_i_8_n_0.  Did not re-place instance student_top_inst/Core_cpu/cpu_core/id_ex_inst/data_o[25]_i_8
INFO: [Physopt 32-662] Processed net student_top_inst/Core_cpu/cpu_core/id_ex_inst/done_r_reg_rep__20.  Did not re-place instance student_top_inst/Core_cpu/cpu_core/id_ex_inst/data_o[25]_i_3__0
INFO: [Physopt 32-662] Processed net student_top_inst/Core_cpu/cpu_core/ex_mem_inst/dff_rd_data/data_o_reg[25]_0.  Did not re-place instance student_top_inst/Core_cpu/cpu_core/ex_mem_inst/dff_rd_data/data_o_reg[25]
INFO: [Physopt 32-662] Processed net student_top_inst/Core_cpu/cpu_core/if_id_inst/pred_target_o[29]_i_1_n_0.  Did not re-place instance student_top_inst/Core_cpu/cpu_core/if_id_inst/pred_target_o[29]_i_1
INFO: [Physopt 32-662] Processed net student_top_inst/Core_cpu/cpu_core/if_id_inst/if_id_pred_target_o[29].  Did not re-place instance student_top_inst/Core_cpu/cpu_core/if_id_inst/pred_target_o_reg[29]
INFO: [Physopt 32-662] Processed net student_top_inst/Core_cpu/cpu_core/id_ex_inst/id_ex_is_branch_w.  Did not re-place instance student_top_inst/Core_cpu/cpu_core/id_ex_inst/rs1_match_ex_mem_inst_i_3
INFO: [Physopt 32-662] Processed net student_top_inst/Core_cpu/cpu_core/id_ex_inst/inst_o_reg[27]_0[0].  Did not re-place instance student_top_inst/Core_cpu/cpu_core/id_ex_inst/inst_o_reg[0]
INFO: [Physopt 32-662] Processed net student_top_inst/Core_cpu/rs1_match_ex_mem_inst_i_5_n_0.  Did not re-place instance student_top_inst/Core_cpu/rs1_match_ex_mem_inst_i_5
INFO: [Physopt 32-662] Processed net student_top_inst/Core_cpu/cpu_core/ex_inst/rv32m_iter_inst/done_r_reg_rep__28_0.  Did not re-place instance student_top_inst/Core_cpu/cpu_core/ex_inst/rv32m_iter_inst/data_o[10]_i_1__3
INFO: [Physopt 32-662] Processed net student_top_inst/Core_cpu/cpu_core/id_ex_inst/data_o[10]_i_3_n_0.  Did not re-place instance student_top_inst/Core_cpu/cpu_core/id_ex_inst/data_o[10]_i_3
INFO: [Physopt 32-662] Processed net student_top_inst/Core_cpu/cpu_core/id_ex_inst/data_o[10]_i_5_n_0.  Did not re-place instance student_top_inst/Core_cpu/cpu_core/id_ex_inst/data_o[10]_i_5
INFO: [Physopt 32-662] Processed net student_top_inst/Core_cpu/cpu_core/id_ex_inst/data_o[10]_i_9_n_0.  Did not re-place instance student_top_inst/Core_cpu/cpu_core/id_ex_inst/data_o[10]_i_9
INFO: [Physopt 32-662] Processed net student_top_inst/Core_cpu/cpu_core/id_ex_inst/done_r_reg_rep__28_0.  Did not re-place instance student_top_inst/Core_cpu/cpu_core/id_ex_inst/data_o[10]_i_2
INFO: [Physopt 32-662] Processed net student_top_inst/Core_cpu/cpu_core/id_ex_inst/ex_inst/op1_i_shift_right_op2_i[10].  Did not re-place instance student_top_inst/Core_cpu/cpu_core/id_ex_inst/data_o[10]_i_14
INFO: [Physopt 32-662] Processed net student_top_inst/Core_cpu/cpu_core/ex_mem_inst/dff_rd_data/data_o_reg[10]_0.  Did not re-place instance student_top_inst/Core_cpu/cpu_core/ex_mem_inst/dff_rd_data/data_o_reg[10]
INFO: [Physopt 32-662] Processed net student_top_inst/Core_cpu/cpu_core/ex_mem_inst/dff_rd_addr/rs2_alu_match_ex_mem_inst_i_2_n_0.  Did not re-place instance student_top_inst/Core_cpu/cpu_core/ex_mem_inst/dff_rd_addr/rs2_alu_match_ex_mem_inst_i_2
INFO: [Physopt 32-663] Processed net student_top_inst/Core_cpu/cpu_core/id_ex_inst/data_o[20]_i_20_n_0.  Re-placed instance student_top_inst/Core_cpu/cpu_core/id_ex_inst/data_o[20]_i_20
INFO: [Physopt 32-662] Processed net student_top_inst/Core_cpu/cpu_core/ex_mem_inst/dff_rd_data/alu_op2_inst_rep__37_i_1_n_0.  Did not re-place instance student_top_inst/Core_cpu/cpu_core/ex_mem_inst/dff_rd_data/alu_op2_inst_rep__37_i_1
INFO: [Physopt 32-663] Processed net student_top_inst/Core_cpu/cpu_core/ex_mem_inst/dff_rd_addr/ex_mem_pipe_rd_addr_o[3].  Re-placed instance student_top_inst/Core_cpu/cpu_core/ex_mem_inst/dff_rd_addr/data_o_reg[3]
INFO: [Physopt 32-662] Processed net student_top_inst/Core_cpu/cpu_core/ex_mem_inst/dff_rd_addr/rs2_alu_match_ex_mem_inst_rep__25_i_1_n_0.  Did not re-place instance student_top_inst/Core_cpu/cpu_core/ex_mem_inst/dff_rd_addr/rs2_alu_match_ex_mem_inst_rep__25_i_1
INFO: [Physopt 32-662] Processed net student_top_inst/Core_cpu/cpu_core/ex_inst/rv32m_iter_inst/done_r_reg_rep__24_0.  Did not re-place instance student_top_inst/Core_cpu/cpu_core/ex_inst/rv32m_iter_inst/data_o[18]_i_1__2
INFO: [Physopt 32-662] Processed net student_top_inst/Core_cpu/cpu_core/ex_mem_inst/dff_rd_addr/rs2_alu_match_ex_mem_inst_i_4_n_0.  Did not re-place instance student_top_inst/Core_cpu/cpu_core/ex_mem_inst/dff_rd_addr/rs2_alu_match_ex_mem_inst_i_4
INFO: [Physopt 32-662] Processed net student_top_inst/Core_cpu/cpu_core/id_ex_inst/data_o[18]_i_3_n_0.  Did not re-place instance student_top_inst/Core_cpu/cpu_core/id_ex_inst/data_o[18]_i_3
INFO: [Physopt 32-662] Processed net student_top_inst/Core_cpu/cpu_core/id_ex_inst/data_o[18]_i_5_n_0.  Did not re-place instance student_top_inst/Core_cpu/cpu_core/id_ex_inst/data_o[18]_i_5
INFO: [Physopt 32-662] Processed net student_top_inst/Core_cpu/cpu_core/id_ex_inst/data_o[18]_i_9_n_0.  Did not re-place instance student_top_inst/Core_cpu/cpu_core/id_ex_inst/data_o[18]_i_9
INFO: [Physopt 32-662] Processed net student_top_inst/Core_cpu/cpu_core/id_ex_inst/done_r_reg_rep__24_0.  Did not re-place instance student_top_inst/Core_cpu/cpu_core/id_ex_inst/data_o[18]_i_2__0
INFO: [Physopt 32-662] Processed net student_top_inst/Core_cpu/cpu_core/id_ex_inst/ex_inst/op1_i_shift_right_op2_i[18].  Did not re-place instance student_top_inst/Core_cpu/cpu_core/id_ex_inst/data_o[18]_i_14
INFO: [Physopt 32-662] Processed net student_top_inst/Core_cpu/cpu_core/ex_mem_inst/dff_rd_data/data_o_reg[18]_0.  Did not re-place instance student_top_inst/Core_cpu/cpu_core/ex_mem_inst/dff_rd_data/data_o_reg[18]
INFO: [Physopt 32-663] Processed net student_top_inst/Core_cpu/cpu_core/id_ex_inst/data_o[19]_i_14_n_0.  Re-placed instance student_top_inst/Core_cpu/cpu_core/id_ex_inst/data_o[19]_i_14
INFO: [Physopt 32-662] Processed net student_top_inst/Core_cpu/cpu_core/id_ex_inst/rs1_match_ex_mem_inst_rep__32_i_1_n_0.  Did not re-place instance student_top_inst/Core_cpu/cpu_core/id_ex_inst/rs1_match_ex_mem_inst_rep__32_i_1
INFO: [Physopt 32-662] Processed net student_top_inst/Core_cpu/cpu_core/id_ex_inst/data_o[23]_i_30_n_0.  Did not re-place instance student_top_inst/Core_cpu/cpu_core/id_ex_inst/data_o[23]_i_30
INFO: [Physopt 32-662] Processed net student_top_inst/Core_cpu/cpu_core/id_ex_inst/data_o[8]_i_17_n_0.  Did not re-place instance student_top_inst/Core_cpu/cpu_core/id_ex_inst/data_o[8]_i_17
INFO: [Physopt 32-662] Processed net student_top_inst/Core_cpu/cpu_core/id_ex_inst/ex_inst/op1_i_shift_left_op2_i[18].  Did not re-place instance student_top_inst/Core_cpu/cpu_core/id_ex_inst/data_o[18]_i_6
INFO: [Physopt 32-662] Processed net student_top_inst/Core_cpu/cpu_core/if_id_inst/hold_pred_target_reg[7]_i_6_n_0.  Did not re-place instance student_top_inst/Core_cpu/cpu_core/if_id_inst/hold_pred_target_reg[7]_i_6
INFO: [Physopt 32-662] Processed net student_top_inst/Core_cpu/cpu_core/branch_predictor_inst/bp_fetch_pc_r_reg[30][24].  Did not re-place instance student_top_inst/Core_cpu/cpu_core/branch_predictor_inst/hold_pred_target_reg[24]_i_1
INFO: [Physopt 32-663] Processed net student_top_inst/Core_cpu/cpu_core/id_ex_inst/mtvec_r_reg[31][24].  Re-placed instance student_top_inst/Core_cpu/cpu_core/id_ex_inst/pc_o[24]_i_1
INFO: [Physopt 32-663] Processed net student_top_inst/Core_cpu/cpu_core/if_id_inst/pred_target_o_reg[24]_0.  Re-placed instance student_top_inst/Core_cpu/cpu_core/if_id_inst/pc_o[24]_i_4
INFO: [Physopt 32-662] Processed net student_top_inst/Core_cpu/cpu_core/pc_reg_inst/Q[24].  Did not re-place instance student_top_inst/Core_cpu/cpu_core/pc_reg_inst/pc_o_reg[24]
INFO: [Physopt 32-663] Processed net student_top_inst/Core_cpu/cpu_core/ex_mem_inst/dff_rd_addr/rs2_alu_match_ex_mem_inst_rep__23_i_1_n_0.  Re-placed instance student_top_inst/Core_cpu/cpu_core/ex_mem_inst/dff_rd_addr/rs2_alu_match_ex_mem_inst_rep__23_i_1
INFO: [Physopt 32-662] Processed net student_top_inst/Core_cpu/cpu_core/ex_mem_inst/dff_rd_data/alu_op2_inst_rep__45_i_1_n_0.  Did not re-place instance student_top_inst/Core_cpu/cpu_core/ex_mem_inst/dff_rd_data/alu_op2_inst_rep__45_i_1
INFO: [Physopt 32-663] Processed net student_top_inst/Core_cpu/cpu_core/ex_inst/rv32m_iter_inst/done_r_reg_rep__18_0.  Re-placed instance student_top_inst/Core_cpu/cpu_core/ex_inst/rv32m_iter_inst/data_o[30]_i_1__2
INFO: [Physopt 32-663] Processed net student_top_inst/Core_cpu/cpu_core/ex_mem_inst/dff_rd_data/data_o[30]_i_23_n_0.  Re-placed instance student_top_inst/Core_cpu/cpu_core/ex_mem_inst/dff_rd_data/data_o[30]_i_23
INFO: [Physopt 32-663] Processed net student_top_inst/Core_cpu/cpu_core/ex_mem_inst/dff_rd_data/op1_i_shift_right_op2_i[9].  Re-placed instance student_top_inst/Core_cpu/cpu_core/ex_mem_inst/dff_rd_data/data_o[30]_i_15
INFO: [Physopt 32-662] Processed net student_top_inst/Core_cpu/cpu_core/id_ex_inst/data_o[30]_i_3__0_n_0.  Did not re-place instance student_top_inst/Core_cpu/cpu_core/id_ex_inst/data_o[30]_i_3__0
INFO: [Physopt 32-662] Processed net student_top_inst/Core_cpu/cpu_core/id_ex_inst/data_o[30]_i_5__0_n_0.  Did not re-place instance student_top_inst/Core_cpu/cpu_core/id_ex_inst/data_o[30]_i_5__0
INFO: [Physopt 32-662] Processed net student_top_inst/Core_cpu/cpu_core/id_ex_inst/data_o[30]_i_9_n_0.  Did not re-place instance student_top_inst/Core_cpu/cpu_core/id_ex_inst/data_o[30]_i_9
INFO: [Physopt 32-662] Processed net student_top_inst/Core_cpu/cpu_core/id_ex_inst/done_r_reg_rep__18_0.  Did not re-place instance student_top_inst/Core_cpu/cpu_core/id_ex_inst/data_o[30]_i_2
INFO: [Physopt 32-662] Processed net student_top_inst/Core_cpu/cpu_core/ex_mem_inst/dff_rd_data/data_o_reg[30]_0.  Did not re-place instance student_top_inst/Core_cpu/cpu_core/ex_mem_inst/dff_rd_data/data_o_reg[30]
INFO: [Physopt 32-662] Processed net student_top_inst/Core_cpu/cpu_core/ex_inst/rv32m_iter_inst/div_remainder_shift_r.  Did not re-place instance student_top_inst/Core_cpu/cpu_core/ex_inst/rv32m_iter_inst/div_dividend_r[31]_i_1
INFO: [Physopt 32-663] Processed net student_top_inst/Core_cpu/cpu_core/ex_inst/rv32m_iter_inst/state_r[2]_i_3_n_0.  Re-placed instance student_top_inst/Core_cpu/cpu_core/ex_inst/rv32m_iter_inst/state_r[2]_i_3
INFO: [Physopt 32-662] Processed net student_top_inst/Core_cpu/cpu_core/ex_inst/rv32m_iter_inst/div_op2_abs[0].  Did not re-place instance student_top_inst/Core_cpu/cpu_core/ex_inst/rv32m_iter_inst/op2_raw_r_reg[0]
INFO: [Physopt 32-663] Processed net student_top_inst/Core_cpu/cpu_core/ex_inst/rv32m_iter_inst/div_op2_abs[26].  Re-placed instance student_top_inst/Core_cpu/cpu_core/ex_inst/rv32m_iter_inst/div_divisor_r[26]_i_2
INFO: [Physopt 32-662] Processed net student_top_inst/Core_cpu/cpu_core/ex_inst/rv32m_iter_inst/div_divisor_r[4]_i_3_n_0.  Did not re-place instance student_top_inst/Core_cpu/cpu_core/ex_inst/rv32m_iter_inst/div_divisor_r[4]_i_3
INFO: [Physopt 32-662] Processed net student_top_inst/Core_cpu/cpu_core/ex_inst/rv32m_iter_inst/state_r[2]_i_18_n_0.  Did not re-place instance student_top_inst/Core_cpu/cpu_core/ex_inst/rv32m_iter_inst/state_r[2]_i_18
INFO: [Physopt 32-662] Processed net student_top_inst/Core_cpu/cpu_core/ex_inst/rv32m_iter_inst/state_r[2]_i_7_n_0.  Did not re-place instance student_top_inst/Core_cpu/cpu_core/ex_inst/rv32m_iter_inst/state_r[2]_i_7
INFO: [Physopt 32-663] Processed net student_top_inst/Core_cpu/cpu_core/ex_inst/rv32m_iter_inst/div_dividend_r_reg_n_0_[26].  Re-placed instance student_top_inst/Core_cpu/cpu_core/ex_inst/rv32m_iter_inst/div_dividend_r_reg[26]
INFO: [Physopt 32-663] Processed net student_top_inst/Core_cpu/cpu_core/ex_inst/rv32m_iter_inst/div_dividend_r_reg_n_0_[27].  Re-placed instance student_top_inst/Core_cpu/cpu_core/ex_inst/rv32m_iter_inst/div_dividend_r_reg[27]
INFO: [Physopt 32-663] Processed net student_top_inst/Core_cpu/cpu_core/ex_inst/rv32m_iter_inst/div_dividend_r_reg_n_0_[28].  Re-placed instance student_top_inst/Core_cpu/cpu_core/ex_inst/rv32m_iter_inst/div_dividend_r_reg[28]
INFO: [Physopt 32-663] Processed net student_top_inst/Core_cpu/cpu_core/ex_inst/rv32m_iter_inst/div_dividend_r_reg_n_0_[29].  Re-placed instance student_top_inst/Core_cpu/cpu_core/ex_inst/rv32m_iter_inst/div_dividend_r_reg[29]
INFO: [Physopt 32-662] Processed net student_top_inst/Core_cpu/cpu_core/if_id_inst/hold_pred_target_reg[11]_i_4_n_0.  Did not re-place instance student_top_inst/Core_cpu/cpu_core/if_id_inst/hold_pred_target_reg[11]_i_4
INFO: [Physopt 32-662] Processed net student_top_inst/Core_cpu/cpu_core/id_ex_inst/data_o[30]_i_20_n_0.  Did not re-place instance student_top_inst/Core_cpu/cpu_core/id_ex_inst/data_o[30]_i_20
INFO: [Physopt 32-662] Processed net student_top_inst/Core_cpu/cpu_core/id_ex_inst/data_o[7]_i_27_n_0.  Did not re-place instance student_top_inst/Core_cpu/cpu_core/id_ex_inst/data_o[7]_i_27
INFO: [Physopt 32-662] Processed net student_top_inst/Core_cpu/cpu_core/id_ex_inst/rs1_match_ex_mem_inst_rep__34_i_1_n_0.  Did not re-place instance student_top_inst/Core_cpu/cpu_core/id_ex_inst/rs1_match_ex_mem_inst_rep__34_i_1
INFO: [Physopt 32-663] Processed net student_top_inst/Core_cpu/cpu_core/id_ex_inst/data_o[30]_i_13_n_0.  Re-placed instance student_top_inst/Core_cpu/cpu_core/id_ex_inst/data_o[30]_i_13
INFO: [Physopt 32-663] Processed net student_top_inst/Core_cpu/cpu_core/ex_inst/rv32m_iter_inst/done_r_reg_rep__19_2.  Re-placed instance student_top_inst/Core_cpu/cpu_core/ex_inst/rv32m_iter_inst/data_o[29]_i_1__2
INFO: [Physopt 32-662] Processed net student_top_inst/Core_cpu/cpu_core/ex_inst/rv32m_iter_inst/done_r_reg_rep__29_0.  Did not re-place instance student_top_inst/Core_cpu/cpu_core/ex_inst/rv32m_iter_inst/data_o[8]_i_1__4
INFO: [Physopt 32-662] Processed net student_top_inst/Core_cpu/cpu_core/id_ex_inst/data_o[29]_i_5__0_n_0.  Did not re-place instance student_top_inst/Core_cpu/cpu_core/id_ex_inst/data_o[29]_i_5__0
INFO: [Physopt 32-662] Processed net student_top_inst/Core_cpu/cpu_core/id_ex_inst/data_o[8]_i_3_n_0.  Did not re-place instance student_top_inst/Core_cpu/cpu_core/id_ex_inst/data_o[8]_i_3
INFO: [Physopt 32-662] Processed net student_top_inst/Core_cpu/cpu_core/id_ex_inst/data_o[8]_i_5_n_0.  Did not re-place instance student_top_inst/Core_cpu/cpu_core/id_ex_inst/data_o[8]_i_5
INFO: [Physopt 32-662] Processed net student_top_inst/Core_cpu/cpu_core/id_ex_inst/data_o[8]_i_9_n_0.  Did not re-place instance student_top_inst/Core_cpu/cpu_core/id_ex_inst/data_o[8]_i_9
INFO: [Physopt 32-662] Processed net student_top_inst/Core_cpu/cpu_core/id_ex_inst/done_r_reg_rep__18.  Did not re-place instance student_top_inst/Core_cpu/cpu_core/id_ex_inst/data_o[29]_i_3__0
INFO: [Physopt 32-662] Processed net student_top_inst/Core_cpu/cpu_core/id_ex_inst/done_r_reg_rep__29_0.  Did not re-place instance student_top_inst/Core_cpu/cpu_core/id_ex_inst/data_o[8]_i_2
INFO: [Physopt 32-662] Processed net student_top_inst/Core_cpu/cpu_core/id_ex_inst/ex_inst/op1_i_shift_left_op2_i[29].  Did not re-place instance student_top_inst/Core_cpu/cpu_core/id_ex_inst/data_o[29]_i_8
INFO: [Physopt 32-662] Processed net student_top_inst/Core_cpu/cpu_core/id_ex_inst/ex_inst/op1_i_shift_right_op2_i[8].  Did not re-place instance student_top_inst/Core_cpu/cpu_core/id_ex_inst/data_o[8]_i_14
INFO: [Physopt 32-662] Processed net student_top_inst/Core_cpu/cpu_core/ex_mem_inst/dff_rd_data/data_o_reg[29]_0.  Did not re-place instance student_top_inst/Core_cpu/cpu_core/ex_mem_inst/dff_rd_data/data_o_reg[29]
INFO: [Physopt 32-662] Processed net student_top_inst/Core_cpu/cpu_core/ex_mem_inst/dff_rd_data/data_o_reg[8]_0.  Did not re-place instance student_top_inst/Core_cpu/cpu_core/ex_mem_inst/dff_rd_data/data_o_reg[8]
INFO: [Physopt 32-662] Processed net student_top_inst/Core_cpu/cpu_core/id_ex_inst/rs2_addr_o_reg[3]_0.  Did not re-place instance student_top_inst/Core_cpu/cpu_core/id_ex_inst/rs2_alu_match_ex_mem_inst_i_3
INFO: [Physopt 32-662] Processed net student_top_inst/Core_cpu/cpu_core/ex_mem_inst/dff_rd_addr/rs2_alu_match_ex_mem_inst_rep__18_i_1_n_0.  Did not re-place instance student_top_inst/Core_cpu/cpu_core/ex_mem_inst/dff_rd_addr/rs2_alu_match_ex_mem_inst_rep__18_i_1
INFO: [Physopt 32-663] Processed net student_top_inst/Core_cpu/cpu_core/ex_mem_inst/dff_rd_data/alu_op2_inst_rep__57_i_1_n_0.  Re-placed instance student_top_inst/Core_cpu/cpu_core/ex_mem_inst/dff_rd_data/alu_op2_inst_rep__57_i_1
INFO: [Physopt 32-662] Processed net student_top_inst/Core_cpu/cpu_core/mem1_mem2_inst/dff_inst/mem1_mem2_inst_o[7].  Did not re-place instance student_top_inst/Core_cpu/cpu_core/mem1_mem2_inst/dff_inst/data_o_reg[7]
INFO: [Physopt 32-662] Processed net student_top_inst/Core_cpu/cpu_core/if_id_inst/inst_o_reg[18]_1.  Did not re-place instance student_top_inst/Core_cpu/cpu_core/if_id_inst/flush_ifid_o_inst_i_20
INFO: [Physopt 32-662] Processed net student_top_inst/Core_cpu/cpu_core/mem1_mem2_inst/dff_inst/data_o_reg[3]_0.  Did not re-place instance student_top_inst/Core_cpu/cpu_core/mem1_mem2_inst/dff_inst/flush_ifid_o_inst_i_19
INFO: [Physopt 32-663] Processed net student_top_inst/Core_cpu/cpu_core/id_ex_inst/rs2_addr_o_reg[1]_rep__6_0.  Re-placed instance student_top_inst/Core_cpu/cpu_core/id_ex_inst/rs2_addr_o_reg[1]_rep__6
INFO: [Physopt 32-662] Processed net student_top_inst/Core_cpu/cpu_core/if_id_inst/flush_ifid_o_inst_i_38_n_0.  Did not re-place instance student_top_inst/Core_cpu/cpu_core/if_id_inst/flush_ifid_o_inst_i_38
INFO: [Physopt 32-663] Processed net student_top_inst/Core_cpu/cpu_core/if_id_inst/flush_ifid_o_inst_i_50_n_0.  Re-placed instance student_top_inst/Core_cpu/cpu_core/if_id_inst/flush_ifid_o_inst_i_50
INFO: [Physopt 32-663] Processed net student_top_inst/Core_cpu/cpu_core/id_ex_inst/data_o[18]_i_21_n_0.  Re-placed instance student_top_inst/Core_cpu/cpu_core/id_ex_inst/data_o[18]_i_21
INFO: [Physopt 32-663] Processed net student_top_inst/Core_cpu/cpu_core/id_ex_inst/data_o_reg[26]_2.  Re-placed instance student_top_inst/Core_cpu/cpu_core/id_ex_inst/data_o[24]_i_21
INFO: [Physopt 32-662] Processed net student_top_inst/Core_cpu/cpu_core/id_ex_inst/rs1_match_ex_mem_inst_rep__7_i_1_n_0.  Did not re-place instance student_top_inst/Core_cpu/cpu_core/id_ex_inst/rs1_match_ex_mem_inst_rep__7_i_1
INFO: [Physopt 32-662] Processed net student_top_inst/Core_cpu/cpu_core/id_ex_inst/data_o[18]_i_23_n_0.  Did not re-place instance student_top_inst/Core_cpu/cpu_core/id_ex_inst/data_o[18]_i_23
INFO: [Physopt 32-663] Processed net student_top_inst/Core_cpu/cpu_core/id_ex_inst/data_o_reg[2].  Re-placed instance student_top_inst/Core_cpu/cpu_core/id_ex_inst/data_o[3]_i_17
INFO: [Physopt 32-662] Processed net student_top_inst/Core_cpu/cpu_core/id_ex_inst/data_o[0]_i_57_n_0.  Did not re-place instance student_top_inst/Core_cpu/cpu_core/id_ex_inst/data_o[0]_i_57
INFO: [Physopt 32-663] Processed net student_top_inst/Core_cpu/cpu_core/ex_inst/rv32m_iter_inst/div_remainder_shift_r_reg_n_0_[8].  Re-placed instance student_top_inst/Core_cpu/cpu_core/ex_inst/rv32m_iter_inst/div_remainder_shift_r_reg[8]
INFO: [Physopt 32-663] Processed net student_top_inst/Core_cpu/cpu_core/ex_inst/rv32m_iter_inst/div_remainder_shift_r_reg_n_0_[9].  Re-placed instance student_top_inst/Core_cpu/cpu_core/ex_inst/rv32m_iter_inst/div_remainder_shift_r_reg[9]
INFO: [Physopt 32-663] Processed net student_top_inst/Core_cpu/cpu_core/ex_mem_inst/dff_is_load/data_o_reg[0]_0.  Re-placed instance student_top_inst/Core_cpu/cpu_core/ex_mem_inst/dff_is_load/data_o_reg[0]
INFO: [Physopt 32-662] Processed net student_top_inst/Core_cpu/cpu_core/ex_inst/rv32m_iter_inst/div_remainder_r.  Did not re-place instance student_top_inst/Core_cpu/cpu_core/ex_inst/rv32m_iter_inst/div_remainder_r[31]_i_1
INFO: [Physopt 32-662] Processed net student_top_inst/Core_cpu/cpu_core/ex_inst/rv32m_iter_inst/state_r[2]_i_4_n_0.  Did not re-place instance student_top_inst/Core_cpu/cpu_core/ex_inst/rv32m_iter_inst/state_r[2]_i_4
INFO: [Physopt 32-663] Processed net student_top_inst/Core_cpu/cpu_core/id_ex_inst/data_o_reg[26]_0.  Re-placed instance student_top_inst/Core_cpu/cpu_core/id_ex_inst/data_o[22]_i_21
INFO: [Physopt 32-662] Processed net student_top_inst/Core_cpu/cpu_core/ex_inst/rv32m_iter_inst/state_r[2]_i_40_n_0.  Did not re-place instance student_top_inst/Core_cpu/cpu_core/ex_inst/rv32m_iter_inst/state_r[2]_i_40
INFO: [Physopt 32-663] Processed net student_top_inst/Core_cpu/cpu_core/ex_inst/rv32m_iter_inst/op1_raw_r_reg_n_0_[0].  Re-placed instance student_top_inst/Core_cpu/cpu_core/ex_inst/rv32m_iter_inst/op1_raw_r_reg[0]
INFO: [Physopt 32-662] Processed net student_top_inst/Core_cpu/cpu_core/id_ex_inst/data_o[26]_i_17_n_0.  Did not re-place instance student_top_inst/Core_cpu/cpu_core/id_ex_inst/data_o[26]_i_17
INFO: [Physopt 32-663] Processed net student_top_inst/Core_cpu/cpu_core/ex_inst/rv32m_iter_inst/p_0_in[0].  Re-placed instance student_top_inst/Core_cpu/cpu_core/ex_inst/rv32m_iter_inst/div_dividend_r[4]_i_3
INFO: [Physopt 32-662] Processed net student_top_inst/Core_cpu/cpu_core/ex_inst/rv32m_iter_inst/done_r_reg_rep__24_2.  Did not re-place instance student_top_inst/Core_cpu/cpu_core/ex_inst/rv32m_iter_inst/data_o[19]_i_1__2
INFO: [Physopt 32-662] Processed net student_top_inst/Core_cpu/cpu_core/ex_inst/rv32m_iter_inst/iter_count_r[5]_i_10_n_0.  Did not re-place instance student_top_inst/Core_cpu/cpu_core/ex_inst/rv32m_iter_inst/iter_count_r[5]_i_10
INFO: [Physopt 32-662] Processed net student_top_inst/Core_cpu/cpu_core/id_ex_inst/data_o[19]_i_10_n_0.  Did not re-place instance student_top_inst/Core_cpu/cpu_core/id_ex_inst/data_o[19]_i_10
INFO: [Physopt 32-662] Processed net student_top_inst/Core_cpu/cpu_core/id_ex_inst/data_o[19]_i_3__0_n_0.  Did not re-place instance student_top_inst/Core_cpu/cpu_core/id_ex_inst/data_o[19]_i_3__0
INFO: [Physopt 32-662] Processed net student_top_inst/Core_cpu/cpu_core/id_ex_inst/data_o[19]_i_5__0_n_0.  Did not re-place instance student_top_inst/Core_cpu/cpu_core/id_ex_inst/data_o[19]_i_5__0
INFO: [Physopt 32-662] Processed net student_top_inst/Core_cpu/cpu_core/id_ex_inst/done_r_reg_rep__23.  Did not re-place instance student_top_inst/Core_cpu/cpu_core/id_ex_inst/data_o[19]_i_2__0
INFO: [Physopt 32-662] Processed net student_top_inst/Core_cpu/cpu_core/id_ex_inst/ex_inst/op1_i_shift_right_op2_i[19].  Did not re-place instance student_top_inst/Core_cpu/cpu_core/id_ex_inst/data_o[19]_i_25
INFO: [Physopt 32-662] Processed net student_top_inst/Core_cpu/cpu_core/ex_mem_inst/dff_rd_data/data_o_reg[19]_1.  Did not re-place instance student_top_inst/Core_cpu/cpu_core/ex_mem_inst/dff_rd_data/data_o_reg[19]
INFO: [Physopt 32-663] Processed net student_top_inst/Core_cpu/cpu_core/ex_inst/rv32m_iter_inst/in17[11].  Re-placed instance student_top_inst/Core_cpu/cpu_core/ex_inst/rv32m_iter_inst/div_quotient_accum_r_reg[10]
INFO: [Physopt 32-663] Processed net student_top_inst/Core_cpu/cpu_core/ex_inst/rv32m_iter_inst/in17[12].  Re-placed instance student_top_inst/Core_cpu/cpu_core/ex_inst/rv32m_iter_inst/div_quotient_accum_r_reg[11]
INFO: [Physopt 32-663] Processed net student_top_inst/Core_cpu/cpu_core/ex_inst/rv32m_iter_inst/in17[13].  Re-placed instance student_top_inst/Core_cpu/cpu_core/ex_inst/rv32m_iter_inst/div_quotient_accum_r_reg[12]
INFO: [Physopt 32-663] Processed net student_top_inst/Core_cpu/cpu_core/ex_inst/rv32m_iter_inst/in17[14].  Re-placed instance student_top_inst/Core_cpu/cpu_core/ex_inst/rv32m_iter_inst/div_quotient_accum_r_reg[13]
INFO: [Physopt 32-662] Processed net student_top_inst/Core_cpu/cpu_core/id_ex_inst/data_o[10]_i_19_n_0.  Did not re-place instance student_top_inst/Core_cpu/cpu_core/id_ex_inst/data_o[10]_i_19
INFO: [Physopt 32-662] Processed net student_top_inst/Core_cpu/cpu_core/id_ex_inst/rs1_match_ex_mem_inst_rep__29_i_1_n_0.  Did not re-place instance student_top_inst/Core_cpu/cpu_core/id_ex_inst/rs1_match_ex_mem_inst_rep__29_i_1
INFO: [Physopt 32-662] Processed net student_top_inst/Core_cpu/cpu_core/id_ex_inst/inst_o_reg[27]_0[7].  Did not re-place instance student_top_inst/Core_cpu/cpu_core/id_ex_inst/inst_o_reg[7]
INFO: [Physopt 32-662] Processed net student_top_inst/Core_cpu/cpu_core/id_ex_inst/data_o[17]_i_21_n_0.  Did not re-place instance student_top_inst/Core_cpu/cpu_core/id_ex_inst/data_o[17]_i_21
INFO: [Physopt 32-662] Processed net student_top_inst/Core_cpu/cpu_core/if_id_inst/b_imm_inst__18_n_0.  Did not re-place instance student_top_inst/Core_cpu/cpu_core/if_id_inst/b_imm_inst__18
INFO: [Physopt 32-662] Processed net student_top_inst/Core_cpu/cpu_core/id_ex_inst/data_o_reg[30]_2.  Did not re-place instance student_top_inst/Core_cpu/cpu_core/id_ex_inst/data_o[30]_i_18
INFO: [Physopt 32-662] Processed net student_top_inst/Core_cpu/cpu_core/id_ex_inst/rs1_match_ex_mem_inst_rep__1_i_1_n_0.  Did not re-place instance student_top_inst/Core_cpu/cpu_core/id_ex_inst/rs1_match_ex_mem_inst_rep__1_i_1
INFO: [Physopt 32-663] Processed net student_top_inst/Core_cpu/cpu_core/id_ex_inst/data_o[29]_i_23_n_0.  Re-placed instance student_top_inst/Core_cpu/cpu_core/id_ex_inst/data_o[29]_i_23
INFO: [Physopt 32-663] Processed net student_top_inst/Core_cpu/cpu_core/id_ex_inst/data_o[0]_i_97_n_0.  Re-placed instance student_top_inst/Core_cpu/cpu_core/id_ex_inst/data_o[0]_i_97
INFO: [Physopt 32-662] Processed net student_top_inst/Core_cpu/cpu_core/id_ex_inst/rs1_match_ex_mem_inst_rep__18_i_1_n_0.  Did not re-place instance student_top_inst/Core_cpu/cpu_core/id_ex_inst/rs1_match_ex_mem_inst_rep__18_i_1
INFO: [Physopt 32-662] Processed net student_top_inst/Core_cpu/cpu_core/id_ex_inst/rs1_match_ex_mem_inst_rep__23_i_1_n_0.  Did not re-place instance student_top_inst/Core_cpu/cpu_core/id_ex_inst/rs1_match_ex_mem_inst_rep__23_i_1
INFO: [Physopt 32-662] Processed net student_top_inst/Core_cpu/cpu_core/id_ex_inst/rs1_match_ex_mem_inst_rep__39_i_1_n_0.  Did not re-place instance student_top_inst/Core_cpu/cpu_core/id_ex_inst/rs1_match_ex_mem_inst_rep__39_i_1
INFO: [Physopt 32-662] Processed net student_top_inst/Core_cpu/cpu_core/id_ex_inst/data_o[25]_i_14_n_0.  Did not re-place instance student_top_inst/Core_cpu/cpu_core/id_ex_inst/data_o[25]_i_14
INFO: [Physopt 32-663] Processed net student_top_inst/Core_cpu/cpu_core/ex_inst/rv32m_iter_inst/op2_raw_r_reg_n_0_[1].  Re-placed instance student_top_inst/Core_cpu/cpu_core/ex_inst/rv32m_iter_inst/op2_raw_r_reg[1]
INFO: [Physopt 32-663] Processed net student_top_inst/Core_cpu/cpu_core/id_ex_inst/data_o[14]_i_16_n_0.  Re-placed instance student_top_inst/Core_cpu/cpu_core/id_ex_inst/data_o[14]_i_16
INFO: [Physopt 32-663] Processed net student_top_inst/Core_cpu/cpu_core/id_ex_inst/data_o_reg[31][3].  Re-placed instance student_top_inst/Core_cpu/cpu_core/id_ex_inst/op1_raw_r[3]_i_1
INFO: [Physopt 32-662] Processed net student_top_inst/Core_cpu/cpu_core/ex_inst/rv32m_iter_inst/div_divisor_r[4]_i_7_n_0.  Did not re-place instance student_top_inst/Core_cpu/cpu_core/ex_inst/rv32m_iter_inst/div_divisor_r[4]_i_7
INFO: [Physopt 32-662] Processed net student_top_inst/Core_cpu/cpu_core/ex_mem_inst/dff_rd_data/S[3].  Did not re-place instance student_top_inst/Core_cpu/cpu_core/ex_mem_inst/dff_rd_data/data_o[0]_i_29
INFO: [Physopt 32-662] Processed net student_top_inst/Core_cpu/cpu_core/id_ex_inst/ex_inst/op1_i_shift_left_op2_i[25].  Did not re-place instance student_top_inst/Core_cpu/cpu_core/id_ex_inst/data_o[25]_i_7
INFO: [Physopt 32-663] Processed net student_top_inst/Core_cpu/cpu_core/ex_inst/rv32m_iter_inst/state_r[2]_i_38_n_0.  Re-placed instance student_top_inst/Core_cpu/cpu_core/ex_inst/rv32m_iter_inst/state_r[2]_i_38
INFO: [Physopt 32-662] Processed net student_top_inst/Core_cpu/cpu_core/ex_inst/rv32m_iter_inst/iter_count_r[5]_i_19_n_0.  Did not re-place instance student_top_inst/Core_cpu/cpu_core/ex_inst/rv32m_iter_inst/iter_count_r[5]_i_19
INFO: [Physopt 32-662] Processed net student_top_inst/Core_cpu/cpu_core/id_ex_inst/data_o[16]_i_21_n_0.  Did not re-place instance student_top_inst/Core_cpu/cpu_core/id_ex_inst/data_o[16]_i_21
INFO: [Physopt 32-661] Optimized 55 nets.  Re-placed 55 instances.
INFO: [Physopt 32-775] End 1 Pass. Optimized 55 nets or cells. Created 0 new cell, deleted 0 existing cell and moved 55 existing cells
INFO: [Physopt 32-619] Estimated Timing Summary | WNS=-0.116 | TNS=-0.116 |
Netlist sorting complete. Time (s): cpu = 00:00:00 ; elapsed = 00:00:00.007 . Memory (MB): peak = 2274.371 ; gain = 0.000
Phase 4 Single Cell Placement Optimization | Checksum: 1c2756e80

Time (s): cpu = 00:00:06 ; elapsed = 00:00:24 . Memory (MB): peak = 2274.371 ; gain = 0.000

Phase 5 Multi Cell Placement Optimization
INFO: [Physopt 32-660] Identified 100 candidate nets for placement-based optimization.
INFO: [Physopt 32-662] Processed net student_top_inst/Core_cpu/cpu_core/branch_predictor_inst/bp_fetch_pc_r_reg[30][31].  Did not re-place instance student_top_inst/Core_cpu/cpu_core/branch_predictor_inst/hold_pred_target_reg[31]_i_1/O
INFO: [Physopt 32-662] Processed net student_top_inst/Core_cpu/cpu_core/id_ex_inst/mtvec_r_reg[31][31].  Did not re-place instance student_top_inst/Core_cpu/cpu_core/id_ex_inst/pc_o[31]_i_1/O
INFO: [Physopt 32-662] Processed net student_top_inst/Core_cpu/cpu_core/if_id_inst/pred_target_o_reg[31]_0.  Did not re-place instance student_top_inst/Core_cpu/cpu_core/if_id_inst/pc_o[31]_i_4/O
INFO: [Physopt 32-661] Optimized 0 net.  Re-placed 0 instance.
INFO: [Physopt 32-775] End 1 Pass. Optimized 0 net or cell. Created 0 new cell, deleted 0 existing cell and moved 0 existing cell
Netlist sorting complete. Time (s): cpu = 00:00:00 ; elapsed = 00:00:00.004 . Memory (MB): peak = 2274.371 ; gain = 0.000
Phase 5 Multi Cell Placement Optimization | Checksum: 1c2756e80

Time (s): cpu = 00:00:06 ; elapsed = 00:00:24 . Memory (MB): peak = 2274.371 ; gain = 0.000

Phase 6 Rewire
INFO: [Physopt 32-246] Starting Signal Push optimization...
INFO: [Physopt 32-241] No nets found for rewiring () optimization.
INFO: [Physopt 32-232] Optimized 0 net. Created 0 new instance.
INFO: [Physopt 32-775] End 1 Pass. Optimized 0 net or cell. Created 0 new cell, deleted 0 existing cell and moved 0 existing cell
Netlist sorting complete. Time (s): cpu = 00:00:00 ; elapsed = 00:00:00.004 . Memory (MB): peak = 2274.371 ; gain = 0.000
Phase 6 Rewire | Checksum: 1c2756e80

Time (s): cpu = 00:00:06 ; elapsed = 00:00:24 . Memory (MB): peak = 2274.371 ; gain = 0.000

Phase 7 Critical Cell Optimization
INFO: [Physopt 32-46] Identified 30 candidate nets for critical-cell optimization.
INFO: [Physopt 32-572] Net student_top_inst/Core_cpu/cpu_core/branch_predictor_inst/bp_fetch_pc_r_reg[30][31] was not replicated.
Resolution: phys_opt_design can be forced to replicate a net driver using the option -force_replication_on_nets <list of net objects>.
INFO: [Physopt 32-571] Net student_top_inst/Core_cpu/cpu_core/branch_predictor_inst/bp_fetch_pc_r_reg[30][30] was not replicated.
INFO: [Physopt 32-571] Net student_top_inst/Core_cpu/cpu_core/branch_predictor_inst/bp_pred_taken_o was not replicated.
INFO: [Physopt 32-571] Net student_top_inst/Core_cpu/cpu_core/if_id_inst/Q[0] was not replicated.
INFO: [Physopt 32-571] Net student_top_inst/Core_cpu/cpu_core/if_id_inst/inst_o_reg[5]_rep__11 was not replicated.
INFO: [Physopt 32-571] Net student_top_inst/Core_cpu/cpu_core/if_id_inst/data_o_reg[6] was not replicated.
INFO: [Physopt 32-571] Net student_top_inst/Core_cpu/cpu_core/branch_predictor_inst/bp_fetch_pc_r_reg[30][26] was not replicated.
INFO: [Physopt 32-571] Net student_top_inst/Core_cpu/cpu_core/id_ex_inst/inst_o_reg[27]_0[7] was not replicated.
INFO: [Physopt 32-571] Net student_top_inst/Core_cpu/cpu_core/ex_mem_inst/dff_inst/data_o_reg[5]_0 was not replicated.
INFO: [Physopt 32-571] Net student_top_inst/Core_cpu/cpu_core/ex_mem_inst/dff_inst/ex_mem_inst_o[9] was not replicated.
INFO: [Physopt 32-571] Net student_top_inst/Core_cpu/cpu_core/branch_predictor_inst/bp_fetch_pc_r_reg[30][25] was not replicated.
INFO: [Physopt 32-571] Net student_top_inst/Core_cpu/cpu_core/if_id_inst/Q[3] was not replicated.
INFO: [Physopt 32-571] Net student_top_inst/Core_cpu/cpu_core/if_id_inst/inst_o_reg[18]_0 was not replicated.
INFO: [Physopt 32-571] Net student_top_inst/Core_cpu/cpu_core/id_ex_inst/data_o[22]_i_22_n_0 was not replicated.
INFO: [Physopt 32-571] Net student_top_inst/Core_cpu/cpu_core/id_ex_inst/rs1_match_ex_mem_inst_rep__12_i_1_n_0 was not replicated.
INFO: [Physopt 32-571] Net student_top_inst/Core_cpu/cpu_core/id_ex_inst/data_o[14]_i_24_n_0 was not replicated.
INFO: [Physopt 32-571] Net student_top_inst/Core_cpu/cpu_core/id_ex_inst/rs1_addr_o_reg[4]_0[4] was not replicated.
INFO: [Physopt 32-571] Net student_top_inst/Core_cpu/cpu_core/id_ex_inst/data_o[8]_i_18_n_0 was not replicated.
INFO: [Physopt 32-571] Net student_top_inst/Core_cpu/cpu_core/branch_predictor_inst/bp_fetch_pc_r_reg[30][29] was not replicated.
INFO: [Physopt 32-571] Net student_top_inst/Core_cpu/cpu_core/id_ex_inst/inst_o_reg[27]_0[0] was not replicated.
INFO: [Physopt 32-571] Net student_top_inst/Core_cpu/rs1_match_ex_mem_inst_i_5_n_0 was not replicated.
INFO: [Physopt 32-571] Net student_top_inst/Core_cpu/cpu_core/if_id_inst/inst_o_reg[18]_1 was not replicated.
INFO: [Physopt 32-571] Net student_top_inst/Core_cpu/cpu_core/mem1_mem2_inst/dff_inst/data_o_reg[3]_0 was not replicated.
INFO: [Physopt 32-571] Net student_top_inst/Core_cpu/cpu_core/id_ex_inst/inst_o_reg[27]_0[4] was not replicated.
INFO: [Physopt 32-571] Net student_top_inst/Core_cpu/cpu_core/id_ex_inst/fwd_base_addr_o[2] was not replicated.
INFO: [Physopt 32-571] Net student_top_inst/Core_cpu/cpu_core/if_id_inst/Q[5] was not replicated.
INFO: [Physopt 32-571] Net student_top_inst/Core_cpu/cpu_core/if_id_inst/Q[9] was not replicated.
INFO: [Physopt 32-571] Net student_top_inst/Core_cpu/cpu_core/if_id_inst/Q[7] was not replicated.
INFO: [Physopt 32-571] Net student_top_inst/Core_cpu/cpu_core/id_ex_inst/data_o_reg[30]_2 was not replicated.
INFO: [Physopt 32-232] Optimized 0 net. Created 0 new instance.
INFO: [Physopt 32-775] End 1 Pass. Optimized 0 net or cell. Created 0 new cell, deleted 0 existing cell and moved 0 existing cell
Netlist sorting complete. Time (s): cpu = 00:00:00 ; elapsed = 00:00:00.007 . Memory (MB): peak = 2274.371 ; gain = 0.000
Phase 7 Critical Cell Optimization | Checksum: 1c2756e80

Time (s): cpu = 00:00:06 ; elapsed = 00:00:24 . Memory (MB): peak = 2274.371 ; gain = 0.000

Phase 8 Fanout Optimization
INFO: [Physopt 32-76] Pass 1. Identified 18 candidate nets for fanout optimization.
INFO: [Physopt 32-572] Net student_top_inst/Core_cpu/cpu_core/if_id_inst/bp_fetch_redirect was not replicated.
Resolution: phys_opt_design can be forced to replicate a net driver using the option -force_replication_on_nets <list of net objects>.
INFO: [Physopt 32-572] Net student_top_inst/Core_cpu/cpu_core/ex_mem_inst/dff_inst/done_r_reg_rep__41_0 was not replicated.
Resolution: phys_opt_design can be forced to replicate a net driver using the option -force_replication_on_nets <list of net objects>.
INFO: [Physopt 32-572] Net student_top_inst/Core_cpu/cpu_core/mem2_align_inst/dff_inst/data_o_reg[6]_0 was not replicated.
Resolution: phys_opt_design can be forced to replicate a net driver using the option -force_replication_on_nets <list of net objects>.
INFO: [Physopt 32-572] Net student_top_inst/Core_cpu/cpu_core/id_ex_inst/forwarding_inst/in04 was not replicated.
Resolution: phys_opt_design can be forced to replicate a net driver using the option -force_replication_on_nets <list of net objects>.
INFO: [Physopt 32-572] Net student_top_inst/Core_cpu/cpu_core/if_id_inst/flush_ifid_o_inst_i_2_n_0 was not replicated.
Resolution: phys_opt_design can be forced to replicate a net driver using the option -force_replication_on_nets <list of net objects>.
INFO: [Physopt 32-572] Net student_top_inst/Core_cpu/cpu_core/id_ex_inst/forwarding_inst/base_sel was not replicated.
Resolution: phys_opt_design can be forced to replicate a net driver using the option -force_replication_on_nets <list of net objects>.
INFO: [Physopt 32-572] Net student_top_inst/Core_cpu/cpu_core/id_ex_inst/forwarding_inst/in020_out was not replicated.
Resolution: phys_opt_design can be forced to replicate a net driver using the option -force_replication_on_nets <list of net objects>.
INFO: [Physopt 32-572] Net student_top_inst/Core_cpu/cpu_core/ex_mem_inst/dff_rd_addr/rs2_alu_match_ex_mem_inst_i_2_n_0 was not replicated.
Resolution: phys_opt_design can be forced to replicate a net driver using the option -force_replication_on_nets <list of net objects>.
INFO: [Physopt 32-572] Net student_top_inst/Core_cpu/cpu_core/ex_inst/rv32m_iter_inst/div_result_r was not replicated.
Resolution: phys_opt_design can be forced to replicate a net driver using the option -force_replication_on_nets <list of net objects>.
INFO: [Physopt 32-572] Net student_top_inst/Core_cpu/cpu_core/id_ex_inst/rs2_addr_o_reg[3]_0 was not replicated.
Resolution: phys_opt_design can be forced to replicate a net driver using the option -force_replication_on_nets <list of net objects>.
INFO: [Physopt 32-572] Net student_top_inst/Core_cpu/cpu_core/ex_inst/rv32m_iter_inst/result_o[31]_i_1_n_0 was not replicated.
Resolution: phys_opt_design can be forced to replicate a net driver using the option -force_replication_on_nets <list of net objects>.
INFO: [Physopt 32-232] Optimized 0 net. Created 0 new instance.
INFO: [Physopt 32-775] End 1 Pass. Optimized 0 net or cell. Created 0 new cell, deleted 0 existing cell and moved 0 existing cell
Netlist sorting complete. Time (s): cpu = 00:00:00 ; elapsed = 00:00:00.016 . Memory (MB): peak = 2274.371 ; gain = 0.000
Phase 8 Fanout Optimization | Checksum: 1c2756e80

Time (s): cpu = 00:00:07 ; elapsed = 00:00:27 . Memory (MB): peak = 2274.371 ; gain = 0.000

Phase 9 Single Cell Placement Optimization
INFO: [Physopt 32-660] Identified 250 candidate nets for placement-based optimization.
INFO: [Physopt 32-662] Processed net student_top_inst/Core_cpu/cpu_core/branch_predictor_inst/bp_fetch_pc_r_reg[30][31].  Did not re-place instance student_top_inst/Core_cpu/cpu_core/branch_predictor_inst/hold_pred_target_reg[31]_i_1
INFO: [Physopt 32-662] Processed net student_top_inst/Core_cpu/cpu_core/id_ex_inst/mtvec_r_reg[31][31].  Did not re-place instance student_top_inst/Core_cpu/cpu_core/id_ex_inst/pc_o[31]_i_1
INFO: [Physopt 32-662] Processed net student_top_inst/Core_cpu/cpu_core/if_id_inst/b_imm_inst__25_n_0.  Did not re-place instance student_top_inst/Core_cpu/cpu_core/if_id_inst/b_imm_inst__25
INFO: [Physopt 32-662] Processed net student_top_inst/Core_cpu/cpu_core/if_id_inst/pred_target_o_reg[31]_0.  Did not re-place instance student_top_inst/Core_cpu/cpu_core/if_id_inst/pc_o[31]_i_4
INFO: [Physopt 32-662] Processed net student_top_inst/Core_cpu/cpu_core/pc_reg_inst/Q[31].  Did not re-place instance student_top_inst/Core_cpu/cpu_core/pc_reg_inst/pc_o_reg[31]
INFO: [Physopt 32-662] Processed net student_top_inst/Core_cpu/cpu_core/if_id_inst/b_imm_inst__29_n_0.  Did not re-place instance student_top_inst/Core_cpu/cpu_core/if_id_inst/b_imm_inst__29
INFO: [Physopt 32-662] Processed net student_top_inst/Core_cpu/cpu_core/if_id_inst/hold_pred_target_reg[7]_i_7_n_0.  Did not re-place instance student_top_inst/Core_cpu/cpu_core/if_id_inst/hold_pred_target_reg[7]_i_7
INFO: [Physopt 32-662] Processed net student_top_inst/Core_cpu/cpu_core/if_id_inst/hold_pred_target_reg[3]_i_7_n_0.  Did not re-place instance student_top_inst/Core_cpu/cpu_core/if_id_inst/hold_pred_target_reg[3]_i_7
INFO: [Physopt 32-662] Processed net student_top_inst/Core_cpu/cpu_core/if_id_inst/b_imm_inst__24_n_0.  Did not re-place instance student_top_inst/Core_cpu/cpu_core/if_id_inst/b_imm_inst__24
INFO: [Physopt 32-662] Processed net student_top_inst/Core_cpu/cpu_core/if_id_inst/hold_pred_target_reg[7]_i_5_n_0.  Did not re-place instance student_top_inst/Core_cpu/cpu_core/if_id_inst/hold_pred_target_reg[7]_i_5
INFO: [Physopt 32-662] Processed net student_top_inst/Core_cpu/cpu_core/branch_predictor_inst/bp_fetch_pc_r_reg[30][30].  Did not re-place instance student_top_inst/Core_cpu/cpu_core/branch_predictor_inst/hold_pred_target_reg[30]_i_1
INFO: [Physopt 32-662] Processed net student_top_inst/Core_cpu/cpu_core/id_ex_inst/mtvec_r_reg[31][30].  Did not re-place instance student_top_inst/Core_cpu/cpu_core/id_ex_inst/pc_o[30]_i_2
INFO: [Physopt 32-662] Processed net student_top_inst/Core_cpu/cpu_core/if_id_inst/pred_target_o_reg[30]_0.  Did not re-place instance student_top_inst/Core_cpu/cpu_core/if_id_inst/pc_o[30]_i_5
INFO: [Physopt 32-662] Processed net student_top_inst/Core_cpu/cpu_core/pc_reg_inst/Q[30].  Did not re-place instance student_top_inst/Core_cpu/cpu_core/pc_reg_inst/pc_o_reg[30]
INFO: [Physopt 32-662] Processed net student_top_inst/Core_cpu/cpu_core/if_id_inst/bp_fetch_redirect.  Did not re-place instance student_top_inst/Core_cpu/cpu_core/if_id_inst/pc_o[31]_i_11
INFO: [Physopt 32-662] Processed net student_top_inst/Core_cpu/cpu_core/if_id_inst/bp_fetch_valid_r_reg.  Did not re-place instance student_top_inst/Core_cpu/cpu_core/if_id_inst/hold_pred_target_reg[31]_i_4
INFO: [Physopt 32-662] Processed net student_top_inst/Core_cpu/cpu_core/branch_predictor_inst/bp_pred_taken_o.  Did not re-place instance student_top_inst/Core_cpu/cpu_core/branch_predictor_inst/hold_pred_taken_reg_i_1
INFO: [Physopt 32-662] Processed net student_top_inst/Core_cpu/cpu_core/if_id_inst/b_imm_inst__27_n_0.  Did not re-place instance student_top_inst/Core_cpu/cpu_core/if_id_inst/b_imm_inst__27
INFO: [Physopt 32-662] Processed net student_top_inst/Core_cpu/cpu_core/if_id_inst/hold_pred_target_reg[3]_i_6_n_0.  Did not re-place instance student_top_inst/Core_cpu/cpu_core/if_id_inst/hold_pred_target_reg[3]_i_6
INFO: [Physopt 32-662] Processed net student_top_inst/Core_cpu/cpu_core/ex_mem_inst/dff_inst/done_r_reg_rep__41_0.  Did not re-place instance student_top_inst/Core_cpu/cpu_core/ex_mem_inst/dff_inst/flush_ifid_o_inst_i_4
INFO: [Physopt 32-662] Processed net student_top_inst/Core_cpu/cpu_core/if_id_inst/Q[0].  Did not re-place instance student_top_inst/Core_cpu/cpu_core/if_id_inst/inst_o_reg[15]
INFO: [Physopt 32-662] Processed net student_top_inst/Core_cpu/cpu_core/if_id_inst/inst_o_reg[5]_rep__11.  Did not re-place instance student_top_inst/Core_cpu/cpu_core/if_id_inst/flush_ifid_o_inst_i_8
INFO: [Physopt 32-662] Processed net student_top_inst/Core_cpu/cpu_core/if_id_inst/data_o_reg[6].  Did not re-place instance student_top_inst/Core_cpu/cpu_core/if_id_inst/is_holding_reg_i_2
INFO: [Physopt 32-662] Processed net student_top_inst/Core_cpu/cpu_core/id_ex_inst/inst_o_reg[6]_rep__12_0.  Did not re-place instance student_top_inst/Core_cpu/cpu_core/id_ex_inst/flush_ifid_o_inst_i_17
INFO: [Physopt 32-662] Processed net student_top_inst/Core_cpu/cpu_core/if_id_inst/flush_ifid_o_inst_i_22_n_0.  Did not re-place instance student_top_inst/Core_cpu/cpu_core/if_id_inst/flush_ifid_o_inst_i_22
INFO: [Physopt 32-662] Processed net student_top_inst/Core_cpu/cpu_core/if_id_inst/flush_ifid_o_inst_i_42_n_0.  Did not re-place instance student_top_inst/Core_cpu/cpu_core/if_id_inst/flush_ifid_o_inst_i_42
INFO: [Physopt 32-662] Processed net student_top_inst/Core_cpu/cpu_core/pc_reg_inst/pc_o[4]_i_8_n_0.  Did not re-place instance student_top_inst/Core_cpu/cpu_core/pc_reg_inst/pc_o[4]_i_8
INFO: [Physopt 32-662] Processed net student_top_inst/Core_cpu/cpu_core/branch_predictor_inst/bp_fetch_pc_r_reg[30][26].  Did not re-place instance student_top_inst/Core_cpu/cpu_core/branch_predictor_inst/hold_pred_target_reg[26]_i_1
INFO: [Physopt 32-662] Processed net student_top_inst/Core_cpu/cpu_core/id_ex_inst/mtvec_r_reg[31][26].  Did not re-place instance student_top_inst/Core_cpu/cpu_core/id_ex_inst/pc_o[26]_i_1
INFO: [Physopt 32-662] Processed net student_top_inst/Core_cpu/cpu_core/if_id_inst/b_imm_inst__20_n_0.  Did not re-place instance student_top_inst/Core_cpu/cpu_core/if_id_inst/b_imm_inst__20
INFO: [Physopt 32-662] Processed net student_top_inst/Core_cpu/cpu_core/if_id_inst/pred_target_o_reg[26]_0.  Did not re-place instance student_top_inst/Core_cpu/cpu_core/if_id_inst/pc_o[26]_i_4
INFO: [Physopt 32-662] Processed net student_top_inst/Core_cpu/cpu_core/pc_reg_inst/Q[26].  Did not re-place instance student_top_inst/Core_cpu/cpu_core/pc_reg_inst/pc_o_reg[26]
INFO: [Physopt 32-662] Processed net student_top_inst/Core_cpu/cpu_core/if_id_inst/hold_pred_target_reg[3]_i_5_n_0.  Did not re-place instance student_top_inst/Core_cpu/cpu_core/if_id_inst/hold_pred_target_reg[3]_i_5
INFO: [Physopt 32-662] Processed net student_top_inst/Core_cpu/cpu_core/if_id_inst/b_imm_inst__26_n_0.  Did not re-place instance student_top_inst/Core_cpu/cpu_core/if_id_inst/b_imm_inst__26
INFO: [Physopt 32-662] Processed net student_top_inst/Core_cpu/cpu_core/if_id_inst/b_imm_inst__22_n_0.  Did not re-place instance student_top_inst/Core_cpu/cpu_core/if_id_inst/b_imm_inst__22
INFO: [Physopt 32-662] Processed net student_top_inst/Core_cpu/cpu_core/if_id_inst/pc_jump_en_o.  Did not re-place instance student_top_inst/Core_cpu/cpu_core/if_id_inst/pc_o[31]_i_6
INFO: [Physopt 32-662] Processed net student_top_inst/Core_cpu/cpu_core/id_ex_inst/inst_o_reg[27]_0[7].  Did not re-place instance student_top_inst/Core_cpu/cpu_core/id_ex_inst/inst_o_reg[7]
INFO: [Physopt 32-662] Processed net student_top_inst/Core_cpu/cpu_core/if_id_inst/b_imm_inst__28_n_0.  Did not re-place instance student_top_inst/Core_cpu/cpu_core/if_id_inst/b_imm_inst__28
INFO: [Physopt 32-662] Processed net student_top_inst/Core_cpu/cpu_core/ex_mem_inst/dff_inst/data_o_reg[5]_0.  Did not re-place instance student_top_inst/Core_cpu/cpu_core/ex_mem_inst/dff_inst/flush_ifid_o_inst_i_15
INFO: [Physopt 32-663] Processed net student_top_inst/Core_cpu/cpu_core/ex_mem_inst/dff_inst/ex_mem_inst_o[9].  Re-placed instance student_top_inst/Core_cpu/cpu_core/ex_mem_inst/dff_inst/data_o_reg[9]
INFO: [Physopt 32-663] Processed net student_top_inst/Core_cpu/cpu_core/ex_mem_inst/dff_inst/data_o_reg[9]_0.  Re-placed instance student_top_inst/Core_cpu/cpu_core/ex_mem_inst/dff_inst/flush_ifid_o_inst_i_46
INFO: [Physopt 32-662] Processed net student_top_inst/Core_cpu/cpu_core/if_id_inst/data_o_reg[8].  Did not re-place instance student_top_inst/Core_cpu/cpu_core/if_id_inst/flush_ifid_o_inst_i_32
INFO: [Physopt 32-662] Processed net student_top_inst/Core_cpu/cpu_core/branch_predictor_inst/bp_fetch_pc_r_reg[30][25].  Did not re-place instance student_top_inst/Core_cpu/cpu_core/branch_predictor_inst/hold_pred_target_reg[25]_i_1
INFO: [Physopt 32-662] Processed net student_top_inst/Core_cpu/cpu_core/if_id_inst/pred_target_o[25]_i_1_n_0.  Did not re-place instance student_top_inst/Core_cpu/cpu_core/if_id_inst/pred_target_o[25]_i_1
INFO: [Physopt 32-662] Processed net student_top_inst/Core_cpu/cpu_core/if_id_inst/if_id_pred_target_o[25].  Did not re-place instance student_top_inst/Core_cpu/cpu_core/if_id_inst/pred_target_o_reg[25]
INFO: [Physopt 32-663] Processed net student_top_inst/Core_cpu/cpu_core/mem2_align_inst/dff_inst/data_o_reg[6]_0.  Re-placed instance student_top_inst/Core_cpu/cpu_core/mem2_align_inst/dff_inst/flush_ifid_o_inst_i_3
INFO: [Physopt 32-663] Processed net student_top_inst/Core_cpu/cpu_core/if_id_inst/Q[3].  Re-placed instance student_top_inst/Core_cpu/cpu_core/if_id_inst/inst_o_reg[18]
INFO: [Physopt 32-662] Processed net student_top_inst/Core_cpu/cpu_core/if_id_inst/inst_o_reg[18]_0.  Did not re-place instance student_top_inst/Core_cpu/cpu_core/if_id_inst/flush_ifid_o_inst_i_14
INFO: [Physopt 32-662] Processed net student_top_inst/Core_cpu/cpu_core/if_id_inst/flush_ifid_o_inst_i_28_n_0.  Did not re-place instance student_top_inst/Core_cpu/cpu_core/if_id_inst/flush_ifid_o_inst_i_28
INFO: [Physopt 32-663] Processed net student_top_inst/Core_cpu/cpu_core/if_id_inst/flush_ifid_o_inst_i_43_n_0.  Re-placed instance student_top_inst/Core_cpu/cpu_core/if_id_inst/flush_ifid_o_inst_i_43
INFO: [Physopt 32-662] Processed net student_top_inst/Core_cpu/cpu_core/id_ex_inst/forwarding_inst/in04.  Did not re-place instance student_top_inst/Core_cpu/cpu_core/id_ex_inst/rs1_match_ex_mem_inst_i_2
INFO: [Physopt 32-662] Processed net student_top_inst/Core_cpu/cpu_core/id_ex_inst/data_o[22]_i_22_n_0.  Did not re-place instance student_top_inst/Core_cpu/cpu_core/id_ex_inst/data_o[22]_i_22
INFO: [Physopt 32-662] Processed net student_top_inst/Core_cpu/cpu_core/id_ex_inst/rs1_match_ex_mem_inst_rep__12_i_1_n_0.  Did not re-place instance student_top_inst/Core_cpu/cpu_core/id_ex_inst/rs1_match_ex_mem_inst_rep__12_i_1
INFO: [Physopt 32-663] Processed net student_top_inst/Core_cpu/cpu_core/id_ex_inst/data_o[14]_i_24_n_0.  Re-placed instance student_top_inst/Core_cpu/cpu_core/id_ex_inst/data_o[14]_i_24
INFO: [Physopt 32-662] Processed net student_top_inst/Core_cpu/cpu_core/id_ex_inst/rs1_addr_o_reg[4]_0[4].  Did not re-place instance student_top_inst/Core_cpu/cpu_core/id_ex_inst/rs1_addr_o_reg[4]
INFO: [Physopt 32-662] Processed net student_top_inst/Core_cpu/cpu_core/id_ex_inst/data_o[8]_i_18_n_0.  Did not re-place instance student_top_inst/Core_cpu/cpu_core/id_ex_inst/data_o[8]_i_18
INFO: [Physopt 32-662] Processed net student_top_inst/Core_cpu/cpu_core/ex_inst/rv32m_iter_inst/done_r_reg_rep__30_2.  Did not re-place instance student_top_inst/Core_cpu/cpu_core/ex_inst/rv32m_iter_inst/data_o[7]_i_1__5
INFO: [Physopt 32-662] Processed net student_top_inst/Core_cpu/cpu_core/id_ex_inst/data_o[7]_i_10_n_0.  Did not re-place instance student_top_inst/Core_cpu/cpu_core/id_ex_inst/data_o[7]_i_10
INFO: [Physopt 32-662] Processed net student_top_inst/Core_cpu/cpu_core/id_ex_inst/data_o[7]_i_3__0_n_0.  Did not re-place instance student_top_inst/Core_cpu/cpu_core/id_ex_inst/data_o[7]_i_3__0
INFO: [Physopt 32-662] Processed net student_top_inst/Core_cpu/cpu_core/id_ex_inst/data_o[7]_i_5__0_n_0.  Did not re-place instance student_top_inst/Core_cpu/cpu_core/id_ex_inst/data_o[7]_i_5__0
INFO: [Physopt 32-662] Processed net student_top_inst/Core_cpu/cpu_core/id_ex_inst/done_r_reg_rep__29.  Did not re-place instance student_top_inst/Core_cpu/cpu_core/id_ex_inst/data_o[7]_i_2
INFO: [Physopt 32-662] Processed net student_top_inst/Core_cpu/cpu_core/id_ex_inst/ex_inst/op1_i_shift_right_op2_i[7].  Did not re-place instance student_top_inst/Core_cpu/cpu_core/id_ex_inst/data_o[7]_i_25
INFO: [Physopt 32-662] Processed net student_top_inst/Core_cpu/cpu_core/ex_mem_inst/dff_rd_data/data_o_reg[7]_1.  Did not re-place instance student_top_inst/Core_cpu/cpu_core/ex_mem_inst/dff_rd_data/data_o_reg[7]
INFO: [Physopt 32-662] Processed net student_top_inst/Core_cpu/cpu_core/branch_predictor_inst/bp_fetch_pc_r_reg[30][29].  Did not re-place instance student_top_inst/Core_cpu/cpu_core/branch_predictor_inst/hold_pred_target_reg[29]_i_1
INFO: [Physopt 32-662] Processed net student_top_inst/Core_cpu/cpu_core/if_id_inst/pred_target_o[29]_i_1_n_0.  Did not re-place instance student_top_inst/Core_cpu/cpu_core/if_id_inst/pred_target_o[29]_i_1
INFO: [Physopt 32-662] Processed net student_top_inst/Core_cpu/cpu_core/if_id_inst/if_id_pred_target_o[29].  Did not re-place instance student_top_inst/Core_cpu/cpu_core/if_id_inst/pred_target_o_reg[29]
INFO: [Physopt 32-662] Processed net student_top_inst/Core_cpu/cpu_core/id_ex_inst/id_ex_is_branch_w.  Did not re-place instance student_top_inst/Core_cpu/cpu_core/id_ex_inst/rs1_match_ex_mem_inst_i_3
INFO: [Physopt 32-662] Processed net student_top_inst/Core_cpu/cpu_core/id_ex_inst/inst_o_reg[27]_0[0].  Did not re-place instance student_top_inst/Core_cpu/cpu_core/id_ex_inst/inst_o_reg[0]
INFO: [Physopt 32-662] Processed net student_top_inst/Core_cpu/rs1_match_ex_mem_inst_i_5_n_0.  Did not re-place instance student_top_inst/Core_cpu/rs1_match_ex_mem_inst_i_5
INFO: [Physopt 32-662] Processed net student_top_inst/Core_cpu/cpu_core/if_id_inst/inst_o_reg[18]_1.  Did not re-place instance student_top_inst/Core_cpu/cpu_core/if_id_inst/flush_ifid_o_inst_i_20
INFO: [Physopt 32-662] Processed net student_top_inst/Core_cpu/cpu_core/mem1_mem2_inst/dff_inst/data_o_reg[3]_0.  Did not re-place instance student_top_inst/Core_cpu/cpu_core/mem1_mem2_inst/dff_inst/flush_ifid_o_inst_i_19
INFO: [Physopt 32-662] Processed net student_top_inst/Core_cpu/cpu_core/if_id_inst/flush_ifid_o_inst_i_38_n_0.  Did not re-place instance student_top_inst/Core_cpu/cpu_core/if_id_inst/flush_ifid_o_inst_i_38
INFO: [Physopt 32-663] Processed net student_top_inst/Core_cpu/cpu_core/if_id_inst/flush_ifid_o_inst_i_50_n_0.  Re-placed instance student_top_inst/Core_cpu/cpu_core/if_id_inst/flush_ifid_o_inst_i_50
INFO: [Physopt 32-662] Processed net student_top_inst/Core_cpu/cpu_core/if_id_inst/flush_ifid_o_inst_i_2_n_0.  Did not re-place instance student_top_inst/Core_cpu/cpu_core/if_id_inst/flush_ifid_o_inst_i_2
INFO: [Physopt 32-662] Processed net student_top_inst/Core_cpu/cpu_core/id_ex_inst/forwarding_inst/base_sel.  Did not re-place instance student_top_inst/Core_cpu/cpu_core/id_ex_inst/data_o[3]_i_13
INFO: [Physopt 32-662] Processed net student_top_inst/Core_cpu/cpu_core/id_ex_inst/inst_o_reg[27]_0[4].  Did not re-place instance student_top_inst/Core_cpu/cpu_core/id_ex_inst/inst_o_reg[4]
INFO: [Physopt 32-662] Processed net student_top_inst/Core_cpu/cpu_core/id_ex_inst/fwd_base_addr_o[2].  Did not re-place instance student_top_inst/Core_cpu/cpu_core/id_ex_inst/data_o[3]_i_6
INFO: [Physopt 32-662] Processed net student_top_inst/Core_cpu/cpu_core/ex_mem_inst/dff_load_hits_dram/internal_flush_inst__6_n_0.  Did not re-place instance student_top_inst/Core_cpu/cpu_core/ex_mem_inst/dff_load_hits_dram/internal_flush_inst__6
INFO: [Physopt 32-662] Processed net student_top_inst/Core_cpu/cpu_core/id_ex_inst/data_o[3]_i_10_n_0.  Did not re-place instance student_top_inst/Core_cpu/cpu_core/id_ex_inst/data_o[3]_i_10
INFO: [Physopt 32-662] Processed net student_top_inst/Core_cpu/cpu_core/id_ex_inst/ex_load_hits_dram_o.  Did not re-place instance student_top_inst/Core_cpu/cpu_core/id_ex_inst/internal_flush_inst__6_i_1
INFO: [Physopt 32-662] Processed net student_top_inst/Core_cpu/cpu_core/id_ex_inst/id_ex_is_jalr_w.  Did not re-place instance student_top_inst/Core_cpu/cpu_core/id_ex_inst/data_o[3]_i_14
INFO: [Physopt 32-662] Processed net student_top_inst/Core_cpu/cpu_core/id_ex_inst/internal_flush_inst__6_i_4_n_0.  Did not re-place instance student_top_inst/Core_cpu/cpu_core/id_ex_inst/internal_flush_inst__6_i_4
INFO: [Physopt 32-662] Processed net student_top_inst/Core_cpu/cpu_core/id_ex_inst/internal_flush_inst__6_i_5_n_0.  Did not re-place instance student_top_inst/Core_cpu/cpu_core/id_ex_inst/internal_flush_inst__6_i_5
INFO: [Physopt 32-662] Processed net student_top_inst/Core_cpu/cpu_core/ex_mem_inst/dff_load_hits_dram/ex_mem_load_hits_dram_o.  Did not re-place instance student_top_inst/Core_cpu/cpu_core/ex_mem_inst/dff_load_hits_dram/data_o_reg[0]
INFO: [Physopt 32-662] Processed net student_top_inst/Core_cpu/cpu_core/if_id_inst/hold_pred_target_reg[7]_i_6_n_0.  Did not re-place instance student_top_inst/Core_cpu/cpu_core/if_id_inst/hold_pred_target_reg[7]_i_6
INFO: [Physopt 32-662] Processed net student_top_inst/Core_cpu/cpu_core/if_id_inst/Q[5].  Did not re-place instance student_top_inst/Core_cpu/cpu_core/if_id_inst/inst_o_reg[20]
INFO: [Physopt 32-662] Processed net student_top_inst/Core_cpu/cpu_core/if_id_inst/flush_ifid_o_inst_i_11_n_0.  Did not re-place instance student_top_inst/Core_cpu/cpu_core/if_id_inst/flush_ifid_o_inst_i_11
INFO: [Physopt 32-662] Processed net student_top_inst/Core_cpu/cpu_core/if_id_inst/flush_ifid_o_inst_i_27_n_0.  Did not re-place instance student_top_inst/Core_cpu/cpu_core/if_id_inst/flush_ifid_o_inst_i_27
INFO: [Physopt 32-662] Processed net student_top_inst/Core_cpu/cpu_core/if_id_inst/hold_pred_target_reg[11]_i_4_n_0.  Did not re-place instance student_top_inst/Core_cpu/cpu_core/if_id_inst/hold_pred_target_reg[11]_i_4
INFO: [Physopt 32-662] Processed net student_top_inst/Core_cpu/cpu_core/ex_inst/rv32m_iter_inst/done_r_reg_rep__29_0.  Did not re-place instance student_top_inst/Core_cpu/cpu_core/ex_inst/rv32m_iter_inst/data_o[8]_i_1__4
INFO: [Physopt 32-662] Processed net student_top_inst/Core_cpu/cpu_core/id_ex_inst/data_o[8]_i_3_n_0.  Did not re-place instance student_top_inst/Core_cpu/cpu_core/id_ex_inst/data_o[8]_i_3
INFO: [Physopt 32-662] Processed net student_top_inst/Core_cpu/cpu_core/id_ex_inst/data_o[8]_i_5_n_0.  Did not re-place instance student_top_inst/Core_cpu/cpu_core/id_ex_inst/data_o[8]_i_5
INFO: [Physopt 32-662] Processed net student_top_inst/Core_cpu/cpu_core/id_ex_inst/data_o[8]_i_9_n_0.  Did not re-place instance student_top_inst/Core_cpu/cpu_core/id_ex_inst/data_o[8]_i_9
INFO: [Physopt 32-662] Processed net student_top_inst/Core_cpu/cpu_core/id_ex_inst/done_r_reg_rep__29_0.  Did not re-place instance student_top_inst/Core_cpu/cpu_core/id_ex_inst/data_o[8]_i_2
INFO: [Physopt 32-662] Processed net student_top_inst/Core_cpu/cpu_core/id_ex_inst/ex_inst/op1_i_shift_right_op2_i[8].  Did not re-place instance student_top_inst/Core_cpu/cpu_core/id_ex_inst/data_o[8]_i_14
INFO: [Physopt 32-662] Processed net student_top_inst/Core_cpu/cpu_core/ex_mem_inst/dff_rd_data/data_o_reg[8]_0.  Did not re-place instance student_top_inst/Core_cpu/cpu_core/ex_mem_inst/dff_rd_data/data_o_reg[8]
INFO: [Physopt 32-663] Processed net student_top_inst/Core_cpu/cpu_core/if_id_inst/Q[9].  Re-placed instance student_top_inst/Core_cpu/cpu_core/if_id_inst/inst_o_reg[24]
INFO: [Physopt 32-662] Processed net student_top_inst/Core_cpu/cpu_core/if_id_inst/flush_ifid_o_inst_i_30_n_0.  Did not re-place instance student_top_inst/Core_cpu/cpu_core/if_id_inst/flush_ifid_o_inst_i_30
INFO: [Physopt 32-662] Processed net student_top_inst/Core_cpu/cpu_core/if_id_inst/flush_ifid_o_inst_i_44_n_0.  Did not re-place instance student_top_inst/Core_cpu/cpu_core/if_id_inst/flush_ifid_o_inst_i_44
INFO: [Physopt 32-662] Processed net student_top_inst/Core_cpu/cpu_core/if_id_inst/flush_ifid_o_inst_i_53_n_0.  Did not re-place instance student_top_inst/Core_cpu/cpu_core/if_id_inst/flush_ifid_o_inst_i_53
INFO: [Physopt 32-663] Processed net student_top_inst/Core_cpu/cpu_core/if_id_inst/Q[7].  Re-placed instance student_top_inst/Core_cpu/cpu_core/if_id_inst/inst_o_reg[22]
INFO: [Physopt 32-662] Processed net student_top_inst/Core_cpu/cpu_core/if_id_inst/flush_ifid_o_inst_i_39_n_0.  Did not re-place instance student_top_inst/Core_cpu/cpu_core/if_id_inst/flush_ifid_o_inst_i_39
INFO: [Physopt 32-663] Processed net student_top_inst/Core_cpu/cpu_core/if_id_inst/flush_ifid_o_inst_i_51_n_0.  Re-placed instance student_top_inst/Core_cpu/cpu_core/if_id_inst/flush_ifid_o_inst_i_51
INFO: [Physopt 32-662] Processed net student_top_inst/Core_cpu/cpu_core/if_id_inst/b_imm_inst__18_n_0.  Did not re-place instance student_top_inst/Core_cpu/cpu_core/if_id_inst/b_imm_inst__18
INFO: [Physopt 32-662] Processed net student_top_inst/Core_cpu/cpu_core/id_ex_inst/data_o_reg[30]_2.  Did not re-place instance student_top_inst/Core_cpu/cpu_core/id_ex_inst/data_o[30]_i_18
INFO: [Physopt 32-662] Processed net student_top_inst/Core_cpu/cpu_core/id_ex_inst/rs1_match_ex_mem_inst_rep__1_i_1_n_0.  Did not re-place instance student_top_inst/Core_cpu/cpu_core/id_ex_inst/rs1_match_ex_mem_inst_rep__1_i_1
INFO: [Physopt 32-662] Processed net student_top_inst/Core_cpu/cpu_core/id_ex_inst/forwarding_inst/in020_out.  Did not re-place instance student_top_inst/Core_cpu/cpu_core/id_ex_inst/rs1_match_ex_mem_inst_i_4
INFO: [Physopt 32-662] Processed net student_top_inst/Core_cpu/cpu_core/id_ex_inst/data_o[9]_i_21_n_0.  Did not re-place instance student_top_inst/Core_cpu/cpu_core/id_ex_inst/data_o[9]_i_21
INFO: [Physopt 32-662] Processed net student_top_inst/Core_cpu/cpu_core/id_ex_inst/data_o_reg[25]_2.  Did not re-place instance student_top_inst/Core_cpu/cpu_core/id_ex_inst/data_o[25]_i_24
INFO: [Physopt 32-662] Processed net student_top_inst/Core_cpu/cpu_core/id_ex_inst/rs1_match_ex_mem_inst_rep__8_i_1_n_0.  Did not re-place instance student_top_inst/Core_cpu/cpu_core/id_ex_inst/rs1_match_ex_mem_inst_rep__8_i_1
INFO: [Physopt 32-662] Processed net student_top_inst/Core_cpu/cpu_core/id_ex_inst/data_o[7]_i_37_n_0.  Did not re-place instance student_top_inst/Core_cpu/cpu_core/id_ex_inst/data_o[7]_i_37
INFO: [Physopt 32-662] Processed net student_top_inst/Core_cpu/cpu_core/ex_inst/rv32m_iter_inst/done_r_reg_rep__30_0.  Did not re-place instance student_top_inst/Core_cpu/cpu_core/ex_inst/rv32m_iter_inst/data_o[6]_i_1__5
INFO: [Physopt 32-662] Processed net student_top_inst/Core_cpu/cpu_core/id_ex_inst/data_o[6]_i_3_n_0.  Did not re-place instance student_top_inst/Core_cpu/cpu_core/id_ex_inst/data_o[6]_i_3
INFO: [Physopt 32-662] Processed net student_top_inst/Core_cpu/cpu_core/id_ex_inst/data_o[6]_i_5_n_0.  Did not re-place instance student_top_inst/Core_cpu/cpu_core/id_ex_inst/data_o[6]_i_5
INFO: [Physopt 32-662] Processed net student_top_inst/Core_cpu/cpu_core/id_ex_inst/data_o[6]_i_9_n_0.  Did not re-place instance student_top_inst/Core_cpu/cpu_core/id_ex_inst/data_o[6]_i_9
INFO: [Physopt 32-662] Processed net student_top_inst/Core_cpu/cpu_core/id_ex_inst/done_r_reg_rep__30_0.  Did not re-place instance student_top_inst/Core_cpu/cpu_core/id_ex_inst/data_o[6]_i_2
INFO: [Physopt 32-662] Processed net student_top_inst/Core_cpu/cpu_core/id_ex_inst/ex_inst/op1_i_shift_right_op2_i[6].  Did not re-place instance student_top_inst/Core_cpu/cpu_core/id_ex_inst/data_o[6]_i_14
INFO: [Physopt 32-662] Processed net student_top_inst/Core_cpu/cpu_core/id_ex_inst/rs1_match_ex_mem_inst_i_6_n_0.  Did not re-place instance student_top_inst/Core_cpu/cpu_core/id_ex_inst/rs1_match_ex_mem_inst_i_6
INFO: [Physopt 32-662] Processed net student_top_inst/Core_cpu/cpu_core/ex_mem_inst/dff_rd_data/data_o_reg[6]_0.  Did not re-place instance student_top_inst/Core_cpu/cpu_core/ex_mem_inst/dff_rd_data/data_o_reg[6]
INFO: [Physopt 32-662] Processed net student_top_inst/Core_cpu/cpu_core/mem1_mem2_inst/dff_inst/mem1_mem2_inst_o[0].  Did not re-place instance student_top_inst/Core_cpu/cpu_core/mem1_mem2_inst/dff_inst/data_o_reg[0]
INFO: [Physopt 32-662] Processed net student_top_inst/Core_cpu/cpu_core/mem1_mem2_inst/dff_inst/data_o_reg[8]_0.  Did not re-place instance student_top_inst/Core_cpu/cpu_core/mem1_mem2_inst/dff_inst/flush_ifid_o_inst_i_40
INFO: [Physopt 32-663] Processed net student_top_inst/Core_cpu/cpu_core/mem1_mem2_inst/dff_inst/flush_ifid_o_inst_i_52_n_0.  Re-placed instance student_top_inst/Core_cpu/cpu_core/mem1_mem2_inst/dff_inst/flush_ifid_o_inst_i_52
INFO: [Physopt 32-662] Processed net student_top_inst/Core_cpu/cpu_core/ex_mem_inst/dff_rd_addr/ex_mem_pipe_rd_addr_o[4].  Did not re-place instance student_top_inst/Core_cpu/cpu_core/ex_mem_inst/dff_rd_addr/data_o_reg[4]
INFO: [Physopt 32-662] Processed net student_top_inst/Core_cpu/cpu_core/id_ex_inst/fwd_base_addr_o[1].  Did not re-place instance student_top_inst/Core_cpu/cpu_core/id_ex_inst/data_o[3]_i_7
INFO: [Physopt 32-662] Processed net student_top_inst/Core_cpu/cpu_core/id_ex_inst/data_o[3]_i_11__0_n_0.  Did not re-place instance student_top_inst/Core_cpu/cpu_core/id_ex_inst/data_o[3]_i_11__0
INFO: [Physopt 32-662] Processed net student_top_inst/Core_cpu/cpu_core/if_id_inst/id_use_rs1_o.  Did not re-place instance student_top_inst/Core_cpu/cpu_core/if_id_inst/use_rs1_o_i_2
INFO: [Physopt 32-662] Processed net student_top_inst/Core_cpu/cpu_core/if_id_inst/op1_o[31]_i_8_n_0.  Did not re-place instance student_top_inst/Core_cpu/cpu_core/if_id_inst/op1_o[31]_i_8
INFO: [Physopt 32-662] Processed net student_top_inst/Core_cpu/cpu_core/if_id_inst/if_id_inst_o[1].  Did not re-place instance student_top_inst/Core_cpu/cpu_core/if_id_inst/inst_o_reg[1]
INFO: [Physopt 32-662] Processed net student_top_inst/Core_cpu/cpu_core/if_id_inst/use_rs1_o_i_4_n_0.  Did not re-place instance student_top_inst/Core_cpu/cpu_core/if_id_inst/use_rs1_o_i_4
INFO: [Physopt 32-662] Processed net student_top_inst/Core_cpu/cpu_core/mem1_mem2_inst/dff_inst/mem1_mem2_inst_o[7].  Did not re-place instance student_top_inst/Core_cpu/cpu_core/mem1_mem2_inst/dff_inst/data_o_reg[7]
INFO: [Physopt 32-662] Processed net student_top_inst/Core_cpu/cpu_core/if_id_inst/Q[1].  Did not re-place instance student_top_inst/Core_cpu/cpu_core/if_id_inst/inst_o_reg[16]
INFO: [Physopt 32-663] Processed net student_top_inst/Core_cpu/cpu_core/id_ex_inst/rs1_addr_o_reg[4]_0[0].  Re-placed instance student_top_inst/Core_cpu/cpu_core/id_ex_inst/rs1_addr_o_reg[0]
INFO: [Physopt 32-662] Processed net student_top_inst/Core_cpu/cpu_core/if_id_inst/inst_o[31]_i_4_n_0.  Did not re-place instance student_top_inst/Core_cpu/cpu_core/if_id_inst/inst_o[31]_i_4
INFO: [Physopt 32-663] Processed net student_top_inst/Core_cpu/cpu_core/if_id_inst/inst_o_reg[12]_0.  Re-placed instance student_top_inst/Core_cpu/cpu_core/if_id_inst/inst_o[12]_rep__45_i_1
INFO: [Physopt 32-662] Processed net student_top_inst/Core_cpu/cpu_core/if_id_inst/hdu_flush_flag_o.  Did not re-place instance student_top_inst/Core_cpu/cpu_core/if_id_inst/inst_o[31]_i_5
INFO: [Physopt 32-662] Processed net student_top_inst/Core_cpu/cpu_core/ex_mem_inst/dff_inst/done_r_reg_rep__41.  Did not re-place instance student_top_inst/Core_cpu/cpu_core/ex_mem_inst/dff_inst/inst_o[31]_i_6
INFO: [Physopt 32-663] Processed net student_top_inst/Core_cpu/cpu_core/id_ex_inst/inst_o_reg[12]_rep__49_n_0.  Re-placed instance student_top_inst/Core_cpu/cpu_core/id_ex_inst/inst_o_reg[12]_rep__49
INFO: [Physopt 32-663] Processed net student_top_inst/Core_cpu/cpu_core/if_id_inst/inst_next[26].  Re-placed instance student_top_inst/Core_cpu/cpu_core/if_id_inst/inst_o[26]_rep__11_i_1
INFO: [Physopt 32-662] Processed net student_top_inst/Core_cpu/cpu_core/id_ex_inst/inst_o_reg[26]_rep__13_0.  Did not re-place instance student_top_inst/Core_cpu/cpu_core/id_ex_inst/inst_o_reg[26]_rep__13
INFO: [Physopt 32-662] Processed net student_top_inst/Core_cpu/cpu_core/if_id_inst/b_imm_inst__21_n_0.  Did not re-place instance student_top_inst/Core_cpu/cpu_core/if_id_inst/b_imm_inst__21
INFO: [Physopt 32-662] Processed net student_top_inst/Core_cpu/cpu_core/if_id_inst/b_imm_inst__17_n_0.  Did not re-place instance student_top_inst/Core_cpu/cpu_core/if_id_inst/b_imm_inst__17
INFO: [Physopt 32-662] Processed net student_top_inst/Core_cpu/cpu_core/id_ex_inst/inst_o_reg[27]_0[9].  Did not re-place instance student_top_inst/Core_cpu/cpu_core/id_ex_inst/inst_o_reg[9]
INFO: [Physopt 32-662] Processed net student_top_inst/Core_cpu/cpu_core/id_ex_inst/inst_o_reg[27]_0[1].  Did not re-place instance student_top_inst/Core_cpu/cpu_core/id_ex_inst/inst_o_reg[1]
INFO: [Physopt 32-662] Processed net student_top_inst/Core_cpu/cpu_core/if_id_inst/j_imm_inst__11_n_0.  Did not re-place instance student_top_inst/Core_cpu/cpu_core/if_id_inst/j_imm_inst__11
INFO: [Physopt 32-662] Processed net student_top_inst/Core_cpu/cpu_core/branch_predictor_inst/bp_fetch_pc_r_reg[30][27].  Did not re-place instance student_top_inst/Core_cpu/cpu_core/branch_predictor_inst/hold_pred_target_reg[27]_i_1
INFO: [Physopt 32-663] Processed net student_top_inst/Core_cpu/cpu_core/id_ex_inst/mtvec_r_reg[31][27].  Re-placed instance student_top_inst/Core_cpu/cpu_core/id_ex_inst/pc_o[27]_i_1
INFO: [Physopt 32-663] Processed net student_top_inst/Core_cpu/cpu_core/if_id_inst/pred_target_o_reg[27]_0.  Re-placed instance student_top_inst/Core_cpu/cpu_core/if_id_inst/pc_o[27]_i_4
INFO: [Physopt 32-662] Processed net student_top_inst/Core_cpu/cpu_core/pc_reg_inst/Q[27].  Did not re-place instance student_top_inst/Core_cpu/cpu_core/pc_reg_inst/pc_o_reg[27]
INFO: [Physopt 32-662] Processed net student_top_inst/Core_cpu/cpu_core/ex_mem_inst/dff_rd_addr/ex_mem_pipe_rd_addr_o[3].  Did not re-place instance student_top_inst/Core_cpu/cpu_core/ex_mem_inst/dff_rd_addr/data_o_reg[3]
INFO: [Physopt 32-662] Processed net student_top_inst/Core_cpu/cpu_core/branch_predictor_inst/bp_fetch_pc_r_reg[30][10].  Did not re-place instance student_top_inst/Core_cpu/cpu_core/branch_predictor_inst/hold_pred_target_reg[10]_i_1
INFO: [Physopt 32-662] Processed net student_top_inst/Core_cpu/cpu_core/id_ex_inst/mtvec_r_reg[31][10].  Did not re-place instance student_top_inst/Core_cpu/cpu_core/id_ex_inst/pc_o[10]_i_1
INFO: [Physopt 32-663] Processed net student_top_inst/Core_cpu/cpu_core/if_id_inst/pred_target_o_reg[10]_0.  Re-placed instance student_top_inst/Core_cpu/cpu_core/if_id_inst/pc_o[10]_i_4
INFO: [Physopt 32-662] Processed net student_top_inst/Core_cpu/cpu_core/pc_reg_inst/Q[10].  Did not re-place instance student_top_inst/Core_cpu/cpu_core/pc_reg_inst/pc_o_reg[10]
INFO: [Physopt 32-662] Processed net student_top_inst/Core_cpu/cpu_core/id_ex_inst/data_o[10]_i_19_n_0.  Did not re-place instance student_top_inst/Core_cpu/cpu_core/id_ex_inst/data_o[10]_i_19
INFO: [Physopt 32-662] Processed net student_top_inst/Core_cpu/cpu_core/id_ex_inst/rs1_match_ex_mem_inst_rep__29_i_1_n_0.  Did not re-place instance student_top_inst/Core_cpu/cpu_core/id_ex_inst/rs1_match_ex_mem_inst_rep__29_i_1
INFO: [Physopt 32-663] Processed net student_top_inst/Core_cpu/cpu_core/id_ex_inst/data_o[17]_i_21_n_0.  Re-placed instance student_top_inst/Core_cpu/cpu_core/id_ex_inst/data_o[17]_i_21
INFO: [Physopt 32-662] Processed net student_top_inst/Core_cpu/cpu_core/id_ex_inst/inst_o_reg[26]_rep__11_0.  Did not re-place instance student_top_inst/Core_cpu/cpu_core/id_ex_inst/inst_o_reg[26]_rep__11
INFO: [Physopt 32-663] Processed net student_top_inst/Core_cpu/cpu_core/id_ex_inst/data_o[14]_i_18_n_0.  Re-placed instance student_top_inst/Core_cpu/cpu_core/id_ex_inst/data_o[14]_i_18
INFO: [Physopt 32-662] Processed net student_top_inst/Core_cpu/cpu_core/if_id_inst/inst_next[1].  Did not re-place instance student_top_inst/Core_cpu/cpu_core/if_id_inst/inst_o[1]_i_1__0
INFO: [Physopt 32-662] Processed net student_top_inst/Core_cpu/cpu_core/id_ex_inst/inst_o_reg[27]_0[2].  Did not re-place instance student_top_inst/Core_cpu/cpu_core/id_ex_inst/inst_o_reg[2]
INFO: [Physopt 32-663] Processed net student_top_inst/Core_cpu/cpu_core/ex_inst/rv32m_iter_inst/done_r_reg_rep__27_0.  Re-placed instance student_top_inst/Core_cpu/cpu_core/ex_inst/rv32m_iter_inst/data_o[12]_i_1__3
INFO: [Physopt 32-662] Processed net student_top_inst/Core_cpu/cpu_core/id_ex_inst/data_o[12]_i_3_n_0.  Did not re-place instance student_top_inst/Core_cpu/cpu_core/id_ex_inst/data_o[12]_i_3
INFO: [Physopt 32-662] Processed net student_top_inst/Core_cpu/cpu_core/id_ex_inst/data_o[12]_i_5_n_0.  Did not re-place instance student_top_inst/Core_cpu/cpu_core/id_ex_inst/data_o[12]_i_5
INFO: [Physopt 32-662] Processed net student_top_inst/Core_cpu/cpu_core/id_ex_inst/data_o[12]_i_9_n_0.  Did not re-place instance student_top_inst/Core_cpu/cpu_core/id_ex_inst/data_o[12]_i_9
INFO: [Physopt 32-662] Processed net student_top_inst/Core_cpu/cpu_core/id_ex_inst/done_r_reg_rep__27_0.  Did not re-place instance student_top_inst/Core_cpu/cpu_core/id_ex_inst/data_o[12]_i_2
INFO: [Physopt 32-662] Processed net student_top_inst/Core_cpu/cpu_core/id_ex_inst/ex_inst/op1_i_shift_right_op2_i[12].  Did not re-place instance student_top_inst/Core_cpu/cpu_core/id_ex_inst/data_o[12]_i_14
INFO: [Physopt 32-662] Processed net student_top_inst/Core_cpu/cpu_core/ex_mem_inst/dff_rd_data/data_o_reg[12]_0.  Did not re-place instance student_top_inst/Core_cpu/cpu_core/ex_mem_inst/dff_rd_data/data_o_reg[12]
INFO: [Physopt 32-662] Processed net student_top_inst/Core_cpu/cpu_core/if_id_inst/inst_o[0]_i_2_n_0.  Did not re-place instance student_top_inst/Core_cpu/cpu_core/if_id_inst/inst_o[0]_i_2
INFO: [Physopt 32-663] Processed net student_top_inst/Core_cpu/cpu_core/if_id_inst/cmp_op2_o_reg[31]_rep[19].  Re-placed instance student_top_inst/Core_cpu/cpu_core/if_id_inst/cmp_op2_o[19]_i_1
INFO: [Physopt 32-663] Processed net student_top_inst/Core_cpu/cpu_core/id_ex_inst/ex_inst/br_cmp_op2[19].  Re-placed instance student_top_inst/Core_cpu/cpu_core/id_ex_inst/cmp_op2_o_reg[19]
INFO: [Physopt 32-662] Processed net student_top_inst/Core_cpu/cpu_core/id_ex_inst/data_o[14]_i_23_n_0.  Did not re-place instance student_top_inst/Core_cpu/cpu_core/id_ex_inst/data_o[14]_i_23
INFO: [Physopt 32-662] Processed net student_top_inst/Core_cpu/cpu_core/id_ex_inst/rs1_match_ex_mem_inst_rep__17_i_1_n_0.  Did not re-place instance student_top_inst/Core_cpu/cpu_core/id_ex_inst/rs1_match_ex_mem_inst_rep__17_i_1
INFO: [Physopt 32-662] Processed net student_top_inst/Core_cpu/cpu_core/id_ex_inst/data_o[16]_i_21_n_0.  Did not re-place instance student_top_inst/Core_cpu/cpu_core/id_ex_inst/data_o[16]_i_21
INFO: [Physopt 32-662] Processed net student_top_inst/Core_cpu/cpu_core/id_ex_inst/data_o[23]_i_45_n_0.  Did not re-place instance student_top_inst/Core_cpu/cpu_core/id_ex_inst/data_o[23]_i_45
INFO: [Physopt 32-662] Processed net student_top_inst/Core_cpu/cpu_core/id_ex_inst/rs1_match_ex_mem_inst_rep__20_i_1_n_0.  Did not re-place instance student_top_inst/Core_cpu/cpu_core/id_ex_inst/rs1_match_ex_mem_inst_rep__20_i_1
INFO: [Physopt 32-662] Processed net student_top_inst/Core_cpu/cpu_core/ex_inst/rv32m_iter_inst/done_r_reg_rep__27_2.  Did not re-place instance student_top_inst/Core_cpu/cpu_core/ex_inst/rv32m_iter_inst/data_o[13]_i_1__3
INFO: [Physopt 32-662] Processed net student_top_inst/Core_cpu/cpu_core/id_ex_inst/data_o[13]_i_11_n_0.  Did not re-place instance student_top_inst/Core_cpu/cpu_core/id_ex_inst/data_o[13]_i_11
INFO: [Physopt 32-662] Processed net student_top_inst/Core_cpu/cpu_core/id_ex_inst/data_o[13]_i_5_n_0.  Did not re-place instance student_top_inst/Core_cpu/cpu_core/id_ex_inst/data_o[13]_i_5
INFO: [Physopt 32-662] Processed net student_top_inst/Core_cpu/cpu_core/id_ex_inst/data_o[13]_i_7_n_0.  Did not re-place instance student_top_inst/Core_cpu/cpu_core/id_ex_inst/data_o[13]_i_7
INFO: [Physopt 32-662] Processed net student_top_inst/Core_cpu/cpu_core/id_ex_inst/data_o[16]_i_22_n_0.  Did not re-place instance student_top_inst/Core_cpu/cpu_core/id_ex_inst/data_o[16]_i_22
INFO: [Physopt 32-662] Processed net student_top_inst/Core_cpu/cpu_core/id_ex_inst/done_r_reg_rep__26.  Did not re-place instance student_top_inst/Core_cpu/cpu_core/id_ex_inst/data_o[13]_i_3
INFO: [Physopt 32-662] Processed net student_top_inst/Core_cpu/cpu_core/id_ex_inst/ex_inst/op1_i_shift_right_op2_i[13].  Did not re-place instance student_top_inst/Core_cpu/cpu_core/id_ex_inst/data_o[13]_i_17
INFO: [Physopt 32-662] Processed net student_top_inst/Core_cpu/cpu_core/ex_mem_inst/dff_rd_data/data_o_reg[13]_0.  Did not re-place instance student_top_inst/Core_cpu/cpu_core/ex_mem_inst/dff_rd_data/data_o_reg[13]
INFO: [Physopt 32-662] Processed net student_top_inst/Core_cpu/cpu_core/if_id_inst/hold_pred_target_reg[11]_i_7_n_0.  Did not re-place instance student_top_inst/Core_cpu/cpu_core/if_id_inst/hold_pred_target_reg[11]_i_7
INFO: [Physopt 32-662] Processed net student_top_inst/Core_cpu/cpu_core/if_id_inst/j_imm_inst__10_n_0.  Did not re-place instance student_top_inst/Core_cpu/cpu_core/if_id_inst/j_imm_inst__10
INFO: [Physopt 32-663] Processed net student_top_inst/Core_cpu/cpu_core/id_ex_inst/data_o[15]_i_40_n_0.  Re-placed instance student_top_inst/Core_cpu/cpu_core/id_ex_inst/data_o[15]_i_40
INFO: [Physopt 32-662] Processed net student_top_inst/Core_cpu/cpu_core/id_ex_inst/data_o[23]_i_46_n_0.  Did not re-place instance student_top_inst/Core_cpu/cpu_core/id_ex_inst/data_o[23]_i_46
INFO: [Physopt 32-662] Processed net student_top_inst/Core_cpu/cpu_core/id_ex_inst/data_o[15]_i_43_n_0.  Did not re-place instance student_top_inst/Core_cpu/cpu_core/id_ex_inst/data_o[15]_i_43
INFO: [Physopt 32-662] Processed net student_top_inst/Core_cpu/cpu_core/id_ex_inst/rs1_match_ex_mem_inst_rep__11_i_1_n_0.  Did not re-place instance student_top_inst/Core_cpu/cpu_core/id_ex_inst/rs1_match_ex_mem_inst_rep__11_i_1
INFO: [Physopt 32-662] Processed net student_top_inst/Core_cpu/cpu_core/branch_predictor_inst/bp_fetch_pc_r_reg[30][22].  Did not re-place instance student_top_inst/Core_cpu/cpu_core/branch_predictor_inst/hold_pred_target_reg[22]_i_1
INFO: [Physopt 32-663] Processed net student_top_inst/Core_cpu/cpu_core/id_ex_inst/mtvec_r_reg[31][22].  Re-placed instance student_top_inst/Core_cpu/cpu_core/id_ex_inst/pc_o[22]_i_2
INFO: [Physopt 32-662] Processed net student_top_inst/Core_cpu/cpu_core/if_id_inst/pred_target_o_reg[22]_0.  Did not re-place instance student_top_inst/Core_cpu/cpu_core/if_id_inst/pc_o[22]_i_5
INFO: [Physopt 32-662] Processed net student_top_inst/Core_cpu/cpu_core/pc_reg_inst/Q[22].  Did not re-place instance student_top_inst/Core_cpu/cpu_core/pc_reg_inst/pc_o_reg[22]
INFO: [Physopt 32-662] Processed net student_top_inst/Core_cpu/cpu_core/id_ex_inst/inst_o_reg[0]_0.  Did not re-place instance student_top_inst/Core_cpu/cpu_core/id_ex_inst/flush_ifid_o_inst_i_24
INFO: [Physopt 32-663] Processed net student_top_inst/Core_cpu/cpu_core/id_ex_inst/func3_r[2]_i_3_n_0.  Re-placed instance student_top_inst/Core_cpu/cpu_core/id_ex_inst/func3_r[2]_i_3
INFO: [Physopt 32-663] Processed net student_top_inst/Core_cpu/cpu_core/id_ex_inst/inst_o_reg[27]_0[21].  Re-placed instance student_top_inst/Core_cpu/cpu_core/id_ex_inst/inst_o_reg[25]
INFO: [Physopt 32-662] Processed net student_top_inst/Core_cpu/cpu_core/id_ex_inst/is_rv32m.  Did not re-place instance student_top_inst/Core_cpu/cpu_core/id_ex_inst/pc_o[13]_i_8
INFO: [Physopt 32-662] Processed net student_top_inst/Core_cpu/cpu_core/ex_inst/rv32m_iter_inst/jump_en_d1_reg_9.  Did not re-place instance student_top_inst/Core_cpu/cpu_core/ex_inst/rv32m_iter_inst/flush_ifid_o_inst_i_18
INFO: [Physopt 32-662] Processed net student_top_inst/Core_cpu/cpu_core/if_id_inst/b_imm_inst__23_n_0.  Did not re-place instance student_top_inst/Core_cpu/cpu_core/if_id_inst/b_imm_inst__23
INFO: [Physopt 32-662] Processed net student_top_inst/Core_cpu/cpu_core/id_ex_inst/data_o[9]_i_20_n_0.  Did not re-place instance student_top_inst/Core_cpu/cpu_core/id_ex_inst/data_o[9]_i_20
INFO: [Physopt 32-662] Processed net student_top_inst/Core_cpu/cpu_core/ex_mem_inst/dff_rd_addr/rs2_alu_match_ex_mem_inst_i_2_n_0.  Did not re-place instance student_top_inst/Core_cpu/cpu_core/ex_mem_inst/dff_rd_addr/rs2_alu_match_ex_mem_inst_i_2
INFO: [Physopt 32-662] Processed net student_top_inst/Core_cpu/cpu_core/ex_mem_inst/dff_rd_addr/rs2_alu_match_ex_mem_inst_rep__14_i_1_n_0.  Did not re-place instance student_top_inst/Core_cpu/cpu_core/ex_mem_inst/dff_rd_addr/rs2_alu_match_ex_mem_inst_rep__14_i_1
INFO: [Physopt 32-663] Processed net student_top_inst/Core_cpu/cpu_core/ex_mem_inst/dff_rd_data/alu_op2_inst_rep__72_i_1_n_0.  Re-placed instance student_top_inst/Core_cpu/cpu_core/ex_mem_inst/dff_rd_data/alu_op2_inst_rep__72_i_1
INFO: [Physopt 32-662] Processed net student_top_inst/Core_cpu/cpu_core/id_ex_inst/data_o[0]_i_94_n_0.  Did not re-place instance student_top_inst/Core_cpu/cpu_core/id_ex_inst/data_o[0]_i_94
INFO: [Physopt 32-662] Processed net student_top_inst/Core_cpu/cpu_core/id_ex_inst/data_o[5]_i_20_n_0.  Did not re-place instance student_top_inst/Core_cpu/cpu_core/id_ex_inst/data_o[5]_i_20
INFO: [Physopt 32-662] Processed net student_top_inst/Core_cpu/cpu_core/ex_inst/rv32m_iter_inst/done_r_reg_rep__31_0.  Did not re-place instance student_top_inst/Core_cpu/cpu_core/ex_inst/rv32m_iter_inst/data_o[4]_i_1__4
INFO: [Physopt 32-662] Processed net student_top_inst/Core_cpu/cpu_core/ex_mem_inst/dff_rd_addr/rs2_alu_match_ex_mem_inst_i_4_n_0.  Did not re-place instance student_top_inst/Core_cpu/cpu_core/ex_mem_inst/dff_rd_addr/rs2_alu_match_ex_mem_inst_i_4
INFO: [Physopt 32-662] Processed net student_top_inst/Core_cpu/cpu_core/id_ex_inst/data_o[4]_i_3__0_n_0.  Did not re-place instance student_top_inst/Core_cpu/cpu_core/id_ex_inst/data_o[4]_i_3__0
INFO: [Physopt 32-662] Processed net student_top_inst/Core_cpu/cpu_core/id_ex_inst/data_o[4]_i_5_n_0.  Did not re-place instance student_top_inst/Core_cpu/cpu_core/id_ex_inst/data_o[4]_i_5
INFO: [Physopt 32-662] Processed net student_top_inst/Core_cpu/cpu_core/id_ex_inst/data_o[4]_i_9_n_0.  Did not re-place instance student_top_inst/Core_cpu/cpu_core/id_ex_inst/data_o[4]_i_9
INFO: [Physopt 32-662] Processed net student_top_inst/Core_cpu/cpu_core/id_ex_inst/done_r_reg_rep__31_0.  Did not re-place instance student_top_inst/Core_cpu/cpu_core/id_ex_inst/data_o[4]_i_2
INFO: [Physopt 32-662] Processed net student_top_inst/Core_cpu/cpu_core/id_ex_inst/ex_inst/op1_i_shift_right_op2_i[4].  Did not re-place instance student_top_inst/Core_cpu/cpu_core/id_ex_inst/data_o[4]_i_14
INFO: [Physopt 32-662] Processed net student_top_inst/Core_cpu/cpu_core/ex_mem_inst/dff_rd_data/data_o_reg[4]_5.  Did not re-place instance student_top_inst/Core_cpu/cpu_core/ex_mem_inst/dff_rd_data/data_o_reg[4]
INFO: [Physopt 32-662] Processed net student_top_inst/Core_cpu/cpu_core/if_id_inst/op1_o[22]_i_4_n_0.  Did not re-place instance student_top_inst/Core_cpu/cpu_core/if_id_inst/op1_o[22]_i_4
INFO: [Physopt 32-663] Processed net student_top_inst/Core_cpu/cpu_core/if_id_inst/inst_o_reg[19]_0[0].  Re-placed instance student_top_inst/Core_cpu/cpu_core/if_id_inst/rs1_addr_o[0]_i_1
INFO: [Physopt 32-662] Processed net student_top_inst/Core_cpu/cpu_core/id_ex_inst/inst_o_reg[26]_rep__16_0.  Did not re-place instance student_top_inst/Core_cpu/cpu_core/id_ex_inst/inst_o_reg[26]_rep__16
INFO: [Physopt 32-662] Processed net student_top_inst/Core_cpu/cpu_core/if_id_inst/Q[2].  Did not re-place instance student_top_inst/Core_cpu/cpu_core/if_id_inst/inst_o_reg[17]
INFO: [Physopt 32-662] Processed net student_top_inst/Core_cpu/cpu_core/id_ex_inst/fwd_base_addr_o[0].  Did not re-place instance student_top_inst/Core_cpu/cpu_core/id_ex_inst/data_o[3]_i_8
INFO: [Physopt 32-663] Processed net student_top_inst/Core_cpu/cpu_core/id_ex_inst/data_o_reg[27]_2.  Re-placed instance student_top_inst/Core_cpu/cpu_core/id_ex_inst/data_o[23]_i_39
INFO: [Physopt 32-662] Processed net student_top_inst/Core_cpu/cpu_core/id_ex_inst/rs1_match_ex_mem_inst_rep__6_i_1_n_0.  Did not re-place instance student_top_inst/Core_cpu/cpu_core/id_ex_inst/rs1_match_ex_mem_inst_rep__6_i_1
INFO: [Physopt 32-663] Processed net student_top_inst/Core_cpu/cpu_core/if_id_inst/op1_next[13].  Re-placed instance student_top_inst/Core_cpu/cpu_core/if_id_inst/op1_o[13]_i_1
INFO: [Physopt 32-662] Processed net student_top_inst/Core_cpu/cpu_core/id_ex_inst/data_o[27]_i_27_n_0.  Did not re-place instance student_top_inst/Core_cpu/cpu_core/id_ex_inst/data_o[27]_i_27
INFO: [Physopt 32-663] Processed net student_top_inst/Core_cpu/cpu_core/ex_inst/rv32m_iter_inst/done_r_reg_rep__23_0.  Re-placed instance student_top_inst/Core_cpu/cpu_core/ex_inst/rv32m_iter_inst/data_o[20]_i_1__2
INFO: [Physopt 32-662] Processed net student_top_inst/Core_cpu/cpu_core/id_ex_inst/data_o[20]_i_3_n_0.  Did not re-place instance student_top_inst/Core_cpu/cpu_core/id_ex_inst/data_o[20]_i_3
INFO: [Physopt 32-662] Processed net student_top_inst/Core_cpu/cpu_core/id_ex_inst/data_o[20]_i_5_n_0.  Did not re-place instance student_top_inst/Core_cpu/cpu_core/id_ex_inst/data_o[20]_i_5
INFO: [Physopt 32-662] Processed net student_top_inst/Core_cpu/cpu_core/id_ex_inst/data_o[20]_i_9_n_0.  Did not re-place instance student_top_inst/Core_cpu/cpu_core/id_ex_inst/data_o[20]_i_9
INFO: [Physopt 32-662] Processed net student_top_inst/Core_cpu/cpu_core/id_ex_inst/data_o[3]_i_12__0_n_0.  Did not re-place instance student_top_inst/Core_cpu/cpu_core/id_ex_inst/data_o[3]_i_12__0
INFO: [Physopt 32-662] Processed net student_top_inst/Core_cpu/cpu_core/id_ex_inst/done_r_reg_rep__23_0.  Did not re-place instance student_top_inst/Core_cpu/cpu_core/id_ex_inst/data_o[20]_i_2__0
INFO: [Physopt 32-662] Processed net student_top_inst/Core_cpu/cpu_core/id_ex_inst/ex_inst/op1_i_shift_right_op2_i[20].  Did not re-place instance student_top_inst/Core_cpu/cpu_core/id_ex_inst/data_o[20]_i_14
INFO: [Physopt 32-662] Processed net student_top_inst/Core_cpu/cpu_core/ex_mem_inst/dff_rd_data/data_o_reg[20]_0.  Did not re-place instance student_top_inst/Core_cpu/cpu_core/ex_mem_inst/dff_rd_data/data_o_reg[20]
INFO: [Physopt 32-663] Processed net student_top_inst/Core_cpu/cpu_core/id_ex_inst/ex_inst/br_op1[13].  Re-placed instance student_top_inst/Core_cpu/cpu_core/id_ex_inst/op1_o_reg[13]
INFO: [Physopt 32-662] Processed net student_top_inst/Core_cpu/cpu_core/id_ex_inst/rs1_match_ex_mem_inst_i_1_n_0.  Did not re-place instance student_top_inst/Core_cpu/cpu_core/id_ex_inst/rs1_match_ex_mem_inst_i_1
INFO: [Physopt 32-662] Processed net student_top_inst/Core_cpu/cpu_core/id_ex_inst/data_o_reg[31]_4.  Did not re-place instance student_top_inst/Core_cpu/cpu_core/id_ex_inst/data_o[31]_i_41
INFO: [Physopt 32-662] Processed net student_top_inst/Core_cpu/cpu_core/branch_predictor_inst/bp_fetch_pc_r_reg[30][14].  Did not re-place instance student_top_inst/Core_cpu/cpu_core/branch_predictor_inst/hold_pred_target_reg[14]_i_1
INFO: [Physopt 32-662] Processed net student_top_inst/Core_cpu/cpu_core/id_ex_inst/mtvec_r_reg[31][14].  Did not re-place instance student_top_inst/Core_cpu/cpu_core/id_ex_inst/pc_o[14]_i_2
INFO: [Physopt 32-663] Processed net student_top_inst/Core_cpu/cpu_core/if_id_inst/pred_target_o_reg[14]_0.  Re-placed instance student_top_inst/Core_cpu/cpu_core/if_id_inst/pc_o[14]_i_5
INFO: [Physopt 32-662] Processed net student_top_inst/Core_cpu/cpu_core/pc_reg_inst/Q[14].  Did not re-place instance student_top_inst/Core_cpu/cpu_core/pc_reg_inst/pc_o_reg[14]
INFO: [Physopt 32-662] Processed net student_top_inst/Core_cpu/cpu_core/mem1_mem2_inst/dff_inst/mem1_mem2_inst_o[1].  Did not re-place instance student_top_inst/Core_cpu/cpu_core/mem1_mem2_inst/dff_inst/data_o_reg[1]
INFO: [Physopt 32-662] Processed net student_top_inst/Core_cpu/cpu_core/if_id_inst/j_imm_inst__13_n_0.  Did not re-place instance student_top_inst/Core_cpu/cpu_core/if_id_inst/j_imm_inst__13
INFO: [Physopt 32-662] Processed net student_top_inst/Core_cpu/cpu_core/ex_inst/rv32m_iter_inst/div_result_r.  Did not re-place instance student_top_inst/Core_cpu/cpu_core/ex_inst/rv32m_iter_inst/div_result_r[31]_i_2
INFO: [Physopt 32-662] Processed net student_top_inst/Core_cpu/cpu_core/ex_inst/rv32m_iter_inst/state_r[2]_i_4_n_0.  Did not re-place instance student_top_inst/Core_cpu/cpu_core/ex_inst/rv32m_iter_inst/state_r[2]_i_4
INFO: [Physopt 32-662] Processed net student_top_inst/Core_cpu/cpu_core/ex_inst/rv32m_iter_inst/state_r[2]_i_40_n_0.  Did not re-place instance student_top_inst/Core_cpu/cpu_core/ex_inst/rv32m_iter_inst/state_r[2]_i_40
INFO: [Physopt 32-662] Processed net student_top_inst/Core_cpu/cpu_core/ex_inst/rv32m_iter_inst/op1_raw_r_reg_n_0_[0].  Did not re-place instance student_top_inst/Core_cpu/cpu_core/ex_inst/rv32m_iter_inst/op1_raw_r_reg[0]
INFO: [Physopt 32-662] Processed net student_top_inst/Core_cpu/cpu_core/ex_inst/rv32m_iter_inst/p_0_in[0].  Did not re-place instance student_top_inst/Core_cpu/cpu_core/ex_inst/rv32m_iter_inst/div_dividend_r[4]_i_3
INFO: [Physopt 32-662] Processed net student_top_inst/Core_cpu/cpu_core/ex_inst/rv32m_iter_inst/iter_count_r[5]_i_10_n_0.  Did not re-place instance student_top_inst/Core_cpu/cpu_core/ex_inst/rv32m_iter_inst/iter_count_r[5]_i_10
INFO: [Physopt 32-663] Processed net student_top_inst/Core_cpu/cpu_core/ex_inst/rv32m_iter_inst/div_result_r_reg_n_0_[1].  Re-placed instance student_top_inst/Core_cpu/cpu_core/ex_inst/rv32m_iter_inst/div_result_r_reg[1]
INFO: [Physopt 32-663] Processed net student_top_inst/Core_cpu/cpu_core/ex_inst/rv32m_iter_inst/div_result_r_reg_n_0_[5].  Re-placed instance student_top_inst/Core_cpu/cpu_core/ex_inst/rv32m_iter_inst/div_result_r_reg[5]
INFO: [Physopt 32-663] Processed net student_top_inst/Core_cpu/cpu_core/id_ex_inst/rs1_addr_o_reg[4]_0[2].  Re-placed instance student_top_inst/Core_cpu/cpu_core/id_ex_inst/rs1_addr_o_reg[2]
INFO: [Physopt 32-663] Processed net student_top_inst/Core_cpu/cpu_core/if_id_inst/inst_next[30].  Re-placed instance student_top_inst/Core_cpu/cpu_core/if_id_inst/inst_o[30]_rep__3_i_1
INFO: [Physopt 32-662] Processed net student_top_inst/Core_cpu/cpu_core/id_ex_inst/inst_o_reg[30]_rep__3_n_0.  Did not re-place instance student_top_inst/Core_cpu/cpu_core/id_ex_inst/inst_o_reg[30]_rep__3
INFO: [Physopt 32-661] Optimized 38 nets.  Re-placed 38 instances.
INFO: [Physopt 32-775] End 1 Pass. Optimized 38 nets or cells. Created 0 new cell, deleted 0 existing cell and moved 38 existing cells
INFO: [Physopt 32-619] Estimated Timing Summary | WNS=-0.116 | TNS=-0.116 |
Netlist sorting complete. Time (s): cpu = 00:00:00 ; elapsed = 00:00:00.007 . Memory (MB): peak = 2334.867 ; gain = 0.000
Phase 9 Single Cell Placement Optimization | Checksum: 2408e4028

Time (s): cpu = 00:00:11 ; elapsed = 00:00:48 . Memory (MB): peak = 2334.867 ; gain = 60.496

Phase 10 Multi Cell Placement Optimization
INFO: [Physopt 32-660] Identified 100 candidate nets for placement-based optimization.
INFO: [Physopt 32-662] Processed net student_top_inst/Core_cpu/cpu_core/branch_predictor_inst/bp_fetch_pc_r_reg[30][31].  Did not re-place instance student_top_inst/Core_cpu/cpu_core/branch_predictor_inst/hold_pred_target_reg[31]_i_1/O
INFO: [Physopt 32-662] Processed net student_top_inst/Core_cpu/cpu_core/id_ex_inst/mtvec_r_reg[31][31].  Did not re-place instance student_top_inst/Core_cpu/cpu_core/id_ex_inst/pc_o[31]_i_1/O
INFO: [Physopt 32-662] Processed net student_top_inst/Core_cpu/cpu_core/if_id_inst/pred_target_o_reg[31]_0.  Did not re-place instance student_top_inst/Core_cpu/cpu_core/if_id_inst/pc_o[31]_i_4/O
INFO: [Physopt 32-661] Optimized 0 net.  Re-placed 0 instance.
INFO: [Physopt 32-775] End 1 Pass. Optimized 0 net or cell. Created 0 new cell, deleted 0 existing cell and moved 0 existing cell
Netlist sorting complete. Time (s): cpu = 00:00:00 ; elapsed = 00:00:00.003 . Memory (MB): peak = 2334.867 ; gain = 0.000
Phase 10 Multi Cell Placement Optimization | Checksum: 2408e4028

Time (s): cpu = 00:00:11 ; elapsed = 00:00:48 . Memory (MB): peak = 2334.867 ; gain = 60.496

Phase 11 Rewire
INFO: [Physopt 32-246] Starting Signal Push optimization...
INFO: [Physopt 32-241] No nets found for rewiring () optimization.
INFO: [Physopt 32-232] Optimized 0 net. Created 0 new instance.
INFO: [Physopt 32-775] End 1 Pass. Optimized 0 net or cell. Created 0 new cell, deleted 0 existing cell and moved 0 existing cell
Netlist sorting complete. Time (s): cpu = 00:00:00 ; elapsed = 00:00:00.004 . Memory (MB): peak = 2334.867 ; gain = 0.000
Phase 11 Rewire | Checksum: 2408e4028

Time (s): cpu = 00:00:11 ; elapsed = 00:00:48 . Memory (MB): peak = 2334.867 ; gain = 60.496

Phase 12 Critical Cell Optimization
INFO: [Physopt 32-46] Identified 28 candidate nets for critical-cell optimization.
INFO: [Physopt 32-571] Net student_top_inst/Core_cpu/cpu_core/if_id_inst/Q[0] was not replicated.
INFO: [Physopt 32-571] Net student_top_inst/Core_cpu/cpu_core/if_id_inst/data_o_reg[6] was not replicated.
INFO: [Physopt 32-571] Net student_top_inst/Core_cpu/cpu_core/id_ex_inst/inst_o_reg[27]_0[7] was not replicated.
INFO: [Physopt 32-571] Net student_top_inst/Core_cpu/cpu_core/id_ex_inst/inst_o_reg[27]_0[4] was not replicated.
INFO: [Physopt 32-571] Net student_top_inst/Core_cpu/cpu_core/id_ex_inst/data_o[14]_i_18_n_0 was not replicated.
INFO: [Physopt 32-571] Net student_top_inst/Core_cpu/cpu_core/id_ex_inst/data_o[14]_i_24_n_0 was not replicated.
INFO: [Physopt 32-571] Net student_top_inst/Core_cpu/cpu_core/id_ex_inst/data_o_reg[30]_2 was not replicated.
INFO: [Physopt 32-571] Net student_top_inst/Core_cpu/cpu_core/id_ex_inst/rs1_addr_o_reg[4]_0[4] was not replicated.
INFO: [Physopt 32-571] Net student_top_inst/Core_cpu/cpu_core/id_ex_inst/rs1_match_ex_mem_inst_rep__1_i_1_n_0 was not replicated.
INFO: [Physopt 32-571] Net student_top_inst/Core_cpu/cpu_core/if_id_inst/Q[5] was not replicated.
INFO: [Physopt 32-571] Net student_top_inst/Core_cpu/cpu_core/id_ex_inst/data_o[10]_i_18_n_0 was not replicated.
INFO: [Physopt 32-571] Net student_top_inst/Core_cpu/cpu_core/id_ex_inst/data_o[8]_i_18_n_0 was not replicated.
INFO: [Physopt 32-571] Net student_top_inst/Core_cpu/cpu_core/id_ex_inst/data_o[9]_i_21_n_0 was not replicated.
INFO: [Physopt 32-571] Net student_top_inst/Core_cpu/cpu_core/id_ex_inst/data_o_reg[25]_2 was not replicated.
INFO: [Physopt 32-571] Net student_top_inst/Core_cpu/cpu_core/id_ex_inst/rs1_match_ex_mem_inst_rep__8_i_1_n_0 was not replicated.
INFO: [Physopt 32-571] Net student_top_inst/Core_cpu/cpu_core/id_ex_inst/data_o[7]_i_37_n_0 was not replicated.
INFO: [Physopt 32-571] Net student_top_inst/Core_cpu/cpu_core/ex_mem_inst/dff_rd_addr/ex_mem_pipe_rd_addr_o[4] was not replicated.
INFO: [Physopt 32-571] Net student_top_inst/Core_cpu/cpu_core/id_ex_inst/fwd_base_addr_o[1] was not replicated.
INFO: [Physopt 32-571] Net student_top_inst/Core_cpu/cpu_core/if_id_inst/id_use_rs1_o was not replicated.
INFO: [Physopt 32-571] Net student_top_inst/Core_cpu/cpu_core/if_id_inst/op1_o[31]_i_8_n_0 was not replicated.
INFO: [Physopt 32-571] Net student_top_inst/Core_cpu/cpu_core/if_id_inst/inst_o_reg[18]_1 was not replicated.
INFO: [Physopt 32-571] Net student_top_inst/Core_cpu/cpu_core/mem1_mem2_inst/dff_inst/data_o_reg[3]_0 was not replicated.
INFO: [Physopt 32-571] Net student_top_inst/Core_cpu/cpu_core/if_id_inst/if_id_inst_o[1] was not replicated.
INFO: [Physopt 32-571] Net student_top_inst/Core_cpu/cpu_core/id_ex_inst/inst_o_reg[27]_0[0] was not replicated.
INFO: [Physopt 32-571] Net student_top_inst/Core_cpu/rs1_match_ex_mem_inst_i_5_n_0 was not replicated.
INFO: [Physopt 32-571] Net student_top_inst/Core_cpu/cpu_core/id_ex_inst/data_o[22]_i_22_n_0 was not replicated.
INFO: [Physopt 32-571] Net student_top_inst/Core_cpu/cpu_core/id_ex_inst/rs1_match_ex_mem_inst_rep__12_i_1_n_0 was not replicated.
INFO: [Physopt 32-232] Optimized 0 net. Created 0 new instance.
INFO: [Physopt 32-775] End 1 Pass. Optimized 0 net or cell. Created 0 new cell, deleted 0 existing cell and moved 0 existing cell
Phase 12 Critical Cell Optimization | Checksum: 2408e4028

Time (s): cpu = 00:00:11 ; elapsed = 00:00:48 . Memory (MB): peak = 2334.867 ; gain = 60.496

Phase 13 SLR Crossing Optimization
Phase 13 SLR Crossing Optimization | Checksum: 2408e4028

Time (s): cpu = 00:00:11 ; elapsed = 00:00:48 . Memory (MB): peak = 2334.867 ; gain = 60.496

Phase 14 Fanout Optimization
INFO: [Physopt 32-76] Pass 1. Identified 6 candidate nets for fanout optimization.
INFO: [Physopt 32-572] Net student_top_inst/Core_cpu/cpu_core/ex_mem_inst/dff_inst/done_r_reg_rep__41_0 was not replicated.
Resolution: phys_opt_design can be forced to replicate a net driver using the option -force_replication_on_nets <list of net objects>.
INFO: [Physopt 32-572] Net student_top_inst/Core_cpu/cpu_core/id_ex_inst/forwarding_inst/in04 was not replicated.
Resolution: phys_opt_design can be forced to replicate a net driver using the option -force_replication_on_nets <list of net objects>.
INFO: [Physopt 32-572] Net student_top_inst/Core_cpu/cpu_core/id_ex_inst/forwarding_inst/in020_out was not replicated.
Resolution: phys_opt_design can be forced to replicate a net driver using the option -force_replication_on_nets <list of net objects>.
INFO: [Physopt 32-572] Net student_top_inst/Core_cpu/cpu_core/id_ex_inst/id_ex_is_branch_w was not replicated.
Resolution: phys_opt_design can be forced to replicate a net driver using the option -force_replication_on_nets <list of net objects>.
INFO: [Physopt 32-572] Net student_top_inst/Core_cpu/cpu_core/id_ex_inst/rs2_addr_o_reg[3]_0 was not replicated.
Resolution: phys_opt_design can be forced to replicate a net driver using the option -force_replication_on_nets <list of net objects>.
INFO: [Physopt 32-572] Net student_top_inst/Core_cpu/cpu_core/id_ex_inst/internal_flush_inst__15_i_1_n_0 was not replicated.
Resolution: phys_opt_design can be forced to replicate a net driver using the option -force_replication_on_nets <list of net objects>.
INFO: [Physopt 32-232] Optimized 0 net. Created 0 new instance.
INFO: [Physopt 32-775] End 1 Pass. Optimized 0 net or cell. Created 0 new cell, deleted 0 existing cell and moved 0 existing cell
Netlist sorting complete. Time (s): cpu = 00:00:00 ; elapsed = 00:00:00.014 . Memory (MB): peak = 2356.055 ; gain = 0.000
Phase 14 Fanout Optimization | Checksum: 2408e4028

Time (s): cpu = 00:00:11 ; elapsed = 00:00:50 . Memory (MB): peak = 2356.055 ; gain = 81.684

Phase 15 Single Cell Placement Optimization
INFO: [Physopt 32-660] Identified 250 candidate nets for placement-based optimization.
INFO: [Physopt 32-662] Processed net student_top_inst/Core_cpu/cpu_core/branch_predictor_inst/bp_fetch_pc_r_reg[30][31].  Did not re-place instance student_top_inst/Core_cpu/cpu_core/branch_predictor_inst/hold_pred_target_reg[31]_i_1
INFO: [Physopt 32-662] Processed net student_top_inst/Core_cpu/cpu_core/id_ex_inst/mtvec_r_reg[31][31].  Did not re-place instance student_top_inst/Core_cpu/cpu_core/id_ex_inst/pc_o[31]_i_1
INFO: [Physopt 32-662] Processed net student_top_inst/Core_cpu/cpu_core/if_id_inst/b_imm_inst__25_n_0.  Did not re-place instance student_top_inst/Core_cpu/cpu_core/if_id_inst/b_imm_inst__25
INFO: [Physopt 32-662] Processed net student_top_inst/Core_cpu/cpu_core/if_id_inst/pred_target_o_reg[31]_0.  Did not re-place instance student_top_inst/Core_cpu/cpu_core/if_id_inst/pc_o[31]_i_4
INFO: [Physopt 32-662] Processed net student_top_inst/Core_cpu/cpu_core/pc_reg_inst/Q[31].  Did not re-place instance student_top_inst/Core_cpu/cpu_core/pc_reg_inst/pc_o_reg[31]
INFO: [Physopt 32-662] Processed net student_top_inst/Core_cpu/cpu_core/if_id_inst/b_imm_inst__29_n_0.  Did not re-place instance student_top_inst/Core_cpu/cpu_core/if_id_inst/b_imm_inst__29
INFO: [Physopt 32-662] Processed net student_top_inst/Core_cpu/cpu_core/if_id_inst/hold_pred_target_reg[7]_i_7_n_0.  Did not re-place instance student_top_inst/Core_cpu/cpu_core/if_id_inst/hold_pred_target_reg[7]_i_7
INFO: [Physopt 32-662] Processed net student_top_inst/Core_cpu/cpu_core/if_id_inst/hold_pred_target_reg[3]_i_7_n_0.  Did not re-place instance student_top_inst/Core_cpu/cpu_core/if_id_inst/hold_pred_target_reg[3]_i_7
INFO: [Physopt 32-662] Processed net student_top_inst/Core_cpu/cpu_core/if_id_inst/b_imm_inst__24_n_0.  Did not re-place instance student_top_inst/Core_cpu/cpu_core/if_id_inst/b_imm_inst__24
INFO: [Physopt 32-662] Processed net student_top_inst/Core_cpu/cpu_core/if_id_inst/hold_pred_target_reg[7]_i_5_n_0.  Did not re-place instance student_top_inst/Core_cpu/cpu_core/if_id_inst/hold_pred_target_reg[7]_i_5
INFO: [Physopt 32-662] Processed net student_top_inst/Core_cpu/cpu_core/branch_predictor_inst/bp_fetch_pc_r_reg[30][30].  Did not re-place instance student_top_inst/Core_cpu/cpu_core/branch_predictor_inst/hold_pred_target_reg[30]_i_1
INFO: [Physopt 32-662] Processed net student_top_inst/Core_cpu/cpu_core/id_ex_inst/mtvec_r_reg[31][30].  Did not re-place instance student_top_inst/Core_cpu/cpu_core/id_ex_inst/pc_o[30]_i_2
INFO: [Physopt 32-662] Processed net student_top_inst/Core_cpu/cpu_core/if_id_inst/pred_target_o_reg[30]_0.  Did not re-place instance student_top_inst/Core_cpu/cpu_core/if_id_inst/pc_o[30]_i_5
INFO: [Physopt 32-662] Processed net student_top_inst/Core_cpu/cpu_core/pc_reg_inst/Q[30].  Did not re-place instance student_top_inst/Core_cpu/cpu_core/pc_reg_inst/pc_o_reg[30]
INFO: [Physopt 32-662] Processed net student_top_inst/Core_cpu/cpu_core/if_id_inst/bp_fetch_redirect.  Did not re-place instance student_top_inst/Core_cpu/cpu_core/if_id_inst/pc_o[31]_i_11
INFO: [Physopt 32-662] Processed net student_top_inst/Core_cpu/cpu_core/if_id_inst/bp_fetch_valid_r_reg.  Did not re-place instance student_top_inst/Core_cpu/cpu_core/if_id_inst/hold_pred_target_reg[31]_i_4
INFO: [Physopt 32-662] Processed net student_top_inst/Core_cpu/cpu_core/branch_predictor_inst/bp_pred_taken_o.  Did not re-place instance student_top_inst/Core_cpu/cpu_core/branch_predictor_inst/hold_pred_taken_reg_i_1
INFO: [Physopt 32-662] Processed net student_top_inst/Core_cpu/cpu_core/if_id_inst/b_imm_inst__27_n_0.  Did not re-place instance student_top_inst/Core_cpu/cpu_core/if_id_inst/b_imm_inst__27
INFO: [Physopt 32-662] Processed net student_top_inst/Core_cpu/cpu_core/if_id_inst/hold_pred_target_reg[3]_i_6_n_0.  Did not re-place instance student_top_inst/Core_cpu/cpu_core/if_id_inst/hold_pred_target_reg[3]_i_6
INFO: [Physopt 32-662] Processed net student_top_inst/Core_cpu/cpu_core/ex_mem_inst/dff_inst/done_r_reg_rep__41_0.  Did not re-place instance student_top_inst/Core_cpu/cpu_core/ex_mem_inst/dff_inst/flush_ifid_o_inst_i_4
INFO: [Physopt 32-663] Processed net student_top_inst/Core_cpu/cpu_core/if_id_inst/Q[0].  Re-placed instance student_top_inst/Core_cpu/cpu_core/if_id_inst/inst_o_reg[15]
INFO: [Physopt 32-662] Processed net student_top_inst/Core_cpu/cpu_core/if_id_inst/inst_o_reg[5]_rep__11.  Did not re-place instance student_top_inst/Core_cpu/cpu_core/if_id_inst/flush_ifid_o_inst_i_8
INFO: [Physopt 32-662] Processed net student_top_inst/Core_cpu/cpu_core/if_id_inst/data_o_reg[6].  Did not re-place instance student_top_inst/Core_cpu/cpu_core/if_id_inst/is_holding_reg_i_2
INFO: [Physopt 32-662] Processed net student_top_inst/Core_cpu/cpu_core/id_ex_inst/inst_o_reg[6]_rep__12_0.  Did not re-place instance student_top_inst/Core_cpu/cpu_core/id_ex_inst/flush_ifid_o_inst_i_17
INFO: [Physopt 32-662] Processed net student_top_inst/Core_cpu/cpu_core/if_id_inst/flush_ifid_o_inst_i_22_n_0.  Did not re-place instance student_top_inst/Core_cpu/cpu_core/if_id_inst/flush_ifid_o_inst_i_22
INFO: [Physopt 32-662] Processed net student_top_inst/Core_cpu/cpu_core/if_id_inst/flush_ifid_o_inst_i_42_n_0.  Did not re-place instance student_top_inst/Core_cpu/cpu_core/if_id_inst/flush_ifid_o_inst_i_42
INFO: [Physopt 32-662] Processed net student_top_inst/Core_cpu/cpu_core/pc_reg_inst/pc_o[4]_i_8_n_0.  Did not re-place instance student_top_inst/Core_cpu/cpu_core/pc_reg_inst/pc_o[4]_i_8
INFO: [Physopt 32-662] Processed net student_top_inst/Core_cpu/cpu_core/branch_predictor_inst/bp_fetch_pc_r_reg[30][26].  Did not re-place instance student_top_inst/Core_cpu/cpu_core/branch_predictor_inst/hold_pred_target_reg[26]_i_1
INFO: [Physopt 32-662] Processed net student_top_inst/Core_cpu/cpu_core/id_ex_inst/mtvec_r_reg[31][26].  Did not re-place instance student_top_inst/Core_cpu/cpu_core/id_ex_inst/pc_o[26]_i_1
INFO: [Physopt 32-662] Processed net student_top_inst/Core_cpu/cpu_core/if_id_inst/b_imm_inst__20_n_0.  Did not re-place instance student_top_inst/Core_cpu/cpu_core/if_id_inst/b_imm_inst__20
INFO: [Physopt 32-662] Processed net student_top_inst/Core_cpu/cpu_core/if_id_inst/pred_target_o_reg[26]_0.  Did not re-place instance student_top_inst/Core_cpu/cpu_core/if_id_inst/pc_o[26]_i_4
INFO: [Physopt 32-662] Processed net student_top_inst/Core_cpu/cpu_core/pc_reg_inst/Q[26].  Did not re-place instance student_top_inst/Core_cpu/cpu_core/pc_reg_inst/pc_o_reg[26]
INFO: [Physopt 32-662] Processed net student_top_inst/Core_cpu/cpu_core/if_id_inst/hold_pred_target_reg[3]_i_5_n_0.  Did not re-place instance student_top_inst/Core_cpu/cpu_core/if_id_inst/hold_pred_target_reg[3]_i_5
INFO: [Physopt 32-662] Processed net student_top_inst/Core_cpu/cpu_core/if_id_inst/b_imm_inst__26_n_0.  Did not re-place instance student_top_inst/Core_cpu/cpu_core/if_id_inst/b_imm_inst__26
INFO: [Physopt 32-662] Processed net student_top_inst/Core_cpu/cpu_core/if_id_inst/b_imm_inst__22_n_0.  Did not re-place instance student_top_inst/Core_cpu/cpu_core/if_id_inst/b_imm_inst__22
INFO: [Physopt 32-662] Processed net student_top_inst/Core_cpu/cpu_core/if_id_inst/pc_jump_en_o.  Did not re-place instance student_top_inst/Core_cpu/cpu_core/if_id_inst/pc_o[31]_i_6
INFO: [Physopt 32-662] Processed net student_top_inst/Core_cpu/cpu_core/id_ex_inst/inst_o_reg[27]_0[7].  Did not re-place instance student_top_inst/Core_cpu/cpu_core/id_ex_inst/inst_o_reg[7]
INFO: [Physopt 32-662] Processed net student_top_inst/Core_cpu/cpu_core/if_id_inst/b_imm_inst__28_n_0.  Did not re-place instance student_top_inst/Core_cpu/cpu_core/if_id_inst/b_imm_inst__28
INFO: [Physopt 32-662] Processed net student_top_inst/Core_cpu/cpu_core/branch_predictor_inst/bp_fetch_pc_r_reg[30][25].  Did not re-place instance student_top_inst/Core_cpu/cpu_core/branch_predictor_inst/hold_pred_target_reg[25]_i_1
INFO: [Physopt 32-662] Processed net student_top_inst/Core_cpu/cpu_core/if_id_inst/pred_target_o[25]_i_1_n_0.  Did not re-place instance student_top_inst/Core_cpu/cpu_core/if_id_inst/pred_target_o[25]_i_1
INFO: [Physopt 32-662] Processed net student_top_inst/Core_cpu/cpu_core/if_id_inst/if_id_pred_target_o[25].  Did not re-place instance student_top_inst/Core_cpu/cpu_core/if_id_inst/pred_target_o_reg[25]
INFO: [Physopt 32-662] Processed net student_top_inst/Core_cpu/cpu_core/branch_predictor_inst/bp_fetch_pc_r_reg[30][29].  Did not re-place instance student_top_inst/Core_cpu/cpu_core/branch_predictor_inst/hold_pred_target_reg[29]_i_1
INFO: [Physopt 32-662] Processed net student_top_inst/Core_cpu/cpu_core/if_id_inst/pred_target_o[29]_i_1_n_0.  Did not re-place instance student_top_inst/Core_cpu/cpu_core/if_id_inst/pred_target_o[29]_i_1
INFO: [Physopt 32-662] Processed net student_top_inst/Core_cpu/cpu_core/if_id_inst/if_id_pred_target_o[29].  Did not re-place instance student_top_inst/Core_cpu/cpu_core/if_id_inst/pred_target_o_reg[29]
INFO: [Physopt 32-662] Processed net student_top_inst/Core_cpu/cpu_core/if_id_inst/flush_ifid_o_inst_i_2_n_0.  Did not re-place instance student_top_inst/Core_cpu/cpu_core/if_id_inst/flush_ifid_o_inst_i_2
INFO: [Physopt 32-662] Processed net student_top_inst/Core_cpu/cpu_core/id_ex_inst/forwarding_inst/base_sel.  Did not re-place instance student_top_inst/Core_cpu/cpu_core/id_ex_inst/data_o[3]_i_13
INFO: [Physopt 32-662] Processed net student_top_inst/Core_cpu/cpu_core/id_ex_inst/inst_o_reg[27]_0[4].  Did not re-place instance student_top_inst/Core_cpu/cpu_core/id_ex_inst/inst_o_reg[4]
INFO: [Physopt 32-662] Processed net student_top_inst/Core_cpu/cpu_core/id_ex_inst/fwd_base_addr_o[2].  Did not re-place instance student_top_inst/Core_cpu/cpu_core/id_ex_inst/data_o[3]_i_6
INFO: [Physopt 32-662] Processed net student_top_inst/Core_cpu/cpu_core/ex_mem_inst/dff_load_hits_dram/internal_flush_inst__6_n_0.  Did not re-place instance student_top_inst/Core_cpu/cpu_core/ex_mem_inst/dff_load_hits_dram/internal_flush_inst__6
INFO: [Physopt 32-662] Processed net student_top_inst/Core_cpu/cpu_core/id_ex_inst/data_o[3]_i_10_n_0.  Did not re-place instance student_top_inst/Core_cpu/cpu_core/id_ex_inst/data_o[3]_i_10
INFO: [Physopt 32-662] Processed net student_top_inst/Core_cpu/cpu_core/id_ex_inst/ex_load_hits_dram_o.  Did not re-place instance student_top_inst/Core_cpu/cpu_core/id_ex_inst/internal_flush_inst__6_i_1
INFO: [Physopt 32-663] Processed net student_top_inst/Core_cpu/cpu_core/id_ex_inst/id_ex_is_jalr_w.  Re-placed instance student_top_inst/Core_cpu/cpu_core/id_ex_inst/data_o[3]_i_14
INFO: [Physopt 32-662] Processed net student_top_inst/Core_cpu/cpu_core/id_ex_inst/internal_flush_inst__6_i_4_n_0.  Did not re-place instance student_top_inst/Core_cpu/cpu_core/id_ex_inst/internal_flush_inst__6_i_4
INFO: [Physopt 32-662] Processed net student_top_inst/Core_cpu/cpu_core/id_ex_inst/internal_flush_inst__6_i_5_n_0.  Did not re-place instance student_top_inst/Core_cpu/cpu_core/id_ex_inst/internal_flush_inst__6_i_5
INFO: [Physopt 32-662] Processed net student_top_inst/Core_cpu/cpu_core/ex_mem_inst/dff_load_hits_dram/ex_mem_load_hits_dram_o.  Did not re-place instance student_top_inst/Core_cpu/cpu_core/ex_mem_inst/dff_load_hits_dram/data_o_reg[0]
INFO: [Physopt 32-662] Processed net student_top_inst/Core_cpu/cpu_core/if_id_inst/hold_pred_target_reg[7]_i_6_n_0.  Did not re-place instance student_top_inst/Core_cpu/cpu_core/if_id_inst/hold_pred_target_reg[7]_i_6
INFO: [Physopt 32-662] Processed net student_top_inst/Core_cpu/cpu_core/id_ex_inst/forwarding_inst/in04.  Did not re-place instance student_top_inst/Core_cpu/cpu_core/id_ex_inst/rs1_match_ex_mem_inst_i_2
INFO: [Physopt 32-662] Processed net student_top_inst/Core_cpu/cpu_core/id_ex_inst/data_o[14]_i_18_n_0.  Did not re-place instance student_top_inst/Core_cpu/cpu_core/id_ex_inst/data_o[14]_i_18
INFO: [Physopt 32-662] Processed net student_top_inst/Core_cpu/cpu_core/id_ex_inst/data_o[14]_i_24_n_0.  Did not re-place instance student_top_inst/Core_cpu/cpu_core/id_ex_inst/data_o[14]_i_24
INFO: [Physopt 32-662] Processed net student_top_inst/Core_cpu/cpu_core/id_ex_inst/data_o_reg[30]_2.  Did not re-place instance student_top_inst/Core_cpu/cpu_core/id_ex_inst/data_o[30]_i_18
INFO: [Physopt 32-662] Processed net student_top_inst/Core_cpu/cpu_core/id_ex_inst/rs1_addr_o_reg[4]_0[4].  Did not re-place instance student_top_inst/Core_cpu/cpu_core/id_ex_inst/rs1_addr_o_reg[4]
INFO: [Physopt 32-662] Processed net student_top_inst/Core_cpu/cpu_core/id_ex_inst/rs1_match_ex_mem_inst_rep__1_i_1_n_0.  Did not re-place instance student_top_inst/Core_cpu/cpu_core/id_ex_inst/rs1_match_ex_mem_inst_rep__1_i_1
INFO: [Physopt 32-662] Processed net student_top_inst/Core_cpu/cpu_core/ex_inst/rv32m_iter_inst/done_r_reg_rep__27_2.  Did not re-place instance student_top_inst/Core_cpu/cpu_core/ex_inst/rv32m_iter_inst/data_o[13]_i_1__3
INFO: [Physopt 32-662] Processed net student_top_inst/Core_cpu/cpu_core/id_ex_inst/data_o[13]_i_11_n_0.  Did not re-place instance student_top_inst/Core_cpu/cpu_core/id_ex_inst/data_o[13]_i_11
INFO: [Physopt 32-662] Processed net student_top_inst/Core_cpu/cpu_core/id_ex_inst/data_o[13]_i_5_n_0.  Did not re-place instance student_top_inst/Core_cpu/cpu_core/id_ex_inst/data_o[13]_i_5
INFO: [Physopt 32-662] Processed net student_top_inst/Core_cpu/cpu_core/id_ex_inst/data_o[13]_i_7_n_0.  Did not re-place instance student_top_inst/Core_cpu/cpu_core/id_ex_inst/data_o[13]_i_7
INFO: [Physopt 32-662] Processed net student_top_inst/Core_cpu/cpu_core/id_ex_inst/done_r_reg_rep__26.  Did not re-place instance student_top_inst/Core_cpu/cpu_core/id_ex_inst/data_o[13]_i_3
INFO: [Physopt 32-662] Processed net student_top_inst/Core_cpu/cpu_core/id_ex_inst/ex_inst/op1_i_shift_right_op2_i[13].  Did not re-place instance student_top_inst/Core_cpu/cpu_core/id_ex_inst/data_o[13]_i_17
INFO: [Physopt 32-662] Processed net student_top_inst/Core_cpu/cpu_core/ex_mem_inst/dff_rd_data/data_o_reg[13]_0.  Did not re-place instance student_top_inst/Core_cpu/cpu_core/ex_mem_inst/dff_rd_data/data_o_reg[13]
INFO: [Physopt 32-662] Processed net student_top_inst/Core_cpu/cpu_core/if_id_inst/Q[5].  Did not re-place instance student_top_inst/Core_cpu/cpu_core/if_id_inst/inst_o_reg[20]
INFO: [Physopt 32-662] Processed net student_top_inst/Core_cpu/cpu_core/if_id_inst/flush_ifid_o_inst_i_11_n_0.  Did not re-place instance student_top_inst/Core_cpu/cpu_core/if_id_inst/flush_ifid_o_inst_i_11
INFO: [Physopt 32-662] Processed net student_top_inst/Core_cpu/cpu_core/if_id_inst/flush_ifid_o_inst_i_27_n_0.  Did not re-place instance student_top_inst/Core_cpu/cpu_core/if_id_inst/flush_ifid_o_inst_i_27
INFO: [Physopt 32-662] Processed net student_top_inst/Core_cpu/cpu_core/if_id_inst/hold_pred_target_reg[11]_i_4_n_0.  Did not re-place instance student_top_inst/Core_cpu/cpu_core/if_id_inst/hold_pred_target_reg[11]_i_4
INFO: [Physopt 32-663] Processed net student_top_inst/Core_cpu/cpu_core/id_ex_inst/data_o[10]_i_18_n_0.  Re-placed instance student_top_inst/Core_cpu/cpu_core/id_ex_inst/data_o[10]_i_18
INFO: [Physopt 32-662] Processed net student_top_inst/Core_cpu/cpu_core/ex_inst/rv32m_iter_inst/done_r_reg_rep__29_2.  Did not re-place instance student_top_inst/Core_cpu/cpu_core/ex_inst/rv32m_iter_inst/data_o[9]_i_1__4
INFO: [Physopt 32-663] Processed net student_top_inst/Core_cpu/cpu_core/id_ex_inst/data_o[9]_i_10_n_0.  Re-placed instance student_top_inst/Core_cpu/cpu_core/id_ex_inst/data_o[9]_i_10
INFO: [Physopt 32-662] Processed net student_top_inst/Core_cpu/cpu_core/id_ex_inst/data_o[9]_i_4_n_0.  Did not re-place instance student_top_inst/Core_cpu/cpu_core/id_ex_inst/data_o[9]_i_4
INFO: [Physopt 32-662] Processed net student_top_inst/Core_cpu/cpu_core/id_ex_inst/data_o[9]_i_6_n_0.  Did not re-place instance student_top_inst/Core_cpu/cpu_core/id_ex_inst/data_o[9]_i_6
INFO: [Physopt 32-662] Processed net student_top_inst/Core_cpu/cpu_core/id_ex_inst/done_r_reg_rep__28.  Did not re-place instance student_top_inst/Core_cpu/cpu_core/id_ex_inst/data_o[9]_i_3
INFO: [Physopt 32-662] Processed net student_top_inst/Core_cpu/cpu_core/id_ex_inst/ex_inst/op1_i_shift_right_op2_i[9].  Did not re-place instance student_top_inst/Core_cpu/cpu_core/id_ex_inst/data_o[9]_i_16
INFO: [Physopt 32-662] Processed net student_top_inst/Core_cpu/cpu_core/ex_mem_inst/dff_rd_data/data_o_reg[9]_0.  Did not re-place instance student_top_inst/Core_cpu/cpu_core/ex_mem_inst/dff_rd_data/data_o_reg[9]
INFO: [Physopt 32-662] Processed net student_top_inst/Core_cpu/cpu_core/id_ex_inst/data_o[8]_i_18_n_0.  Did not re-place instance student_top_inst/Core_cpu/cpu_core/id_ex_inst/data_o[8]_i_18
INFO: [Physopt 32-662] Processed net student_top_inst/Core_cpu/cpu_core/ex_inst/rv32m_iter_inst/done_r_reg_rep__30_2.  Did not re-place instance student_top_inst/Core_cpu/cpu_core/ex_inst/rv32m_iter_inst/data_o[7]_i_1__5
INFO: [Physopt 32-662] Processed net student_top_inst/Core_cpu/cpu_core/id_ex_inst/data_o[7]_i_10_n_0.  Did not re-place instance student_top_inst/Core_cpu/cpu_core/id_ex_inst/data_o[7]_i_10
INFO: [Physopt 32-662] Processed net student_top_inst/Core_cpu/cpu_core/id_ex_inst/data_o[7]_i_3__0_n_0.  Did not re-place instance student_top_inst/Core_cpu/cpu_core/id_ex_inst/data_o[7]_i_3__0
INFO: [Physopt 32-662] Processed net student_top_inst/Core_cpu/cpu_core/id_ex_inst/data_o[7]_i_5__0_n_0.  Did not re-place instance student_top_inst/Core_cpu/cpu_core/id_ex_inst/data_o[7]_i_5__0
INFO: [Physopt 32-662] Processed net student_top_inst/Core_cpu/cpu_core/id_ex_inst/done_r_reg_rep__29.  Did not re-place instance student_top_inst/Core_cpu/cpu_core/id_ex_inst/data_o[7]_i_2
INFO: [Physopt 32-662] Processed net student_top_inst/Core_cpu/cpu_core/id_ex_inst/ex_inst/op1_i_shift_right_op2_i[7].  Did not re-place instance student_top_inst/Core_cpu/cpu_core/id_ex_inst/data_o[7]_i_25
INFO: [Physopt 32-662] Processed net student_top_inst/Core_cpu/cpu_core/ex_mem_inst/dff_rd_data/data_o_reg[7]_1.  Did not re-place instance student_top_inst/Core_cpu/cpu_core/ex_mem_inst/dff_rd_data/data_o_reg[7]
INFO: [Physopt 32-662] Processed net student_top_inst/Core_cpu/cpu_core/if_id_inst/b_imm_inst__18_n_0.  Did not re-place instance student_top_inst/Core_cpu/cpu_core/if_id_inst/b_imm_inst__18
INFO: [Physopt 32-662] Processed net student_top_inst/Core_cpu/cpu_core/id_ex_inst/forwarding_inst/in020_out.  Did not re-place instance student_top_inst/Core_cpu/cpu_core/id_ex_inst/rs1_match_ex_mem_inst_i_4
INFO: [Physopt 32-662] Processed net student_top_inst/Core_cpu/cpu_core/id_ex_inst/data_o[9]_i_21_n_0.  Did not re-place instance student_top_inst/Core_cpu/cpu_core/id_ex_inst/data_o[9]_i_21
INFO: [Physopt 32-662] Processed net student_top_inst/Core_cpu/cpu_core/id_ex_inst/data_o_reg[25]_2.  Did not re-place instance student_top_inst/Core_cpu/cpu_core/id_ex_inst/data_o[25]_i_24
INFO: [Physopt 32-662] Processed net student_top_inst/Core_cpu/cpu_core/id_ex_inst/rs1_match_ex_mem_inst_rep__8_i_1_n_0.  Did not re-place instance student_top_inst/Core_cpu/cpu_core/id_ex_inst/rs1_match_ex_mem_inst_rep__8_i_1
INFO: [Physopt 32-662] Processed net student_top_inst/Core_cpu/cpu_core/id_ex_inst/data_o[7]_i_37_n_0.  Did not re-place instance student_top_inst/Core_cpu/cpu_core/id_ex_inst/data_o[7]_i_37
INFO: [Physopt 32-662] Processed net student_top_inst/Core_cpu/cpu_core/ex_inst/rv32m_iter_inst/done_r_reg_rep__30_0.  Did not re-place instance student_top_inst/Core_cpu/cpu_core/ex_inst/rv32m_iter_inst/data_o[6]_i_1__5
INFO: [Physopt 32-662] Processed net student_top_inst/Core_cpu/cpu_core/id_ex_inst/data_o[6]_i_3_n_0.  Did not re-place instance student_top_inst/Core_cpu/cpu_core/id_ex_inst/data_o[6]_i_3
INFO: [Physopt 32-662] Processed net student_top_inst/Core_cpu/cpu_core/id_ex_inst/data_o[6]_i_5_n_0.  Did not re-place instance student_top_inst/Core_cpu/cpu_core/id_ex_inst/data_o[6]_i_5
INFO: [Physopt 32-662] Processed net student_top_inst/Core_cpu/cpu_core/id_ex_inst/data_o[6]_i_9_n_0.  Did not re-place instance student_top_inst/Core_cpu/cpu_core/id_ex_inst/data_o[6]_i_9
INFO: [Physopt 32-662] Processed net student_top_inst/Core_cpu/cpu_core/id_ex_inst/done_r_reg_rep__30_0.  Did not re-place instance student_top_inst/Core_cpu/cpu_core/id_ex_inst/data_o[6]_i_2
INFO: [Physopt 32-662] Processed net student_top_inst/Core_cpu/cpu_core/id_ex_inst/ex_inst/op1_i_shift_right_op2_i[6].  Did not re-place instance student_top_inst/Core_cpu/cpu_core/id_ex_inst/data_o[6]_i_14
INFO: [Physopt 32-662] Processed net student_top_inst/Core_cpu/cpu_core/id_ex_inst/rs1_match_ex_mem_inst_i_6_n_0.  Did not re-place instance student_top_inst/Core_cpu/cpu_core/id_ex_inst/rs1_match_ex_mem_inst_i_6
INFO: [Physopt 32-662] Processed net student_top_inst/Core_cpu/cpu_core/ex_mem_inst/dff_rd_data/data_o_reg[6]_0.  Did not re-place instance student_top_inst/Core_cpu/cpu_core/ex_mem_inst/dff_rd_data/data_o_reg[6]
INFO: [Physopt 32-662] Processed net student_top_inst/Core_cpu/cpu_core/ex_mem_inst/dff_rd_addr/ex_mem_pipe_rd_addr_o[4].  Did not re-place instance student_top_inst/Core_cpu/cpu_core/ex_mem_inst/dff_rd_addr/data_o_reg[4]
INFO: [Physopt 32-662] Processed net student_top_inst/Core_cpu/cpu_core/id_ex_inst/fwd_base_addr_o[1].  Did not re-place instance student_top_inst/Core_cpu/cpu_core/id_ex_inst/data_o[3]_i_7
INFO: [Physopt 32-662] Processed net student_top_inst/Core_cpu/cpu_core/id_ex_inst/data_o[3]_i_11__0_n_0.  Did not re-place instance student_top_inst/Core_cpu/cpu_core/id_ex_inst/data_o[3]_i_11__0
INFO: [Physopt 32-662] Processed net student_top_inst/Core_cpu/cpu_core/if_id_inst/id_use_rs1_o.  Did not re-place instance student_top_inst/Core_cpu/cpu_core/if_id_inst/use_rs1_o_i_2
INFO: [Physopt 32-662] Processed net student_top_inst/Core_cpu/cpu_core/if_id_inst/op1_o[31]_i_8_n_0.  Did not re-place instance student_top_inst/Core_cpu/cpu_core/if_id_inst/op1_o[31]_i_8
INFO: [Physopt 32-662] Processed net student_top_inst/Core_cpu/cpu_core/if_id_inst/inst_o_reg[18]_1.  Did not re-place instance student_top_inst/Core_cpu/cpu_core/if_id_inst/flush_ifid_o_inst_i_20
INFO: [Physopt 32-662] Processed net student_top_inst/Core_cpu/cpu_core/mem1_mem2_inst/dff_inst/data_o_reg[3]_0.  Did not re-place instance student_top_inst/Core_cpu/cpu_core/mem1_mem2_inst/dff_inst/flush_ifid_o_inst_i_19
INFO: [Physopt 32-662] Processed net student_top_inst/Core_cpu/cpu_core/if_id_inst/if_id_inst_o[1].  Did not re-place instance student_top_inst/Core_cpu/cpu_core/if_id_inst/inst_o_reg[1]
INFO: [Physopt 32-662] Processed net student_top_inst/Core_cpu/cpu_core/if_id_inst/use_rs1_o_i_4_n_0.  Did not re-place instance student_top_inst/Core_cpu/cpu_core/if_id_inst/use_rs1_o_i_4
INFO: [Physopt 32-662] Processed net student_top_inst/Core_cpu/cpu_core/ex_inst/rv32m_iter_inst/done_r_reg_rep__28_0.  Did not re-place instance student_top_inst/Core_cpu/cpu_core/ex_inst/rv32m_iter_inst/data_o[10]_i_1__3
INFO: [Physopt 32-662] Processed net student_top_inst/Core_cpu/cpu_core/id_ex_inst/data_o[10]_i_3_n_0.  Did not re-place instance student_top_inst/Core_cpu/cpu_core/id_ex_inst/data_o[10]_i_3
INFO: [Physopt 32-662] Processed net student_top_inst/Core_cpu/cpu_core/id_ex_inst/data_o[10]_i_5_n_0.  Did not re-place instance student_top_inst/Core_cpu/cpu_core/id_ex_inst/data_o[10]_i_5
INFO: [Physopt 32-662] Processed net student_top_inst/Core_cpu/cpu_core/id_ex_inst/data_o[10]_i_9_n_0.  Did not re-place instance student_top_inst/Core_cpu/cpu_core/id_ex_inst/data_o[10]_i_9
INFO: [Physopt 32-662] Processed net student_top_inst/Core_cpu/cpu_core/id_ex_inst/done_r_reg_rep__28_0.  Did not re-place instance student_top_inst/Core_cpu/cpu_core/id_ex_inst/data_o[10]_i_2
INFO: [Physopt 32-662] Processed net student_top_inst/Core_cpu/cpu_core/id_ex_inst/ex_inst/op1_i_shift_right_op2_i[10].  Did not re-place instance student_top_inst/Core_cpu/cpu_core/id_ex_inst/data_o[10]_i_14
INFO: [Physopt 32-662] Processed net student_top_inst/Core_cpu/cpu_core/ex_mem_inst/dff_rd_data/data_o_reg[10]_0.  Did not re-place instance student_top_inst/Core_cpu/cpu_core/ex_mem_inst/dff_rd_data/data_o_reg[10]
INFO: [Physopt 32-662] Processed net student_top_inst/Core_cpu/cpu_core/id_ex_inst/id_ex_is_branch_w.  Did not re-place instance student_top_inst/Core_cpu/cpu_core/id_ex_inst/rs1_match_ex_mem_inst_i_3
INFO: [Physopt 32-662] Processed net student_top_inst/Core_cpu/cpu_core/id_ex_inst/inst_o_reg[27]_0[0].  Did not re-place instance student_top_inst/Core_cpu/cpu_core/id_ex_inst/inst_o_reg[0]
INFO: [Physopt 32-662] Processed net student_top_inst/Core_cpu/rs1_match_ex_mem_inst_i_5_n_0.  Did not re-place instance student_top_inst/Core_cpu/rs1_match_ex_mem_inst_i_5
INFO: [Physopt 32-662] Processed net student_top_inst/Core_cpu/cpu_core/id_ex_inst/data_o[22]_i_22_n_0.  Did not re-place instance student_top_inst/Core_cpu/cpu_core/id_ex_inst/data_o[22]_i_22
INFO: [Physopt 32-662] Processed net student_top_inst/Core_cpu/cpu_core/id_ex_inst/rs1_match_ex_mem_inst_rep__12_i_1_n_0.  Did not re-place instance student_top_inst/Core_cpu/cpu_core/id_ex_inst/rs1_match_ex_mem_inst_rep__12_i_1
INFO: [Physopt 32-662] Processed net student_top_inst/Core_cpu/cpu_core/if_id_inst/b_imm_inst__21_n_0.  Did not re-place instance student_top_inst/Core_cpu/cpu_core/if_id_inst/b_imm_inst__21
INFO: [Physopt 32-662] Processed net student_top_inst/Core_cpu/cpu_core/ex_inst/rv32m_iter_inst/done_r_reg_rep__29_0.  Did not re-place instance student_top_inst/Core_cpu/cpu_core/ex_inst/rv32m_iter_inst/data_o[8]_i_1__4
INFO: [Physopt 32-662] Processed net student_top_inst/Core_cpu/cpu_core/id_ex_inst/data_o[8]_i_3_n_0.  Did not re-place instance student_top_inst/Core_cpu/cpu_core/id_ex_inst/data_o[8]_i_3
INFO: [Physopt 32-662] Processed net student_top_inst/Core_cpu/cpu_core/id_ex_inst/data_o[8]_i_5_n_0.  Did not re-place instance student_top_inst/Core_cpu/cpu_core/id_ex_inst/data_o[8]_i_5
INFO: [Physopt 32-662] Processed net student_top_inst/Core_cpu/cpu_core/id_ex_inst/data_o[8]_i_9_n_0.  Did not re-place instance student_top_inst/Core_cpu/cpu_core/id_ex_inst/data_o[8]_i_9
INFO: [Physopt 32-662] Processed net student_top_inst/Core_cpu/cpu_core/id_ex_inst/done_r_reg_rep__29_0.  Did not re-place instance student_top_inst/Core_cpu/cpu_core/id_ex_inst/data_o[8]_i_2
INFO: [Physopt 32-662] Processed net student_top_inst/Core_cpu/cpu_core/id_ex_inst/ex_inst/op1_i_shift_right_op2_i[8].  Did not re-place instance student_top_inst/Core_cpu/cpu_core/id_ex_inst/data_o[8]_i_14
INFO: [Physopt 32-662] Processed net student_top_inst/Core_cpu/cpu_core/ex_mem_inst/dff_rd_data/data_o_reg[8]_0.  Did not re-place instance student_top_inst/Core_cpu/cpu_core/ex_mem_inst/dff_rd_data/data_o_reg[8]
INFO: [Physopt 32-662] Processed net student_top_inst/Core_cpu/cpu_core/if_id_inst/b_imm_inst__17_n_0.  Did not re-place instance student_top_inst/Core_cpu/cpu_core/if_id_inst/b_imm_inst__17
INFO: [Physopt 32-662] Processed net student_top_inst/Core_cpu/cpu_core/id_ex_inst/inst_o_reg[27]_0[9].  Did not re-place instance student_top_inst/Core_cpu/cpu_core/id_ex_inst/inst_o_reg[9]
INFO: [Physopt 32-662] Processed net student_top_inst/Core_cpu/cpu_core/if_id_inst/j_imm_inst__11_n_0.  Did not re-place instance student_top_inst/Core_cpu/cpu_core/if_id_inst/j_imm_inst__11
INFO: [Physopt 32-662] Processed net student_top_inst/Core_cpu/cpu_core/ex_mem_inst/dff_rd_addr/ex_mem_pipe_rd_addr_o[3].  Did not re-place instance student_top_inst/Core_cpu/cpu_core/ex_mem_inst/dff_rd_addr/data_o_reg[3]
INFO: [Physopt 32-662] Processed net student_top_inst/Core_cpu/cpu_core/id_ex_inst/data_o[10]_i_19_n_0.  Did not re-place instance student_top_inst/Core_cpu/cpu_core/id_ex_inst/data_o[10]_i_19
INFO: [Physopt 32-662] Processed net student_top_inst/Core_cpu/cpu_core/id_ex_inst/data_o[14]_i_23_n_0.  Did not re-place instance student_top_inst/Core_cpu/cpu_core/id_ex_inst/data_o[14]_i_23
INFO: [Physopt 32-662] Processed net student_top_inst/Core_cpu/cpu_core/id_ex_inst/rs1_match_ex_mem_inst_rep__17_i_1_n_0.  Did not re-place instance student_top_inst/Core_cpu/cpu_core/id_ex_inst/rs1_match_ex_mem_inst_rep__17_i_1
INFO: [Physopt 32-662] Processed net student_top_inst/Core_cpu/cpu_core/id_ex_inst/data_o[16]_i_21_n_0.  Did not re-place instance student_top_inst/Core_cpu/cpu_core/id_ex_inst/data_o[16]_i_21
INFO: [Physopt 32-662] Processed net student_top_inst/Core_cpu/cpu_core/id_ex_inst/data_o[23]_i_45_n_0.  Did not re-place instance student_top_inst/Core_cpu/cpu_core/id_ex_inst/data_o[23]_i_45
INFO: [Physopt 32-662] Processed net student_top_inst/Core_cpu/cpu_core/id_ex_inst/rs1_match_ex_mem_inst_rep__20_i_1_n_0.  Did not re-place instance student_top_inst/Core_cpu/cpu_core/id_ex_inst/rs1_match_ex_mem_inst_rep__20_i_1
INFO: [Physopt 32-662] Processed net student_top_inst/Core_cpu/cpu_core/mem1_mem2_inst/dff_inst/mem1_mem2_inst_o[7].  Did not re-place instance student_top_inst/Core_cpu/cpu_core/mem1_mem2_inst/dff_inst/data_o_reg[7]
INFO: [Physopt 32-662] Processed net student_top_inst/Core_cpu/cpu_core/id_ex_inst/data_o[16]_i_22_n_0.  Did not re-place instance student_top_inst/Core_cpu/cpu_core/id_ex_inst/data_o[16]_i_22
INFO: [Physopt 32-662] Processed net student_top_inst/Core_cpu/cpu_core/if_id_inst/flush_ifid_o_inst_i_38_n_0.  Did not re-place instance student_top_inst/Core_cpu/cpu_core/if_id_inst/flush_ifid_o_inst_i_38
INFO: [Physopt 32-663] Processed net student_top_inst/Core_cpu/cpu_core/if_id_inst/flush_ifid_o_inst_i_50_n_0.  Re-placed instance student_top_inst/Core_cpu/cpu_core/if_id_inst/flush_ifid_o_inst_i_50
INFO: [Physopt 32-662] Processed net student_top_inst/Core_cpu/cpu_core/if_id_inst/hold_pred_target_reg[11]_i_7_n_0.  Did not re-place instance student_top_inst/Core_cpu/cpu_core/if_id_inst/hold_pred_target_reg[11]_i_7
INFO: [Physopt 32-662] Processed net student_top_inst/Core_cpu/cpu_core/if_id_inst/j_imm_inst__10_n_0.  Did not re-place instance student_top_inst/Core_cpu/cpu_core/if_id_inst/j_imm_inst__10
INFO: [Physopt 32-662] Processed net student_top_inst/Core_cpu/cpu_core/id_ex_inst/inst_o_reg[0]_0.  Did not re-place instance student_top_inst/Core_cpu/cpu_core/id_ex_inst/flush_ifid_o_inst_i_24
INFO: [Physopt 32-662] Processed net student_top_inst/Core_cpu/cpu_core/if_id_inst/b_imm_inst__23_n_0.  Did not re-place instance student_top_inst/Core_cpu/cpu_core/if_id_inst/b_imm_inst__23
INFO: [Physopt 32-662] Processed net student_top_inst/Core_cpu/cpu_core/id_ex_inst/data_o[23]_i_46_n_0.  Did not re-place instance student_top_inst/Core_cpu/cpu_core/id_ex_inst/data_o[23]_i_46
INFO: [Physopt 32-662] Processed net student_top_inst/Core_cpu/cpu_core/id_ex_inst/data_o[15]_i_43_n_0.  Did not re-place instance student_top_inst/Core_cpu/cpu_core/id_ex_inst/data_o[15]_i_43
INFO: [Physopt 32-662] Processed net student_top_inst/Core_cpu/cpu_core/id_ex_inst/rs1_match_ex_mem_inst_rep__11_i_1_n_0.  Did not re-place instance student_top_inst/Core_cpu/cpu_core/id_ex_inst/rs1_match_ex_mem_inst_rep__11_i_1
INFO: [Physopt 32-662] Processed net student_top_inst/Core_cpu/cpu_core/id_ex_inst/data_o[9]_i_20_n_0.  Did not re-place instance student_top_inst/Core_cpu/cpu_core/id_ex_inst/data_o[9]_i_20
INFO: [Physopt 32-662] Processed net student_top_inst/Core_cpu/cpu_core/if_id_inst/Q[2].  Did not re-place instance student_top_inst/Core_cpu/cpu_core/if_id_inst/inst_o_reg[17]
INFO: [Physopt 32-662] Processed net student_top_inst/Core_cpu/cpu_core/id_ex_inst/fwd_base_addr_o[0].  Did not re-place instance student_top_inst/Core_cpu/cpu_core/id_ex_inst/data_o[3]_i_8
INFO: [Physopt 32-663] Processed net student_top_inst/Core_cpu/cpu_core/id_ex_inst/internal_flush_inst__9_i_2_n_0.  Re-placed instance student_top_inst/Core_cpu/cpu_core/id_ex_inst/internal_flush_inst__9_i_2
INFO: [Physopt 32-662] Processed net student_top_inst/Core_cpu/cpu_core/id_ex_inst/inst_o_reg[5]_rep__2_n_0.  Did not re-place instance student_top_inst/Core_cpu/cpu_core/id_ex_inst/inst_o_reg[5]_rep__2
INFO: [Physopt 32-662] Processed net student_top_inst/Core_cpu/cpu_core/id_ex_inst/is_rv32m.  Did not re-place instance student_top_inst/Core_cpu/cpu_core/id_ex_inst/pc_o[13]_i_8
INFO: [Physopt 32-663] Processed net student_top_inst/Core_cpu/cpu_core/mem1_mem2_inst/dff_inst/mem1_mem2_inst_o[0].  Re-placed instance student_top_inst/Core_cpu/cpu_core/mem1_mem2_inst/dff_inst/data_o_reg[0]
INFO: [Common 17-14] Message 'Physopt 32-663' appears 100 times and further instances of the messages will be disabled. Use the Tcl command set_msg_config to change the current settings.
INFO: [Physopt 32-662] Processed net student_top_inst/Core_cpu/cpu_core/ex_inst/rv32m_iter_inst/jump_en_d1_reg_9.  Did not re-place instance student_top_inst/Core_cpu/cpu_core/ex_inst/rv32m_iter_inst/flush_ifid_o_inst_i_18
INFO: [Physopt 32-662] Processed net student_top_inst/Core_cpu/cpu_core/mem1_mem2_inst/dff_inst/data_o_reg[8]_0.  Did not re-place instance student_top_inst/Core_cpu/cpu_core/mem1_mem2_inst/dff_inst/flush_ifid_o_inst_i_40
INFO: [Physopt 32-662] Processed net student_top_inst/Core_cpu/cpu_core/mem1_mem2_inst/dff_inst/flush_ifid_o_inst_i_52_n_0.  Did not re-place instance student_top_inst/Core_cpu/cpu_core/mem1_mem2_inst/dff_inst/flush_ifid_o_inst_i_52
INFO: [Physopt 32-662] Processed net student_top_inst/Core_cpu/cpu_core/if_id_inst/flush_ifid_o_inst_i_39_n_0.  Did not re-place instance student_top_inst/Core_cpu/cpu_core/if_id_inst/flush_ifid_o_inst_i_39
INFO: [Physopt 32-662] Processed net student_top_inst/Core_cpu/cpu_core/if_id_inst/flush_ifid_o_inst_i_51_n_0.  Did not re-place instance student_top_inst/Core_cpu/cpu_core/if_id_inst/flush_ifid_o_inst_i_51
INFO: [Physopt 32-662] Processed net student_top_inst/Core_cpu/cpu_core/id_ex_inst/rs2_addr_o_reg[3]_0.  Did not re-place instance student_top_inst/Core_cpu/cpu_core/id_ex_inst/rs2_alu_match_ex_mem_inst_i_3
INFO: [Physopt 32-662] Processed net student_top_inst/Core_cpu/cpu_core/ex_mem_inst/dff_rd_addr/rs2_alu_match_ex_mem_inst_rep__15_i_1_n_0.  Did not re-place instance student_top_inst/Core_cpu/cpu_core/ex_mem_inst/dff_rd_addr/rs2_alu_match_ex_mem_inst_rep__15_i_1
INFO: [Physopt 32-662] Processed net student_top_inst/Core_cpu/cpu_core/ex_mem_inst/dff_rd_data/alu_op2_inst_rep__70_i_1_n_0.  Did not re-place instance student_top_inst/Core_cpu/cpu_core/ex_mem_inst/dff_rd_data/alu_op2_inst_rep__70_i_1
INFO: [Physopt 32-662] Processed net student_top_inst/Core_cpu/cpu_core/id_ex_inst/func3_r[2]_i_3_n_0.  Did not re-place instance student_top_inst/Core_cpu/cpu_core/id_ex_inst/func3_r[2]_i_3
INFO: [Physopt 32-662] Processed net student_top_inst/Core_cpu/cpu_core/id_ex_inst/data_o[3]_i_12__0_n_0.  Did not re-place instance student_top_inst/Core_cpu/cpu_core/id_ex_inst/data_o[3]_i_12__0
INFO: [Physopt 32-662] Processed net student_top_inst/Core_cpu/cpu_core/id_ex_inst/func3_r[2]_i_4_n_0.  Did not re-place instance student_top_inst/Core_cpu/cpu_core/id_ex_inst/func3_r[2]_i_4
INFO: [Physopt 32-662] Processed net student_top_inst/Core_cpu/cpu_core/id_ex_inst/rs1_match_ex_mem_inst_i_1_n_0.  Did not re-place instance student_top_inst/Core_cpu/cpu_core/id_ex_inst/rs1_match_ex_mem_inst_i_1
INFO: [Physopt 32-662] Processed net student_top_inst/Core_cpu/cpu_core/id_ex_inst/data_o[0]_i_94_n_0.  Did not re-place instance student_top_inst/Core_cpu/cpu_core/id_ex_inst/data_o[0]_i_94
INFO: [Physopt 32-662] Processed net student_top_inst/Core_cpu/cpu_core/id_ex_inst/data_o_reg[31]_4.  Did not re-place instance student_top_inst/Core_cpu/cpu_core/id_ex_inst/data_o[31]_i_41
INFO: [Physopt 32-662] Processed net student_top_inst/Core_cpu/cpu_core/id_ex_inst/data_o[5]_i_20_n_0.  Did not re-place instance student_top_inst/Core_cpu/cpu_core/id_ex_inst/data_o[5]_i_20
INFO: [Physopt 32-662] Processed net student_top_inst/Core_cpu/cpu_core/ex_inst/rv32m_iter_inst/done_r_reg_rep__31_0.  Did not re-place instance student_top_inst/Core_cpu/cpu_core/ex_inst/rv32m_iter_inst/data_o[4]_i_1__4
INFO: [Physopt 32-662] Processed net student_top_inst/Core_cpu/cpu_core/id_ex_inst/data_o[4]_i_3__0_n_0.  Did not re-place instance student_top_inst/Core_cpu/cpu_core/id_ex_inst/data_o[4]_i_3__0
INFO: [Physopt 32-662] Processed net student_top_inst/Core_cpu/cpu_core/id_ex_inst/data_o[4]_i_5_n_0.  Did not re-place instance student_top_inst/Core_cpu/cpu_core/id_ex_inst/data_o[4]_i_5
INFO: [Physopt 32-662] Processed net student_top_inst/Core_cpu/cpu_core/id_ex_inst/data_o[4]_i_9_n_0.  Did not re-place instance student_top_inst/Core_cpu/cpu_core/id_ex_inst/data_o[4]_i_9
INFO: [Physopt 32-662] Processed net student_top_inst/Core_cpu/cpu_core/id_ex_inst/done_r_reg_rep__31_0.  Did not re-place instance student_top_inst/Core_cpu/cpu_core/id_ex_inst/data_o[4]_i_2
INFO: [Physopt 32-662] Processed net student_top_inst/Core_cpu/cpu_core/id_ex_inst/ex_inst/op1_i_shift_right_op2_i[4].  Did not re-place instance student_top_inst/Core_cpu/cpu_core/id_ex_inst/data_o[4]_i_14
INFO: [Physopt 32-662] Processed net student_top_inst/Core_cpu/cpu_core/ex_mem_inst/dff_rd_data/data_o_reg[4]_5.  Did not re-place instance student_top_inst/Core_cpu/cpu_core/ex_mem_inst/dff_rd_data/data_o_reg[4]
INFO: [Physopt 32-662] Processed net student_top_inst/Core_cpu/cpu_core/if_id_inst/j_imm_inst__13_n_0.  Did not re-place instance student_top_inst/Core_cpu/cpu_core/if_id_inst/j_imm_inst__13
INFO: [Physopt 32-662] Processed net student_top_inst/Core_cpu/cpu_core/if_id_inst/Q[1].  Did not re-place instance student_top_inst/Core_cpu/cpu_core/if_id_inst/inst_o_reg[16]
INFO: [Physopt 32-662] Processed net student_top_inst/Core_cpu/cpu_core/id_ex_inst/data_o[19]_i_39_n_0.  Did not re-place instance student_top_inst/Core_cpu/cpu_core/id_ex_inst/data_o[19]_i_39
INFO: [Physopt 32-662] Processed net student_top_inst/Core_cpu/cpu_core/id_ex_inst/data_o_reg[27]_1.  Did not re-place instance student_top_inst/Core_cpu/cpu_core/id_ex_inst/data_o[25]_i_23
INFO: [Physopt 32-662] Processed net student_top_inst/Core_cpu/cpu_core/id_ex_inst/rs1_match_ex_mem_inst_rep__6_i_1_n_0.  Did not re-place instance student_top_inst/Core_cpu/cpu_core/id_ex_inst/rs1_match_ex_mem_inst_rep__6_i_1
INFO: [Physopt 32-662] Processed net student_top_inst/Core_cpu/cpu_core/ex_inst/rv32m_iter_inst/done_r_reg_rep__24_0.  Did not re-place instance student_top_inst/Core_cpu/cpu_core/ex_inst/rv32m_iter_inst/data_o[18]_i_1__2
INFO: [Physopt 32-662] Processed net student_top_inst/Core_cpu/cpu_core/id_ex_inst/data_o[18]_i_3_n_0.  Did not re-place instance student_top_inst/Core_cpu/cpu_core/id_ex_inst/data_o[18]_i_3
INFO: [Physopt 32-662] Processed net student_top_inst/Core_cpu/cpu_core/id_ex_inst/data_o[18]_i_5_n_0.  Did not re-place instance student_top_inst/Core_cpu/cpu_core/id_ex_inst/data_o[18]_i_5
INFO: [Physopt 32-662] Processed net student_top_inst/Core_cpu/cpu_core/id_ex_inst/data_o[18]_i_9_n_0.  Did not re-place instance student_top_inst/Core_cpu/cpu_core/id_ex_inst/data_o[18]_i_9
INFO: [Physopt 32-662] Processed net student_top_inst/Core_cpu/cpu_core/id_ex_inst/done_r_reg_rep__24_0.  Did not re-place instance student_top_inst/Core_cpu/cpu_core/id_ex_inst/data_o[18]_i_2__0
INFO: [Physopt 32-662] Processed net student_top_inst/Core_cpu/cpu_core/id_ex_inst/ex_inst/op1_i_shift_right_op2_i[18].  Did not re-place instance student_top_inst/Core_cpu/cpu_core/id_ex_inst/data_o[18]_i_14
INFO: [Physopt 32-662] Processed net student_top_inst/Core_cpu/cpu_core/ex_mem_inst/dff_rd_data/data_o_reg[18]_0.  Did not re-place instance student_top_inst/Core_cpu/cpu_core/ex_mem_inst/dff_rd_data/data_o_reg[18]
INFO: [Physopt 32-662] Processed net student_top_inst/Core_cpu/cpu_core/ex_mem_inst/dff_inst/data_o_reg[5]_0.  Did not re-place instance student_top_inst/Core_cpu/cpu_core/ex_mem_inst/dff_inst/flush_ifid_o_inst_i_15
INFO: [Physopt 32-662] Processed net student_top_inst/Core_cpu/cpu_core/if_id_inst/data_o_reg[8].  Did not re-place instance student_top_inst/Core_cpu/cpu_core/if_id_inst/flush_ifid_o_inst_i_32
INFO: [Physopt 32-662] Processed net student_top_inst/Core_cpu/cpu_core/if_id_inst/flush_ifid_o_inst_i_48_n_0.  Did not re-place instance student_top_inst/Core_cpu/cpu_core/if_id_inst/flush_ifid_o_inst_i_48
INFO: [Physopt 32-662] Processed net student_top_inst/Core_cpu/cpu_core/id_ex_inst/rs1_match_ex_mem_inst_rep__3_i_1_n_0.  Did not re-place instance student_top_inst/Core_cpu/cpu_core/id_ex_inst/rs1_match_ex_mem_inst_rep__3_i_1
INFO: [Physopt 32-662] Processed net student_top_inst/Core_cpu/cpu_core/id_ex_inst/data_o[13]_i_22_n_0.  Did not re-place instance student_top_inst/Core_cpu/cpu_core/id_ex_inst/data_o[13]_i_22
INFO: [Physopt 32-662] Processed net student_top_inst/Core_cpu/cpu_core/if_id_inst/j_imm_inst__17_n_0.  Did not re-place instance student_top_inst/Core_cpu/cpu_core/if_id_inst/j_imm_inst__17
INFO: [Physopt 32-662] Processed net student_top_inst/Core_cpu/cpu_core/branch_predictor_inst/bp_fetch_pc_r_reg[30][11].  Did not re-place instance student_top_inst/Core_cpu/cpu_core/branch_predictor_inst/hold_pred_target_reg[11]_i_1
INFO: [Physopt 32-662] Processed net student_top_inst/Core_cpu/cpu_core/pc_reg_inst/Q[11].  Did not re-place instance student_top_inst/Core_cpu/cpu_core/pc_reg_inst/pc_o_reg[11]
INFO: [Physopt 32-662] Processed net student_top_inst/Core_cpu/cpu_core/ex_mem_inst/dff_rd_addr/rs2_alu_match_ex_mem_inst_rep__18_i_1_n_0.  Did not re-place instance student_top_inst/Core_cpu/cpu_core/ex_mem_inst/dff_rd_addr/rs2_alu_match_ex_mem_inst_rep__18_i_1
INFO: [Physopt 32-662] Processed net student_top_inst/Core_cpu/cpu_core/id_ex_inst/data_o_reg[26]_0.  Did not re-place instance student_top_inst/Core_cpu/cpu_core/id_ex_inst/data_o[22]_i_21
INFO: [Physopt 32-662] Processed net student_top_inst/Core_cpu/cpu_core/id_ex_inst/rs1_match_ex_mem_inst_rep__7_i_1_n_0.  Did not re-place instance student_top_inst/Core_cpu/cpu_core/id_ex_inst/rs1_match_ex_mem_inst_rep__7_i_1
INFO: [Physopt 32-662] Processed net student_top_inst/Core_cpu/cpu_core/id_ex_inst/data_o[25]_i_20_n_0.  Did not re-place instance student_top_inst/Core_cpu/cpu_core/id_ex_inst/data_o[25]_i_20
INFO: [Physopt 32-662] Processed net student_top_inst/Core_cpu/cpu_core/id_ex_inst/data_o[21]_i_14_n_0.  Did not re-place instance student_top_inst/Core_cpu/cpu_core/id_ex_inst/data_o[21]_i_14
INFO: [Physopt 32-662] Processed net student_top_inst/Core_cpu/cpu_core/id_ex_inst/data_o[26]_i_17_n_0.  Did not re-place instance student_top_inst/Core_cpu/cpu_core/id_ex_inst/data_o[26]_i_17
INFO: [Physopt 32-662] Processed net student_top_inst/Core_cpu/cpu_core/ex_inst/rv32m_iter_inst/done_r_reg_rep__24_2.  Did not re-place instance student_top_inst/Core_cpu/cpu_core/ex_inst/rv32m_iter_inst/data_o[19]_i_1__2
INFO: [Physopt 32-662] Processed net student_top_inst/Core_cpu/cpu_core/id_ex_inst/data_o[19]_i_10_n_0.  Did not re-place instance student_top_inst/Core_cpu/cpu_core/id_ex_inst/data_o[19]_i_10
INFO: [Physopt 32-662] Processed net student_top_inst/Core_cpu/cpu_core/id_ex_inst/data_o[19]_i_3__0_n_0.  Did not re-place instance student_top_inst/Core_cpu/cpu_core/id_ex_inst/data_o[19]_i_3__0
INFO: [Physopt 32-662] Processed net student_top_inst/Core_cpu/cpu_core/id_ex_inst/data_o[19]_i_5__0_n_0.  Did not re-place instance student_top_inst/Core_cpu/cpu_core/id_ex_inst/data_o[19]_i_5__0
INFO: [Physopt 32-662] Processed net student_top_inst/Core_cpu/cpu_core/id_ex_inst/done_r_reg_rep__23.  Did not re-place instance student_top_inst/Core_cpu/cpu_core/id_ex_inst/data_o[19]_i_2__0
INFO: [Physopt 32-662] Processed net student_top_inst/Core_cpu/cpu_core/id_ex_inst/ex_inst/op1_i_shift_left_op2_i[18].  Did not re-place instance student_top_inst/Core_cpu/cpu_core/id_ex_inst/data_o[18]_i_6
INFO: [Physopt 32-662] Processed net student_top_inst/Core_cpu/cpu_core/id_ex_inst/ex_inst/op1_i_shift_right_op2_i[19].  Did not re-place instance student_top_inst/Core_cpu/cpu_core/id_ex_inst/data_o[19]_i_25
INFO: [Physopt 32-662] Processed net student_top_inst/Core_cpu/cpu_core/ex_mem_inst/dff_rd_data/data_o_reg[19]_1.  Did not re-place instance student_top_inst/Core_cpu/cpu_core/ex_mem_inst/dff_rd_data/data_o_reg[19]
INFO: [Physopt 32-662] Processed net student_top_inst/Core_cpu/cpu_core/if_id_inst/b_imm_inst__13_n_0.  Did not re-place instance student_top_inst/Core_cpu/cpu_core/if_id_inst/b_imm_inst__13
INFO: [Physopt 32-662] Processed net student_top_inst/Core_cpu/cpu_core/ex_inst/rv32m_iter_inst/result_o[31]_i_1_n_0.  Did not re-place instance student_top_inst/Core_cpu/cpu_core/ex_inst/rv32m_iter_inst/result_o[31]_i_1
INFO: [Physopt 32-662] Processed net student_top_inst/Core_cpu/cpu_core/ex_inst/rv32m_iter_inst/state_r[2]_i_4_n_0.  Did not re-place instance student_top_inst/Core_cpu/cpu_core/ex_inst/rv32m_iter_inst/state_r[2]_i_4
INFO: [Physopt 32-662] Processed net student_top_inst/Core_cpu/cpu_core/ex_inst/rv32m_iter_inst/state_r[2]_i_40_n_0.  Did not re-place instance student_top_inst/Core_cpu/cpu_core/ex_inst/rv32m_iter_inst/state_r[2]_i_40
INFO: [Physopt 32-662] Processed net student_top_inst/Core_cpu/cpu_core/ex_inst/rv32m_iter_inst/op1_raw_r_reg_n_0_[0].  Did not re-place instance student_top_inst/Core_cpu/cpu_core/ex_inst/rv32m_iter_inst/op1_raw_r_reg[0]
INFO: [Physopt 32-662] Processed net student_top_inst/Core_cpu/cpu_core/ex_inst/rv32m_iter_inst/p_0_in[0].  Did not re-place instance student_top_inst/Core_cpu/cpu_core/ex_inst/rv32m_iter_inst/div_dividend_r[4]_i_3
INFO: [Physopt 32-662] Processed net student_top_inst/Core_cpu/cpu_core/ex_inst/rv32m_iter_inst/iter_count_r[5]_i_10_n_0.  Did not re-place instance student_top_inst/Core_cpu/cpu_core/ex_inst/rv32m_iter_inst/iter_count_r[5]_i_10
INFO: [Physopt 32-662] Processed net student_top_inst/Core_cpu/cpu_core/branch_predictor_inst/bp_fetch_pc_r_reg[30][21].  Did not re-place instance student_top_inst/Core_cpu/cpu_core/branch_predictor_inst/hold_pred_target_reg[21]_i_1
INFO: [Physopt 32-662] Processed net student_top_inst/Core_cpu/cpu_core/branch_predictor_inst/bp_fetch_pc_r_reg[30][19].  Did not re-place instance student_top_inst/Core_cpu/cpu_core/branch_predictor_inst/hold_pred_target_reg[19]_i_1
INFO: [Physopt 32-662] Processed net student_top_inst/Core_cpu/cpu_core/id_ex_inst/mtvec_r_reg[31][19].  Did not re-place instance student_top_inst/Core_cpu/cpu_core/id_ex_inst/pc_o[19]_i_1
INFO: [Physopt 32-662] Processed net student_top_inst/Core_cpu/cpu_core/if_id_inst/pred_target_o_reg[21]_0.  Did not re-place instance student_top_inst/Core_cpu/cpu_core/if_id_inst/pc_o[21]_i_4
INFO: [Physopt 32-662] Processed net student_top_inst/Core_cpu/cpu_core/pc_reg_inst/Q[19].  Did not re-place instance student_top_inst/Core_cpu/cpu_core/pc_reg_inst/pc_o_reg[19]
INFO: [Physopt 32-662] Processed net student_top_inst/Core_cpu/cpu_core/pc_reg_inst/Q[21].  Did not re-place instance student_top_inst/Core_cpu/cpu_core/pc_reg_inst/pc_o_reg[21]
INFO: [Physopt 32-662] Processed net student_top_inst/Core_cpu/cpu_core/id_ex_inst/data_o[0]_i_97_n_0.  Did not re-place instance student_top_inst/Core_cpu/cpu_core/id_ex_inst/data_o[0]_i_97
INFO: [Physopt 32-662] Processed net student_top_inst/Core_cpu/cpu_core/id_ex_inst/rs1_match_ex_mem_inst_rep__18_i_1_n_0.  Did not re-place instance student_top_inst/Core_cpu/cpu_core/id_ex_inst/rs1_match_ex_mem_inst_rep__18_i_1
INFO: [Physopt 32-662] Processed net student_top_inst/Core_cpu/cpu_core/id_ex_inst/data_o[11]_i_10__0_n_0.  Did not re-place instance student_top_inst/Core_cpu/cpu_core/id_ex_inst/data_o[11]_i_10__0
INFO: [Physopt 32-662] Processed net student_top_inst/Core_cpu/cpu_core/id_ex_inst/inst_o_reg[1]_rep__0_n_0.  Did not re-place instance student_top_inst/Core_cpu/cpu_core/id_ex_inst/inst_o_reg[1]_rep__0
INFO: [Physopt 32-662] Processed net student_top_inst/Core_cpu/cpu_core/id_ex_inst/data_o[11]_i_38_n_0.  Did not re-place instance student_top_inst/Core_cpu/cpu_core/id_ex_inst/data_o[11]_i_38
INFO: [Physopt 32-662] Processed net student_top_inst/Core_cpu/cpu_core/id_ex_inst/rs1_match_ex_mem_inst_rep__41_i_1_n_0.  Did not re-place instance student_top_inst/Core_cpu/cpu_core/id_ex_inst/rs1_match_ex_mem_inst_rep__41_i_1
INFO: [Physopt 32-662] Processed net student_top_inst/Core_cpu/cpu_core/id_ex_inst/inst_o_reg[27]_0[8].  Did not re-place instance student_top_inst/Core_cpu/cpu_core/id_ex_inst/inst_o_reg[8]
INFO: [Physopt 32-661] Optimized 21 nets.  Re-placed 21 instances.
INFO: [Physopt 32-775] End 1 Pass. Optimized 21 nets or cells. Created 0 new cell, deleted 0 existing cell and moved 21 existing cells
INFO: [Physopt 32-619] Estimated Timing Summary | WNS=-0.116 | TNS=-0.116 |
Netlist sorting complete. Time (s): cpu = 00:00:00 ; elapsed = 00:00:00.006 . Memory (MB): peak = 2398.922 ; gain = 0.000
Phase 15 Single Cell Placement Optimization | Checksum: 22b8ac1a9

Time (s): cpu = 00:00:14 ; elapsed = 00:01:10 . Memory (MB): peak = 2398.922 ; gain = 124.551

Phase 16 Multi Cell Placement Optimization
INFO: [Physopt 32-660] Identified 100 candidate nets for placement-based optimization.
INFO: [Physopt 32-662] Processed net student_top_inst/Core_cpu/cpu_core/branch_predictor_inst/bp_fetch_pc_r_reg[30][31].  Did not re-place instance student_top_inst/Core_cpu/cpu_core/branch_predictor_inst/hold_pred_target_reg[31]_i_1/O
INFO: [Physopt 32-662] Processed net student_top_inst/Core_cpu/cpu_core/id_ex_inst/mtvec_r_reg[31][31].  Did not re-place instance student_top_inst/Core_cpu/cpu_core/id_ex_inst/pc_o[31]_i_1/O
INFO: [Physopt 32-662] Processed net student_top_inst/Core_cpu/cpu_core/if_id_inst/pred_target_o_reg[31]_0.  Did not re-place instance student_top_inst/Core_cpu/cpu_core/if_id_inst/pc_o[31]_i_4/O
INFO: [Physopt 32-661] Optimized 0 net.  Re-placed 0 instance.
INFO: [Physopt 32-775] End 1 Pass. Optimized 0 net or cell. Created 0 new cell, deleted 0 existing cell and moved 0 existing cell
Netlist sorting complete. Time (s): cpu = 00:00:00 ; elapsed = 00:00:00.004 . Memory (MB): peak = 2398.957 ; gain = 0.000
Phase 16 Multi Cell Placement Optimization | Checksum: 22b8ac1a9

Time (s): cpu = 00:00:15 ; elapsed = 00:01:10 . Memory (MB): peak = 2398.957 ; gain = 124.586

Phase 17 Rewire
INFO: [Physopt 32-246] Starting Signal Push optimization...
INFO: [Physopt 32-241] No nets found for rewiring () optimization.
INFO: [Physopt 32-232] Optimized 0 net. Created 0 new instance.
INFO: [Physopt 32-775] End 1 Pass. Optimized 0 net or cell. Created 0 new cell, deleted 0 existing cell and moved 0 existing cell
Netlist sorting complete. Time (s): cpu = 00:00:00 ; elapsed = 00:00:00.003 . Memory (MB): peak = 2398.957 ; gain = 0.000
Phase 17 Rewire | Checksum: 22b8ac1a9

Time (s): cpu = 00:00:15 ; elapsed = 00:01:10 . Memory (MB): peak = 2398.957 ; gain = 124.586

Phase 18 Critical Cell Optimization
INFO: [Physopt 32-46] Identified 17 candidate nets for critical-cell optimization.
INFO: [Physopt 32-571] Net student_top_inst/Core_cpu/cpu_core/if_id_inst/Q[0] was not replicated.
INFO: [Physopt 32-571] Net student_top_inst/Core_cpu/cpu_core/if_id_inst/inst_o_reg[5]_rep__11 was not replicated.
INFO: [Physopt 32-571] Net student_top_inst/Core_cpu/cpu_core/if_id_inst/data_o_reg[6] was not replicated.
INFO: [Physopt 32-571] Net student_top_inst/Core_cpu/cpu_core/if_id_inst/inst_o_reg[18]_1 was not replicated.
INFO: [Physopt 32-571] Net student_top_inst/Core_cpu/cpu_core/mem1_mem2_inst/dff_inst/data_o_reg[3]_0 was not replicated.
INFO: [Physopt 32-571] Net student_top_inst/Core_cpu/cpu_core/id_ex_inst/data_o[14]_i_18_n_0 was not replicated.
INFO: [Physopt 32-571] Net student_top_inst/Core_cpu/cpu_core/id_ex_inst/data_o[14]_i_24_n_0 was not replicated.
INFO: [Physopt 32-571] Net student_top_inst/Core_cpu/cpu_core/id_ex_inst/rs1_addr_o_reg[4]_0[4] was not replicated.
INFO: [Physopt 32-571] Net student_top_inst/Core_cpu/cpu_core/if_id_inst/Q[5] was not replicated.
INFO: [Physopt 32-571] Net student_top_inst/Core_cpu/cpu_core/id_ex_inst/data_o[8]_i_18_n_0 was not replicated.
INFO: [Physopt 32-571] Net student_top_inst/Core_cpu/cpu_core/id_ex_inst/inst_o_reg[27]_0[4] was not replicated.
INFO: [Physopt 32-571] Net student_top_inst/Core_cpu/cpu_core/id_ex_inst/fwd_base_addr_o[2] was not replicated.
INFO: [Physopt 32-571] Net student_top_inst/Core_cpu/cpu_core/id_ex_inst/data_o[9]_i_21_n_0 was not replicated.
INFO: [Physopt 32-571] Net student_top_inst/Core_cpu/cpu_core/id_ex_inst/data_o[7]_i_37_n_0 was not replicated.
INFO: [Physopt 32-571] Net student_top_inst/Core_cpu/cpu_core/if_id_inst/if_id_inst_o[1] was not replicated.
INFO: [Physopt 32-571] Net student_top_inst/Core_cpu/cpu_core/id_ex_inst/inst_o_reg[27]_0[0] was not replicated.
INFO: [Physopt 32-232] Optimized 0 net. Created 0 new instance.
INFO: [Physopt 32-775] End 1 Pass. Optimized 0 net or cell. Created 0 new cell, deleted 0 existing cell and moved 0 existing cell
Phase 18 Critical Cell Optimization | Checksum: 22b8ac1a9

Time (s): cpu = 00:00:15 ; elapsed = 00:01:10 . Memory (MB): peak = 2398.957 ; gain = 124.586

Phase 19 DSP Register Optimization
INFO: [Physopt 32-456] No candidate cells for DSP register optimization found in the design.
INFO: [Physopt 32-775] End 1 Pass. Optimized 0 net or cell. Created 0 new cell, deleted 0 existing cell and moved 0 existing cell
Phase 19 DSP Register Optimization | Checksum: 22b8ac1a9

Time (s): cpu = 00:00:15 ; elapsed = 00:01:10 . Memory (MB): peak = 2398.957 ; gain = 124.586

Phase 20 BRAM Register Optimization
INFO: [Physopt 32-526] No candidate cells for BRAM register optimization found in the design
INFO: [Physopt 32-775] End 1 Pass. Optimized 0 net or cell. Created 0 new cell, deleted 0 existing cell and moved 0 existing cell
Phase 20 BRAM Register Optimization | Checksum: 22b8ac1a9

Time (s): cpu = 00:00:15 ; elapsed = 00:01:10 . Memory (MB): peak = 2398.957 ; gain = 124.586

Phase 21 URAM Register Optimization
INFO: [Physopt 32-846] No candidate cells for URAM register optimization found in the design
INFO: [Physopt 32-775] End 1 Pass. Optimized 0 net or cell. Created 0 new cell, deleted 0 existing cell and moved 0 existing cell
INFO: [Physopt 32-846] No candidate cells for URAM register optimization found in the design
INFO: [Physopt 32-775] End 1 Pass. Optimized 0 net or cell. Created 0 new cell, deleted 0 existing cell and moved 0 existing cell
Phase 21 URAM Register Optimization | Checksum: 22b8ac1a9

Time (s): cpu = 00:00:15 ; elapsed = 00:01:10 . Memory (MB): peak = 2398.957 ; gain = 124.586

Phase 22 Shift Register Optimization
INFO: [Physopt 32-1401] No candidate cells found for Shift Register optimization.
INFO: [Physopt 32-677] No candidate cells for Shift Register optimization found in the design
INFO: [Physopt 32-775] End 1 Pass. Optimized 0 net or cell. Created 0 new cell, deleted 0 existing cell and moved 0 existing cell
Phase 22 Shift Register Optimization | Checksum: 22b8ac1a9

Time (s): cpu = 00:00:15 ; elapsed = 00:01:10 . Memory (MB): peak = 2398.957 ; gain = 124.586

Phase 23 DSP Register Optimization
INFO: [Physopt 32-456] No candidate cells for DSP register optimization found in the design.
INFO: [Physopt 32-775] End 1 Pass. Optimized 0 net or cell. Created 0 new cell, deleted 0 existing cell and moved 0 existing cell
Phase 23 DSP Register Optimization | Checksum: 22b8ac1a9

Time (s): cpu = 00:00:15 ; elapsed = 00:01:10 . Memory (MB): peak = 2398.957 ; gain = 124.586

Phase 24 BRAM Register Optimization
INFO: [Physopt 32-526] No candidate cells for BRAM register optimization found in the design
INFO: [Physopt 32-775] End 1 Pass. Optimized 0 net or cell. Created 0 new cell, deleted 0 existing cell and moved 0 existing cell
Phase 24 BRAM Register Optimization | Checksum: 22b8ac1a9

Time (s): cpu = 00:00:15 ; elapsed = 00:01:10 . Memory (MB): peak = 2398.957 ; gain = 124.586

Phase 25 URAM Register Optimization
INFO: [Physopt 32-846] No candidate cells for URAM register optimization found in the design
INFO: [Physopt 32-775] End 1 Pass. Optimized 0 net or cell. Created 0 new cell, deleted 0 existing cell and moved 0 existing cell
INFO: [Physopt 32-846] No candidate cells for URAM register optimization found in the design
INFO: [Physopt 32-775] End 1 Pass. Optimized 0 net or cell. Created 0 new cell, deleted 0 existing cell and moved 0 existing cell
Phase 25 URAM Register Optimization | Checksum: 22b8ac1a9

Time (s): cpu = 00:00:15 ; elapsed = 00:01:10 . Memory (MB): peak = 2398.957 ; gain = 124.586

Phase 26 Shift Register Optimization
INFO: [Physopt 32-1401] No candidate cells found for Shift Register optimization.
INFO: [Physopt 32-677] No candidate cells for Shift Register optimization found in the design
INFO: [Physopt 32-775] End 1 Pass. Optimized 0 net or cell. Created 0 new cell, deleted 0 existing cell and moved 0 existing cell
Phase 26 Shift Register Optimization | Checksum: 22b8ac1a9

Time (s): cpu = 00:00:15 ; elapsed = 00:01:10 . Memory (MB): peak = 2398.957 ; gain = 124.586

Phase 27 Critical Pin Optimization
INFO: [Physopt 32-606] Identified 16 candidate nets for critical-pin optimization.
INFO: [Physopt 32-608] Optimized 6 nets.  Swapped 63 pins.
INFO: [Physopt 32-775] End 1 Pass. Optimized 6 nets or cells. Created 0 new cell, deleted 0 existing cell and moved 63 existing cells
INFO: [Physopt 32-619] Estimated Timing Summary | WNS=0.021 | TNS=0.000 |
Netlist sorting complete. Time (s): cpu = 00:00:00 ; elapsed = 00:00:00.003 . Memory (MB): peak = 2399.551 ; gain = 0.000
Phase 27 Critical Pin Optimization | Checksum: 203610f13

Time (s): cpu = 00:00:15 ; elapsed = 00:01:11 . Memory (MB): peak = 2399.551 ; gain = 125.180

Phase 28 Very High Fanout Optimization
INFO: [Physopt 32-65] No nets found for high-fanout optimization.
INFO: [Physopt 32-232] Optimized 0 net. Created 0 new instance.
INFO: [Physopt 32-775] End 1 Pass. Optimized 0 net or cell. Created 0 new cell, deleted 0 existing cell and moved 0 existing cell
Phase 28 Very High Fanout Optimization | Checksum: 203610f13

Time (s): cpu = 00:00:15 ; elapsed = 00:01:11 . Memory (MB): peak = 2399.551 ; gain = 125.180

Phase 29 Single Cell Placement Optimization
INFO: [Physopt 32-670] No setup violation found.  Single Cell Placement Optimization was not performed.
Netlist sorting complete. Time (s): cpu = 00:00:00 ; elapsed = 00:00:00.003 . Memory (MB): peak = 2399.551 ; gain = 0.000
Phase 29 Single Cell Placement Optimization | Checksum: 203610f13

Time (s): cpu = 00:00:15 ; elapsed = 00:01:11 . Memory (MB): peak = 2399.551 ; gain = 125.180

Phase 30 Multi Cell Placement Optimization
INFO: [Physopt 32-670] No setup violation found.  Multi Cell Placement Optimization was not performed.
Netlist sorting complete. Time (s): cpu = 00:00:00 ; elapsed = 00:00:00.002 . Memory (MB): peak = 2399.551 ; gain = 0.000
Phase 30 Multi Cell Placement Optimization | Checksum: 203610f13

Time (s): cpu = 00:00:15 ; elapsed = 00:01:11 . Memory (MB): peak = 2399.551 ; gain = 125.180

Phase 31 SLR Crossing Optimization
Phase 31 SLR Crossing Optimization | Checksum: 203610f13

Time (s): cpu = 00:00:15 ; elapsed = 00:01:11 . Memory (MB): peak = 2399.551 ; gain = 125.180

Phase 32 Critical Path Optimization
INFO: [Physopt 32-619] Estimated Timing Summary | WNS=0.021 | TNS=0.000 |
INFO: [Physopt 32-619] Estimated Timing Summary | WNS=0.021 | TNS=0.000 |
Netlist sorting complete. Time (s): cpu = 00:00:00 ; elapsed = 00:00:00.003 . Memory (MB): peak = 2399.551 ; gain = 0.000
Phase 32 Critical Path Optimization | Checksum: 203610f13

Time (s): cpu = 00:00:15 ; elapsed = 00:01:11 . Memory (MB): peak = 2399.551 ; gain = 125.180

Phase 33 BRAM Enable Optimization
Phase 33 BRAM Enable Optimization | Checksum: 203610f13

Time (s): cpu = 00:00:15 ; elapsed = 00:01:11 . Memory (MB): peak = 2399.551 ; gain = 125.180
INFO: [Physopt 32-960] Skip hold-fix as initial WHS does not violate hold threshold 250 ps
Netlist sorting complete. Time (s): cpu = 00:00:00 ; elapsed = 00:00:00.003 . Memory (MB): peak = 2399.551 ; gain = 0.000
INFO: [Physopt 32-603] Post Physical Optimization Timing Summary | WNS=0.021 | TNS=0.000 |

Summary of Physical Synthesis Optimizations
============================================


----------------------------------------------------------------------------------------------------------------------------------------------------------------------
|  Optimization            |  WNS Gain (ns)  |  TNS Gain (ns)  |  Added Cells  |  Removed Cells  |  Optimized Cells/Nets  |  Dont Touch  |  Iterations  |  Elapsed   |
----------------------------------------------------------------------------------------------------------------------------------------------------------------------
|  Fanout                  |          0.000  |          0.000  |            1  |              0  |                     1  |           0  |           3  |  00:00:07  |
|  Single Cell Placement   |          0.000  |          0.110  |            0  |              0  |                   114  |           0  |           3  |  00:00:60  |
|  Multi Cell Placement    |          0.000  |          0.000  |            0  |              0  |                     0  |           0  |           3  |  00:00:01  |
|  Rewire                  |          0.000  |          0.000  |            0  |              0  |                     0  |           0  |           3  |  00:00:00  |
|  Critical Cell           |          0.000  |          0.000  |            0  |              0  |                     0  |           0  |           3  |  00:00:00  |
|  SLR Crossing            |          0.000  |          0.000  |            0  |              0  |                     0  |           0  |           3  |  00:00:00  |
|  DSP Register            |          0.000  |          0.000  |            0  |              0  |                     0  |           0  |           2  |  00:00:00  |
|  BRAM Register           |          0.000  |          0.000  |            0  |              0  |                     0  |           0  |           2  |  00:00:00  |
|  URAM Register           |          0.000  |          0.000  |            0  |              0  |                     0  |           0  |           2  |  00:00:00  |
|  Shift Register          |          0.000  |          0.000  |            0  |              0  |                     0  |           0  |           2  |  00:00:00  |
|  Critical Pin            |          0.137  |          0.116  |            0  |              0  |                     6  |           0  |           1  |  00:00:00  |
|  Very High Fanout        |          0.000  |          0.000  |            0  |              0  |                     0  |           0  |           1  |  00:00:00  |
|  BRAM Enable             |          0.000  |          0.000  |            0  |              0  |                     0  |           0  |           1  |  00:00:00  |
|  Critical Path           |          0.000  |          0.000  |            0  |              0  |                     0  |           0  |           1  |  00:00:00  |
|  Total                   |          0.137  |          0.226  |            1  |              0  |                   121  |           0  |          30  |  00:01:09  |
----------------------------------------------------------------------------------------------------------------------------------------------------------------------


Netlist sorting complete. Time (s): cpu = 00:00:00 ; elapsed = 00:00:00.002 . Memory (MB): peak = 2399.551 ; gain = 0.000
Ending Physical Synthesis Task | Checksum: 12ca7cd01

Time (s): cpu = 00:00:15 ; elapsed = 00:01:11 . Memory (MB): peak = 2399.570 ; gain = 125.199
INFO: [Common 17-83] Releasing license: Implementation
1030 Infos, 0 Warnings, 0 Critical Warnings and 0 Errors encountered.
phys_opt_design completed successfully
phys_opt_design: Time (s): cpu = 00:00:15 ; elapsed = 00:01:12 . Memory (MB): peak = 2399.570 ; gain = 125.199
INFO: [Timing 38-480] Writing timing data to binary archive.
Write ShapeDB Complete: Time (s): cpu = 00:00:00 ; elapsed = 00:00:00.016 . Memory (MB): peak = 2427.586 ; gain = 15.875
Wrote PlaceDB: Time (s): cpu = 00:00:00 ; elapsed = 00:00:00.746 . Memory (MB): peak = 2427.586 ; gain = 8.949
Wrote PulsedLatchDB: Time (s): cpu = 00:00:00 ; elapsed = 00:00:00 . Memory (MB): peak = 2427.586 ; gain = 0.000
Writing XDEF routing.
Writing XDEF routing logical nets.
Writing XDEF routing special nets.
Wrote RouteStorage: Time (s): cpu = 00:00:00 ; elapsed = 00:00:00.021 . Memory (MB): peak = 2427.586 ; gain = 0.000
Wrote Netlist Cache: Time (s): cpu = 00:00:00 ; elapsed = 00:00:00.016 . Memory (MB): peak = 2427.586 ; gain = 0.000
Wrote Device Cache: Time (s): cpu = 00:00:00 ; elapsed = 00:00:00.007 . Memory (MB): peak = 2427.586 ; gain = 0.000
Write Physdb Complete: Time (s): cpu = 00:00:00 ; elapsed = 00:00:00.811 . Memory (MB): peak = 2427.586 ; gain = 15.875
INFO: [Common 17-1381] The checkpoint 'C:/Users/hp/Downloads/digital_twin/digital_twin.runs/impl_1/top_physopt.dcp' has been generated.
Command: route_design -directive NoTimingRelaxation
Attempting to get a license for feature 'Implementation' and/or device 'xc7k325t'
INFO: [Common 17-349] Got license for feature 'Implementation' and/or device 'xc7k325t'
INFO: [DRC 23-27] Running DRC with 8 threads
INFO: [Vivado_Tcl 4-198] DRC finished with 0 Errors
INFO: [Vivado_Tcl 4-199] Please refer to the DRC report (report_drc) for more information.
Running DRC as a precondition to command route_design
INFO: [DRC 23-27] Running DRC with 8 threads
INFO: [Vivado_Tcl 4-198] DRC finished with 0 Errors
INFO: [Vivado_Tcl 4-199] Please refer to the DRC report (report_drc) for more information.


Starting Routing Task
INFO: [Route 35-270] Using Router directive 'NoTimingRelaxation'.
INFO: [Route 35-254] Multithreading enabled for route_design using a maximum of 8 CPUs

Phase 1 Build RT Design
Checksum: PlaceDB: 85fd0264 ConstDB: 0 ShapeSum: 17f5b84f RouteDB: 0
Post Restoration Checksum: NetGraph: f3bd45a4 | NumContArr: 6b67e8ca | Constraints: c2a8fa9d | Timing: c2a8fa9d
Phase 1 Build RT Design | Checksum: 2e47723a8

Time (s): cpu = 00:00:03 ; elapsed = 00:00:24 . Memory (MB): peak = 2678.672 ; gain = 223.852

Phase 2 Router Initialization

Phase 2.1 Fix Topology Constraints
Phase 2.1 Fix Topology Constraints | Checksum: 2e47723a8

Time (s): cpu = 00:00:03 ; elapsed = 00:00:24 . Memory (MB): peak = 2678.672 ; gain = 223.852

Phase 2.2 Pre Route Cleanup
Phase 2.2 Pre Route Cleanup | Checksum: 2e47723a8

Time (s): cpu = 00:00:03 ; elapsed = 00:00:24 . Memory (MB): peak = 2678.672 ; gain = 223.852
 Number of Nodes with overlaps = 0

Phase 2.3 Update Timing
Phase 2.3 Update Timing | Checksum: 2a5472311

Time (s): cpu = 00:00:03 ; elapsed = 00:00:28 . Memory (MB): peak = 2705.352 ; gain = 250.531
INFO: [Route 35-416] Intermediate Timing Summary | WNS=0.044  | TNS=0.000  | WHS=-0.240 | THS=-238.691|


Router Utilization Summary
  Global Vertical Routing Utilization    = 0 %
  Global Horizontal Routing Utilization  = 0 %
  Routable Net Status*
  *Does not include unroutable nets such as driverless and loadless.
  Run report_route_status for detailed report.
  Number of Failed Nets               = 7979
    (Failed Nets is the sum of unrouted and partially routed nets)
  Number of Unrouted Nets             = 7979
  Number of Partially Routed Nets     = 0
  Number of Node Overlaps             = 0

Phase 2 Router Initialization | Checksum: 22f53e6f6

Time (s): cpu = 00:00:03 ; elapsed = 00:00:30 . Memory (MB): peak = 2732.660 ; gain = 277.840

Phase 3 Initial Routing

Phase 3.1 Global Routing
Phase 3.1 Global Routing | Checksum: 22f53e6f6

Time (s): cpu = 00:00:03 ; elapsed = 00:00:30 . Memory (MB): peak = 2732.660 ; gain = 277.840

Phase 3.2 Initial Net Routing
Phase 3.2 Initial Net Routing | Checksum: 27e1ee8ca

Time (s): cpu = 00:00:04 ; elapsed = 00:00:32 . Memory (MB): peak = 2732.660 ; gain = 277.840
Phase 3 Initial Routing | Checksum: 27e1ee8ca

Time (s): cpu = 00:00:04 ; elapsed = 00:00:32 . Memory (MB): peak = 2732.660 ; gain = 277.840
INFO: [Route 35-580] Design has 13 pins with tight setup and hold constraints.

The top 5 pins with tight setup and hold constraints:

+====================+===================+=============================================================================+
| Launch Setup Clock | Launch Hold Clock | Pin                                                                         |
+====================+===================+=============================================================================+
| clk_out2_pll       | clk_out2_pll      | student_top_inst/Core_cpu/cpu_core/ex_mem_inst/dff_rd_data/data_o_reg[19]/D |
| clk_out2_pll       | clk_out2_pll      | student_top_inst/Core_cpu/cpu_core/pc_reg_inst/pc_o_reg[0]/D                |
| clk_out2_pll       | clk_out2_pll      | student_top_inst/Core_cpu/cpu_core/mem_wb_inst/dff_rd_data/data_o_reg[21]/D |
| clk_out2_pll       | clk_out2_pll      | student_top_inst/Core_cpu/cpu_core/pc_reg_inst/pc_o_reg[5]/D                |
| clk_out2_pll       | clk_out2_pll      | student_top_inst/Core_cpu/cpu_core/mem_wb_inst/dff_rd_data/data_o_reg[28]/D |
+--------------------+-------------------+-----------------------------------------------------------------------------+

File with complete list of pins: tight_setup_hold_pins.txt


Phase 4 Rip-up And Reroute

Phase 4.1 Global Iteration 0
 Number of Nodes with overlaps = 3380
 Number of Nodes with overlaps = 1608
 Number of Nodes with overlaps = 936
 Number of Nodes with overlaps = 523
 Number of Nodes with overlaps = 264
 Number of Nodes with overlaps = 138
 Number of Nodes with overlaps = 71
 Number of Nodes with overlaps = 50
 Number of Nodes with overlaps = 20
 Number of Nodes with overlaps = 13
 Number of Nodes with overlaps = 6
 Number of Nodes with overlaps = 6
 Number of Nodes with overlaps = 2
 Number of Nodes with overlaps = 0
INFO: [Route 35-416] Intermediate Timing Summary | WNS=-0.317 | TNS=-4.320 | WHS=N/A    | THS=N/A    |

Phase 4.1 Global Iteration 0 | Checksum: 2b414a374

Time (s): cpu = 00:00:06 ; elapsed = 00:00:50 . Memory (MB): peak = 2732.660 ; gain = 277.840

Phase 4.2 Global Iteration 1
 Number of Nodes with overlaps = 468
 Number of Nodes with overlaps = 332
 Number of Nodes with overlaps = 236
 Number of Nodes with overlaps = 106
 Number of Nodes with overlaps = 73
 Number of Nodes with overlaps = 57
 Number of Nodes with overlaps = 37
 Number of Nodes with overlaps = 25
 Number of Nodes with overlaps = 24
 Number of Nodes with overlaps = 11
 Number of Nodes with overlaps = 8
 Number of Nodes with overlaps = 5
 Number of Nodes with overlaps = 5
 Number of Nodes with overlaps = 4
 Number of Nodes with overlaps = 1
 Number of Nodes with overlaps = 0
INFO: [Route 35-416] Intermediate Timing Summary | WNS=-0.108 | TNS=-0.334 | WHS=N/A    | THS=N/A    |

Phase 4.2 Global Iteration 1 | Checksum: 317afb6a4

Time (s): cpu = 00:00:06 ; elapsed = 00:01:00 . Memory (MB): peak = 2732.660 ; gain = 277.840

Phase 4.3 Global Iteration 2
 Number of Nodes with overlaps = 615
 Number of Nodes with overlaps = 225
 Number of Nodes with overlaps = 105
 Number of Nodes with overlaps = 50
 Number of Nodes with overlaps = 18
 Number of Nodes with overlaps = 10
 Number of Nodes with overlaps = 2
 Number of Nodes with overlaps = 0
INFO: [Route 35-416] Intermediate Timing Summary | WNS=-0.169 | TNS=-0.403 | WHS=N/A    | THS=N/A    |

Phase 4.3 Global Iteration 2 | Checksum: 22236a0fd

Time (s): cpu = 00:00:06 ; elapsed = 00:01:04 . Memory (MB): peak = 2732.660 ; gain = 277.840
Phase 4 Rip-up And Reroute | Checksum: 22236a0fd

Time (s): cpu = 00:00:06 ; elapsed = 00:01:04 . Memory (MB): peak = 2732.660 ; gain = 277.840

Phase 5 Delay and Skew Optimization

Phase 5.1 Delay CleanUp

Phase 5.1.1 Update Timing
Phase 5.1.1 Update Timing | Checksum: 293cadaac

Time (s): cpu = 00:00:06 ; elapsed = 00:01:05 . Memory (MB): peak = 2732.660 ; gain = 277.840
INFO: [Route 35-416] Intermediate Timing Summary | WNS=-0.021 | TNS=-0.021 | WHS=N/A    | THS=N/A    |

 Number of Nodes with overlaps = 0
Phase 5.1 Delay CleanUp | Checksum: 1abe3817b

Time (s): cpu = 00:00:06 ; elapsed = 00:01:05 . Memory (MB): peak = 2732.660 ; gain = 277.840

Phase 5.2 Clock Skew Optimization
Phase 5.2 Clock Skew Optimization | Checksum: 1abe3817b

Time (s): cpu = 00:00:06 ; elapsed = 00:01:05 . Memory (MB): peak = 2732.660 ; gain = 277.840
Phase 5 Delay and Skew Optimization | Checksum: 1abe3817b

Time (s): cpu = 00:00:06 ; elapsed = 00:01:05 . Memory (MB): peak = 2732.660 ; gain = 277.840

Phase 6 Post Hold Fix

Phase 6.1 Hold Fix Iter

Phase 6.1.1 Update Timing
Phase 6.1.1 Update Timing | Checksum: 17e525379

Time (s): cpu = 00:00:06 ; elapsed = 00:01:05 . Memory (MB): peak = 2732.660 ; gain = 277.840
INFO: [Route 35-416] Intermediate Timing Summary | WNS=0.006  | TNS=0.000  | WHS=0.087  | THS=0.000  |

Phase 6.1 Hold Fix Iter | Checksum: 17e525379

Time (s): cpu = 00:00:06 ; elapsed = 00:01:05 . Memory (MB): peak = 2732.660 ; gain = 277.840
Phase 6 Post Hold Fix | Checksum: 17e525379

Time (s): cpu = 00:00:06 ; elapsed = 00:01:05 . Memory (MB): peak = 2732.660 ; gain = 277.840

Phase 7 Route finalize

Router Utilization Summary
  Global Vertical Routing Utilization    = 1.15013 %
  Global Horizontal Routing Utilization  = 1.31721 %
  Routable Net Status*
  *Does not include unroutable nets such as driverless and loadless.
  Run report_route_status for detailed report.
  Number of Failed Nets               = 0
    (Failed Nets is the sum of unrouted and partially routed nets)
  Number of Unrouted Nets             = 0
  Number of Partially Routed Nets     = 0
  Number of Node Overlaps             = 0

Phase 7 Route finalize | Checksum: 17e525379

Time (s): cpu = 00:00:06 ; elapsed = 00:01:05 . Memory (MB): peak = 2732.660 ; gain = 277.840

Phase 8 Verifying routed nets

 Verification completed successfully
Phase 8 Verifying routed nets | Checksum: 17e525379

Time (s): cpu = 00:00:06 ; elapsed = 00:01:05 . Memory (MB): peak = 2732.660 ; gain = 277.840

Phase 9 Depositing Routes
Phase 9 Depositing Routes | Checksum: 1d20acacb

Time (s): cpu = 00:00:06 ; elapsed = 00:01:06 . Memory (MB): peak = 2732.660 ; gain = 277.840

Phase 10 Post Router Timing
INFO: [Route 35-20] Post Routing Timing Summary | WNS=0.007  | TNS=0.000  | WHS=0.087  | THS=0.000  |

Phase 10 Post Router Timing | Checksum: 2c1c19082

Time (s): cpu = 00:00:06 ; elapsed = 00:01:07 . Memory (MB): peak = 2732.660 ; gain = 277.840
INFO: [Route 35-61] The design met the timing requirement.
INFO: [Route 35-16] Router Completed Successfully

Phase 11 Post-Route Event Processing
Phase 11 Post-Route Event Processing | Checksum: 10f5537c9

Time (s): cpu = 00:00:06 ; elapsed = 00:01:08 . Memory (MB): peak = 2732.660 ; gain = 277.840
Ending Routing Task | Checksum: 10f5537c9

Time (s): cpu = 00:00:06 ; elapsed = 00:01:08 . Memory (MB): peak = 2732.660 ; gain = 277.840

Routing Is Done.
INFO: [Common 17-83] Releasing license: Implementation
1052 Infos, 0 Warnings, 0 Critical Warnings and 0 Errors encountered.
route_design completed successfully
route_design: Time (s): cpu = 00:00:06 ; elapsed = 00:01:09 . Memory (MB): peak = 2732.660 ; gain = 305.074
INFO: [runtcl-4] Executing : report_drc -file top_drc_routed.rpt -pb top_drc_routed.pb -rpx top_drc_routed.rpx
Command: report_drc -file top_drc_routed.rpt -pb top_drc_routed.pb -rpx top_drc_routed.rpx
INFO: [IP_Flow 19-1839] IP Catalog is up to date.
INFO: [DRC 23-27] Running DRC with 8 threads
INFO: [Vivado_Tcl 2-168] The results of DRC are in file C:/Users/hp/Downloads/digital_twin/digital_twin.runs/impl_1/top_drc_routed.rpt.
report_drc completed successfully
INFO: [runtcl-4] Executing : report_methodology -file top_methodology_drc_routed.rpt -pb top_methodology_drc_routed.pb -rpx top_methodology_drc_routed.rpx
Command: report_methodology -file top_methodology_drc_routed.rpt -pb top_methodology_drc_routed.pb -rpx top_methodology_drc_routed.rpx
INFO: [Timing 38-35] Done setting XDC timing constraints.
INFO: [DRC 23-133] Running Methodology with 8 threads
INFO: [Vivado_Tcl 2-1520] The results of Report Methodology are in file C:/Users/hp/Downloads/digital_twin/digital_twin.runs/impl_1/top_methodology_drc_routed.rpt.
report_methodology completed successfully
INFO: [runtcl-4] Executing : report_power -file top_power_routed.rpt -pb top_power_summary_routed.pb -rpx top_power_routed.rpx
Command: report_power -file top_power_routed.rpt -pb top_power_summary_routed.pb -rpx top_power_routed.rpx
INFO: [Timing 38-35] Done setting XDC timing constraints.
Running Vector-less Activity Propagation...

Finished Running Vector-less Activity Propagation
WARNING: [Power 33-332] Found switching activity that implies high-fanout reset nets being asserted for excessive periods of time which may result in inaccurate power analysis.
Resolution: To review and fix problems, please run Power Constraints Advisor in the GUI from Tools > Power Constraints Advisor or run report_power with the -advisory option to generate a text report.
1062 Infos, 1 Warnings, 0 Critical Warnings and 0 Errors encountered.
report_power completed successfully
INFO: [runtcl-4] Executing : report_route_status -file top_route_status.rpt -pb top_route_status.pb
INFO: [runtcl-4] Executing : report_timing_summary -max_paths 10 -report_unconstrained -file top_timing_summary_routed.rpt -pb top_timing_summary_routed.pb -rpx top_timing_summary_routed.rpx -warn_on_violation 
INFO: [Timing 38-91] UpdateTimingParams: Speed grade: -2, Delay Type: min_max.
INFO: [Timing 38-191] Multithreading enabled for timing update using a maximum of 8 CPUs
INFO: [runtcl-4] Executing : report_incremental_reuse -file top_incremental_reuse_routed.rpt
INFO: [Vivado_Tcl 4-1062] Incremental flow is disabled. No incremental reuse Info to report.
INFO: [runtcl-4] Executing : report_clock_utilization -file top_clock_utilization_routed.rpt
INFO: [runtcl-4] Executing : report_bus_skew -warn_on_violation -file top_bus_skew_routed.rpt -pb top_bus_skew_routed.pb -rpx top_bus_skew_routed.rpx
INFO: [Timing 38-91] UpdateTimingParams: Speed grade: -2, Delay Type: min_max.
INFO: [Timing 38-191] Multithreading enabled for timing update using a maximum of 8 CPUs
INFO: [Timing 38-480] Writing timing data to binary archive.
Write ShapeDB Complete: Time (s): cpu = 00:00:00 ; elapsed = 00:00:00.017 . Memory (MB): peak = 2732.660 ; gain = 0.000
Wrote PlaceDB: Time (s): cpu = 00:00:00 ; elapsed = 00:00:00.704 . Memory (MB): peak = 2732.660 ; gain = 0.000
Wrote PulsedLatchDB: Time (s): cpu = 00:00:00 ; elapsed = 00:00:00 . Memory (MB): peak = 2732.660 ; gain = 0.000
Writing XDEF routing.
Writing XDEF routing logical nets.
Writing XDEF routing special nets.
Wrote RouteStorage: Time (s): cpu = 00:00:00 ; elapsed = 00:00:00.144 . Memory (MB): peak = 2732.660 ; gain = 0.000
Wrote Netlist Cache: Time (s): cpu = 00:00:00 ; elapsed = 00:00:00.015 . Memory (MB): peak = 2732.660 ; gain = 0.000
Wrote Device Cache: Time (s): cpu = 00:00:00 ; elapsed = 00:00:00.006 . Memory (MB): peak = 2732.660 ; gain = 0.000
Write Physdb Complete: Time (s): cpu = 00:00:00 ; elapsed = 00:00:00.882 . Memory (MB): peak = 2732.660 ; gain = 0.000
INFO: [Common 17-1381] The checkpoint 'C:/Users/hp/Downloads/digital_twin/digital_twin.runs/impl_1/top_routed.dcp' has been generated.
INFO: [Common 17-206] Exiting Vivado at Tue Jun  2 22:57:11 2026...
[Tue Jun  2 22:57:16 2026] impl_1 finished
wait_on_runs: Time (s): cpu = 00:00:00 ; elapsed = 00:08:19 . Memory (MB): peak = 974.699 ; gain = 0.000
# set impl_status [get_property STATUS [get_runs impl_1]]
# puts "CLK2_IMPL_STATUS freq_mhz=$freq_mhz status=\"$impl_status\""
CLK2_IMPL_STATUS freq_mhz=222 status="route_design Complete!"
# if {![regexp -nocase {complete} $impl_status]} {
#     close_project
#     exit 2
# }
# open_run impl_1
Netlist sorting complete. Time (s): cpu = 00:00:00 ; elapsed = 00:00:00.137 . Memory (MB): peak = 983.445 ; gain = 0.000
INFO: [Netlist 29-17] Analyzing 422 Unisim elements for replacement
INFO: [Netlist 29-28] Unisim Transformation completed in 0 CPU seconds
INFO: [Project 1-479] Netlist was created with Vivado 2023.2
INFO: [Project 1-570] Preparing netlist for logic optimization
Read ShapeDB Complete: Time (s): cpu = 00:00:00 ; elapsed = 00:00:00.018 . Memory (MB): peak = 1090.758 ; gain = 1.461
INFO: [Timing 38-478] Restoring timing data from binary archive.
INFO: [Timing 38-479] Binary timing data restore complete.
INFO: [Project 1-856] Restoring constraints from binary archive.
INFO: [Project 1-853] Binary constraint restore complete.
INFO: [Designutils 20-5722] Start Reading Physical Databases.
Reading placement.
Read Netlist Cache: Time (s): cpu = 00:00:00 ; elapsed = 00:00:00.014 . Memory (MB): peak = 1731.734 ; gain = 0.000
Reading placer database...
Read Device Cache: Time (s): cpu = 00:00:00 ; elapsed = 00:00:00.009 . Memory (MB): peak = 1731.734 ; gain = 0.000
Read PlaceDB: Time (s): cpu = 00:00:00 ; elapsed = 00:00:00.298 . Memory (MB): peak = 1731.734 ; gain = 0.000
Read PulsedLatchDB: Time (s): cpu = 00:00:00 ; elapsed = 00:00:00 . Memory (MB): peak = 1731.734 ; gain = 0.000
Reading routing.
Read RouteStorage: Time (s): cpu = 00:00:00 ; elapsed = 00:00:00.192 . Memory (MB): peak = 1731.734 ; gain = 0.000
Read Physdb Files: Time (s): cpu = 00:00:00 ; elapsed = 00:00:00.528 . Memory (MB): peak = 1731.734 ; gain = 0.000
Restored from archive | CPU: 0.000000 secs | Memory: 0.000000 MB |
Finished XDEF File Restore: Time (s): cpu = 00:00:00 ; elapsed = 00:00:00.586 . Memory (MB): peak = 1731.734 ; gain = 4.945
Netlist sorting complete. Time (s): cpu = 00:00:00 ; elapsed = 00:00:00.004 . Memory (MB): peak = 1731.734 ; gain = 0.000
INFO: [Project 1-111] Unisim Transformation Summary:
  A total of 33 instances were transformed.
  RAM128X1D => RAM128X1D (MUXF7(x2), RAMD64E(x4)): 12 instances
  RAM32M => RAM32M (RAMD32(x6), RAMS32(x2)): 15 instances
  RAM32X1D => RAM32X1D (RAMD32(x2)): 6 instances

open_run: Time (s): cpu = 00:00:01 ; elapsed = 00:00:11 . Memory (MB): peak = 1731.734 ; gain = 757.035
# set timing_summary "$report_dir/top_timing_summary_clk2_${tag}.rpt"
# report_timing_summary -delay_type min_max -max_paths 80 -nworst 10 -file $timing_summary
INFO: [Timing 38-91] UpdateTimingParams: Speed grade: -2, Delay Type: min_max.
INFO: [Timing 38-191] Multithreading enabled for timing update using a maximum of 8 CPUs
# report_timing -delay_type max -sort_by group -max_paths 20 -nworst 5 \
#     -path_type full_clock_expanded \
#     -file "$report_dir/top_timing_max_clk2_${tag}.rpt"
INFO: [Timing 38-91] UpdateTimingParams: Speed grade: -2, Delay Type: max.
INFO: [Timing 38-191] Multithreading enabled for timing update using a maximum of 8 CPUs
INFO: [Timing 38-78] ReportTimingParams: -max_paths 20 -nworst 5 -delay_type max -sort_by group.
# report_timing -delay_type min -sort_by group -max_paths 20 -nworst 5 \
#     -path_type full_clock_expanded \
#     -file "$report_dir/top_timing_min_clk2_${tag}.rpt"
INFO: [Timing 38-91] UpdateTimingParams: Speed grade: -2, Delay Type: min.
INFO: [Timing 38-191] Multithreading enabled for timing update using a maximum of 8 CPUs
INFO: [Timing 38-78] ReportTimingParams: -max_paths 20 -nworst 5 -delay_type min -sort_by group.
# report_route_status -file "$report_dir/top_route_status_clk2_${tag}.rpt"
# set setup_paths [get_timing_paths -delay_type max -max_paths 1]
# if {[llength $setup_paths] > 0} {
#     set wns [get_property SLACK [lindex $setup_paths 0]]
# } else {
#     set wns "NA"
# }
# set hold_paths [get_timing_paths -delay_type min -max_paths 1]
# if {[llength $hold_paths] > 0} {
#     set whs [get_property SLACK [lindex $hold_paths 0]]
# } else {
#     set whs "NA"
# }
# set period_ns "NA"
# set actual_mhz "NA"
# set clk2 [get_clocks clk_out2_pll]
# if {[llength $clk2] > 0} {
#     set period_ns [get_property PERIOD [lindex $clk2 0]]
#     set actual_mhz [format "%.6f" [expr {1000.0 / $period_ns}]]
# }
# set timing_met 0
# if {$wns ne "NA" && $whs ne "NA"} {
#     if {[expr {$wns >= 0.0}] && [expr {$whs >= 0.0}]} {
#         set timing_met 1
#     }
# }
# puts "CLK2_RESULT freq_mhz=$freq_mhz actual_mhz=$actual_mhz period_ns=$period_ns status=\"$impl_status\" wns=$wns whs=$whs timing_met=$timing_met report=$timing_summary"
CLK2_RESULT freq_mhz=222 actual_mhz=221.434898 period_ns=4.516 status="route_design Complete!" wns=0.007 whs=0.087 timing_met=1 report=C:/Users/hp/Downloads/digital_twin/digital_twin.srcs/sources_1/vivado_clk2_sweep/top_timing_summary_clk2_222.rpt
# close_project
# exit 0
INFO: [Common 17-206] Exiting Vivado at Tue Jun  2 22:57:31 2026...
