memory_initialization_radix=16;
memory_initialization_vector=
00101197,
80018193,
00140117,
fe810113,
4b018293,
00104317,
aec30313,
0062f863,
0002a023,
00428293,
ff5ff06f,
300030ef,
0000006f,
f8010113,
00112223,
00312623,
00412823,
00512a23,
00612c23,
00712e23,
02812023,
02912223,
02a12423,
02b12623,
02c12823,
02d12a23,
02e12c23,
02f12e23,
05012023,
05112223,
05212423,
05312623,
05412823,
05512a23,
05612c23,
05712e23,
07812023,
07912223,
07a12423,
07b12623,
07c12823,
07d12a23,
07e12c23,
07f12e23,
341022f3,
00512023,
300022f3,
00512423,
1a0000ef,
00101297,
3d828293,
0002a303,
02030c63,
0002a023,
00101297,
3cc28293,
0002a303,
00232023,
00101297,
3b828293,
0002a303,
00032103,
4b018293,
0002a303,
00130313,
0062a023,
00012283,
34129073,
00812283,
30029073,
00412083,
01012203,
01812303,
01c12383,
02012403,
02412483,
02812503,
02c12583,
03012603,
03412683,
03812703,
03c12783,
04012803,
04412883,
04812903,
04c12983,
05012a03,
05412a83,
05812b03,
05c12b83,
06012c03,
06412c83,
06812d03,
06c12d83,
07012e03,
07412e83,
07812f03,
07c12f83,
01412283,
08010113,
30200073,
ff010113,
00112623,
00000797,
e9878793,
30579073,
07c000ef,
00100517,
e5450513,
351030ef,
00c12083,
01010113,
00008067,
ff010113,
00112623,
00812423,
00912223,
01212023,
00050493,
00058913,
0ff57413,
e80007b7,
00f46433,
00800793,
3007b073,
060000ef,
00090613,
00048593,
00100517,
e1c50513,
2fd030ef,
12c000ef,
802007b7,
0287a023,
802007b7,
0487a023,
0000006f,
08000793,
3047a073,
802007b7,
001e8737,
48070713,
06e7a023,
802007b7,
00100713,
06e7a423,
802007b7,
06e7a223,
00008067,
802007b7,
0607a223,
00008067,
ff010113,
00112623,
34202773,
800007b7,
00778793,
02f71c63,
802007b7,
00100713,
06e7a423,
4b418713,
00072783,
00178793,
00f72023,
1e8030ef,
73d020ef,
210030ef,
00c12083,
01010113,
00008067,
00100597,
d8858593,
03000513,
f0dff0ef,
06050c63,
00054783,
06078863,
00a00593,
80200737,
07470713,
80200637,
07060613,
00d00813,
0400006f,
00072783,
0017f793,
fe078ce3,
01062023,
00150513,
fff54683,
00072783,
0017f793,
00079863,
00072783,
0017f793,
fe078ce3,
00d62023,
00054783,
00078c63,
fcb79ae3,
00072783,
0017f793,
fa078ce3,
fc1ff06f,
00008067,
802007b7,
07478793,
0007a783,
0017f793,
00079c63,
80200737,
07470713,
00072783,
0017f793,
fe078ce3,
00008067,
802007b7,
07c78793,
0007a783,
0017f793,
00078a63,
802007b7,
0787a503,
0ff57513,
00008067,
fff00513,
00008067,
0c050463,
fe010113,
00112e23,
01212823,
01312623,
00050913,
00058993,
0a058a63,
00812c23,
00912a23,
802007b7,
00200713,
08e7a023,
00100713,
08e7a023,
00600413,
802004b7,
08448493,
0004a783,
0027f713,
02071263,
00a00513,
228040ef,
fff40413,
fe0414e3,
ffe00513,
01812403,
01412483,
0440006f,
0067f793,
00200713,
04e79e63,
802007b7,
08878793,
0007a783,
00f92023,
15700713,
02e787b3,
3e878793,
7d000713,
02e7d7b3,
00f9a023,
00000513,
01812403,
01412483,
01c12083,
01012903,
00c12983,
02010113,
00008067,
ff600513,
00008067,
ff600513,
fe1ff06f,
ffe00513,
01812403,
01412483,
fd1ff06f,
00054783,
00078e63,
0005c703,
00f71a63,
00150513,
00158593,
00054783,
fe0796e3,
0005c503,
40f50533,
00153513,
00008067,
fa010113,
04112e23,
04812c23,
04912a23,
05212823,
05312623,
05412423,
05512223,
05612023,
03712e23,
03812c23,
03912a23,
00100517,
b6c50513,
025030ef,
00100517,
b7c50513,
019030ef,
00100c17,
b98c0c13,
00d00493,
00a00913,
00800993,
00100b97,
b90b8b93,
06c0006f,
e55ff0ef,
fe054ee3,
04950263,
05250063,
07350a63,
07450863,
fe050793,
fefae2e3,
00140c93,
fd9b6ee3,
03040793,
00278433,
fea40023,
00050593,
00100517,
b5050513,
7b4030ef,
000c8413,
fb9ff06f,
00100517,
b3450513,
7a0030ef,
03040793,
002787b3,
fe078023,
02041a63,
000c0513,
788030ef,
00000413,
07f00a13,
05e00a93,
01f00b13,
f81ff06f,
f6040ee3,
fff40413,
000b8513,
764030ef,
f6dff06f,
00100597,
af458593,
01010513,
ec5ff0ef,
02050c63,
00100517,
ae850513,
740030ef,
00100517,
af850513,
734030ef,
00100517,
b2450513,
728030ef,
00100517,
b5450513,
71c030ef,
f8dff06f,
00100597,
b7058593,
01010513,
e7dff0ef,
06050063,
802007b7,
434d0737,
00170713,
04e7a023,
00100517,
b5850513,
6e8030ef,
00100517,
b7850513,
6dc030ef,
758000ef,
00051e63,
802007b7,
0407a023,
00100517,
bc050513,
6c0030ef,
f31ff06f,
00050593,
00100517,
b8c50513,
6ac030ef,
fd9ff06f,
00100597,
bc058593,
01010513,
e0dff0ef,
04050a63,
00100517,
bb850513,
688030ef,
00c10593,
00810513,
d09ff0ef,
02051463,
00812583,
00100517,
be050513,
668030ef,
00c12583,
00100517,
bf050513,
658030ef,
ec9ff06f,
00100517,
ba050513,
648030ef,
eb9ff06f,
01010593,
00100517,
be850513,
634030ef,
00100517,
bf450513,
628030ef,
e99ff06f,
00062783,
00178713,
00b77663,
00f50533,
00d50023,
00062783,
00178793,
00f62023,
00008067,
fd010113,
02112623,
02812423,
02912223,
03212023,
01312e23,
01412c23,
01512a23,
01612823,
00050913,
00058993,
00060a13,
00078a93,
00080b13,
00000493,
1b818613,
00148493,
00910433,
02e6f8b3,
011608b3,
0008c783,
fef40fa3,
00068793,
02e6d6b3,
fee7f0e3,
0354f063,
000b0693,
000a0613,
00098593,
00090513,
f65ff0ef,
fffa8a93,
ff5494e3,
02048263,
00010493,
fff44683,
000a0613,
00098593,
00090513,
f41ff0ef,
fff40413,
fe9414e3,
02c12083,
02812403,
02412483,
02012903,
01c12983,
01812a03,
01412a83,
01012b03,
03010113,
00008067,
802007b7,
0507a703,
4ae1ae23,
80000737,
04e7a823,
00008067,
802007b7,
fff00713,
04e7a823,
02000793,
802006b7,
05068693,
4b818613,
0006a703,
00e62023,
fff78793,
fe079ae3,
00008067,
4b81a503,
4bc1a783,
40f50533,
00008067,
ff010113,
00112623,
1b0060ef,
00100797,
19478793,
0007a603,
0047a683,
2f5040ef,
00c12083,
01010113,
00008067,
ea010113,
12112e23,
12812c23,
14b12223,
14c12423,
14d12623,
14e12823,
14f12a23,
15012c23,
15112e23,
00012423,
14410793,
00f12623,
00054683,
44068463,
12912a23,
13212823,
13312623,
13412423,
13512223,
13612023,
11712e23,
11812c23,
11912a23,
11a12823,
00050413,
02500993,
03000b13,
00900493,
00000a93,
06c00a13,
0b018b93,
0200006f,
00140413,
00810613,
10000593,
01010513,
df5ff0ef,
00044683,
42068863,
ff3692e3,
00144903,
07390c63,
09690863,
00140413,
02000913,
00044703,
fd070793,
0ff7f793,
000a8c13,
06f4ee63,
00140413,
002c1793,
018787b3,
00179793,
00e787b3,
fd078c13,
00044703,
fd070793,
0ff7f793,
fcf4fee3,
05470c63,
00044c83,
fa8c8793,
0ff7f693,
02000713,
32d76263,
00269793,
017787b3,
0007a783,
017787b3,
00078067,
00240413,
00098693,
00810613,
10000593,
01010513,
d55ff0ef,
f61ff06f,
00240413,
f79ff06f,
00000c13,
fadff06f,
00140d13,
00144c83,
fa8c8793,
0ff7f693,
02000713,
2cd76463,
00269793,
13418713,
00e787b3,
0007a783,
00e787b3,
00078067,
00040d13,
00c12783,
00478713,
00e12623,
0007a403,
02040663,
00044683,
04068c63,
00140413,
00810613,
10000593,
01010513,
cddff0ef,
00044683,
fe0694e3,
0380006f,
02800693,
00100417,
8c840413,
fd5ff06f,
00040d13,
00c12783,
00478713,
00e12623,
0007c683,
00810613,
10000593,
01010513,
c9dff0ef,
001d0413,
ea5ff06f,
00c12783,
00478713,
00e12623,
0007ac83,
000c8693,
020cce63,
00090813,
000c0793,
00a00713,
00810613,
10000593,
01010513,
c85ff0ef,
fc5ff06f,
00c12783,
00478713,
00e12623,
0007ac83,
00040d13,
fc5ff06f,
02d00693,
00810613,
10000593,
01010513,
c31ff0ef,
419006b3,
fb1ff06f,
00100793,
00c0006f,
00040d13,
00000793,
02078a63,
00c12783,
00478713,
00e12623,
0007a683,
00090813,
000c0793,
00a00713,
00810613,
10000593,
01010513,
c0dff0ef,
f4dff06f,
00c12783,
00478713,
00e12623,
0007a683,
fd1ff06f,
00c12783,
00478713,
00e12623,
0007a683,
00090813,
000c0793,
01000713,
00810613,
10000593,
01010513,
bc9ff0ef,
f09ff06f,
00c12783,
00478713,
00e12623,
0007a683,
00040d13,
fcdff06f,
00040d13,
00c12783,
00778793,
ff87f793,
00878713,
00e12623,
0007ac03,
0047a403,
00000613,
00000693,
000c0513,
00040593,
769040ef,
0c054863,
000c0513,
00040593,
5cd050ef,
00050913,
641050ef,
00050613,
00058693,
000c0513,
00040593,
608050ef,
00100797,
e1878793,
0007a603,
0047a683,
004050ef,
00100797,
e0c78793,
0007a603,
0047a683,
7c9030ef,
585050ef,
00050413,
000f47b7,
23f78793,
00a7fa63,
00190913,
fff0c7b7,
dc078793,
00f50433,
02000813,
00000793,
00a00713,
00090693,
00810613,
10000593,
01010513,
ae1ff0ef,
02e00693,
00810613,
10000593,
01010513,
aa9ff0ef,
03000813,
00600793,
00a00713,
00040693,
00810613,
10000593,
01010513,
aadff0ef,
dedff06f,
02d00693,
00810613,
10000593,
01010513,
a71ff0ef,
800007b7,
0087c433,
f19ff06f,
000d0413,
00098693,
00810613,
10000593,
01010513,
a4dff0ef,
000c8693,
00810613,
10000593,
01010513,
a39ff0ef,
060c9863,
13412483,
13012903,
12c12983,
12812a03,
12412a83,
12012b03,
11c12b83,
11812c03,
11412c83,
11012d03,
00812703,
0ff00793,
00e7f463,
00f12423,
00812403,
11040793,
002787b3,
f0078023,
01010593,
000ff517,
5ec50513,
7fd020ef,
00040513,
13c12083,
13812403,
16010113,
00008067,
00040d13,
d29ff06f,
13412483,
13012903,
12c12983,
12812a03,
12412a83,
12012b03,
11c12b83,
11812c03,
11412c83,
11012d03,
f8dff06f,
ff010113,
00112623,
00100793,
00f50023,
000ff517,
58c50513,
799020ef,
00c12083,
01010113,
00008067,
00050023,
00008067,
f6010113,
01810613,
01410593,
05e10513,
08112e23,
08812c23,
08912a23,
09212823,
09312623,
09412423,
09512223,
09612023,
07712e23,
07812c23,
07912a23,
00012a23,
f91ff0ef,
00100513,
1bc020ef,
00050793,
00200513,
00f11e23,
1ac020ef,
00050793,
00300513,
00f11f23,
19c020ef,
00050793,
00400513,
02f11023,
18c020ef,
00050793,
00500513,
02f12c23,
17c020ef,
00051463,
00700513,
01c12783,
02a12e23,
04079e63,
02011783,
06078863,
00100617,
ea060613,
00257593,
00157693,
00b037b3,
02c12223,
04011e23,
00457813,
00f687b3,
04081a63,
7d000713,
02f75733,
02e12a23,
46069a63,
06058263,
40d007b3,
00e7f7b3,
00f60633,
02c12623,
0500006f,
00100713,
fae796e3,
02011783,
fa0792e3,
341537b7,
41578793,
00f12e23,
06600793,
02f11023,
f8dff06f,
00178893,
7d000713,
03175733,
02e12a23,
40069063,
0a059ee3,
02e787b3,
00f60633,
02c12823,
03c12783,
0017f713,
00070e63,
01c11603,
02812583,
03412503,
745000ef,
03c12783,
04a12023,
0027f713,
0c071c63,
0047f793,
00078a63,
03012603,
01c11583,
03412503,
06d010ef,
03812783,
0e079663,
00100713,
00100917,
ad090913,
00271793,
00e787b3,
00179793,
02f12c23,
8a9ff0ef,
03812483,
04012a23,
04012c23,
00000413,
04048263,
00100593,
01c10513,
235000ef,
05415583,
080020ef,
00050793,
fff00593,
01c10513,
04f11a23,
219000ef,
05415583,
064020ef,
04a11a23,
02040c63,
00140413,
fc8492e3,
869ff0ef,
895ff0ef,
8a1ff0ef,
00092603,
00492683,
00050493,
00058413,
355040ef,
16055263,
03812703,
f71ff06f,
04a11b23,
00100793,
fcf486e3,
00100413,
f85ff06f,
01e11783,
01c11603,
02c12583,
03412503,
01079793,
00c7e633,
04410693,
63c010ef,
03c12783,
0047f793,
f00796e3,
03812783,
f0078ee3,
fdcff0ef,
03812483,
04012a23,
04012c23,
00000413,
04048263,
00100593,
01c10513,
169000ef,
05415583,
7b5010ef,
00050793,
fff00593,
01c10513,
04f11a23,
14d000ef,
05415583,
799010ef,
04a11a23,
0a040863,
00140413,
fc8492e3,
f9cff0ef,
fc8ff0ef,
00050493,
01c11503,
00000593,
78d010ef,
00050593,
01e11503,
781010ef,
00050593,
02011503,
775010ef,
00050593,
03411503,
769010ef,
000087b7,
b0578793,
00050913,
66f50263,
08a7ee63,
000027b7,
8f278793,
60f50e63,
000057b7,
eaf78793,
22f51463,
000ff517,
2c450513,
f98ff0ef,
0000ea37,
00005ab7,
000079b7,
5a4a0a13,
608a8a93,
a7998993,
00200793,
000a0c13,
000a8b93,
00098b13,
00f12623,
0980006f,
04a11b23,
00100793,
f4f48ae3,
00100413,
f0dff06f,
00048513,
00040593,
059050ef,
00051463,
00100513,
00a00793,
02a7d7b3,
03812703,
00178793,
02f707b3,
02f12c23,
ec5ff06f,
000097b7,
a0278793,
5ef50c63,
0000f7b7,
9f578793,
18f51863,
000ff517,
26050513,
f00ff0ef,
00009a37,
00002ab7,
0000e9b7,
e3aa0a13,
fd7a8a93,
71498993,
00300793,
000a0c13,
000a8b93,
00098b13,
00f12623,
47818413,
00042783,
5e078a63,
07a12823,
07b12623,
00000d13,
00000d93,
0340006f,
00e787b3,
ffc7d703,
001d0593,
00042683,
01b707b3,
01059d13,
01079c93,
01079d93,
010d5d13,
010cdc93,
410ddd93,
42dd7263,
004d1c93,
01ac8733,
00271713,
05070793,
01010713,
00e78733,
fdc72683,
fe071e23,
0016f613,
02060c63,
ff675603,
00e12423,
03660663,
00098693,
000d0593,
000ff517,
1f850513,
e3cff0ef,
00812703,
ffc75603,
fdc72683,
00160613,
fec71e23,
0026f713,
04070663,
01ac8733,
00271713,
05070793,
01010713,
00e78733,
ff875603,
00e12423,
03760663,
000a8693,
000d0593,
000ff517,
1d850513,
decff0ef,
00812703,
ffc75603,
fdc72683,
00160613,
fec71e23,
01ac87b3,
00279793,
0046f693,
05078793,
01010713,
f00688e3,
00e78cb3,
ffacd603,
33861463,
ffccd703,
f05ff06f,
02c12423,
c00582e3,
40d006b3,
00e6f6b3,
00d606b3,
02d12623,
be080ee3,
bedff06f,
02c12423,
be0588e3,
fe1ff06f,
00010737,
fff00793,
fff70c93,
00f12623,
47818413,
509010ef,
03412583,
019509b3,
000ff517,
1a450513,
d54ff0ef,
00048593,
000ff517,
1ac50513,
d44ff0ef,
00048513,
d10ff0ef,
00050613,
00058693,
000ff517,
1a850513,
d28ff0ef,
00048513,
cf4ff0ef,
01099993,
00000613,
00000693,
4109d993,
6cc040ef,
04a05663,
00042783,
03812503,
02f50533,
684050ef,
00050a93,
00048513,
00058a13,
cbcff0ef,
00050613,
00058693,
000a8513,
000a0593,
7b9030ef,
00050613,
00058693,
000ff517,
15850513,
cc0ff0ef,
00048513,
c8cff0ef,
000ff797,
64878793,
0007a603,
0047a683,
740040ef,
2e054e63,
00042783,
03812583,
000ff517,
17850513,
02f585b3,
c88ff0ef,
000ff597,
18058593,
000ff517,
18450513,
c74ff0ef,
000ff597,
19058593,
000ff517,
1b850513,
c60ff0ef,
000ff597,
1c458593,
000ff517,
1c450513,
c4cff0ef,
00090593,
000ff517,
1cc50513,
c3cff0ef,
03c12703,
00177793,
1c078e63,
00042783,
14078463,
00000913,
000ffa17,
1c4a0a13,
00491793,
012787b3,
00279793,
01010713,
05078793,
00e787b3,
ff67d603,
00090593,
000a0513,
bf4ff0ef,
00190913,
00042783,
01091913,
01095913,
fcf964e3,
03c12703,
00277693,
04068a63,
00000913,
000ffa17,
18ca0a13,
0e078263,
00491793,
012787b3,
00279793,
01010713,
05078793,
00e787b3,
ff87d603,
00090593,
000a0513,
b9cff0ef,
00190913,
00042783,
01091913,
01095913,
fcf964e3,
03c12703,
00477713,
04070863,
00000913,
000ffa17,
150a0a13,
08078663,
00491793,
012787b3,
00279793,
01010713,
05078793,
00e787b3,
ffa7d603,
00090593,
000a0513,
b44ff0ef,
00190913,
00042783,
01091913,
01095913,
fcf964e3,
04078663,
00000913,
000ffa17,
11ca0a13,
00491793,
012787b3,
00279793,
01010713,
05078793,
00e787b3,
ff47d603,
00090593,
000a0513,
af8ff0ef,
00190913,
00042783,
01091913,
01095913,
fcf964e3,
0a098263,
09304863,
000ff517,
15c50513,
ad0ff0ef,
05e10513,
fe8ff0ef,
09c12083,
09812403,
09412483,
09012903,
08c12983,
08812a03,
08412a83,
08012b03,
07c12b83,
07812c03,
07412c83,
00000513,
0a010113,
00008067,
000a0693,
000d0593,
000ff517,
e9c50513,
a7cff0ef,
ffccd703,
00170713,
01071713,
01075713,
feec9e23,
bbdff06f,
07012d03,
06c12d83,
cf1ff06f,
00042783,
e79ff06f,
000ff517,
13450513,
a44ff0ef,
f75ff06f,
000ff517,
05050513,
a34ff0ef,
00c12703,
00300793,
f4f71ee3,
00042783,
03812503,
02f50533,
3a4050ef,
00050793,
00048513,
00058413,
00078493,
9d8ff0ef,
00050613,
00058693,
00048513,
00040593,
4d5030ef,
00050613,
00058693,
000ff797,
f0478793,
000ff717,
ed870713,
000ff517,
03450513,
9ccff0ef,
000ff597,
f3058593,
000ff517,
03c50513,
9b8ff0ef,
000ff517,
9e850513,
9acff0ef,
eddff06f,
000ff517,
e4c50513,
99cff0ef,
cfdff06f,
000ff517,
d1c50513,
98cff0ef,
00009a37,
0000e9b7,
d84a0a13,
3c198993,
00400793,
000a0c13,
74700a93,
74700b93,
00098b13,
00f12623,
a91ff06f,
000ff517,
c5450513,
954ff0ef,
00004a37,
00001ab7,
000039b7,
9bfa0a13,
199a8a93,
34098993,
00100793,
000a0c13,
000a8b93,
00098b13,
00f12623,
a55ff06f,
00006a37,
0000cab7,
0000d9b7,
000ff517,
bdc50513,
e47a0a13,
e52a8a93,
4b098993,
900ff0ef,
000a0c13,
000a8b93,
00098b13,
00012623,
a1dff06f,
40d006b3,
00e6f6b3,
00d606b3,
02d12623,
f38ff06f,
00000c93,
b69ff06f,
fe010113,
00812c23,
01212823,
01412423,
00112e23,
00912a23,
01312623,
00051483,
00058913,
00060413,
4074d793,
0017f793,
07f4fa13,
06079a63,
4034d713,
00f77713,
00471693,
00d705b3,
0074f613,
03845783,
00050993,
00058713,
14060863,
00100693,
0ed61663,
00078613,
02840513,
5e9000ef,
03c45783,
01051a13,
410a5a13,
16079463,
03845783,
02a41e23,
00078593,
07fa7a13,
f004f493,
7b4010ef,
009a64b3,
02a41c23,
0804e493,
00999023,
00091483,
4074d793,
0017f793,
07f4f993,
06079863,
4034d713,
00f77713,
00471693,
00d705b3,
0074f613,
03845783,
00058713,
08060a63,
00100693,
06d61e63,
00078613,
02840513,
569000ef,
03c45783,
01051993,
4109d993,
0e079863,
03845783,
02a41e23,
00078593,
07f9f993,
f004f493,
734010ef,
0099e4b3,
02a41c23,
0804e493,
00991023,
01c12083,
01812403,
413a0533,
01412483,
01012903,
00c12983,
00812a03,
02010113,
00008067,
01049513,
01055513,
00048a13,
f31ff06f,
01049513,
01055513,
00048993,
fa1ff06f,
02100693,
00b6e463,
02200713,
00241683,
00041603,
01442583,
01842503,
448010ef,
03e45783,
01051993,
4109d993,
04079a63,
03845783,
02a41f23,
f65ff06f,
02100693,
00b6e463,
02200713,
00241683,
00041603,
01442583,
01842503,
40c010ef,
03e45783,
01051a13,
410a5a13,
00079863,
03845783,
02a41f23,
ea9ff06f,
03845783,
ea1ff06f,
03845783,
f19ff06f,
fc010113,
03612023,
01712e23,
02112e23,
02812c23,
02912a23,
03212823,
03312623,
03412423,
03512223,
01812c23,
01912a23,
01a12823,
01b12623,
00451883,
02452403,
00050b13,
00058b93,
00058513,
45105063,
00000613,
00000813,
00000593,
00000493,
0ff67c93,
260bcc63,
42040863,
00040793,
00c0006f,
0007a783,
00078863,
0047a703,
00271703,
ff7718e3,
00000693,
0080006f,
00070413,
00042703,
00d42023,
00040693,
fe0718e3,
24078e63,
0047a703,
00071703,
00177693,
00068c63,
40975713,
00177713,
00e48733,
01071493,
0104d493,
0007a703,
00070c63,
00072683,
00d7a023,
00042783,
00f72023,
00e42023,
00158793,
01079593,
0105d593,
000bc863,
001b8b93,
010b9b93,
410bdb93,
00160613,
01061613,
41065613,
f4c898e3,
00259793,
410787b3,
00f484b3,
01049493,
0104d493,
26a04463,
00042783,
00040913,
0007a983,
0047a703,
0049a683,
00d7a223,
00e9a223,
0007a703,
00072703,
00e7a023,
0009a023,
0e0bca63,
00492783,
00279783,
01778c63,
00092903,
2e090863,
00492783,
00279783,
ff7798e3,
00442783,
00048593,
00079503,
4e8010ef,
00092903,
00050493,
fe0914e3,
00042903,
00492783,
0049a703,
00100e13,
00f9a223,
00092783,
00e92223,
00100f13,
00f9a023,
01392023,
10040a63,
00000693,
00000913,
00000e93,
001e8e93,
00040713,
00000793,
01c7d863,
00072703,
00178793,
fe071ae3,
00040613,
000e0593,
00070413,
02f05263,
06059063,
00060713,
00062603,
fff78793,
02068663,
00e6a023,
00070693,
fef042e3,
0ab05063,
0a040063,
02079e63,
00040713,
fff58593,
00042403,
fc069ee3,
00070913,
00070693,
fd9ff06f,
00092903,
20090a63,
00492783,
0007c783,
fefc98e3,
f25ff06f,
fa0402e3,
00462503,
00442803,
00051703,
01071893,
0108d893,
0088d893,
f0077713,
01176733,
00e51023,
00081703,
00281303,
01071893,
0108d893,
f0077713,
0088d893,
01176733,
00e81023,
00251703,
f4e35ce3,
00040713,
fff58593,
00042403,
f55ff06f,
f0041ae3,
0006a023,
07ee8463,
00090413,
001e1e13,
ee041ae3,
00002023,
00100073,
1a040e63,
00040793,
00c0006f,
0007a783,
d8078ee3,
0047a703,
00074703,
feec98e3,
d8dff06f,
00042783,
00180813,
01081813,
0047a783,
01085813,
00178783,
0017f793,
00f487b3,
01079493,
0104d493,
dcdff06f,
00092403,
02040063,
00492783,
00048593,
00079503,
330010ef,
00042403,
00050493,
fe0414e3,
03c12083,
03812403,
03012903,
02c12983,
02812a03,
02412a83,
02012b03,
01c12b83,
01812c03,
01412c83,
01012d03,
00c12d83,
00048513,
03412483,
04010113,
00008067,
00100a13,
f40400e3,
00000993,
00000a93,
00000c13,
001c0c13,
00040793,
00000913,
01495863,
0007a783,
00190913,
fe079ae3,
00040d93,
000a0d13,
00078413,
03205263,
040d1463,
000d8793,
000dad83,
fff90913,
02098663,
00f9a023,
00078993,
ff2042e3,
05a05863,
04040863,
02091263,
00040793,
fffd0d13,
00042403,
fc099ee3,
00078a93,
00078993,
fd9ff06f,
fa040ee3,
00442583,
004da503,
000b0613,
9e5ff0ef,
faa054e3,
00040793,
fffd0d13,
00042403,
fa5ff06f,
f60412e3,
0009a023,
00100793,
02fc0c63,
001a1a13,
000a8413,
f3dff06f,
00042903,
d2090ee3,
00442783,
00048593,
00079503,
200010ef,
00092903,
00050493,
d00910e3,
d19ff06f,
000a8413,
ca5ff06f,
00000493,
00000c93,
c95ff06f,
00002783,
00100073,
01400793,
02f55533,
00058713,
0005a023,
ffff87b7,
08078793,
01058813,
00060f93,
00858593,
ffe50513,
00351893,
011708b3,
01172223,
00089123,
00472683,
00251f13,
01e88f33,
00f69023,
00488613,
25187e63,
00888313,
00072683,
03e37863,
ffff87b7,
00b72023,
00d72423,
00c72623,
fff00693,
fff7c793,
00d89223,
00f89323,
00072683,
00030613,
00080593,
010f9393,
ffff82b7,
0103d393,
00000813,
fff2c293,
06050463,
00858e13,
071e7063,
00460e93,
21eef263,
01081313,
01035313,
007347b3,
00379793,
0787f793,
00737313,
00d5a023,
0067e7b3,
00b72023,
00879693,
00c5a223,
00d787b3,
00f61023,
00561123,
00180813,
00072683,
01050a63,
000e0593,
00858e13,
000e8613,
fb1e64e3,
00068793,
0006a683,
06068c63,
00500693,
000048b7,
02d55533,
00100613,
20000693,
fff88893,
0240006f,
00c81123,
0007a783,
10068693,
01069693,
0007a583,
00160613,
0106d693,
02058e63,
0047a803,
fca66ee3,
7006f593,
00cfc333,
0065e5b3,
0115f5b3,
00b81123,
0007a783,
10068693,
01069693,
0007a583,
00160613,
0106d693,
fc0596e3,
00100f13,
00000813,
00000513,
00000f93,
00100293,
001f8f93,
00070793,
00000693,
01e6d863,
0007a783,
00168693,
fe079ae3,
000f0593,
02d05263,
04059463,
00072603,
fff68693,
02080a63,
00e82023,
00070813,
00060713,
fed042e3,
08b05663,
08078a63,
02069263,
00070613,
fff58593,
00078713,
0007a783,
fc081ae3,
00070513,
fd1ff06f,
fa078ee3,
00472883,
0047a303,
00089603,
01061e13,
010e5e13,
008e5e13,
f0067613,
01c66633,
00c89023,
00031603,
00231e83,
01061e13,
010e5e13,
f0067613,
008e5e13,
01c66633,
00c31023,
00289603,
f6ced8e3,
00070613,
fff58593,
00078713,
0007a783,
f65ff06f,
00078663,
00078713,
f29ff06f,
00082023,
025f8263,
001f1f13,
02050063,
00050793,
00000813,
00000513,
00000f93,
00078713,
f01ff06f,
00008067,
00002023,
00100073,
00072683,
dddff06f,
00180813,
e50508e3,
00060e93,
00058e13,
e35ff06f,
fd010113,
02112623,
4a050a63,
02912223,
00151493,
01312e23,
01412c23,
01712623,
40a00a33,
00060b93,
01071993,
00960633,
03212023,
01512a23,
01612823,
02812423,
00068b13,
01812423,
00050893,
00058a93,
00070913,
0109d993,
00060693,
00000813,
002a1a13,
409685b3,
00058793,
0007d703,
00278793,
00e98733,
fee79f23,
fed798e3,
00180413,
414586b3,
00888663,
00040813,
fd5ff06f,
00000593,
00000893,
40960533,
00259693,
015686b3,
00050793,
00079703,
00468693,
00278793,
03270733,
fee6ae23,
fec796e3,
00188793,
008585b3,
41450633,
01088663,
00078893,
fc5ff06f,
414a8c33,
40800eb3,
fffff7b7,
00f96933,
000c0893,
00000513,
00000713,
00000613,
00000e13,
003e9e93,
01488333,
00030793,
0140006f,
01051513,
00478793,
41055513,
02f88e63,
00070693,
0007a703,
01051513,
01055513,
00e6a6b3,
00e60633,
00a50593,
00d50533,
fcc958e3,
01059513,
00478793,
41055513,
00000613,
fcf896e3,
001e0793,
41d308b3,
010e0663,
00078e13,
f9dff06f,
00000593,
59d000ef,
00050593,
009b08b3,
000a8813,
00000313,
00131693,
00082023,
00db86b3,
000b0793,
00000613,
00069703,
00079503,
00278793,
00268693,
02a70733,
00e60633,
00c82023,
fef892e3,
00480813,
00830333,
fd8812e3,
00000313,
00000513,
00000793,
00000693,
00000e13,
00231613,
00ca8633,
00000813,
0180006f,
01051513,
00180813,
41055513,
00460613,
04887063,
00078713,
00062783,
01051513,
01055513,
00f72733,
00f686b3,
00a50893,
00e50533,
fcd956e3,
01089513,
00180813,
41055513,
00000693,
00460613,
fc8864e3,
001e0e13,
00830333,
f88e6ce3,
4c9000ef,
00050593,
000a8f13,
000b8e93,
00000f93,
000b0313,
000f0893,
00000e13,
0008a023,
00030513,
000e8613,
00000693,
00000713,
00061783,
00051803,
00170713,
00260613,
030787b3,
00950533,
00f686b3,
00d8a023,
fe8760e3,
001e0e13,
00488893,
00230313,
fa8e6ee3,
001f8f93,
009e8eb3,
414f0f33,
fa8fe0e3,
00000313,
00000513,
00000793,
00000693,
00000e13,
00231613,
00ca8633,
00000813,
0180006f,
01051513,
00180813,
41055513,
00460613,
04887063,
00078713,
00062783,
01051513,
01055513,
00f72733,
00f686b3,
00a50893,
00e50533,
fcd956e3,
01089513,
00180813,
41055513,
00000693,
00460613,
fc8864e3,
001e0e13,
00830333,
f88e6ce3,
3d1000ef,
00050593,
000a8f13,
000b8e93,
00000f93,
000b0313,
000f0893,
00000e13,
0008a023,
00030813,
000e8513,
00000613,
00000693,
00081703,
00051783,
00168693,
00250513,
02e787b3,
00980833,
4027d713,
4057d793,
00f77713,
07f7f793,
02f707b3,
00f60633,
00c8a023,
fc86e6e3,
001e0e13,
00488893,
00230313,
fa8e64e3,
001f8f93,
009e8eb3,
414f0f33,
f88fe6e3,
00000313,
00000513,
00000793,
00000693,
00000e13,
00231613,
00ca8633,
00000813,
0180006f,
01051513,
00180813,
41055513,
00460613,
04887063,
00078713,
00062783,
01051513,
01055513,
00f72733,
00f686b3,
00a50893,
00e50533,
fcd956e3,
01089513,
00180813,
41055513,
00000693,
00460613,
fc8864e3,
001e0e13,
00830333,
f88e6ce3,
2c5000ef,
00000613,
00000593,
00161793,
00fb87b3,
00000693,
0007d703,
00278793,
00168693,
41370733,
fee79f23,
fe86e6e3,
00158593,
00860633,
fc85eae3,
02812403,
02c12083,
01051513,
02412483,
02012903,
01c12983,
01812a03,
01412a83,
01012b03,
00c12b83,
00812c03,
41055513,
03010113,
00008067,
00000593,
24d000ef,
00050593,
00000513,
241000ef,
00050593,
00000513,
235000ef,
00050593,
00000513,
229000ef,
02c12083,
01051513,
41055513,
03010113,
00008067,
ff010113,
00812423,
00112623,
00060413,
00852683,
00452603,
00058713,
00c52583,
00052503,
ae1ff0ef,
00040593,
00812403,
00c12083,
01010113,
1d90006f,
ff010113,
00912423,
01212223,
00050813,
00061463,
00100613,
00000793,
10080663,
00078513,
00178793,
02f78733,
00371713,
ff0768e3,
02a502b3,
fff58593,
ffc5f793,
00478493,
00050913,
00048e13,
00129293,
005483b3,
0c050663,
00812623,
01312023,
00010eb7,
00150313,
00151413,
00038f13,
00000f93,
00100713,
407e0e33,
fffe8e93,
00070993,
000f0813,
02e60633,
01071793,
0107d793,
010e08b3,
00280813,
00170713,
41f65593,
0105d593,
00b60633,
01d67633,
40b60633,
00c785b3,
01059593,
0105d593,
00f587b3,
feb81f23,
0ff7f793,
00f89023,
fa671ce3,
001f8f93,
01350733,
00a30333,
008f0f33,
f9f51ee3,
00c12403,
00012983,
005387b3,
fff78793,
ffc7f793,
00478793,
0096a223,
0126a023,
0076a423,
00f6a623,
00812483,
00412903,
01010113,
00008067,
00000293,
fcdff06f,
fff58593,
ffc5f393,
00438e13,
00812623,
01312023,
000e0493,
00638393,
fff00913,
00200293,
fff00513,
f11ff06f,
fff50813,
00100793,
2b07f063,
00158593,
01059713,
ff010113,
01075713,
00375793,
00812623,
00912423,
01212223,
00700893,
00777693,
00000593,
1f818393,
00400313,
20818293,
00100e13,
21818f93,
22818f13,
02c00e93,
0037f793,
09168463,
20d36c63,
ffd68693,
01069693,
0106d693,
00279793,
18de6663,
00ff87b3,
0007a683,
00170713,
01071713,
00958493,
01075713,
0704fa63,
00b607b3,
00d7e433,
00347413,
1e041863,
00168413,
40878433,
00343413,
1e041063,
0006a403,
00800593,
0087a023,
0046a683,
00d7a223,
00b785b3,
01d58023,
00375793,
00777693,
00048593,
0037f793,
f91690e3,
00279793,
00170713,
00f387b3,
01071713,
00958493,
0007a683,
01075713,
f904eae3,
0ea5f463,
00158693,
00068e13,
40b50733,
00d53eb3,
00100893,
16d57663,
fff70713,
00b607b3,
40f00333,
00673813,
00337713,
06081463,
060e9263,
16070463,
00078023,
00237313,
02030263,
00d606b3,
00068023,
00300793,
00258e13,
00f71863,
01c60e33,
000e0023,
00358e13,
40e886b3,
00e587b3,
00f607b3,
ffc6f813,
01078733,
0007a023,
00478793,
fef71ce3,
01c805b3,
04d80e63,
00158693,
00b607b3,
00078023,
04a6f663,
00d606b3,
00068023,
00258793,
02a7fe63,
00f607b3,
00078023,
00358793,
02a7f663,
00f607b3,
00078023,
00458793,
00a7fe63,
00f607b3,
00078023,
00558593,
00a5f663,
00b605b3,
00058023,
00c12403,
00812483,
00412903,
01010113,
00008067,
00170713,
00ff07b3,
01071713,
00558493,
0007a683,
00158413,
01075713,
ef04f4e3,
0006c903,
00b607b3,
00400593,
01278023,
0016c903,
00860433,
01240023,
0026c403,
00878123,
0036c403,
008781a3,
e6658ee3,
0046c403,
00800593,
00878223,
0056c403,
008782a3,
0066c403,
00878323,
0076c683,
00d783a3,
e55ff06f,
00279793,
00f287b3,
0007a683,
dfdff06f,
00070893,
e95ff06f,
0006c903,
00158413,
00800593,
01278023,
f91ff06f,
00058e13,
ec5ff06f,
00100693,
00060023,
00000593,
04a6f663,
00d606b3,
00068023,
00258793,
02a7fe63,
00f607b3,
00078023,
00358793,
02a7f663,
00f607b3,
00078023,
00458793,
00a7fe63,
00f607b3,
00078023,
00558593,
00a5f663,
00b605b3,
00058023,
00008067,
00052783,
00050813,
0007c703,
28070263,
02c00693,
00000513,
20d70a63,
02e00513,
22a70663,
1ce56a63,
fd570713,
0fd77713,
02070663,
0045a683,
0005a703,
00178793,
00168693,
00170713,
00d5a223,
00e5a023,
00100513,
00f82023,
00008067,
0005a703,
00178613,
00170713,
00e5a023,
0017c883,
26088663,
20d88663,
0085a683,
fd088713,
0ff77713,
00900313,
00168693,
00e37e63,
1ea88463,
00d5a423,
00278793,
00100513,
00f82023,
00008067,
00d5a423,
00164783,
00160613,
1e078263,
02c00713,
16e78463,
02e00713,
02e78863,
fd078793,
0ff7f793,
00900713,
fcf77ce3,
0105a703,
00160793,
00100513,
00170713,
00e5a823,
00f82023,
00008067,
0105a783,
00178793,
00f5a823,
0140006f,
fd078793,
0ff7f793,
00900713,
12f76263,
00164783,
00160613,
1a078a63,
02c00713,
14e78263,
0df7f713,
04500693,
fcd71ae3,
0145a703,
00160793,
00300513,
00170713,
00e5aa23,
00164703,
f00704e3,
02c00693,
14d70863,
00c5a783,
fd570713,
0fd77713,
00178793,
00f5a623,
00100513,
00260793,
ee0710e3,
00264703,
00260793,
00600513,
ec0708e3,
12d70463,
0185a683,
fd070713,
0ff77713,
00168693,
00900513,
00d5ac23,
00e57a63,
00360793,
00100513,
00f82023,
00008067,
00900613,
0017c683,
00078513,
02c00893,
fd068713,
00178793,
0ff77713,
0e068463,
0f168663,
fee670e3,
0045a703,
00250793,
00100513,
00170713,
00e5a223,
e61ff06f,
fd070713,
0ff77713,
00900613,
e2e668e3,
0005a703,
00178613,
00170713,
00e5a023,
0017c783,
06078e63,
ead790e3,
00060793,
00400513,
00178793,
e25ff06f,
0145a703,
00160793,
00100513,
00170713,
00e5aa23,
e0dff06f,
0005a703,
00178613,
00170713,
00e5a023,
0017c783,
06078863,
ecd792e3,
00060793,
00500513,
00178793,
de1ff06f,
00d5a423,
e99ff06f,
00060793,
00200513,
00178793,
dc9ff06f,
00000513,
dc1ff06f,
00060793,
00400513,
db5ff06f,
00300513,
00178793,
da9ff06f,
00600513,
00178793,
d9dff06f,
00700513,
d95ff06f,
00700513,
00178793,
d89ff06f,
00060793,
00500513,
d7dff06f,
00060793,
00200513,
d71ff06f,
f8010113,
06812c23,
06912a23,
07212823,
07312623,
07412423,
07512223,
07612023,
05712e23,
06112e23,
00058413,
0005c583,
00812623,
02012823,
00012823,
02012a23,
00012a23,
02012c23,
00012c23,
02012e23,
00012e23,
04012023,
02012023,
04012223,
02012223,
04012423,
02012423,
04012623,
02012623,
00050b13,
00060b93,
00068a13,
00070a93,
00078493,
03010913,
00c10993,
18058663,
00090593,
00098513,
c7dff0ef,
00251813,
05080793,
00278833,
00c12703,
fc082783,
00074703,
00178793,
fcf82023,
fc071ae3,
00812623,
01640b33,
03647c63,
00100713,
00040793,
02c00613,
0eea9263,
0007c703,
017746b3,
00c70463,
00d78023,
00178793,
ff67e6e3,
00044783,
00c10993,
10078863,
00090593,
00098513,
c0dff0ef,
00251613,
05060793,
00278633,
00c12703,
fc062783,
00074703,
00178793,
fcf62023,
fc071ae3,
00812623,
03647663,
00100793,
0afa9663,
00040713,
02c00613,
00074783,
0147c6b3,
00c78463,
00d70023,
00170713,
ff6766e3,
01010413,
00090993,
00042503,
00048593,
00440413,
108000ef,
00050593,
0009a503,
00498993,
0f8000ef,
00050493,
fd241ee3,
07c12083,
07812403,
07412483,
07012903,
06c12983,
06812a03,
06412a83,
06012b03,
05c12b83,
08010113,
00008067,
0007c703,
017746b3,
00c70463,
00d78023,
015787b3,
ff67e6e3,
00044783,
00c10993,
f20792e3,
00812623,
f7647ee3,
00040713,
02c00613,
00074783,
0147c6b3,
00c78463,
00d70023,
01570733,
ff6766e3,
f59ff06f,
00812623,
f36468e3,
f4dff06f,
00a40b33,
eb6468e3,
f41ff06f,
00500793,
04a7e263,
23818713,
00251513,
00e50533,
00052783,
00e787b3,
00078067,
4c01a503,
00008067,
4c81a503,
00008067,
4c41a503,
00008067,
4801a503,
00008067,
47c1a503,
00008067,
00000513,
00008067,
00b5050b,
00008067,
00050613,
00b5058b,
01065513,
00b5050b,
00008067,
00b5050b,
00008067,
00000513,
00008067,
00050813,
00460713,
ffc77713,
f8070513,
00050793,
deadc637,
eef60613,
00c7a023,
00478793,
fef71ce3,
f8d72223,
fab72423,
f9072023,
000087b7,
88078793,
f8f72423,
00008067,
000fe797,
4547a783,
00079663,
000fe797,
44a7a823,
000fe797,
44b7a223,
00100793,
000fe717,
42f72a23,
00008067,
30047573,
00008067,
30051073,
00008067,
00052103,
00812503,
30051073,
0a00006f,
f8010113,
00252023,
00112023,
00112223,
30002573,
00857513,
00050463,
08000513,
00a12423,
00412823,
00512a23,
00612c23,
00712e23,
02812023,
02912223,
02a12423,
02b12623,
02c12823,
02d12a23,
02e12c23,
02f12e23,
05012023,
05112223,
05212423,
05312623,
05412823,
05512a23,
05612c23,
05712e23,
07812023,
07912223,
07a12423,
07b12623,
07c12823,
07d12a23,
07e12c23,
07f12e23,
0005a103,
0040006f,
00012503,
34151073,
00412083,
000082b7,
80028293,
30029073,
00812503,
30052073,
01012203,
01412283,
01812303,
01c12383,
02012403,
02412483,
02812503,
02c12583,
03012603,
03412683,
03812703,
03c12783,
04012803,
04412883,
04812903,
04c12983,
05012a03,
05412a83,
05812b03,
05c12b83,
06012c03,
06412c83,
06812d03,
06c12d83,
07012e03,
07412e83,
07812f03,
07c12f83,
08010113,
30200073,
000fe517,
2e052503,
00008067,
ff010113,
00112623,
00812423,
e95ff0ef,
00050413,
000fe717,
2c070713,
00072783,
00178793,
00f72023,
308010ef,
04052783,
fff78793,
04f52023,
02079c63,
03c52783,
04f52023,
03454783,
0087e793,
02f50a23,
00040513,
e55ff0ef,
6fd000ef,
7c8010ef,
00c12083,
00812403,
01010113,
00008067,
00040513,
e35ff0ef,
fe5ff06f,
02054663,
3e800713,
02e547b3,
06400693,
02d787b3,
02e56533,
02d50533,
3e750513,
02e54533,
00f50533,
00008067,
fff00513,
00008067,
ff010113,
00112623,
a1cfd0ef,
00c12083,
01010113,
00008067,
ff010113,
00112623,
01400893,
00300813,
000027b7,
000fe717,
27870713,
00000693,
00000617,
fc860613,
000fd597,
54458593,
000fe517,
1e050513,
124010ef,
000fe517,
1d450513,
3d0010ef,
00c12083,
01010113,
00008067,
ff010113,
00112623,
d7dff0ef,
e99fc0ef,
279000ef,
091010ef,
42d000ef,
f91ff0ef,
099010ef,
104000ef,
5b1000ef,
00000513,
00c12083,
01010113,
00008067,
ff010113,
00112623,
fbdff0ef,
00000513,
00c12083,
01010113,
00008067,
01450713,
48418793,
0007a683,
00e6a223,
00d52a23,
00e7a023,
00f52c23,
00008067,
ff010113,
00112623,
00812423,
00912223,
48418793,
0007a403,
00000493,
02f40663,
fec40493,
ce9ff0ef,
00042703,
00442783,
00f72223,
00042703,
00e7a023,
00842223,
00842023,
cd1ff0ef,
00048513,
00c12083,
00812403,
00412483,
01010113,
00008067,
ff010113,
00112623,
00812423,
00912223,
01212023,
00100913,
0080006f,
02049463,
f81ff0ef,
00050413,
fe050ce3,
07052483,
331000ef,
ff2514e3,
00040513,
2d9000ef,
fddff06f,
00040513,
000480e7,
fd5ff06f,
fe010113,
00112e23,
00000613,
000fd597,
3ec58593,
00810513,
09d000ef,
02000893,
00700813,
40000793,
00100717,
0e870713,
00000693,
00000617,
f7c60613,
00810593,
00100517,
4d050513,
799000ef,
00100517,
4c450513,
244010ef,
01c12083,
02010113,
00008067,
ff010113,
00112623,
bf1ff0ef,
00100797,
5187c783,
00178793,
00100717,
50f70623,
be1ff0ef,
00c12083,
01010113,
00008067,
ff010113,
00112623,
bc1ff0ef,
00100797,
4e87c783,
fff78793,
00100717,
4cf70e23,
bb1ff0ef,
00c12083,
01010113,
00008067,
ff010113,
04087893,
2d418f13,
00088463,
2e818f13,
01087893,
02088863,
ffe87813,
02000293,
00287893,
04088663,
02064a63,
00487893,
02b00f93,
04089063,
00281f93,
020fff93,
0340006f,
00187893,
00088663,
03000293,
fd1ff06f,
02000293,
fc9ff06f,
40c00633,
02d00f93,
00000893,
00a00e93,
06c0006f,
00000f93,
fe0618e3,
03000693,
00d10023,
00100893,
00088313,
00f8d463,
00078313,
40670733,
01187693,
08069463,
060f8863,
16e05c63,
fff70693,
ffe70e13,
0cd05063,
00068713,
0600006f,
03d67333,
03d65633,
00188893,
01110e33,
006f0333,
00034303,
fe6e0fa3,
fa0608e3,
ffd680e3,
00f67313,
00465613,
fddff06f,
00150513,
00d50863,
feb57ce3,
00c50023,
ff1ff06f,
40ee0733,
00068513,
020f9063,
0700006f,
fff70e13,
0ee05c63,
00e506b3,
02000613,
fd5ff06f,
000f8a63,
00b57463,
01f50023,
fff70713,
00150513,
01087813,
02080e63,
411306b3,
00d506b3,
03000613,
0668c463,
00050693,
09105663,
08078463,
00088313,
00010513,
01150633,
00068793,
0600006f,
000e0713,
fb5ff06f,
00050693,
00e68533,
00e04c63,
fff70713,
00068513,
fb5ff06f,
00168693,
00a68863,
feb6fce3,
00568023,
ff1ff06f,
fff00713,
f99ff06f,
00150513,
fad502e3,
feb57ce3,
00c50023,
ff1ff06f,
00178793,
fff60613,
00a60a63,
feb7fae3,
fff64803,
01078023,
fe9ff06f,
006686b3,
00e68533,
02000793,
00e04c63,
00068513,
01010113,
00008067,
00168693,
fed50ae3,
feb6fce3,
00f68023,
ff1ff06f,
ffe70713,
f20f88e3,
000e0713,
f11ff06f,
fff70713,
f09ff06f,
00060c63,
00c50633,
00050793,
00178793,
feb78fa3,
fef61ce3,
00008067,
02060463,
00050793,
00158593,
00078693,
00178793,
fff5c703,
fee78fa3,
00070863,
fff60613,
fe0612e3,
00008067,
fff60713,
fe070ce3,
00c686b3,
00178793,
fe078fa3,
fed79ce3,
00008067,
fd010113,
02112623,
01512a23,
01612823,
01712623,
01812423,
00050b13,
00058b93,
00068c13,
00b50ab3,
00aaf663,
fff54b93,
fff00a93,
00064783,
000b0513,
4a078a63,
02812423,
02912223,
03212023,
01312e23,
01412c23,
02b00493,
02000913,
02300993,
03000a13,
0180006f,
00150513,
00060413,
00140613,
00144783,
46078263,
02500713,
00e78863,
ff5572e3,
00f50023,
fddff06f,
00000813,
02d00713,
00c0006f,
01086813,
00040613,
00160413,
00164783,
fee788e3,
00978c63,
01278e63,
03378063,
03479263,
00186813,
fddff06f,
00486813,
fd5ff06f,
00886813,
fcdff06f,
02086813,
fc5ff06f,
00078693,
fd078713,
00900593,
06e5f863,
02a00693,
fff00713,
08d78a63,
00044603,
02e00693,
fff00793,
0ad60263,
00044583,
0fb5f613,
06800693,
10d60a63,
00000593,
00044683,
02500613,
2cc68a63,
fa868613,
0ff67613,
30c96a63,
fa868693,
0ff6f613,
30c96463,
00261693,
25018613,
00c686b3,
0006a683,
00c686b3,
00068067,
00000713,
00900613,
00140413,
00271793,
00e787b3,
00179793,
00d787b3,
fd078713,
00044683,
fd068793,
fef670e3,
f75ff06f,
00260413,
004c0793,
000c2703,
00078c13,
f60750e3,
40e00733,
01086813,
f55ff06f,
00140693,
00144783,
00078593,
fd078893,
00900613,
01167c63,
02a00613,
04c78a63,
00068413,
00000793,
f39ff06f,
00000613,
00900893,
00168693,
00261793,
00c787b3,
00179793,
00b787b3,
fd078613,
0006c583,
fd058793,
fef8f0e3,
00060793,
fff64613,
41f65613,
00c7f7b3,
00068413,
ef5ff06f,
00240693,
000c2603,
004c0c13,
fddff06f,
00140413,
ef1ff06f,
00800693,
1e00006f,
01087813,
02080a63,
004c0793,
07557063,
000c4603,
00c50023,
00078c13,
00150793,
00100693,
26e6d463,
00070613,
00e50733,
02000693,
0480006f,
fff70693,
2ad05c63,
00d507b3,
02000713,
00c0006f,
00150513,
00a78863,
ff557ce3,
00e50023,
ff1ff06f,
00078513,
00000713,
fa1ff06f,
00078c13,
fadff06f,
00178793,
00f70863,
ff57fce3,
00d78023,
ff1ff06f,
00c50533,
da9ff06f,
004c0893,
000c2603,
04060063,
00000693,
04070263,
00d605b3,
0005c583,
00058663,
00168693,
fed718e3,
00f05663,
00d7d463,
00078693,
01087813,
02080263,
08d05463,
00d507b3,
0700006f,
000fd617,
86c60613,
fbdff06f,
00070693,
fd1ff06f,
fff70813,
04e6d063,
00070313,
00068593,
40d707b3,
00f507b3,
02000713,
00c0006f,
00150513,
00f50863,
ff557ce3,
00e50023,
ff1ff06f,
406585b3,
01058733,
00078513,
fa1ff06f,
00080713,
f99ff06f,
00150513,
00160613,
00f50c63,
ff557ae3,
00064583,
00b50023,
fe9ff06f,
00050793,
12e6de63,
40d706b3,
00d78533,
02000713,
00c0006f,
00178793,
00a78863,
ff57fce3,
00e78023,
ff1ff06f,
00088c13,
cb1ff06f,
01912223,
fff00693,
02d70263,
004c0c93,
01000693,
000c2603,
000a8593,
999ff0ef,
000c8c13,
00412c83,
c85ff06f,
00186813,
00800713,
fd9ff06f,
01557663,
02500793,
00f50023,
00150513,
c65ff06f,
04086813,
01000693,
06c00613,
06c58863,
06800613,
06c58a63,
000c2603,
004c0c13,
000a8593,
945ff0ef,
c39ff06f,
00286813,
00a00693,
fd5ff06f,
01557663,
02500793,
00f50023,
00150713,
00044783,
00078a63,
01577463,
00f500a3,
00250513,
c05ff06f,
fff40413,
00070513,
bf9ff06f,
00a00693,
f99ff06f,
01000693,
f91ff06f,
000c2603,
004c0c13,
f9dff06f,
004c0593,
000c2603,
00287893,
00089a63,
01061613,
01065613,
00058c13,
f7dff06f,
01061613,
41065613,
00058c13,
f6dff06f,
00078513,
ba5ff06f,
00088c13,
00078513,
b99ff06f,
02812403,
02412483,
02012903,
01c12983,
01812a03,
000b8663,
03557463,
00050023,
41650533,
02c12083,
01412a83,
01012b03,
00c12b83,
00812c03,
03010113,
00008067,
fe0a8fa3,
fddff06f,
00150513,
00078c13,
b45ff06f,
004c0793,
ff5578e3,
000c4603,
00068713,
d11ff06f,
ff010113,
00112623,
00060693,
00058613,
fff00593,
aa9ff0ef,
00c12083,
01010113,
00008067,
fc010113,
00112e23,
02c12423,
02d12623,
02e12823,
02f12a23,
03012c23,
03112e23,
02810613,
00c12623,
fb5ff0ef,
01c12083,
04010113,
00008067,
fc010113,
00112e23,
00812c23,
02b12223,
02c12423,
02d12623,
02e12823,
02f12a23,
03012c23,
03112e23,
02410693,
00d12623,
00050613,
0ff00593,
00100517,
c6850513,
a21ff0ef,
00050413,
00100517,
c5850513,
d68fc0ef,
00040513,
0ff00793,
0087f463,
0ff00513,
01c12083,
01812403,
04010113,
00008067,
ff010113,
00112623,
000fd517,
a9850513,
f7dff0ef,
000fd517,
a9850513,
f71ff0ef,
000fd797,
ab078793,
000fd717,
ab470713,
00100693,
00100613,
00400593,
000fd517,
aac50513,
f49ff0ef,
000fd517,
ac450513,
f3dff0ef,
00c12083,
01010113,
00008067,
40a007b3,
00a7f7b3,
02500713,
02e7f7b3,
2fc18713,
00f707b3,
0007c503,
00008067,
00050793,
48c1a703,
00e50e63,
49c1a703,
00000513,
00f70463,
00008067,
00100513,
0080006f,
00000513,
00451513,
48c18793,
00f50533,
00008067,
fe010113,
00112e23,
00812c23,
00912a23,
01212823,
01312623,
01412423,
00050493,
00058993,
00060a13,
00058513,
f9dff0ef,
00050913,
43c000ef,
00492783,
00490413,
00878663,
0007a783,
fe879ee3,
454000ef,
f809e993,
01348423,
00800613,
000a0593,
00048513,
889ff0ef,
9dcff0ef,
00c48793,
00492703,
00f72223,
00492703,
00e4a623,
00f92223,
0084a823,
9c4ff0ef,
01c12083,
01812403,
01412483,
01012903,
00c12983,
00812a03,
02010113,
00008067,
ff010113,
00112623,
00812423,
00050413,
00050423,
984ff0ef,
00c40793,
00c42683,
01042703,
00e6a223,
00c42683,
00d72023,
00f42823,
00f42623,
968ff0ef,
00c12083,
00812403,
01010113,
00008067,
00850503,
01f55513,
00008067,
00100797,
b6079c23,
00100797,
b7878793,
00100717,
bb070713,
00f7a223,
00f7a023,
00878793,
fee79ae3,
00100797,
b407aa23,
00008067,
ff010113,
00112623,
00812423,
00050413,
8fcff0ef,
00100797,
b2c7a783,
06878c63,
03444783,
ff87f713,
00176713,
02e40a23,
0087f793,
06078a63,
03544683,
01440713,
00369693,
00100797,
b0878793,
00d787b3,
0047a683,
00e6a023,
0047a683,
00d42c23,
00e7a223,
00f42a23,
00100717,
ae070713,
03842783,
00072683,
00d7e7b3,
00f72023,
894ff0ef,
00c12083,
00812403,
01010113,
00008067,
03444783,
ff87f793,
0037e793,
02f40a23,
fddff06f,
03544683,
01440713,
00369693,
00100797,
a9878793,
00d787b3,
0007a683,
00e6a223,
0007a683,
00d42a23,
00e7a023,
00f42c23,
f91ff06f,
ff010113,
00112623,
00812423,
00050413,
820ff0ef,
01440793,
01442683,
01842703,
00e6a223,
01442683,
00d72023,
00f42c23,
00f42a23,
03544783,
00379793,
00100717,
a3470713,
00e787b3,
0007a703,
00f70c63,
fe9fe0ef,
00c12083,
00812403,
01010113,
00008067,
00100717,
a0870713,
03842783,
fff7c793,
00072683,
00d7f7b3,
00f72023,
fd1ff06f,
ff010113,
00112623,
00812423,
00100517,
9dc52503,
cfdff0ef,
fff50513,
00351513,
00100797,
9cc78793,
00a787b3,
0007a403,
fec40513,
00100797,
9aa7a623,
f41ff0ef,
00300793,
02f40023,
00840513,
f71fe0ef,
00c12083,
00812403,
01010113,
00008067,
fe010113,
00112e23,
00812c23,
f41fe0ef,
00050413,
00100797,
97079783,
00079863,
00100517,
96852503,
00051e63,
00040513,
f25fe0ef,
01c12083,
01812403,
02010113,
00008067,
00912a23,
01212823,
01312623,
c61ff0ef,
fff50513,
00351713,
00100797,
93078793,
00e787b3,
0007a903,
fec90993,
00100497,
9104a483,
0344c783,
0077f693,
00300713,
04e68c63,
09348e63,
00100797,
8ea78823,
00100797,
8f37a623,
00098513,
e7dff0ef,
02094783,
ff87f793,
0037e793,
02f90023,
000ff797,
7c47c783,
08078c63,
00890593,
01c48513,
e59fe0ef,
01412483,
01012903,
00c12983,
f55ff06f,
0354c703,
02a76c63,
02a70663,
ff77f793,
02f48a23,
03348a63,
00100797,
88a78423,
00100797,
8937a223,
00048513,
d39ff0ef,
f91ff06f,
0087f713,
fc071ae3,
ff77f793,
02f48a23,
00048993,
00098513,
df5ff0ef,
00100717,
85472703,
03474783,
ff87f793,
0037e793,
02f70a23,
01412483,
01012903,
00c12983,
eddff06f,
00890593,
01c48513,
e11fe0ef,
00040513,
df1fe0ef,
01412483,
01012903,
00c12983,
ec1ff06f,
ff010113,
00112623,
dcdfe0ef,
00100717,
80070713,
00075783,
00178793,
00f71023,
dbdfe0ef,
00c12083,
01010113,
00008067,
ff010113,
00112623,
d9dfe0ef,
000ff717,
7d070713,
00075783,
fff78793,
01079793,
4107d793,
00f71023,
00f05a63,
d81fe0ef,
00c12083,
01010113,
00008067,
000ff797,
7a079023,
d69fe0ef,
000ff797,
7907a783,
fe0780e3,
e05ff0ef,
fd9ff06f,
ff010113,
00112623,
00812423,
00912223,
00050413,
d35fe0ef,
00050493,
ffe00793,
02f42823,
01440793,
01442683,
01842703,
00e6a223,
01442683,
00d72023,
00f42c23,
00f42a23,
00040513,
bf5ff0ef,
00048513,
d01fe0ef,
da9ff0ef,
00c12083,
00812403,
00412483,
01010113,
00008067,
ff010113,
00112623,
00812423,
00912223,
000ff417,
70042403,
cc5fe0ef,
00050493,
00040513,
c89ff0ef,
04440513,
3b0000ef,
00400793,
02f40a23,
00040513,
f75fe0ef,
00048513,
ca1fe0ef,
d49ff0ef,
00c12083,
00812403,
00412483,
01010113,
00008067,
fe010113,
00112e23,
00812c23,
00912a23,
01212823,
01312623,
01412423,
01512223,
01612023,
00050413,
00060b13,
00068a93,
00070913,
00078993,
00080a13,
00088493,
00058613,
00100593,
9f1ff0ef,
01440793,
00f42c23,
00f42a23,
03642023,
03542223,
03242423,
03342623,
00098613,
02300593,
00090513,
a94ff0ef,
02c42783,
ffc78793,
02842603,
00000697,
f1c68693,
00f60633,
02442583,
02042503,
b75fe0ef,
00a42e23,
03440aa3,
02042c23,
02942e23,
04942023,
02042823,
02040a23,
06042823,
06042a23,
00000793,
00000713,
00040693,
00000617,
e6860613,
00040593,
04440513,
220000ef,
00000513,
01c12083,
01812403,
01412483,
01012903,
00c12983,
00812a03,
00412a83,
00012b03,
02010113,
00008067,
000ff517,
5a452503,
00008067,
03454783,
0057f793,
00100713,
00e78663,
fff00513,
00008067,
ff010113,
00112623,
00812423,
00912223,
00050413,
b39fe0ef,
00050493,
00040513,
afdff0ef,
03444783,
ff87f793,
0027e793,
02f40a23,
04440513,
368000ef,
00048513,
b15fe0ef,
00000513,
00c12083,
00812403,
00412483,
01010113,
00008067,
fe010113,
00112e23,
00812c23,
00912a23,
01212823,
00a12623,
000ff417,
50c42403,
ad1fe0ef,
00050493,
02042823,
00040513,
f5dff0ef,
04440913,
00c10613,
00000593,
00090513,
36c000ef,
00090513,
204000ef,
00048513,
aa5fe0ef,
b4dff0ef,
03042703,
ffe00793,
02f70063,
03042503,
01c12083,
01812403,
01412483,
01012903,
02010113,
00008067,
02042823,
fe1ff06f,
ff010113,
00112623,
c39fe0ef,
f69ff0ef,
00c12083,
01010113,
00008067,
03454783,
0077f793,
00200713,
06e79863,
ff010113,
00112623,
00812423,
00912223,
00050413,
a25fe0ef,
00050493,
01440793,
01442683,
01842703,
00e6a223,
01442683,
00d72023,
00f42c23,
00f42a23,
04440513,
24c000ef,
00040513,
8e5ff0ef,
00048513,
9f1fe0ef,
00000513,
00c12083,
00812403,
00412483,
01010113,
00008067,
fff00513,
00008067,
ff010113,
00112623,
03554683,
00100713,
00d71733,
02e52c23,
00200713,
02e50a23,
f5dff0ef,
000ff797,
3d47a783,
00078463,
a49ff0ef,
00000513,
00c12083,
01010113,
00008067,
fe010113,
00112e23,
00812c23,
00912a23,
01212823,
01312623,
01412423,
00050413,
00060a13,
00068993,
00070913,
00078493,
00058613,
00a00593,
f04ff0ef,
ffe4f493,
009404a3,
01442e23,
03342023,
02042423,
03242223,
01440793,
00f42c23,
00f42a23,
01c12083,
01812403,
01412483,
01012903,
00c12983,
00812a03,
02010113,
00008067,
ff010113,
00112623,
00812423,
00050413,
8f1fe0ef,
01440793,
01442683,
01842703,
00e6a223,
01442683,
00d72023,
00f42c23,
00f42a23,
00944783,
ffe7f793,
00f404a3,
8c9fe0ef,
00040513,
f20ff0ef,
00000513,
00c12083,
00812403,
01010113,
00008067,
ff010113,
00112623,
00812423,
00912223,
01212023,
00050413,
889fe0ef,
00050913,
01440493,
01442703,
01842783,
00f72223,
01442703,
00e7a023,
00942c23,
00942a23,
00944783,
ffe7f793,
00f404a3,
9a9fe0ef,
02442783,
00f506b3,
02d42423,
000ff797,
2c878793,
0047a603,
02f60863,
800005b7,
ffe58593,
0080006f,
02c78063,
00078813,
0007a783,
0147a703,
fee688e3,
40d70733,
fee5e4e3,
00080613,
000ff717,
28870713,
00072783,
00178793,
00f72023,
00062783,
0097a223,
00062783,
00f42a23,
00962023,
00c42c23,
00944783,
0017e793,
00f404a3,
00090513,
fd4fe0ef,
00000513,
00c12083,
00812403,
00412483,
00012903,
01010113,
00008067,
00954783,
0017f793,
04078e63,
ff010113,
00112623,
00812423,
00050413,
f90fe0ef,
01440793,
01442683,
01842703,
00e6a223,
01442683,
00d72023,
00f42c23,
00f42a23,
00944783,
ffe7f793,
00f404a3,
f68fe0ef,
00000513,
00c12083,
00812403,
01010113,
00008067,
fff00513,
00008067,
ff010113,
00112623,
00812423,
00912223,
01212023,
00050493,
00058413,
00060913,
f20fe0ef,
00500793,
0287e263,
00241413,
32418713,
00e40433,
00042783,
00e787b3,
00078067,
0244a783,
00f92023,
efcfe0ef,
00000513,
00c12083,
00812403,
00412483,
00012903,
01010113,
00008067,
00092783,
02f4a223,
fd9ff06f,
0094c783,
ffd7f793,
00f484a3,
fc9ff06f,
0094c783,
0027e793,
00f484a3,
fb9ff06f,
0094c783,
0017f793,
00078863,
00100793,
00f92023,
fa1ff06f,
00092023,
f99ff06f,
0284a783,
00f92023,
f8dff06f,
fc010113,
02112e23,
02812c23,
02912a23,
01812c23,
00810793,
00f12623,
00f12423,
fb0fe0ef,
00050493,
e54fe0ef,
00050c13,
000ff797,
0d078793,
0007a403,
10f40e63,
03612023,
fec40b13,
01442783,
40f48533,
800007b7,
ffe78793,
12a7e063,
03212823,
03312623,
03412423,
03512223,
01712e23,
00810a13,
00300b93,
000ff997,
08898993,
00078a93,
0740006f,
00812783,
0097a223,
00f42023,
00912423,
01442223,
00842783,
00c42503,
000780e7,
f28fe0ef,
00050913,
00812783,
03478663,
00042703,
00442783,
00f72223,
00042703,
00e7a023,
00942223,
00942023,
ff544783,
0037f713,
05770863,
0009a403,
05340e63,
fec40b13,
01442783,
40f907b3,
08fae663,
00040493,
00042703,
00442783,
00f72223,
00042703,
00e7a023,
00842023,
ff544783,
0027f713,
f60716e3,
ffe7f793,
fef40aa3,
f61ff06f,
ffe7f793,
fef40aa3,
000b0513,
ca5ff0ef,
fa5ff06f,
03012903,
02c12983,
02812a03,
02412a83,
02012b03,
01c12b83,
000c0513,
d28fe0ef,
03c12083,
03812403,
03412483,
01812c03,
04010113,
00008067,
02012b03,
fddff06f,
03012903,
02c12983,
02812a03,
02412a83,
02012b03,
01c12b83,
fc1ff06f,
000ff797,
f6478793,
00f7a223,
00f7a023,
00008067,
00008067,
00100837,
fff80813,
fe010113,
00b878b3,
0145d713,
01d55793,
00d87833,
00912a23,
7ff77493,
00389713,
0146d893,
00381813,
01212823,
00e7e7b3,
7ff8f893,
01d65713,
00112e23,
00812c23,
01312623,
01f5d913,
01f6d693,
01076733,
00351513,
00361613,
41148833,
2ad91a63,
11005c63,
04089063,
00c766b3,
66068063,
fff80593,
02059063,
00c50633,
00a636b3,
00e78733,
00060513,
00d707b3,
00100493,
06c0006f,
7ff00693,
02d81063,
7ff00493,
1f80006f,
7ff00693,
1ed48863,
008006b7,
00d76733,
00080593,
03800693,
0ab6c863,
01f00693,
06b6ca63,
02000813,
40b80833,
010716b3,
00b658b3,
01061833,
0116e6b3,
01003833,
0106e6b3,
00b755b3,
00a68533,
00f585b3,
00d536b3,
00d587b3,
00879713,
18075c63,
00148493,
7ff00713,
5ae48a63,
ff800737,
fff70713,
00e7f733,
00155793,
00157513,
00a7e7b3,
01f71513,
00f56533,
00175793,
1640006f,
fe058693,
02000893,
00d756b3,
00000813,
01158863,
04000813,
40b80833,
01071833,
00c86833,
01003833,
0106e6b3,
00000593,
f85ff06f,
00c766b3,
00d036b3,
ff1ff06f,
0c080a63,
409886b3,
02049463,
00a7e5b3,
50058e63,
fff68593,
ee0584e3,
7ff00813,
03069263,
00070793,
00060513,
ef9ff06f,
7ff00593,
feb888e3,
008005b7,
00b7e7b3,
00068593,
03800693,
08b6c063,
01f00693,
04b6c263,
02000813,
40b80833,
010796b3,
00b55333,
01051833,
0066e6b3,
01003833,
0106e6b3,
00b7d5b3,
00c68633,
00e585b3,
00d636b3,
00060513,
00d587b3,
00088493,
ef5ff06f,
fe058693,
02000313,
00d7d6b3,
00000813,
00658863,
04000813,
40b80833,
01079833,
00a86833,
01003833,
0106e6b3,
00000593,
fb5ff06f,
00a7e6b3,
00d036b3,
ff1ff06f,
00148693,
7fe6f593,
08059663,
00a7e6b3,
06049263,
44068863,
00c766b3,
02068863,
00c50633,
00a636b3,
00e78733,
00d707b3,
00879713,
00060513,
00075a63,
ff800737,
fff70713,
00e7f7b3,
00100493,
00757713,
44070863,
00f57713,
00400693,
44d70263,
00450713,
00a736b3,
00d787b3,
00070513,
4300006f,
ec068ee3,
00c76633,
dc060ae3,
00000913,
004007b7,
00000513,
7ff00493,
4100006f,
7ff00593,
3cb68c63,
00c50633,
00a63533,
00e78733,
00a70733,
01f71513,
00165613,
00c56533,
00175793,
00068493,
f8dff06f,
0f005c63,
08089e63,
00c766b3,
3a068863,
fff80693,
02069063,
40c50633,
00c536b3,
40e78733,
00060513,
40d707b3,
00100493,
0540006f,
7ff00593,
d4b80ae3,
03800593,
0ad5c663,
01f00593,
06d5c863,
02000813,
40d80833,
00d658b3,
010715b3,
01061833,
0115e5b3,
01003833,
0105e633,
00d756b3,
40c50633,
00c53733,
40d786b3,
00060513,
40e687b3,
00879713,
f00750e3,
00800437,
fff40413,
0087f433,
00050993,
2100006f,
7ff00693,
eed482e3,
008006b7,
00d76733,
00080693,
f89ff06f,
fe068593,
02000893,
00b755b3,
00000813,
01168863,
04000813,
40d80833,
01071833,
00c86833,
01003833,
0105e633,
00000693,
f89ff06f,
00c76633,
00c03633,
ff1ff06f,
0e080863,
40988833,
04049263,
00a7e5b3,
2a058e63,
fff80593,
00059e63,
40a60533,
40f70733,
00a63633,
40c707b3,
00068913,
f05ff06f,
7ff00313,
02681463,
00070793,
00060513,
7ff00493,
0d00006f,
7ff00593,
feb886e3,
008005b7,
00b7e7b3,
00080593,
03800813,
08b84063,
01f00813,
04b84263,
02000313,
40b30333,
00b55e33,
00679833,
00651333,
01c86833,
00603333,
00686533,
00b7d5b3,
40a60533,
40b705b3,
00a63633,
40c587b3,
00088493,
00068913,
ee1ff06f,
fe058813,
02000e13,
0107d833,
00000313,
01c58863,
04000313,
40b30333,
00679333,
00a36333,
00603333,
00686533,
00000593,
fb5ff06f,
00a7e533,
00a03533,
ff1ff06f,
00148593,
7fe5f593,
08059663,
00a7e833,
00c765b3,
06049063,
00081c63,
10058e63,
00070793,
00060513,
00068913,
d75ff06f,
d60588e3,
40c50833,
010538b3,
40e785b3,
411585b3,
00859893,
0008dc63,
40a60533,
40f70733,
00a63633,
40c707b3,
fcdff06f,
00b86533,
18050463,
00058793,
00080513,
d31ff06f,
00081c63,
d4058ee3,
00070793,
00060513,
00068913,
b1dff06f,
b0058ce3,
d45ff06f,
40c505b3,
00b53833,
40e78433,
41040433,
00841813,
00058993,
08085063,
40a609b3,
40f70433,
01363633,
40c40433,
00068913,
06040e63,
00040513,
0f1010ef,
ff850693,
02000793,
40d787b3,
00d41433,
00f9d7b3,
0087e7b3,
00d99433,
0a96c463,
409686b3,
00168613,
01f00713,
06c74263,
02000713,
40c70733,
00e79533,
00c456b3,
00e41733,
00d56533,
00e03733,
00e56533,
00c7d7b3,
00000493,
c79ff06f,
0085e5b3,
f8059ae3,
00000493,
00000913,
08c0006f,
00098513,
079010ef,
01850693,
01f00793,
f8d7d2e3,
ff850793,
00f997b3,
f91ff06f,
fe168693,
00d7d533,
02000693,
00000713,
00d60863,
04000713,
40c70733,
00e79733,
00e46733,
00e03733,
00e56533,
00000793,
f95ff06f,
ff800737,
fff70713,
40d484b3,
00e7f7b3,
00040513,
bf9ff06f,
00070793,
00060513,
c5dff06f,
00070793,
00060513,
be1ff06f,
7ff00493,
00000793,
00000513,
0240006f,
00080493,
bc9ff06f,
00070793,
00060513,
00080493,
e41ff06f,
00000793,
00000913,
00879713,
00075e63,
00148493,
7ff00713,
08e48263,
ff800737,
fff70713,
00e7f7b3,
01d79693,
00355513,
7ff00713,
00a6e6b3,
0037d793,
00e49e63,
00f6e6b3,
00000793,
00068863,
000807b7,
00000693,
00000913,
01449713,
7ff00637,
00c79793,
00c77733,
01c12083,
01812403,
00c7d793,
00f767b3,
01f91713,
00e7e633,
01412483,
01012903,
00c12983,
00068513,
00060593,
02010113,
00008067,
00000793,
00000513,
f85ff06f,
fd010113,
0145d813,
02912223,
03212023,
01312e23,
01612823,
01712623,
00c59493,
02112623,
02812423,
01412c23,
01512a23,
7ff87813,
00050b13,
00060b93,
00068913,
00c4d493,
01f5d993,
0a080063,
7ff00793,
10f80063,
01d55a13,
00349493,
009a6a33,
008007b7,
00fa6a33,
00351413,
c0180a93,
00000b13,
01495713,
00c91493,
7ff77713,
00c4d493,
01f95913,
10070263,
7ff00793,
16f70663,
00349493,
01dbd793,
0097e7b3,
008004b7,
0097e4b3,
003b9f13,
c0170713,
00000793,
40ea8833,
002b1713,
00f76733,
fff70713,
00e00693,
0129c633,
16e6e463,
33c18693,
00271713,
00d70733,
00072703,
00d70733,
00070067,
00a4ea33,
060a0e63,
02048e63,
00048513,
630010ef,
ff550793,
01d00a13,
ff850713,
40fa0a33,
00e494b3,
014b5a33,
009a6a33,
00eb14b3,
c0d00813,
40a80ab3,
00048413,
f49ff06f,
5fc010ef,
00050a13,
015a0793,
01c00713,
02050513,
fcf750e3,
ff8a0a13,
014b1a33,
fd1ff06f,
00a4ea33,
020a1263,
00000413,
7ff00a93,
00200b13,
f11ff06f,
00000413,
00000a93,
00100b13,
f01ff06f,
00050413,
00048a13,
7ff00a93,
00300b13,
eedff06f,
0174ef33,
080f0263,
04048063,
00048513,
58c010ef,
ff550713,
01d00793,
ff850693,
40e787b3,
00d494b3,
00fbd7b3,
0097e7b3,
00db94b3,
c0d00713,
00048f13,
40a70733,
00078493,
ee1ff06f,
000b8513,
550010ef,
00050793,
01578713,
01c00693,
02050513,
fae6dce3,
ff878793,
00fb97b3,
fc9ff06f,
0174ef33,
020f1263,
00000493,
7ff00713,
00200793,
ea5ff06f,
00000493,
00000713,
00100793,
e95ff06f,
000b8f13,
7ff00713,
00300793,
e85ff06f,
0144e663,
349a1c63,
35e46a63,
01fa1693,
00145793,
01f41713,
001a5a13,
00f6e433,
00849893,
018f5593,
0115e5b3,
0108d893,
031a5eb3,
01059313,
01035313,
01045793,
008f1513,
031a7a33,
000e8693,
03d30e33,
010a1a13,
0147e7b3,
01c7fe63,
00f587b3,
fffe8693,
00b7e863,
01c7f663,
ffee8693,
00b787b3,
41c787b3,
0317df33,
01041413,
01045413,
0317f7b3,
000f0e13,
03e30eb3,
01079793,
00f467b3,
01d7fe63,
00f587b3,
ffff0e13,
00b7e863,
01d7f663,
ffef0e13,
00b787b3,
01069693,
00010437,
01c6e2b3,
fff40e13,
01c2f6b3,
0102df93,
01c57e33,
41d787b3,
01055e93,
02de03b3,
03cf84b3,
02de86b3,
00968f33,
0103d693,
01e686b3,
03df8fb3,
0096f463,
008f8fb3,
0106df13,
01ff0f33,
00010fb7,
ffff8f93,
01f6f6b3,
01069693,
01f3f3b3,
007686b3,
01e7e863,
00028493,
05e79863,
04d77663,
00a70fb3,
00efb3b3,
00b38433,
008787b3,
fff28493,
000f8713,
00f5e663,
02f59663,
02039463,
01e7e663,
02ff1063,
00dffe63,
01f50fb3,
000f8713,
00afbfb3,
00bf8fb3,
ffe28493,
01f787b3,
40d706b3,
41e787b3,
00d73733,
40e787b3,
fff00f13,
12f58663,
0317dfb3,
0106d713,
0317f7b3,
03f30f33,
01079793,
00f767b3,
000f8713,
01e7fe63,
00f587b3,
ffff8713,
00b7e863,
01e7f663,
ffef8713,
00b787b3,
41e787b3,
0317df33,
01069693,
0106d693,
0317f7b3,
000f0893,
03e30333,
01079793,
00f6e7b3,
0067fe63,
00f587b3,
ffff0893,
00b7e863,
0067f663,
ffef0893,
00b787b3,
01071693,
0116e6b3,
01069713,
01075713,
406787b3,
0106d313,
03c70f33,
03c30e33,
026e8333,
02ee8eb3,
010f5713,
01ce8eb3,
01d70733,
01c77663,
000108b7,
01130333,
01075893,
006888b3,
00010337,
fff30313,
00677733,
01071713,
006f7f33,
01e70733,
0117e863,
23179c63,
00068f13,
04070263,
00f587b3,
fff68f13,
00078313,
02b7e463,
0117e663,
21179a63,
02e57063,
ffe68f13,
00151693,
00a6b333,
00b30333,
00678333,
00068513,
01131463,
00a70463,
001f6f13,
3ff80713,
10e05263,
007f7793,
02078063,
00ff7793,
00400693,
00d78a63,
004f0793,
01e7b6b3,
00d484b3,
00078f13,
00749793,
0007da63,
ff0007b7,
fff78793,
00f4f4b3,
40080713,
7fe00793,
08e7ca63,
003f5f13,
01d49793,
01e7ef33,
0034d513,
00c51513,
02c12083,
02812403,
00c55513,
01471713,
00a76733,
01f61613,
00c767b3,
02412483,
02012903,
01c12983,
01812a03,
01412a83,
01012b03,
00c12b83,
000f0513,
00078593,
03010113,
00008067,
fff80813,
00000713,
cbdff06f,
00098613,
000a0493,
00040f13,
000b0793,
00300713,
0ee78863,
00100713,
0ee78e63,
00200713,
f2e794e3,
00000513,
00000f13,
7ff00713,
f75ff06f,
00090613,
fd5ff06f,
000804b7,
00000f13,
00000613,
00300793,
fc1ff06f,
00100513,
40e50533,
03800793,
0aa7cc63,
01f00793,
06a7c463,
41e80813,
010497b3,
00af5733,
010f1833,
00e7e7b3,
01003833,
0107e7b3,
00a4d533,
0077f713,
02070063,
00f7f713,
00400693,
00d70a63,
00478713,
00f736b3,
00d50533,
00070793,
00851713,
06074863,
01d51f13,
0037d793,
00ff6f33,
00355513,
00000713,
eddff06f,
fe100793,
40e787b3,
02000693,
00f4d7b3,
00000713,
00d50663,
43e80713,
00e49733,
01e76733,
00e03733,
00e7e7b3,
00000513,
f8dff06f,
00080537,
00000f13,
7ff00713,
00000613,
e95ff06f,
00000513,
00000f13,
fa9ff06f,
00000513,
00000f13,
00100713,
e79ff06f,
000f0693,
00068f13,
e0dff06f,
0146d793,
0145d893,
00100737,
fff70713,
00050813,
00050e13,
7ff8f893,
7ff7f513,
7ff00793,
00b77333,
00060e93,
00d77733,
01f5d593,
01f6d693,
00f89663,
010367b3,
06079c63,
7ff00793,
00f51663,
00c767b3,
06079463,
00000793,
00089663,
01036833,
00183793,
04051e63,
00c76633,
00078c63,
02060063,
00100513,
00069c63,
fff00513,
00008067,
04061063,
fff00513,
04058463,
00008067,
fea8c0e3,
fe6768e3,
00e31863,
ffcee4e3,
00000513,
ffde74e3,
00100513,
fe0590e3,
fc9ff06f,
ffe00513,
00008067,
fa079ae3,
fcb692e3,
fd1556e3,
fff00513,
fc0690e3,
00100513,
00008067,
0146d793,
0145d893,
00100737,
fff70713,
00050813,
00050e13,
7ff8f893,
7ff7f513,
7ff00793,
00b77333,
00060e93,
00d77733,
01f5d593,
01f6d693,
00f89663,
010367b3,
06079c63,
7ff00793,
00f51663,
00c767b3,
06079463,
00000793,
00089663,
01036833,
00183793,
04051e63,
00c76633,
00078c63,
02060063,
00100513,
00069c63,
fff00513,
00008067,
04061063,
fff00513,
04058463,
00008067,
fea8c0e3,
fe6768e3,
00e31863,
ffcee4e3,
00000513,
ffde74e3,
00100513,
fe0590e3,
fc9ff06f,
00200513,
00008067,
fa079ae3,
fcb692e3,
fd1556e3,
fff00513,
fc0690e3,
00100513,
00008067,
fd010113,
01512a23,
0145da93,
02812423,
02912223,
01312e23,
01412c23,
01612823,
00c59493,
02112623,
03212023,
01712623,
7ffafa93,
00050413,
00060b13,
00068993,
00c4d493,
01f5da13,
240a8e63,
7ff00793,
2cfa8063,
00349493,
01d55793,
0097e7b3,
008004b7,
0097e4b3,
00351913,
c01a8a93,
00000b93,
0149d713,
00c99413,
7ff77713,
00c45413,
01f9d993,
2c070063,
7ff00793,
32f70463,
00341413,
01db5793,
0087e7b3,
00800437,
0087e433,
c0170693,
003b1793,
00000713,
00da8ab3,
002b9693,
00e6e6b3,
00a00613,
001a8513,
40d64663,
00200613,
013a45b3,
30d64e63,
fff68693,
00100613,
32d67a63,
00010337,
fff30e13,
01095713,
0107d893,
01c97933,
01c7ff33,
03e907b3,
03e70eb3,
0107d813,
03288633,
01d60633,
00c80833,
031706b3,
01d87463,
006686b3,
01085293,
01c87833,
01c7f7b3,
01045613,
01c47e33,
01081813,
00f80833,
03c90eb3,
03c707b3,
03260933,
02c70333,
00f90933,
010ed713,
01270733,
00f77663,
000107b7,
00f30333,
00010437,
01075793,
fff40f93,
00678333,
01f777b3,
01fefeb3,
01079793,
01f4ffb3,
01d787b3,
0104de93,
03ff03b3,
00f282b3,
03ee8f33,
0103d713,
03d884b3,
03f888b3,
01e888b3,
01170733,
01e77463,
008484b3,
01075f13,
009f0f33,
000104b7,
fff48413,
00877733,
0083f3b3,
01071713,
007708b3,
03fe03b3,
03ce8e33,
03d60eb3,
03f60633,
0103df93,
01c60633,
00cf8fb3,
01cff463,
009e8eb3,
008ff733,
0083f3b3,
01071713,
005686b3,
00770733,
00670333,
00f6b7b3,
00f307b3,
00e33633,
011688b3,
0067b333,
00666633,
00d8b6b3,
01e78333,
00d306b3,
00f33733,
010fdf93,
0066b333,
00989793,
01f60633,
00676733,
00c70733,
0107e7b3,
01d70733,
00f037b3,
0178d893,
00971713,
0176d413,
0117e7b3,
00969693,
00d7e7b3,
00771693,
00876433,
0206d063,
0017d713,
0017f793,
00f76733,
01f41793,
00f767b3,
00145413,
00050a93,
000a8513,
18c0006f,
00a4e933,
08090063,
04048063,
00048513,
3e1000ef,
ff550713,
01d00793,
ff850693,
40e787b3,
00d494b3,
00f457b3,
0097e7b3,
00d414b3,
c0d00a93,
00048913,
40aa8ab3,
00078493,
d89ff06f,
3a9000ef,
00050793,
01578713,
01c00693,
02050513,
fae6dee3,
ff878793,
00f417b3,
fcdff06f,
00a4e933,
02091263,
00000493,
7ff00a93,
00200b93,
d51ff06f,
00000493,
00000a93,
00100b93,
d41ff06f,
00050913,
7ff00a93,
00300b93,
d31ff06f,
016467b3,
08078263,
04040063,
00040513,
33d000ef,
ff550693,
01d00713,
ff850793,
40d70733,
00f41433,
00eb5733,
00876733,
00fb1433,
c0d00693,
00040793,
40a686b3,
00070413,
d25ff06f,
000b0513,
301000ef,
00050793,
01578693,
01c00713,
02050513,
fad75ce3,
ff878793,
00fb1733,
fc9ff06f,
016467b3,
02079263,
00000413,
7ff00693,
00200713,
ce9ff06f,
00000413,
00000693,
00100713,
cd9ff06f,
000b0793,
7ff00693,
00300713,
cc9ff06f,
00100613,
00d61633,
53067693,
0e069663,
24067813,
1a081a63,
08867613,
cc060ce3,
00098593,
00200693,
18d70863,
00300693,
1ad70463,
00100693,
1ad70663,
3ff50613,
0cc05463,
0077f713,
02070063,
00f7f713,
00400693,
00d70a63,
00478713,
00f736b3,
00d40433,
00070793,
00741713,
00075a63,
ff000737,
fff70713,
00e47433,
40050613,
7fe00713,
12c74a63,
0037d793,
01d41693,
00f6e6b3,
00345713,
00c71713,
02c12083,
02812403,
01461613,
00c75713,
01f59593,
00e66633,
00b667b3,
02412483,
02012903,
01c12983,
01812a03,
01412a83,
01012b03,
00c12b83,
00068513,
00078593,
03010113,
00008067,
00f00613,
0ec68863,
00b00613,
000a0593,
f2c686e3,
00048413,
00090793,
000b8713,
f21ff06f,
00100713,
40c70733,
03800693,
0ce6c863,
01f00693,
06e6c463,
41e50513,
00e7d633,
00a416b3,
00a79533,
00c6e6b3,
00a03533,
00a6e7b3,
00e45733,
0077f693,
02068063,
00f7f693,
00400613,
00c68a63,
00478693,
00f6b633,
00c70733,
00068793,
00871693,
0806c463,
01d71693,
0037d793,
00f6e6b3,
00375713,
00000613,
f19ff06f,
fe100693,
40c686b3,
02000813,
00d456b3,
00000613,
01070663,
43e50613,
00c41633,
00f66633,
00c03633,
00c6e7b3,
00000713,
f8dff06f,
00000713,
00000693,
7ff00613,
ed5ff06f,
00080737,
7ff00613,
00000593,
ec5ff06f,
00080737,
00000693,
fedff06f,
00000713,
00000693,
f91ff06f,
00000713,
00000693,
00100613,
e9dff06f,
00100837,
fff80813,
fe010113,
00b878b3,
0145d713,
01d55793,
00d87833,
01212823,
7ff77913,
00389713,
0146d893,
00912a23,
00e7e7b3,
01f5d493,
01d65713,
00381813,
00112e23,
00812c23,
01312623,
7ff8f893,
7ff00593,
00351513,
01f6d693,
01076733,
00361613,
00b89663,
00c765b3,
00059463,
0016c693,
41190833,
2a969a63,
11005c63,
04089063,
00c766b3,
66068063,
fff80593,
02059063,
00c50633,
00a636b3,
00e78733,
00060513,
00d707b3,
00100913,
06c0006f,
7ff00693,
02d81063,
7ff00913,
1f80006f,
7ff00693,
1ed90863,
008006b7,
00d76733,
00080593,
03800693,
0ab6c863,
01f00693,
06b6ca63,
02000813,
40b80833,
010716b3,
00b658b3,
01061833,
0116e6b3,
01003833,
0106e6b3,
00b755b3,
00a68533,
00f585b3,
00d536b3,
00d587b3,
00879713,
18075c63,
00190913,
7ff00713,
5ae90a63,
ff800737,
fff70713,
00e7f733,
00155793,
00157513,
00a7e7b3,
01f71513,
00f56533,
00175793,
1640006f,
fe058693,
02000893,
00d756b3,
00000813,
01158863,
04000813,
40b80833,
01071833,
00c86833,
01003833,
0106e6b3,
00000593,
f85ff06f,
00c766b3,
00d036b3,
ff1ff06f,
0c080a63,
412886b3,
02091463,
00a7e5b3,
50058e63,
fff68593,
ee0584e3,
7ff00813,
03069263,
00070793,
00060513,
ef9ff06f,
7ff00593,
feb888e3,
008005b7,
00b7e7b3,
00068593,
03800693,
08b6c063,
01f00693,
04b6c263,
02000813,
40b80833,
010796b3,
00b55333,
01051833,
0066e6b3,
01003833,
0106e6b3,
00b7d5b3,
00c68633,
00e585b3,
00d636b3,
00060513,
00d587b3,
00088913,
ef5ff06f,
fe058693,
02000313,
00d7d6b3,
00000813,
00658863,
04000813,
40b80833,
01079833,
00a86833,
01003833,
0106e6b3,
00000593,
fb5ff06f,
00a7e6b3,
00d036b3,
ff1ff06f,
00190693,
7fe6f593,
08059663,
00a7e6b3,
06091263,
44068863,
00c766b3,
02068863,
00c50633,
00a636b3,
00e78733,
00d707b3,
00879713,
00060513,
00075a63,
ff800737,
fff70713,
00e7f7b3,
00100913,
00757713,
44070863,
00f57713,
00400693,
44d70263,
00450713,
00a736b3,
00d787b3,
00070513,
4300006f,
ec068ee3,
00c76633,
dc060ae3,
00000493,
004007b7,
00000513,
7ff00913,
4100006f,
7ff00593,
3cb68c63,
00c50633,
00a63533,
00e78733,
00a70733,
01f71513,
00165613,
00c56533,
00175793,
00068913,
f8dff06f,
0f005c63,
08089e63,
00c766b3,
3a068863,
fff80693,
02069063,
40c50633,
00c536b3,
40e78733,
00060513,
40d707b3,
00100913,
0540006f,
7ff00593,
d4b80ae3,
03800593,
0ad5c663,
01f00593,
06d5c863,
02000813,
40d80833,
00d658b3,
010715b3,
01061833,
0115e5b3,
01003833,
0105e633,
00d756b3,
40c50633,
00c53733,
40d786b3,
00060513,
40e687b3,
00879713,
f00750e3,
00800437,
fff40413,
0087f433,
00050993,
2100006f,
7ff00693,
eed902e3,
008006b7,
00d76733,
00080693,
f89ff06f,
fe068593,
02000893,
00b755b3,
00000813,
01168863,
04000813,
40d80833,
01071833,
00c86833,
01003833,
0105e633,
00000693,
f89ff06f,
00c76633,
00c03633,
ff1ff06f,
0e080863,
41288833,
04091263,
00a7e5b3,
2a058e63,
fff80593,
00059e63,
40a60533,
40f70733,
00a63633,
40c707b3,
00068493,
f05ff06f,
7ff00313,
02681463,
00070793,
00060513,
7ff00913,
0d00006f,
7ff00593,
feb886e3,
008005b7,
00b7e7b3,
00080593,
03800813,
08b84063,
01f00813,
04b84263,
02000313,
40b30333,
00b55e33,
00679833,
00651333,
01c86833,
00603333,
00686533,
00b7d5b3,
40a60533,
40b705b3,
00a63633,
40c587b3,
00088913,
00068493,
ee1ff06f,
fe058813,
02000e13,
0107d833,
00000313,
01c58863,
04000313,
40b30333,
00679333,
00a36333,
00603333,
00686533,
00000593,
fb5ff06f,
00a7e533,
00a03533,
ff1ff06f,
00190593,
7fe5f593,
08059663,
00c765b3,
00a7e833,
06091063,
00081c63,
10058e63,
00070793,
00060513,
00068493,
d75ff06f,
d60588e3,
40c50833,
010538b3,
40e785b3,
411585b3,
00859893,
0008dc63,
40a60533,
40f70733,
00a63633,
40c707b3,
fcdff06f,
00b86533,
18050463,
00058793,
00080513,
d31ff06f,
00081c63,
d4058ee3,
00070793,
00060513,
00068493,
b1dff06f,
b0058ce3,
d45ff06f,
40c505b3,
00b53833,
40e78433,
41040433,
00841813,
00058993,
08085063,
40a609b3,
40f70433,
01363633,
40c40433,
00068493,
06040e63,
00040513,
2c4000ef,
ff850693,
02000793,
40d787b3,
00d41433,
00f9d7b3,
0087e7b3,
00d99433,
0b26c463,
412686b3,
00168613,
01f00713,
06c74263,
02000713,
40c70733,
00e79533,
00c456b3,
00e41733,
00d56533,
00e03733,
00e56533,
00c7d7b3,
00000913,
c79ff06f,
0085e5b3,
f8059ae3,
00000913,
00000493,
08c0006f,
00098513,
24c000ef,
01850693,
01f00793,
f8d7d2e3,
ff850793,
00f997b3,
f91ff06f,
fe168693,
00d7d533,
02000693,
00000713,
00d60863,
04000713,
40c70733,
00e79733,
00e46733,
00e03733,
00e56533,
00000793,
f95ff06f,
ff800737,
fff70713,
40d90933,
00e7f7b3,
00040513,
bf9ff06f,
00070793,
00060513,
c5dff06f,
00070793,
00060513,
be1ff06f,
7ff00913,
00000793,
00000513,
0240006f,
00080913,
bc9ff06f,
00070793,
00060513,
00080913,
e41ff06f,
00000793,
00000493,
00879713,
00075e63,
00190913,
7ff00713,
08e90263,
ff800737,
fff70713,
00e7f7b3,
01d79693,
00355513,
7ff00713,
00a6e6b3,
0037d793,
00e91e63,
00f6e6b3,
00000793,
00068863,
000807b7,
00000693,
00000493,
01491713,
7ff00637,
00c79793,
00c77733,
01c12083,
01812403,
00c7d793,
00f767b3,
01f49713,
00e7e633,
01412483,
01012903,
00c12983,
00068513,
00060593,
02010113,
00008067,
00000793,
00000513,
f85ff06f,
0145d713,
00100837,
fff80793,
7ff77713,
3fe00613,
00b7f7b3,
00050693,
01f5d593,
04e65a63,
0015c613,
41e60613,
fff58513,
04c75463,
00000513,
04059063,
43300613,
40e60633,
01f00593,
0107e7b3,
00c5cc63,
bed70713,
00e797b3,
00c6d533,
00a7e533,
00008067,
41300693,
40e68733,
00e7d533,
00008067,
00000513,
00008067,
ff010113,
00812423,
00112623,
00050413,
06050263,
06c000ef,
41e00713,
00a00793,
40a70733,
04a7c063,
00b00793,
40a787b3,
01550513,
00f457b3,
00a41433,
00c12083,
00040513,
00c79793,
00812403,
01471713,
00c7d793,
00f766b3,
00068593,
01010113,
00008067,
ff550513,
00a417b3,
00000413,
fcdff06f,
00000793,
00000713,
fc1ff06f,
000107b7,
02f57863,
10053793,
0017b793,
00379793,
02000713,
40f70733,
00f55533,
37818793,
00a787b3,
0007c503,
40a70533,
00008067,
01000737,
01800793,
fce57ce3,
01000793,
fd1ff06f,
00000000,
00000000,
00000000,
00000000,
00000000,
00000000,
00000000,
00000000,
00000000,
00000000,
00000000,
00000000,
00000000,
00000000,
00000000,
00000000,
00000000,
00000000,
00000000,
00000000,
00000000,
00000000,
00000000,
00000000,
00000000,
00000000,
00000000,
00000000,
00000000,
00000000,
00000000,
00000000,
00000000,
00000000,
00000000,
00000000,
00000000,
00000000,
00000000,
00000000,
00000000,
00000000,
00000000,
00000000,
00000000,
00000000,
00000000,
00000000,
00000000,
00000000,
00000000,
00000000,
00000000,
00000000,
00000000,
00000000,
00000000,
00000000,
00000000,
00000000,
00000000,
00000000,
00000000,
00000000,
00000000,
00000000,
00000000,
00000000,
00000000,
00000000,
00000000,
00000000,
00000000,
00000000,
00000000,
00000000,
00000000,
00000000,
00000000,
00000000,
00000000,
00000000,
00000000,
00000000,
00000000,
00000000,
00000000,
00000000,
00000000,
00000000,
00000000,
00000000,
00000000,
00000000,
00000000,
00000000,
00000000,
00000000,
00000000,
00000000,
00000000,
00000000,
00000000,
00000000,
00000000,
00000000,
00000000,
00000000,
00000000,
00000000,
00000000,
00000000,
00000000,
00000000,
00000000,
00000000,
00000000,
00000000,
00000000,
00000000,
00000000,
00000000,
00000000,
00000000,
00000000,
00000000,
00000000,
00000000,
00000000,
00000000,
00000000,
00000000,
00000000,
00000000,
00000000,
00000000,
00000000,
00000000,
00000000,
00000000,
00000000,
00000000,
00000000,
00000000,
00000000,
00000000,
00000000,
00000000,
00000000,
00000000,
00000000,
00000000,
00000000,
00000000,
00000000,
00000000,
00000000,
00000000,
00000000,
00000000,
00000000,
00000000,
00000000,
00000000,
00000000,
00000000,
00000000,
00000000,
00000000,
00000000,
00000000,
00000000,
00000000,
00000000,
00000000,
00000000,
00000000,
00000000,
00000000,
00000000,
00000000,
00000000,
00000000,
00000000,
00000000,
00000000,
00000000,
00000000,
00000000,
00000000,
00000000,
00000000,
00000000,
00000000,
00000000,
00000000,
00000000,
00000000,
00000000,
00000000,
00000000,
00000000,
00000000,
00000000,
00000000,
00000000,
00000000,
00000000,
00000000,
00000000,
00000000,
00000000,
00000000,
00000000,
00000000,
00000000,
00000000,
00000000,
00000000,
00000000,
00000000,
00000000,
00000000,
00000000,
00000000,
00000000,
00000000,
00000000,
00000000,
00000000,
00000000,
00000000,
00000000,
00000000,
00000000,
00000000,
00000000,
00000000,
00000000,
00000000,
00000000,
00000000,
00000000,
00000000,
00000000,
00000000,
00000000,
00000000,
00000000,
00000000,
00000000,
00000000,
00000000,
00000000,
00000000,
00000000,
00000000,
00000000,
00000000,
00000000,
00000000,
00000000,
00000000,
00000000,
00000000,
00000000,
00000000,
00000000,
00000000,
00000000,
00000000,
00000000,
00000000,
00000000,
00000000,
00000000,
00000000,
00000000,
00000000,
00000000,
00000000,
00000000,
00000000,
00000000,
00000000,
00000000,
00000000,
00000000,
00000000,
00000000,
00000000,
00000000,
00000000,
00000000,
00000000,
00000000,
00000000,
00000000,
00000000,
00000000,
00000000,
00000000,
00000000,
00000000,
00000000,
00000000,
00000000,
00000000,
00000000,
00000000,
00000000,
00000000,
00000000,
00000000,
00000000,
00000000,
00000000,
00000000,
00000000,
00000000,
00000000,
00000000,
00000000,
00000000,
00000000,
00000000,
00000000,
00000000,
00000000,
00000000,
00000000,
00000000,
00000000,
00000000,
00000000,
00000000,
00000000,
00000000,
00000000,
00000000,
00000000,
00000000,
00000000,
00000000,
00000000,
00000000,
00000000,
00000000,
00000000,
00000000,
00000000,
00000000,
00000000,
00000000,
00000000,
00000000,
00000000,
00000000,
00000000,
00000000,
00000000,
00000000,
00000000,
00000000,
00000000,
00000000,
00000000,
00000000,
00000000,
00000000,
00000000,
00000000,
00000000,
00000000,
00000000,
00000000,
00000000,
00000000,
00000000,
00000000,
00000000,
00000000,
00000000,
00000000,
00000000,
00000000,
00000000,
00000000,
00000000,
00000000,
00000000,
00000000,
00000000,
00000000,
00000000,
00000000,
00000000,
00000000,
00000000,
00000000,
00000000,
00000000,
00000000,
00000000,
00000000,
00000000,
00000000,
00000000,
00000000,
00000000,
00000000,
00000000,
00000000,
00000000,
00000000,
00000000,
00000000,
00000000,
00000000,
00000000,
00000000,
00000000,
00000000,
00000000,
00000000,
00000000,
00000000,
00000000,
00000000,
00000000,
00000000,
00000000,
00000000,
00000000,
00000000,
00000000,
00000000,
00000000,
00000000,
00000000,
00000000,
00000000,
00000000,
00000000,
00000000,
00000000,
00000000,
00000000,
00000000,
00000000,
00000000,
00000000,
00000000,
00000000,
00000000,
00000000,
00000000,
00000000,
00000000,
00000000,
00000000,
00000000,
00000000,
00000000,
00000000,
00000000,
00000000,
00000000,
00000000,
00000000,
00000000,
00000000,
00000000,
00000000,
00000000,
00000000,
00000000,
00000000,
00000000,
00000000,
00000000,
00000000,
00000000,
00000000,
00000000,
00000000,
00000000,
00000000,
00000000,
00000000,
00000000,
00000000,
00000000,
00000000,
00000000,
00000000,
00000000,
00000000,
00000000,
00000000,
00000000,
00000000,
00000000,
00000000,
00000000,
00000000,
00000000,
00000000,
00000000,
00000000,
00000000,
00000000,
00000000,
00000000,
00000000,
00000000,
00000000,
00000000,
00000000,
00000000,
00000000,
00000000,
00000000,
00000000,
00000000,
00000000,
00000000,
00000000,
00000000,
00000000,
00000000,
00000000,
00000000,
00000000,
00000000,
00000000,
00000000,
00000000,
00000000,
00000000,
00000000,
00000000,
00000000,
00000000,
00000000,
00000000,
00000000,
00000000,
00000000,
00000000,
00000000,
00000000,
00000000,
00000000,
00000000,
00000000,
00000000,
00000000,
00000000,
00000000,
00000000,
00000000,
00000000,
00000000,
00000000,
00000000,
00000000,
00000000,
00000000,
00000000,
00000000,
00000000,
00000000,
00000000,
00000000,
00000000,
00000000,
00000000,
00000000,
00000000,
00000000,
00000000,
00000000,
00000000,
00000000,
00000000,
00000000,
00000000,
00000000,
00000000,
00000000,
00000000,
00000000,
00000000,
00000000,
00000000,
00000000,
00000000,
00000000,
00000000,
00000000,
00000000,
00000000,
00000000,
00000000,
00000000,
00000000,
00000000,
00000000,
00000000,
00000000,
00000000,
00000000,
00000000,
00000000,
00000000,
00000000,
00000000,
00000000,
00000000,
00000000,
00000000,
00000000,
00000000,
00000000,
00000000,
00000000,
00000000,
00000000,
00000000,
00000000,
00000000,
00000000,
00000000,
00000000,
00000000,
00000000,
00000000,
00000000,
00000000,
00000000,
00000000,
00000000,
00000000,
00000000,
00000000,
00000000,
00000000,
00000000,
00000000,
00000000,
00000000,
00000000,
00000000,
00000000,
00000000,
00000000,
00000000,
00000000,
00000000,
00000000,
00000000,
00000000,
00000000,
00000000,
00000000,
00000000,
00000000,
00000000,
00000000,
00000000,
00000000,
00000000,
00000000,
00000000,
00000000,
00000000,
00000000,
00000000,
00000000,
00000000,
00000000,
00000000,
00000000,
00000000,
00000000,
00000000,
00000000,
00000000,
00000000,
00000000,
00000000,
00000000,
00000000,
00000000,
00000000,
00000000,
00000000,
00000000,
00000000,
00000000,
00000000,
00000000,
00000000,
00000000,
00000000,
00000000,
00000000,
00000000,
00000000,
00000000,
00000000,
00000000,
00000000,
00000000,
00000000,
00000000,
00000000,
00000000,
00000000,
00000000,
00000000,
00000000,
00000000,
00000000,
00000000,
00000000,
00000000,
00000000,
00000000,
00000000,
00000000,
00000000,
00000000,
00000000,
00000000,
00000000,
00000000,
00000000,
00000000,
00000000,
00000000,
00000000,
00000000,
00000000,
00000000,
00000000,
00000000,
00000000,
00000000,
00000000,
00000000,
00000000,
00000000,
00000000,
00000000,
00000000,
00000000,
00000000,
00000000,
00000000,
00000000,
00000000,
00000000,
00000000,
00000000,
00000000,
00000000,
00000000,
00000000,
00000000,
00000000,
00000000,
00000000,
00000000,
00000000,
00000000,
00000000,
00000000,
00000000,
00000000,
00000000,
00000000,
00000000,
00000000,
00000000,
00000000,
00000000,
00000000,
00000000,
00000000,
00000000,
00000000,
00000000,
00000000,
00000000,
00000000,
00000000,
00000000,
00000000,
00000000,
00000000,
00000000,
00000000,
00000000,
00000000,
00000000,
00000000,
00000000,
00000000,
00000000,
00000000,
00000000,
00000000,
00000000,
00000000,
00000000,
00000000,
00000000,
00000000,
00000000,
00000000,
00000000,
00000000,
00000000,
00000000,
00000000,
00000000,
00000000,
00000000,
00000000,
00000000,
00000000,
00000000,
00000000,
00000000,
00000000,
00000000,
00000000,
00000000,
00000000,
00000000,
00000000,
00000000,
00000000,
00000000,
00000000,
00000000,
00000000,
00000000,
00000000,
00000000,
00000000,
00000000,
00000000,
00000000,
00000000,
00000000,
00000000,
00000000,
00000000,
00000000,
00000000,
00000000,
00000000,
00000000,
00000000,
00000000,
00000000,
00000000,
00000000,
00000000,
00000000,
00000000,
00000000,
00000000,
00000000,
00000000,
00000000,
00000000,
00000000,
00000000,
00000000,
00000000,
00000000,
00000000,
00000000,
00000000,
00000000,
00000000,
00000000,
00000000,
00000000,
00000000,
00000000,
00000000,
00000000,
00000000,
00000000,
00000000,
00000000,
00000000,
00000000,
00000000,
00000000,
00000000,
00000000,
00000000,
00000000,
00000000,
00000000,
00000000,
00000000,
00000000,
00000000,
00000000,
00000000,
00000000,
00000000,
00000000,
00000000,
00000000,
00000000,
00000000,
00000000,
00000000,
00000000,
00000000,
00000000,
00000000,
00000000,
00000000,
00000000,
00000000,
00000000,
00000000,
00000000,
00000000,
00000000,
00000000,
00000000,
00000000,
00000000,
00000000,
00000000,
00000000,
00000000,
00000000,
00000000,
00000000,
00000000,
00000000,
00000000,
00000000,
00000000,
00000000,
00000000,
00000000,
00000000,
00000000,
00000000,
00000000,
00000000,
00000000,
00000000,
00000000,
00000000,
00000000,
00000000,
00000000,
00000000,
00000000,
00000000,
00000000,
00000000,
00000000,
00000000,
00000000,
00000000,
00000000,
00000000,
00000000,
00000000,
00000000,
00000000,
00000000,
00000000,
00000000,
00000000,
00000000,
00000000,
00000000,
00000000,
00000000,
00000000,
00000000,
00000000,
00000000,
00000000,
00000000,
00000000,
00000000,
00000000,
00000000,
00000000,
00000000,
00000000,
00000000,
00000000,
00000000,
00000000,
00000000,
00000000,
00000000,
00000000,
00000000,
00000000,
00000000,
00000000,
00000000,
00000000,
00000000,
00000000,
00000000,
00000000,
00000000,
00000000,
00000000,
00000000,
00000000,
00000000,
00000000,
00000000,
00000000,
00000000,
00000000,
00000000,
00000000,
00000000,
00000000,
00000000,
00000000,
00000000,
00000000,
00000000,
00000000,
00000000,
00000000,
00000000,
00000000,
00000000,
00000000,
00000000,
00000000,
00000000,
00000000,
00000000,
00000000,
00000000,
00000000,
00000000,
00000000,
00000000,
00000000,
00000000,
00000000,
00000000,
00000000,
00000000,
00000000,
00000000,
00000000,
00000000,
00000000,
00000000,
00000000,
00000000,
00000000,
00000000,
00000000,
00000000,
00000000,
00000000,
00000000,
00000000,
00000000,
00000000,
00000000,
00000000,
00000000,
00000000,
00000000,
00000000,
00000000,
00000000,
00000000,
00000000,
00000000,
00000000,
00000000,
00000000,
00000000,
00000000,
00000000,
00000000,
00000000,
00000000,
00000000,
00000000,
00000000,
00000000,
00000000,
00000000,
00000000,
00000000,
00000000,
00000000,
00000000,
00000000,
00000000,
00000000,
00000000,
00000000,
00000000,
00000000,
00000000,
00000000,
00000000,
00000000,
00000000,
00000000,
00000000,
00000000,
00000000,
00000000,
00000000,
00000000,
00000000,
00000000,
00000000,
00000000,
00000000,
00000000,
00000000,
00000000,
00000000,
00000000,
00000000,
00000000,
00000000,
00000000,
00000000,
00000000,
00000000,
00000000,
00000000,
00000000,
00000000,
00000000,
00000000,
00000000,
00000000,
00000000,
00000000,
00000000,
00000000,
00000000,
00000000,
00000000,
00000000,
00000000,
00000000,
00000000,
00000000,
00000000,
00000000,
00000000,
00000000,
00000000,
00000000,
00000000,
00000000,
00000000,
00000000,
00000000,
00000000,
00000000,
00000000,
00000000,
00000000,
00000000,
00000000,
00000000,
00000000,
00000000,
00000000,
00000000,
00000000,
00000000,
00000000,
00000000,
00000000,
00000000,
00000000,
00000000,
00000000,
00000000,
00000000,
00000000,
00000000,
00000000,
00000000,
00000000,
00000000,
00000000,
00000000,
00000000,
00000000,
00000000,
00000000,
00000000,
00000000,
00000000,
00000000,
00000000,
00000000,
00000000,
00000000,
00000000,
00000000,
00000000,
00000000,
00000000,
00000000,
00000000,
00000000,
00000000,
00000000,
00000000,
00000000,
00000000,
00000000,
00000000,
00000000,
00000000,
00000000,
00000000,
00000000,
00000000,
00000000,
00000000,
00000000,
00000000,
00000000,
00000000,
00000000,
00000000,
00000000,
00000000,
00000000,
00000000,
00000000,
00000000,
00000000,
00000000,
00000000,
00000000,
00000000,
00000000,
00000000,
00000000,
00000000,
00000000,
00000000,
00000000,
00000000,
00000000,
00000000,
00000000,
00000000,
00000000,
00000000,
00000000,
00000000,
00000000,
00000000,
00000000,
00000000,
00000000,
00000000,
00000000,
00000000,
00000000,
00000000,
00000000,
00000000,
00000000,
00000000,
00000000,
00000000,
00000000,
00000000,
00000000,
00000000,
00000000,
00000000,
00000000,
00000000,
00000000,
00000000,
00000000,
00000000,
00000000,
00000000,
00000000,
00000000,
00000000,
00000000,
00000000,
00000000,
00000000,
00000000,
00000000,
00000000,
00000000,
00000000,
00000000,
00000000,
00000000,
00000000,
00000000,
00000000,
00000000,
00000000,
00000000,
00000000,
00000000,
00000000,
00000000,
00000000,
00000000,
00000000,
00000000,
00000000,
00000000,
00000000,
00000000,
00000000,
00000000,
00000000,
00000000,
00000000,
00000000,
00000000,
00000000,
00000000,
00000000,
00000000,
00000000,
00000000,
00000000,
00000000,
00000000,
00000000,
00000000,
00000000,
00000000,
00000000,
00000000,
00000000,
00000000,
00000000,
00000000,
00000000,
00000000,
00000000,
00000000,
00000000,
00000000,
00000000,
00000000,
00000000,
00000000,
00000000,
00000000,
00000000,
00000000,
00000000,
00000000,
00000000,
00000000,
00000000,
00000000,
00000000,
00000000,
00000000,
00000000,
00000000,
00000000,
00000000,
00000000,
00000000,
00000000,
00000000,
00000000,
00000000,
00000000,
00000000,
00000000,
00000000,
00000000,
00000000,
00000000,
00000000,
00000000,
00000000,
00000000,
00000000,
00000000,
00000000,
00000000,
00000000,
00000000,
00000000,
00000000,
00000000,
00000000,
00000000,
00000000,
00000000,
00000000,
00000000,
00000000,
00000000,
00000000,
00000000,
00000000,
00000000,
00000000,
00000000,
00000000,
00000000,
00000000,
00000000,
00000000,
00000000,
00000000,
00000000,
00000000,
00000000,
00000000,
00000000,
00000000,
00000000,
00000000,
00000000,
00000000,
00000000,
00000000,
00000000,
00000000,
00000000,
00000000,
00000000,
00000000,
00000000,
00000000,
00000000,
00000000,
00000000,
00000000,
00000000,
00000000,
00000000,
00000000,
00000000,
00000000,
00000000,
00000000,
00000000,
00000000,
00000000,
00000000,
00000000,
00000000,
00000000,
00000000,
00000000,
00000000,
00000000,
00000000,
00000000,
00000000,
00000000,
00000000,
00000000,
00000000,
00000000,
00000000,
00000000,
00000000,
00000000,
00000000,
00000000,
00000000,
00000000,
00000000,
00000000,
00000000,
00000000,
00000000,
00000000,
00000000,
00000000,
00000000,
00000000,
00000000,
00000000,
00000000,
00000000,
00000000,
00000000,
00000000,
00000000,
00000000,
00000000,
00000000,
00000000,
00000000,
00000000,
00000000,
00000000,
00000000,
00000000,
00000000,
00000000,
00000000,
00000000,
00000000,
00000000,
00000000,
00000000,
00000000,
00000000,
00000000,
00000000,
00000000,
00000000,
00000000,
00000000,
00000000,
00000000,
00000000,
00000000,
00000000,
00000000,
00000000,
00000000,
00000000,
00000000,
00000000,
00000000,
00000000,
00000000,
00000000,
00000000,
00000000,
00000000,
00000000,
00000000,
00000000,
00000000,
00000000,
00000000,
00000000,
00000000,
00000000,
00000000,
00000000,
00000000,
00000000,
00000000,
00000000,
00000000,
00000000,
00000000,
00000000,
00000000,
00000000,
00000000,
00000000,
00000000,
00000000,
00000000,
00000000,
00000000,
00000000,
00000000,
00000000,
00000000,
00000000,
00000000,
00000000,
00000000,
00000000,
00000000,
00000000,
00000000,
00000000,
00000000,
00000000,
00000000,
00000000,
00000000,
00000000,
00000000,
00000000,
00000000,
00000000,
00000000,
00000000,
00000000,
00000000,
00000000,
00000000,
00000000,
00000000,
00000000,
00000000,
00000000,
00000000,
00000000,
00000000,
00000000,
00000000,
00000000,
00000000,
00000000,
00000000,
00000000,
00000000,
00000000,
00000000,
00000000,
00000000,
00000000,
00000000,
00000000,
00000000,
00000000,
00000000,
00000000,
00000000,
00000000,
00000000,
00000000,
00000000,
00000000,
00000000,
00000000,
00000000,
00000000,
00000000,
00000000,
00000000,
00000000,
00000000,
00000000,
00000000,
00000000,
00000000,
00000000,
00000000,
00000000,
00000000,
00000000,
00000000,
00000000,
00000000,
00000000,
00000000,
00000000,
00000000,
00000000,
00000000,
00000000,
00000000,
00000000,
00000000,
00000000,
00000000,
00000000,
00000000,
00000000,
00000000,
00000000,
00000000,
00000000,
00000000,
00000000,
00000000,
00000000,
00000000,
00000000,
00000000,
00000000,
00000000,
00000000,
00000000,
00000000,
00000000,
00000000,
00000000,
00000000,
00000000,
00000000,
00000000,
00000000,
00000000,
00000000,
00000000,
00000000,
00000000,
00000000,
00000000,
00000000,
00000000,
00000000,
00000000,
00000000,
00000000,
00000000,
00000000,
00000000,
00000000,
00000000,
00000000,
00000000,
00000000,
00000000,
00000000,
00000000,
00000000,
00000000,
00000000,
00000000,
00000000,
00000000,
00000000,
00000000,
00000000,
00000000,
00000000,
00000000,
00000000,
00000000,
00000000,
00000000,
00000000,
00000000,
00000000,
00000000,
00000000,
00000000,
00000000,
00000000,
00000000,
00000000,
00000000,
00000000,
00000000,
00000000,
00000000,
00000000,
00000000,
00000000,
00000000,
00000000,
00000000,
00000000,
00000000,
00000000,
00000000,
00000000,
00000000,
00000000,
00000000,
00000000,
00000000,
00000000,
00000000,
00000000,
00000000,
00000000,
00000000,
00000000,
00000000,
00000000,
00000000,
00000000,
00000000,
00000000,
00000000,
00000000,
00000000,
00000000,
00000000,
00000000,
00000000,
00000000,
00000000,
00000000,
00000000,
00000000,
00000000,
00000000,
00000000,
00000000,
00000000,
00000000,
00000000,
00000000,
00000000,
00000000,
00000000,
00000000,
00000000,
00000000,
00000000,
00000000,
00000000,
00000000,
00000000,
00000000,
00000000,
00000000,
00000000,
00000000,
00000000,
00000000,
00000000,
00000000,
00000000,
00000000,
00000000,
00000000,
00000000,
00000000,
00000000,
00000000,
00000000,
00000000,
00000000,
00000000,
00000000,
00000000,
00000000,
00000000,
00000000,
00000000,
00000000,
00000000,
00000000,
00000000,
00000000,
00000000,
00000000,
00000000,
00000000,
00000000,
00000000,
00000000,
00000000,
00000000,
00000000,
00000000,
00000000,
00000000,
00000000,
00000000,
00000000,
00000000,
00000000,
00000000,
00000000,
00000000,
00000000,
00000000,
00000000,
00000000,
00000000,
00000000,
00000000,
00000000,
00000000,
00000000,
00000000,
00000000,
00000000,
00000000,
00000000,
00000000,
00000000,
00000000,
00000000,
00000000,
00000000,
00000000,
00000000,
00000000,
00000000,
00000000,
00000000,
00000000,
00000000,
00000000,
00000000,
00000000,
00000000,
00000000,
00000000,
00000000,
00000000,
00000000,
00000000,
00000000,
00000000,
00000000,
00000000,
00000000,
00000000,
00000000,
00000000,
00000000,
00000000,
00000000,
00000000,
00000000,
00000000,
00000000,
00000000,
00000000,
00000000,
00000000,
00000000,
00000000,
00000000,
00000000,
00000000,
00000000,
00000000,
00000000,
00000000,
00000000,
00000000,
00000000,
00000000,
00000000,
00000000,
00000000,
00000000,
00000000,
00000000,
00000000,
00000000,
00000000,
00000000,
00000000,
00000000,
00000000,
00000000,
00000000,
00000000,
00000000,
00000000,
00000000,
00000000,
00000000,
00000000,
00000000,
00000000,
00000000,
00000000,
00000000,
00000000,
00000000,
00000000,
00000000,
00000000,
00000000,
00000000,
00000000,
00000000,
00000000,
00000000,
00000000,
00000000,
00000000,
00000000,
00000000,
00000000,
00000000,
00000000,
00000000,
00000000,
00000000,
00000000,
00000000,
00000000,
00000000,
00000000,
00000000,
00000000,
00000000,
00000000,
00000000,
00000000,
00000000,
00000000,
00000000,
00000000,
00000000,
00000000,
00000000,
00000000,
00000000,
00000000,
00000000,
00000000,
00000000,
00000000,
00000000,
00000000,
00000000,
00000000,
00000000,
00000000,
00000000,
00000000,
00000000,
00000000,
00000000,
00000000,
00000000,
00000000,
00000000,
00000000,
00000000,
00000000,
00000000,
00000000,
00000000,
00000000,
00000000,
00000000,
00000000,
00000000,
00000000,
00000000,
00000000,
00000000,
00000000,
00000000,
00000000,
00000000,
00000000,
00000000,
00000000,
00000000,
00000000,
00000000,
00000000,
00000000,
00000000,
00000000,
00000000,
00000000,
00000000,
00000000,
00000000,
00000000,
00000000,
00000000,
00000000,
00000000,
00000000,
00000000,
00000000,
00000000,
00000000,
00000000,
00000000,
00000000,
00000000,
00000000,
00000000,
00000000,
00000000,
00000000,
00000000,
00000000,
00000000,
00000000,
00000000,
00000000,
00000000,
00000000,
00000000,
00000000,
00000000,
00000000,
00000000,
00000000,
00000000,
00000000,
00000000,
00000000,
00000000,
00000000,
00000000,
00000000,
00000000,
00000000,
00000000,
00000000,
00000000,
00000000,
00000000,
00000000,
00000000,
00000000,
00000000,
00000000,
00000000,
00000000,
00000000,
00000000,
00000000,
00000000,
00000000,
00000000,
00000000,
00000000,
00000000,
00000000,
00000000,
00000000,
00000000,
00000000,
00000000,
00000000,
00000000,
00000000,
00000000,
00000000,
00000000,
00000000,
00000000,
00000000,
00000000,
00000000,
00000000,
00000000,
00000000,
00000000,
00000000,
00000000,
00000000,
00000000,
00000000,
00000000,
00000000,
00000000,
00000000,
00000000,
00000000,
00000000,
00000000,
00000000,
00000000,
00000000,
00000000,
00000000,
00000000,
00000000,
00000000,
00000000,
00000000,
00000000,
00000000,
00000000,
00000000,
00000000,
00000000,
00000000,
00000000,
00000000,
00000000,
00000000,
00000000,
00000000,
00000000,
00000000,
00000000,
00000000,
00000000,
00000000,
00000000,
00000000,
00000000,
00000000,
00000000,
00000000,
00000000,
00000000,
00000000,
00000000,
00000000,
00000000,
00000000,
00000000,
00000000,
00000000,
00000000,
00000000,
00000000,
00000000,
00000000,
00000000,
00000000,
00000000,
00000000,
00000000,
00000000,
00000000,
00000000,
00000000,
00000000,
00000000,
00000000,
00000000,
00000000,
00000000,
00000000,
00000000,
00000000,
00000000,
00000000,
00000000,
00000000,
00000000,
00000000,
00000000,
00000000,
00000000,
00000000,
00000000,
00000000,
00000000,
00000000,
00000000,
00000000,
00000000,
00000000,
00000000,
00000000,
00000000,
00000000,
00000000,
00000000,
00000000,
00000000,
00000000,
00000000,
00000000,
00000000,
00000000,
00000000,
00000000,
00000000,
00000000,
00000000,
00000000,
00000000,
00000000,
00000000,
00000000,
00000000,
00000000,
00000000,
00000000,
00000000,
00000000,
00000000,
00000000,
00000000,
00000000,
00000000,
00000000,
00000000,
00000000,
00000000,
00000000,
00000000,
00000000,
00000000,
00000000,
00000000,
00000000,
00000000,
00000000,
00000000,
00000000,
00000000,
00000000,
00000000,
00000000,
00000000,
00000000,
00000000,
00000000,
00000000,
00000000,
00000000,
00000000,
00000000,
00000000,
00000000,
00000000,
00000000,
00000000,
00000000,
00000000,
00000000,
00000000,
00000000,
00000000,
00000000,
00000000,
00000000,
00000000,
00000000,
00000000,
00000000,
00000000,
00000000,
00000000,
00000000,
00000000,
00000000,
00000000,
00000000,
00000000,
00000000,
00000000,
00000000,
00000000,
00000000,
00000000,
00000000,
00000000,
00000000,
00000000,
00000000,
00000000,
00000000,
00000000,
00000000,
00000000,
00000000,
00000000,
00000000,
00000000,
00000000,
00000000,
00000000,
00000000,
00000000,
00000000,
00000000,
00000000,
00000000,
00000000,
00000000,
00000000,
00000000,
00000000,
00000000,
00000000,
00000000,
00000000,
00000000,
00000000,
00000000,
00000000,
00000000,
00000000,
00000000,
00000000,
00000000,
00000000,
00000000,
00000000,
00000000,
00000000,
00000000,
00000000,
00000000,
00000000,
00000000,
00000000,
00000000,
00000000,
00000000,
00000000,
00000000,
00000000,
00000000,
00000000,
00000000,
00000000,
00000000,
00000000,
00000000,
00000000,
00000000,
00000000,
00000000,
00000000,
00000000,
00000000,
00000000,
00000000,
00000000,
00000000,
00000000,
00000000,
00000000,
00000000,
00000000,
00000000,
00000000,
00000000,
00000000,
00000000,
00000000,
00000000,
00000000,
00000000,
00000000,
00000000,
00000000,
00000000,
00000000,
00000000,
00000000,
00000000,
00000000,
00000000,
00000000,
00000000,
00000000,
00000000,
00000000,
00000000,
00000000,
00000000,
00000000,
00000000,
00000000,
00000000,
00000000,
00000000,
00000000,
00000000,
00000000,
00000000,
00000000,
00000000,
00000000,
00000000,
00000000,
00000000,
00000000,
00000000,
00000000,
00000000,
00000000,
00000000,
00000000,
00000000,
00000000,
00000000,
00000000,
00000000,
00000000,
00000000,
00000000,
00000000,
00000000,
00000000,
00000000,
00000000,
00000000,
00000000,
00000000,
00000000,
00000000,
00000000,
00000000,
00000000,
00000000,
00000000,
00000000,
00000000,
00000000,
00000000,
00000000,
00000000,
00000000,
00000000,
00000000,
00000000,
00000000,
00000000,
00000000,
00000000,
00000000,
00000000,
00000000,
00000000,
00000000,
00000000,
00000000,
00000000,
00000000,
00000000,
00000000,
00000000,
00000000,
00000000,
00000000,
00000000,
00000000,
00000000,
00000000,
00000000,
00000000,
00000000,
00000000,
00000000,
00000000,
00000000,
00000000,
00000000,
00000000,
00000000,
00000000,
00000000,
00000000,
00000000,
00000000,
00000000,
00000000,
00000000,
00000000,
00000000,
00000000,
00000000,
00000000,
00000000,
00000000,
00000000,
00000000,
00000000,
00000000,
00000000,
00000000,
00000000,
00000000,
00000000,
00000000,
00000000,
00000000,
00000000,
00000000,
00000000,
00000000,
00000000,
00000000,
00000000,
00000000,
00000000,
00000000,
00000000,
00000000,
00000000,
00000000,
00000000,
00000000,
00000000,
00000000,
00000000,
00000000,
00000000,
00000000,
00000000,
00000000,
00000000,
00000000,
00000000,
00000000,
00000000,
00000000,
00000000,
00000000,
00000000,
00000000,
00000000,
00000000,
00000000,
00000000,
00000000,
00000000,
00000000,
00000000,
00000000,
00000000,
00000000,
00000000,
00000000,
00000000,
00000000,
00000000,
00000000,
00000000,
00000000,
00000000,
00000000,
00000000,
00000000,
00000000,
00000000,
00000000,
00000000,
00000000,
00000000,
00000000,
00000000,
00000000,
00000000,
00000000,
00000000,
00000000,
00000000,
00000000,
00000000,
00000000,
00000000,
00000000,
00000000,
00000000,
00000000,
00000000,
00000000,
00000000,
00000000,
00000000,
00000000,
00000000,
00000000,
00000000,
00000000,
00000000,
00000000,
00000000,
00000000,
00000000,
00000000,
00000000,
00000000,
00000000,
00000000,
00000000,
00000000,
00000000,
00000000,
00000000,
00000000,
00000000,
00000000,
00000000,
00000000,
00000000,
00000000,
00000000,
00000000,
00000000,
00000000,
00000000,
00000000,
00000000,
00000000,
00000000,
00000000,
00000000,
00000000,
00000000,
00000000,
00000000,
00000000,
00000000,
00000000,
00000000,
00000000,
00000000,
00000000,
00000000,
00000000,
00000000,
00000000,
00000000,
00000000,
00000000,
00000000,
00000000,
00000000,
00000000,
00000000,
00000000,
00000000,
00000000,
00000000,
00000000,
00000000,
00000000,
00000000,
00000000,
00000000,
00000000,
00000000,
00000000,
00000000,
00000000,
00000000,
00000000,
00000000,
00000000,
00000000,
00000000,
00000000,
00000000,
00000000,
00000000,
00000000,
00000000,
00000000,
00000000,
00000000,
00000000,
00000000,
00000000,
00000000,
00000000,
00000000,
00000000,
00000000,
00000000,
00000000,
00000000,
00000000,
00000000,
00000000,
00000000,
00000000,
00000000,
00000000,
00000000,
00000000,
00000000,
00000000,
00000000,
00000000,
00000000,
00000000,
00000000,
00000000,
00000000,
00000000,
00000000,
00000000,
00000000,
00000000,
00000000,
00000000,
00000000,
00000000,
00000000,
00000000,
00000000,
00000000,
00000000,
00000000,
00000000,
00000000,
00000000,
00000000,
00000000,
00000000,
00000000,
00000000,
00000000,
00000000,
00000000,
00000000,
00000000,
00000000,
00000000,
00000000,
00000000,
00000000,
00000000,
00000000,
00000000,
00000000,
00000000,
00000000,
00000000,
00000000,
00000000,
00000000,
00000000,
00000000,
00000000,
00000000,
00000000,
00000000,
00000000,
00000000,
00000000,
00000000,
00000000,
00000000,
00000000,
00000000,
00000000,
00000000,
00000000,
00000000,
00000000,
00000000,
00000000,
00000000,
00000000,
00000000,
00000000,
00000000,
00000000,
00000000,
00000000,
00000000,
00000000,
00000000,
00000000,
00000000,
00000000,
00000000,
00000000,
00000000,
00000000,
00000000,
00000000,
00000000,
00000000,
00000000,
00000000,
00000000,
00000000,
00000000,
00000000,
00000000,
00000000,
00000000,
00000000,
00000000,
00000000,
00000000,
00000000,
00000000,
00000000,
00000000,
00000000,
00000000,
00000000,
00000000,
00000000,
00000000,
00000000,
00000000,
00000000,
00000000,
00000000,
00000000,
00000000,
00000000,
00000000,
00000000,
00000000,
00000000,
00000000,
00000000,
00000000,
00000000,
00000000,
00000000,
00000000,
00000000,
00000000,
00000000,
00000000,
00000000,
00000000,
00000000,
00000000,
00000000,
00000000,
00000000,
00000000,
00000000,
00000000,
00000000,
00000000,
00000000,
00000000,
00000000,
00000000,
00000000,
00000000,
00000000,
00000000,
00000000,
00000000,
00000000,
00000000,
00000000,
00000000,
00000000,
00000000,
00000000,
00000000,
00000000,
00000000,
00000000,
00000000,
00000000,
00000000,
00000000,
00000000,
00000000,
00000000,
00000000,
00000000,
00000000,
00000000,
00000000,
00000000,
00000000,
00000000,
00000000,
00000000,
00000000,
00000000,
00000000,
00000000,
00000000,
00000000,
00000000,
00000000,
00000000,
00000000,
00000000,
00000000,
00000000,
00000000,
00000000,
00000000,
00000000,
00000000,
00000000,
00000000,
00000000,
00000000,
00000000,
00000000,
00000000,
00000000,
00000000,
00000000,
00000000,
00000000,
00000000,
00000000,
00000000,
00000000,
00000000,
00000000,
00000000,
00000000,
00000000,
00000000,
00000000,
00000000,
00000000,
00000000,
00000000,
00000000,
00000000,
00000000,
00000000,
00000000,
00000000,
00000000,
00000000,
00000000,
00000000,
00000000,
00000000,
00000000,
00000000,
00000000,
00000000,
00000000,
00000000,
00000000,
00000000,
00000000,
00000000,
00000000,
00000000,
00000000,
00000000,
00000000,
00000000,
00000000,
00000000,
00000000,
00000000,
00000000,
00000000,
00000000,
00000000,
00000000,
00000000,
00000000,
00000000,
00000000,
00000000,
00000000,
00000000,
00000000,
00000000,
00000000,
00000000,
00000000,
00000000,
00000000,
00000000,
00000000,
00000000,
00000000,
00000000,
00000000,
00000000,
00000000,
00000000,
00000000,
00000000,
00000000,
00000000,
00000000,
00000000,
00000000,
00000000,
00000000,
00000000,
00000000,
00000000,
00000000,
00000000,
00000000,
00000000,
00000000,
00000000,
00000000,
00000000,
00000000,
00000000,
00000000,
00000000,
00000000,
00000000,
00000000,
00000000,
00000000,
00000000,
00000000,
00000000,
00000000,
00000000,
00000000,
00000000,
00000000,
00000000,
00000000,
00000000,
00000000,
00000000,
00000000,
00000000,
00000000,
00000000,
00000000,
00000000,
00000000,
00000000,
00000000,
00000000,
00000000,
00000000,
00000000,
00000000,
00000000,
00000000,
00000000,
00000000,
00000000,
00000000,
00000000,
00000000,
00000000,
00000000,
00000000,
00000000,
00000000,
00000000,
00000000,
00000000,
00000000,
00000000,
00000000,
00000000,
00000000,
00000000,
00000000,
00000000,
00000000,
00000000,
00000000,
00000000,
00000000,
00000000,
00000000,
00000000,
00000000,
00000000,
00000000,
00000000,
00000000,
00000000,
00000000,
00000000,
00000000,
00000000,
00000000,
00000000,
00000000,
00000000,
00000000,
00000000,
00000000,
00000000,
00000000,
00000000,
00000000,
00000000,
00000000,
00000000,
00000000,
00000000,
00000000,
00000000,
00000000,
00000000,
00000000,
00000000,
00000000,
00000000,
00000000,
00000000,
00000000,
00000000,
00000000,
00000000,
00000000,
00000000,
00000000,
00000000,
00000000,
00000000,
00000000,
00000000,
00000000,
00000000,
00000000,
00000000,
00000000,
00000000,
00000000,
00000000,
00000000,
00000000,
00000000,
00000000,
00000000,
00000000,
00000000,
00000000,
00000000,
00000000,
00000000,
00000000,
00000000,
00000000,
00000000,
00000000,
00000000,
00000000,
00000000,
00000000,
00000000,
00000000,
00000000,
00000000,
00000000,
00000000,
00000000,
00000000,
00000000,
00000000,
00000000,
00000000,
00000000,
00000000,
00000000,
00000000,
00000000,
00000000,
00000000,
00000000,
00000000,
00000000,
00000000,
00000000,
00000000,
00000000,
00000000,
00000000,
00000000,
00000000,
00000000,
00000000,
00000000,
00000000,
00000000,
00000000,
00000000,
00000000,
00000000,
00000000,
00000000,
00000000,
00000000,
00000000,
00000000,
00000000,
00000000,
00000000,
00000000,
00000000,
00000000,
00000000,
00000000,
00000000,
00000000,
00000000,
00000000,
00000000,
00000000,
00000000,
00000000,
00000000,
00000000,
00000000,
00000000,
00000000,
00000000,
00000000,
00000000,
00000000,
00000000,
00000000,
00000000,
00000000,
00000000,
00000000,
00000000,
00000000,
00000000,
00000000,
00000000,
00000000,
00000000,
00000000,
00000000,
00000000,
00000000,
00000000,
00000000,
00000000,
00000000,
00000000,
00000000,
00000000,
00000000,
00000000,
00000000,
00000000,
00000000,
00000000,
00000000,
00000000,
00000000,
00000000,
00000000,
00000000,
00000000,
00000000,
00000000,
00000000,
00000000,
00000000,
00000000,
00000000,
00000000,
00000000,
00000000,
00000000,
00000000,
00000000,
00000000,
00000000,
00000000,
00000000,
00000000,
00000000,
00000000,
00000000,
00000000,
00000000,
00000000,
00000000,
00000000,
00000000,
00000000,
00000000,
00000000,
00000000,
00000000,
00000000,
00000000,
00000000,
00000000,
00000000,
00000000,
00000000,
00000000,
00000000,
00000000,
00000000,
00000000,
00000000,
00000000,
00000000,
00000000,
00000000,
00000000,
00000000,
00000000,
00000000,
00000000,
00000000,
00000000,
00000000,
00000000,
00000000,
00000000,
00000000,
00000000,
00000000,
00000000,
00000000,
00000000,
00000000,
00000000,
00000000,
00000000,
00000000,
00000000,
00000000,
00000000,
00000000,
00000000,
00000000,
00000000,
00000000,
00000000,
00000000,
00000000,
00000000,
00000000,
00000000,
00000000,
00000000,
00000000,
00000000,
00000000,
00000000,
00000000,
00000000,
00000000,
00000000,
00000000,
00000000,
00000000,
00000000,
00000000,
00000000,
00000000,
00000000,
00000000,
00000000,
00000000,
00000000,
00000000,
00000000,
00000000,
00000000,
00000000,
00000000,
00000000,
00000000,
00000000,
00000000,
00000000,
00000000,
00000000,
00000000,
00000000,
00000000,
00000000,
00000000,
00000000,
00000000,
00000000,
00000000,
00000000,
00000000,
00000000,
00000000,
00000000,
00000000,
00000000,
00000000,
00000000,
00000000,
00000000,
00000000,
00000000,
00000000,
00000000,
00000000,
00000000,
00000000,
00000000,
00000000,
00000000,
00000000,
00000000,
00000000,
00000000,
00000000,
00000000,
00000000,
00000000,
00000000,
00000000,
00000000,
00000000,
00000000,
00000000,
00000000,
00000000,
00000000,
00000000,
00000000,
00000000,
00000000,
00000000,
00000000,
00000000,
00000000,
00000000,
00000000,
00000000,
00000000,
00000000,
00000000,
00000000,
00000000,
00000000,
00000000,
00000000,
00000000,
00000000,
00000000,
00000000,
00000000,
00000000,
00000000,
00000000,
00000000,
00000000,
00000000,
00000000,
00000000,
00000000,
00000000,
00000000,
00000000,
00000000,
00000000,
00000000,
00000000,
00000000,
00000000,
00000000,
00000000,
00000000,
00000000,
00000000,
00000000,
00000000,
00000000,
00000000,
00000000,
00000000,
00000000,
00000000,
00000000,
00000000,
00000000,
00000000,
00000000,
00000000,
00000000,
00000000,
00000000,
00000000,
00000000,
00000000,
00000000,
00000000,
00000000,
00000000,
00000000,
00000000,
00000000,
00000000,
00000000,
00000000,
00000000,
00000000,
00000000,
00000000,
00000000,
00000000,
00000000,
00000000,
00000000,
00000000,
00000000,
00000000,
00000000,
00000000,
00000000,
00000000,
00000000,
00000000,
00000000,
00000000,
00000000,
00000000,
00000000,
00000000,
00000000,
00000000,
00000000,
00000000,
00000000,
00000000,
00000000,
00000000,
00000000,
00000000,
00000000,
00000000,
00000000,
00000000,
00000000,
00000000,
00000000,
00000000,
00000000,
00000000,
00000000,
00000000,
00000000,
00000000,
00000000,
00000000,
00000000,
00000000,
00000000,
00000000,
00000000,
00000000,
00000000,
00000000,
00000000,
00000000,
00000000,
00000000,
00000000,
00000000,
00000000,
00000000,
00000000,
00000000,
00000000,
00000000,
00000000,
00000000,
00000000,
00000000,
00000000,
00000000,
00000000,
00000000,
00000000,
00000000,
00000000,
00000000,
00000000,
00000000,
00000000,
00000000,
00000000,
00000000,
00000000,
00000000,
00000000,
00000000,
00000000,
00000000,
00000000,
00000000,
00000000,
00000000,
00000000,
00000000,
00000000,
00000000,
00000000,
00000000,
00000000,
00000000,
00000000,
00000000,
00000000,
00000000,
00000000,
00000000,
00000000,
00000000,
00000000,
00000000,
00000000,
00000000,
00000000,
00000000,
00000000,
00000000,
00000000,
00000000,
00000000,
00000000,
00000000,
00000000,
00000000,
00000000,
00000000,
00000000,
00000000,
00000000,
00000000,
00000000,
00000000,
00000000,
00000000,
00000000,
00000000,
00000000,
00000000,
00000000,
00000000,
00000000,
00000000,
00000000,
00000000,
00000000,
00000000,
00000000,
00000000,
00000000,
00000000,
00000000,
00000000,
00000000,
00000000,
00000000,
00000000,
00000000,
00000000,
00000000,
00000000,
00000000,
00000000,
00000000,
00000000,
00000000,
00000000,
00000000,
00000000,
00000000,
00000000,
00000000,
00000000,
00000000,
00000000,
00000000,
00000000,
00000000,
00000000,
00000000,
00000000,
00000000,
00000000,
00000000,
00000000,
00000000,
00000000,
00000000,
00000000,
00000000,
00000000,
00000000,
00000000,
00000000,
00000000,
00000000,
00000000,
00000000,
00000000,
00000000,
00000000,
00000000,
00000000,
00000000,
00000000,
00000000,
00000000,
00000000,
00000000,
00000000,
00000000,
00000000,
00000000,
00000000,
00000000,
00000000,
00000000,
00000000,
00000000,
00000000,
00000000,
00000000,
00000000,
00000000,
00000000,
00000000,
00000000,
00000000,
00000000,
00000000,
00000000,
00000000,
00000000,
00000000,
00000000,
00000000,
00000000,
00000000,
00000000,
00000000,
00000000,
00000000,
00000000,
00000000,
00000000,
00000000,
00000000,
00000000,
00000000,
00000000,
00000000,
00000000,
00000000,
00000000,
00000000,
00000000,
00000000,
00000000,
00000000,
00000000,
00000000,
00000000,
00000000,
00000000,
00000000,
00000000,
00000000,
00000000,
00000000,
00000000,
00000000,
00000000,
00000000,
00000000,
00000000,
00000000,
00000000,
00000000,
00000000,
00000000,
00000000,
00000000,
00000000,
00000000,
00000000,
00000000,
00000000,
00000000,
00000000,
00000000,
00000000,
00000000,
00000000,
00000000,
00000000,
00000000,
00000000,
00000000,
00000000,
00000000,
00000000,
00000000,
00000000,
00000000,
00000000,
00000000,
00000000,
00000000,
00000000,
00000000,
00000000,
00000000,
00000000,
00000000,
00000000,
00000000,
00000000,
00000000,
00000000,
00000000,
00000000,
00000000,
00000000,
00000000,
00000000,
00000000,
00000000,
00000000,
00000000,
00000000,
00000000,
00000000,
00000000,
00000000,
00000000,
00000000,
00000000,
00000000,
00000000,
00000000,
00000000,
00000000,
00000000,
00000000,
00000000,
00000000,
00000000,
00000000,
00000000,
00000000,
00000000,
00000000,
00000000,
00000000,
00000000,
00000000,
00000000,
00000000,
00000000,
00000000,
00000000,
00000000,
00000000,
00000000,
00000000,
00000000,
00000000,
00000000,
00000000,
00000000,
00000000,
00000000,
00000000,
00000000,
00000000,
00000000,
00000000,
00000000,
00000000,
00000000,
00000000,
00000000,
00000000,
00000000,
00000000,
00000000,
00000000,
00000000,
00000000,
00000000,
00000000,
00000000,
00000000,
00000000,
00000000,
00000000,
00000000,
00000000,
00000000,
00000000,
00000000,
00000000,
00000000,
00000000,
00000000,
00000000,
00000000,
00000000,
00000000,
00000000,
00000000,
00000000,
00000000,
00000000,
00000000,
00000000,
00000000,
00000000,
00000000,
00000000,
00000000,
00000000,
00000000,
00000000,
00000000,
00000000,
00000000,
00000000,
00000000,
00000000,
00000000,
00000000,
00000000,
00000000,
00000000,
00000000,
00000000,
00000000,
00000000,
00000000,
00000000,
00000000,
00000000,
00000000,
00000000,
00000000,
00000000,
00000000,
00000000,
00000000,
00000000,
00000000,
00000000,
00000000,
00000000,
00000000,
00000000,
00000000,
00000000,
00000000,
00000000,
00000000,
00000000,
00000000,
00000000,
00000000,
00000000,
00000000,
00000000,
00000000,
00000000,
00000000,
00000000,
00000000,
00000000,
00000000,
00000000,
00000000,
00000000,
00000000,
00000000,
00000000,
00000000,
00000000,
00000000,
00000000,
00000000,
00000000,
00000000,
00000000,
00000000,
00000000,
00000000,
00000000,
00000000,
00000000,
00000000,
00000000,
00000000,
00000000,
00000000,
00000000,
00000000,
00000000,
00000000,
00000000,
00000000,
00000000,
00000000,
00000000,
00000000,
00000000,
00000000,
00000000,
00000000,
00000000,
00000000,
00000000,
00000000,
00000000,
00000000,
00000000,
00000000,
00000000,
00000000,
00000000,
00000000,
00000000,
00000000,
00000000,
00000000,
00000000,
00000000,
00000000,
00000000,
00000000,
00000000,
00000000,
00000000,
00000000,
00000000,
00000000,
00000000,
00000000,
00000000,
00000000,
00000000,
00000000,
00000000,
00000000,
00000000,
00000000,
00000000,
00000000,
00000000,
00000000,
00000000,
00000000,
00000000,
00000000,
00000000,
00000000,
00000000,
00000000,
00000000,
00000000,
00000000,
00000000,
00000000,
00000000,
00000000,
00000000,
00000000,
00000000,
00000000,
00000000,
00000000,
00000000,
00000000,
00000000,
00000000,
00000000,
00000000,
00000000,
00000000,
00000000,
00000000,
00000000,
00000000,
00000000,
00000000,
00000000,
00000000,
00000000,
00000000,
00000000,
00000000,
00000000,
00000000,
00000000,
00000000,
00000000,
00000000,
00000000,
00000000,
00000000,
00000000,
00000000,
00000000,
00000000,
00000000,
00000000,
00000000,
00000000,
00000000,
00000000,
00000000,
00000000,
00000000,
00000000,
00000000,
00000000,
00000000,
00000000,
00000000,
00000000,
00000000,
00000000,
00000000,
00000000,
00000000,
00000000,
00000000,
00000000,
00000000,
00000000,
00000000,
00000000,
00000000,
00000000,
00000000,
00000000,
00000000,
00000000,
00000000,
00000000,
00000000,
00000000,
00000000,
00000000,
00000000,
00000000,
00000000,
00000000,
00000000,
00000000,
00000000,
00000000,
00000000,
00000000,
00000000,
00000000,
00000000,
00000000,
00000000,
00000000,
00000000,
00000000,
00000000,
00000000,
00000000,
00000000,
00000000,
00000000,
00000000,
00000000,
00000000,
00000000,
00000000,
00000000,
00000000,
00000000,
00000000,
00000000,
00000000,
00000000,
00000000,
00000000,
00000000,
00000000,
00000000,
00000000,
00000000,
00000000,
00000000,
00000000,
00000000,
00000000,
00000000,
00000000,
00000000,
00000000,
00000000,
00000000,
00000000,
00000000,
00000000,
00000000,
00000000,
00000000,
00000000,
00000000,
00000000,
00000000,
00000000,
00000000,
00000000,
00000000,
00000000,
00000000,
00000000,
00000000,
00000000,
00000000,
00000000,
00000000,
00000000,
00000000,
00000000,
00000000,
00000000,
00000000,
00000000,
00000000,
00000000,
00000000,
00000000,
00000000,
00000000,
00000000,
00000000,
00000000,
00000000,
00000000,
00000000,
00000000,
00000000,
00000000,
00000000,
00000000,
00000000,
00000000,
00000000,
00000000,
00000000,
00000000,
00000000,
00000000,
00000000,
00000000,
00000000,
00000000,
00000000,
00000000,
00000000,
00000000,
00000000,
00000000,
00000000,
00000000,
00000000,
00000000,
00000000,
00000000,
00000000,
00000000,
00000000,
00000000,
00000000,
00000000,
00000000,
00000000,
00000000,
00000000,
00000000,
00000000,
00000000,
00000000,
00000000,
00000000,
00000000,
00000000,
00000000,
00000000,
00000000,
00000000,
00000000,
00000000,
00000000,
00000000,
00000000,
00000000,
00000000,
00000000,
00000000,
00000000,
00000000,
00000000,
00000000,
00000000,
00000000,
00000000,
00000000,
00000000,
00000000,
00000000,
00000000,
00000000,
00000000,
00000000,
00000000,
00000000,
00000000,
00000000,
00000000,
00000000,
00000000,
00000000,
00000000,
00000000,
00000000,
00000000,
00000000,
00000000,
00000000,
00000000,
00000000,
00000000,
00000000,
00000000,
00000000,
00000000,
00000000,
00000000,
00000000,
00000000,
00000000,
00000000,
00000000,
00000000,
00000000,
00000000,
00000000,
00000000,
00000000,
00000000,
00000000,
00000000,
00000000,
00000000,
00000000,
00000000,
00000000,
00000000,
00000000,
00000000,
00000000,
00000000,
00000000,
00000000,
00000000,
00000000,
00000000,
00000000,
00000000,
00000000,
00000000,
00000000,
00000000,
00000000,
00000000,
00000000,
00000000,
00000000,
00000000,
00000000,
00000000,
00000000,
00000000,
00000000,
00000000,
00000000,
00000000,
00000000,
00000000,
00000000,
00000000,
00000000,
00000000,
00000000,
00000000,
00000000,
00000000,
00000000,
00000000,
00000000,
00000000,
00000000,
00000000,
00000000,
00000000,
00000000,
00000000,
00000000,
00000000,
00000000,
00000000,
00000000,
00000000,
00000000,
00000000,
00000000,
00000000,
00000000,
00000000,
00000000,
00000000,
00000000,
00000000,
00000000,
00000000,
00000000,
00000000,
00000000,
00000000,
00000000,
00000000,
00000000,
00000000,
00000000,
00000000,
00000000,
00000000,
00000000,
00000000,
00000000,
00000000,
00000000,
00000000,
00000000,
00000000,
00000000,
00000000,
00000000,
00000000,
00000000,
00000000,
00000000,
00000000,
00000000,
00000000,
00000000,
00000000,
00000000,
00000000,
00000000,
00000000,
00000000,
00000000,
00000000,
00000000,
00000000,
00000000,
00000000,
00000000,
00000000,
00000000,
00000000,
00000000,
00000000,
00000000,
00000000,
00000000,
00000000,
00000000,
00000000,
00000000,
00000000,
00000000,
00000000,
00000000,
00000000,
00000000,
00000000,
00000000,
00000000,
00000000,
00000000,
00000000,
00000000,
00000000,
00000000,
00000000,
00000000,
00000000,
00000000,
00000000,
00000000,
00000000,
00000000,
00000000,
00000000,
00000000,
00000000,
00000000,
00000000,
00000000,
00000000,
00000000,
00000000,
00000000,
00000000,
00000000,
00000000,
00000000,
00000000,
00000000,
00000000,
00000000,
00000000,
00000000,
00000000,
00000000,
00000000,
00000000,
00000000,
00000000,
00000000,
00000000,
00000000,
00000000,
00000000,
00000000,
00000000,
00000000,
00000000,
00000000,
00000000,
00000000,
00000000,
00000000,
00000000,
00000000,
00000000,
00000000,
00000000,
00000000,
00000000,
00000000,
00000000,
00000000,
00000000,
00000000,
00000000,
00000000,
00000000,
00000000,
00000000,
00000000,
00000000,
00000000,
00000000,
00000000,
00000000,
00000000,
00000000,
00000000,
00000000,
00000000,
00000000,
00000000,
00000000,
00000000,
00000000,
00000000,
00000000,
00000000,
00000000,
00000000,
00000000,
00000000,
00000000,
00000000,
00000000,
00000000,
00000000,
00000000,
00000000,
00000000,
00000000,
00000000,
00000000,
00000000,
00000000,
00000000,
00000000,
00000000,
00000000,
00000000,
00000000,
00000000,
00000000,
00000000,
00000000,
00000000,
00000000,
00000000,
00000000,
00000000,
00000000,
00000000,
00000000,
00000000,
00000000,
00000000,
00000000,
00000000,
00000000,
00000000,
00000000,
00000000,
00000000,
00000000,
00000000,
00000000,
00000000,
00000000,
00000000,
00000000,
00000000,
00000000,
00000000,
00000000,
00000000,
00000000,
00000000,
00000000,
00000000,
00000000,
00000000,
00000000,
00000000,
00000000,
00000000,
00000000,
00000000,
00000000,
00000000,
00000000,
00000000,
00000000,
00000000,
00000000,
00000000,
00000000,
00000000,
00000000,
00000000,
00000000,
00000000,
00000000,
00000000,
00000000,
00000000,
00000000,
00000000,
00000000,
00000000,
00000000,
00000000,
00000000,
00000000,
00000000,
00000000,
00000000,
00000000,
00000000,
00000000,
00000000,
00000000,
00000000,
00000000,
00000000,
00000000,
00000000,
00000000,
00000000,
00000000,
00000000,
00000000,
00000000,
00000000,
00000000,
00000000,
00000000,
00000000,
00000000,
00000000,
00000000,
00000000,
00000000,
00000000,
00000000,
00000000,
00000000,
00000000,
00000000,
00000000,
00000000,
00000000,
00000000,
00000000,
00000000,
00000000,
00000000,
00000000,
00000000,
00000000,
00000000,
00000000,
00000000,
00000000,
00000000,
00000000,
00000000,
00000000,
00000000,
00000000,
00000000,
00000000,
00000000,
00000000,
00000000,
00000000,
00000000,
00000000,
00000000,
00000000,
00000000,
00000000,
00000000,
00000000,
00000000,
00000000,
00000000,
00000000,
00000000,
00000000,
00000000,
00000000,
00000000,
00000000,
00000000,
00000000,
00000000,
00000000,
00000000,
00000000,
00000000,
00000000,
00000000,
00000000,
00000000,
00000000,
00000000,
00000000,
00000000,
00000000,
00000000,
00000000,
00000000,
00000000,
00000000,
00000000,
00000000,
00000000,
00000000,
00000000,
00000000,
00000000,
00000000,
00000000,
00000000,
00000000,
00000000,
00000000,
00000000,
00000000,
00000000,
00000000,
00000000,
00000000,
00000000,
00000000,
00000000,
00000000,
00000000,
00000000,
00000000,
00000000,
00000000,
00000000,
00000000,
00000000,
00000000,
00000000,
00000000,
00000000,
00000000,
00000000,
00000000,
00000000,
00000000,
00000000,
00000000,
00000000,
00000000,
00000000,
00000000,
00000000,
00000000,
00000000,
00000000,
00000000,
00000000,
00000000,
00000000,
00000000,
00000000,
00000000,
00000000,
00000000,
00000000,
00000000,
00000000,
00000000,
00000000,
00000000,
00000000,
00000000,
00000000,
00000000,
00000000,
00000000,
00000000,
00000000,
00000000,
00000000,
00000000,
00000000,
00000000,
00000000,
00000000,
00000000,
00000000,
00000000,
00000000,
00000000,
00000000,
00000000,
00000000,
00000000,
00000000,
00000000,
00000000,
00000000,
00000000,
00000000,
00000000,
00000000,
00000000,
00000000,
00000000,
00000000,
00000000,
00000000,
00000000,
00000000,
00000000,
00000000,
00000000,
00000000,
00000000,
00000000,
00000000,
00000000,
00000000,
00000000,
00000000,
00000000,
00000000,
00000000,
00000000,
00000000,
00000000,
00000000,
00000000,
00000000,
00000000,
00000000,
00000000,
00000000,
00000000,
00000000,
00000000,
00000000,
00000000,
00000000,
00000000,
00000000,
00000000,
00000000,
00000000,
00000000,
00000000,
00000000,
00000000,
00000000,
00000000,
00000000,
00000000,
00000000,
00000000,
00000000,
00000000,
00000000,
00000000,
00000000,
00000000,
00000000,
00000000,
00000000,
00000000,
00000000,
00000000,
00000000,
00000000,
00000000,
00000000,
00000000,
00000000,
00000000,
00000000,
00000000,
00000000,
00000000,
00000000,
00000000,
00000000,
00000000,
00000000,
00000000,
00000000,
00000000,
00000000,
00000000,
00000000,
00000000,
00000000,
00000000,
00000000,
00000000,
00000000,
00000000,
00000000,
00000000,
00000000,
00000000,
00000000,
00000000,
00000000,
00000000,
00000000,
00000000,
00000000,
00000000,
00000000,
00000000,
00000000,
00000000,
00000000,
00000000,
00000000,
00000000,
00000000,
00000000,
00000000,
00000000,
00000000,
00000000,
00000000,
00000000,
00000000,
00000000,
00000000,
00000000,
00000000,
00000000,
00000000,
00000000,
00000000,
00000000,
00000000,
00000000,
00000000,
00000000,
00000000,
00000000,
00000000,
00000000,
00000000,
00000000,
00000000,
00000000,
00000000,
00000000,
00000000,
00000000,
00000000,
00000000,
00000000,
00000000,
00000000,
00000000,
00000000,
00000000,
00000000,
00000000,
00000000,
00000000,
00000000,
00000000,
00000000,
00000000,
00000000,
00000000,
00000000,
00000000,
00000000,
00000000,
00000000,
00000000,
00000000,
00000000,
00000000,
00000000,
00000000,
00000000,
00000000,
00000000,
00000000,
00000000,
00000000,
00000000,
00000000,
00000000,
00000000,
00000000,
00000000,
00000000,
00000000,
00000000,
00000000,
00000000,
00000000,
00000000,
00000000,
00000000,
00000000,
00000000,
00000000,
00000000,
00000000,
00000000,
00000000,
00000000,
00000000,
00000000,
00000000,
00000000,
00000000,
00000000,
00000000,
00000000,
00000000,
00000000,
00000000,
00000000,
00000000,
00000000,
00000000,
00000000,
00000000,
00000000,
00000000,
00000000,
00000000,
00000000,
00000000,
00000000,
00000000,
00000000,
00000000,
00000000,
00000000,
00000000,
00000000,
00000000,
00000000,
00000000,
00000000,
00000000,
00000000,
00000000,
00000000,
00000000,
00000000,
00000000,
00000000,
00000000,
00000000,
00000000,
00000000,
00000000,
00000000,
00000000,
00000000,
00000000,
00000000,
00000000,
00000000,
00000000,
00000000,
00000000,
00000000,
00000000,
00000000,
00000000,
00000000,
00000000,
00000000,
00000000,
00000000,
00000000,
00000000,
00000000,
00000000,
00000000,
00000000,
00000000,
00000000,
00000000,
00000000,
00000000,
00000000,
00000000,
00000000,
00000000,
00000000,
00000000,
00000000,
00000000,
00000000,
00000000,
00000000,
00000000,
00000000,
00000000,
00000000,
00000000,
00000000,
00000000,
00000000,
00000000,
00000000,
00000000,
00000000,
00000000,
00000000,
00000000,
00000000,
00000000,
00000000,
00000000,
00000000,
00000000,
00000000,
00000000,
00000000,
00000000,
00000000,
00000000,
00000000,
00000000,
00000000,
00000000,
00000000,
00000000,
00000000,
00000000,
00000000,
00000000,
00000000,
00000000,
00000000,
00000000,
00000000,
00000000,
00000000,
00000000,
00000000,
00000000,
00000000,
00000000,
00000000,
00000000,
00000000,
00000000,
00000000,
00000000,
00000000,
00000000,
00000000,
00000000,
00000000,
00000000,
00000000,
00000000,
00000000,
00000000,
00000000,
00000000,
00000000,
00000000,
00000000,
00000000,
00000000,
00000000,
00000000,
00000000,
00000000,
00000000,
00000000,
00000000,
00000000,
00000000,
00000000,
00000000,
00000000,
00000000,
00000000,
00000000,
00000000,
00000000,
00000000,
00000000,
00000000,
00000000,
00000000,
00000000,
00000000,
00000000,
00000000,
00000000,
00000000,
00000000,
00000000,
00000000,
00000000,
00000000,
00000000,
00000000,
00000000,
00000000,
00000000,
00000000,
00000000,
00000000,
00000000,
00000000,
00000000,
00000000,
00000000,
00000000,
00000000,
00000000,
00000000,
00000000,
00000000,
00000000,
00000000,
00000000,
00000000,
00000000,
00000000,
00000000,
00000000,
00000000,
00000000,
00000000,
00000000,
00000000,
00000000,
00000000,
00000000,
00000000,
00000000,
00000000,
00000000,
00000000,
00000000,
00000000,
00000000,
00000000,
00000000,
00000000,
00000000,
00000000,
00000000,
00000000,
00000000,
00000000,
00000000,
00000000,
00000000,
00000000,
00000000,
00000000,
00000000,
00000000,
00000000,
00000000,
00000000,
00000000,
00000000,
00000000,
00000000,
00000000,
00000000,
00000000,
00000000,
00000000,
00000000,
00000000,
00000000,
00000000,
00000000,
00000000,
00000000,
00000000,
00000000,
00000000,
00000000,
00000000,
00000000,
00000000,
00000000,
00000000,
00000000,
00000000,
00000000,
00000000,
00000000,
00000000,
00000000,
00000000,
00000000,
00000000,
00000000,
00000000,
00000000,
00000000,
00000000,
00000000,
00000000,
00000000,
00000000,
00000000,
00000000,
00000000,
00000000,
00000000,
00000000,
00000000,
00000000,
00000000,
00000000,
00000000,
00000000,
00000000,
00000000,
00000000,
00000000,
00000000,
00000000,
00000000,
00000000,
00000000,
00000000,
00000000,
00000000,
00000000,
00000000,
00000000,
00000000,
00000000,
00000000,
00000000,
00000000,
00000000,
00000000,
00000000,
00000000,
00000000,
00000000,
00000000,
00000000,
00000000,
00000000,
00000000,
00000000,
00000000,
00000000,
00000000,
00000000,
00000000,
00000000,
00000000,
00000000,
00000000,
00000000,
00000000,
00000000,
00000000,
00000000,
00000000,
00000000,
00000000,
00000000,
00000000,
00000000,
00000000,
00000000,
00000000,
00000000,
00000000,
00000000,
00000000,
00000000,
00000000,
00000000,
00000000,
00000000,
00000000,
00000000,
00000000,
00000000,
00000000,
00000000,
00000000,
00000000,
00000000,
00000000,
00000000,
00000000,
00000000,
00000000,
00000000,
00000000,
00000000,
00000000,
00000000,
00000000,
00000000,
00000000,
00000000,
00000000,
00000000,
00000000,
00000000,
00000000,
00000000,
00000000,
00000000,
00000000,
00000000,
00000000,
00000000,
00000000,
00000000,
00000000,
00000000,
00000000,
00000000,
00000000,
00000000,
00000000,
00000000,
00000000,
00000000,
00000000,
00000000,
00000000,
00000000,
00000000,
00000000,
00000000,
00000000,
00000000,
00000000,
00000000,
00000000,
00000000,
00000000,
00000000,
00000000,
00000000,
00000000,
00000000,
00000000,
00000000,
00000000,
00000000,
00000000,
00000000,
00000000,
00000000,
00000000,
00000000,
00000000,
00000000,
00000000,
00000000,
00000000,
00000000,
00000000,
00000000,
00000000,
00000000,
00000000,
00000000,
00000000,
00000000,
00000000,
00000000,
00000000,
00000000,
00000000,
00000000,
00000000,
00000000,
00000000,
00000000,
00000000,
00000000,
00000000,
00000000,
00000000,
00000000,
00000000,
00000000,
00000000,
00000000,
00000000,
00000000,
00000000,
00000000,
00000000,
00000000,
00000000,
00000000,
00000000,
00000000,
00000000,
00000000,
00000000,
00000000,
00000000,
00000000,
00000000,
00000000,
00000000,
00000000,
00000000,
00000000,
00000000,
00000000,
00000000,
00000000,
00000000,
00000000,
00000000,
00000000,
00000000,
00000000,
00000000,
00000000,
00000000,
00000000,
00000000,
00000000,
00000000,
00000000,
00000000,
00000000,
00000000,
00000000,
00000000,
00000000,
00000000,
00000000,
00000000,
00000000,
00000000,
00000000,
00000000,
00000000,
00000000,
00000000,
00000000,
00000000,
00000000,
00000000,
00000000,
00000000,
00000000,
00000000,
00000000,
00000000,
00000000,
00000000,
00000000,
00000000,
00000000,
00000000,
00000000,
00000000,
00000000,
00000000,
00000000,
00000000,
00000000,
00000000,
00000000,
00000000,
00000000,
00000000,
00000000,
00000000,
00000000,
00000000,
00000000,
00000000,
00000000,
00000000,
00000000,
00000000,
00000000,
00000000,
00000000,
00000000,
00000000,
00000000,
00000000,
00000000,
00000000,
00000000,
00000000,
00000000,
00000000,
00000000,
00000000,
00000000,
00000000,
00000000,
00000000,
00000000,
00000000,
00000000,
00000000,
00000000,
00000000,
00000000,
00000000,
00000000,
00000000,
00000000,
00000000,
00000000,
00000000,
00000000,
00000000,
00000000,
00000000,
00000000,
00000000,
00000000,
00000000,
00000000,
00000000,
00000000,
00000000,
00000000,
00000000,
00000000,
00000000,
00000000,
00000000,
00000000,
00000000,
00000000,
00000000,
00000000,
00000000,
00000000,
00000000,
00000000,
00000000,
00000000,
00000000,
00000000,
00000000,
00000000,
00000000,
00000000,
00000000,
00000000,
00000000,
00000000,
00000000,
00000000,
00000000,
00000000,
00000000,
00000000,
00000000,
00000000,
00000000,
00000000,
00000000,
00000000,
00000000,
00000000,
00000000,
00000000,
00000000,
00000000,
00000000,
00000000,
00000000,
00000000,
00000000,
00000000,
00000000,
00000000,
00000000,
00000000,
00000000,
00000000,
00000000,
00000000,
00000000,
00000000,
00000000,
00000000,
00000000,
00000000,
00000000,
00000000,
00000000,
00000000,
00000000,
00000000,
00000000,
00000000,
00000000,
00000000,
00000000,
00000000,
00000000,
00000000,
00000000,
00000000,
00000000,
00000000,
00000000,
00000000,
00000000,
00000000,
00000000,
00000000,
00000000,
00000000,
00000000,
00000000,
00000000,
00000000,
00000000,
00000000,
00000000,
00000000,
00000000,
00000000,
00000000,
00000000,
00000000,
00000000,
00000000,
00000000,
00000000,
00000000,
00000000,
00000000,
00000000,
00000000,
00000000,
00000000,
00000000,
00000000,
00000000,
00000000,
00000000,
00000000,
00000000,
00000000,
00000000,
00000000,
00000000,
00000000,
00000000,
00000000,
00000000,
00000000,
00000000,
00000000,
00000000,
00000000,
00000000,
00000000,
00000000,
00000000,
00000000,
00000000,
00000000,
00000000,
00000000,
00000000,
00000000,
00000000,
00000000,
00000000,
00000000,
00000000,
00000000,
00000000,
00000000,
00000000,
00000000,
00000000,
00000000,
00000000,
00000000,
00000000,
00000000,
00000000,
00000000,
00000000,
00000000,
00000000,
00000000,
00000000,
00000000,
00000000,
00000000,
00000000,
00000000,
00000000,
00000000,
00000000,
00000000,
00000000,
00000000,
00000000,
00000000,
00000000,
00000000,
00000000,
00000000,
00000000,
00000000,
00000000,
00000000,
00000000,
00000000,
00000000,
00000000,
00000000,
00000000,
00000000,
00000000,
00000000,
00000000,
00000000,
00000000,
00000000,
00000000,
00000000,
00000000,
00000000,
00000000,
00000000,
00000000,
00000000,
00000000,
00000000,
00000000,
00000000,
00000000,
00000000,
00000000,
00000000,
00000000,
00000000,
00000000,
00000000,
00000000,
00000000,
00000000,
00000000,
00000000,
00000000,
00000000,
00000000,
00000000,
00000000,
00000000,
00000000,
00000000,
00000000,
00000000,
00000000,
00000000,
00000000,
00000000,
00000000,
00000000,
00000000,
00000000,
00000000,
00000000,
00000000,
00000000,
00000000,
00000000,
00000000,
00000000,
00000000,
00000000,
00000000,
00000000,
00000000,
00000000,
00000000,
00000000,
00000000,
00000000,
00000000,
00000000,
00000000,
00000000,
00000000,
00000000,
00000000,
00000000,
00000000,
00000000,
00000000,
00000000,
00000000,
00000000,
00000000,
00000000,
00000000,
00000000,
00000000,
00000000,
00000000,
00000000,
00000000,
00000000,
00000000,
00000000,
00000000,
00000000,
00000000,
00000000,
00000000,
00000000,
00000000,
00000000,
00000000,
00000000,
00000000,
00000000,
00000000,
00000000,
00000000,
00000000,
00000000,
00000000,
00000000,
00000000,
00000000,
00000000,
00000000,
00000000,
00000000,
00000000,
00000000,
00000000,
00000000,
00000000,
00000000,
00000000,
00000000,
00000000,
00000000,
00000000,
00000000,
00000000,
00000000,
00000000,
00000000,
00000000,
00000000,
00000000,
00000000,
00000000,
00000000,
00000000,
00000000,
00000000,
00000000,
00000000,
00000000,
00000000,
00000000,
00000000,
00000000,
00000000,
00000000,
00000000,
00000000,
00000000,
00000000,
00000000,
00000000,
00000000,
00000000,
00000000,
00000000,
00000000,
00000000,
00000000,
00000000,
00000000,
00000000,
00000000,
00000000,
00000000,
00000000,
00000000,
00000000,
00000000,
00000000,
00000000,
00000000,
00000000,
00000000,
00000000,
00000000,
00000000,
00000000,
00000000,
00000000,
00000000,
00000000,
00000000,
00000000,
00000000,
00000000,
00000000,
00000000,
00000000,
00000000,
00000000,
00000000,
00000000,
00000000,
00000000,
00000000,
00000000,
00000000,
00000000,
00000000,
00000000,
00000000,
00000000,
00000000,
00000000,
00000000,
00000000,
00000000,
00000000,
00000000,
00000000,
00000000,
00000000,
00000000,
00000000,
00000000,
00000000,
00000000,
00000000,
00000000,
00000000,
00000000,
00000000,
00000000,
00000000,
00000000,
00000000,
00000000,
00000000,
00000000,
00000000,
00000000,
00000000,
00000000,
00000000,
00000000,
00000000,
00000000,
00000000,
00000000,
00000000,
00000000,
00000000,
00000000,
00000000,
00000000,
00000000,
00000000,
00000000,
00000000,
00000000,
00000000,
00000000,
00000000,
00000000,
00000000,
00000000,
00000000,
00000000,
00000000,
00000000,
00000000,
00000000,
00000000,
00000000,
00000000,
00000000,
00000000,
00000000,
00000000,
00000000,
00000000,
00000000,
00000000,
00000000,
00000000,
00000000,
00000000,
00000000,
00000000,
00000000,
00000000,
00000000,
00000000,
00000000,
00000000,
00000000,
00000000,
00000000,
00000000,
00000000,
00000000,
00000000,
00000000,
00000000,
00000000,
00000000,
00000000,
00000000,
00000000,
00000000,
00000000,
00000000,
00000000,
00000000,
00000000,
00000000,
00000000,
00000000,
00000000,
00000000,
00000000,
00000000,
00000000,
00000000,
00000000,
00000000,
00000000,
00000000,
00000000,
00000000,
00000000,
00000000,
00000000,
00000000,
00000000,
00000000,
00000000,
00000000,
00000000,
00000000,
00000000,
00000000,
00000000,
00000000,
00000000,
00000000,
00000000,
00000000,
00000000,
00000000,
00000000,
00000000,
00000000,
00000000,
00000000,
00000000,
00000000,
00000000,
00000000,
00000000,
00000000,
00000000,
00000000,
00000000,
00000000,
00000000,
00000000,
00000000,
00000000,
00000000,
00000000,
00000000,
00000000,
00000000,
00000000,
00000000,
00000000,
00000000,
00000000,
00000000,
00000000,
00000000,
00000000,
00000000,
00000000,
00000000,
00000000,
00000000,
00000000,
00000000,
00000000,
00000000,
00000000,
00000000,
00000000,
00000000,
00000000,
00000000,
00000000,
00000000,
00000000,
00000000,
00000000,
00000000,
00000000,
00000000,
00000000,
00000000,
00000000,
00000000,
00000000,
00000000,
00000000,
00000000,
00000000,
00000000,
00000000,
00000000,
00000000,
00000000,
00000000,
00000000,
00000000,
00000000,
00000000,
00000000,
00000000,
00000000,
00000000,
00000000,
00000000,
00000000,
00000000,
00000000,
00000000,
00000000,
00000000,
00000000,
00000000,
00000000,
00000000,
00000000,
00000000,
00000000,
00000000,
00000000,
00000000,
00000000,
00000000,
00000000,
00000000,
00000000,
00000000,
00000000,
00000000,
00000000,
00000000,
00000000,
00000000,
00000000,
00000000,
00000000,
00000000,
00000000,
00000000,
00000000,
00000000,
00000000,
00000000,
00000000,
00000000,
00000000,
00000000,
00000000,
00000000,
00000000,
00000000,
00000000,
00000000,
00000000,
00000000,
00000000,
00000000,
00000000,
00000000,
00000000,
00000000,
00000000,
00000000,
00000000,
00000000,
00000000,
00000000,
00000000,
00000000,
00000000,
00000000,
00000000,
00000000,
00000000,
00000000,
00000000,
00000000,
00000000,
00000000,
00000000,
00000000,
00000000,
00000000,
00000000,
00000000,
00000000,
00000000,
00000000,
00000000,
00000000,
00000000,
00000000,
00000000,
00000000,
00000000,
00000000,
00000000,
00000000,
00000000,
00000000,
00000000,
00000000,
00000000,
00000000,
00000000,
00000000,
00000000,
00000000,
00000000,
00000000,
00000000,
00000000,
00000000,
00000000,
00000000,
00000000,
00000000,
00000000,
00000000,
00000000,
00000000,
00000000,
00000000,
00000000,
00000000,
00000000,
00000000,
00000000,
00000000,
00000000,
00000000,
00000000,
00000000,
00000000,
00000000,
00000000,
00000000,
00000000,
00000000,
00000000,
00000000,
00000000,
00000000,
00000000,
00000000,
00000000,
00000000,
00000000,
00000000,
00000000,
00000000,
00000000,
00000000,
00000000,
00000000,
00000000,
00000000,
00000000,
00000000,
00000000,
00000000,
00000000,
00000000,
00000000,
00000000,
00000000,
00000000,
00000000,
00000000,
00000000,
00000000,
00000000,
00000000,
00000000,
00000000,
00000000,
00000000,
00000000,
00000000,
00000000,
00000000,
00000000,
00000000,
00000000,
00000000,
00000000,
00000000,
00000000,
00000000,
00000000,
00000000,
00000000,
00000000,
00000000,
00000000,
00000000,
00000000,
00000000,
00000000,
00000000,
00000000,
00000000,
00000000,
00000000,
00000000,
00000000,
00000000,
00000000,
00000000,
00000000,
00000000,
00000000,
00000000,
00000000,
00000000,
00000000,
00000000,
00000000,
00000000,
00000000,
00000000,
00000000,
00000000,
00000000,
00000000,
00000000,
00000000,
00000000,
00000000,
00000000,
00000000,
00000000,
00000000,
00000000,
00000000,
00000000,
00000000,
00000000,
00000000,
00000000,
00000000,
00000000,
00000000,
00000000,
00000000,
00000000,
00000000,
00000000,
00000000,
00000000,
00000000,
00000000,
00000000,
00000000,
00000000,
00000000,
00000000,
00000000,
00000000,
00000000,
00000000,
00000000,
00000000,
00000000,
00000000,
00000000,
00000000,
00000000,
00000000,
00000000,
00000000,
00000000,
00000000,
00000000,
00000000,
00000000,
00000000,
00000000,
00000000,
00000000,
00000000,
00000000,
00000000,
00000000,
00000000,
00000000,
00000000,
00000000,
00000000,
00000000,
00000000,
00000000,
00000000,
00000000,
00000000,
00000000,
00000000,
00000000,
00000000,
00000000,
00000000,
00000000,
00000000,
00000000,
00000000,
00000000,
00000000,
00000000,
00000000,
00000000,
00000000,
00000000,
00000000,
00000000,
00000000,
00000000,
00000000,
00000000,
00000000,
00000000,
00000000,
00000000,
00000000,
00000000,
00000000,
00000000,
00000000,
00000000,
00000000,
00000000,
00000000,
00000000,
00000000,
00000000,
00000000,
00000000,
00000000,
00000000,
00000000,
00000000,
00000000,
00000000,
00000000,
00000000,
00000000,
00000000,
00000000,
00000000,
00000000,
00000000,
00000000,
00000000,
00000000,
00000000,
00000000,
00000000,
00000000,
00000000,
00000000,
00000000,
00000000,
00000000,
00000000,
00000000,
00000000,
00000000,
00000000,
00000000,
00000000,
00000000,
00000000,
00000000,
00000000,
00000000,
00000000,
00000000,
00000000,
00000000,
00000000,
00000000,
00000000,
00000000,
00000000,
00000000,
00000000,
00000000,
00000000,
00000000,
00000000,
00000000,
00000000,
00000000,
00000000,
00000000,
00000000,
00000000,
00000000,
00000000,
00000000,
00000000,
00000000,
00000000,
00000000,
00000000,
00000000,
00000000,
00000000,
00000000,
00000000,
00000000,
00000000,
00000000,
00000000,
00000000,
00000000,
00000000,
00000000,
00000000,
00000000,
00000000,
00000000,
00000000,
00000000,
00000000,
00000000,
00000000,
00000000,
00000000,
00000000,
00000000,
00000000,
00000000,
00000000,
00000000,
00000000,
00000000,
00000000,
00000000,
00000000,
00000000,
00000000,
00000000,
00000000,
00000000,
00000000,
00000000,
00000000,
00000000,
00000000,
00000000,
00000000,
00000000,
00000000,
00000000,
00000000,
00000000,
00000000,
00000000,
00000000,
00000000,
00000000,
00000000,
00000000,
00000000,
00000000,
00000000,
00000000,
00000000,
00000000,
00000000,
00000000,
00000000,
00000000,
00000000,
00000000,
00000000,
00000000,
00000000,
00000000,
00000000,
00000000,
00000000,
00000000,
00000000,
00000000,
00000000,
00000000,
00000000,
00000000,
00000000,
00000000,
00000000,
00000000,
00000000,
00000000,
00000000,
00000000,
00000000,
00000000,
00000000,
00000000,
00000000,
00000000,
00000000,
00000000,
00000000,
00000000,
00000000,
00000000,
00000000,
00000000,
00000000,
00000000,
00000000,
00000000,
00000000,
00000000,
00000000,
00000000,
00000000,
00000000,
00000000,
00000000,
00000000,
00000000,
00000000,
00000000,
00000000,
00000000,
00000000,
00000000,
00000000,
00000000,
00000000,
00000000,
00000000,
00000000,
00000000,
00000000,
00000000,
00000000,
00000000,
00000000,
00000000,
00000000,
00000000,
00000000,
00000000,
00000000,
00000000,
00000000,
00000000,
00000000,
00000000,
00000000,
00000000,
00000000,
00000000,
00000000,
00000000,
00000000,
00000000,
00000000,
00000000,
00000000,
00000000,
00000000,
00000000,
00000000,
00000000,
00000000,
00000000,
00000000,
00000000,
00000000,
00000000,
00000000,
00000000,
00000000,
00000000,
00000000,
00000000,
00000000,
00000000,
00000000,
00000000,
00000000,
00000000,
00000000,
00000000,
00000000,
00000000,
00000000,
00000000,
00000000,
00000000,
00000000,
00000000,
00000000,
00000000,
00000000,
00000000,
00000000,
00000000,
00000000,
00000000,
00000000,
00000000,
00000000,
00000000,
00000000,
00000000,
00000000,
00000000,
00000000,
00000000,
00000000,
00000000,
00000000,
00000000,
00000000,
00000000,
00000000,
00000000,
00000000,
00000000,
00000000,
00000000,
00000000,
00000000,
00000000,
00000000,
00000000,
00000000,
00000000,
00000000,
00000000,
00000000,
00000000,
00000000,
00000000,
00000000,
00000000,
00000000,
00000000,
00000000,
00000000,
00000000,
00000000,
00000000,
00000000,
00000000,
00000000,
00000000,
00000000,
00000000,
00000000,
00000000,
00000000,
00000000,
00000000,
00000000,
00000000,
00000000,
00000000,
00000000,
00000000,
00000000,
00000000,
00000000,
00000000,
00000000,
00000000,
00000000,
00000000,
00000000,
00000000,
00000000,
00000000,
00000000,
00000000,
00000000,
00000000,
00000000,
00000000,
00000000,
00000000,
00000000,
00000000,
00000000,
00000000,
00000000,
00000000,
00000000,
00000000,
00000000,
00000000,
00000000,
00000000,
00000000,
00000000,
00000000,
00000000,
00000000,
00000000,
00000000,
00000000,
00000000,
00000000,
00000000,
00000000,
00000000,
00000000,
00000000,
00000000,
00000000,
00000000,
00000000,
00000000,
00000000,
00000000,
00000000,
00000000,
00000000,
00000000,
00000000,
00000000,
00000000,
00000000,
00000000,
00000000,
00000000,
00000000,
00000000,
00000000,
00000000,
00000000,
00000000,
00000000,
00000000,
00000000,
00000000,
00000000,
00000000,
00000000,
00000000,
00000000,
00000000,
00000000,
00000000,
00000000,
00000000,
00000000,
00000000,
00000000,
00000000,
00000000,
00000000,
00000000,
00000000,
00000000,
00000000,
00000000,
00000000,
00000000,
00000000,
00000000,
00000000,
00000000,
00000000,
00000000,
00000000,
00000000,
00000000,
00000000,
00000000,
00000000,
00000000,
00000000,
00000000,
00000000,
00000000,
00000000,
00000000,
00000000,
00000000,
00000000,
00000000,
00000000,
00000000,
00000000,
00000000,
00000000,
00000000,
00000000,
00000000,
00000000,
00000000,
00000000,
00000000,
00000000,
00000000,
00000000,
00000000,
00000000,
00000000,
00000000,
00000000,
00000000,
00000000,
00000000,
00000000,
00000000,
00000000,
00000000,
00000000,
00000000,
00000000,
00000000,
00000000,
00000000,
00000000,
00000000,
00000000,
00000000,
00000000,
00000000,
00000000,
00000000,
00000000,
00000000,
00000000,
00000000,
00000000,
00000000,
00000000,
00000000,
00000000,
00000000,
00000000,
00000000,
00000000,
00000000,
00000000,
00000000,
00000000,
00000000,
00000000,
00000000,
00000000,
00000000,
00000000,
00000000,
00000000,
00000000,
00000000,
00000000,
00000000,
00000000,
00000000,
00000000,
00000000,
00000000,
00000000,
00000000,
00000000,
00000000,
00000000,
00000000,
00000000,
00000000,
00000000,
00000000,
00000000,
00000000,
00000000,
00000000,
00000000,
00000000,
00000000,
00000000,
00000000,
00000000,
00000000,
00000000,
00000000,
00000000,
00000000,
00000000,
00000000,
00000000,
00000000,
00000000,
00000000,
00000000,
00000000,
00000000,
00000000,
00000000,
00000000,
00000000,
00000000,
00000000,
00000000,
00000000,
00000000,
00000000,
00000000,
00000000,
00000000,
00000000,
00000000,
00000000,
00000000,
00000000,
00000000,
00000000,
00000000,
00000000,
00000000,
00000000,
00000000,
00000000,
00000000,
00000000,
00000000,
00000000,
00000000,
00000000,
00000000,
00000000,
00000000,
00000000,
00000000,
00000000,
00000000,
00000000,
00000000,
00000000,
00000000,
00000000,
00000000,
00000000,
00000000,
00000000,
00000000,
00000000,
00000000,
00000000,
00000000,
00000000,
00000000,
00000000,
00000000,
00000000,
00000000,
00000000,
00000000,
00000000,
00000000,
00000000,
00000000,
00000000,
00000000,
00000000,
00000000,
00000000,
00000000,
00000000,
00000000,
00000000,
00000000,
00000000,
00000000,
00000000,
00000000,
00000000,
00000000,
00000000,
00000000,
00000000,
00000000,
00000000,
00000000,
00000000,
00000000,
00000000,
00000000,
00000000,
00000000,
00000000,
00000000,
00000000,
00000000,
00000000,
00000000,
00000000,
00000000,
00000000,
00000000,
00000000,
00000000,
00000000,
00000000,
00000000,
00000000,
00000000,
00000000,
00000000,
00000000,
00000000,
00000000,
00000000,
00000000,
00000000,
00000000,
00000000,
00000000,
00000000,
00000000,
00000000,
00000000,
00000000,
00000000,
00000000,
00000000,
00000000,
00000000,
00000000,
00000000,
00000000,
00000000,
00000000,
00000000,
00000000,
00000000,
00000000,
00000000,
00000000,
00000000,
00000000,
00000000,
00000000,
00000000,
00000000,
00000000,
00000000,
00000000,
00000000,
00000000,
00000000,
00000000,
00000000,
00000000,
00000000,
00000000,
00000000,
00000000,
00000000,
00000000,
00000000,
00000000,
00000000,
00000000,
00000000,
00000000,
00000000,
00000000,
00000000,
00000000,
00000000,
00000000,
00000000,
00000000,
00000000,
00000000,
00000000,
00000000,
00000000,
00000000,
00000000,
00000000,
00000000,
00000000,
00000000,
00000000,
00000000,
00000000,
00000000,
00000000,
00000000,
00000000,
00000000,
00000000,
00000000,
00000000,
00000000,
00000000,
00000000,
00000000,
00000000,
00000000,
00000000,
00000000,
00000000,
00000000,
00000000,
00000000,
00000000,
00000000,
00000000,
00000000,
00000000,
00000000,
00000000,
00000000,
00000000,
00000000,
00000000,
00000000,
00000000,
00000000,
00000000,
00000000,
00000000,
00000000,
00000000,
00000000,
00000000,
00000000,
00000000,
00000000,
00000000,
00000000,
00000000,
00000000,
00000000,
00000000,
00000000,
00000000,
00000000,
00000000,
00000000,
00000000,
00000000,
00000000,
00000000,
00000000,
00000000,
00000000,
00000000,
00000000,
00000000,
00000000,
00000000,
00000000,
00000000,
00000000,
00000000,
00000000,
00000000,
00000000,
00000000,
00000000,
00000000,
00000000,
00000000,
00000000,
00000000,
00000000,
00000000,
00000000,
00000000,
00000000,
00000000,
00000000,
00000000,
00000000,
00000000,
00000000,
00000000,
00000000,
00000000,
00000000,
00000000,
00000000,
00000000,
00000000,
00000000,
00000000,
00000000,
00000000,
00000000,
00000000,
00000000,
00000000,
00000000,
00000000,
00000000,
00000000,
00000000,
00000000,
00000000,
00000000,
00000000,
00000000,
00000000,
00000000,
00000000,
00000000,
00000000,
00000000,
00000000,
00000000,
00000000,
00000000,
00000000,
00000000,
00000000,
00000000,
00000000,
00000000,
00000000,
00000000,
00000000,
00000000,
00000000,
00000000,
00000000,
00000000,
00000000,
00000000,
00000000,
00000000,
00000000,
00000000,
00000000,
00000000,
00000000,
00000000,
00000000,
00000000,
00000000,
00000000,
00000000,
00000000,
00000000,
00000000,
00000000,
00000000,
00000000,
00000000,
00000000,
00000000,
00000000,
00000000,
00000000,
00000000,
00000000,
00000000,
00000000,
00000000,
00000000,
00000000,
00000000,
00000000,
00000000,
00000000,
00000000,
00000000,
00000000,
00000000,
00000000,
00000000,
00000000,
00000000,
00000000,
00000000,
00000000,
00000000,
00000000,
00000000,
00000000,
00000000,
00000000,
00000000,
00000000,
00000000,
00000000,
00000000,
00000000,
00000000,
00000000,
00000000,
00000000,
00000000,
00000000,
00000000,
00000000,
00000000,
00000000,
00000000,
00000000,
00000000,
00000000,
00000000,
00000000,
00000000,
00000000,
00000000,
00000000,
00000000,
00000000,
00000000,
00000000,
00000000,
00000000,
00000000,
00000000,
00000000,
00000000,
00000000,
00000000,
00000000,
00000000,
00000000,
00000000,
00000000,
00000000,
00000000,
00000000,
00000000,
00000000,
00000000,
00000000,
00000000,
00000000,
00000000,
00000000,
00000000,
00000000,
00000000,
00000000,
00000000,
00000000,
00000000,
00000000,
00000000,
00000000,
00000000,
00000000,
00000000,
00000000,
00000000,
00000000,
00000000,
00000000,
00000000,
00000000,
00000000,
00000000,
00000000,
00000000,
00000000,
00000000,
00000000,
00000000,
00000000,
00000000,
00000000,
00000000,
00000000,
00000000,
00000000,
00000000,
00000000,
00000000,
00000000,
00000000,
00000000,
00000000,
00000000,
00000000,
00000000,
00000000,
00000000,
00000000,
00000000,
00000000,
00000000,
00000000,
00000000,
00000000,
00000000,
00000000,
00000000,
00000000,
00000000,
00000000,
00000000,
00000000,
00000000,
00000000,
00000000,
00000000,
00000000,
00000000,
00000000,
00000000,
00000000,
00000000,
00000000,
00000000,
00000000,
00000000,
00000000,
00000000,
00000000,
00000000,
00000000,
00000000,
00000000,
00000000,
00000000,
00000000,
00000000,
00000000,
00000000,
00000000,
00000000,
00000000,
00000000,
00000000,
00000000,
00000000,
00000000,
00000000,
00000000,
00000000,
00000000,
00000000,
00000000,
00000000,
00000000,
00000000,
00000000,
00000000,
00000000,
00000000,
00000000,
00000000,
00000000,
00000000,
00000000,
00000000,
00000000,
00000000,
00000000,
00000000,
00000000,
00000000,
00000000,
00000000,
00000000,
00000000,
00000000,
00000000,
00000000,
00000000,
00000000,
00000000,
00000000,
00000000,
00000000,
00000000,
00000000,
00000000,
00000000,
00000000,
00000000,
00000000,
00000000,
00000000,
00000000,
00000000,
00000000,
00000000,
00000000,
00000000,
00000000,
00000000,
00000000,
00000000,
00000000,
00000000,
00000000,
00000000,
00000000,
00000000,
00000000,
00000000,
00000000,
00000000,
00000000,
00000000,
00000000,
00000000,
00000000,
00000000,
00000000,
00000000,
00000000,
00000000,
00000000,
00000000,
00000000,
00000000,
00000000,
00000000,
00000000,
00000000,
00000000,
00000000,
00000000,
00000000,
00000000,
00000000,
00000000,
00000000,
00000000,
00000000,
00000000,
00000000,
00000000,
00000000,
00000000,
00000000,
00000000,
00000000,
00000000,
00000000,
00000000,
00000000,
00000000,
00000000,
00000000,
00000000,
00000000,
00000000,
00000000,
00000000,
00000000,
00000000,
00000000,
00000000,
00000000,
00000000,
00000000,
00000000,
00000000,
00000000,
00000000,
00000000,
00000000,
00000000,
00000000,
00000000,
00000000,
00000000,
00000000,
00000000,
00000000,
00000000,
00000000,
00000000,
00000000,
00000000,
00000000,
00000000,
00000000,
00000000,
00000000,
00000000,
00000000,
00000000,
00000000,
00000000,
00000000,
00000000,
00000000,
00000000,
00000000,
00000000,
00000000,
00000000,
00000000,
00000000,
00000000,
00000000,
00000000,
00000000,
00000000,
00000000,
00000000,
00000000,
00000000,
00000000,
00000000,
00000000,
00000000,
00000000,
00000000,
00000000,
00000000,
00000000,
00000000,
00000000,
00000000,
00000000,
00000000,
00000000,
00000000,
00000000,
00000000,
00000000,
00000000,
00000000,
00000000,
00000000,
00000000,
00000000,
00000000,
00000000,
00000000,
00000000,
00000000,
00000000,
00000000,
00000000,
00000000,
00000000,
00000000,
00000000,
00000000,
00000000,
00000000,
00000000,
00000000,
00000000,
00000000,
00000000,
00000000,
00000000,
00000000,
00000000,
00000000,
00000000,
00000000,
00000000,
00000000,
00000000,
00000000,
00000000,
00000000,
00000000,
00000000,
00000000,
00000000,
00000000,
00000000,
00000000,
00000000,
00000000,
00000000,
00000000,
00000000,
00000000,
00000000,
00000000,
00000000,
00000000,
00000000,
00000000,
00000000,
00000000,
00000000,
00000000,
00000000,
00000000,
00000000,
00000000,
00000000,
00000000,
00000000,
00000000,
00000000,
00000000,
00000000,
00000000,
00000000,
00000000,
00000000,
00000000,
00000000,
00000000,
00000000,
00000000,
00000000,
00000000,
00000000,
00000000,
00000000,
00000000,
00000000,
00000000,
00000000,
00000000,
00000000,
00000000,
00000000,
00000000,
00000000,
00000000,
00000000,
00000000,
00000000,
00000000,
00000000,
00000000,
00000000,
00000000,
00000000,
00000000,
00000000,
00000000,
00000000,
00000000,
00000000,
00000000,
00000000,
00000000,
00000000,
00000000,
00000000,
00000000,
00000000,
00000000,
00000000,
00000000,
00000000,
00000000,
00000000,
00000000,
00000000,
00000000,
00000000,
00000000,
00000000,
00000000,
00000000,
00000000,
00000000,
00000000,
00000000,
00000000,
00000000,
00000000,
00000000,
00000000,
00000000,
00000000,
00000000,
00000000,
00000000,
00000000,
00000000,
00000000,
00000000,
00000000,
00000000,
00000000,
00000000,
00000000,
00000000,
00000000,
00000000,
00000000,
00000000,
00000000,
00000000,
00000000,
00000000,
00000000,
00000000,
00000000,
00000000,
00000000,
00000000,
00000000,
00000000,
00000000,
00000000,
00000000,
00000000,
00000000,
00000000,
00000000,
00000000,
00000000,
00000000,
00000000,
00000000,
00000000,
00000000,
00000000,
00000000,
00000000,
00000000,
00000000,
00000000,
00000000,
00000000,
00000000,
00000000,
00000000,
00000000,
00000000,
00000000,
00000000,
00000000,
00000000,
00000000,
00000000,
00000000,
00000000,
00000000,
00000000,
00000000,
00000000,
00000000,
00000000,
00000000,
00000000,
00000000,
00000000,
00000000,
00000000,
00000000,
00000000,
00000000,
00000000,
00000000,
00000000,
00000000,
00000000,
00000000,
00000000,
00000000,
00000000,
00000000,
00000000,
00000000,
00000000,
00000000,
00000000,
00000000,
00000000,
00000000,
00000000,
00000000,
00000000,
00000000,
00000000,
00000000,
00000000,
00000000,
00000000,
00000000,
00000000,
00000000,
00000000,
00000000,
00000000,
00000000,
00000000,
00000000,
00000000,
00000000,
00000000,
00000000,
00000000,
00000000,
00000000,
00000000,
00000000,
00000000,
00000000,
00000000,
00000000,
00000000,
00000000,
00000000,
00000000,
00000000,
00000000,
00000000,
00000000,
00000000,
00000000,
00000000,
00000000,
00000000,
00000000,
00000000,
00000000,
00000000,
00000000,
00000000,
00000000,
00000000,
00000000,
00000000,
00000000,
00000000,
00000000,
00000000,
00000000,
00000000,
00000000,
00000000,
00000000,
00000000,
00000000,
00000000,
00000000,
00000000,
00000000,
00000000,
00000000,
00000000,
00000000,
00000000,
00000000,
00000000,
00000000,
00000000,
00000000,
00000000,
00000000,
00000000,
00000000,
00000000,
00000000,
00000000,
00000000,
00000000,
00000000,
00000000,
00000000,
00000000,
00000000,
00000000,
00000000,
00000000,
00000000,
00000000,
00000000,
00000000,
00000000,
00000000,
00000000,
00000000,
00000000,
00000000,
00000000,
00000000,
00000000,
00000000,
00000000,
00000000,
00000000,
00000000,
00000000,
00000000,
00000000,
00000000,
00000000,
00000000,
00000000,
00000000,
00000000,
00000000,
00000000,
00000000,
00000000,
00000000,
00000000,
00000000,
00000000,
00000000,
00000000,
00000000,
00000000,
00000000,
00000000,
00000000,
00000000,
00000000,
00000000,
00000000,
00000000,
00000000,
00000000,
00000000,
00000000,
00000000,
00000000,
00000000,
00000000,
00000000,
00000000,
00000000,
00000000,
00000000,
00000000,
00000000,
00000000,
00000000,
00000000,
00000000,
00000000,
00000000,
00000000,
00000000,
00000000,
00000000,
00000000,
00000000,
00000000,
00000000,
00000000,
00000000,
00000000,
00000000,
00000000,
00000000,
00000000,
00000000,
00000000,
00000000,
00000000,
00000000,
00000000,
00000000,
00000000,
00000000,
00000000,
00000000,
00000000,
00000000,
00000000,
00000000,
00000000,
00000000,
00000000,
00000000,
00000000,
00000000,
00000000,
00000000,
00000000,
00000000,
00000000,
00000000,
00000000,
00000000,
00000000,
00000000,
00000000,
00000000,
00000000,
00000000,
00000000,
00000000,
00000000,
00000000,
00000000,
00000000,
00000000,
00000000,
00000000,
00000000,
00000000,
00000000,
00000000,
00000000,
00000000,
00000000,
00000000,
00000000,
00000000,
00000000,
00000000,
00000000,
00000000,
00000000,
00000000,
00000000,
00000000,
00000000,
00000000,
00000000,
00000000,
00000000,
00000000,
00000000,
00000000,
00000000,
00000000,
00000000,
00000000,
00000000,
00000000,
00000000,
00000000,
00000000,
00000000,
00000000,
00000000,
00000000,
00000000,
00000000,
00000000,
00000000,
00000000,
00000000,
00000000,
00000000,
00000000,
00000000,
00000000,
00000000,
00000000,
00000000,
00000000,
00000000,
00000000,
00000000,
00000000,
00000000,
00000000,
00000000,
00000000,
00000000,
00000000,
00000000,
00000000,
00000000,
00000000,
00000000,
00000000,
00000000,
00000000,
00000000,
00000000,
00000000,
00000000,
00000000,
00000000,
00000000,
00000000,
00000000,
00000000,
00000000,
00000000,
00000000,
00000000,
00000000,
00000000,
00000000,
00000000,
00000000,
00000000,
00000000,
00000000,
00000000,
00000000,
00000000,
00000000,
00000000,
00000000,
00000000,
00000000,
00000000,
00000000,
00000000,
00000000,
00000000,
00000000,
00000000,
00000000,
00000000,
00000000,
00000000,
00000000,
00000000,
00000000,
00000000,
00000000,
00000000,
00000000,
00000000,
00000000,
00000000,
00000000,
00000000,
00000000,
00000000,
00000000,
00000000,
00000000,
00000000,
00000000,
00000000,
00000000,
00000000,
00000000,
00000000,
00000000,
00000000,
00000000,
00000000,
00000000,
00000000,
00000000,
00000000,
00000000,
00000000,
00000000,
00000000,
00000000,
00000000,
00000000,
00000000,
00000000,
00000000,
00000000,
00000000,
00000000,
00000000,
00000000,
00000000,
00000000,
00000000,
00000000,
00000000,
00000000,
00000000,
00000000,
00000000,
00000000,
00000000,
00000000,
00000000,
00000000,
00000000,
00000000,
00000000,
00000000,
00000000,
00000000,
00000000,
00000000,
00000000,
00000000,
00000000,
00000000,
00000000,
00000000,
00000000,
00000000,
00000000,
00000000,
00000000,
00000000,
00000000,
00000000,
00000000,
00000000,
00000000,
00000000,
00000000,
00000000,
00000000,
00000000,
00000000,
00000000,
00000000,
00000000,
00000000,
00000000,
00000000,
00000000,
00000000,
00000000,
00000000,
00000000,
00000000,
00000000,
00000000,
00000000,
00000000,
00000000,
00000000,
00000000,
00000000,
00000000,
00000000,
00000000,
00000000,
00000000,
00000000,
00000000,
00000000,
00000000,
00000000,
00000000,
00000000,
00000000,
00000000,
00000000,
00000000,
00000000,
00000000,
00000000,
00000000,
00000000,
00000000,
00000000,
00000000,
00000000,
00000000,
00000000,
00000000,
00000000,
00000000,
00000000,
00000000,
00000000,
00000000,
00000000,
00000000,
00000000,
00000000,
00000000,
00000000,
00000000,
00000000,
00000000,
00000000,
00000000,
00000000,
00000000,
00000000,
00000000,
00000000,
00000000,
00000000,
00000000,
00000000,
00000000,
00000000,
00000000,
00000000,
00000000,
00000000,
00000000,
00000000,
00000000,
00000000,
00000000,
00000000,
00000000,
00000000,
00000000,
00000000,
00000000,
00000000,
00000000,
00000000,
00000000,
00000000,
00000000,
00000000,
00000000,
00000000,
00000000,
00000000,
00000000,
00000000,
00000000,
00000000,
00000000,
00000000,
00000000,
00000000,
00000000,
00000000,
00000000,
00000000,
00000000,
00000000,
00000000,
00000000,
00000000,
00000000,
00000000,
00000000,
00000000,
00000000,
00000000,
00000000,
00000000,
00000000,
00000000,
00000000,
00000000,
00000000,
00000000,
00000000,
00000000,
00000000,
00000000,
00000000,
00000000,
00000000,
00000000,
00000000,
00000000,
00000000,
00000000,
00000000,
00000000,
00000000,
00000000,
00000000,
00000000,
00000000,
00000000,
00000000,
00000000,
00000000,
00000000,
00000000,
00000000,
00000000,
00000000,
00000000,
00000000,
00000000,
00000000,
00000000,
00000000,
00000000,
00000000,
00000000,
00000000,
00000000,
00000000,
00000000,
00000000,
00000000,
00000000,
00000000,
00000000,
00000000,
00000000,
00000000,
00000000,
00000000,
00000000,
00000000,
00000000,
00000000,
00000000,
00000000,
00000000,
00000000,
00000000,
00000000,
00000000,
00000000,
00000000,
00000000,
00000000,
00000000,
00000000,
00000000,
00000000,
00000000,
00000000,
00000000,
00000000,
00000000,
00000000,
00000000,
00000000,
00000000,
00000000,
00000000,
00000000,
00000000,
00000000,
00000000,
00000000,
00000000,
00000000,
00000000,
00000000,
00000000,
00000000,
00000000,
00000000,
00000000,
00000000,
00000000,
00000000,
00000000,
00000000,
00000000,
00000000,
00000000,
00000000,
00000000,
00000000,
00000000,
00000000,
00000000,
00000000,
00000000,
00000000,
00000000,
00000000,
00000000,
00000000,
00000000,
00000000,
00000000,
00000000,
00000000,
00000000,
00000000,
00000000,
00000000,
00000000,
00000000,
00000000,
00000000,
00000000,
00000000,
00000000,
00000000,
00000000,
00000000,
00000000,
00000000,
00000000,
00000000,
00000000,
00000000,
00000000,
00000000,
00000000,
00000000,
00000000,
00000000,
00000000,
00000000,
00000000,
00000000,
00000000,
00000000,
00000000,
00000000,
00000000,
00000000,
00000000,
00000000,
00000000,
00000000,
00000000,
00000000,
00000000,
00000000,
00000000,
00000000,
00000000,
00000000,
00000000,
00000000,
00000000,
00000000,
00000000,
00000000,
00000000,
00000000,
00000000,
00000000,
00000000,
00000000,
00000000,
00000000,
00000000,
00000000,
00000000,
00000000,
00000000,
00000000,
00000000,
00000000,
00000000,
00000000,
00000000,
00000000,
00000000,
00000000,
00000000,
00000000,
00000000,
00000000,
00000000,
00000000,
00000000,
00000000,
00000000,
00000000,
00000000,
00000000,
00000000,
00000000,
00000000,
00000000,
00000000,
00000000,
00000000,
00000000,
00000000,
00000000,
00000000,
00000000,
00000000,
00000000,
00000000,
00000000,
00000000,
00000000,
00000000,
00000000,
00000000,
00000000,
00000000,
00000000,
00000000,
00000000,
00000000,
00000000,
00000000,
00000000,
00000000,
00000000,
00000000,
00000000,
00000000,
00000000,
00000000,
00000000,
00000000,
00000000,
00000000,
00000000,
00000000,
00000000,
00000000,
00000000,
00000000,
00000000,
00000000,
00000000,
00000000,
00000000,
00000000,
00000000,
00000000,
00000000,
00000000,
00000000,
00000000,
00000000,
00000000,
00000000,
00000000,
00000000,
00000000,
00000000,
00000000,
00000000,
00000000,
00000000,
00000000,
00000000,
00000000,
00000000,
00000000,
00000000,
00000000,
00000000,
00000000,
00000000,
00000000,
00000000,
00000000,
00000000,
00000000,
00000000,
00000000,
00000000,
00000000,
00000000,
00000000,
00000000,
00000000,
00000000,
00000000,
00000000,
00000000,
00000000,
00000000,
00000000,
00000000,
00000000,
00000000,
00000000,
00000000,
00000000,
00000000,
00000000,
00000000,
00000000,
00000000,
00000000,
00000000,
00000000,
00000000,
00000000,
00000000,
00000000,
00000000,
00000000,
00000000,
00000000,
00000000,
00000000,
00000000,
00000000,
00000000,
00000000,
00000000,
00000000,
00000000,
00000000,
00000000,
00000000,
00000000,
00000000,
00000000,
00000000,
00000000,
00000000,
00000000,
00000000,
00000000,
00000000,
00000000,
00000000,
00000000,
00000000,
00000000,
00000000,
00000000,
00000000,
00000000,
00000000,
00000000,
00000000,
00000000,
00000000,
00000000,
00000000,
00000000,
00000000,
00000000,
00000000,
00000000,
00000000,
00000000,
00000000,
00000000,
00000000,
00000000,
00000000,
00000000,
00000000,
00000000,
00000000,
00000000,
00000000,
00000000,
00000000,
00000000,
00000000,
00000000,
00000000,
00000000,
00000000,
00000000,
00000000,
00000000,
00000000,
00000000,
00000000,
00000000,
00000000,
00000000,
00000000,
00000000,
00000000,
00000000,
00000000,
00000000,
00000000,
00000000,
00000000,
00000000,
00000000,
00000000,
00000000,
00000000,
00000000,
00000000,
00000000,
00000000,
00000000,
00000000,
00000000,
00000000,
00000000,
00000000,
00000000,
00000000,
00000000,
00000000,
00000000,
00000000,
00000000,
00000000,
00000000,
00000000,
00000000,
00000000,
00000000,
00000000,
00000000,
00000000,
00000000,
00000000,
00000000,
00000000,
00000000,
00000000,
00000000,
00000000,
00000000,
00000000,
00000000,
00000000,
00000000,
00000000,
00000000,
00000000,
00000000,
00000000,
00000000,
00000000,
00000000,
00000000,
00000000,
00000000,
00000000,
00000000,
00000000,
00000000,
00000000,
00000000,
00000000,
00000000,
00000000,
00000000,
00000000,
00000000,
00000000,
00000000,
00000000,
00000000,
00000000,
00000000,
00000000,
00000000,
00000000,
00000000,
00000000,
00000000,
00000000,
00000000,
00000000,
00000000,
00000000,
00000000,
00000000,
00000000,
00000000,
00000000,
00000000,
00000000,
00000000,
00000000,
00000000,
00000000,
00000000,
00000000,
00000000,
00000000,
00000000,
00000000,
00000000,
00000000,
00000000,
00000000,
00000000,
00000000,
00000000,
00000000,
00000000,
00000000,
00000000,
00000000,
00000000,
00000000,
00000000,
00000000,
00000000,
00000000,
00000000,
00000000,
00000000,
00000000,
00000000,
00000000,
00000000,
00000000,
00000000,
00000000,
00000000,
00000000,
00000000,
00000000,
00000000,
00000000,
00000000,
00000000,
00000000,
00000000,
00000000,
00000000,
00000000,
00000000,
00000000,
00000000,
00000000,
00000000,
00000000,
00000000,
00000000,
00000000,
00000000,
00000000,
00000000,
00000000,
00000000,
00000000,
00000000,
00000000,
00000000,
00000000,
00000000,
00000000,
00000000,
00000000,
00000000,
00000000,
00000000,
00000000,
00000000,
00000000,
00000000,
00000000,
00000000,
00000000,
00000000,
00000000,
00000000,
00000000,
00000000,
00000000,
00000000,
00000000,
00000000,
00000000,
00000000,
00000000,
00000000,
00000000,
00000000,
00000000,
00000000,
00000000,
00000000,
00000000,
00000000,
00000000,
00000000,
00000000,
00000000,
00000000,
00000000,
00000000,
00000000,
00000000,
00000000,
00000000,
00000000,
00000000,
00000000,
00000000,
00000000,
00000000,
00000000,
00000000,
00000000,
00000000,
00000000,
00000000,
00000000,
00000000,
00000000,
00000000,
00000000,
00000000,
00000000,
00000000,
00000000,
00000000,
00000000,
00000000,
00000000,
00000000,
00000000,
00000000,
00000000,
00000000,
00000000,
00000000,
00000000,
00000000,
00000000,
00000000,
00000000,
00000000,
00000000,
00000000,
00000000,
00000000,
00000000,
00000000,
00000000,
00000000,
00000000,
00000000,
00000000,
00000000,
00000000,
00000000,
00000000,
00000000,
00000000,
00000000,
00000000,
00000000,
00000000,
00000000,
00000000,
00000000,
00000000,
00000000,
00000000,
00000000,
00000000,
00000000,
00000000,
00000000,
00000000,
00000000,
00000000,
00000000,
00000000,
00000000,
00000000,
00000000,
00000000,
00000000,
00000000;
