memory_initialization_radix=16;
memory_initialization_vector=
00101197,
80018193,
00140117,
fe810113,
4c818293,
00104317,
b0430313,
0062f863,
0002a023,
00428293,
ff5ff06f,
165040ef,
0000006f,
f8010113,
00112223,
00312623,
00412823,
00512a23,
00612c23,
00712e23,
02812023,
02912223,
02a12423,
02b12623,
02c12823,
02d12a23,
02e12c23,
02f12e23,
05012023,
05112223,
05212423,
05312623,
05412823,
05512a23,
05612c23,
05712e23,
07812023,
07912223,
07a12423,
07b12623,
07c12823,
07d12a23,
07e12c23,
07f12e23,
341022f3,
00512023,
300022f3,
00512423,
1a0000ef,
00101297,
3f028293,
0002a303,
02030c63,
0002a023,
00101297,
3e428293,
0002a303,
00232023,
00101297,
3d028293,
0002a303,
00032103,
4c818293,
0002a303,
00130313,
0062a023,
00012283,
34129073,
00812283,
30029073,
00412083,
01012203,
01812303,
01c12383,
02012403,
02412483,
02812503,
02c12583,
03012603,
03412683,
03812703,
03c12783,
04012803,
04412883,
04812903,
04c12983,
05012a03,
05412a83,
05812b03,
05c12b83,
06012c03,
06412c83,
06812d03,
06c12d83,
07012e03,
07412e83,
07812f03,
07c12f83,
01412283,
08010113,
30200073,
ff010113,
00112623,
00000797,
e9878793,
30579073,
07c000ef,
00100517,
e5450513,
1b4050ef,
00c12083,
01010113,
00008067,
ff010113,
00112623,
00812423,
00912223,
01212023,
00050493,
00058913,
0ff57413,
e80007b7,
00f46433,
00800793,
3007b073,
060000ef,
00090613,
00048593,
00100517,
e1c50513,
160050ef,
12c000ef,
802007b7,
0287a023,
802007b7,
0487a023,
0000006f,
08000793,
3047a073,
802007b7,
001e8737,
48070713,
06e7a023,
802007b7,
00100713,
06e7a423,
802007b7,
06e7a223,
00008067,
802007b7,
0607a223,
00008067,
ff010113,
00112623,
34202773,
800007b7,
00778793,
02f71c63,
802007b7,
00100713,
06e7a423,
4cc18713,
00072783,
00178793,
00f72023,
04d040ef,
5a0040ef,
075040ef,
00c12083,
01010113,
00008067,
00100597,
d8858593,
03000513,
f0dff0ef,
06050c63,
00054783,
06078863,
00a00593,
80200737,
07470713,
80200637,
07060613,
00d00813,
0400006f,
00072783,
0017f793,
fe078ce3,
01062023,
00150513,
fff54683,
00072783,
0017f793,
00079863,
00072783,
0017f793,
fe078ce3,
00d62023,
00054783,
00078c63,
fcb79ae3,
00072783,
0017f793,
fa078ce3,
fc1ff06f,
00008067,
802007b7,
07478793,
0007a783,
0017f793,
00079c63,
80200737,
07470713,
00072783,
0017f793,
fe078ce3,
00008067,
802007b7,
07c78793,
0007a783,
0017f793,
00078a63,
802007b7,
0787a503,
0ff57513,
00008067,
fff00513,
00008067,
0c050463,
fe010113,
00112e23,
01212823,
01312623,
00050913,
00058993,
0a058a63,
00812c23,
00912a23,
802007b7,
00200713,
08e7a023,
00100713,
08e7a023,
00600413,
802004b7,
08448493,
0004a783,
0027f713,
02071263,
00a00513,
08d050ef,
fff40413,
fe0414e3,
ffe00513,
01812403,
01412483,
0440006f,
0067f793,
00200713,
04e79e63,
802007b7,
08878793,
0007a783,
00f92023,
15700713,
02e787b3,
3e878793,
7d000713,
02e7d7b3,
00f9a023,
00000513,
01812403,
01412483,
01c12083,
01012903,
00c12983,
02010113,
00008067,
ff600513,
00008067,
ff600513,
fe1ff06f,
ffe00513,
01812403,
01412483,
fd1ff06f,
00054783,
00078e63,
0005c703,
00f71a63,
00150513,
00158593,
00054783,
fe0796e3,
0005c503,
40f50533,
00153513,
00008067,
fa010113,
04112e23,
04812c23,
04912a23,
05212823,
05312623,
05412423,
05512223,
05612023,
03712e23,
03812c23,
03912a23,
00100517,
b6c50513,
689040ef,
00100517,
b7c50513,
67d040ef,
00100c17,
b98c0c13,
00d00493,
00a00913,
00800993,
00100b97,
b8cb8b93,
06c0006f,
e55ff0ef,
fe054ee3,
04950263,
05250063,
07350a63,
07450863,
fe050793,
fefae2e3,
00140c93,
fd9b6ee3,
03040793,
00278433,
fea40023,
00050593,
00100517,
b4c50513,
619040ef,
000c8413,
fb9ff06f,
00100517,
fe050513,
605040ef,
03040793,
002787b3,
fe078023,
02041a63,
000c0513,
5ed040ef,
00000413,
07f00a13,
05e00a93,
01f00b13,
f81ff06f,
f6040ee3,
fff40413,
000b8513,
5c9040ef,
f6dff06f,
00100597,
af058593,
01010513,
ec5ff0ef,
02050c63,
00100517,
ae450513,
5a5040ef,
00100517,
af450513,
599040ef,
00100517,
b2050513,
58d040ef,
00100517,
b5050513,
581040ef,
f8dff06f,
00100597,
b6c58593,
01010513,
e7dff0ef,
06050063,
802007b7,
434d0737,
00170713,
04e7a023,
00100517,
b5450513,
54d040ef,
00100517,
b7450513,
541040ef,
16d000ef,
00051e63,
802007b7,
0407a023,
00100517,
bbc50513,
525040ef,
f31ff06f,
00050593,
00100517,
b8850513,
511040ef,
fd9ff06f,
00100597,
bbc58593,
01010513,
e0dff0ef,
04050a63,
00100517,
bb450513,
4ed040ef,
00c10593,
00810513,
d09ff0ef,
02051463,
00812583,
00100517,
bdc50513,
4cd040ef,
00c12583,
00100517,
bec50513,
4bd040ef,
ec9ff06f,
00100517,
b9c50513,
4ad040ef,
eb9ff06f,
01010593,
00100517,
be450513,
499040ef,
00100517,
bf050513,
48d040ef,
e99ff06f,
00062783,
00178713,
00b77663,
00f50533,
00d50023,
00062783,
00178793,
00f62023,
00008067,
fd010113,
02112623,
02812423,
02912223,
03212023,
01312e23,
01412c23,
01512a23,
01612823,
00050913,
00058993,
00060a13,
00078a93,
00080b13,
00000493,
1b418613,
00148493,
00910433,
02e6f8b3,
011608b3,
0008c783,
fef40fa3,
00068793,
02e6d6b3,
fee7f0e3,
0354f063,
000b0693,
000a0613,
00098593,
00090513,
f65ff0ef,
fffa8a93,
ff5494e3,
02048263,
00010493,
fff44683,
000a0613,
00098593,
00090513,
f41ff0ef,
fff40413,
fe9414e3,
02c12083,
02812403,
02412483,
02012903,
01c12983,
01812a03,
01412a83,
01012b03,
03010113,
00008067,
802007b7,
0507a703,
4ce1aa23,
80000737,
04e7a823,
00008067,
802007b7,
fff00713,
04e7a823,
02000793,
802006b7,
05068693,
4d018613,
0006a703,
00e62023,
fff78793,
fe079ae3,
00008067,
4d01a503,
4d41a783,
40f50533,
00008067,
ff010113,
00112623,
015070ef,
00100797,
18c78793,
0007a603,
0047a683,
158060ef,
00c12083,
01010113,
00008067,
ea010113,
12112e23,
12812c23,
14b12223,
14c12423,
14d12623,
14e12823,
14f12a23,
15012c23,
15112e23,
00012423,
14410793,
00f12623,
00054683,
44068463,
12912a23,
13212823,
13312623,
13412423,
13512223,
13612023,
11712e23,
11812c23,
11912a23,
11a12823,
00050413,
02500993,
03000b13,
00900493,
00000a93,
06c00a13,
0ac18b93,
0200006f,
00140413,
00810613,
10000593,
01010513,
df5ff0ef,
00044683,
42068863,
ff3692e3,
00144903,
07390c63,
09690863,
00140413,
02000913,
00044703,
fd070793,
0ff7f793,
000a8c13,
06f4ee63,
00140413,
002c1793,
018787b3,
00179793,
00e787b3,
fd078c13,
00044703,
fd070793,
0ff7f793,
fcf4fee3,
05470c63,
00044c83,
fa8c8793,
0ff7f693,
02000713,
32d76263,
00269793,
017787b3,
0007a783,
017787b3,
00078067,
00240413,
00098693,
00810613,
10000593,
01010513,
d55ff0ef,
f61ff06f,
00240413,
f79ff06f,
00000c13,
fadff06f,
00140d13,
00144c83,
fa8c8793,
0ff7f693,
02000713,
2cd76463,
00269793,
13018713,
00e787b3,
0007a783,
00e787b3,
00078067,
00040d13,
00c12783,
00478713,
00e12623,
0007a403,
02040663,
00044683,
04068c63,
00140413,
00810613,
10000593,
01010513,
cddff0ef,
00044683,
fe0694e3,
0380006f,
02800693,
00100417,
8c440413,
fd5ff06f,
00040d13,
00c12783,
00478713,
00e12623,
0007c683,
00810613,
10000593,
01010513,
c9dff0ef,
001d0413,
ea5ff06f,
00c12783,
00478713,
00e12623,
0007ac83,
000c8693,
020cce63,
00090813,
000c0793,
00a00713,
00810613,
10000593,
01010513,
c85ff0ef,
fc5ff06f,
00c12783,
00478713,
00e12623,
0007ac83,
00040d13,
fc5ff06f,
02d00693,
00810613,
10000593,
01010513,
c31ff0ef,
419006b3,
fb1ff06f,
00100793,
00c0006f,
00040d13,
00000793,
02078a63,
00c12783,
00478713,
00e12623,
0007a683,
00090813,
000c0793,
00a00713,
00810613,
10000593,
01010513,
c0dff0ef,
f4dff06f,
00c12783,
00478713,
00e12623,
0007a683,
fd1ff06f,
00c12783,
00478713,
00e12623,
0007a683,
00090813,
000c0793,
01000713,
00810613,
10000593,
01010513,
bc9ff0ef,
f09ff06f,
00c12783,
00478713,
00e12623,
0007a683,
00040d13,
fcdff06f,
00040d13,
00c12783,
00778793,
ff87f793,
00878713,
00e12623,
0007ac03,
0047a403,
00000613,
00000693,
000c0513,
00040593,
5cc060ef,
0c054863,
000c0513,
00040593,
430070ef,
00050913,
4a4070ef,
00050613,
00058693,
000c0513,
00040593,
46d060ef,
00100797,
e1078793,
0007a603,
0047a683,
668060ef,
00100797,
e0478793,
0007a603,
0047a683,
62c050ef,
3e8070ef,
00050413,
000f47b7,
23f78793,
00a7fa63,
00190913,
fff0c7b7,
dc078793,
00f50433,
02000813,
00000793,
00a00713,
00090693,
00810613,
10000593,
01010513,
ae1ff0ef,
02e00693,
00810613,
10000593,
01010513,
aa9ff0ef,
03000813,
00600793,
00a00713,
00040693,
00810613,
10000593,
01010513,
aadff0ef,
dedff06f,
02d00693,
00810613,
10000593,
01010513,
a71ff0ef,
800007b7,
0087c433,
f19ff06f,
000d0413,
00098693,
00810613,
10000593,
01010513,
a4dff0ef,
000c8693,
00810613,
10000593,
01010513,
a39ff0ef,
060c9863,
13412483,
13012903,
12c12983,
12812a03,
12412a83,
12012b03,
11c12b83,
11812c03,
11412c83,
11012d03,
00812703,
0ff00793,
00e7f463,
00f12423,
00812403,
11040793,
002787b3,
f0078023,
01010593,
000ff517,
5e850513,
660040ef,
00040513,
13c12083,
13812403,
16010113,
00008067,
00040d13,
d29ff06f,
13412483,
13012903,
12c12983,
12812a03,
12412a83,
12012b03,
11c12b83,
11812c03,
11412c83,
11012d03,
f8dff06f,
ff010113,
00112623,
00100793,
00f50023,
000ff517,
58850513,
5fc040ef,
00c12083,
01010113,
00008067,
00050023,
00008067,
fe010113,
00112e23,
01212823,
01c52903,
02052c23,
02052e23,
1e090463,
00812c23,
00912a23,
01312623,
00050413,
00000493,
409009b3,
0039f993,
16098663,
00100593,
00040513,
211000ef,
03845583,
00148493,
6cd020ef,
02a41c23,
fff00593,
00040513,
1f5000ef,
03845583,
6b5020ef,
02a41c23,
18990263,
00100793,
12f98663,
00200793,
02f98e63,
00100593,
00040513,
1c9000ef,
03845583,
00148493,
685020ef,
02a41c23,
fff00593,
00040513,
1ad000ef,
03845583,
66d020ef,
02a41c23,
12990e63,
00100593,
00040513,
191000ef,
03845583,
00148493,
64d020ef,
02a41c23,
fff00593,
00040513,
175000ef,
03845583,
635020ef,
02a41c23,
0a991a63,
1000006f,
0f390e63,
159000ef,
03845583,
00248493,
615020ef,
02a41c23,
fff00593,
00040513,
13d000ef,
03845583,
5fd020ef,
00050793,
02f41c23,
00100593,
00040513,
0c990063,
11d000ef,
03845583,
00298493,
5d9020ef,
02a41c23,
fff00593,
00040513,
101000ef,
03845583,
5c1020ef,
00050793,
02f41c23,
00100593,
00040513,
08990263,
0e1000ef,
03845583,
00398493,
59d020ef,
02a41c23,
fff00593,
00040513,
0c5000ef,
03845583,
585020ef,
02a41c23,
04990a63,
00100593,
00040513,
0a9000ef,
03845583,
00148993,
565020ef,
02a41c23,
fff00593,
00040513,
08d000ef,
03845583,
54d020ef,
00050793,
02f41c23,
00100593,
00040513,
f0049ae3,
02f41d23,
00100493,
e49910e3,
01812403,
01412483,
00c12983,
01c12083,
01012903,
00000513,
02010113,
00008067,
f8010113,
00810613,
00410593,
04e10513,
06112e23,
06812c23,
06912a23,
07212823,
07312623,
07412423,
07512223,
07612023,
05712e23,
00012223,
d85ff0ef,
00100513,
479020ef,
00050793,
00200513,
00f11623,
469020ef,
00050793,
00300513,
00f11723,
459020ef,
00050793,
00400513,
00f11823,
449020ef,
00050793,
00500513,
02f12423,
439020ef,
70051863,
00700793,
00c12703,
02f12623,
6c071c63,
01011703,
6e070663,
0027f813,
0017f613,
0047f593,
010036b3,
00d606b3,
00b03733,
00e68733,
7d000513,
02e55533,
00100717,
c8870713,
00e12a23,
04011623,
00060793,
02a12223,
00060463,
00e12c23,
00080863,
02a60633,
00c70633,
00c12e23,
00058863,
02a686b3,
00d70733,
02e12023,
00078a63,
00c11603,
01812583,
140010ef,
02a12823,
02c12783,
0027f713,
02070463,
00e11783,
00c11603,
01c12583,
02412503,
01079793,
00c7e633,
03410693,
359010ef,
02c12783,
0047f793,
00078a63,
02012603,
00c11583,
02412503,
11d020ef,
02812783,
58078463,
ed8ff0ef,
00c10513,
c7dff0ef,
ee4ff0ef,
f10ff0ef,
00050913,
00c11503,
00000593,
2cc030ef,
00050593,
00e11503,
2c0030ef,
00050593,
01011503,
2b4030ef,
00050593,
02411503,
2a8030ef,
0000f7b7,
9f578793,
00050a93,
3ef51263,
000ff517,
25850513,
efcff0ef,
00300a13,
49418413,
00042783,
00000b93,
0e078063,
001a1793,
05812c23,
05912a23,
05a12823,
1fc18c93,
20818d13,
1f018c13,
00000493,
04400b13,
00fd0d33,
00fc8cb3,
00fc0c33,
036489b3,
05098793,
002789b3,
fdc9a783,
fe099e23,
0017f793,
00078863,
ff69d603,
000d5683,
56d61863,
036489b3,
05098793,
002789b3,
fdc9a783,
0027f793,
00078863,
ff89d603,
000cd683,
56d61e63,
036489b3,
05098793,
002789b3,
fdc9a783,
0047f793,
00078863,
ffa9d603,
000c5683,
44d61863,
036487b3,
00042703,
00148493,
01049493,
0104d493,
05078793,
002787b3,
ffc7d783,
017787b3,
01079b93,
410bdb93,
f6e4e2e3,
05812c03,
05412c83,
05012d03,
40c030ef,
02412583,
017504b3,
000ff517,
24050513,
df4ff0ef,
00090593,
000ff517,
24850513,
de4ff0ef,
00090513,
db0ff0ef,
00050613,
00058693,
000ff517,
24450513,
dc8ff0ef,
00090513,
d94ff0ef,
01049493,
00000613,
00000693,
0104d493,
5d1050ef,
04a05663,
00042783,
02812503,
02f50533,
589060ef,
00050b13,
00090513,
00058993,
d5cff0ef,
00050613,
00058693,
000b0513,
00098593,
6bc050ef,
00050613,
00058693,
000ff517,
1f450513,
d60ff0ef,
00090513,
d2cff0ef,
000ff797,
6e078793,
0007a603,
0047a683,
645050ef,
00055a63,
000ff517,
1e050513,
d34ff0ef,
00148493,
00042783,
02812583,
000ff517,
20850513,
01049493,
02f585b3,
4104d493,
d10ff0ef,
000ff597,
20858593,
000ff517,
20c50513,
cfcff0ef,
000ff597,
21858593,
000ff517,
23c50513,
ce8ff0ef,
000ff597,
24858593,
000ff517,
24850513,
cd4ff0ef,
000a8593,
000ff517,
25050513,
cc4ff0ef,
02c12783,
0017f713,
04070863,
00042703,
04070463,
00000993,
04400b13,
000ffa97,
244a8a93,
036987b3,
00098593,
000a8513,
00198993,
01099993,
0109d993,
05078793,
002787b3,
ff67d603,
c78ff0ef,
00042783,
fcf9eae3,
02c12783,
0027f713,
00042683,
04070663,
12068663,
00000993,
04400b13,
000ffa97,
20ca8a93,
036987b3,
00098593,
000a8513,
00198993,
01099993,
0109d993,
05078793,
002787b3,
ff87d603,
c24ff0ef,
00042783,
fcf9eae3,
02c12783,
0047f793,
00042703,
04078463,
08070663,
00000993,
04400b13,
000ffa97,
1d4a8a93,
036987b3,
00098593,
000a8513,
00198993,
01099993,
0109d993,
05078793,
002787b3,
ffa7d603,
bd0ff0ef,
00042783,
fcf9eae3,
00042783,
04078263,
00000993,
04400b13,
000ffa97,
1a8a8a93,
036987b3,
00098593,
000a8513,
00198993,
01099993,
0109d993,
05078793,
002787b3,
ff47d603,
b88ff0ef,
00042783,
fcf9eae3,
0e048a63,
26905c63,
000ff517,
1f450513,
b6cff0ef,
04e10513,
885ff0ef,
07c12083,
07812403,
07412483,
07012903,
06c12983,
06812a03,
06412a83,
06012b03,
05c12b83,
00000513,
08010113,
00008067,
0047f793,
fa0798e3,
f65ff06f,
02a7ee63,
000097b7,
a0278793,
04f50063,
02a7e663,
000087b7,
b0578793,
04f50263,
00a7ee63,
000027b7,
8f278793,
04f50463,
000057b7,
eaf78793,
04f50863,
fff00a13,
fff00b93,
49418413,
cd5ff06f,
000ff517,
d9c50513,
ad0ff0ef,
00000a13,
bd5ff06f,
000ff517,
db850513,
abcff0ef,
00100a13,
bc1ff06f,
000ff517,
e3450513,
aa8ff0ef,
00400a13,
badff06f,
000ff517,
dbc50513,
a94ff0ef,
00200a13,
b99ff06f,
000ff517,
09850513,
a80ff0ef,
00300793,
f0fa18e3,
00042783,
02812503,
02f50533,
259060ef,
00050493,
00090513,
00058413,
a2cff0ef,
00050613,
00058693,
00048513,
00040593,
38c050ef,
00050613,
00058693,
000ff797,
f5878793,
000ff717,
f2c70713,
000ff517,
08450513,
a20ff0ef,
000ff597,
f8058593,
000ff517,
08c50513,
a0cff0ef,
000ff517,
ee850513,
a00ff0ef,
e95ff06f,
00048593,
000ff517,
e0850513,
9ecff0ef,
ffc9d783,
00178793,
fef99e23,
b99ff06f,
00100793,
02f12423,
000ff997,
35498993,
00a00913,
02812783,
032787b3,
02f12423,
934ff0ef,
00c10513,
ed8ff0ef,
940ff0ef,
96cff0ef,
978ff0ef,
0009a603,
0049a683,
00050493,
00058413,
291050ef,
fc0544e3,
00048513,
00040593,
0f5060ef,
00050713,
04050863,
00a00793,
02e7d7b3,
02812703,
00178793,
02f707b3,
02f12423,
a01ff06f,
00100693,
92d718e3,
01011703,
920714e3,
34153737,
41570713,
00e12623,
06600713,
00e11823,
911ff06f,
00050793,
8f5ff06f,
00100713,
fb1ff06f,
00048593,
000ff517,
ccc50513,
914ff0ef,
ffc9d783,
00178793,
fef99e23,
a79ff06f,
000ff517,
f9450513,
8f8ff0ef,
d8dff06f,
00048593,
000ff517,
ccc50513,
8e4ff0ef,
ffc9d783,
00178793,
fef99e23,
a6dff06f,
02061e63,
00051783,
01079713,
01075713,
00875713,
f007f793,
00e7e7b3,
00f51023,
00059783,
01079713,
01075713,
f007f793,
00875713,
00e7e7b3,
00f59023,
00251503,
00259783,
40f50533,
00008067,
fa010113,
04912a23,
05512223,
04112e23,
04812c23,
05212823,
05312623,
05412423,
05612023,
03712e23,
03812c23,
03912a23,
03a12823,
03b12623,
00451883,
02452403,
00050a93,
00058813,
00058493,
7b105263,
00000613,
00000593,
00000313,
00000513,
0ff67913,
2204c063,
78040a63,
00040793,
0047a703,
00271703,
00970663,
0007a783,
fe0798e3,
00000693,
0080006f,
00070413,
00042703,
00d42023,
00040693,
fe0718e3,
16079c63,
00042783,
00158593,
01059593,
0047a783,
0105d593,
00178783,
0017f793,
00f507b3,
01079513,
01055513,
1804ce63,
00160613,
00148493,
01061613,
01049493,
41065613,
4104d493,
f6c89ce3,
00231793,
40b787b3,
00f50533,
01051993,
0109d993,
3d005e63,
028a8793,
00100d93,
00f12e23,
60040c63,
00000a13,
00012823,
00012623,
00c12783,
00178793,
00f12623,
29b05e63,
00042783,
00100c13,
04078863,
00100713,
04ed8663,
0007a783,
00200c13,
02078e63,
00200713,
02ed8c63,
0007a783,
00300c13,
02078463,
00300713,
02ed8263,
0007a783,
00400c13,
00078a63,
01bc0a63,
0007a783,
001c0c13,
fe079ae3,
00000793,
00040d13,
000d8c93,
00078413,
05805c63,
200c8c63,
20040a63,
004d2e83,
00442b03,
000e9283,
0802f793,
0e078863,
000b1e83,
07f2fb93,
080ef793,
14078863,
07fef793,
1b77c863,
000d2703,
fffc0c13,
260a0e63,
000d0793,
00070d13,
00fa2023,
00078a13,
fb8048e3,
1b905263,
1a040263,
fa0c16e3,
00040793,
fffc8c93,
00042403,
fc0a1ee3,
00078a13,
01412823,
f85ff06f,
0047a703,
00130313,
01031313,
00071703,
01035313,
00177693,
00068c63,
40975713,
00177713,
00e50733,
01071513,
01055513,
0007a703,
00070c63,
00072683,
00d7a023,
00042783,
00f72023,
00e42023,
e604d6e3,
00160793,
01079613,
41065613,
01079793,
0107d793,
e6c888e3,
0ff7f913,
56040c63,
00040793,
0047a703,
00074703,
df2708e3,
0007a783,
fe0798e3,
de5ff06f,
4032d713,
00f77713,
00471693,
00d705b3,
0072f613,
038ad783,
00058713,
14060a63,
00100693,
10d60c63,
01029513,
01055513,
00028b93,
00078593,
00512c23,
01d12a23,
1e4020ef,
01812283,
01412e83,
07fbfb93,
f002f793,
00fbe7b3,
02aa9c23,
0807e793,
00fe9023,
000b1e83,
080ef793,
ea079ce3,
403ed713,
00f77713,
00471693,
00d705b3,
007ef613,
038ad783,
00058713,
16060063,
00100693,
12d60663,
010e9513,
01055513,
000e8713,
00078593,
01d12c23,
00e12a23,
174020ef,
01412703,
01812e83,
02aa9c23,
07f77713,
f00ef793,
00f767b3,
0807e793,
00fb1023,
e5775ce3,
00042703,
fffc8c93,
140a0263,
00040793,
00070413,
e55ff06f,
d80416e3,
00c12783,
000a2023,
00100713,
12e78a63,
01012403,
001d9d93,
d61ff06f,
000d0793,
fffc0c13,
000d2d03,
e20a12e3,
e49ff06f,
00040793,
00040d13,
00000c13,
000d8c93,
00078413,
dbdff06f,
01c12503,
00078613,
00512c23,
01d12a23,
02c010ef,
03cad783,
01412e83,
01812283,
3e078063,
01051b93,
038ad783,
410bdb93,
ec9ff06f,
02100693,
00b6e463,
02200713,
002a9683,
000a9603,
014aa583,
018aa503,
00512c23,
01d12a23,
494010ef,
03ead783,
01412e83,
01812283,
fa079ee3,
02aa9f23,
fb5ff06f,
000d0a13,
01412823,
00070d13,
d39ff06f,
01c12503,
00078613,
01d12a23,
7ad000ef,
03cad783,
01412e83,
36078663,
01051713,
038ad783,
41075713,
ebdff06f,
02100693,
00b6e463,
02200713,
002a9683,
000a9603,
014aa583,
018aa503,
01d12a23,
41c010ef,
03ead783,
01412e83,
fc0792e3,
02aa9f23,
fbdff06f,
00040a13,
01412823,
00070413,
cc5ff06f,
01012403,
00042783,
00040a13,
0007aa83,
0047a703,
004aa683,
00d7a223,
00eaa223,
0007a703,
00072703,
00e7a023,
000aa023,
1804c263,
004a2783,
00279783,
00978c63,
000a2a03,
fe0a18e3,
00042783,
00078a13,
02078263,
00442783,
00098593,
00079503,
6dc020ef,
000a2a03,
00050993,
fe0a14e3,
00042783,
0047a703,
004aa683,
00100e93,
00eaa223,
0007a703,
00d7a223,
00100f93,
00eaa023,
0157a023,
00200293,
00300393,
00040713,
00000613,
00000413,
00000f13,
001f0f13,
1bd05c63,
00072783,
00100813,
04078263,
05fe8263,
0007a783,
00200813,
02078a63,
025e8a63,
0007a783,
00300813,
02078263,
027e8263,
0007a783,
00400813,
00078a63,
01d80a63,
0007a783,
00180813,
fe079ae3,
00000793,
00070593,
000e8513,
00078713,
07005c63,
14050063,
12070e63,
0045a883,
00472303,
00089683,
01069793,
0107d793,
f006f693,
0087d793,
00d7e7b3,
00f89023,
00031783,
00231e03,
01079693,
0106d693,
f007f793,
0086d693,
00d7e7b3,
00f31023,
00289783,
0afe4e63,
0005a683,
fff80813,
10060863,
00058793,
00068593,
00f62023,
00078613,
f90048e3,
0aa05863,
0a070863,
04081263,
00070793,
fff50513,
00072703,
fc061ee3,
00078613,
00060413,
f65ff06f,
004a2783,
0007c783,
e9278ce3,
000a2a03,
fe0a18e3,
00042783,
00078a13,
e80792e3,
ea1ff06f,
0045a683,
00472883,
00069783,
01079313,
01035313,
00835313,
f007f793,
0067e7b3,
00f69023,
00089783,
00289e03,
01079313,
01035313,
f007f793,
00835313,
0067e7b3,
00f89023,
00269783,
f4fe56e3,
00072683,
fff50513,
06060463,
00070793,
00068713,
f49ff06f,
e6071ae3,
00062023,
07ff0063,
001e9e93,
e4041ae3,
00002023,
00100073,
00058793,
fff80813,
0005a583,
f0061ee3,
f41ff06f,
00070793,
00070593,
00000813,
000e8513,
00078713,
e95ff06f,
00058613,
00060413,
00068593,
e85ff06f,
00070613,
00060413,
00068713,
e75ff06f,
00042483,
02048063,
00442783,
00098593,
00079503,
484020ef,
0004a483,
00050993,
fe0494e3,
05c12083,
05812403,
05412483,
05012903,
04812a03,
04412a83,
04012b03,
03c12b83,
03812c03,
03412c83,
03012d03,
02c12d83,
00098513,
04c12983,
06010113,
00008067,
02aa9e23,
c21ff06f,
02aa9e23,
c95ff06f,
00000993,
00000913,
909ff06f,
00002783,
00100073,
fc010113,
03412423,
03512223,
03612023,
01812c23,
01912a23,
02112e23,
02812c23,
02912a23,
03212823,
03312623,
01712e23,
01a12823,
01b12623,
00058b13,
00060a93,
00100a13,
00100c13,
00200c93,
0e050a63,
00000b93,
00000493,
00000d13,
001b8b93,
13405663,
00052403,
00100993,
04040463,
058a0463,
00042403,
00200993,
02040c63,
039a0c63,
00042403,
00300993,
02040463,
00300793,
02fa0263,
00042403,
00400993,
00040a63,
013a0a63,
00042403,
00198993,
fe041ae3,
00000413,
000a0d93,
00050913,
03305e63,
080d8263,
08040063,
00442583,
00492503,
000a8613,
000b00e7,
08a04a63,
00092703,
fff98993,
0a048c63,
0124a023,
00090493,
00070913,
fd3048e3,
00040513,
03b05463,
02040463,
fc0992e3,
00042403,
fffd8d93,
0a048663,
00a4a023,
00050493,
00040513,
ffb040e3,
f2041ae3,
0004a023,
098b8e63,
000d0513,
001a1a13,
f0051ae3,
00002023,
00100073,
00092683,
fff98993,
06048063,
00040713,
00090413,
00068913,
0084a023,
00040493,
00070413,
f55ff06f,
00042703,
fffd8d93,
fe0494e3,
00040493,
00048d13,
00070413,
f39ff06f,
00050413,
00000993,
000a0d93,
00050913,
f25ff06f,
00090493,
00048d13,
00070913,
f15ff06f,
00090493,
00048d13,
00068913,
f05ff06f,
00050493,
00048d13,
ef9ff06f,
03c12083,
03812403,
03412483,
03012903,
02c12983,
02812a03,
02412a83,
02012b03,
01c12b83,
01812c03,
01412c83,
00c12d83,
000d0513,
01012d03,
04010113,
00008067,
01400793,
02f55733,
0005a023,
00058513,
01058693,
00858e93,
ffff87b7,
08078793,
ffe70593,
00359293,
005502b3,
00552223,
00029123,
00452703,
00259f13,
01e28f33,
00f71023,
00428813,
2256f063,
00828893,
00052703,
03e8f863,
ffff87b7,
01d52023,
00e52423,
01052623,
fff00713,
fff7c793,
00e29223,
00f29323,
00052703,
00088813,
00068e93,
14058863,
01061393,
ffff8fb7,
0103d393,
00000893,
ffffcf93,
fffec793,
00f287b3,
0037d793,
0017f793,
000e8313,
06078263,
01089693,
0106d693,
00d3c7b3,
00379793,
0076f693,
0787f793,
00d7e7b3,
00879693,
00d787b3,
01079793,
008e8313,
4107d793,
14537c63,
00480693,
15e6f863,
00eea023,
01d52023,
010ea223,
00f81023,
01f81123,
00188893,
0cb88463,
00052703,
00068813,
01089693,
0106d693,
00d3c7b3,
00379793,
0076f693,
0787f793,
00d7e7b3,
00879693,
00d787b3,
01079793,
00830e13,
00480693,
4107d793,
00030e93,
0e5e7863,
0fe6f663,
00e32023,
00652023,
01032223,
00188893,
00f81023,
01f81123,
00068813,
01089693,
0106d693,
00d3c7b3,
00379793,
0076f693,
0787f793,
00d7e7b3,
00879693,
00d787b3,
00480693,
02b88c63,
01079793,
00052703,
4107d793,
000e0e93,
01030313,
09e6f663,
00ee2023,
01c52023,
010e2223,
00f81023,
01f81123,
00188893,
f4b890e3,
00052703,
00072783,
04078a63,
00500793,
02f5d5b3,
00004e37,
20000813,
00100693,
fffe0e13,
00d648b3,
70087793,
0117e7b3,
01c7f7b3,
00472883,
10080313,
02b6ee63,
00f89123,
00072703,
01031813,
00168693,
00072783,
01085813,
fc0796e3,
00000613,
fffff597,
37458593,
bbdff06f,
00188893,
e5159ee3,
f91ff06f,
00d89123,
00072703,
01031813,
00168693,
00072783,
01085813,
f8079ae3,
fc9ff06f,
00052703,
e19ff06f,
fc010113,
02112e23,
70050e63,
03412423,
01071a13,
02912a23,
03212823,
03312623,
03512223,
01712e23,
01812c23,
01912a23,
00050813,
00058c93,
00060993,
00068c13,
00151493,
00060b93,
00060793,
02812c23,
03612023,
01a12823,
01b12623,
00070913,
010a5a13,
00000a93,
00100693,
00200613,
00300593,
00400513,
00500893,
00600313,
00700e93,
00800e13,
00900f93,
00a00f13,
0007d703,
00ea0733,
00e79023,
0ad80a63,
0027d703,
00ea0733,
00e79123,
0ac80263,
0047d703,
00ea0733,
00e79223,
08b80a63,
0067d703,
00ea0733,
00e79323,
08a80263,
0087d703,
00ea0733,
00e79423,
07180a63,
00a7d703,
00ea0733,
00e79523,
06680263,
00c7d703,
00ea0733,
00e79623,
05d80a63,
00e7d703,
00ea0733,
00e79723,
05c80263,
0107d703,
00ea0733,
00e79823,
03f80a63,
0127d703,
00078293,
00a00393,
00ea0733,
00e79923,
01e80e63,
0142d703,
00228293,
00138393,
00ea0733,
00e29923,
fe7816e3,
001a8413,
009787b3,
00880663,
00040a93,
f31ff06f,
00241b13,
000c8713,
00098793,
00000613,
00100593,
00200513,
00300813,
00400893,
00500313,
00600e13,
00700f13,
00800e93,
00900293,
00a00f93,
00079683,
032686b3,
00d72023,
0cb40063,
00279683,
032686b3,
00d72223,
0aa40863,
00479683,
032686b3,
00d72423,
0b040063,
00679683,
032686b3,
00d72623,
09140863,
00879683,
032686b3,
00d72823,
08640063,
00a79683,
032686b3,
00d72a23,
07c40863,
00c79683,
032686b3,
00d72c23,
07e40063,
00e79683,
032686b3,
00d72e23,
05d40863,
01079683,
032686b3,
02d72023,
04540063,
01279683,
00070d93,
00078d13,
032686b3,
00a00393,
02d72223,
03f40263,
014d1683,
004d8d93,
00038093,
032686b3,
002d0d13,
00138393,
02dda223,
ff5092e3,
00160693,
009787b3,
01670733,
01560663,
00068613,
f21ff06f,
016c8d33,
40800db3,
fffff7b7,
00f96933,
000d0593,
00000513,
00000693,
00000713,
00000313,
003d9d93,
416588b3,
00088793,
00068813,
0007a683,
01051613,
01065613,
00d70733,
00a60513,
48e95e63,
01051513,
00478793,
41055513,
00000713,
fcb79ae3,
00130793,
41b885b3,
01530663,
00078313,
fb9ff06f,
00000593,
49d010ef,
00050593,
009c08b3,
000c8813,
00000313,
00131693,
00082023,
00d986b3,
000c0793,
00000613,
00069703,
00079503,
00278793,
00268693,
02a70733,
00e60633,
00c82023,
ff1792e3,
00480813,
00830333,
fda812e3,
00000513,
00000713,
00000613,
00000313,
416d08b3,
00088793,
00070693,
0007a703,
01051813,
01085813,
00e6a6b3,
00e60633,
00d80533,
40c94063,
01051513,
00478793,
41055513,
fda79ae3,
00130793,
41b88d33,
01530663,
00078313,
fb9ff06f,
3ed010ef,
00050593,
000c8f13,
00098e93,
00000f93,
000c0313,
000f0893,
00000e13,
0008a023,
00030513,
000e8613,
00000693,
00000713,
00061783,
00051803,
00170713,
00260613,
030787b3,
00950533,
00f686b3,
00d8a023,
fe8760e3,
001e0e13,
00488893,
00230313,
fa8e6ee3,
001f8f93,
009e8eb3,
016f0f33,
fa8fe0e3,
00000893,
00000513,
00000713,
00000813,
00000313,
00289693,
00dc86b3,
00070793,
0006a703,
01051513,
01055513,
00e7a7b3,
00e80833,
00000613,
00f507b3,
03094c63,
01079513,
00160613,
41055513,
00468693,
04867063,
00070793,
0006a703,
01051513,
01055513,
00e7a7b3,
00e80833,
00f507b3,
fd0958e3,
00a50513,
01051513,
00160613,
41055513,
00468693,
00000813,
fc8664e3,
00130313,
008888b3,
f6836ee3,
2d9010ef,
00050593,
000c8f13,
00098e93,
00000f93,
000c0313,
000f0893,
00000e13,
0008a023,
00030813,
000e8513,
00000613,
00000693,
00081703,
00051783,
00168693,
00250513,
02e787b3,
00980833,
4027d713,
4057d793,
00f77713,
07f7f793,
02f707b3,
00f60633,
00c8a023,
fc86e6e3,
001e0e13,
00488893,
00230313,
fa8e64e3,
001f8f93,
009e8eb3,
016f0f33,
f88fe6e3,
00000313,
00000513,
00000613,
00000793,
00000e13,
00231713,
00ec8733,
00060893,
00000693,
00072603,
01051813,
01085813,
00c787b3,
00a80513,
02f95263,
01051513,
00168693,
41055513,
00470713,
00000793,
0286f463,
00060893,
fcdff06f,
00c8a8b3,
01180833,
01081513,
00168693,
41055513,
00470713,
fe86e0e3,
001e0e13,
00830333,
f88e6ae3,
1c9010ef,
0009d783,
00100693,
00000713,
414787b3,
00f99023,
0ed40e63,
00200693,
00300613,
00400593,
00500813,
00600893,
00700e13,
00800313,
00900f13,
00a00e93,
0029d783,
414787b3,
00f99123,
0ad40463,
0049d783,
414787b3,
00f99223,
08c40c63,
0069d783,
414787b3,
00f99323,
08b40463,
0089d783,
414787b3,
00f99423,
07040c63,
00a9d783,
414787b3,
00f99523,
07140463,
00c9d783,
414787b3,
00f99623,
05c40c63,
00e9d783,
414787b3,
00f99723,
04640463,
0109d783,
414787b3,
00f99823,
03e40c63,
0129d783,
000b8f93,
00a00293,
414787b3,
00f99923,
03d40063,
014fd783,
002f8f93,
00028393,
414787b3,
00ff9923,
00128293,
ff5394e3,
00170713,
009b8bb3,
00877c63,
000bd783,
000b8993,
414787b3,
00fb9023,
f31ff06f,
03812403,
03c12083,
01051513,
03412483,
03012903,
02c12983,
02812a03,
02412a83,
02012b03,
01c12b83,
01812c03,
01412c83,
01012d03,
00c12d83,
41055513,
04010113,
00008067,
00000593,
06d010ef,
00050593,
00000513,
061010ef,
00050593,
00000513,
055010ef,
00050593,
00000513,
049010ef,
03c12083,
01051513,
41055513,
04010113,
00008067,
00d82833,
01060633,
01061513,
00478793,
41055513,
b2b79ce3,
b65ff06f,
00a80813,
01081513,
00478793,
41055513,
00000613,
bda798e3,
bfdff06f,
ff010113,
00812423,
00112623,
00060413,
00852683,
00452603,
00058713,
00c52583,
00052503,
841ff0ef,
00040593,
00812403,
00c12083,
01010113,
7c00106f,
fe010113,
00912c23,
01312823,
01412623,
00050793,
00061463,
00100613,
44078463,
00800713,
0af77663,
02000713,
3ef77e63,
04800713,
3ef77063,
08000713,
3cf77263,
0c800713,
3af77463,
12000713,
40f77263,
18800713,
3ef77463,
20000713,
0cf77063,
28800713,
36f77a63,
32000713,
34f77c63,
3c800713,
32f77e63,
00b00393,
00038493,
00138393,
02738733,
00371713,
fef768e3,
02948733,
fff58793,
ffc7f793,
00478a13,
000a0e93,
00000513,
00171713,
00ea09b3,
02048c63,
00048513,
00812e23,
01212a23,
01512423,
00038793,
00070493,
0840006f,
fff58793,
ffc7f793,
00478a13,
000a0993,
00000513,
00000493,
009987b3,
fff78793,
ffc7f793,
00478793,
0146a223,
0136a423,
00f6a623,
00a6a023,
01812483,
01012983,
00c12a03,
02010113,
00008067,
00812e23,
01212a23,
01512423,
00800793,
fff78513,
02a504b3,
fff58e93,
ffcefe93,
004e8e93,
000e8a13,
00078393,
00149493,
009e89b3,
00100a93,
000102b7,
00000413,
00000913,
413e8eb3,
40fa8ab3,
fff28293,
415007b3,
00141893,
0037f793,
007a8833,
013888b3,
0e078863,
00100713,
08e78e63,
00200713,
04e78663,
030607b3,
01081313,
01035313,
011e8e33,
00180813,
00288893,
41f7d613,
01065613,
00c787b3,
0057f7b3,
40c78633,
00c30733,
01071713,
01075713,
006705b3,
fee89f23,
0ff5f713,
00ee1023,
030607b3,
01081313,
01035313,
011e8e33,
00180813,
00288893,
41f7d613,
01065613,
00c787b3,
0057f7b3,
40c78633,
00c30733,
01071713,
01075713,
006705b3,
fee89f23,
0ff5f713,
00ee1023,
030607b3,
01081313,
01035313,
011e8e33,
00288893,
00180813,
41f7d613,
01065613,
00c787b3,
0057f7b3,
40c78633,
00c30733,
01071713,
01075713,
006705b3,
fee89f23,
0ff5f713,
00ee1023,
12780263,
030607b3,
00180f93,
01081313,
01035313,
00280813,
011e8e33,
00288f13,
00488893,
41f7d613,
01065613,
00c787b3,
0057f7b3,
40c78633,
03f607b3,
00c30733,
01071713,
01075713,
006705b3,
010f9313,
fee89e23,
01035313,
0ff5f713,
00ee1023,
41f7d613,
01065613,
00c787b3,
0057f7b3,
40c78633,
030607b3,
00c30733,
01071713,
01075713,
006705b3,
01081313,
002f8813,
fee89f23,
01035313,
0ff5f713,
41f7d613,
01065613,
00c787b3,
0057f7b3,
40c78633,
030607b3,
01ee8e33,
00ee1023,
00c30733,
01071713,
01075713,
006705b3,
01081313,
00e89023,
011e8e33,
41f7d613,
01065613,
00c787b3,
0057f7b3,
0ff5f713,
01035313,
40c78633,
00ee1023,
00c30733,
01071713,
01075713,
006705b3,
00ef1223,
01ee8e33,
0ff5f713,
003f8813,
00ee1223,
006f0893,
ee7812e3,
00190913,
00a383b3,
00a40433,
dca918e3,
01c12403,
01412903,
00812a83,
d3dff06f,
00812e23,
01212a23,
01512423,
00b00793,
d6dff06f,
00812e23,
01212a23,
01512423,
00a00793,
d59ff06f,
00812e23,
01212a23,
01512423,
00900793,
d45ff06f,
00812e23,
01212a23,
01512423,
00500793,
d31ff06f,
00812e23,
01212a23,
01512423,
00400793,
d1dff06f,
00812e23,
01212a23,
01512423,
00300793,
d09ff06f,
00812e23,
01212a23,
01512423,
00200793,
cf5ff06f,
00812e23,
01212a23,
01512423,
00700793,
ce1ff06f,
00812e23,
01212a23,
01512423,
00600793,
ccdff06f,
00812e23,
01212a23,
01512423,
cbdff06f,
f7010113,
07312e23,
07412c23,
07712623,
08112623,
08812423,
08912223,
09212023,
07512a23,
07612823,
07812423,
07912223,
07a12023,
05b12e23,
0005c803,
02012823,
00012823,
02012a23,
00012a23,
02012c23,
00012c23,
02012e23,
00012e23,
04012023,
02012023,
04012223,
02012223,
04012423,
02012423,
04012623,
02012623,
00058393,
00060a13,
00078593,
00068993,
00050793,
00070b93,
5c080e63,
00080713,
00038893,
00000c93,
00000d93,
00000c13,
00012623,
00000a93,
00000b13,
00000413,
00000293,
00000513,
00000f93,
00000913,
00000093,
02c00613,
02d00e93,
04500f13,
00900313,
02e00e13,
02b00493,
26c70c63,
07d70063,
04eefc63,
2bc70063,
fd070713,
0ff77713,
08e36a63,
0018c703,
00188693,
03012883,
00188893,
03112823,
02070263,
06c70863,
fd070893,
0ff8f893,
1dc70263,
25136a63,
0016c703,
00168693,
fe0712e3,
00068893,
00400693,
06c0006f,
04971663,
0018c703,
00188693,
03012883,
00188893,
03112823,
52070663,
24c70663,
fd070513,
0ff57513,
001f8f93,
1ea36c63,
0016c703,
00168693,
4e070e63,
00100513,
f8c71ce3,
00400d13,
1a40006f,
03012703,
00108093,
00188893,
00170713,
02e12823,
00100913,
00100693,
00269693,
04068713,
01010693,
00d706b3,
fc06ad03,
0008c703,
001d0d13,
fda6a023,
f0071ce3,
000c8463,
05b12423,
000c0663,
00c12703,
02e12e23,
000a8463,
05612223,
00040463,
04512023,
00050463,
03f12c23,
00090463,
02112a23,
00f387b3,
02f3fa63,
00100693,
00038713,
02c00513,
1cdb9263,
00074683,
0146c633,
00a68463,
00c70023,
00170713,
fef766e3,
0003c803,
42080663,
04812c83,
04412a03,
04012f03,
03c12c03,
03812e83,
03412283,
00038d13,
00000b13,
00000a93,
00000913,
00000093,
00000f93,
00000493,
02c00613,
02d00313,
04500e13,
00900513,
02e00893,
02b00413,
34c80e63,
1e680e63,
25037063,
39180263,
fd080813,
0ff87813,
23056a63,
03012683,
001d4803,
001d0713,
00168693,
02d12823,
02080263,
20c80663,
fd080693,
0ff6f693,
2b180463,
32d56c63,
00174803,
00170713,
fe0812e3,
00070d13,
00400713,
20c0006f,
0016c703,
00128293,
00168693,
00100413,
3e070863,
02c70863,
fd070893,
0df77713,
0ff8f893,
39e70c63,
0b136c63,
0016c703,
00168693,
fe0710e3,
00068893,
00500693,
e85ff06f,
00500d13,
002d1d13,
040d0713,
01010893,
01170d33,
0016c703,
00168893,
fc0d2683,
00168693,
fcdd2023,
e6070ee3,
d8c718e3,
00088693,
00000d13,
fcdff06f,
05c70663,
00168893,
00100513,
00100693,
e35ff06f,
00168893,
00128293,
00100413,
00100693,
e21ff06f,
0018c703,
00188693,
03012883,
00188893,
03112823,
f4071ce3,
f79ff06f,
00200d13,
f81ff06f,
0016c703,
00168693,
2c070c63,
00100513,
f39ff06f,
00168893,
001b0b13,
00100a93,
00100693,
dd5ff06f,
00074683,
0146c633,
00a68463,
00c70023,
01770733,
fef766e3,
0003c803,
e40812e3,
02f3f063,
02c00613,
0003c703,
013746b3,
00c70463,
00d38023,
017383b3,
fef3e6e3,
03010493,
01010413,
00048913,
00042503,
00440413,
00448493,
231000ef,
00050593,
ffc4a503,
225000ef,
00050593,
ff2410e3,
08c12083,
08812403,
08412483,
08012903,
07c12983,
07812a03,
07412a83,
07012b03,
06c12b83,
06812c03,
06412c83,
06012d03,
05c12d83,
09010113,
00008067,
03012803,
001d4683,
001d0713,
00180813,
03012823,
2e068063,
18c68a63,
fd068813,
0ff87813,
001e8e93,
15056063,
00174803,
00170713,
2a080863,
00100f93,
dec81ee3,
00400693,
0ec0006f,
fa880ce3,
03012703,
00128293,
001d0d13,
00170713,
02e12823,
00100493,
00100713,
00271713,
01010693,
04070713,
00d70733,
fc072683,
000d4803,
00168693,
fcd72023,
d6081ce3,
000b0463,
05912423,
000a8463,
03812e23,
00090463,
05412223,
00008463,
05e12023,
000f8463,
03d12c23,
00048463,
02512a23,
ecf3fce3,
00100713,
eaeb9ae3,
02c00613,
0003c703,
013746b3,
00c70463,
00d38023,
00138393,
fef3e6e3,
eb1ff06f,
00174683,
001f0f13,
00170713,
00100093,
1c068863,
02c68863,
fd068813,
0df6f693,
0ff87813,
19c68063,
0b056c63,
00174683,
00170713,
fe0690e3,
00070d13,
00500713,
f41ff06f,
00500693,
00269693,
01010813,
04068693,
010686b3,
fc06ad83,
00174803,
00170d13,
001d8713,
fce6a023,
f2080ce3,
cac816e3,
000d0713,
00000693,
fcdff06f,
05168663,
00170d13,
00100f93,
00100713,
ef1ff06f,
00170d13,
001f0f13,
00100093,
00100713,
eddff06f,
03012803,
001d4683,
001d0713,
00180813,
03012823,
f4069ce3,
f79ff06f,
00200693,
f81ff06f,
00174683,
00170713,
0c068063,
00100f93,
f39ff06f,
00170d13,
001a0a13,
00100913,
00100713,
e91ff06f,
eef3e6e3,
db5ff06f,
00a387b3,
b8f3eee3,
da9ff06f,
00068893,
00100513,
00400693,
b29ff06f,
00068893,
00200693,
b1dff06f,
00068893,
00100513,
00500693,
b0dff06f,
0016c703,
001b0b13,
00168893,
04070463,
02c00a93,
0d570863,
00c12883,
fd570713,
0fd77713,
00188893,
01112623,
0c070463,
00268893,
00100c13,
00100a93,
00100693,
ac9ff06f,
00068893,
00100413,
00500693,
ab9ff06f,
00100a93,
00300693,
aadff06f,
00070d13,
00100f93,
00500713,
de1ff06f,
00174683,
001a0a13,
00170d13,
04068063,
02c00813,
0d068e63,
fd568693,
0fd6f693,
001c0c13,
0c068e63,
00270d13,
00100a93,
00100913,
00100713,
da5ff06f,
00070d13,
00100093,
00500713,
d95ff06f,
00100913,
00300713,
d89ff06f,
00070d13,
00100f93,
00400713,
d79ff06f,
00070d13,
00200713,
d6dff06f,
00088693,
00100a93,
00300d13,
b9dff06f,
0026c703,
00268893,
0e070063,
0f570e63,
fd070713,
0ff77713,
00900893,
001d8d93,
0ee8ee63,
0036c703,
00368693,
12070a63,
03570463,
00900a93,
02c00893,
fd070713,
0ff77713,
14eae663,
0016c703,
00168693,
10070863,
ff1714e3,
00100c93,
00100c13,
00100a93,
00700d13,
b31ff06f,
000d0713,
00100913,
00300693,
da9ff06f,
00274683,
00270d13,
06068a63,
0b068663,
fd068693,
0ff6f693,
00900913,
001c8c93,
0ad96663,
00374683,
00370713,
0c068863,
03068463,
00900913,
02c00813,
fd068693,
0ff6f693,
0ed96863,
00174683,
00170713,
0a068663,
ff0694e3,
00100b13,
00100a93,
00100913,
00700693,
d3dff06f,
00100c13,
00100a93,
00600693,
921ff06f,
00100a93,
00100913,
00600713,
c55ff06f,
00088693,
00100c13,
00100a93,
00600d13,
a81ff06f,
00368893,
00100c93,
00100c13,
00100a93,
00100693,
8e5ff06f,
000d0713,
00100a93,
00100913,
00600693,
cddff06f,
00370d13,
00100b13,
00100a93,
00100913,
00100713,
bfdff06f,
00068893,
00100c93,
00100c13,
00100a93,
00700693,
8a1ff06f,
00070d13,
00100b13,
00100a93,
00100913,
00700713,
bcdff06f,
00168893,
00108093,
00100c93,
00100c13,
00100a93,
00100913,
00100693,
869ff06f,
00170d13,
00128293,
00100b13,
00100a93,
00100913,
00100493,
00100713,
b8dff06f,
fff50893,
00100793,
00050813,
00060513,
2317f063,
00158693,
0036d793,
0076f713,
00700613,
01069693,
0106d693,
0037f793,
00000593,
0ac70263,
00400613,
14e66463,
ffd70713,
01071713,
01075713,
00100613,
00279793,
0ce66e63,
23418713,
00f707b3,
0007a703,
00168693,
01069693,
00958e13,
0106d693,
131e7a63,
00b507b3,
00170613,
40c78633,
00363613,
06061263,
00f76633,
00367613,
04061c63,
00072603,
00c7a023,
00472703,
00e7a223,
00058313,
00800713,
000e0593,
00e50733,
00670733,
02c00613,
00c70023,
0036d793,
0076f713,
00700613,
0037f793,
f6c712e3,
21418713,
00279793,
00f707b3,
0007a703,
f7dff06f,
00074603,
00c78023,
00174603,
00c780a3,
00274603,
00c78123,
00374603,
00c781a3,
00474603,
00c78223,
00574603,
00c782a3,
00674603,
00c78323,
00774703,
00e783a3,
f7dff06f,
24418713,
00168693,
00f707b3,
01069693,
00558713,
0007a783,
0106d693,
05177e63,
0007ce03,
00b50633,
00058313,
01c60023,
0017ce03,
00070593,
00400713,
01c600a3,
0027ce03,
01c60123,
0037c783,
00f601a3,
f35ff06f,
22418713,
00279793,
00168693,
00f707b3,
01069693,
00958e13,
0007a703,
0106d693,
ed1e6ae3,
0905f863,
00b507b3,
00078023,
00158793,
0907f263,
00f507b3,
00078023,
00258793,
0707fa63,
00f507b3,
00078023,
00358793,
0707f263,
00f507b3,
00078023,
00458793,
0507fa63,
00f507b3,
00078023,
00558793,
0507f263,
00f507b3,
00078023,
00658793,
0307fa63,
00f507b3,
00078023,
00758593,
0305f263,
00b507b3,
00078023,
00158593,
feb81ae3,
00008067,
00000593,
f79ff06f,
00008067,
00008067,
00500793,
04a7e263,
25418713,
00251513,
00e50533,
00052783,
00e787b3,
00078067,
4d81a503,
00008067,
4981a503,
00008067,
49c1a503,
00008067,
4dc1a503,
00008067,
4e01a503,
00008067,
00000513,
00008067,
0ff57713,
00b74633,
00167613,
00175693,
0015d793,
22060a63,
0000a637,
00160613,
00c7c7b3,
00f6c6b3,
0016f693,
00275713,
0017d793,
00068863,
0000a6b7,
00168693,
00d7c7b3,
00f746b3,
0016f693,
00175713,
0017d793,
00068863,
0000a6b7,
00168693,
00d7c7b3,
00f746b3,
0016f693,
00175713,
0017d793,
00068863,
0000a6b7,
00168693,
00d7c7b3,
00f746b3,
0016f693,
00175713,
0017d793,
00068863,
0000a6b7,
00168693,
00d7c7b3,
00f746b3,
0016f693,
00175713,
0017d793,
00068863,
0000a6b7,
00168693,
00d7c7b3,
00f746b3,
0016f693,
00175713,
0017d793,
14068a63,
0000a6b7,
00168693,
00d7c7b3,
00f74733,
00177713,
0017d793,
00070863,
0000a737,
00170713,
00e7c7b3,
00855713,
00f74733,
00177713,
00955513,
0017d793,
00070863,
0000a737,
00170713,
00e7c7b3,
00f54733,
00177713,
ffffa6b7,
00168693,
40e00733,
00d77733,
0017d793,
00f74733,
01071713,
01075713,
00155793,
00e7c7b3,
0017f793,
40f007b3,
00d7f7b3,
00175713,
00e7c7b3,
01079793,
0107d793,
00255713,
00f74733,
00177713,
40e00733,
00d77733,
0017d793,
00f74733,
01071713,
01075713,
00355793,
00e7c7b3,
0017f793,
40f007b3,
00d7f7b3,
00175713,
00e7c7b3,
01079793,
0107d793,
00455713,
00f74733,
00177713,
40e00733,
00d77733,
0017d793,
00f74733,
01071713,
01075713,
00555793,
00e7c7b3,
0017f793,
40f007b3,
00d7f7b3,
00175713,
00e7c7b3,
01079793,
0107d793,
00655513,
00f54533,
00157513,
40a00533,
00d57533,
0017d793,
00f54533,
01051513,
01055513,
00008067,
00f74733,
00177713,
0017d793,
ec0706e3,
0000a737,
00170713,
00e7c7b3,
ebdff06f,
00f6c6b3,
0016f693,
00275713,
0025d793,
de0686e3,
0000a6b7,
00168693,
00d7c7b3,
dddff06f,
0ff57693,
00b6c833,
01051713,
00187813,
01075713,
0016d613,
0015d793,
4a080063,
0000a5b7,
00158593,
00b7c7b3,
00f64633,
00167613,
0026d693,
0017d793,
00060863,
0000a637,
00160613,
00c7c7b3,
00f6c633,
00167613,
0016d693,
0017d793,
00060863,
0000a637,
00160613,
00c7c7b3,
00f6c633,
00167613,
0016d693,
0017d793,
00060863,
0000a637,
00160613,
00c7c7b3,
00f6c633,
00167613,
0016d693,
0017d793,
00060863,
0000a637,
00160613,
00c7c7b3,
00f6c633,
00167613,
0016d693,
0017d793,
00060863,
0000a637,
00160613,
00c7c7b3,
00f6c633,
00167613,
0016d693,
0017d793,
3c060063,
0000a637,
00160613,
00c7c7b3,
00f6c6b3,
0016f693,
0017d793,
00068863,
0000a6b7,
00168693,
00d7c7b3,
00875693,
00f6c6b3,
0016f693,
00975713,
0017d793,
00068863,
0000a6b7,
00168693,
00d7c7b3,
00f746b3,
0016f693,
00175713,
0017d793,
00068863,
0000a6b7,
00168693,
00d7c7b3,
00f746b3,
0016f693,
ffffa637,
00160613,
40d006b3,
00c6f6b3,
0017d793,
00f6c7b3,
01079793,
0107d793,
00175693,
00f6c6b3,
0016f693,
40d006b3,
0017d793,
00c6f6b3,
00f6c6b3,
01069693,
0106d693,
00275793,
00d7c7b3,
0017f793,
40f007b3,
0016d693,
00c7f7b3,
00d7c7b3,
01079793,
0107d793,
00375693,
00f6c6b3,
0016f693,
40d006b3,
0017d793,
00c6f6b3,
00f6c6b3,
01069693,
0106d693,
00475793,
00d7c7b3,
0017f793,
40f007b3,
0016d693,
00c7f7b3,
00d7c7b3,
01079793,
0107d793,
00575693,
00f6c6b3,
0016f693,
40d006b3,
0017d793,
00c6f6b3,
00f6c6b3,
01055713,
01069693,
0106d693,
0ff77713,
00d74833,
00187813,
01055513,
00175593,
0016d793,
22080a63,
00c7c7b3,
01079793,
0107d793,
00f5c5b3,
0015f593,
00275713,
0017d793,
00058863,
0000a6b7,
00168693,
00d7c7b3,
00f746b3,
0016f693,
00175713,
0017d793,
00068863,
0000a6b7,
00168693,
00d7c7b3,
00f746b3,
0016f693,
00175713,
0017d793,
00068863,
0000a6b7,
00168693,
00d7c7b3,
00f746b3,
0016f693,
00175713,
0017d793,
00068863,
0000a6b7,
00168693,
00d7c7b3,
00f746b3,
0016f693,
00175713,
0017d793,
00068863,
0000a6b7,
00168693,
00d7c7b3,
00f746b3,
0016f693,
00175713,
0017d793,
14068a63,
0000a6b7,
00168693,
00d7c7b3,
00f74733,
00177713,
0017d793,
00070863,
0000a737,
00170713,
00e7c7b3,
00855713,
00f74733,
00177713,
00955513,
0017d793,
00070863,
0000a737,
00170713,
00e7c7b3,
00f54733,
00177713,
ffffa6b7,
00168693,
40e00733,
00d77733,
0017d793,
00f74733,
01071713,
01075713,
00155793,
00e7c7b3,
0017f793,
40f007b3,
00d7f7b3,
00175713,
00e7c7b3,
01079793,
0107d793,
00255713,
00f74733,
00177713,
40e00733,
00d77733,
0017d793,
00f74733,
01071713,
01075713,
00355793,
00e7c7b3,
0017f793,
40f007b3,
00d7f7b3,
00175713,
00e7c7b3,
01079793,
0107d793,
00455713,
00f74733,
00177713,
40e00733,
00d77733,
0017d793,
00f74733,
01071713,
01075713,
00555793,
00e7c7b3,
0017f793,
40f007b3,
00d7f7b3,
00175713,
00e7c7b3,
01079793,
0107d793,
00655513,
00f54533,
00157513,
40a00533,
00d57533,
0017d793,
00f54533,
01051513,
01055513,
00008067,
00f74733,
00177713,
0017d793,
ec0706e3,
0000a737,
00170713,
00e7c7b3,
ebdff06f,
00f5c5b3,
0015f593,
00275713,
0026d793,
de0586e3,
0000a6b7,
00168693,
00d7c7b3,
dddff06f,
00f6c6b3,
0016f693,
0017d793,
c60680e3,
0000a6b7,
00168693,
00d7c7b3,
c51ff06f,
00f64633,
00167613,
0026d693,
0025d793,
b80600e3,
0000a637,
00160613,
00c7c7b3,
b71ff06f,
0ff57693,
00b6c833,
01051713,
00187813,
01075713,
0016d613,
0015d793,
22080a63,
0000a5b7,
00158593,
00b7c7b3,
00f64633,
00167613,
0026d693,
0017d793,
00060863,
0000a637,
00160613,
00c7c7b3,
00f6c633,
00167613,
0016d693,
0017d793,
00060863,
0000a637,
00160613,
00c7c7b3,
00f6c633,
00167613,
0016d693,
0017d793,
00060863,
0000a637,
00160613,
00c7c7b3,
00f6c633,
00167613,
0016d693,
0017d793,
00060863,
0000a637,
00160613,
00c7c7b3,
00f6c633,
00167613,
0016d693,
0017d793,
00060863,
0000a637,
00160613,
00c7c7b3,
00f6c633,
00167613,
0016d693,
0017d793,
14060a63,
0000a637,
00160613,
00c7c7b3,
00f6c6b3,
0016f693,
0017d793,
00068863,
0000a6b7,
00168693,
00d7c7b3,
00875693,
00f6c6b3,
0016f693,
00975713,
0017d793,
00068863,
0000a6b7,
00168693,
00d7c7b3,
00f746b3,
0016f693,
ffffa637,
00160613,
40d006b3,
00c6f6b3,
0017d793,
00f6c6b3,
01069693,
0106d693,
00175793,
00d7c7b3,
0017f793,
40f007b3,
00c7f7b3,
0016d693,
00d7c7b3,
01079793,
0107d793,
00275693,
00f6c6b3,
0016f693,
40d006b3,
00c6f6b3,
0017d793,
00f6c6b3,
01069693,
0106d693,
00375793,
00d7c7b3,
0017f793,
40f007b3,
00c7f7b3,
0016d693,
00d7c7b3,
01079793,
0107d793,
00475693,
00f6c6b3,
0016f693,
40d006b3,
00c6f6b3,
0017d793,
00f6c6b3,
01069693,
0106d693,
00575793,
00d7c7b3,
0017f793,
40f007b3,
00c7f7b3,
0016d693,
00d7c7b3,
01079793,
0107d793,
00675513,
00f54533,
00157513,
40a00533,
00c57533,
0017d793,
00f54533,
01051513,
01055513,
00008067,
00f6c6b3,
0016f693,
0017d793,
ec0686e3,
0000a6b7,
00168693,
00d7c7b3,
ebdff06f,
00f64633,
00167613,
0026d693,
0025d793,
de0606e3,
0000a637,
00160613,
00c7c7b3,
dddff06f,
00000513,
00008067,
00050813,
00460713,
ffc77713,
f8070513,
00050793,
deadc637,
eef60613,
00c7a023,
00478793,
fef71ce3,
f8d72223,
fab72423,
f9072023,
000087b7,
88078793,
f8f72423,
00008067,
000fd797,
e087a783,
00079663,
000fd797,
e0a7a223,
000fd797,
deb7ac23,
00100793,
000fd717,
def72423,
00008067,
30047573,
00008067,
30051073,
00008067,
00052103,
00812503,
30051073,
0a00006f,
f8010113,
00252023,
00112023,
00112223,
30002573,
00857513,
00050463,
08000513,
00a12423,
00412823,
00512a23,
00612c23,
00712e23,
02812023,
02912223,
02a12423,
02b12623,
02c12823,
02d12a23,
02e12c23,
02f12e23,
05012023,
05112223,
05212423,
05312623,
05412823,
05512a23,
05612c23,
05712e23,
07812023,
07912223,
07a12423,
07b12623,
07c12823,
07d12a23,
07e12c23,
07f12e23,
0005a103,
0040006f,
00012503,
34151073,
00412083,
000082b7,
80028293,
30029073,
00812503,
30052073,
01012203,
01412283,
01812303,
01c12383,
02012403,
02412483,
02812503,
02c12583,
03012603,
03412683,
03812703,
03c12783,
04012803,
04412883,
04812903,
04c12983,
05012a03,
05412a83,
05812b03,
05c12b83,
06012c03,
06412c83,
06812d03,
06c12d83,
07012e03,
07412e83,
07812f03,
07c12f83,
08010113,
30200073,
000fd517,
c9452503,
00008067,
ff010113,
00112623,
00812423,
e95ff0ef,
00050413,
000fd717,
c7470713,
00072783,
00178793,
00f72023,
308010ef,
04052783,
fff78793,
04f52023,
02079c63,
03c52783,
04f52023,
03454783,
0087e793,
02f50a23,
00040513,
e55ff0ef,
6fd000ef,
7c8010ef,
00c12083,
00812403,
01010113,
00008067,
00040513,
e35ff0ef,
fe5ff06f,
02054663,
3e800713,
02e547b3,
06400693,
02d787b3,
02e56533,
02d50533,
3e750513,
02e54533,
00f50533,
00008067,
fff00513,
00008067,
ff010113,
00112623,
bb9fb0ef,
00c12083,
01010113,
00008067,
ff010113,
00112623,
01400893,
00300813,
000027b7,
000fd717,
c2c70713,
00000693,
00000617,
fc860613,
000fc597,
edc58593,
000fd517,
b9450513,
124010ef,
000fd517,
b8850513,
3d0010ef,
00c12083,
01010113,
00008067,
ff010113,
00112623,
d7dff0ef,
835fb0ef,
279000ef,
091010ef,
42d000ef,
f91ff0ef,
099010ef,
104000ef,
5b1000ef,
00000513,
00c12083,
01010113,
00008067,
ff010113,
00112623,
fbdff0ef,
00000513,
00c12083,
01010113,
00008067,
01450713,
4a018793,
0007a683,
00e6a223,
00d52a23,
00e7a023,
00f52c23,
00008067,
ff010113,
00112623,
00812423,
00912223,
4a018793,
0007a403,
00000493,
02f40663,
fec40493,
ce9ff0ef,
00042703,
00442783,
00f72223,
00042703,
00e7a023,
00842223,
00842023,
cd1ff0ef,
00048513,
00c12083,
00812403,
00412483,
01010113,
00008067,
ff010113,
00112623,
00812423,
00912223,
01212023,
00100913,
0080006f,
02049463,
f81ff0ef,
00050413,
fe050ce3,
07052483,
331000ef,
ff2514e3,
00040513,
2d9000ef,
fddff06f,
00040513,
000480e7,
fd5ff06f,
fe010113,
00112e23,
00000613,
000fc597,
d8458593,
00810513,
09d000ef,
02000893,
00700813,
40000793,
000ff717,
a9c70713,
00000693,
00000617,
f7c60613,
00810593,
000ff517,
e8450513,
799000ef,
000ff517,
e7850513,
244010ef,
01c12083,
02010113,
00008067,
ff010113,
00112623,
bf1ff0ef,
000ff797,
ecc7c783,
00178793,
000ff717,
ecf70023,
be1ff0ef,
00c12083,
01010113,
00008067,
ff010113,
00112623,
bc1ff0ef,
000ff797,
e9c7c783,
fff78793,
000ff717,
e8f70823,
bb1ff0ef,
00c12083,
01010113,
00008067,
ff010113,
04087893,
2f018f13,
00088463,
30418f13,
01087893,
02088863,
ffe87813,
02000293,
00287893,
04088663,
02064a63,
00487893,
02b00f93,
04089063,
00281f93,
020fff93,
0340006f,
00187893,
00088663,
03000293,
fd1ff06f,
02000293,
fc9ff06f,
40c00633,
02d00f93,
00000893,
00a00e93,
06c0006f,
00000f93,
fe0618e3,
03000693,
00d10023,
00100893,
00088313,
00f8d463,
00078313,
40670733,
01187693,
08069463,
060f8863,
16e05c63,
fff70693,
ffe70e13,
0cd05063,
00068713,
0600006f,
03d67333,
03d65633,
00188893,
01110e33,
006f0333,
00034303,
fe6e0fa3,
fa0608e3,
ffd680e3,
00f67313,
00465613,
fddff06f,
00150513,
00d50863,
feb57ce3,
00c50023,
ff1ff06f,
40ee0733,
00068513,
020f9063,
0700006f,
fff70e13,
0ee05c63,
00e506b3,
02000613,
fd5ff06f,
000f8a63,
00b57463,
01f50023,
fff70713,
00150513,
01087813,
02080e63,
411306b3,
00d506b3,
03000613,
0668c463,
00050693,
09105663,
08078463,
00088313,
00010513,
01150633,
00068793,
0600006f,
000e0713,
fb5ff06f,
00050693,
00e68533,
00e04c63,
fff70713,
00068513,
fb5ff06f,
00168693,
00a68863,
feb6fce3,
00568023,
ff1ff06f,
fff00713,
f99ff06f,
00150513,
fad502e3,
feb57ce3,
00c50023,
ff1ff06f,
00178793,
fff60613,
00a60a63,
feb7fae3,
fff64803,
01078023,
fe9ff06f,
006686b3,
00e68533,
02000793,
00e04c63,
00068513,
01010113,
00008067,
00168693,
fed50ae3,
feb6fce3,
00f68023,
ff1ff06f,
ffe70713,
f20f88e3,
000e0713,
f11ff06f,
fff70713,
f09ff06f,
00060c63,
00c50633,
00050793,
00178793,
feb78fa3,
fef61ce3,
00008067,
02060463,
00050793,
00158593,
00078693,
00178793,
fff5c703,
fee78fa3,
00070863,
fff60613,
fe0612e3,
00008067,
fff60713,
fe070ce3,
00c686b3,
00178793,
fe078fa3,
fed79ce3,
00008067,
fd010113,
02112623,
01512a23,
01612823,
01712623,
01812423,
00050b13,
00058b93,
00068c13,
00b50ab3,
00aaf663,
fff54b93,
fff00a93,
00064783,
000b0513,
4a078a63,
02812423,
02912223,
03212023,
01312e23,
01412c23,
02b00493,
02000913,
02300993,
03000a13,
0180006f,
00150513,
00060413,
00140613,
00144783,
46078263,
02500713,
00e78863,
ff5572e3,
00f50023,
fddff06f,
00000813,
02d00713,
00c0006f,
01086813,
00040613,
00160413,
00164783,
fee788e3,
00978c63,
01278e63,
03378063,
03479263,
00186813,
fddff06f,
00486813,
fd5ff06f,
00886813,
fcdff06f,
02086813,
fc5ff06f,
00078693,
fd078713,
00900593,
06e5f863,
02a00693,
fff00713,
08d78a63,
00044603,
02e00693,
fff00793,
0ad60263,
00044583,
0fb5f613,
06800693,
10d60a63,
00000593,
00044683,
02500613,
2cc68a63,
fa868613,
0ff67613,
30c96a63,
fa868693,
0ff6f613,
30c96463,
00261693,
26c18613,
00c686b3,
0006a683,
00c686b3,
00068067,
00000713,
00900613,
00140413,
00271793,
00e787b3,
00179793,
00d787b3,
fd078713,
00044683,
fd068793,
fef670e3,
f75ff06f,
00260413,
004c0793,
000c2703,
00078c13,
f60750e3,
40e00733,
01086813,
f55ff06f,
00140693,
00144783,
00078593,
fd078893,
00900613,
01167c63,
02a00613,
04c78a63,
00068413,
00000793,
f39ff06f,
00000613,
00900893,
00168693,
00261793,
00c787b3,
00179793,
00b787b3,
fd078613,
0006c583,
fd058793,
fef8f0e3,
00060793,
fff64613,
41f65613,
00c7f7b3,
00068413,
ef5ff06f,
00240693,
000c2603,
004c0c13,
fddff06f,
00140413,
ef1ff06f,
00800693,
1e00006f,
01087813,
02080a63,
004c0793,
07557063,
000c4603,
00c50023,
00078c13,
00150793,
00100693,
26e6d463,
00070613,
00e50733,
02000693,
0480006f,
fff70693,
2ad05c63,
00d507b3,
02000713,
00c0006f,
00150513,
00a78863,
ff557ce3,
00e50023,
ff1ff06f,
00078513,
00000713,
fa1ff06f,
00078c13,
fadff06f,
00178793,
00f70863,
ff57fce3,
00d78023,
ff1ff06f,
00c50533,
da9ff06f,
004c0893,
000c2603,
04060063,
00000693,
04070263,
00d605b3,
0005c583,
00058663,
00168693,
fed718e3,
00f05663,
00d7d463,
00078693,
01087813,
02080263,
08d05463,
00d507b3,
0700006f,
000fb617,
20460613,
fbdff06f,
00070693,
fd1ff06f,
fff70813,
04e6d063,
00070313,
00068593,
40d707b3,
00f507b3,
02000713,
00c0006f,
00150513,
00f50863,
ff557ce3,
00e50023,
ff1ff06f,
406585b3,
01058733,
00078513,
fa1ff06f,
00080713,
f99ff06f,
00150513,
00160613,
00f50c63,
ff557ae3,
00064583,
00b50023,
fe9ff06f,
00050793,
12e6de63,
40d706b3,
00d78533,
02000713,
00c0006f,
00178793,
00a78863,
ff57fce3,
00e78023,
ff1ff06f,
00088c13,
cb1ff06f,
01912223,
fff00693,
02d70263,
004c0c93,
01000693,
000c2603,
000a8593,
999ff0ef,
000c8c13,
00412c83,
c85ff06f,
00186813,
00800713,
fd9ff06f,
01557663,
02500793,
00f50023,
00150513,
c65ff06f,
04086813,
01000693,
06c00613,
06c58863,
06800613,
06c58a63,
000c2603,
004c0c13,
000a8593,
945ff0ef,
c39ff06f,
00286813,
00a00693,
fd5ff06f,
01557663,
02500793,
00f50023,
00150713,
00044783,
00078a63,
01577463,
00f500a3,
00250513,
c05ff06f,
fff40413,
00070513,
bf9ff06f,
00a00693,
f99ff06f,
01000693,
f91ff06f,
000c2603,
004c0c13,
f9dff06f,
004c0593,
000c2603,
00287893,
00089a63,
01061613,
01065613,
00058c13,
f7dff06f,
01061613,
41065613,
00058c13,
f6dff06f,
00078513,
ba5ff06f,
00088c13,
00078513,
b99ff06f,
02812403,
02412483,
02012903,
01c12983,
01812a03,
000b8663,
03557463,
00050023,
41650533,
02c12083,
01412a83,
01012b03,
00c12b83,
00812c03,
03010113,
00008067,
fe0a8fa3,
fddff06f,
00150513,
00078c13,
b45ff06f,
004c0793,
ff5578e3,
000c4603,
00068713,
d11ff06f,
ff010113,
00112623,
00060693,
00058613,
fff00593,
aa9ff0ef,
00c12083,
01010113,
00008067,
fc010113,
00112e23,
02c12423,
02d12623,
02e12823,
02f12a23,
03012c23,
03112e23,
02810613,
00c12623,
fb5ff0ef,
01c12083,
04010113,
00008067,
fc010113,
00112e23,
00812c23,
02b12223,
02c12423,
02d12623,
02e12823,
02f12a23,
03012c23,
03112e23,
02410693,
00d12623,
00050613,
0ff00593,
000fe517,
61c50513,
a21ff0ef,
00050413,
000fe517,
60c50513,
f05fa0ef,
00040513,
0ff00793,
0087f463,
0ff00513,
01c12083,
01812403,
04010113,
00008067,
ff010113,
00112623,
000fb517,
43050513,
f7dff0ef,
000fb517,
43050513,
f71ff0ef,
000fb797,
44878793,
000fb717,
44c70713,
00100693,
00100613,
00400593,
000fb517,
44450513,
f49ff0ef,
000fb517,
45c50513,
f3dff0ef,
00c12083,
01010113,
00008067,
40a007b3,
00a7f7b3,
02500713,
02e7f7b3,
31818713,
00f707b3,
0007c503,
00008067,
00050793,
4a81a703,
00e50e63,
4b81a703,
00000513,
00f70463,
00008067,
00100513,
0080006f,
00000513,
00451513,
4a818793,
00f50533,
00008067,
fe010113,
00112e23,
00812c23,
00912a23,
01212823,
01312623,
01412423,
00050493,
00058993,
00060a13,
00058513,
f9dff0ef,
00050913,
43c000ef,
00492783,
00490413,
00878663,
0007a783,
fe879ee3,
454000ef,
f809e993,
01348423,
00800613,
000a0593,
00048513,
889ff0ef,
9dcff0ef,
00c48793,
00492703,
00f72223,
00492703,
00e4a623,
00f92223,
0084a823,
9c4ff0ef,
01c12083,
01812403,
01412483,
01012903,
00c12983,
00812a03,
02010113,
00008067,
ff010113,
00112623,
00812423,
00050413,
00050423,
984ff0ef,
00c40793,
00c42683,
01042703,
00e6a223,
00c42683,
00d72023,
00f42823,
00f42623,
968ff0ef,
00c12083,
00812403,
01010113,
00008067,
00850503,
01f55513,
00008067,
000fe797,
52079623,
000fe797,
52c78793,
000fe717,
56470713,
00f7a223,
00f7a023,
00878793,
fee79ae3,
000fe797,
5007a423,
00008067,
ff010113,
00112623,
00812423,
00050413,
8fcff0ef,
000fe797,
4e07a783,
06878c63,
03444783,
ff87f713,
00176713,
02e40a23,
0087f793,
06078a63,
03544683,
01440713,
00369693,
000fe797,
4bc78793,
00d787b3,
0047a683,
00e6a023,
0047a683,
00d42c23,
00e7a223,
00f42a23,
000fe717,
49470713,
03842783,
00072683,
00d7e7b3,
00f72023,
894ff0ef,
00c12083,
00812403,
01010113,
00008067,
03444783,
ff87f793,
0037e793,
02f40a23,
fddff06f,
03544683,
01440713,
00369693,
000fe797,
44c78793,
00d787b3,
0007a683,
00e6a223,
0007a683,
00d42a23,
00e7a023,
00f42c23,
f91ff06f,
ff010113,
00112623,
00812423,
00050413,
820ff0ef,
01440793,
01442683,
01842703,
00e6a223,
01442683,
00d72023,
00f42c23,
00f42a23,
03544783,
00379793,
000fe717,
3e870713,
00e787b3,
0007a703,
00f70c63,
fe9fe0ef,
00c12083,
00812403,
01010113,
00008067,
000fe717,
3bc70713,
03842783,
fff7c793,
00072683,
00d7f7b3,
00f72023,
fd1ff06f,
ff010113,
00112623,
00812423,
000fe517,
39052503,
cfdff0ef,
fff50513,
00351513,
000fe797,
38078793,
00a787b3,
0007a403,
fec40513,
000fe797,
36a7a023,
f41ff0ef,
00300793,
02f40023,
00840513,
f71fe0ef,
00c12083,
00812403,
01010113,
00008067,
fe010113,
00112e23,
00812c23,
f41fe0ef,
00050413,
000fe797,
32479783,
00079863,
000fe517,
31c52503,
00051e63,
00040513,
f25fe0ef,
01c12083,
01812403,
02010113,
00008067,
00912a23,
01212823,
01312623,
c61ff0ef,
fff50513,
00351713,
000fe797,
2e478793,
00e787b3,
0007a903,
fec90993,
000fe497,
2c44a483,
0344c783,
0077f693,
00300713,
04e68c63,
09348e63,
000fe797,
2aa78223,
000fe797,
2b37a023,
00098513,
e7dff0ef,
02094783,
ff87f793,
0037e793,
02f90023,
000fe797,
1787c783,
08078c63,
00890593,
01c48513,
e59fe0ef,
01412483,
01012903,
00c12983,
f55ff06f,
0354c703,
02a76c63,
02a70663,
ff77f793,
02f48a23,
03348a63,
000fe797,
22a78e23,
000fe797,
2337ac23,
00048513,
d39ff0ef,
f91ff06f,
0087f713,
fc071ae3,
ff77f793,
02f48a23,
00048993,
00098513,
df5ff0ef,
000fe717,
20872703,
03474783,
ff87f793,
0037e793,
02f70a23,
01412483,
01012903,
00c12983,
eddff06f,
00890593,
01c48513,
e11fe0ef,
00040513,
df1fe0ef,
01412483,
01012903,
00c12983,
ec1ff06f,
ff010113,
00112623,
dcdfe0ef,
000fe717,
1b470713,
00075783,
00178793,
00f71023,
dbdfe0ef,
00c12083,
01010113,
00008067,
ff010113,
00112623,
d9dfe0ef,
000fe717,
18470713,
00075783,
fff78793,
01079793,
4107d793,
00f71023,
00f05a63,
d81fe0ef,
00c12083,
01010113,
00008067,
000fe797,
14079a23,
d69fe0ef,
000fe797,
1447a783,
fe0780e3,
e05ff0ef,
fd9ff06f,
ff010113,
00112623,
00812423,
00912223,
00050413,
d35fe0ef,
00050493,
ffe00793,
02f42823,
01440793,
01442683,
01842703,
00e6a223,
01442683,
00d72023,
00f42c23,
00f42a23,
00040513,
bf5ff0ef,
00048513,
d01fe0ef,
da9ff0ef,
00c12083,
00812403,
00412483,
01010113,
00008067,
ff010113,
00112623,
00812423,
00912223,
000fe417,
0b442403,
cc5fe0ef,
00050493,
00040513,
c89ff0ef,
04440513,
3b0000ef,
00400793,
02f40a23,
00040513,
f75fe0ef,
00048513,
ca1fe0ef,
d49ff0ef,
00c12083,
00812403,
00412483,
01010113,
00008067,
fe010113,
00112e23,
00812c23,
00912a23,
01212823,
01312623,
01412423,
01512223,
01612023,
00050413,
00060b13,
00068a93,
00070913,
00078993,
00080a13,
00088493,
00058613,
00100593,
9f1ff0ef,
01440793,
00f42c23,
00f42a23,
03642023,
03542223,
03242423,
03342623,
00098613,
02300593,
00090513,
a94ff0ef,
02c42783,
ffc78793,
02842603,
00000697,
f1c68693,
00f60633,
02442583,
02042503,
b75fe0ef,
00a42e23,
03440aa3,
02042c23,
02942e23,
04942023,
02042823,
02040a23,
06042823,
06042a23,
00000793,
00000713,
00040693,
00000617,
e6860613,
00040593,
04440513,
220000ef,
00000513,
01c12083,
01812403,
01412483,
01012903,
00c12983,
00812a03,
00412a83,
00012b03,
02010113,
00008067,
000fe517,
f5852503,
00008067,
03454783,
0057f793,
00100713,
00e78663,
fff00513,
00008067,
ff010113,
00112623,
00812423,
00912223,
00050413,
b39fe0ef,
00050493,
00040513,
afdff0ef,
03444783,
ff87f793,
0027e793,
02f40a23,
04440513,
368000ef,
00048513,
b15fe0ef,
00000513,
00c12083,
00812403,
00412483,
01010113,
00008067,
fe010113,
00112e23,
00812c23,
00912a23,
01212823,
00a12623,
000fe417,
ec042403,
ad1fe0ef,
00050493,
02042823,
00040513,
f5dff0ef,
04440913,
00c10613,
00000593,
00090513,
36c000ef,
00090513,
204000ef,
00048513,
aa5fe0ef,
b4dff0ef,
03042703,
ffe00793,
02f70063,
03042503,
01c12083,
01812403,
01412483,
01012903,
02010113,
00008067,
02042823,
fe1ff06f,
ff010113,
00112623,
c39fe0ef,
f69ff0ef,
00c12083,
01010113,
00008067,
03454783,
0077f793,
00200713,
06e79863,
ff010113,
00112623,
00812423,
00912223,
00050413,
a25fe0ef,
00050493,
01440793,
01442683,
01842703,
00e6a223,
01442683,
00d72023,
00f42c23,
00f42a23,
04440513,
24c000ef,
00040513,
8e5ff0ef,
00048513,
9f1fe0ef,
00000513,
00c12083,
00812403,
00412483,
01010113,
00008067,
fff00513,
00008067,
ff010113,
00112623,
03554683,
00100713,
00d71733,
02e52c23,
00200713,
02e50a23,
f5dff0ef,
000fe797,
d887a783,
00078463,
a49ff0ef,
00000513,
00c12083,
01010113,
00008067,
fe010113,
00112e23,
00812c23,
00912a23,
01212823,
01312623,
01412423,
00050413,
00060a13,
00068993,
00070913,
00078493,
00058613,
00a00593,
f04ff0ef,
ffe4f493,
009404a3,
01442e23,
03342023,
02042423,
03242223,
01440793,
00f42c23,
00f42a23,
01c12083,
01812403,
01412483,
01012903,
00c12983,
00812a03,
02010113,
00008067,
ff010113,
00112623,
00812423,
00050413,
8f1fe0ef,
01440793,
01442683,
01842703,
00e6a223,
01442683,
00d72023,
00f42c23,
00f42a23,
00944783,
ffe7f793,
00f404a3,
8c9fe0ef,
00040513,
f20ff0ef,
00000513,
00c12083,
00812403,
01010113,
00008067,
ff010113,
00112623,
00812423,
00912223,
01212023,
00050413,
889fe0ef,
00050913,
01440493,
01442703,
01842783,
00f72223,
01442703,
00e7a023,
00942c23,
00942a23,
00944783,
ffe7f793,
00f404a3,
9a9fe0ef,
02442783,
00f506b3,
02d42423,
000fe797,
c7c78793,
0047a603,
02f60863,
800005b7,
ffe58593,
0080006f,
02c78063,
00078813,
0007a783,
0147a703,
fee688e3,
40d70733,
fee5e4e3,
00080613,
000fe717,
c3c70713,
00072783,
00178793,
00f72023,
00062783,
0097a223,
00062783,
00f42a23,
00962023,
00c42c23,
00944783,
0017e793,
00f404a3,
00090513,
fd4fe0ef,
00000513,
00c12083,
00812403,
00412483,
00012903,
01010113,
00008067,
00954783,
0017f793,
04078e63,
ff010113,
00112623,
00812423,
00050413,
f90fe0ef,
01440793,
01442683,
01842703,
00e6a223,
01442683,
00d72023,
00f42c23,
00f42a23,
00944783,
ffe7f793,
00f404a3,
f68fe0ef,
00000513,
00c12083,
00812403,
01010113,
00008067,
fff00513,
00008067,
ff010113,
00112623,
00812423,
00912223,
01212023,
00050493,
00058413,
00060913,
f20fe0ef,
00500793,
0287e263,
00241413,
34018713,
00e40433,
00042783,
00e787b3,
00078067,
0244a783,
00f92023,
efcfe0ef,
00000513,
00c12083,
00812403,
00412483,
00012903,
01010113,
00008067,
00092783,
02f4a223,
fd9ff06f,
0094c783,
ffd7f793,
00f484a3,
fc9ff06f,
0094c783,
0027e793,
00f484a3,
fb9ff06f,
0094c783,
0017f793,
00078863,
00100793,
00f92023,
fa1ff06f,
00092023,
f99ff06f,
0284a783,
00f92023,
f8dff06f,
fc010113,
02112e23,
02812c23,
02912a23,
01812c23,
00810793,
00f12623,
00f12423,
fb0fe0ef,
00050493,
e54fe0ef,
00050c13,
000fe797,
a8478793,
0007a403,
10f40e63,
03612023,
fec40b13,
01442783,
40f48533,
800007b7,
ffe78793,
12a7e063,
03212823,
03312623,
03412423,
03512223,
01712e23,
00810a13,
00300b93,
000fe997,
a3c98993,
00078a93,
0740006f,
00812783,
0097a223,
00f42023,
00912423,
01442223,
00842783,
00c42503,
000780e7,
f28fe0ef,
00050913,
00812783,
03478663,
00042703,
00442783,
00f72223,
00042703,
00e7a023,
00942223,
00942023,
ff544783,
0037f713,
05770863,
0009a403,
05340e63,
fec40b13,
01442783,
40f907b3,
08fae663,
00040493,
00042703,
00442783,
00f72223,
00042703,
00e7a023,
00842023,
ff544783,
0027f713,
f60716e3,
ffe7f793,
fef40aa3,
f61ff06f,
ffe7f793,
fef40aa3,
000b0513,
ca5ff0ef,
fa5ff06f,
03012903,
02c12983,
02812a03,
02412a83,
02012b03,
01c12b83,
000c0513,
d28fe0ef,
03c12083,
03812403,
03412483,
01812c03,
04010113,
00008067,
02012b03,
fddff06f,
03012903,
02c12983,
02812a03,
02412a83,
02012b03,
01c12b83,
fc1ff06f,
000fe797,
91878793,
00f7a223,
00f7a023,
00008067,
00008067,
00100837,
fff80813,
fe010113,
00b878b3,
0145d713,
01d55793,
00d87833,
00912a23,
7ff77493,
00389713,
0146d893,
00381813,
01212823,
00e7e7b3,
7ff8f893,
01d65713,
00112e23,
00812c23,
01312623,
01f5d913,
01f6d693,
01076733,
00351513,
00361613,
41148833,
2ad91a63,
11005c63,
04089063,
00c766b3,
66068063,
fff80593,
02059063,
00c50633,
00a636b3,
00e78733,
00060513,
00d707b3,
00100493,
06c0006f,
7ff00693,
02d81063,
7ff00493,
1f80006f,
7ff00693,
1ed48863,
008006b7,
00d76733,
00080593,
03800693,
0ab6c863,
01f00693,
06b6ca63,
02000813,
40b80833,
010716b3,
00b658b3,
01061833,
0116e6b3,
01003833,
0106e6b3,
00b755b3,
00a68533,
00f585b3,
00d536b3,
00d587b3,
00879713,
18075c63,
00148493,
7ff00713,
5ae48a63,
ff800737,
fff70713,
00e7f733,
00155793,
00157513,
00a7e7b3,
01f71513,
00f56533,
00175793,
1640006f,
fe058693,
02000893,
00d756b3,
00000813,
01158863,
04000813,
40b80833,
01071833,
00c86833,
01003833,
0106e6b3,
00000593,
f85ff06f,
00c766b3,
00d036b3,
ff1ff06f,
0c080a63,
409886b3,
02049463,
00a7e5b3,
50058e63,
fff68593,
ee0584e3,
7ff00813,
03069263,
00070793,
00060513,
ef9ff06f,
7ff00593,
feb888e3,
008005b7,
00b7e7b3,
00068593,
03800693,
08b6c063,
01f00693,
04b6c263,
02000813,
40b80833,
010796b3,
00b55333,
01051833,
0066e6b3,
01003833,
0106e6b3,
00b7d5b3,
00c68633,
00e585b3,
00d636b3,
00060513,
00d587b3,
00088493,
ef5ff06f,
fe058693,
02000313,
00d7d6b3,
00000813,
00658863,
04000813,
40b80833,
01079833,
00a86833,
01003833,
0106e6b3,
00000593,
fb5ff06f,
00a7e6b3,
00d036b3,
ff1ff06f,
00148693,
7fe6f593,
08059663,
00a7e6b3,
06049263,
44068863,
00c766b3,
02068863,
00c50633,
00a636b3,
00e78733,
00d707b3,
00879713,
00060513,
00075a63,
ff800737,
fff70713,
00e7f7b3,
00100493,
00757713,
44070863,
00f57713,
00400693,
44d70263,
00450713,
00a736b3,
00d787b3,
00070513,
4300006f,
ec068ee3,
00c76633,
dc060ae3,
00000913,
004007b7,
00000513,
7ff00493,
4100006f,
7ff00593,
3cb68c63,
00c50633,
00a63533,
00e78733,
00a70733,
01f71513,
00165613,
00c56533,
00175793,
00068493,
f8dff06f,
0f005c63,
08089e63,
00c766b3,
3a068863,
fff80693,
02069063,
40c50633,
00c536b3,
40e78733,
00060513,
40d707b3,
00100493,
0540006f,
7ff00593,
d4b80ae3,
03800593,
0ad5c663,
01f00593,
06d5c863,
02000813,
40d80833,
00d658b3,
010715b3,
01061833,
0115e5b3,
01003833,
0105e633,
00d756b3,
40c50633,
00c53733,
40d786b3,
00060513,
40e687b3,
00879713,
f00750e3,
00800437,
fff40413,
0087f433,
00050993,
2100006f,
7ff00693,
eed482e3,
008006b7,
00d76733,
00080693,
f89ff06f,
fe068593,
02000893,
00b755b3,
00000813,
01168863,
04000813,
40d80833,
01071833,
00c86833,
01003833,
0105e633,
00000693,
f89ff06f,
00c76633,
00c03633,
ff1ff06f,
0e080863,
40988833,
04049263,
00a7e5b3,
2a058e63,
fff80593,
00059e63,
40a60533,
40f70733,
00a63633,
40c707b3,
00068913,
f05ff06f,
7ff00313,
02681463,
00070793,
00060513,
7ff00493,
0d00006f,
7ff00593,
feb886e3,
008005b7,
00b7e7b3,
00080593,
03800813,
08b84063,
01f00813,
04b84263,
02000313,
40b30333,
00b55e33,
00679833,
00651333,
01c86833,
00603333,
00686533,
00b7d5b3,
40a60533,
40b705b3,
00a63633,
40c587b3,
00088493,
00068913,
ee1ff06f,
fe058813,
02000e13,
0107d833,
00000313,
01c58863,
04000313,
40b30333,
00679333,
00a36333,
00603333,
00686533,
00000593,
fb5ff06f,
00a7e533,
00a03533,
ff1ff06f,
00148593,
7fe5f593,
08059663,
00a7e833,
00c765b3,
06049063,
00081c63,
10058e63,
00070793,
00060513,
00068913,
d75ff06f,
d60588e3,
40c50833,
010538b3,
40e785b3,
411585b3,
00859893,
0008dc63,
40a60533,
40f70733,
00a63633,
40c707b3,
fcdff06f,
00b86533,
18050463,
00058793,
00080513,
d31ff06f,
00081c63,
d4058ee3,
00070793,
00060513,
00068913,
b1dff06f,
b0058ce3,
d45ff06f,
40c505b3,
00b53833,
40e78433,
41040433,
00841813,
00058993,
08085063,
40a609b3,
40f70433,
01363633,
40c40433,
00068913,
06040e63,
00040513,
0f1010ef,
ff850693,
02000793,
40d787b3,
00d41433,
00f9d7b3,
0087e7b3,
00d99433,
0a96c463,
409686b3,
00168613,
01f00713,
06c74263,
02000713,
40c70733,
00e79533,
00c456b3,
00e41733,
00d56533,
00e03733,
00e56533,
00c7d7b3,
00000493,
c79ff06f,
0085e5b3,
f8059ae3,
00000493,
00000913,
08c0006f,
00098513,
079010ef,
01850693,
01f00793,
f8d7d2e3,
ff850793,
00f997b3,
f91ff06f,
fe168693,
00d7d533,
02000693,
00000713,
00d60863,
04000713,
40c70733,
00e79733,
00e46733,
00e03733,
00e56533,
00000793,
f95ff06f,
ff800737,
fff70713,
40d484b3,
00e7f7b3,
00040513,
bf9ff06f,
00070793,
00060513,
c5dff06f,
00070793,
00060513,
be1ff06f,
7ff00493,
00000793,
00000513,
0240006f,
00080493,
bc9ff06f,
00070793,
00060513,
00080493,
e41ff06f,
00000793,
00000913,
00879713,
00075e63,
00148493,
7ff00713,
08e48263,
ff800737,
fff70713,
00e7f7b3,
01d79693,
00355513,
7ff00713,
00a6e6b3,
0037d793,
00e49e63,
00f6e6b3,
00000793,
00068863,
000807b7,
00000693,
00000913,
01449713,
7ff00637,
00c79793,
00c77733,
01c12083,
01812403,
00c7d793,
00f767b3,
01f91713,
00e7e633,
01412483,
01012903,
00c12983,
00068513,
00060593,
02010113,
00008067,
00000793,
00000513,
f85ff06f,
fd010113,
0145d813,
02912223,
03212023,
01312e23,
01612823,
01712623,
00c59493,
02112623,
02812423,
01412c23,
01512a23,
7ff87813,
00050b13,
00060b93,
00068913,
00c4d493,
01f5d993,
0a080063,
7ff00793,
10f80063,
01d55a13,
00349493,
009a6a33,
008007b7,
00fa6a33,
00351413,
c0180a93,
00000b13,
01495713,
00c91493,
7ff77713,
00c4d493,
01f95913,
10070263,
7ff00793,
16f70663,
00349493,
01dbd793,
0097e7b3,
008004b7,
0097e4b3,
003b9f13,
c0170713,
00000793,
40ea8833,
002b1713,
00f76733,
fff70713,
00e00693,
0129c633,
16e6e463,
35818693,
00271713,
00d70733,
00072703,
00d70733,
00070067,
00a4ea33,
060a0e63,
02048e63,
00048513,
630010ef,
ff550793,
01d00a13,
ff850713,
40fa0a33,
00e494b3,
014b5a33,
009a6a33,
00eb14b3,
c0d00813,
40a80ab3,
00048413,
f49ff06f,
5fc010ef,
00050a13,
015a0793,
01c00713,
02050513,
fcf750e3,
ff8a0a13,
014b1a33,
fd1ff06f,
00a4ea33,
020a1263,
00000413,
7ff00a93,
00200b13,
f11ff06f,
00000413,
00000a93,
00100b13,
f01ff06f,
00050413,
00048a13,
7ff00a93,
00300b13,
eedff06f,
0174ef33,
080f0263,
04048063,
00048513,
58c010ef,
ff550713,
01d00793,
ff850693,
40e787b3,
00d494b3,
00fbd7b3,
0097e7b3,
00db94b3,
c0d00713,
00048f13,
40a70733,
00078493,
ee1ff06f,
000b8513,
550010ef,
00050793,
01578713,
01c00693,
02050513,
fae6dce3,
ff878793,
00fb97b3,
fc9ff06f,
0174ef33,
020f1263,
00000493,
7ff00713,
00200793,
ea5ff06f,
00000493,
00000713,
00100793,
e95ff06f,
000b8f13,
7ff00713,
00300793,
e85ff06f,
0144e663,
349a1c63,
35e46a63,
01fa1693,
00145793,
01f41713,
001a5a13,
00f6e433,
00849893,
018f5593,
0115e5b3,
0108d893,
031a5eb3,
01059313,
01035313,
01045793,
008f1513,
031a7a33,
000e8693,
03d30e33,
010a1a13,
0147e7b3,
01c7fe63,
00f587b3,
fffe8693,
00b7e863,
01c7f663,
ffee8693,
00b787b3,
41c787b3,
0317df33,
01041413,
01045413,
0317f7b3,
000f0e13,
03e30eb3,
01079793,
00f467b3,
01d7fe63,
00f587b3,
ffff0e13,
00b7e863,
01d7f663,
ffef0e13,
00b787b3,
01069693,
00010437,
01c6e2b3,
fff40e13,
01c2f6b3,
0102df93,
01c57e33,
41d787b3,
01055e93,
02de03b3,
03cf84b3,
02de86b3,
00968f33,
0103d693,
01e686b3,
03df8fb3,
0096f463,
008f8fb3,
0106df13,
01ff0f33,
00010fb7,
ffff8f93,
01f6f6b3,
01069693,
01f3f3b3,
007686b3,
01e7e863,
00028493,
05e79863,
04d77663,
00a70fb3,
00efb3b3,
00b38433,
008787b3,
fff28493,
000f8713,
00f5e663,
02f59663,
02039463,
01e7e663,
02ff1063,
00dffe63,
01f50fb3,
000f8713,
00afbfb3,
00bf8fb3,
ffe28493,
01f787b3,
40d706b3,
41e787b3,
00d73733,
40e787b3,
fff00f13,
12f58663,
0317dfb3,
0106d713,
0317f7b3,
03f30f33,
01079793,
00f767b3,
000f8713,
01e7fe63,
00f587b3,
ffff8713,
00b7e863,
01e7f663,
ffef8713,
00b787b3,
41e787b3,
0317df33,
01069693,
0106d693,
0317f7b3,
000f0893,
03e30333,
01079793,
00f6e7b3,
0067fe63,
00f587b3,
ffff0893,
00b7e863,
0067f663,
ffef0893,
00b787b3,
01071693,
0116e6b3,
01069713,
01075713,
406787b3,
0106d313,
03c70f33,
03c30e33,
026e8333,
02ee8eb3,
010f5713,
01ce8eb3,
01d70733,
01c77663,
000108b7,
01130333,
01075893,
006888b3,
00010337,
fff30313,
00677733,
01071713,
006f7f33,
01e70733,
0117e863,
23179c63,
00068f13,
04070263,
00f587b3,
fff68f13,
00078313,
02b7e463,
0117e663,
21179a63,
02e57063,
ffe68f13,
00151693,
00a6b333,
00b30333,
00678333,
00068513,
01131463,
00a70463,
001f6f13,
3ff80713,
10e05263,
007f7793,
02078063,
00ff7793,
00400693,
00d78a63,
004f0793,
01e7b6b3,
00d484b3,
00078f13,
00749793,
0007da63,
ff0007b7,
fff78793,
00f4f4b3,
40080713,
7fe00793,
08e7ca63,
003f5f13,
01d49793,
01e7ef33,
0034d513,
00c51513,
02c12083,
02812403,
00c55513,
01471713,
00a76733,
01f61613,
00c767b3,
02412483,
02012903,
01c12983,
01812a03,
01412a83,
01012b03,
00c12b83,
000f0513,
00078593,
03010113,
00008067,
fff80813,
00000713,
cbdff06f,
00098613,
000a0493,
00040f13,
000b0793,
00300713,
0ee78863,
00100713,
0ee78e63,
00200713,
f2e794e3,
00000513,
00000f13,
7ff00713,
f75ff06f,
00090613,
fd5ff06f,
000804b7,
00000f13,
00000613,
00300793,
fc1ff06f,
00100513,
40e50533,
03800793,
0aa7cc63,
01f00793,
06a7c463,
41e80813,
010497b3,
00af5733,
010f1833,
00e7e7b3,
01003833,
0107e7b3,
00a4d533,
0077f713,
02070063,
00f7f713,
00400693,
00d70a63,
00478713,
00f736b3,
00d50533,
00070793,
00851713,
06074863,
01d51f13,
0037d793,
00ff6f33,
00355513,
00000713,
eddff06f,
fe100793,
40e787b3,
02000693,
00f4d7b3,
00000713,
00d50663,
43e80713,
00e49733,
01e76733,
00e03733,
00e7e7b3,
00000513,
f8dff06f,
00080537,
00000f13,
7ff00713,
00000613,
e95ff06f,
00000513,
00000f13,
fa9ff06f,
00000513,
00000f13,
00100713,
e79ff06f,
000f0693,
00068f13,
e0dff06f,
0146d793,
0145d893,
00100737,
fff70713,
00050813,
00050e13,
7ff8f893,
7ff7f513,
7ff00793,
00b77333,
00060e93,
00d77733,
01f5d593,
01f6d693,
00f89663,
010367b3,
06079c63,
7ff00793,
00f51663,
00c767b3,
06079463,
00000793,
00089663,
01036833,
00183793,
04051e63,
00c76633,
00078c63,
02060063,
00100513,
00069c63,
fff00513,
00008067,
04061063,
fff00513,
04058463,
00008067,
fea8c0e3,
fe6768e3,
00e31863,
ffcee4e3,
00000513,
ffde74e3,
00100513,
fe0590e3,
fc9ff06f,
ffe00513,
00008067,
fa079ae3,
fcb692e3,
fd1556e3,
fff00513,
fc0690e3,
00100513,
00008067,
0146d793,
0145d893,
00100737,
fff70713,
00050813,
00050e13,
7ff8f893,
7ff7f513,
7ff00793,
00b77333,
00060e93,
00d77733,
01f5d593,
01f6d693,
00f89663,
010367b3,
06079c63,
7ff00793,
00f51663,
00c767b3,
06079463,
00000793,
00089663,
01036833,
00183793,
04051e63,
00c76633,
00078c63,
02060063,
00100513,
00069c63,
fff00513,
00008067,
04061063,
fff00513,
04058463,
00008067,
fea8c0e3,
fe6768e3,
00e31863,
ffcee4e3,
00000513,
ffde74e3,
00100513,
fe0590e3,
fc9ff06f,
00200513,
00008067,
fa079ae3,
fcb692e3,
fd1556e3,
fff00513,
fc0690e3,
00100513,
00008067,
fd010113,
01512a23,
0145da93,
02812423,
02912223,
01312e23,
01412c23,
01612823,
00c59493,
02112623,
03212023,
01712623,
7ffafa93,
00050413,
00060b13,
00068993,
00c4d493,
01f5da13,
240a8e63,
7ff00793,
2cfa8063,
00349493,
01d55793,
0097e7b3,
008004b7,
0097e4b3,
00351913,
c01a8a93,
00000b93,
0149d713,
00c99413,
7ff77713,
00c45413,
01f9d993,
2c070063,
7ff00793,
32f70463,
00341413,
01db5793,
0087e7b3,
00800437,
0087e433,
c0170693,
003b1793,
00000713,
00da8ab3,
002b9693,
00e6e6b3,
00a00613,
001a8513,
40d64663,
00200613,
013a45b3,
30d64e63,
fff68693,
00100613,
32d67a63,
00010337,
fff30e13,
01095713,
0107d893,
01c97933,
01c7ff33,
03e907b3,
03e70eb3,
0107d813,
03288633,
01d60633,
00c80833,
031706b3,
01d87463,
006686b3,
01085293,
01c87833,
01c7f7b3,
01045613,
01c47e33,
01081813,
00f80833,
03c90eb3,
03c707b3,
03260933,
02c70333,
00f90933,
010ed713,
01270733,
00f77663,
000107b7,
00f30333,
00010437,
01075793,
fff40f93,
00678333,
01f777b3,
01fefeb3,
01079793,
01f4ffb3,
01d787b3,
0104de93,
03ff03b3,
00f282b3,
03ee8f33,
0103d713,
03d884b3,
03f888b3,
01e888b3,
01170733,
01e77463,
008484b3,
01075f13,
009f0f33,
000104b7,
fff48413,
00877733,
0083f3b3,
01071713,
007708b3,
03fe03b3,
03ce8e33,
03d60eb3,
03f60633,
0103df93,
01c60633,
00cf8fb3,
01cff463,
009e8eb3,
008ff733,
0083f3b3,
01071713,
005686b3,
00770733,
00670333,
00f6b7b3,
00f307b3,
00e33633,
011688b3,
0067b333,
00666633,
00d8b6b3,
01e78333,
00d306b3,
00f33733,
010fdf93,
0066b333,
00989793,
01f60633,
00676733,
00c70733,
0107e7b3,
01d70733,
00f037b3,
0178d893,
00971713,
0176d413,
0117e7b3,
00969693,
00d7e7b3,
00771693,
00876433,
0206d063,
0017d713,
0017f793,
00f76733,
01f41793,
00f767b3,
00145413,
00050a93,
000a8513,
18c0006f,
00a4e933,
08090063,
04048063,
00048513,
3e1000ef,
ff550713,
01d00793,
ff850693,
40e787b3,
00d494b3,
00f457b3,
0097e7b3,
00d414b3,
c0d00a93,
00048913,
40aa8ab3,
00078493,
d89ff06f,
3a9000ef,
00050793,
01578713,
01c00693,
02050513,
fae6dee3,
ff878793,
00f417b3,
fcdff06f,
00a4e933,
02091263,
00000493,
7ff00a93,
00200b93,
d51ff06f,
00000493,
00000a93,
00100b93,
d41ff06f,
00050913,
7ff00a93,
00300b93,
d31ff06f,
016467b3,
08078263,
04040063,
00040513,
33d000ef,
ff550693,
01d00713,
ff850793,
40d70733,
00f41433,
00eb5733,
00876733,
00fb1433,
c0d00693,
00040793,
40a686b3,
00070413,
d25ff06f,
000b0513,
301000ef,
00050793,
01578693,
01c00713,
02050513,
fad75ce3,
ff878793,
00fb1733,
fc9ff06f,
016467b3,
02079263,
00000413,
7ff00693,
00200713,
ce9ff06f,
00000413,
00000693,
00100713,
cd9ff06f,
000b0793,
7ff00693,
00300713,
cc9ff06f,
00100613,
00d61633,
53067693,
0e069663,
24067813,
1a081a63,
08867613,
cc060ce3,
00098593,
00200693,
18d70863,
00300693,
1ad70463,
00100693,
1ad70663,
3ff50613,
0cc05463,
0077f713,
02070063,
00f7f713,
00400693,
00d70a63,
00478713,
00f736b3,
00d40433,
00070793,
00741713,
00075a63,
ff000737,
fff70713,
00e47433,
40050613,
7fe00713,
12c74a63,
0037d793,
01d41693,
00f6e6b3,
00345713,
00c71713,
02c12083,
02812403,
01461613,
00c75713,
01f59593,
00e66633,
00b667b3,
02412483,
02012903,
01c12983,
01812a03,
01412a83,
01012b03,
00c12b83,
00068513,
00078593,
03010113,
00008067,
00f00613,
0ec68863,
00b00613,
000a0593,
f2c686e3,
00048413,
00090793,
000b8713,
f21ff06f,
00100713,
40c70733,
03800693,
0ce6c863,
01f00693,
06e6c463,
41e50513,
00e7d633,
00a416b3,
00a79533,
00c6e6b3,
00a03533,
00a6e7b3,
00e45733,
0077f693,
02068063,
00f7f693,
00400613,
00c68a63,
00478693,
00f6b633,
00c70733,
00068793,
00871693,
0806c463,
01d71693,
0037d793,
00f6e6b3,
00375713,
00000613,
f19ff06f,
fe100693,
40c686b3,
02000813,
00d456b3,
00000613,
01070663,
43e50613,
00c41633,
00f66633,
00c03633,
00c6e7b3,
00000713,
f8dff06f,
00000713,
00000693,
7ff00613,
ed5ff06f,
00080737,
7ff00613,
00000593,
ec5ff06f,
00080737,
00000693,
fedff06f,
00000713,
00000693,
f91ff06f,
00000713,
00000693,
00100613,
e9dff06f,
00100837,
fff80813,
fe010113,
00b878b3,
0145d713,
01d55793,
00d87833,
01212823,
7ff77913,
00389713,
0146d893,
00912a23,
00e7e7b3,
01f5d493,
01d65713,
00381813,
00112e23,
00812c23,
01312623,
7ff8f893,
7ff00593,
00351513,
01f6d693,
01076733,
00361613,
00b89663,
00c765b3,
00059463,
0016c693,
41190833,
2a969a63,
11005c63,
04089063,
00c766b3,
66068063,
fff80593,
02059063,
00c50633,
00a636b3,
00e78733,
00060513,
00d707b3,
00100913,
06c0006f,
7ff00693,
02d81063,
7ff00913,
1f80006f,
7ff00693,
1ed90863,
008006b7,
00d76733,
00080593,
03800693,
0ab6c863,
01f00693,
06b6ca63,
02000813,
40b80833,
010716b3,
00b658b3,
01061833,
0116e6b3,
01003833,
0106e6b3,
00b755b3,
00a68533,
00f585b3,
00d536b3,
00d587b3,
00879713,
18075c63,
00190913,
7ff00713,
5ae90a63,
ff800737,
fff70713,
00e7f733,
00155793,
00157513,
00a7e7b3,
01f71513,
00f56533,
00175793,
1640006f,
fe058693,
02000893,
00d756b3,
00000813,
01158863,
04000813,
40b80833,
01071833,
00c86833,
01003833,
0106e6b3,
00000593,
f85ff06f,
00c766b3,
00d036b3,
ff1ff06f,
0c080a63,
412886b3,
02091463,
00a7e5b3,
50058e63,
fff68593,
ee0584e3,
7ff00813,
03069263,
00070793,
00060513,
ef9ff06f,
7ff00593,
feb888e3,
008005b7,
00b7e7b3,
00068593,
03800693,
08b6c063,
01f00693,
04b6c263,
02000813,
40b80833,
010796b3,
00b55333,
01051833,
0066e6b3,
01003833,
0106e6b3,
00b7d5b3,
00c68633,
00e585b3,
00d636b3,
00060513,
00d587b3,
00088913,
ef5ff06f,
fe058693,
02000313,
00d7d6b3,
00000813,
00658863,
04000813,
40b80833,
01079833,
00a86833,
01003833,
0106e6b3,
00000593,
fb5ff06f,
00a7e6b3,
00d036b3,
ff1ff06f,
00190693,
7fe6f593,
08059663,
00a7e6b3,
06091263,
44068863,
00c766b3,
02068863,
00c50633,
00a636b3,
00e78733,
00d707b3,
00879713,
00060513,
00075a63,
ff800737,
fff70713,
00e7f7b3,
00100913,
00757713,
44070863,
00f57713,
00400693,
44d70263,
00450713,
00a736b3,
00d787b3,
00070513,
4300006f,
ec068ee3,
00c76633,
dc060ae3,
00000493,
004007b7,
00000513,
7ff00913,
4100006f,
7ff00593,
3cb68c63,
00c50633,
00a63533,
00e78733,
00a70733,
01f71513,
00165613,
00c56533,
00175793,
00068913,
f8dff06f,
0f005c63,
08089e63,
00c766b3,
3a068863,
fff80693,
02069063,
40c50633,
00c536b3,
40e78733,
00060513,
40d707b3,
00100913,
0540006f,
7ff00593,
d4b80ae3,
03800593,
0ad5c663,
01f00593,
06d5c863,
02000813,
40d80833,
00d658b3,
010715b3,
01061833,
0115e5b3,
01003833,
0105e633,
00d756b3,
40c50633,
00c53733,
40d786b3,
00060513,
40e687b3,
00879713,
f00750e3,
00800437,
fff40413,
0087f433,
00050993,
2100006f,
7ff00693,
eed902e3,
008006b7,
00d76733,
00080693,
f89ff06f,
fe068593,
02000893,
00b755b3,
00000813,
01168863,
04000813,
40d80833,
01071833,
00c86833,
01003833,
0105e633,
00000693,
f89ff06f,
00c76633,
00c03633,
ff1ff06f,
0e080863,
41288833,
04091263,
00a7e5b3,
2a058e63,
fff80593,
00059e63,
40a60533,
40f70733,
00a63633,
40c707b3,
00068493,
f05ff06f,
7ff00313,
02681463,
00070793,
00060513,
7ff00913,
0d00006f,
7ff00593,
feb886e3,
008005b7,
00b7e7b3,
00080593,
03800813,
08b84063,
01f00813,
04b84263,
02000313,
40b30333,
00b55e33,
00679833,
00651333,
01c86833,
00603333,
00686533,
00b7d5b3,
40a60533,
40b705b3,
00a63633,
40c587b3,
00088913,
00068493,
ee1ff06f,
fe058813,
02000e13,
0107d833,
00000313,
01c58863,
04000313,
40b30333,
00679333,
00a36333,
00603333,
00686533,
00000593,
fb5ff06f,
00a7e533,
00a03533,
ff1ff06f,
00190593,
7fe5f593,
08059663,
00c765b3,
00a7e833,
06091063,
00081c63,
10058e63,
00070793,
00060513,
00068493,
d75ff06f,
d60588e3,
40c50833,
010538b3,
40e785b3,
411585b3,
00859893,
0008dc63,
40a60533,
40f70733,
00a63633,
40c707b3,
fcdff06f,
00b86533,
18050463,
00058793,
00080513,
d31ff06f,
00081c63,
d4058ee3,
00070793,
00060513,
00068493,
b1dff06f,
b0058ce3,
d45ff06f,
40c505b3,
00b53833,
40e78433,
41040433,
00841813,
00058993,
08085063,
40a609b3,
40f70433,
01363633,
40c40433,
00068493,
06040e63,
00040513,
2c4000ef,
ff850693,
02000793,
40d787b3,
00d41433,
00f9d7b3,
0087e7b3,
00d99433,
0b26c463,
412686b3,
00168613,
01f00713,
06c74263,
02000713,
40c70733,
00e79533,
00c456b3,
00e41733,
00d56533,
00e03733,
00e56533,
00c7d7b3,
00000913,
c79ff06f,
0085e5b3,
f8059ae3,
00000913,
00000493,
08c0006f,
00098513,
24c000ef,
01850693,
01f00793,
f8d7d2e3,
ff850793,
00f997b3,
f91ff06f,
fe168693,
00d7d533,
02000693,
00000713,
00d60863,
04000713,
40c70733,
00e79733,
00e46733,
00e03733,
00e56533,
00000793,
f95ff06f,
ff800737,
fff70713,
40d90933,
00e7f7b3,
00040513,
bf9ff06f,
00070793,
00060513,
c5dff06f,
00070793,
00060513,
be1ff06f,
7ff00913,
00000793,
00000513,
0240006f,
00080913,
bc9ff06f,
00070793,
00060513,
00080913,
e41ff06f,
00000793,
00000493,
00879713,
00075e63,
00190913,
7ff00713,
08e90263,
ff800737,
fff70713,
00e7f7b3,
01d79693,
00355513,
7ff00713,
00a6e6b3,
0037d793,
00e91e63,
00f6e6b3,
00000793,
00068863,
000807b7,
00000693,
00000493,
01491713,
7ff00637,
00c79793,
00c77733,
01c12083,
01812403,
00c7d793,
00f767b3,
01f49713,
00e7e633,
01412483,
01012903,
00c12983,
00068513,
00060593,
02010113,
00008067,
00000793,
00000513,
f85ff06f,
0145d713,
00100837,
fff80793,
7ff77713,
3fe00613,
00b7f7b3,
00050693,
01f5d593,
04e65a63,
0015c613,
41e60613,
fff58513,
04c75463,
00000513,
04059063,
43300613,
40e60633,
01f00593,
0107e7b3,
00c5cc63,
bed70713,
00e797b3,
00c6d533,
00a7e533,
00008067,
41300693,
40e68733,
00e7d533,
00008067,
00000513,
00008067,
ff010113,
00812423,
00112623,
00050413,
06050263,
06c000ef,
41e00713,
00a00793,
40a70733,
04a7c063,
00b00793,
40a787b3,
01550513,
00f457b3,
00a41433,
00c12083,
00040513,
00c79793,
00812403,
01471713,
00c7d793,
00f766b3,
00068593,
01010113,
00008067,
ff550513,
00a417b3,
00000413,
fcdff06f,
00000793,
00000713,
fc1ff06f,
000107b7,
02f57863,
10053793,
0017b793,
00379793,
02000713,
40f70733,
00f55533,
39418793,
00a787b3,
0007c503,
40a70533,
00008067,
01000737,
01800793,
fce57ce3,
01000793,
fd1ff06f,
00000000,
00000000,
00000000,
00000000,
00000000,
00000000,
00000000,
00000000,
00000000,
00000000,
00000000,
00000000,
00000000,
00000000,
00000000,
00000000,
00000000,
00000000,
00000000,
00000000,
00000000,
00000000,
00000000,
00000000,
00000000,
00000000,
00000000,
00000000,
00000000,
00000000,
00000000,
00000000,
00000000,
00000000,
00000000,
00000000,
00000000,
00000000,
00000000,
00000000,
00000000,
00000000,
00000000,
00000000,
00000000,
00000000,
00000000,
00000000,
00000000,
00000000,
00000000,
00000000,
00000000,
00000000,
00000000,
00000000,
00000000,
00000000,
00000000,
00000000,
00000000,
00000000,
00000000,
00000000,
00000000,
00000000,
00000000,
00000000,
00000000,
00000000,
00000000,
00000000,
00000000,
00000000,
00000000,
00000000,
00000000,
00000000,
00000000,
00000000,
00000000,
00000000,
00000000,
00000000,
00000000,
00000000,
00000000,
00000000,
00000000,
00000000,
00000000,
00000000,
00000000,
00000000,
00000000,
00000000,
00000000,
00000000,
00000000,
00000000,
00000000,
00000000,
00000000,
00000000,
00000000,
00000000,
00000000,
00000000,
00000000,
00000000,
00000000,
00000000,
00000000,
00000000,
00000000,
00000000,
00000000,
00000000,
00000000,
00000000,
00000000,
00000000,
00000000,
00000000,
00000000,
00000000,
00000000,
00000000,
00000000,
00000000,
00000000,
00000000,
00000000,
00000000,
00000000,
00000000,
00000000,
00000000,
00000000,
00000000,
00000000,
00000000,
00000000,
00000000,
00000000,
00000000,
00000000,
00000000,
00000000,
00000000,
00000000,
00000000,
00000000,
00000000,
00000000,
00000000,
00000000,
00000000,
00000000,
00000000,
00000000,
00000000,
00000000,
00000000,
00000000,
00000000,
00000000,
00000000,
00000000,
00000000,
00000000,
00000000,
00000000,
00000000,
00000000,
00000000,
00000000,
00000000,
00000000,
00000000,
00000000,
00000000,
00000000,
00000000,
00000000,
00000000,
00000000,
00000000,
00000000,
00000000,
00000000,
00000000,
00000000,
00000000,
00000000,
00000000,
00000000,
00000000,
00000000,
00000000,
00000000,
00000000,
00000000,
00000000,
00000000,
00000000,
00000000,
00000000,
00000000,
00000000,
00000000,
00000000,
00000000,
00000000,
00000000,
00000000,
00000000,
00000000,
00000000,
00000000,
00000000,
00000000,
00000000,
00000000,
00000000,
00000000,
00000000,
00000000,
00000000,
00000000,
00000000,
00000000,
00000000,
00000000,
00000000,
00000000,
00000000,
00000000,
00000000,
00000000,
00000000,
00000000,
00000000,
00000000,
00000000,
00000000,
00000000,
00000000,
00000000,
00000000,
00000000,
00000000,
00000000,
00000000,
00000000,
00000000,
00000000,
00000000,
00000000,
00000000,
00000000,
00000000,
00000000,
00000000,
00000000,
00000000,
00000000,
00000000,
00000000,
00000000,
00000000,
00000000,
00000000,
00000000,
00000000,
00000000,
00000000,
00000000,
00000000,
00000000,
00000000,
00000000,
00000000,
00000000,
00000000,
00000000,
00000000,
00000000,
00000000,
00000000,
00000000,
00000000,
00000000,
00000000,
00000000,
00000000,
00000000,
00000000,
00000000,
00000000,
00000000,
00000000,
00000000,
00000000,
00000000,
00000000,
00000000,
00000000,
00000000,
00000000,
00000000,
00000000,
00000000,
00000000,
00000000,
00000000,
00000000,
00000000,
00000000,
00000000,
00000000,
00000000,
00000000,
00000000,
00000000,
00000000,
00000000,
00000000,
00000000,
00000000,
00000000,
00000000,
00000000,
00000000,
00000000,
00000000,
00000000,
00000000,
00000000,
00000000,
00000000,
00000000,
00000000,
00000000,
00000000,
00000000,
00000000,
00000000,
00000000,
00000000,
00000000,
00000000,
00000000,
00000000,
00000000,
00000000,
00000000,
00000000,
00000000,
00000000,
00000000,
00000000,
00000000,
00000000,
00000000,
00000000,
00000000,
00000000,
00000000,
00000000,
00000000,
00000000,
00000000,
00000000,
00000000,
00000000,
00000000,
00000000,
00000000,
00000000,
00000000,
00000000,
00000000,
00000000,
00000000,
00000000,
00000000,
00000000,
00000000,
00000000,
00000000,
00000000,
00000000,
00000000,
00000000,
00000000,
00000000,
00000000,
00000000,
00000000,
00000000,
00000000,
00000000,
00000000,
00000000,
00000000,
00000000,
00000000,
00000000,
00000000,
00000000,
00000000,
00000000,
00000000,
00000000,
00000000,
00000000,
00000000,
00000000,
00000000,
00000000,
00000000,
00000000,
00000000,
00000000,
00000000,
00000000,
00000000,
00000000,
00000000,
00000000,
00000000,
00000000,
00000000,
00000000,
00000000,
00000000,
00000000,
00000000,
00000000,
00000000,
00000000,
00000000,
00000000,
00000000,
00000000,
00000000,
00000000,
00000000,
00000000,
00000000,
00000000,
00000000,
00000000,
00000000,
00000000,
00000000,
00000000,
00000000,
00000000,
00000000,
00000000,
00000000,
00000000,
00000000,
00000000,
00000000,
00000000,
00000000,
00000000,
00000000,
00000000,
00000000,
00000000,
00000000,
00000000,
00000000,
00000000,
00000000,
00000000,
00000000,
00000000,
00000000,
00000000,
00000000,
00000000,
00000000,
00000000,
00000000,
00000000,
00000000,
00000000,
00000000,
00000000,
00000000,
00000000,
00000000,
00000000,
00000000,
00000000,
00000000,
00000000,
00000000,
00000000,
00000000,
00000000,
00000000,
00000000,
00000000,
00000000,
00000000,
00000000,
00000000,
00000000,
00000000,
00000000,
00000000,
00000000,
00000000,
00000000,
00000000,
00000000,
00000000,
00000000,
00000000,
00000000,
00000000,
00000000,
00000000,
00000000,
00000000,
00000000,
00000000,
00000000,
00000000,
00000000,
00000000,
00000000,
00000000,
00000000,
00000000,
00000000,
00000000,
00000000,
00000000,
00000000,
00000000,
00000000,
00000000,
00000000,
00000000,
00000000,
00000000,
00000000,
00000000,
00000000,
00000000,
00000000,
00000000,
00000000,
00000000,
00000000,
00000000,
00000000,
00000000,
00000000,
00000000,
00000000,
00000000,
00000000,
00000000,
00000000,
00000000,
00000000,
00000000,
00000000,
00000000,
00000000,
00000000,
00000000,
00000000,
00000000,
00000000,
00000000,
00000000,
00000000,
00000000,
00000000,
00000000,
00000000,
00000000,
00000000,
00000000,
00000000,
00000000,
00000000,
00000000,
00000000,
00000000,
00000000,
00000000,
00000000,
00000000,
00000000,
00000000,
00000000,
00000000,
00000000,
00000000,
00000000,
00000000,
00000000,
00000000,
00000000,
00000000,
00000000,
00000000,
00000000,
00000000,
00000000,
00000000,
00000000,
00000000,
00000000,
00000000,
00000000,
00000000,
00000000,
00000000,
00000000,
00000000,
00000000,
00000000,
00000000,
00000000,
00000000,
00000000,
00000000,
00000000,
00000000,
00000000,
00000000,
00000000,
00000000,
00000000,
00000000,
00000000,
00000000,
00000000,
00000000,
00000000,
00000000,
00000000,
00000000,
00000000,
00000000,
00000000,
00000000,
00000000,
00000000,
00000000,
00000000,
00000000,
00000000,
00000000,
00000000,
00000000,
00000000,
00000000,
00000000,
00000000,
00000000,
00000000,
00000000,
00000000,
00000000,
00000000,
00000000,
00000000,
00000000,
00000000,
00000000,
00000000,
00000000,
00000000,
00000000,
00000000,
00000000,
00000000,
00000000,
00000000,
00000000,
00000000,
00000000,
00000000,
00000000,
00000000,
00000000,
00000000,
00000000,
00000000,
00000000,
00000000,
00000000,
00000000,
00000000,
00000000,
00000000,
00000000,
00000000,
00000000,
00000000,
00000000,
00000000,
00000000,
00000000,
00000000,
00000000,
00000000,
00000000,
00000000,
00000000,
00000000,
00000000,
00000000,
00000000,
00000000,
00000000,
00000000,
00000000,
00000000,
00000000,
00000000,
00000000,
00000000,
00000000,
00000000,
00000000,
00000000,
00000000,
00000000,
00000000,
00000000,
00000000,
00000000,
00000000,
00000000,
00000000,
00000000,
00000000,
00000000,
00000000,
00000000,
00000000,
00000000,
00000000,
00000000,
00000000,
00000000,
00000000,
00000000,
00000000,
00000000,
00000000,
00000000,
00000000,
00000000,
00000000,
00000000,
00000000,
00000000,
00000000,
00000000,
00000000,
00000000,
00000000,
00000000,
00000000,
00000000,
00000000,
00000000,
00000000,
00000000,
00000000,
00000000,
00000000,
00000000,
00000000,
00000000,
00000000,
00000000,
00000000,
00000000,
00000000,
00000000,
00000000,
00000000,
00000000,
00000000,
00000000,
00000000,
00000000,
00000000,
00000000,
00000000,
00000000,
00000000,
00000000,
00000000,
00000000,
00000000,
00000000,
00000000,
00000000,
00000000,
00000000,
00000000,
00000000,
00000000,
00000000,
00000000,
00000000,
00000000,
00000000,
00000000,
00000000,
00000000,
00000000,
00000000,
00000000,
00000000,
00000000,
00000000,
00000000,
00000000,
00000000,
00000000,
00000000,
00000000,
00000000,
00000000,
00000000,
00000000,
00000000,
00000000,
00000000,
00000000,
00000000,
00000000,
00000000,
00000000,
00000000,
00000000,
00000000,
00000000,
00000000,
00000000,
00000000,
00000000,
00000000,
00000000,
00000000,
00000000,
00000000,
00000000,
00000000,
00000000,
00000000,
00000000,
00000000,
00000000,
00000000,
00000000,
00000000,
00000000,
00000000,
00000000,
00000000,
00000000,
00000000,
00000000,
00000000,
00000000,
00000000,
00000000,
00000000,
00000000,
00000000,
00000000,
00000000,
00000000,
00000000,
00000000,
00000000,
00000000,
00000000,
00000000,
00000000,
00000000,
00000000,
00000000,
00000000,
00000000,
00000000,
00000000,
00000000,
00000000,
00000000,
00000000,
00000000,
00000000,
00000000,
00000000,
00000000,
00000000,
00000000,
00000000,
00000000,
00000000,
00000000,
00000000,
00000000,
00000000,
00000000,
00000000,
00000000,
00000000,
00000000,
00000000,
00000000,
00000000,
00000000,
00000000,
00000000,
00000000,
00000000,
00000000,
00000000,
00000000,
00000000,
00000000,
00000000,
00000000,
00000000,
00000000,
00000000,
00000000,
00000000,
00000000,
00000000,
00000000,
00000000,
00000000,
00000000,
00000000,
00000000,
00000000,
00000000,
00000000,
00000000,
00000000,
00000000,
00000000,
00000000,
00000000,
00000000,
00000000,
00000000,
00000000,
00000000,
00000000,
00000000,
00000000,
00000000,
00000000,
00000000,
00000000,
00000000,
00000000,
00000000,
00000000,
00000000,
00000000,
00000000,
00000000,
00000000,
00000000,
00000000,
00000000,
00000000,
00000000,
00000000,
00000000,
00000000,
00000000,
00000000,
00000000,
00000000,
00000000,
00000000,
00000000,
00000000,
00000000,
00000000,
00000000,
00000000,
00000000,
00000000,
00000000,
00000000,
00000000,
00000000,
00000000,
00000000,
00000000,
00000000,
00000000,
00000000,
00000000,
00000000,
00000000,
00000000,
00000000,
00000000,
00000000,
00000000,
00000000,
00000000,
00000000,
00000000,
00000000,
00000000,
00000000,
00000000,
00000000,
00000000,
00000000,
00000000,
00000000,
00000000,
00000000,
00000000,
00000000,
00000000,
00000000,
00000000,
00000000,
00000000,
00000000,
00000000,
00000000,
00000000,
00000000,
00000000,
00000000,
00000000,
00000000,
00000000,
00000000,
00000000,
00000000,
00000000,
00000000,
00000000,
00000000,
00000000,
00000000,
00000000,
00000000,
00000000,
00000000,
00000000,
00000000,
00000000,
00000000,
00000000,
00000000,
00000000,
00000000,
00000000,
00000000,
00000000,
00000000,
00000000,
00000000,
00000000,
00000000,
00000000,
00000000,
00000000,
00000000,
00000000,
00000000,
00000000,
00000000,
00000000,
00000000,
00000000,
00000000,
00000000,
00000000,
00000000,
00000000,
00000000,
00000000,
00000000,
00000000,
00000000,
00000000,
00000000,
00000000,
00000000,
00000000,
00000000,
00000000,
00000000,
00000000,
00000000,
00000000,
00000000,
00000000,
00000000,
00000000,
00000000,
00000000,
00000000,
00000000,
00000000,
00000000,
00000000,
00000000,
00000000,
00000000,
00000000,
00000000,
00000000,
00000000,
00000000,
00000000,
00000000,
00000000,
00000000,
00000000,
00000000,
00000000,
00000000,
00000000,
00000000,
00000000,
00000000,
00000000,
00000000,
00000000,
00000000,
00000000,
00000000,
00000000,
00000000,
00000000,
00000000,
00000000,
00000000,
00000000,
00000000,
00000000,
00000000,
00000000,
00000000,
00000000,
00000000,
00000000,
00000000,
00000000,
00000000,
00000000,
00000000,
00000000,
00000000,
00000000,
00000000,
00000000,
00000000,
00000000,
00000000,
00000000,
00000000,
00000000,
00000000,
00000000,
00000000,
00000000,
00000000,
00000000,
00000000,
00000000,
00000000,
00000000,
00000000,
00000000,
00000000,
00000000,
00000000,
00000000,
00000000,
00000000,
00000000,
00000000,
00000000,
00000000,
00000000,
00000000,
00000000,
00000000,
00000000,
00000000,
00000000,
00000000,
00000000,
00000000,
00000000,
00000000,
00000000,
00000000,
00000000,
00000000,
00000000,
00000000,
00000000,
00000000,
00000000,
00000000,
00000000,
00000000,
00000000,
00000000,
00000000,
00000000,
00000000,
00000000,
00000000,
00000000,
00000000,
00000000,
00000000,
00000000,
00000000,
00000000,
00000000,
00000000,
00000000,
00000000,
00000000,
00000000,
00000000,
00000000,
00000000,
00000000,
00000000,
00000000,
00000000,
00000000,
00000000,
00000000,
00000000,
00000000,
00000000,
00000000,
00000000,
00000000,
00000000,
00000000,
00000000,
00000000,
00000000,
00000000,
00000000,
00000000,
00000000,
00000000,
00000000,
00000000,
00000000,
00000000,
00000000,
00000000,
00000000,
00000000,
00000000,
00000000,
00000000,
00000000,
00000000,
00000000,
00000000,
00000000,
00000000,
00000000,
00000000,
00000000,
00000000,
00000000,
00000000,
00000000,
00000000,
00000000,
00000000,
00000000,
00000000,
00000000,
00000000,
00000000,
00000000,
00000000,
00000000,
00000000,
00000000,
00000000,
00000000,
00000000,
00000000,
00000000,
00000000,
00000000,
00000000,
00000000,
00000000,
00000000,
00000000,
00000000,
00000000,
00000000,
00000000,
00000000,
00000000,
00000000,
00000000,
00000000,
00000000,
00000000,
00000000,
00000000,
00000000,
00000000,
00000000,
00000000,
00000000,
00000000,
00000000,
00000000,
00000000,
00000000,
00000000,
00000000,
00000000,
00000000,
00000000,
00000000,
00000000,
00000000,
00000000,
00000000,
00000000,
00000000,
00000000,
00000000,
00000000,
00000000,
00000000,
00000000,
00000000,
00000000,
00000000,
00000000,
00000000,
00000000,
00000000,
00000000,
00000000,
00000000,
00000000,
00000000,
00000000,
00000000,
00000000,
00000000,
00000000,
00000000,
00000000,
00000000,
00000000,
00000000,
00000000,
00000000,
00000000,
00000000,
00000000,
00000000,
00000000,
00000000,
00000000,
00000000,
00000000,
00000000,
00000000,
00000000,
00000000,
00000000,
00000000,
00000000,
00000000,
00000000,
00000000,
00000000,
00000000,
00000000,
00000000,
00000000,
00000000,
00000000,
00000000,
00000000,
00000000,
00000000,
00000000,
00000000,
00000000,
00000000,
00000000,
00000000,
00000000,
00000000,
00000000,
00000000,
00000000,
00000000,
00000000,
00000000,
00000000,
00000000,
00000000,
00000000,
00000000,
00000000,
00000000,
00000000,
00000000,
00000000,
00000000,
00000000,
00000000,
00000000,
00000000,
00000000,
00000000,
00000000,
00000000,
00000000,
00000000,
00000000,
00000000,
00000000,
00000000,
00000000,
00000000,
00000000,
00000000,
00000000,
00000000,
00000000,
00000000,
00000000,
00000000,
00000000,
00000000,
00000000,
00000000,
00000000,
00000000,
00000000,
00000000,
00000000,
00000000,
00000000,
00000000,
00000000,
00000000,
00000000,
00000000,
00000000,
00000000,
00000000,
00000000,
00000000,
00000000,
00000000,
00000000,
00000000,
00000000,
00000000,
00000000,
00000000,
00000000,
00000000,
00000000,
00000000,
00000000,
00000000,
00000000,
00000000,
00000000,
00000000,
00000000,
00000000,
00000000,
00000000,
00000000,
00000000,
00000000,
00000000,
00000000,
00000000,
00000000,
00000000,
00000000,
00000000,
00000000,
00000000,
00000000,
00000000,
00000000,
00000000,
00000000,
00000000,
00000000,
00000000,
00000000,
00000000,
00000000,
00000000,
00000000,
00000000,
00000000,
00000000,
00000000,
00000000,
00000000,
00000000,
00000000,
00000000,
00000000,
00000000,
00000000,
00000000,
00000000,
00000000,
00000000,
00000000,
00000000,
00000000,
00000000,
00000000,
00000000,
00000000,
00000000,
00000000,
00000000,
00000000,
00000000,
00000000,
00000000,
00000000,
00000000,
00000000,
00000000,
00000000,
00000000,
00000000,
00000000,
00000000,
00000000,
00000000,
00000000,
00000000,
00000000,
00000000,
00000000,
00000000,
00000000,
00000000,
00000000,
00000000,
00000000,
00000000,
00000000,
00000000,
00000000,
00000000,
00000000,
00000000,
00000000,
00000000,
00000000,
00000000,
00000000,
00000000,
00000000,
00000000,
00000000,
00000000,
00000000,
00000000,
00000000,
00000000,
00000000,
00000000,
00000000,
00000000,
00000000,
00000000,
00000000,
00000000,
00000000,
00000000,
00000000,
00000000,
00000000,
00000000,
00000000,
00000000,
00000000,
00000000,
00000000,
00000000,
00000000,
00000000,
00000000,
00000000,
00000000,
00000000,
00000000,
00000000,
00000000,
00000000,
00000000,
00000000,
00000000,
00000000,
00000000,
00000000,
00000000,
00000000,
00000000,
00000000,
00000000,
00000000,
00000000,
00000000,
00000000,
00000000,
00000000,
00000000,
00000000,
00000000,
00000000,
00000000,
00000000,
00000000,
00000000,
00000000,
00000000,
00000000,
00000000,
00000000,
00000000,
00000000,
00000000,
00000000,
00000000,
00000000,
00000000,
00000000,
00000000,
00000000,
00000000,
00000000,
00000000,
00000000,
00000000,
00000000,
00000000,
00000000,
00000000,
00000000,
00000000,
00000000,
00000000,
00000000,
00000000,
00000000,
00000000,
00000000,
00000000,
00000000,
00000000,
00000000,
00000000,
00000000,
00000000,
00000000,
00000000,
00000000,
00000000,
00000000,
00000000,
00000000,
00000000,
00000000,
00000000,
00000000,
00000000,
00000000,
00000000,
00000000,
00000000,
00000000,
00000000,
00000000,
00000000,
00000000,
00000000,
00000000,
00000000,
00000000,
00000000,
00000000,
00000000,
00000000,
00000000,
00000000,
00000000,
00000000,
00000000,
00000000,
00000000,
00000000,
00000000,
00000000,
00000000,
00000000,
00000000,
00000000,
00000000,
00000000,
00000000,
00000000,
00000000,
00000000,
00000000,
00000000,
00000000,
00000000,
00000000,
00000000,
00000000,
00000000,
00000000,
00000000,
00000000,
00000000,
00000000,
00000000,
00000000,
00000000,
00000000,
00000000,
00000000,
00000000,
00000000,
00000000,
00000000,
00000000,
00000000,
00000000,
00000000,
00000000,
00000000,
00000000,
00000000,
00000000,
00000000,
00000000,
00000000,
00000000,
00000000,
00000000,
00000000,
00000000,
00000000,
00000000,
00000000,
00000000,
00000000,
00000000,
00000000,
00000000,
00000000,
00000000,
00000000,
00000000,
00000000,
00000000,
00000000,
00000000,
00000000,
00000000,
00000000,
00000000,
00000000,
00000000,
00000000,
00000000,
00000000,
00000000,
00000000,
00000000,
00000000,
00000000,
00000000,
00000000,
00000000,
00000000,
00000000,
00000000,
00000000,
00000000,
00000000,
00000000,
00000000,
00000000,
00000000,
00000000,
00000000,
00000000,
00000000,
00000000,
00000000,
00000000,
00000000,
00000000,
00000000,
00000000,
00000000,
00000000,
00000000,
00000000,
00000000,
00000000,
00000000,
00000000,
00000000,
00000000,
00000000,
00000000,
00000000,
00000000,
00000000,
00000000,
00000000,
00000000,
00000000,
00000000,
00000000,
00000000,
00000000,
00000000,
00000000,
00000000,
00000000,
00000000,
00000000,
00000000,
00000000,
00000000,
00000000,
00000000,
00000000,
00000000,
00000000,
00000000,
00000000,
00000000,
00000000,
00000000,
00000000,
00000000,
00000000,
00000000,
00000000,
00000000,
00000000,
00000000,
00000000,
00000000,
00000000,
00000000,
00000000,
00000000,
00000000,
00000000,
00000000,
00000000,
00000000,
00000000,
00000000,
00000000,
00000000,
00000000,
00000000,
00000000,
00000000,
00000000,
00000000,
00000000,
00000000,
00000000,
00000000,
00000000,
00000000,
00000000,
00000000,
00000000,
00000000,
00000000,
00000000,
00000000,
00000000,
00000000,
00000000,
00000000,
00000000,
00000000,
00000000,
00000000,
00000000,
00000000,
00000000,
00000000,
00000000,
00000000,
00000000,
00000000,
00000000,
00000000,
00000000,
00000000,
00000000,
00000000,
00000000,
00000000,
00000000,
00000000,
00000000,
00000000,
00000000,
00000000,
00000000,
00000000,
00000000,
00000000,
00000000,
00000000,
00000000,
00000000,
00000000,
00000000,
00000000,
00000000,
00000000,
00000000,
00000000,
00000000,
00000000,
00000000,
00000000,
00000000,
00000000,
00000000,
00000000,
00000000,
00000000,
00000000,
00000000,
00000000,
00000000,
00000000,
00000000,
00000000,
00000000,
00000000,
00000000,
00000000,
00000000,
00000000,
00000000,
00000000,
00000000,
00000000,
00000000,
00000000,
00000000,
00000000,
00000000,
00000000,
00000000,
00000000,
00000000,
00000000,
00000000,
00000000,
00000000,
00000000,
00000000,
00000000,
00000000,
00000000,
00000000,
00000000,
00000000,
00000000,
00000000,
00000000,
00000000,
00000000,
00000000,
00000000,
00000000,
00000000,
00000000,
00000000,
00000000,
00000000,
00000000,
00000000,
00000000,
00000000,
00000000,
00000000,
00000000,
00000000,
00000000,
00000000,
00000000,
00000000,
00000000,
00000000,
00000000,
00000000,
00000000,
00000000,
00000000,
00000000,
00000000,
00000000,
00000000,
00000000,
00000000,
00000000,
00000000,
00000000,
00000000,
00000000,
00000000,
00000000,
00000000,
00000000,
00000000,
00000000,
00000000,
00000000,
00000000,
00000000,
00000000,
00000000,
00000000,
00000000,
00000000,
00000000,
00000000,
00000000,
00000000,
00000000,
00000000,
00000000,
00000000,
00000000,
00000000,
00000000,
00000000,
00000000,
00000000,
00000000,
00000000,
00000000,
00000000,
00000000,
00000000,
00000000,
00000000,
00000000,
00000000,
00000000,
00000000,
00000000,
00000000,
00000000,
00000000,
00000000,
00000000,
00000000,
00000000,
00000000,
00000000,
00000000,
00000000,
00000000,
00000000,
00000000,
00000000,
00000000,
00000000,
00000000,
00000000,
00000000,
00000000,
00000000,
00000000,
00000000,
00000000,
00000000,
00000000,
00000000,
00000000,
00000000,
00000000,
00000000,
00000000,
00000000,
00000000,
00000000,
00000000,
00000000,
00000000,
00000000,
00000000,
00000000,
00000000,
00000000,
00000000,
00000000,
00000000,
00000000,
00000000,
00000000,
00000000,
00000000,
00000000,
00000000,
00000000,
00000000,
00000000,
00000000,
00000000,
00000000,
00000000,
00000000,
00000000,
00000000,
00000000,
00000000,
00000000,
00000000,
00000000,
00000000,
00000000,
00000000,
00000000,
00000000,
00000000,
00000000,
00000000,
00000000,
00000000,
00000000,
00000000,
00000000,
00000000,
00000000,
00000000,
00000000,
00000000,
00000000,
00000000,
00000000,
00000000,
00000000,
00000000,
00000000,
00000000,
00000000,
00000000,
00000000,
00000000,
00000000,
00000000,
00000000,
00000000,
00000000,
00000000,
00000000,
00000000,
00000000,
00000000,
00000000,
00000000,
00000000,
00000000,
00000000,
00000000,
00000000,
00000000,
00000000,
00000000,
00000000,
00000000,
00000000,
00000000,
00000000,
00000000,
00000000,
00000000,
00000000,
00000000,
00000000,
00000000,
00000000,
00000000,
00000000,
00000000,
00000000,
00000000,
00000000,
00000000,
00000000,
00000000,
00000000,
00000000,
00000000,
00000000,
00000000,
00000000,
00000000,
00000000,
00000000,
00000000,
00000000,
00000000,
00000000,
00000000,
00000000,
00000000,
00000000,
00000000,
00000000,
00000000,
00000000,
00000000,
00000000,
00000000,
00000000,
00000000,
00000000,
00000000,
00000000,
00000000,
00000000,
00000000,
00000000,
00000000,
00000000,
00000000,
00000000,
00000000,
00000000,
00000000,
00000000,
00000000,
00000000,
00000000,
00000000,
00000000,
00000000,
00000000,
00000000,
00000000,
00000000,
00000000,
00000000,
00000000,
00000000,
00000000,
00000000,
00000000,
00000000,
00000000,
00000000,
00000000,
00000000,
00000000,
00000000,
00000000,
00000000,
00000000,
00000000,
00000000,
00000000,
00000000,
00000000,
00000000,
00000000,
00000000,
00000000,
00000000,
00000000,
00000000,
00000000,
00000000,
00000000,
00000000,
00000000,
00000000,
00000000,
00000000,
00000000,
00000000,
00000000,
00000000,
00000000,
00000000,
00000000,
00000000,
00000000,
00000000,
00000000,
00000000,
00000000,
00000000,
00000000,
00000000,
00000000,
00000000,
00000000,
00000000,
00000000,
00000000,
00000000,
00000000,
00000000,
00000000,
00000000,
00000000,
00000000,
00000000,
00000000,
00000000,
00000000,
00000000,
00000000,
00000000,
00000000,
00000000,
00000000,
00000000,
00000000,
00000000,
00000000,
00000000,
00000000,
00000000,
00000000,
00000000,
00000000,
00000000,
00000000,
00000000,
00000000,
00000000,
00000000,
00000000,
00000000,
00000000,
00000000,
00000000,
00000000,
00000000,
00000000,
00000000,
00000000,
00000000,
00000000,
00000000,
00000000,
00000000,
00000000,
00000000,
00000000,
00000000,
00000000,
00000000,
00000000,
00000000,
00000000,
00000000,
00000000,
00000000,
00000000,
00000000,
00000000,
00000000,
00000000,
00000000,
00000000,
00000000,
00000000,
00000000,
00000000,
00000000,
00000000,
00000000,
00000000,
00000000,
00000000,
00000000,
00000000,
00000000,
00000000,
00000000,
00000000,
00000000,
00000000,
00000000,
00000000,
00000000,
00000000,
00000000,
00000000,
00000000,
00000000,
00000000,
00000000,
00000000,
00000000,
00000000,
00000000,
00000000,
00000000,
00000000,
00000000,
00000000,
00000000,
00000000,
00000000,
00000000,
00000000,
00000000,
00000000,
00000000,
00000000,
00000000,
00000000,
00000000,
00000000,
00000000,
00000000,
00000000,
00000000,
00000000,
00000000,
00000000,
00000000,
00000000,
00000000,
00000000,
00000000,
00000000,
00000000,
00000000,
00000000,
00000000,
00000000,
00000000,
00000000,
00000000,
00000000,
00000000,
00000000,
00000000,
00000000,
00000000,
00000000,
00000000,
00000000,
00000000,
00000000,
00000000,
00000000,
00000000,
00000000,
00000000,
00000000,
00000000,
00000000,
00000000,
00000000,
00000000,
00000000,
00000000,
00000000,
00000000,
00000000,
00000000,
00000000,
00000000,
00000000,
00000000,
00000000,
00000000,
00000000,
00000000,
00000000,
00000000,
00000000,
00000000,
00000000,
00000000,
00000000,
00000000,
00000000,
00000000,
00000000,
00000000,
00000000,
00000000,
00000000,
00000000,
00000000,
00000000,
00000000,
00000000,
00000000,
00000000,
00000000,
00000000,
00000000,
00000000,
00000000,
00000000,
00000000,
00000000,
00000000,
00000000,
00000000,
00000000,
00000000,
00000000,
00000000,
00000000,
00000000,
00000000,
00000000,
00000000,
00000000,
00000000,
00000000,
00000000,
00000000,
00000000,
00000000,
00000000,
00000000,
00000000,
00000000,
00000000,
00000000,
00000000,
00000000,
00000000,
00000000,
00000000,
00000000,
00000000,
00000000,
00000000,
00000000,
00000000,
00000000,
00000000,
00000000,
00000000,
00000000,
00000000,
00000000,
00000000,
00000000,
00000000,
00000000,
00000000,
00000000,
00000000,
00000000,
00000000,
00000000,
00000000,
00000000,
00000000,
00000000,
00000000,
00000000,
00000000,
00000000,
00000000,
00000000,
00000000,
00000000,
00000000,
00000000,
00000000,
00000000,
00000000,
00000000,
00000000,
00000000,
00000000,
00000000,
00000000,
00000000,
00000000,
00000000,
00000000,
00000000,
00000000,
00000000,
00000000,
00000000,
00000000,
00000000,
00000000,
00000000,
00000000,
00000000,
00000000,
00000000,
00000000,
00000000,
00000000,
00000000,
00000000,
00000000,
00000000,
00000000,
00000000,
00000000,
00000000,
00000000,
00000000,
00000000,
00000000,
00000000,
00000000,
00000000,
00000000,
00000000,
00000000,
00000000,
00000000,
00000000,
00000000,
00000000,
00000000,
00000000,
00000000,
00000000,
00000000,
00000000,
00000000,
00000000,
00000000,
00000000,
00000000,
00000000,
00000000,
00000000,
00000000,
00000000,
00000000,
00000000,
00000000,
00000000,
00000000,
00000000,
00000000,
00000000,
00000000,
00000000,
00000000,
00000000,
00000000,
00000000,
00000000,
00000000,
00000000,
00000000,
00000000,
00000000,
00000000,
00000000,
00000000,
00000000,
00000000,
00000000,
00000000,
00000000,
00000000,
00000000,
00000000,
00000000,
00000000,
00000000,
00000000,
00000000,
00000000,
00000000,
00000000,
00000000,
00000000,
00000000,
00000000,
00000000,
00000000,
00000000,
00000000,
00000000,
00000000,
00000000,
00000000,
00000000,
00000000,
00000000,
00000000,
00000000,
00000000,
00000000,
00000000,
00000000,
00000000,
00000000,
00000000,
00000000,
00000000,
00000000,
00000000,
00000000,
00000000,
00000000,
00000000,
00000000,
00000000,
00000000,
00000000,
00000000,
00000000,
00000000,
00000000,
00000000,
00000000,
00000000,
00000000,
00000000,
00000000,
00000000,
00000000,
00000000,
00000000,
00000000,
00000000,
00000000,
00000000,
00000000,
00000000,
00000000,
00000000,
00000000,
00000000,
00000000,
00000000,
00000000,
00000000,
00000000,
00000000,
00000000,
00000000,
00000000,
00000000,
00000000,
00000000,
00000000,
00000000,
00000000,
00000000,
00000000,
00000000,
00000000,
00000000,
00000000,
00000000,
00000000,
00000000,
00000000,
00000000,
00000000,
00000000,
00000000,
00000000,
00000000,
00000000,
00000000,
00000000,
00000000,
00000000,
00000000,
00000000,
00000000,
00000000,
00000000,
00000000,
00000000,
00000000,
00000000,
00000000,
00000000,
00000000,
00000000,
00000000,
00000000,
00000000,
00000000,
00000000,
00000000,
00000000,
00000000,
00000000,
00000000,
00000000,
00000000,
00000000,
00000000,
00000000,
00000000,
00000000,
00000000,
00000000,
00000000,
00000000,
00000000,
00000000,
00000000,
00000000,
00000000,
00000000,
00000000,
00000000,
00000000,
00000000,
00000000,
00000000,
00000000,
00000000,
00000000,
00000000,
00000000,
00000000,
00000000,
00000000,
00000000,
00000000,
00000000,
00000000,
00000000,
00000000,
00000000,
00000000,
00000000,
00000000,
00000000,
00000000,
00000000,
00000000,
00000000,
00000000,
00000000,
00000000,
00000000,
00000000,
00000000,
00000000,
00000000,
00000000,
00000000,
00000000,
00000000,
00000000,
00000000,
00000000,
00000000,
00000000,
00000000,
00000000,
00000000,
00000000,
00000000,
00000000,
00000000,
00000000,
00000000,
00000000,
00000000,
00000000,
00000000,
00000000,
00000000,
00000000,
00000000,
00000000,
00000000,
00000000,
00000000,
00000000,
00000000,
00000000,
00000000,
00000000,
00000000,
00000000,
00000000,
00000000,
00000000,
00000000,
00000000,
00000000,
00000000,
00000000,
00000000,
00000000,
00000000,
00000000,
00000000,
00000000,
00000000,
00000000,
00000000,
00000000,
00000000,
00000000,
00000000,
00000000,
00000000,
00000000,
00000000,
00000000,
00000000,
00000000,
00000000,
00000000,
00000000,
00000000,
00000000,
00000000,
00000000,
00000000,
00000000,
00000000,
00000000,
00000000,
00000000,
00000000,
00000000,
00000000,
00000000,
00000000,
00000000,
00000000,
00000000,
00000000,
00000000,
00000000,
00000000,
00000000,
00000000,
00000000,
00000000,
00000000,
00000000,
00000000,
00000000,
00000000,
00000000,
00000000,
00000000,
00000000,
00000000,
00000000,
00000000,
00000000,
00000000,
00000000,
00000000,
00000000,
00000000,
00000000,
00000000,
00000000,
00000000,
00000000,
00000000,
00000000,
00000000,
00000000,
00000000,
00000000,
00000000,
00000000,
00000000,
00000000,
00000000,
00000000,
00000000,
00000000,
00000000,
00000000,
00000000,
00000000,
00000000,
00000000,
00000000,
00000000,
00000000,
00000000,
00000000,
00000000,
00000000,
00000000,
00000000,
00000000,
00000000,
00000000,
00000000,
00000000,
00000000,
00000000,
00000000,
00000000,
00000000,
00000000,
00000000,
00000000,
00000000,
00000000,
00000000,
00000000,
00000000,
00000000,
00000000,
00000000,
00000000,
00000000,
00000000,
00000000,
00000000,
00000000,
00000000,
00000000,
00000000,
00000000,
00000000,
00000000,
00000000,
00000000,
00000000,
00000000,
00000000,
00000000,
00000000,
00000000,
00000000,
00000000,
00000000,
00000000,
00000000,
00000000,
00000000,
00000000,
00000000,
00000000,
00000000,
00000000,
00000000,
00000000,
00000000,
00000000,
00000000,
00000000,
00000000,
00000000,
00000000,
00000000,
00000000,
00000000,
00000000,
00000000,
00000000,
00000000,
00000000,
00000000,
00000000,
00000000,
00000000,
00000000,
00000000,
00000000,
00000000,
00000000,
00000000,
00000000,
00000000,
00000000,
00000000,
00000000,
00000000,
00000000,
00000000,
00000000,
00000000,
00000000,
00000000,
00000000,
00000000,
00000000,
00000000,
00000000,
00000000,
00000000,
00000000,
00000000,
00000000,
00000000,
00000000,
00000000,
00000000,
00000000,
00000000,
00000000,
00000000,
00000000,
00000000,
00000000,
00000000,
00000000,
00000000,
00000000,
00000000,
00000000,
00000000,
00000000,
00000000,
00000000,
00000000,
00000000,
00000000,
00000000,
00000000,
00000000,
00000000,
00000000,
00000000,
00000000,
00000000,
00000000,
00000000,
00000000,
00000000,
00000000,
00000000,
00000000,
00000000,
00000000,
00000000,
00000000,
00000000,
00000000,
00000000,
00000000,
00000000,
00000000,
00000000,
00000000,
00000000,
00000000,
00000000,
00000000,
00000000,
00000000,
00000000,
00000000,
00000000,
00000000,
00000000,
00000000,
00000000,
00000000,
00000000,
00000000,
00000000,
00000000,
00000000,
00000000,
00000000,
00000000,
00000000,
00000000,
00000000,
00000000,
00000000,
00000000,
00000000,
00000000,
00000000,
00000000,
00000000,
00000000,
00000000,
00000000,
00000000,
00000000,
00000000,
00000000,
00000000,
00000000,
00000000,
00000000,
00000000,
00000000,
00000000,
00000000,
00000000,
00000000,
00000000,
00000000,
00000000,
00000000,
00000000,
00000000,
00000000,
00000000,
00000000,
00000000,
00000000,
00000000,
00000000,
00000000,
00000000,
00000000,
00000000,
00000000,
00000000,
00000000,
00000000,
00000000,
00000000,
00000000,
00000000,
00000000,
00000000,
00000000,
00000000,
00000000,
00000000,
00000000,
00000000,
00000000,
00000000,
00000000,
00000000,
00000000,
00000000,
00000000,
00000000,
00000000,
00000000,
00000000,
00000000,
00000000,
00000000,
00000000,
00000000,
00000000,
00000000,
00000000,
00000000,
00000000,
00000000,
00000000,
00000000,
00000000,
00000000,
00000000,
00000000,
00000000,
00000000,
00000000,
00000000,
00000000,
00000000,
00000000,
00000000,
00000000,
00000000,
00000000,
00000000,
00000000,
00000000,
00000000,
00000000,
00000000,
00000000,
00000000,
00000000,
00000000,
00000000,
00000000,
00000000,
00000000,
00000000,
00000000,
00000000,
00000000,
00000000,
00000000,
00000000,
00000000,
00000000,
00000000,
00000000,
00000000,
00000000,
00000000,
00000000,
00000000,
00000000,
00000000,
00000000,
00000000,
00000000,
00000000,
00000000,
00000000,
00000000,
00000000,
00000000,
00000000,
00000000,
00000000,
00000000,
00000000,
00000000,
00000000,
00000000,
00000000,
00000000,
00000000,
00000000,
00000000,
00000000,
00000000,
00000000,
00000000,
00000000,
00000000,
00000000,
00000000,
00000000,
00000000,
00000000,
00000000,
00000000,
00000000,
00000000,
00000000,
00000000,
00000000,
00000000,
00000000,
00000000,
00000000,
00000000,
00000000,
00000000,
00000000,
00000000,
00000000,
00000000,
00000000,
00000000,
00000000,
00000000,
00000000,
00000000,
00000000,
00000000,
00000000,
00000000,
00000000,
00000000,
00000000,
00000000,
00000000,
00000000,
00000000,
00000000,
00000000,
00000000,
00000000,
00000000,
00000000,
00000000,
00000000,
00000000,
00000000,
00000000,
00000000,
00000000,
00000000,
00000000,
00000000,
00000000,
00000000,
00000000,
00000000,
00000000,
00000000,
00000000,
00000000,
00000000,
00000000,
00000000,
00000000,
00000000,
00000000,
00000000,
00000000,
00000000,
00000000,
00000000,
00000000,
00000000,
00000000,
00000000,
00000000,
00000000,
00000000,
00000000,
00000000,
00000000,
00000000,
00000000,
00000000,
00000000,
00000000,
00000000,
00000000,
00000000,
00000000,
00000000,
00000000,
00000000,
00000000,
00000000,
00000000,
00000000,
00000000,
00000000,
00000000,
00000000,
00000000,
00000000,
00000000,
00000000,
00000000,
00000000,
00000000,
00000000,
00000000,
00000000,
00000000,
00000000,
00000000,
00000000,
00000000,
00000000,
00000000,
00000000,
00000000,
00000000,
00000000,
00000000,
00000000,
00000000,
00000000,
00000000,
00000000,
00000000,
00000000,
00000000,
00000000,
00000000,
00000000,
00000000,
00000000,
00000000,
00000000,
00000000,
00000000,
00000000,
00000000,
00000000,
00000000,
00000000,
00000000,
00000000,
00000000,
00000000,
00000000,
00000000,
00000000,
00000000,
00000000,
00000000,
00000000,
00000000,
00000000,
00000000,
00000000,
00000000,
00000000,
00000000,
00000000,
00000000,
00000000,
00000000,
00000000,
00000000,
00000000,
00000000,
00000000,
00000000,
00000000,
00000000,
00000000,
00000000,
00000000,
00000000,
00000000,
00000000,
00000000,
00000000,
00000000,
00000000,
00000000,
00000000,
00000000,
00000000,
00000000,
00000000,
00000000,
00000000,
00000000,
00000000,
00000000,
00000000,
00000000,
00000000,
00000000,
00000000,
00000000,
00000000,
00000000,
00000000,
00000000,
00000000,
00000000,
00000000,
00000000,
00000000,
00000000,
00000000,
00000000,
00000000,
00000000,
00000000,
00000000,
00000000,
00000000,
00000000,
00000000,
00000000,
00000000,
00000000,
00000000,
00000000,
00000000,
00000000,
00000000,
00000000,
00000000,
00000000,
00000000,
00000000,
00000000,
00000000,
00000000,
00000000,
00000000,
00000000,
00000000,
00000000,
00000000,
00000000,
00000000,
00000000,
00000000,
00000000,
00000000,
00000000,
00000000,
00000000,
00000000,
00000000,
00000000,
00000000,
00000000,
00000000,
00000000,
00000000,
00000000,
00000000,
00000000,
00000000,
00000000,
00000000,
00000000,
00000000,
00000000,
00000000,
00000000,
00000000,
00000000,
00000000,
00000000,
00000000,
00000000,
00000000,
00000000,
00000000,
00000000,
00000000,
00000000,
00000000,
00000000,
00000000,
00000000,
00000000,
00000000,
00000000,
00000000,
00000000,
00000000,
00000000,
00000000,
00000000,
00000000,
00000000,
00000000,
00000000,
00000000,
00000000,
00000000,
00000000,
00000000,
00000000,
00000000,
00000000,
00000000,
00000000,
00000000,
00000000,
00000000,
00000000,
00000000,
00000000,
00000000,
00000000,
00000000,
00000000,
00000000,
00000000,
00000000,
00000000,
00000000,
00000000,
00000000,
00000000,
00000000,
00000000,
00000000,
00000000,
00000000,
00000000,
00000000,
00000000,
00000000,
00000000,
00000000,
00000000,
00000000,
00000000,
00000000,
00000000,
00000000,
00000000,
00000000,
00000000,
00000000,
00000000,
00000000,
00000000,
00000000,
00000000,
00000000,
00000000,
00000000,
00000000,
00000000,
00000000,
00000000,
00000000,
00000000,
00000000,
00000000,
00000000,
00000000,
00000000,
00000000,
00000000,
00000000,
00000000,
00000000,
00000000,
00000000,
00000000,
00000000,
00000000,
00000000,
00000000,
00000000,
00000000,
00000000,
00000000,
00000000,
00000000,
00000000,
00000000,
00000000,
00000000,
00000000,
00000000,
00000000,
00000000,
00000000,
00000000,
00000000,
00000000,
00000000,
00000000,
00000000,
00000000,
00000000,
00000000,
00000000,
00000000,
00000000,
00000000,
00000000,
00000000,
00000000,
00000000,
00000000,
00000000,
00000000,
00000000,
00000000,
00000000,
00000000,
00000000,
00000000,
00000000,
00000000,
00000000,
00000000,
00000000,
00000000,
00000000,
00000000,
00000000,
00000000,
00000000,
00000000,
00000000,
00000000,
00000000,
00000000,
00000000,
00000000,
00000000,
00000000,
00000000,
00000000,
00000000,
00000000,
00000000,
00000000,
00000000,
00000000,
00000000,
00000000,
00000000,
00000000,
00000000,
00000000,
00000000,
00000000,
00000000,
00000000,
00000000,
00000000,
00000000,
00000000,
00000000,
00000000,
00000000,
00000000,
00000000,
00000000,
00000000,
00000000,
00000000,
00000000,
00000000,
00000000,
00000000,
00000000,
00000000,
00000000,
00000000,
00000000,
00000000,
00000000,
00000000,
00000000,
00000000,
00000000,
00000000,
00000000,
00000000,
00000000,
00000000,
00000000,
00000000,
00000000,
00000000,
00000000,
00000000,
00000000,
00000000,
00000000,
00000000,
00000000,
00000000,
00000000,
00000000,
00000000,
00000000,
00000000,
00000000,
00000000,
00000000,
00000000,
00000000,
00000000,
00000000,
00000000,
00000000,
00000000,
00000000,
00000000,
00000000,
00000000,
00000000,
00000000,
00000000,
00000000,
00000000,
00000000,
00000000,
00000000,
00000000,
00000000,
00000000,
00000000,
00000000,
00000000,
00000000,
00000000,
00000000,
00000000,
00000000,
00000000,
00000000,
00000000,
00000000,
00000000,
00000000,
00000000,
00000000,
00000000,
00000000,
00000000,
00000000,
00000000,
00000000,
00000000,
00000000,
00000000,
00000000,
00000000,
00000000,
00000000,
00000000,
00000000,
00000000,
00000000,
00000000,
00000000,
00000000,
00000000,
00000000,
00000000,
00000000,
00000000,
00000000,
00000000,
00000000,
00000000,
00000000,
00000000,
00000000,
00000000,
00000000,
00000000,
00000000,
00000000,
00000000,
00000000,
00000000,
00000000,
00000000,
00000000,
00000000,
00000000,
00000000,
00000000,
00000000,
00000000,
00000000,
00000000,
00000000,
00000000,
00000000,
00000000,
00000000,
00000000,
00000000,
00000000,
00000000,
00000000,
00000000,
00000000,
00000000,
00000000,
00000000,
00000000,
00000000,
00000000,
00000000,
00000000,
00000000,
00000000,
00000000,
00000000,
00000000,
00000000,
00000000,
00000000,
00000000,
00000000,
00000000,
00000000,
00000000,
00000000,
00000000,
00000000,
00000000,
00000000,
00000000,
00000000,
00000000,
00000000,
00000000,
00000000,
00000000,
00000000,
00000000,
00000000,
00000000,
00000000,
00000000,
00000000,
00000000,
00000000,
00000000,
00000000,
00000000,
00000000,
00000000,
00000000,
00000000,
00000000,
00000000,
00000000,
00000000,
00000000,
00000000,
00000000,
00000000,
00000000,
00000000,
00000000,
00000000,
00000000,
00000000,
00000000,
00000000,
00000000,
00000000,
00000000,
00000000,
00000000,
00000000,
00000000,
00000000,
00000000,
00000000,
00000000,
00000000,
00000000,
00000000,
00000000,
00000000,
00000000,
00000000,
00000000,
00000000,
00000000,
00000000,
00000000,
00000000,
00000000,
00000000,
00000000,
00000000,
00000000,
00000000,
00000000,
00000000,
00000000,
00000000,
00000000,
00000000,
00000000,
00000000,
00000000,
00000000,
00000000,
00000000,
00000000,
00000000,
00000000,
00000000,
00000000,
00000000,
00000000,
00000000,
00000000,
00000000,
00000000,
00000000,
00000000,
00000000,
00000000,
00000000,
00000000,
00000000,
00000000,
00000000,
00000000,
00000000,
00000000,
00000000,
00000000,
00000000,
00000000,
00000000,
00000000,
00000000,
00000000,
00000000,
00000000,
00000000,
00000000,
00000000,
00000000,
00000000,
00000000,
00000000,
00000000,
00000000,
00000000,
00000000,
00000000,
00000000,
00000000,
00000000,
00000000,
00000000,
00000000,
00000000,
00000000,
00000000,
00000000,
00000000,
00000000,
00000000,
00000000,
00000000,
00000000,
00000000,
00000000,
00000000,
00000000,
00000000,
00000000,
00000000,
00000000,
00000000,
00000000,
00000000,
00000000,
00000000,
00000000,
00000000,
00000000,
00000000,
00000000,
00000000,
00000000,
00000000,
00000000,
00000000,
00000000,
00000000,
00000000,
00000000,
00000000,
00000000,
00000000,
00000000,
00000000,
00000000,
00000000,
00000000,
00000000,
00000000,
00000000,
00000000,
00000000,
00000000,
00000000,
00000000,
00000000,
00000000,
00000000,
00000000,
00000000,
00000000,
00000000,
00000000,
00000000,
00000000,
00000000,
00000000,
00000000,
00000000,
00000000,
00000000,
00000000,
00000000,
00000000,
00000000,
00000000,
00000000,
00000000,
00000000,
00000000,
00000000,
00000000,
00000000,
00000000,
00000000,
00000000,
00000000,
00000000,
00000000,
00000000,
00000000,
00000000,
00000000,
00000000,
00000000,
00000000,
00000000,
00000000,
00000000,
00000000,
00000000,
00000000,
00000000,
00000000,
00000000,
00000000,
00000000,
00000000,
00000000,
00000000,
00000000,
00000000,
00000000,
00000000,
00000000,
00000000,
00000000,
00000000,
00000000,
00000000,
00000000,
00000000,
00000000,
00000000,
00000000,
00000000,
00000000,
00000000,
00000000,
00000000,
00000000,
00000000,
00000000,
00000000,
00000000,
00000000,
00000000,
00000000,
00000000,
00000000,
00000000,
00000000,
00000000,
00000000,
00000000,
00000000,
00000000,
00000000,
00000000,
00000000,
00000000,
00000000,
00000000,
00000000,
00000000,
00000000,
00000000,
00000000,
00000000,
00000000,
00000000,
00000000,
00000000,
00000000,
00000000,
00000000,
00000000,
00000000,
00000000,
00000000,
00000000,
00000000,
00000000,
00000000,
00000000,
00000000,
00000000,
00000000,
00000000,
00000000,
00000000,
00000000,
00000000,
00000000,
00000000,
00000000,
00000000,
00000000,
00000000,
00000000,
00000000,
00000000,
00000000,
00000000,
00000000,
00000000,
00000000,
00000000,
00000000,
00000000,
00000000,
00000000,
00000000,
00000000,
00000000,
00000000,
00000000,
00000000,
00000000,
00000000,
00000000,
00000000,
00000000,
00000000,
00000000,
00000000,
00000000,
00000000,
00000000,
00000000,
00000000,
00000000,
00000000,
00000000,
00000000,
00000000,
00000000,
00000000,
00000000,
00000000,
00000000,
00000000,
00000000,
00000000,
00000000,
00000000,
00000000,
00000000,
00000000,
00000000,
00000000,
00000000,
00000000,
00000000,
00000000,
00000000,
00000000,
00000000,
00000000,
00000000,
00000000,
00000000,
00000000,
00000000,
00000000,
00000000,
00000000,
00000000,
00000000,
00000000,
00000000,
00000000,
00000000,
00000000,
00000000,
00000000,
00000000,
00000000,
00000000,
00000000,
00000000,
00000000,
00000000,
00000000,
00000000,
00000000,
00000000,
00000000,
00000000,
00000000,
00000000,
00000000,
00000000,
00000000,
00000000,
00000000,
00000000,
00000000,
00000000,
00000000,
00000000,
00000000,
00000000,
00000000,
00000000,
00000000,
00000000,
00000000,
00000000,
00000000,
00000000,
00000000,
00000000,
00000000,
00000000,
00000000,
00000000,
00000000,
00000000,
00000000,
00000000,
00000000,
00000000,
00000000,
00000000,
00000000,
00000000,
00000000,
00000000,
00000000,
00000000,
00000000,
00000000,
00000000,
00000000,
00000000,
00000000,
00000000,
00000000,
00000000,
00000000,
00000000,
00000000,
00000000,
00000000,
00000000,
00000000,
00000000,
00000000,
00000000,
00000000,
00000000,
00000000,
00000000,
00000000,
00000000,
00000000,
00000000,
00000000,
00000000,
00000000,
00000000,
00000000,
00000000,
00000000,
00000000,
00000000,
00000000,
00000000,
00000000,
00000000,
00000000,
00000000,
00000000,
00000000,
00000000,
00000000,
00000000,
00000000,
00000000,
00000000,
00000000,
00000000,
00000000,
00000000,
00000000,
00000000,
00000000,
00000000,
00000000,
00000000,
00000000,
00000000,
00000000,
00000000,
00000000,
00000000,
00000000,
00000000,
00000000,
00000000,
00000000,
00000000,
00000000,
00000000,
00000000,
00000000,
00000000,
00000000,
00000000,
00000000,
00000000,
00000000,
00000000,
00000000,
00000000,
00000000,
00000000,
00000000,
00000000,
00000000,
00000000,
00000000,
00000000,
00000000,
00000000,
00000000,
00000000,
00000000,
00000000,
00000000,
00000000,
00000000,
00000000,
00000000,
00000000,
00000000,
00000000,
00000000,
00000000,
00000000,
00000000,
00000000,
00000000,
00000000,
00000000,
00000000,
00000000,
00000000,
00000000,
00000000,
00000000,
00000000,
00000000,
00000000,
00000000,
00000000,
00000000,
00000000,
00000000,
00000000,
00000000,
00000000,
00000000,
00000000,
00000000,
00000000,
00000000,
00000000,
00000000,
00000000,
00000000,
00000000,
00000000,
00000000,
00000000,
00000000,
00000000,
00000000,
00000000,
00000000,
00000000,
00000000,
00000000,
00000000,
00000000,
00000000,
00000000,
00000000,
00000000,
00000000,
00000000,
00000000,
00000000,
00000000,
00000000,
00000000,
00000000,
00000000,
00000000,
00000000,
00000000,
00000000,
00000000,
00000000,
00000000,
00000000,
00000000,
00000000,
00000000,
00000000,
00000000,
00000000,
00000000,
00000000,
00000000,
00000000,
00000000,
00000000,
00000000,
00000000,
00000000,
00000000,
00000000,
00000000,
00000000,
00000000,
00000000,
00000000,
00000000,
00000000,
00000000,
00000000,
00000000,
00000000,
00000000,
00000000,
00000000,
00000000,
00000000,
00000000,
00000000,
00000000,
00000000,
00000000,
00000000,
00000000,
00000000,
00000000,
00000000,
00000000,
00000000,
00000000,
00000000,
00000000,
00000000,
00000000,
00000000,
00000000,
00000000,
00000000,
00000000,
00000000,
00000000,
00000000,
00000000,
00000000,
00000000,
00000000,
00000000,
00000000,
00000000,
00000000,
00000000,
00000000,
00000000,
00000000,
00000000,
00000000,
00000000,
00000000,
00000000,
00000000,
00000000,
00000000,
00000000,
00000000,
00000000,
00000000,
00000000,
00000000,
00000000,
00000000,
00000000,
00000000,
00000000,
00000000,
00000000,
00000000,
00000000,
00000000,
00000000,
00000000,
00000000,
00000000,
00000000,
00000000,
00000000,
00000000,
00000000,
00000000,
00000000,
00000000,
00000000,
00000000,
00000000,
00000000,
00000000,
00000000,
00000000,
00000000,
00000000,
00000000,
00000000,
00000000,
00000000,
00000000,
00000000,
00000000,
00000000,
00000000,
00000000,
00000000,
00000000,
00000000,
00000000,
00000000,
00000000,
00000000,
00000000,
00000000,
00000000,
00000000,
00000000,
00000000,
00000000,
00000000,
00000000,
00000000,
00000000,
00000000,
00000000,
00000000,
00000000,
00000000,
00000000,
00000000,
00000000,
00000000,
00000000,
00000000,
00000000,
00000000,
00000000,
00000000,
00000000,
00000000,
00000000,
00000000,
00000000,
00000000,
00000000,
00000000,
00000000,
00000000,
00000000,
00000000,
00000000,
00000000,
00000000,
00000000,
00000000,
00000000,
00000000,
00000000,
00000000,
00000000,
00000000,
00000000,
00000000,
00000000,
00000000,
00000000,
00000000,
00000000,
00000000,
00000000,
00000000,
00000000,
00000000,
00000000,
00000000,
00000000,
00000000,
00000000,
00000000,
00000000,
00000000,
00000000,
00000000,
00000000,
00000000,
00000000,
00000000,
00000000,
00000000,
00000000,
00000000,
00000000,
00000000,
00000000,
00000000,
00000000,
00000000,
00000000,
00000000,
00000000,
00000000,
00000000,
00000000,
00000000,
00000000,
00000000,
00000000,
00000000,
00000000,
00000000,
00000000,
00000000,
00000000,
00000000,
00000000,
00000000,
00000000,
00000000,
00000000,
00000000,
00000000,
00000000,
00000000,
00000000,
00000000,
00000000,
00000000,
00000000,
00000000,
00000000,
00000000,
00000000,
00000000,
00000000,
00000000,
00000000,
00000000,
00000000,
00000000,
00000000,
00000000,
00000000,
00000000,
00000000,
00000000,
00000000,
00000000,
00000000,
00000000,
00000000,
00000000,
00000000,
00000000,
00000000,
00000000,
00000000,
00000000,
00000000,
00000000,
00000000,
00000000,
00000000,
00000000,
00000000,
00000000,
00000000,
00000000,
00000000,
00000000,
00000000,
00000000,
00000000,
00000000,
00000000,
00000000,
00000000,
00000000,
00000000,
00000000,
00000000,
00000000,
00000000,
00000000,
00000000,
00000000,
00000000,
00000000,
00000000,
00000000,
00000000,
00000000,
00000000,
00000000,
00000000,
00000000,
00000000,
00000000,
00000000,
00000000,
00000000,
00000000,
00000000,
00000000,
00000000,
00000000,
00000000,
00000000,
00000000,
00000000,
00000000,
00000000,
00000000,
00000000,
00000000,
00000000,
00000000,
00000000,
00000000,
00000000,
00000000,
00000000,
00000000,
00000000,
00000000,
00000000,
00000000,
00000000,
00000000,
00000000,
00000000,
00000000,
00000000,
00000000,
00000000,
00000000,
00000000,
00000000,
00000000,
00000000,
00000000,
00000000,
00000000,
00000000,
00000000,
00000000,
00000000,
00000000,
00000000,
00000000,
00000000,
00000000,
00000000,
00000000,
00000000,
00000000,
00000000,
00000000,
00000000,
00000000,
00000000,
00000000,
00000000,
00000000,
00000000,
00000000,
00000000,
00000000,
00000000,
00000000,
00000000,
00000000,
00000000,
00000000,
00000000,
00000000,
00000000,
00000000,
00000000,
00000000,
00000000,
00000000,
00000000,
00000000,
00000000,
00000000,
00000000,
00000000,
00000000,
00000000,
00000000,
00000000,
00000000,
00000000,
00000000,
00000000,
00000000,
00000000,
00000000,
00000000,
00000000,
00000000,
00000000,
00000000,
00000000,
00000000,
00000000,
00000000,
00000000,
00000000,
00000000,
00000000,
00000000,
00000000,
00000000,
00000000,
00000000,
00000000,
00000000,
00000000,
00000000,
00000000,
00000000,
00000000,
00000000,
00000000,
00000000,
00000000,
00000000,
00000000,
00000000,
00000000,
00000000,
00000000,
00000000,
00000000,
00000000,
00000000,
00000000,
00000000,
00000000,
00000000,
00000000,
00000000,
00000000,
00000000,
00000000,
00000000,
00000000,
00000000,
00000000,
00000000,
00000000,
00000000,
00000000,
00000000,
00000000,
00000000,
00000000,
00000000,
00000000,
00000000,
00000000,
00000000,
00000000,
00000000,
00000000,
00000000,
00000000,
00000000,
00000000,
00000000,
00000000,
00000000,
00000000,
00000000,
00000000,
00000000,
00000000,
00000000,
00000000,
00000000,
00000000,
00000000,
00000000,
00000000,
00000000,
00000000,
00000000,
00000000,
00000000,
00000000,
00000000,
00000000,
00000000,
00000000,
00000000,
00000000,
00000000,
00000000,
00000000,
00000000,
00000000,
00000000,
00000000,
00000000,
00000000,
00000000,
00000000,
00000000,
00000000,
00000000,
00000000,
00000000,
00000000,
00000000,
00000000,
00000000,
00000000,
00000000,
00000000,
00000000,
00000000,
00000000,
00000000,
00000000,
00000000,
00000000,
00000000,
00000000,
00000000,
00000000,
00000000,
00000000,
00000000,
00000000,
00000000,
00000000,
00000000,
00000000,
00000000,
00000000,
00000000,
00000000,
00000000,
00000000,
00000000,
00000000,
00000000,
00000000,
00000000,
00000000,
00000000,
00000000,
00000000,
00000000,
00000000,
00000000,
00000000,
00000000,
00000000,
00000000,
00000000,
00000000,
00000000,
00000000,
00000000,
00000000,
00000000,
00000000,
00000000,
00000000,
00000000,
00000000,
00000000,
00000000,
00000000,
00000000,
00000000,
00000000,
00000000,
00000000,
00000000,
00000000,
00000000,
00000000,
00000000,
00000000,
00000000,
00000000,
00000000,
00000000,
00000000,
00000000,
00000000,
00000000,
00000000,
00000000,
00000000,
00000000,
00000000,
00000000,
00000000,
00000000,
00000000,
00000000,
00000000,
00000000,
00000000,
00000000,
00000000,
00000000,
00000000,
00000000,
00000000,
00000000,
00000000,
00000000,
00000000,
00000000,
00000000,
00000000,
00000000,
00000000,
00000000,
00000000,
00000000,
00000000,
00000000,
00000000,
00000000,
00000000,
00000000,
00000000,
00000000,
00000000,
00000000,
00000000,
00000000,
00000000,
00000000,
00000000,
00000000,
00000000,
00000000,
00000000,
00000000,
00000000,
00000000,
00000000,
00000000,
00000000,
00000000,
00000000,
00000000,
00000000,
00000000,
00000000,
00000000,
00000000,
00000000,
00000000,
00000000,
00000000,
00000000,
00000000,
00000000,
00000000,
00000000,
00000000,
00000000,
00000000,
00000000,
00000000,
00000000,
00000000,
00000000,
00000000,
00000000,
00000000,
00000000,
00000000,
00000000,
00000000,
00000000,
00000000,
00000000,
00000000,
00000000,
00000000,
00000000,
00000000,
00000000,
00000000,
00000000,
00000000,
00000000,
00000000,
00000000,
00000000,
00000000,
00000000,
00000000,
00000000,
00000000,
00000000,
00000000,
00000000,
00000000,
00000000,
00000000,
00000000,
00000000,
00000000,
00000000,
00000000,
00000000,
00000000,
00000000,
00000000,
00000000,
00000000,
00000000,
00000000,
00000000,
00000000,
00000000,
00000000,
00000000,
00000000,
00000000,
00000000,
00000000,
00000000,
00000000,
00000000,
00000000,
00000000,
00000000,
00000000,
00000000,
00000000,
00000000,
00000000,
00000000,
00000000,
00000000,
00000000,
00000000,
00000000,
00000000,
00000000,
00000000,
00000000,
00000000,
00000000,
00000000,
00000000,
00000000,
00000000,
00000000,
00000000,
00000000,
00000000,
00000000,
00000000,
00000000,
00000000,
00000000,
00000000,
00000000,
00000000,
00000000,
00000000,
00000000,
00000000,
00000000,
00000000,
00000000,
00000000,
00000000,
00000000,
00000000,
00000000,
00000000,
00000000,
00000000,
00000000,
00000000,
00000000,
00000000,
00000000,
00000000,
00000000,
00000000,
00000000,
00000000,
00000000,
00000000,
00000000,
00000000,
00000000,
00000000,
00000000,
00000000,
00000000,
00000000,
00000000,
00000000,
00000000,
00000000,
00000000,
00000000,
00000000,
00000000,
00000000,
00000000,
00000000,
00000000,
00000000,
00000000,
00000000,
00000000,
00000000,
00000000,
00000000,
00000000,
00000000,
00000000,
00000000,
00000000,
00000000,
00000000,
00000000,
00000000,
00000000,
00000000,
00000000,
00000000,
00000000,
00000000,
00000000,
00000000,
00000000,
00000000,
00000000,
00000000,
00000000,
00000000,
00000000,
00000000,
00000000,
00000000,
00000000,
00000000,
00000000,
00000000,
00000000,
00000000,
00000000,
00000000,
00000000,
00000000,
00000000,
00000000,
00000000,
00000000,
00000000,
00000000,
00000000,
00000000,
00000000,
00000000,
00000000,
00000000,
00000000,
00000000,
00000000,
00000000,
00000000,
00000000,
00000000,
00000000,
00000000,
00000000,
00000000,
00000000,
00000000,
00000000,
00000000,
00000000,
00000000,
00000000,
00000000,
00000000,
00000000,
00000000,
00000000,
00000000,
00000000,
00000000,
00000000,
00000000,
00000000,
00000000,
00000000,
00000000,
00000000,
00000000,
00000000,
00000000,
00000000,
00000000,
00000000,
00000000,
00000000,
00000000,
00000000,
00000000,
00000000,
00000000,
00000000,
00000000,
00000000,
00000000,
00000000,
00000000,
00000000,
00000000,
00000000,
00000000,
00000000,
00000000,
00000000,
00000000,
00000000,
00000000,
00000000,
00000000,
00000000,
00000000,
00000000,
00000000,
00000000,
00000000,
00000000,
00000000,
00000000,
00000000,
00000000,
00000000,
00000000,
00000000,
00000000,
00000000,
00000000,
00000000,
00000000,
00000000,
00000000,
00000000,
00000000,
00000000,
00000000,
00000000,
00000000,
00000000,
00000000,
00000000,
00000000,
00000000,
00000000,
00000000,
00000000,
00000000,
00000000,
00000000,
00000000,
00000000,
00000000,
00000000,
00000000,
00000000,
00000000,
00000000,
00000000,
00000000,
00000000,
00000000,
00000000,
00000000,
00000000,
00000000,
00000000,
00000000,
00000000,
00000000,
00000000,
00000000,
00000000,
00000000,
00000000,
00000000,
00000000,
00000000,
00000000,
00000000,
00000000,
00000000,
00000000,
00000000,
00000000,
00000000,
00000000,
00000000,
00000000,
00000000,
00000000,
00000000,
00000000,
00000000,
00000000,
00000000,
00000000,
00000000,
00000000,
00000000,
00000000,
00000000,
00000000,
00000000,
00000000,
00000000,
00000000,
00000000,
00000000,
00000000,
00000000,
00000000,
00000000,
00000000,
00000000,
00000000,
00000000,
00000000,
00000000,
00000000,
00000000,
00000000,
00000000,
00000000,
00000000,
00000000,
00000000,
00000000,
00000000,
00000000,
00000000,
00000000,
00000000,
00000000,
00000000,
00000000,
00000000,
00000000,
00000000,
00000000,
00000000,
00000000,
00000000,
00000000,
00000000,
00000000,
00000000,
00000000,
00000000,
00000000,
00000000,
00000000,
00000000,
00000000,
00000000,
00000000,
00000000,
00000000,
00000000,
00000000,
00000000,
00000000,
00000000,
00000000,
00000000,
00000000,
00000000,
00000000,
00000000,
00000000,
00000000,
00000000,
00000000,
00000000,
00000000,
00000000,
00000000,
00000000,
00000000,
00000000,
00000000,
00000000,
00000000,
00000000,
00000000,
00000000,
00000000,
00000000,
00000000,
00000000,
00000000,
00000000,
00000000,
00000000,
00000000,
00000000,
00000000,
00000000,
00000000,
00000000,
00000000,
00000000,
00000000,
00000000,
00000000,
00000000,
00000000,
00000000,
00000000,
00000000,
00000000,
00000000,
00000000,
00000000,
00000000,
00000000,
00000000,
00000000,
00000000,
00000000,
00000000,
00000000,
00000000,
00000000,
00000000,
00000000,
00000000,
00000000,
00000000,
00000000,
00000000,
00000000,
00000000,
00000000,
00000000,
00000000,
00000000,
00000000,
00000000,
00000000,
00000000,
00000000,
00000000,
00000000,
00000000,
00000000,
00000000,
00000000,
00000000,
00000000,
00000000,
00000000,
00000000,
00000000,
00000000,
00000000,
00000000,
00000000,
00000000,
00000000,
00000000,
00000000,
00000000,
00000000,
00000000,
00000000,
00000000,
00000000,
00000000,
00000000,
00000000,
00000000,
00000000,
00000000,
00000000,
00000000,
00000000,
00000000,
00000000,
00000000,
00000000,
00000000,
00000000,
00000000,
00000000,
00000000,
00000000,
00000000,
00000000,
00000000,
00000000,
00000000,
00000000,
00000000,
00000000,
00000000,
00000000,
00000000,
00000000,
00000000,
00000000,
00000000,
00000000,
00000000,
00000000,
00000000,
00000000,
00000000,
00000000,
00000000,
00000000,
00000000,
00000000,
00000000,
00000000,
00000000,
00000000,
00000000,
00000000,
00000000,
00000000,
00000000,
00000000,
00000000,
00000000,
00000000,
00000000,
00000000,
00000000,
00000000,
00000000,
00000000,
00000000,
00000000,
00000000,
00000000,
00000000,
00000000,
00000000,
00000000,
00000000,
00000000,
00000000,
00000000,
00000000,
00000000,
00000000,
00000000,
00000000,
00000000,
00000000,
00000000,
00000000,
00000000,
00000000,
00000000,
00000000,
00000000,
00000000,
00000000,
00000000,
00000000,
00000000,
00000000,
00000000,
00000000,
00000000,
00000000,
00000000,
00000000,
00000000,
00000000,
00000000,
00000000,
00000000,
00000000,
00000000,
00000000,
00000000,
00000000,
00000000,
00000000,
00000000,
00000000,
00000000,
00000000,
00000000,
00000000,
00000000,
00000000,
00000000,
00000000,
00000000,
00000000,
00000000,
00000000,
00000000,
00000000,
00000000,
00000000,
00000000,
00000000,
00000000,
00000000,
00000000,
00000000,
00000000,
00000000,
00000000,
00000000,
00000000,
00000000,
00000000,
00000000,
00000000,
00000000,
00000000,
00000000,
00000000,
00000000,
00000000,
00000000,
00000000,
00000000,
00000000,
00000000,
00000000,
00000000,
00000000,
00000000,
00000000,
00000000,
00000000,
00000000,
00000000,
00000000,
00000000,
00000000,
00000000,
00000000,
00000000,
00000000,
00000000,
00000000,
00000000,
00000000,
00000000,
00000000,
00000000,
00000000,
00000000,
00000000,
00000000,
00000000,
00000000,
00000000,
00000000,
00000000,
00000000,
00000000,
00000000,
00000000,
00000000,
00000000,
00000000,
00000000,
00000000,
00000000,
00000000,
00000000,
00000000,
00000000,
00000000,
00000000,
00000000,
00000000,
00000000,
00000000,
00000000,
00000000,
00000000,
00000000,
00000000,
00000000,
00000000,
00000000,
00000000,
00000000,
00000000,
00000000,
00000000,
00000000,
00000000,
00000000,
00000000,
00000000,
00000000,
00000000,
00000000,
00000000,
00000000,
00000000,
00000000,
00000000,
00000000,
00000000,
00000000,
00000000,
00000000,
00000000,
00000000,
00000000,
00000000,
00000000,
00000000,
00000000,
00000000,
00000000,
00000000,
00000000,
00000000,
00000000,
00000000,
00000000,
00000000,
00000000,
00000000,
00000000,
00000000,
00000000,
00000000,
00000000,
00000000,
00000000,
00000000,
00000000,
00000000,
00000000,
00000000,
00000000,
00000000,
00000000,
00000000,
00000000,
00000000,
00000000,
00000000,
00000000,
00000000,
00000000,
00000000,
00000000,
00000000,
00000000,
00000000,
00000000,
00000000,
00000000,
00000000,
00000000,
00000000,
00000000,
00000000,
00000000,
00000000,
00000000,
00000000,
00000000,
00000000,
00000000,
00000000,
00000000,
00000000,
00000000,
00000000,
00000000,
00000000,
00000000,
00000000,
00000000,
00000000,
00000000,
00000000,
00000000,
00000000,
00000000,
00000000,
00000000,
00000000,
00000000,
00000000,
00000000,
00000000,
00000000,
00000000,
00000000,
00000000,
00000000,
00000000,
00000000,
00000000,
00000000,
00000000,
00000000,
00000000,
00000000,
00000000,
00000000,
00000000,
00000000,
00000000,
00000000,
00000000,
00000000,
00000000,
00000000,
00000000,
00000000,
00000000,
00000000,
00000000,
00000000,
00000000,
00000000,
00000000,
00000000,
00000000,
00000000,
00000000,
00000000,
00000000,
00000000,
00000000,
00000000,
00000000,
00000000,
00000000,
00000000,
00000000,
00000000,
00000000,
00000000,
00000000,
00000000,
00000000,
00000000,
00000000,
00000000,
00000000,
00000000,
00000000,
00000000,
00000000,
00000000,
00000000,
00000000,
00000000,
00000000,
00000000,
00000000,
00000000,
00000000,
00000000,
00000000,
00000000,
00000000,
00000000,
00000000,
00000000,
00000000,
00000000,
00000000,
00000000,
00000000,
00000000,
00000000,
00000000,
00000000,
00000000,
00000000,
00000000,
00000000,
00000000,
00000000,
00000000,
00000000,
00000000,
00000000,
00000000,
00000000,
00000000,
00000000,
00000000,
00000000,
00000000,
00000000,
00000000,
00000000,
00000000,
00000000,
00000000,
00000000,
00000000,
00000000,
00000000,
00000000,
00000000,
00000000,
00000000,
00000000,
00000000,
00000000,
00000000,
00000000,
00000000,
00000000,
00000000,
00000000,
00000000,
00000000,
00000000,
00000000,
00000000,
00000000,
00000000,
00000000,
00000000,
00000000,
00000000,
00000000,
00000000,
00000000,
00000000,
00000000,
00000000,
00000000,
00000000,
00000000,
00000000,
00000000,
00000000,
00000000,
00000000,
00000000,
00000000,
00000000,
00000000,
00000000,
00000000,
00000000,
00000000,
00000000,
00000000,
00000000,
00000000,
00000000,
00000000,
00000000,
00000000,
00000000,
00000000,
00000000,
00000000,
00000000,
00000000,
00000000,
00000000,
00000000,
00000000,
00000000,
00000000,
00000000,
00000000,
00000000,
00000000,
00000000,
00000000,
00000000,
00000000,
00000000,
00000000,
00000000,
00000000,
00000000,
00000000,
00000000,
00000000,
00000000,
00000000,
00000000,
00000000,
00000000,
00000000,
00000000,
00000000,
00000000,
00000000,
00000000,
00000000,
00000000,
00000000,
00000000,
00000000,
00000000,
00000000,
00000000,
00000000,
00000000,
00000000,
00000000,
00000000,
00000000,
00000000,
00000000,
00000000,
00000000,
00000000,
00000000,
00000000,
00000000,
00000000,
00000000,
00000000,
00000000,
00000000,
00000000,
00000000,
00000000,
00000000,
00000000,
00000000,
00000000,
00000000,
00000000,
00000000,
00000000,
00000000,
00000000,
00000000,
00000000,
00000000,
00000000,
00000000,
00000000,
00000000,
00000000,
00000000,
00000000,
00000000,
00000000,
00000000,
00000000,
00000000,
00000000,
00000000,
00000000,
00000000,
00000000,
00000000,
00000000,
00000000,
00000000,
00000000,
00000000,
00000000,
00000000,
00000000,
00000000,
00000000,
00000000,
00000000,
00000000,
00000000,
00000000,
00000000,
00000000,
00000000,
00000000,
00000000,
00000000,
00000000,
00000000,
00000000,
00000000,
00000000,
00000000,
00000000,
00000000,
00000000,
00000000,
00000000,
00000000,
00000000,
00000000,
00000000,
00000000,
00000000,
00000000,
00000000,
00000000,
00000000,
00000000,
00000000,
00000000,
00000000,
00000000,
00000000,
00000000,
00000000,
00000000,
00000000,
00000000,
00000000,
00000000,
00000000,
00000000,
00000000,
00000000,
00000000,
00000000,
00000000,
00000000,
00000000,
00000000,
00000000,
00000000,
00000000,
00000000,
00000000,
00000000,
00000000,
00000000,
00000000,
00000000,
00000000,
00000000,
00000000,
00000000,
00000000,
00000000,
00000000,
00000000,
00000000,
00000000,
00000000,
00000000,
00000000,
00000000,
00000000,
00000000,
00000000,
00000000,
00000000,
00000000,
00000000,
00000000,
00000000,
00000000,
00000000,
00000000,
00000000,
00000000,
00000000,
00000000,
00000000,
00000000,
00000000,
00000000,
00000000,
00000000,
00000000,
00000000,
00000000,
00000000,
00000000,
00000000,
00000000,
00000000,
00000000,
00000000,
00000000,
00000000,
00000000,
00000000,
00000000,
00000000,
00000000,
00000000,
00000000,
00000000,
00000000,
00000000,
00000000,
00000000,
00000000,
00000000,
00000000,
00000000,
00000000,
00000000,
00000000,
00000000,
00000000,
00000000,
00000000,
00000000,
00000000,
00000000,
00000000,
00000000,
00000000,
00000000,
00000000,
00000000,
00000000,
00000000,
00000000,
00000000,
00000000,
00000000,
00000000,
00000000,
00000000,
00000000,
00000000,
00000000,
00000000,
00000000,
00000000,
00000000,
00000000,
00000000,
00000000,
00000000,
00000000,
00000000,
00000000,
00000000,
00000000,
00000000,
00000000,
00000000,
00000000,
00000000,
00000000,
00000000,
00000000,
00000000,
00000000,
00000000,
00000000,
00000000,
00000000,
00000000,
00000000,
00000000,
00000000,
00000000,
00000000,
00000000,
00000000,
00000000,
00000000,
00000000,
00000000,
00000000,
00000000,
00000000,
00000000,
00000000,
00000000,
00000000,
00000000,
00000000,
00000000,
00000000,
00000000,
00000000,
00000000,
00000000,
00000000,
00000000,
00000000,
00000000,
00000000,
00000000,
00000000,
00000000,
00000000,
00000000,
00000000,
00000000,
00000000,
00000000,
00000000,
00000000,
00000000,
00000000,
00000000,
00000000,
00000000,
00000000,
00000000,
00000000,
00000000,
00000000,
00000000,
00000000,
00000000,
00000000,
00000000,
00000000,
00000000,
00000000,
00000000,
00000000,
00000000,
00000000,
00000000,
00000000,
00000000,
00000000,
00000000,
00000000,
00000000,
00000000,
00000000,
00000000,
00000000,
00000000,
00000000,
00000000,
00000000,
00000000,
00000000,
00000000,
00000000,
00000000,
00000000,
00000000,
00000000,
00000000,
00000000,
00000000,
00000000,
00000000,
00000000,
00000000,
00000000,
00000000,
00000000,
00000000,
00000000,
00000000,
00000000,
00000000,
00000000,
00000000,
00000000,
00000000,
00000000,
00000000,
00000000,
00000000,
00000000,
00000000,
00000000,
00000000,
00000000,
00000000,
00000000,
00000000,
00000000,
00000000,
00000000,
00000000,
00000000,
00000000,
00000000,
00000000,
00000000,
00000000,
00000000,
00000000,
00000000,
00000000,
00000000,
00000000,
00000000,
00000000,
00000000,
00000000,
00000000,
00000000,
00000000,
00000000,
00000000,
00000000,
00000000,
00000000,
00000000,
00000000,
00000000,
00000000,
00000000,
00000000,
00000000,
00000000,
00000000,
00000000,
00000000,
00000000,
00000000,
00000000,
00000000,
00000000,
00000000,
00000000,
00000000,
00000000,
00000000,
00000000,
00000000,
00000000,
00000000,
00000000,
00000000,
00000000,
00000000,
00000000,
00000000,
00000000,
00000000,
00000000,
00000000,
00000000,
00000000,
00000000,
00000000,
00000000,
00000000,
00000000,
00000000,
00000000,
00000000,
00000000,
00000000,
00000000,
00000000,
00000000,
00000000,
00000000,
00000000,
00000000,
00000000,
00000000,
00000000,
00000000,
00000000,
00000000,
00000000,
00000000,
00000000,
00000000,
00000000,
00000000,
00000000,
00000000,
00000000,
00000000,
00000000,
00000000,
00000000,
00000000,
00000000,
00000000,
00000000,
00000000,
00000000,
00000000,
00000000,
00000000,
00000000,
00000000,
00000000,
00000000,
00000000,
00000000,
00000000,
00000000,
00000000,
00000000,
00000000,
00000000,
00000000,
00000000,
00000000,
00000000,
00000000,
00000000,
00000000,
00000000,
00000000,
00000000,
00000000,
00000000,
00000000,
00000000,
00000000,
00000000,
00000000,
00000000,
00000000,
00000000,
00000000,
00000000,
00000000,
00000000,
00000000,
00000000,
00000000,
00000000,
00000000,
00000000,
00000000,
00000000,
00000000,
00000000,
00000000,
00000000,
00000000,
00000000,
00000000,
00000000,
00000000,
00000000,
00000000,
00000000,
00000000,
00000000,
00000000,
00000000,
00000000,
00000000,
00000000,
00000000,
00000000,
00000000,
00000000,
00000000,
00000000,
00000000,
00000000,
00000000,
00000000,
00000000,
00000000,
00000000,
00000000,
00000000,
00000000,
00000000,
00000000,
00000000,
00000000,
00000000,
00000000,
00000000,
00000000,
00000000,
00000000,
00000000,
00000000,
00000000,
00000000,
00000000,
00000000,
00000000,
00000000,
00000000,
00000000,
00000000,
00000000,
00000000,
00000000,
00000000,
00000000,
00000000,
00000000,
00000000,
00000000,
00000000,
00000000,
00000000,
00000000,
00000000,
00000000,
00000000,
00000000,
00000000,
00000000,
00000000,
00000000,
00000000,
00000000,
00000000,
00000000,
00000000,
00000000,
00000000,
00000000,
00000000,
00000000,
00000000,
00000000,
00000000,
00000000,
00000000,
00000000,
00000000,
00000000,
00000000,
00000000,
00000000,
00000000,
00000000,
00000000,
00000000,
00000000,
00000000,
00000000,
00000000,
00000000,
00000000,
00000000,
00000000,
00000000,
00000000,
00000000,
00000000,
00000000,
00000000,
00000000,
00000000,
00000000,
00000000,
00000000,
00000000,
00000000,
00000000,
00000000,
00000000,
00000000,
00000000,
00000000,
00000000,
00000000,
00000000,
00000000,
00000000,
00000000,
00000000,
00000000,
00000000,
00000000,
00000000,
00000000,
00000000,
00000000,
00000000,
00000000,
00000000,
00000000,
00000000,
00000000,
00000000,
00000000,
00000000,
00000000,
00000000,
00000000,
00000000,
00000000,
00000000,
00000000,
00000000,
00000000,
00000000,
00000000,
00000000,
00000000,
00000000,
00000000,
00000000,
00000000,
00000000,
00000000,
00000000,
00000000,
00000000,
00000000,
00000000,
00000000,
00000000,
00000000,
00000000,
00000000,
00000000,
00000000,
00000000,
00000000,
00000000,
00000000,
00000000,
00000000,
00000000,
00000000,
00000000,
00000000,
00000000,
00000000,
00000000,
00000000,
00000000,
00000000,
00000000,
00000000,
00000000,
00000000,
00000000,
00000000,
00000000,
00000000,
00000000,
00000000,
00000000,
00000000,
00000000,
00000000,
00000000,
00000000,
00000000,
00000000,
00000000,
00000000,
00000000,
00000000,
00000000,
00000000,
00000000,
00000000,
00000000,
00000000,
00000000,
00000000,
00000000,
00000000,
00000000,
00000000,
00000000,
00000000,
00000000,
00000000,
00000000,
00000000,
00000000,
00000000,
00000000,
00000000,
00000000,
00000000,
00000000,
00000000,
00000000,
00000000,
00000000,
00000000,
00000000,
00000000,
00000000,
00000000,
00000000,
00000000,
00000000,
00000000,
00000000,
00000000,
00000000,
00000000,
00000000,
00000000,
00000000,
00000000,
00000000,
00000000,
00000000,
00000000,
00000000,
00000000,
00000000,
00000000,
00000000,
00000000,
00000000,
00000000,
00000000,
00000000,
00000000,
00000000,
00000000,
00000000,
00000000,
00000000,
00000000,
00000000,
00000000,
00000000,
00000000,
00000000,
00000000,
00000000,
00000000,
00000000,
00000000,
00000000,
00000000,
00000000,
00000000,
00000000,
00000000,
00000000,
00000000,
00000000,
00000000,
00000000,
00000000,
00000000,
00000000,
00000000,
00000000,
00000000,
00000000,
00000000,
00000000,
00000000,
00000000,
00000000,
00000000,
00000000,
00000000,
00000000,
00000000,
00000000,
00000000,
00000000,
00000000,
00000000,
00000000,
00000000,
00000000,
00000000,
00000000,
00000000,
00000000,
00000000,
00000000,
00000000,
00000000,
00000000,
00000000,
00000000,
00000000,
00000000,
00000000,
00000000,
00000000,
00000000,
00000000,
00000000,
00000000,
00000000,
00000000,
00000000,
00000000,
00000000,
00000000,
00000000,
00000000,
00000000,
00000000,
00000000,
00000000,
00000000,
00000000,
00000000,
00000000,
00000000,
00000000,
00000000,
00000000,
00000000,
00000000,
00000000,
00000000,
00000000,
00000000,
00000000,
00000000,
00000000,
00000000,
00000000,
00000000,
00000000,
00000000,
00000000,
00000000,
00000000,
00000000,
00000000,
00000000,
00000000,
00000000,
00000000,
00000000,
00000000,
00000000,
00000000,
00000000,
00000000,
00000000,
00000000,
00000000,
00000000,
00000000,
00000000,
00000000,
00000000,
00000000,
00000000,
00000000,
00000000,
00000000,
00000000,
00000000,
00000000,
00000000,
00000000,
00000000,
00000000,
00000000,
00000000,
00000000,
00000000,
00000000,
00000000,
00000000,
00000000,
00000000,
00000000,
00000000,
00000000,
00000000,
00000000,
00000000,
00000000,
00000000,
00000000,
00000000,
00000000,
00000000,
00000000,
00000000,
00000000,
00000000,
00000000,
00000000,
00000000,
00000000,
00000000,
00000000,
00000000,
00000000,
00000000,
00000000,
00000000,
00000000,
00000000,
00000000,
00000000,
00000000,
00000000,
00000000,
00000000,
00000000,
00000000,
00000000,
00000000,
00000000,
00000000,
00000000,
00000000,
00000000,
00000000,
00000000,
00000000,
00000000,
00000000,
00000000,
00000000,
00000000,
00000000,
00000000,
00000000,
00000000,
00000000,
00000000,
00000000,
00000000,
00000000,
00000000,
00000000,
00000000,
00000000,
00000000,
00000000,
00000000,
00000000,
00000000,
00000000,
00000000,
00000000,
00000000,
00000000,
00000000,
00000000,
00000000,
00000000,
00000000,
00000000,
00000000,
00000000,
00000000,
00000000,
00000000,
00000000,
00000000,
00000000,
00000000,
00000000,
00000000,
00000000,
00000000,
00000000,
00000000,
00000000,
00000000,
00000000,
00000000,
00000000,
00000000,
00000000,
00000000,
00000000,
00000000,
00000000,
00000000,
00000000,
00000000,
00000000,
00000000,
00000000,
00000000,
00000000,
00000000,
00000000,
00000000,
00000000,
00000000,
00000000,
00000000,
00000000,
00000000,
00000000,
00000000,
00000000,
00000000,
00000000,
00000000,
00000000,
00000000,
00000000,
00000000,
00000000,
00000000,
00000000,
00000000,
00000000,
00000000,
00000000,
00000000,
00000000,
00000000,
00000000,
00000000,
00000000,
00000000,
00000000,
00000000,
00000000,
00000000,
00000000,
00000000,
00000000,
00000000,
00000000,
00000000,
00000000,
00000000,
00000000,
00000000,
00000000,
00000000,
00000000,
00000000,
00000000,
00000000,
00000000,
00000000,
00000000,
00000000,
00000000,
00000000,
00000000,
00000000,
00000000,
00000000,
00000000,
00000000,
00000000,
00000000,
00000000,
00000000,
00000000,
00000000,
00000000,
00000000,
00000000,
00000000,
00000000,
00000000,
00000000,
00000000,
00000000,
00000000,
00000000,
00000000,
00000000,
00000000,
00000000,
00000000,
00000000,
00000000,
00000000,
00000000,
00000000,
00000000,
00000000,
00000000,
00000000,
00000000,
00000000,
00000000,
00000000,
00000000,
00000000,
00000000,
00000000,
00000000,
00000000,
00000000,
00000000,
00000000,
00000000,
00000000,
00000000,
00000000,
00000000,
00000000,
00000000,
00000000,
00000000,
00000000,
00000000,
00000000,
00000000,
00000000,
00000000,
00000000,
00000000,
00000000,
00000000,
00000000,
00000000,
00000000,
00000000,
00000000,
00000000,
00000000,
00000000,
00000000,
00000000,
00000000,
00000000,
00000000,
00000000,
00000000,
00000000,
00000000,
00000000,
00000000,
00000000,
00000000,
00000000,
00000000,
00000000,
00000000,
00000000,
00000000,
00000000,
00000000,
00000000,
00000000,
00000000,
00000000,
00000000,
00000000,
00000000,
00000000,
00000000,
00000000,
00000000,
00000000,
00000000,
00000000,
00000000,
00000000,
00000000,
00000000,
00000000,
00000000,
00000000,
00000000,
00000000,
00000000,
00000000,
00000000,
00000000,
00000000,
00000000,
00000000,
00000000,
00000000,
00000000,
00000000,
00000000,
00000000,
00000000,
00000000,
00000000,
00000000,
00000000,
00000000,
00000000,
00000000,
00000000,
00000000,
00000000,
00000000,
00000000,
00000000,
00000000,
00000000,
00000000,
00000000,
00000000,
00000000,
00000000,
00000000,
00000000,
00000000,
00000000,
00000000,
00000000,
00000000,
00000000,
00000000,
00000000,
00000000,
00000000,
00000000,
00000000,
00000000,
00000000,
00000000,
00000000,
00000000,
00000000,
00000000,
00000000,
00000000,
00000000,
00000000,
00000000,
00000000,
00000000,
00000000,
00000000,
00000000,
00000000,
00000000,
00000000,
00000000,
00000000,
00000000,
00000000,
00000000,
00000000,
00000000,
00000000,
00000000,
00000000,
00000000,
00000000,
00000000,
00000000,
00000000,
00000000,
00000000,
00000000,
00000000,
00000000,
00000000,
00000000,
00000000,
00000000,
00000000,
00000000,
00000000,
00000000,
00000000,
00000000,
00000000,
00000000,
00000000,
00000000,
00000000,
00000000,
00000000,
00000000,
00000000,
00000000,
00000000,
00000000,
00000000,
00000000,
00000000,
00000000,
00000000,
00000000,
00000000,
00000000,
00000000,
00000000,
00000000,
00000000,
00000000,
00000000,
00000000,
00000000,
00000000,
00000000,
00000000,
00000000,
00000000,
00000000,
00000000,
00000000,
00000000,
00000000,
00000000,
00000000,
00000000,
00000000,
00000000,
00000000,
00000000,
00000000,
00000000,
00000000,
00000000,
00000000,
00000000,
00000000,
00000000,
00000000,
00000000,
00000000,
00000000,
00000000,
00000000,
00000000,
00000000,
00000000,
00000000,
00000000,
00000000,
00000000,
00000000,
00000000,
00000000,
00000000,
00000000,
00000000,
00000000,
00000000,
00000000,
00000000,
00000000,
00000000,
00000000,
00000000,
00000000,
00000000,
00000000,
00000000,
00000000,
00000000,
00000000,
00000000,
00000000,
00000000,
00000000,
00000000,
00000000,
00000000,
00000000,
00000000,
00000000,
00000000,
00000000,
00000000,
00000000,
00000000,
00000000,
00000000,
00000000,
00000000,
00000000,
00000000,
00000000,
00000000,
00000000,
00000000,
00000000,
00000000,
00000000,
00000000,
00000000,
00000000,
00000000,
00000000,
00000000,
00000000,
00000000,
00000000,
00000000,
00000000,
00000000,
00000000,
00000000,
00000000,
00000000,
00000000,
00000000,
00000000,
00000000,
00000000,
00000000,
00000000,
00000000,
00000000,
00000000,
00000000,
00000000,
00000000,
00000000,
00000000,
00000000,
00000000,
00000000,
00000000,
00000000,
00000000,
00000000,
00000000,
00000000,
00000000,
00000000,
00000000,
00000000,
00000000,
00000000,
00000000,
00000000,
00000000,
00000000,
00000000,
00000000,
00000000,
00000000,
00000000,
00000000,
00000000,
00000000,
00000000,
00000000,
00000000,
00000000,
00000000,
00000000,
00000000,
00000000,
00000000,
00000000,
00000000,
00000000,
00000000,
00000000,
00000000,
00000000,
00000000,
00000000,
00000000,
00000000,
00000000,
00000000,
00000000,
00000000,
00000000,
00000000,
00000000,
00000000,
00000000,
00000000,
00000000,
00000000,
00000000,
00000000,
00000000,
00000000,
00000000,
00000000,
00000000,
00000000,
00000000,
00000000,
00000000,
00000000,
00000000,
00000000,
00000000,
00000000,
00000000,
00000000,
00000000,
00000000,
00000000,
00000000,
00000000,
00000000,
00000000,
00000000,
00000000,
00000000,
00000000,
00000000,
00000000,
00000000,
00000000,
00000000,
00000000,
00000000,
00000000,
00000000,
00000000,
00000000,
00000000,
00000000,
00000000,
00000000,
00000000,
00000000,
00000000,
00000000,
00000000,
00000000,
00000000,
00000000,
00000000,
00000000,
00000000,
00000000,
00000000,
00000000,
00000000,
00000000,
00000000,
00000000,
00000000,
00000000,
00000000,
00000000,
00000000,
00000000,
00000000,
00000000,
00000000,
00000000,
00000000,
00000000,
00000000,
00000000,
00000000,
00000000,
00000000,
00000000,
00000000,
00000000,
00000000,
00000000,
00000000,
00000000,
00000000,
00000000,
00000000,
00000000,
00000000,
00000000,
00000000,
00000000,
00000000,
00000000,
00000000,
00000000,
00000000,
00000000,
00000000,
00000000,
00000000,
00000000,
00000000,
00000000,
00000000,
00000000,
00000000,
00000000,
00000000,
00000000,
00000000,
00000000,
00000000,
00000000,
00000000,
00000000,
00000000,
00000000,
00000000,
00000000,
00000000,
00000000,
00000000,
00000000,
00000000,
00000000,
00000000,
00000000,
00000000,
00000000,
00000000,
00000000,
00000000,
00000000,
00000000,
00000000,
00000000,
00000000,
00000000,
00000000,
00000000,
00000000,
00000000,
00000000,
00000000,
00000000,
00000000,
00000000,
00000000,
00000000,
00000000,
00000000;
