Copyright 1986-2022 Xilinx, Inc. All Rights Reserved. Copyright 2022-2023 Advanced Micro Devices, Inc. All Rights Reserved.
----------------------------------------------------------------------------------------------------------------------------------------------------------------------------------------------------------------------------------------
| Tool Version : Vivado v.2023.2 (win64) Build 4029153 Fri Oct 13 20:14:34 MDT 2023
| Date         : Tue Jun  2 22:57:30 2026
| Host         : LAPTOP-5UF1FH4A running 64-bit major release  (build 9200)
| Command      : report_timing -delay_type min -sort_by group -max_paths 20 -nworst 5 -path_type full_clock_expanded -file C:/Users/hp/Downloads/digital_twin/digital_twin.srcs/sources_1/vivado_clk2_sweep/top_timing_min_clk2_222.rpt
| Design       : top
| Device       : 7k325t-ffg900
| Speed File   : -2  PRODUCTION 1.12 2017-02-17
| Design State : Routed
----------------------------------------------------------------------------------------------------------------------------------------------------------------------------------------------------------------------------------------

Timing Report

Slack (MET) :             0.087ns  (arrival time - required time)
  Source:                 student_top_inst/Core_cpu/cpu_core/id_ex_inst/inst_o_reg[6]_rep__4/C
                            (rising edge-triggered cell FDRE clocked by clk_out2_pll  {rise@0.000ns fall@2.258ns period=4.516ns})
  Destination:            student_top_inst/Core_cpu/cpu_core/ex_mem_inst/dff_mem_rd_addr/data_o_reg[2]/D
                            (rising edge-triggered cell FDRE clocked by clk_out2_pll  {rise@0.000ns fall@2.258ns period=4.516ns})
  Path Group:             clk_out2_pll
  Path Type:              Hold (Min at Fast Process Corner)
  Requirement:            0.000ns  (clk_out2_pll rise@0.000ns - clk_out2_pll rise@0.000ns)
  Data Path Delay:        0.341ns  (logic 0.157ns (46.102%)  route 0.184ns (53.898%))
  Logic Levels:           1  (LUT6=1)
  Clock Path Skew:        0.194ns (DCD - SCD - CPR)
    Destination Clock Delay (DCD):    -0.557ns
    Source Clock Delay      (SCD):    -0.389ns
    Clock Pessimism Removal (CPR):    -0.363ns

    Location             Delay type                Incr(ns)  Path(ns)    Netlist Resource(s)
  -------------------------------------------------------------------    -------------------
                         (clock clk_out2_pll rise edge)
                                                      0.000     0.000 r  
    AD12                                              0.000     0.000 r  i_sys_clk_p (IN)
                         net (fo=0)                   0.000     0.000    pll_inst/inst/clk_in1_p
    AD12                 IBUFDS (Prop_ibufds_I_O)     0.388     0.388 r  pll_inst/inst/clkin1_ibufgds/O
                         net (fo=1, routed)           0.503     0.891    pll_inst/inst/clk_in1_pll
    PLLE2_ADV_X1Y1       PLLE2_ADV (Prop_plle2_adv_CLKIN1_CLKOUT1)
                                                     -2.908    -2.017 r  pll_inst/inst/plle2_adv_inst/CLKOUT1
                         net (fo=1, routed)           0.958    -1.059    pll_inst/inst/clk_out2_pll
    BUFGCTRL_X0Y0        BUFG (Prop_bufg_I_O)         0.026    -1.033 r  pll_inst/inst/clkout2_buf/O
                         net (fo=2864, routed)        0.644    -0.389    student_top_inst/Core_cpu/cpu_core/id_ex_inst/clk_out2
    SLICE_X75Y97         FDRE                                         r  student_top_inst/Core_cpu/cpu_core/id_ex_inst/inst_o_reg[6]_rep__4/C
  -------------------------------------------------------------------    -------------------
    SLICE_X75Y97         FDRE (Prop_fdre_C_Q)         0.091    -0.298 f  student_top_inst/Core_cpu/cpu_core/id_ex_inst/inst_o_reg[6]_rep__4/Q
                         net (fo=4, routed)           0.184    -0.114    student_top_inst/Core_cpu/cpu_core/id_ex_inst/inst_o_reg[6]_rep__4_n_0
    SLICE_X80Y93         LUT6 (Prop_lut6_I2_O)        0.066    -0.048 r  student_top_inst/Core_cpu/cpu_core/id_ex_inst/data_o[2]_i_1__8/O
                         net (fo=1, routed)           0.000    -0.048    student_top_inst/Core_cpu/cpu_core/ex_mem_inst/dff_mem_rd_addr/ex_rd_mem_addr_o[1]
    SLICE_X80Y93         FDRE                                         r  student_top_inst/Core_cpu/cpu_core/ex_mem_inst/dff_mem_rd_addr/data_o_reg[2]/D
  -------------------------------------------------------------------    -------------------

                         (clock clk_out2_pll rise edge)
                                                      0.000     0.000 r  
    AD12                                              0.000     0.000 r  i_sys_clk_p (IN)
                         net (fo=0)                   0.000     0.000    pll_inst/inst/clk_in1_p
    AD12                 IBUFDS (Prop_ibufds_I_O)     0.470     0.470 r  pll_inst/inst/clkin1_ibufgds/O
                         net (fo=1, routed)           0.554     1.024    pll_inst/inst/clk_in1_pll
    PLLE2_ADV_X1Y1       PLLE2_ADV (Prop_plle2_adv_CLKIN1_CLKOUT1)
                                                     -3.524    -2.500 r  pll_inst/inst/plle2_adv_inst/CLKOUT1
                         net (fo=1, routed)           1.027    -1.473    pll_inst/inst/clk_out2_pll
    BUFGCTRL_X0Y0        BUFG (Prop_bufg_I_O)         0.030    -1.443 r  pll_inst/inst/clkout2_buf/O
                         net (fo=2864, routed)        0.886    -0.557    student_top_inst/Core_cpu/cpu_core/ex_mem_inst/dff_mem_rd_addr/clk_out2
    SLICE_X80Y93         FDRE                                         r  student_top_inst/Core_cpu/cpu_core/ex_mem_inst/dff_mem_rd_addr/data_o_reg[2]/C
                         clock pessimism              0.363    -0.195    
    SLICE_X80Y93         FDRE (Hold_fdre_C_D)         0.060    -0.135    student_top_inst/Core_cpu/cpu_core/ex_mem_inst/dff_mem_rd_addr/data_o_reg[2]
  -------------------------------------------------------------------
                         required time                          0.135    
                         arrival time                          -0.048    
  -------------------------------------------------------------------
                         slack                                  0.087    

Slack (MET) :             0.087ns  (arrival time - required time)
  Source:                 student_top_inst/Core_cpu/cpu_core/id_ex_inst/inst_o_reg[6]_rep__4/C
                            (rising edge-triggered cell FDRE clocked by clk_out2_pll  {rise@0.000ns fall@2.258ns period=4.516ns})
  Destination:            student_top_inst/Core_cpu/cpu_core/ex_mem_inst/dff_mem_rd_addr/data_o_reg[2]/D
                            (rising edge-triggered cell FDRE clocked by clk_out2_pll  {rise@0.000ns fall@2.258ns period=4.516ns})
  Path Group:             clk_out2_pll
  Path Type:              Hold (Min at Fast Process Corner)
  Requirement:            0.000ns  (clk_out2_pll rise@0.000ns - clk_out2_pll rise@0.000ns)
  Data Path Delay:        0.341ns  (logic 0.157ns (46.102%)  route 0.184ns (53.898%))
  Logic Levels:           1  (LUT6=1)
  Clock Path Skew:        0.194ns (DCD - SCD - CPR)
    Destination Clock Delay (DCD):    -0.557ns
    Source Clock Delay      (SCD):    -0.389ns
    Clock Pessimism Removal (CPR):    -0.363ns

    Location             Delay type                Incr(ns)  Path(ns)    Netlist Resource(s)
  -------------------------------------------------------------------    -------------------
                         (clock clk_out2_pll rise edge)
                                                      0.000     0.000 r  
    AD12                                              0.000     0.000 r  i_sys_clk_p (IN)
                         net (fo=0)                   0.000     0.000    pll_inst/inst/clk_in1_p
    AD12                 IBUFDS (Prop_ibufds_I_O)     0.388     0.388 r  pll_inst/inst/clkin1_ibufgds/O
                         net (fo=1, routed)           0.503     0.891    pll_inst/inst/clk_in1_pll
    PLLE2_ADV_X1Y1       PLLE2_ADV (Prop_plle2_adv_CLKIN1_CLKOUT1)
                                                     -2.908    -2.017 r  pll_inst/inst/plle2_adv_inst/CLKOUT1
                         net (fo=1, routed)           0.958    -1.059    pll_inst/inst/clk_out2_pll
    BUFGCTRL_X0Y0        BUFG (Prop_bufg_I_O)         0.026    -1.033 r  pll_inst/inst/clkout2_buf/O
                         net (fo=2864, routed)        0.644    -0.389    student_top_inst/Core_cpu/cpu_core/id_ex_inst/clk_out2
    SLICE_X75Y97         FDRE                                         r  student_top_inst/Core_cpu/cpu_core/id_ex_inst/inst_o_reg[6]_rep__4/C
  -------------------------------------------------------------------    -------------------
    SLICE_X75Y97         FDRE (Prop_fdre_C_Q)         0.091    -0.298 r  student_top_inst/Core_cpu/cpu_core/id_ex_inst/inst_o_reg[6]_rep__4/Q
                         net (fo=4, routed)           0.184    -0.114    student_top_inst/Core_cpu/cpu_core/id_ex_inst/inst_o_reg[6]_rep__4_n_0
    SLICE_X80Y93         LUT6 (Prop_lut6_I2_O)        0.066    -0.048 f  student_top_inst/Core_cpu/cpu_core/id_ex_inst/data_o[2]_i_1__8/O
                         net (fo=1, routed)           0.000    -0.048    student_top_inst/Core_cpu/cpu_core/ex_mem_inst/dff_mem_rd_addr/ex_rd_mem_addr_o[1]
    SLICE_X80Y93         FDRE                                         f  student_top_inst/Core_cpu/cpu_core/ex_mem_inst/dff_mem_rd_addr/data_o_reg[2]/D
  -------------------------------------------------------------------    -------------------

                         (clock clk_out2_pll rise edge)
                                                      0.000     0.000 r  
    AD12                                              0.000     0.000 r  i_sys_clk_p (IN)
                         net (fo=0)                   0.000     0.000    pll_inst/inst/clk_in1_p
    AD12                 IBUFDS (Prop_ibufds_I_O)     0.470     0.470 r  pll_inst/inst/clkin1_ibufgds/O
                         net (fo=1, routed)           0.554     1.024    pll_inst/inst/clk_in1_pll
    PLLE2_ADV_X1Y1       PLLE2_ADV (Prop_plle2_adv_CLKIN1_CLKOUT1)
                                                     -3.524    -2.500 r  pll_inst/inst/plle2_adv_inst/CLKOUT1
                         net (fo=1, routed)           1.027    -1.473    pll_inst/inst/clk_out2_pll
    BUFGCTRL_X0Y0        BUFG (Prop_bufg_I_O)         0.030    -1.443 r  pll_inst/inst/clkout2_buf/O
                         net (fo=2864, routed)        0.886    -0.557    student_top_inst/Core_cpu/cpu_core/ex_mem_inst/dff_mem_rd_addr/clk_out2
    SLICE_X80Y93         FDRE                                         r  student_top_inst/Core_cpu/cpu_core/ex_mem_inst/dff_mem_rd_addr/data_o_reg[2]/C
                         clock pessimism              0.363    -0.195    
    SLICE_X80Y93         FDRE (Hold_fdre_C_D)         0.060    -0.135    student_top_inst/Core_cpu/cpu_core/ex_mem_inst/dff_mem_rd_addr/data_o_reg[2]
  -------------------------------------------------------------------
                         required time                          0.135    
                         arrival time                          -0.048    
  -------------------------------------------------------------------
                         slack                                  0.087    

Slack (MET) :             0.105ns  (arrival time - required time)
  Source:                 student_top_inst/Core_cpu/cpu_core/mem1_mem2_inst/dff_load_hits_dram/data_o_reg[0]/C
                            (rising edge-triggered cell FDRE clocked by clk_out2_pll  {rise@0.000ns fall@2.258ns period=4.516ns})
  Destination:            student_top_inst/Core_cpu/cpu_core/mem2_align_inst/dff_load_hits_dram/data_o_reg[0]/D
                            (rising edge-triggered cell FDRE clocked by clk_out2_pll  {rise@0.000ns fall@2.258ns period=4.516ns})
  Path Group:             clk_out2_pll
  Path Type:              Hold (Min at Fast Process Corner)
  Requirement:            0.000ns  (clk_out2_pll rise@0.000ns - clk_out2_pll rise@0.000ns)
  Data Path Delay:        0.429ns  (logic 0.128ns (29.858%)  route 0.301ns (70.142%))
  Logic Levels:           1  (LUT2=1)
  Clock Path Skew:        0.264ns (DCD - SCD - CPR)
    Destination Clock Delay (DCD):    -0.560ns
    Source Clock Delay      (SCD):    -0.442ns
    Clock Pessimism Removal (CPR):    -0.383ns

    Location             Delay type                Incr(ns)  Path(ns)    Netlist Resource(s)
  -------------------------------------------------------------------    -------------------
                         (clock clk_out2_pll rise edge)
                                                      0.000     0.000 r  
    AD12                                              0.000     0.000 r  i_sys_clk_p (IN)
                         net (fo=0)                   0.000     0.000    pll_inst/inst/clk_in1_p
    AD12                 IBUFDS (Prop_ibufds_I_O)     0.388     0.388 r  pll_inst/inst/clkin1_ibufgds/O
                         net (fo=1, routed)           0.503     0.891    pll_inst/inst/clk_in1_pll
    PLLE2_ADV_X1Y1       PLLE2_ADV (Prop_plle2_adv_CLKIN1_CLKOUT1)
                                                     -2.908    -2.017 r  pll_inst/inst/plle2_adv_inst/CLKOUT1
                         net (fo=1, routed)           0.958    -1.059    pll_inst/inst/clk_out2_pll
    BUFGCTRL_X0Y0        BUFG (Prop_bufg_I_O)         0.026    -1.033 r  pll_inst/inst/clkout2_buf/O
                         net (fo=2864, routed)        0.591    -0.442    student_top_inst/Core_cpu/cpu_core/mem1_mem2_inst/dff_load_hits_dram/clk_out2
    SLICE_X76Y105        FDRE                                         r  student_top_inst/Core_cpu/cpu_core/mem1_mem2_inst/dff_load_hits_dram/data_o_reg[0]/C
  -------------------------------------------------------------------    -------------------
    SLICE_X76Y105        FDRE (Prop_fdre_C_Q)         0.100    -0.342 r  student_top_inst/Core_cpu/cpu_core/mem1_mem2_inst/dff_load_hits_dram/data_o_reg[0]/Q
                         net (fo=1, routed)           0.301    -0.041    student_top_inst/Core_cpu/cpu_core/mem2_align_inst/dff_load_hits_dram/mem1_mem2_load_hits_dram_o
    SLICE_X76Y93         LUT2 (Prop_lut2_I1_O)        0.028    -0.013 r  student_top_inst/Core_cpu/cpu_core/mem2_align_inst/dff_load_hits_dram/internal_flush_inst__36/O
                         net (fo=1, routed)           0.000    -0.013    student_top_inst/Core_cpu/cpu_core/mem2_align_inst/dff_load_hits_dram/internal_flush_inst__36_n_0
    SLICE_X76Y93         FDRE                                         r  student_top_inst/Core_cpu/cpu_core/mem2_align_inst/dff_load_hits_dram/data_o_reg[0]/D
  -------------------------------------------------------------------    -------------------

                         (clock clk_out2_pll rise edge)
                                                      0.000     0.000 r  
    AD12                                              0.000     0.000 r  i_sys_clk_p (IN)
                         net (fo=0)                   0.000     0.000    pll_inst/inst/clk_in1_p
    AD12                 IBUFDS (Prop_ibufds_I_O)     0.470     0.470 r  pll_inst/inst/clkin1_ibufgds/O
                         net (fo=1, routed)           0.554     1.024    pll_inst/inst/clk_in1_pll
    PLLE2_ADV_X1Y1       PLLE2_ADV (Prop_plle2_adv_CLKIN1_CLKOUT1)
                                                     -3.524    -2.500 r  pll_inst/inst/plle2_adv_inst/CLKOUT1
                         net (fo=1, routed)           1.027    -1.473    pll_inst/inst/clk_out2_pll
    BUFGCTRL_X0Y0        BUFG (Prop_bufg_I_O)         0.030    -1.443 r  pll_inst/inst/clkout2_buf/O
                         net (fo=2864, routed)        0.883    -0.560    student_top_inst/Core_cpu/cpu_core/mem2_align_inst/dff_load_hits_dram/clk_out2
    SLICE_X76Y93         FDRE                                         r  student_top_inst/Core_cpu/cpu_core/mem2_align_inst/dff_load_hits_dram/data_o_reg[0]/C
                         clock pessimism              0.383    -0.178    
    SLICE_X76Y93         FDRE (Hold_fdre_C_D)         0.060    -0.118    student_top_inst/Core_cpu/cpu_core/mem2_align_inst/dff_load_hits_dram/data_o_reg[0]
  -------------------------------------------------------------------
                         required time                          0.118    
                         arrival time                          -0.013    
  -------------------------------------------------------------------
                         slack                                  0.105    

Slack (MET) :             0.105ns  (arrival time - required time)
  Source:                 student_top_inst/Core_cpu/cpu_core/mem1_mem2_inst/dff_load_hits_dram/data_o_reg[0]/C
                            (rising edge-triggered cell FDRE clocked by clk_out2_pll  {rise@0.000ns fall@2.258ns period=4.516ns})
  Destination:            student_top_inst/Core_cpu/cpu_core/mem2_align_inst/dff_load_hits_dram/data_o_reg[0]/D
                            (rising edge-triggered cell FDRE clocked by clk_out2_pll  {rise@0.000ns fall@2.258ns period=4.516ns})
  Path Group:             clk_out2_pll
  Path Type:              Hold (Min at Fast Process Corner)
  Requirement:            0.000ns  (clk_out2_pll rise@0.000ns - clk_out2_pll rise@0.000ns)
  Data Path Delay:        0.429ns  (logic 0.128ns (29.858%)  route 0.301ns (70.142%))
  Logic Levels:           1  (LUT2=1)
  Clock Path Skew:        0.264ns (DCD - SCD - CPR)
    Destination Clock Delay (DCD):    -0.560ns
    Source Clock Delay      (SCD):    -0.442ns
    Clock Pessimism Removal (CPR):    -0.383ns

    Location             Delay type                Incr(ns)  Path(ns)    Netlist Resource(s)
  -------------------------------------------------------------------    -------------------
                         (clock clk_out2_pll rise edge)
                                                      0.000     0.000 r  
    AD12                                              0.000     0.000 r  i_sys_clk_p (IN)
                         net (fo=0)                   0.000     0.000    pll_inst/inst/clk_in1_p
    AD12                 IBUFDS (Prop_ibufds_I_O)     0.388     0.388 r  pll_inst/inst/clkin1_ibufgds/O
                         net (fo=1, routed)           0.503     0.891    pll_inst/inst/clk_in1_pll
    PLLE2_ADV_X1Y1       PLLE2_ADV (Prop_plle2_adv_CLKIN1_CLKOUT1)
                                                     -2.908    -2.017 r  pll_inst/inst/plle2_adv_inst/CLKOUT1
                         net (fo=1, routed)           0.958    -1.059    pll_inst/inst/clk_out2_pll
    BUFGCTRL_X0Y0        BUFG (Prop_bufg_I_O)         0.026    -1.033 r  pll_inst/inst/clkout2_buf/O
                         net (fo=2864, routed)        0.591    -0.442    student_top_inst/Core_cpu/cpu_core/mem1_mem2_inst/dff_load_hits_dram/clk_out2
    SLICE_X76Y105        FDRE                                         r  student_top_inst/Core_cpu/cpu_core/mem1_mem2_inst/dff_load_hits_dram/data_o_reg[0]/C
  -------------------------------------------------------------------    -------------------
    SLICE_X76Y105        FDRE (Prop_fdre_C_Q)         0.100    -0.342 f  student_top_inst/Core_cpu/cpu_core/mem1_mem2_inst/dff_load_hits_dram/data_o_reg[0]/Q
                         net (fo=1, routed)           0.301    -0.041    student_top_inst/Core_cpu/cpu_core/mem2_align_inst/dff_load_hits_dram/mem1_mem2_load_hits_dram_o
    SLICE_X76Y93         LUT2 (Prop_lut2_I1_O)        0.028    -0.013 f  student_top_inst/Core_cpu/cpu_core/mem2_align_inst/dff_load_hits_dram/internal_flush_inst__36/O
                         net (fo=1, routed)           0.000    -0.013    student_top_inst/Core_cpu/cpu_core/mem2_align_inst/dff_load_hits_dram/internal_flush_inst__36_n_0
    SLICE_X76Y93         FDRE                                         f  student_top_inst/Core_cpu/cpu_core/mem2_align_inst/dff_load_hits_dram/data_o_reg[0]/D
  -------------------------------------------------------------------    -------------------

                         (clock clk_out2_pll rise edge)
                                                      0.000     0.000 r  
    AD12                                              0.000     0.000 r  i_sys_clk_p (IN)
                         net (fo=0)                   0.000     0.000    pll_inst/inst/clk_in1_p
    AD12                 IBUFDS (Prop_ibufds_I_O)     0.470     0.470 r  pll_inst/inst/clkin1_ibufgds/O
                         net (fo=1, routed)           0.554     1.024    pll_inst/inst/clk_in1_pll
    PLLE2_ADV_X1Y1       PLLE2_ADV (Prop_plle2_adv_CLKIN1_CLKOUT1)
                                                     -3.524    -2.500 r  pll_inst/inst/plle2_adv_inst/CLKOUT1
                         net (fo=1, routed)           1.027    -1.473    pll_inst/inst/clk_out2_pll
    BUFGCTRL_X0Y0        BUFG (Prop_bufg_I_O)         0.030    -1.443 r  pll_inst/inst/clkout2_buf/O
                         net (fo=2864, routed)        0.883    -0.560    student_top_inst/Core_cpu/cpu_core/mem2_align_inst/dff_load_hits_dram/clk_out2
    SLICE_X76Y93         FDRE                                         r  student_top_inst/Core_cpu/cpu_core/mem2_align_inst/dff_load_hits_dram/data_o_reg[0]/C
                         clock pessimism              0.383    -0.178    
    SLICE_X76Y93         FDRE (Hold_fdre_C_D)         0.060    -0.118    student_top_inst/Core_cpu/cpu_core/mem2_align_inst/dff_load_hits_dram/data_o_reg[0]
  -------------------------------------------------------------------
                         required time                          0.118    
                         arrival time                          -0.013    
  -------------------------------------------------------------------
                         slack                                  0.105    

Slack (MET) :             0.105ns  (arrival time - required time)
  Source:                 student_top_inst/Core_cpu/cpu_core/mem_wb_inst/dff_bp_update_en/data_o_reg[0]/C
                            (rising edge-triggered cell FDRE clocked by clk_out2_pll  {rise@0.000ns fall@2.258ns period=4.516ns})
  Destination:            student_top_inst/Core_cpu/cpu_core/branch_predictor_inst/bht_valid_reg_384_511_0_0/SP.LOW/I
                            (rising edge-triggered cell RAMD64E clocked by clk_out2_pll  {rise@0.000ns fall@2.258ns period=4.516ns})
  Path Group:             clk_out2_pll
  Path Type:              Hold (Min at Fast Process Corner)
  Requirement:            0.000ns  (clk_out2_pll rise@0.000ns - clk_out2_pll rise@0.000ns)
  Data Path Delay:        0.264ns  (logic 0.100ns (37.887%)  route 0.164ns (62.113%))
  Logic Levels:           0  
  Clock Path Skew:        0.030ns (DCD - SCD - CPR)
    Destination Clock Delay (DCD):    -0.558ns
    Source Clock Delay      (SCD):    -0.386ns
    Clock Pessimism Removal (CPR):    -0.203ns

    Location             Delay type                Incr(ns)  Path(ns)    Netlist Resource(s)
  -------------------------------------------------------------------    -------------------
                         (clock clk_out2_pll rise edge)
                                                      0.000     0.000 r  
    AD12                                              0.000     0.000 r  i_sys_clk_p (IN)
                         net (fo=0)                   0.000     0.000    pll_inst/inst/clk_in1_p
    AD12                 IBUFDS (Prop_ibufds_I_O)     0.388     0.388 r  pll_inst/inst/clkin1_ibufgds/O
                         net (fo=1, routed)           0.503     0.891    pll_inst/inst/clk_in1_pll
    PLLE2_ADV_X1Y1       PLLE2_ADV (Prop_plle2_adv_CLKIN1_CLKOUT1)
                                                     -2.908    -2.017 r  pll_inst/inst/plle2_adv_inst/CLKOUT1
                         net (fo=1, routed)           0.958    -1.059    pll_inst/inst/clk_out2_pll
    BUFGCTRL_X0Y0        BUFG (Prop_bufg_I_O)         0.026    -1.033 r  pll_inst/inst/clkout2_buf/O
                         net (fo=2864, routed)        0.647    -0.386    student_top_inst/Core_cpu/cpu_core/mem_wb_inst/dff_bp_update_en/clk_out2
    SLICE_X53Y92         FDRE                                         r  student_top_inst/Core_cpu/cpu_core/mem_wb_inst/dff_bp_update_en/data_o_reg[0]/C
  -------------------------------------------------------------------    -------------------
    SLICE_X53Y92         FDRE (Prop_fdre_C_Q)         0.100    -0.286 r  student_top_inst/Core_cpu/cpu_core/mem_wb_inst/dff_bp_update_en/data_o_reg[0]/Q
                         net (fo=29, routed)          0.164    -0.122    student_top_inst/Core_cpu/cpu_core/branch_predictor_inst/bht_valid_reg_384_511_0_0/D
    SLICE_X56Y91         RAMD64E                                      r  student_top_inst/Core_cpu/cpu_core/branch_predictor_inst/bht_valid_reg_384_511_0_0/SP.LOW/I
  -------------------------------------------------------------------    -------------------

                         (clock clk_out2_pll rise edge)
                                                      0.000     0.000 r  
    AD12                                              0.000     0.000 r  i_sys_clk_p (IN)
                         net (fo=0)                   0.000     0.000    pll_inst/inst/clk_in1_p
    AD12                 IBUFDS (Prop_ibufds_I_O)     0.470     0.470 r  pll_inst/inst/clkin1_ibufgds/O
                         net (fo=1, routed)           0.554     1.024    pll_inst/inst/clk_in1_pll
    PLLE2_ADV_X1Y1       PLLE2_ADV (Prop_plle2_adv_CLKIN1_CLKOUT1)
                                                     -3.524    -2.500 r  pll_inst/inst/plle2_adv_inst/CLKOUT1
                         net (fo=1, routed)           1.027    -1.473    pll_inst/inst/clk_out2_pll
    BUFGCTRL_X0Y0        BUFG (Prop_bufg_I_O)         0.030    -1.443 r  pll_inst/inst/clkout2_buf/O
                         net (fo=2864, routed)        0.885    -0.558    student_top_inst/Core_cpu/cpu_core/branch_predictor_inst/bht_valid_reg_384_511_0_0/WCLK
    SLICE_X56Y91         RAMD64E                                      r  student_top_inst/Core_cpu/cpu_core/branch_predictor_inst/bht_valid_reg_384_511_0_0/SP.LOW/CLK
                         clock pessimism              0.203    -0.356    
    SLICE_X56Y91         RAMD64E (Hold_ramd64e_CLK_I)
                                                      0.129    -0.227    student_top_inst/Core_cpu/cpu_core/branch_predictor_inst/bht_valid_reg_384_511_0_0/SP.LOW
  -------------------------------------------------------------------
                         required time                          0.227    
                         arrival time                          -0.122    
  -------------------------------------------------------------------
                         slack                                  0.105    

Slack (MET) :             0.105ns  (arrival time - required time)
  Source:                 student_top_inst/Core_cpu/cpu_core/mem_wb_inst/dff_bp_update_en/data_o_reg[0]/C
                            (rising edge-triggered cell FDRE clocked by clk_out2_pll  {rise@0.000ns fall@2.258ns period=4.516ns})
  Destination:            student_top_inst/Core_cpu/cpu_core/branch_predictor_inst/bht_valid_reg_384_511_0_0/SP.LOW/I
                            (rising edge-triggered cell RAMD64E clocked by clk_out2_pll  {rise@0.000ns fall@2.258ns period=4.516ns})
  Path Group:             clk_out2_pll
  Path Type:              Hold (Min at Fast Process Corner)
  Requirement:            0.000ns  (clk_out2_pll rise@0.000ns - clk_out2_pll rise@0.000ns)
  Data Path Delay:        0.264ns  (logic 0.100ns (37.887%)  route 0.164ns (62.113%))
  Logic Levels:           0  
  Clock Path Skew:        0.030ns (DCD - SCD - CPR)
    Destination Clock Delay (DCD):    -0.558ns
    Source Clock Delay      (SCD):    -0.386ns
    Clock Pessimism Removal (CPR):    -0.203ns

    Location             Delay type                Incr(ns)  Path(ns)    Netlist Resource(s)
  -------------------------------------------------------------------    -------------------
                         (clock clk_out2_pll rise edge)
                                                      0.000     0.000 r  
    AD12                                              0.000     0.000 r  i_sys_clk_p (IN)
                         net (fo=0)                   0.000     0.000    pll_inst/inst/clk_in1_p
    AD12                 IBUFDS (Prop_ibufds_I_O)     0.388     0.388 r  pll_inst/inst/clkin1_ibufgds/O
                         net (fo=1, routed)           0.503     0.891    pll_inst/inst/clk_in1_pll
    PLLE2_ADV_X1Y1       PLLE2_ADV (Prop_plle2_adv_CLKIN1_CLKOUT1)
                                                     -2.908    -2.017 r  pll_inst/inst/plle2_adv_inst/CLKOUT1
                         net (fo=1, routed)           0.958    -1.059    pll_inst/inst/clk_out2_pll
    BUFGCTRL_X0Y0        BUFG (Prop_bufg_I_O)         0.026    -1.033 r  pll_inst/inst/clkout2_buf/O
                         net (fo=2864, routed)        0.647    -0.386    student_top_inst/Core_cpu/cpu_core/mem_wb_inst/dff_bp_update_en/clk_out2
    SLICE_X53Y92         FDRE                                         r  student_top_inst/Core_cpu/cpu_core/mem_wb_inst/dff_bp_update_en/data_o_reg[0]/C
  -------------------------------------------------------------------    -------------------
    SLICE_X53Y92         FDRE (Prop_fdre_C_Q)         0.100    -0.286 f  student_top_inst/Core_cpu/cpu_core/mem_wb_inst/dff_bp_update_en/data_o_reg[0]/Q
                         net (fo=29, routed)          0.164    -0.122    student_top_inst/Core_cpu/cpu_core/branch_predictor_inst/bht_valid_reg_384_511_0_0/D
    SLICE_X56Y91         RAMD64E                                      f  student_top_inst/Core_cpu/cpu_core/branch_predictor_inst/bht_valid_reg_384_511_0_0/SP.LOW/I
  -------------------------------------------------------------------    -------------------

                         (clock clk_out2_pll rise edge)
                                                      0.000     0.000 r  
    AD12                                              0.000     0.000 r  i_sys_clk_p (IN)
                         net (fo=0)                   0.000     0.000    pll_inst/inst/clk_in1_p
    AD12                 IBUFDS (Prop_ibufds_I_O)     0.470     0.470 r  pll_inst/inst/clkin1_ibufgds/O
                         net (fo=1, routed)           0.554     1.024    pll_inst/inst/clk_in1_pll
    PLLE2_ADV_X1Y1       PLLE2_ADV (Prop_plle2_adv_CLKIN1_CLKOUT1)
                                                     -3.524    -2.500 r  pll_inst/inst/plle2_adv_inst/CLKOUT1
                         net (fo=1, routed)           1.027    -1.473    pll_inst/inst/clk_out2_pll
    BUFGCTRL_X0Y0        BUFG (Prop_bufg_I_O)         0.030    -1.443 r  pll_inst/inst/clkout2_buf/O
                         net (fo=2864, routed)        0.885    -0.558    student_top_inst/Core_cpu/cpu_core/branch_predictor_inst/bht_valid_reg_384_511_0_0/WCLK
    SLICE_X56Y91         RAMD64E                                      r  student_top_inst/Core_cpu/cpu_core/branch_predictor_inst/bht_valid_reg_384_511_0_0/SP.LOW/CLK
                         clock pessimism              0.203    -0.356    
    SLICE_X56Y91         RAMD64E (Hold_ramd64e_CLK_I)
                                                      0.129    -0.227    student_top_inst/Core_cpu/cpu_core/branch_predictor_inst/bht_valid_reg_384_511_0_0/SP.LOW
  -------------------------------------------------------------------
                         required time                          0.227    
                         arrival time                          -0.122    
  -------------------------------------------------------------------
                         slack                                  0.105    

Slack (MET) :             0.107ns  (arrival time - required time)
  Source:                 student_top_inst/bridge_inst/seg_sync_d2_reg[12]/C
                            (rising edge-triggered cell FDRE clocked by clk_out1_pll  {rise@0.000ns fall@10.000ns period=20.000ns})
  Destination:            twin_controller_inst/status_buffer_reg[1][4]/D
                            (rising edge-triggered cell FDCE clocked by clk_out1_pll  {rise@0.000ns fall@10.000ns period=20.000ns})
  Path Group:             clk_out1_pll
  Path Type:              Hold (Min at Fast Process Corner)
  Requirement:            0.000ns  (clk_out1_pll rise@0.000ns - clk_out1_pll rise@0.000ns)
  Data Path Delay:        0.335ns  (logic 0.100ns (29.815%)  route 0.235ns (70.185%))
  Logic Levels:           0  
  Clock Path Skew:        0.196ns (DCD - SCD - CPR)
    Destination Clock Delay (DCD):    -0.561ns
    Source Clock Delay      (SCD):    -0.395ns
    Clock Pessimism Removal (CPR):    -0.363ns

    Location             Delay type                Incr(ns)  Path(ns)    Netlist Resource(s)
  -------------------------------------------------------------------    -------------------
                         (clock clk_out1_pll rise edge)
                                                      0.000     0.000 r  
    AD12                                              0.000     0.000 r  i_sys_clk_p (IN)
                         net (fo=0)                   0.000     0.000    pll_inst/inst/clk_in1_p
    AD12                 IBUFDS (Prop_ibufds_I_O)     0.388     0.388 r  pll_inst/inst/clkin1_ibufgds/O
                         net (fo=1, routed)           0.503     0.891    pll_inst/inst/clk_in1_pll
    PLLE2_ADV_X1Y1       PLLE2_ADV (Prop_plle2_adv_CLKIN1_CLKOUT0)
                                                     -2.908    -2.017 r  pll_inst/inst/plle2_adv_inst/CLKOUT0
                         net (fo=1, routed)           0.958    -1.059    pll_inst/inst/clk_out1_pll
    BUFGCTRL_X0Y1        BUFG (Prop_bufg_I_O)         0.026    -1.033 r  pll_inst/inst/clkout1_buf/O
                         net (fo=546, routed)         0.638    -0.395    student_top_inst/bridge_inst/clk_out1
    SLICE_X79Y84         FDRE                                         r  student_top_inst/bridge_inst/seg_sync_d2_reg[12]/C
  -------------------------------------------------------------------    -------------------
    SLICE_X79Y84         FDRE (Prop_fdre_C_Q)         0.100    -0.295 r  student_top_inst/bridge_inst/seg_sync_d2_reg[12]/Q
                         net (fo=1, routed)           0.235    -0.059    twin_controller_inst/Q[9]
    SLICE_X89Y82         FDCE                                         r  twin_controller_inst/status_buffer_reg[1][4]/D
  -------------------------------------------------------------------    -------------------

                         (clock clk_out1_pll rise edge)
                                                      0.000     0.000 r  
    AD12                                              0.000     0.000 r  i_sys_clk_p (IN)
                         net (fo=0)                   0.000     0.000    pll_inst/inst/clk_in1_p
    AD12                 IBUFDS (Prop_ibufds_I_O)     0.470     0.470 r  pll_inst/inst/clkin1_ibufgds/O
                         net (fo=1, routed)           0.554     1.024    pll_inst/inst/clk_in1_pll
    PLLE2_ADV_X1Y1       PLLE2_ADV (Prop_plle2_adv_CLKIN1_CLKOUT0)
                                                     -3.524    -2.500 r  pll_inst/inst/plle2_adv_inst/CLKOUT0
                         net (fo=1, routed)           1.027    -1.473    pll_inst/inst/clk_out1_pll
    BUFGCTRL_X0Y1        BUFG (Prop_bufg_I_O)         0.030    -1.443 r  pll_inst/inst/clkout1_buf/O
                         net (fo=546, routed)         0.882    -0.561    twin_controller_inst/CLK
    SLICE_X89Y82         FDCE                                         r  twin_controller_inst/status_buffer_reg[1][4]/C
                         clock pessimism              0.363    -0.199    
    SLICE_X89Y82         FDCE (Hold_fdce_C_D)         0.032    -0.167    twin_controller_inst/status_buffer_reg[1][4]
  -------------------------------------------------------------------
                         required time                          0.167    
                         arrival time                          -0.059    
  -------------------------------------------------------------------
                         slack                                  0.107    

Slack (MET) :             0.107ns  (arrival time - required time)
  Source:                 student_top_inst/bridge_inst/seg_sync_d2_reg[12]/C
                            (rising edge-triggered cell FDRE clocked by clk_out1_pll  {rise@0.000ns fall@10.000ns period=20.000ns})
  Destination:            twin_controller_inst/status_buffer_reg[1][4]/D
                            (rising edge-triggered cell FDCE clocked by clk_out1_pll  {rise@0.000ns fall@10.000ns period=20.000ns})
  Path Group:             clk_out1_pll
  Path Type:              Hold (Min at Fast Process Corner)
  Requirement:            0.000ns  (clk_out1_pll rise@0.000ns - clk_out1_pll rise@0.000ns)
  Data Path Delay:        0.335ns  (logic 0.100ns (29.815%)  route 0.235ns (70.185%))
  Logic Levels:           0  
  Clock Path Skew:        0.196ns (DCD - SCD - CPR)
    Destination Clock Delay (DCD):    -0.561ns
    Source Clock Delay      (SCD):    -0.395ns
    Clock Pessimism Removal (CPR):    -0.363ns

    Location             Delay type                Incr(ns)  Path(ns)    Netlist Resource(s)
  -------------------------------------------------------------------    -------------------
                         (clock clk_out1_pll rise edge)
                                                      0.000     0.000 r  
    AD12                                              0.000     0.000 r  i_sys_clk_p (IN)
                         net (fo=0)                   0.000     0.000    pll_inst/inst/clk_in1_p
    AD12                 IBUFDS (Prop_ibufds_I_O)     0.388     0.388 r  pll_inst/inst/clkin1_ibufgds/O
                         net (fo=1, routed)           0.503     0.891    pll_inst/inst/clk_in1_pll
    PLLE2_ADV_X1Y1       PLLE2_ADV (Prop_plle2_adv_CLKIN1_CLKOUT0)
                                                     -2.908    -2.017 r  pll_inst/inst/plle2_adv_inst/CLKOUT0
                         net (fo=1, routed)           0.958    -1.059    pll_inst/inst/clk_out1_pll
    BUFGCTRL_X0Y1        BUFG (Prop_bufg_I_O)         0.026    -1.033 r  pll_inst/inst/clkout1_buf/O
                         net (fo=546, routed)         0.638    -0.395    student_top_inst/bridge_inst/clk_out1
    SLICE_X79Y84         FDRE                                         r  student_top_inst/bridge_inst/seg_sync_d2_reg[12]/C
  -------------------------------------------------------------------    -------------------
    SLICE_X79Y84         FDRE (Prop_fdre_C_Q)         0.100    -0.295 f  student_top_inst/bridge_inst/seg_sync_d2_reg[12]/Q
                         net (fo=1, routed)           0.235    -0.059    twin_controller_inst/Q[9]
    SLICE_X89Y82         FDCE                                         f  twin_controller_inst/status_buffer_reg[1][4]/D
  -------------------------------------------------------------------    -------------------

                         (clock clk_out1_pll rise edge)
                                                      0.000     0.000 r  
    AD12                                              0.000     0.000 r  i_sys_clk_p (IN)
                         net (fo=0)                   0.000     0.000    pll_inst/inst/clk_in1_p
    AD12                 IBUFDS (Prop_ibufds_I_O)     0.470     0.470 r  pll_inst/inst/clkin1_ibufgds/O
                         net (fo=1, routed)           0.554     1.024    pll_inst/inst/clk_in1_pll
    PLLE2_ADV_X1Y1       PLLE2_ADV (Prop_plle2_adv_CLKIN1_CLKOUT0)
                                                     -3.524    -2.500 r  pll_inst/inst/plle2_adv_inst/CLKOUT0
                         net (fo=1, routed)           1.027    -1.473    pll_inst/inst/clk_out1_pll
    BUFGCTRL_X0Y1        BUFG (Prop_bufg_I_O)         0.030    -1.443 r  pll_inst/inst/clkout1_buf/O
                         net (fo=546, routed)         0.882    -0.561    twin_controller_inst/CLK
    SLICE_X89Y82         FDCE                                         r  twin_controller_inst/status_buffer_reg[1][4]/C
                         clock pessimism              0.363    -0.199    
    SLICE_X89Y82         FDCE (Hold_fdce_C_D)         0.032    -0.167    twin_controller_inst/status_buffer_reg[1][4]
  -------------------------------------------------------------------
                         required time                          0.167    
                         arrival time                          -0.059    
  -------------------------------------------------------------------
                         slack                                  0.107    

Slack (MET) :             0.111ns  (arrival time - required time)
  Source:                 student_top_inst/Core_cpu/cpu_core/if_id_inst/pred_ghr_o_reg[7]/C
                            (rising edge-triggered cell FDRE clocked by clk_out2_pll  {rise@0.000ns fall@2.258ns period=4.516ns})
  Destination:            student_top_inst/Core_cpu/cpu_core/id_ex_inst/pred_ghr_o_reg[7]/D
                            (rising edge-triggered cell FDRE clocked by clk_out2_pll  {rise@0.000ns fall@2.258ns period=4.516ns})
  Path Group:             clk_out2_pll
  Path Type:              Hold (Min at Fast Process Corner)
  Requirement:            0.000ns  (clk_out2_pll rise@0.000ns - clk_out2_pll rise@0.000ns)
  Data Path Delay:        0.209ns  (logic 0.128ns (61.382%)  route 0.081ns (38.618%))
  Logic Levels:           1  (LUT4=1)
  Clock Path Skew:        0.011ns (DCD - SCD - CPR)
    Destination Clock Delay (DCD):    -0.559ns
    Source Clock Delay      (SCD):    -0.388ns
    Clock Pessimism Removal (CPR):    -0.183ns

    Location             Delay type                Incr(ns)  Path(ns)    Netlist Resource(s)
  -------------------------------------------------------------------    -------------------
                         (clock clk_out2_pll rise edge)
                                                      0.000     0.000 r  
    AD12                                              0.000     0.000 r  i_sys_clk_p (IN)
                         net (fo=0)                   0.000     0.000    pll_inst/inst/clk_in1_p
    AD12                 IBUFDS (Prop_ibufds_I_O)     0.388     0.388 r  pll_inst/inst/clkin1_ibufgds/O
                         net (fo=1, routed)           0.503     0.891    pll_inst/inst/clk_in1_pll
    PLLE2_ADV_X1Y1       PLLE2_ADV (Prop_plle2_adv_CLKIN1_CLKOUT1)
                                                     -2.908    -2.017 r  pll_inst/inst/plle2_adv_inst/CLKOUT1
                         net (fo=1, routed)           0.958    -1.059    pll_inst/inst/clk_out2_pll
    BUFGCTRL_X0Y0        BUFG (Prop_bufg_I_O)         0.026    -1.033 r  pll_inst/inst/clkout2_buf/O
                         net (fo=2864, routed)        0.645    -0.388    student_top_inst/Core_cpu/cpu_core/if_id_inst/clk_out2
    SLICE_X63Y92         FDRE                                         r  student_top_inst/Core_cpu/cpu_core/if_id_inst/pred_ghr_o_reg[7]/C
  -------------------------------------------------------------------    -------------------
    SLICE_X63Y92         FDRE (Prop_fdre_C_Q)         0.100    -0.288 r  student_top_inst/Core_cpu/cpu_core/if_id_inst/pred_ghr_o_reg[7]/Q
                         net (fo=1, routed)           0.081    -0.207    student_top_inst/Core_cpu/cpu_core/if_id_inst/if_id_pred_ghr_o[7]
    SLICE_X62Y92         LUT4 (Prop_lut4_I0_O)        0.028    -0.179 r  student_top_inst/Core_cpu/cpu_core/if_id_inst/pred_ghr_o[7]_i_1__0/O
                         net (fo=1, routed)           0.000    -0.179    student_top_inst/Core_cpu/cpu_core/id_ex_inst/pred_ghr_o_reg[8]_1[7]
    SLICE_X62Y92         FDRE                                         r  student_top_inst/Core_cpu/cpu_core/id_ex_inst/pred_ghr_o_reg[7]/D
  -------------------------------------------------------------------    -------------------

                         (clock clk_out2_pll rise edge)
                                                      0.000     0.000 r  
    AD12                                              0.000     0.000 r  i_sys_clk_p (IN)
                         net (fo=0)                   0.000     0.000    pll_inst/inst/clk_in1_p
    AD12                 IBUFDS (Prop_ibufds_I_O)     0.470     0.470 r  pll_inst/inst/clkin1_ibufgds/O
                         net (fo=1, routed)           0.554     1.024    pll_inst/inst/clk_in1_pll
    PLLE2_ADV_X1Y1       PLLE2_ADV (Prop_plle2_adv_CLKIN1_CLKOUT1)
                                                     -3.524    -2.500 r  pll_inst/inst/plle2_adv_inst/CLKOUT1
                         net (fo=1, routed)           1.027    -1.473    pll_inst/inst/clk_out2_pll
    BUFGCTRL_X0Y0        BUFG (Prop_bufg_I_O)         0.030    -1.443 r  pll_inst/inst/clkout2_buf/O
                         net (fo=2864, routed)        0.884    -0.559    student_top_inst/Core_cpu/cpu_core/id_ex_inst/clk_out2
    SLICE_X62Y92         FDRE                                         r  student_top_inst/Core_cpu/cpu_core/id_ex_inst/pred_ghr_o_reg[7]/C
                         clock pessimism              0.183    -0.377    
    SLICE_X62Y92         FDRE (Hold_fdre_C_D)         0.087    -0.290    student_top_inst/Core_cpu/cpu_core/id_ex_inst/pred_ghr_o_reg[7]
  -------------------------------------------------------------------
                         required time                          0.290    
                         arrival time                          -0.179    
  -------------------------------------------------------------------
                         slack                                  0.111    

Slack (MET) :             0.111ns  (arrival time - required time)
  Source:                 student_top_inst/Core_cpu/cpu_core/if_id_inst/pred_ghr_o_reg[7]/C
                            (rising edge-triggered cell FDRE clocked by clk_out2_pll  {rise@0.000ns fall@2.258ns period=4.516ns})
  Destination:            student_top_inst/Core_cpu/cpu_core/id_ex_inst/pred_ghr_o_reg[7]/D
                            (rising edge-triggered cell FDRE clocked by clk_out2_pll  {rise@0.000ns fall@2.258ns period=4.516ns})
  Path Group:             clk_out2_pll
  Path Type:              Hold (Min at Fast Process Corner)
  Requirement:            0.000ns  (clk_out2_pll rise@0.000ns - clk_out2_pll rise@0.000ns)
  Data Path Delay:        0.209ns  (logic 0.128ns (61.382%)  route 0.081ns (38.618%))
  Logic Levels:           1  (LUT4=1)
  Clock Path Skew:        0.011ns (DCD - SCD - CPR)
    Destination Clock Delay (DCD):    -0.559ns
    Source Clock Delay      (SCD):    -0.388ns
    Clock Pessimism Removal (CPR):    -0.183ns

    Location             Delay type                Incr(ns)  Path(ns)    Netlist Resource(s)
  -------------------------------------------------------------------    -------------------
                         (clock clk_out2_pll rise edge)
                                                      0.000     0.000 r  
    AD12                                              0.000     0.000 r  i_sys_clk_p (IN)
                         net (fo=0)                   0.000     0.000    pll_inst/inst/clk_in1_p
    AD12                 IBUFDS (Prop_ibufds_I_O)     0.388     0.388 r  pll_inst/inst/clkin1_ibufgds/O
                         net (fo=1, routed)           0.503     0.891    pll_inst/inst/clk_in1_pll
    PLLE2_ADV_X1Y1       PLLE2_ADV (Prop_plle2_adv_CLKIN1_CLKOUT1)
                                                     -2.908    -2.017 r  pll_inst/inst/plle2_adv_inst/CLKOUT1
                         net (fo=1, routed)           0.958    -1.059    pll_inst/inst/clk_out2_pll
    BUFGCTRL_X0Y0        BUFG (Prop_bufg_I_O)         0.026    -1.033 r  pll_inst/inst/clkout2_buf/O
                         net (fo=2864, routed)        0.645    -0.388    student_top_inst/Core_cpu/cpu_core/if_id_inst/clk_out2
    SLICE_X63Y92         FDRE                                         r  student_top_inst/Core_cpu/cpu_core/if_id_inst/pred_ghr_o_reg[7]/C
  -------------------------------------------------------------------    -------------------
    SLICE_X63Y92         FDRE (Prop_fdre_C_Q)         0.100    -0.288 f  student_top_inst/Core_cpu/cpu_core/if_id_inst/pred_ghr_o_reg[7]/Q
                         net (fo=1, routed)           0.081    -0.207    student_top_inst/Core_cpu/cpu_core/if_id_inst/if_id_pred_ghr_o[7]
    SLICE_X62Y92         LUT4 (Prop_lut4_I0_O)        0.028    -0.179 f  student_top_inst/Core_cpu/cpu_core/if_id_inst/pred_ghr_o[7]_i_1__0/O
                         net (fo=1, routed)           0.000    -0.179    student_top_inst/Core_cpu/cpu_core/id_ex_inst/pred_ghr_o_reg[8]_1[7]
    SLICE_X62Y92         FDRE                                         f  student_top_inst/Core_cpu/cpu_core/id_ex_inst/pred_ghr_o_reg[7]/D
  -------------------------------------------------------------------    -------------------

                         (clock clk_out2_pll rise edge)
                                                      0.000     0.000 r  
    AD12                                              0.000     0.000 r  i_sys_clk_p (IN)
                         net (fo=0)                   0.000     0.000    pll_inst/inst/clk_in1_p
    AD12                 IBUFDS (Prop_ibufds_I_O)     0.470     0.470 r  pll_inst/inst/clkin1_ibufgds/O
                         net (fo=1, routed)           0.554     1.024    pll_inst/inst/clk_in1_pll
    PLLE2_ADV_X1Y1       PLLE2_ADV (Prop_plle2_adv_CLKIN1_CLKOUT1)
                                                     -3.524    -2.500 r  pll_inst/inst/plle2_adv_inst/CLKOUT1
                         net (fo=1, routed)           1.027    -1.473    pll_inst/inst/clk_out2_pll
    BUFGCTRL_X0Y0        BUFG (Prop_bufg_I_O)         0.030    -1.443 r  pll_inst/inst/clkout2_buf/O
                         net (fo=2864, routed)        0.884    -0.559    student_top_inst/Core_cpu/cpu_core/id_ex_inst/clk_out2
    SLICE_X62Y92         FDRE                                         r  student_top_inst/Core_cpu/cpu_core/id_ex_inst/pred_ghr_o_reg[7]/C
                         clock pessimism              0.183    -0.377    
    SLICE_X62Y92         FDRE (Hold_fdre_C_D)         0.087    -0.290    student_top_inst/Core_cpu/cpu_core/id_ex_inst/pred_ghr_o_reg[7]
  -------------------------------------------------------------------
                         required time                          0.290    
                         arrival time                          -0.179    
  -------------------------------------------------------------------
                         slack                                  0.111    

Slack (MET) :             0.112ns  (arrival time - required time)
  Source:                 student_top_inst/Core_cpu/cpu_core/ex_inst/rv32m_iter_inst/div_dividend_r_reg[22]/C
                            (rising edge-triggered cell FDRE clocked by clk_out2_pll  {rise@0.000ns fall@2.258ns period=4.516ns})
  Destination:            student_top_inst/Core_cpu/cpu_core/ex_inst/rv32m_iter_inst/div_dividend_r_reg[23]/D
                            (rising edge-triggered cell FDRE clocked by clk_out2_pll  {rise@0.000ns fall@2.258ns period=4.516ns})
  Path Group:             clk_out2_pll
  Path Type:              Hold (Min at Fast Process Corner)
  Requirement:            0.000ns  (clk_out2_pll rise@0.000ns - clk_out2_pll rise@0.000ns)
  Data Path Delay:        0.210ns  (logic 0.128ns (61.089%)  route 0.082ns (38.911%))
  Logic Levels:           1  (LUT5=1)
  Clock Path Skew:        0.011ns (DCD - SCD - CPR)
    Destination Clock Delay (DCD):    -0.631ns
    Source Clock Delay      (SCD):    -0.439ns
    Clock Pessimism Removal (CPR):    -0.204ns

    Location             Delay type                Incr(ns)  Path(ns)    Netlist Resource(s)
  -------------------------------------------------------------------    -------------------
                         (clock clk_out2_pll rise edge)
                                                      0.000     0.000 r  
    AD12                                              0.000     0.000 r  i_sys_clk_p (IN)
                         net (fo=0)                   0.000     0.000    pll_inst/inst/clk_in1_p
    AD12                 IBUFDS (Prop_ibufds_I_O)     0.388     0.388 r  pll_inst/inst/clkin1_ibufgds/O
                         net (fo=1, routed)           0.503     0.891    pll_inst/inst/clk_in1_pll
    PLLE2_ADV_X1Y1       PLLE2_ADV (Prop_plle2_adv_CLKIN1_CLKOUT1)
                                                     -2.908    -2.017 r  pll_inst/inst/plle2_adv_inst/CLKOUT1
                         net (fo=1, routed)           0.958    -1.059    pll_inst/inst/clk_out2_pll
    BUFGCTRL_X0Y0        BUFG (Prop_bufg_I_O)         0.026    -1.033 r  pll_inst/inst/clkout2_buf/O
                         net (fo=2864, routed)        0.594    -0.439    student_top_inst/Core_cpu/cpu_core/ex_inst/rv32m_iter_inst/clk_out2
    SLICE_X103Y121       FDRE                                         r  student_top_inst/Core_cpu/cpu_core/ex_inst/rv32m_iter_inst/div_dividend_r_reg[22]/C
  -------------------------------------------------------------------    -------------------
    SLICE_X103Y121       FDRE (Prop_fdre_C_Q)         0.100    -0.339 r  student_top_inst/Core_cpu/cpu_core/ex_inst/rv32m_iter_inst/div_dividend_r_reg[22]/Q
                         net (fo=1, routed)           0.082    -0.257    student_top_inst/Core_cpu/cpu_core/ex_inst/rv32m_iter_inst/div_dividend_r_reg_n_0_[22]
    SLICE_X102Y121       LUT5 (Prop_lut5_I4_O)        0.028    -0.229 r  student_top_inst/Core_cpu/cpu_core/ex_inst/rv32m_iter_inst/div_dividend_r[23]_i_1/O
                         net (fo=1, routed)           0.000    -0.229    student_top_inst/Core_cpu/cpu_core/ex_inst/rv32m_iter_inst/div_dividend_r[23]
    SLICE_X102Y121       FDRE                                         r  student_top_inst/Core_cpu/cpu_core/ex_inst/rv32m_iter_inst/div_dividend_r_reg[23]/D
  -------------------------------------------------------------------    -------------------

                         (clock clk_out2_pll rise edge)
                                                      0.000     0.000 r  
    AD12                                              0.000     0.000 r  i_sys_clk_p (IN)
                         net (fo=0)                   0.000     0.000    pll_inst/inst/clk_in1_p
    AD12                 IBUFDS (Prop_ibufds_I_O)     0.470     0.470 r  pll_inst/inst/clkin1_ibufgds/O
                         net (fo=1, routed)           0.554     1.024    pll_inst/inst/clk_in1_pll
    PLLE2_ADV_X1Y1       PLLE2_ADV (Prop_plle2_adv_CLKIN1_CLKOUT1)
                                                     -3.524    -2.500 r  pll_inst/inst/plle2_adv_inst/CLKOUT1
                         net (fo=1, routed)           1.027    -1.473    pll_inst/inst/clk_out2_pll
    BUFGCTRL_X0Y0        BUFG (Prop_bufg_I_O)         0.030    -1.443 r  pll_inst/inst/clkout2_buf/O
                         net (fo=2864, routed)        0.812    -0.631    student_top_inst/Core_cpu/cpu_core/ex_inst/rv32m_iter_inst/clk_out2
    SLICE_X102Y121       FDRE                                         r  student_top_inst/Core_cpu/cpu_core/ex_inst/rv32m_iter_inst/div_dividend_r_reg[23]/C
                         clock pessimism              0.204    -0.428    
    SLICE_X102Y121       FDRE (Hold_fdre_C_D)         0.087    -0.341    student_top_inst/Core_cpu/cpu_core/ex_inst/rv32m_iter_inst/div_dividend_r_reg[23]
  -------------------------------------------------------------------
                         required time                          0.341    
                         arrival time                          -0.229    
  -------------------------------------------------------------------
                         slack                                  0.112    

Slack (MET) :             0.112ns  (arrival time - required time)
  Source:                 student_top_inst/Core_cpu/cpu_core/ex_inst/rv32m_iter_inst/div_dividend_r_reg[22]/C
                            (rising edge-triggered cell FDRE clocked by clk_out2_pll  {rise@0.000ns fall@2.258ns period=4.516ns})
  Destination:            student_top_inst/Core_cpu/cpu_core/ex_inst/rv32m_iter_inst/div_dividend_r_reg[23]/D
                            (rising edge-triggered cell FDRE clocked by clk_out2_pll  {rise@0.000ns fall@2.258ns period=4.516ns})
  Path Group:             clk_out2_pll
  Path Type:              Hold (Min at Fast Process Corner)
  Requirement:            0.000ns  (clk_out2_pll rise@0.000ns - clk_out2_pll rise@0.000ns)
  Data Path Delay:        0.210ns  (logic 0.128ns (61.089%)  route 0.082ns (38.911%))
  Logic Levels:           1  (LUT5=1)
  Clock Path Skew:        0.011ns (DCD - SCD - CPR)
    Destination Clock Delay (DCD):    -0.631ns
    Source Clock Delay      (SCD):    -0.439ns
    Clock Pessimism Removal (CPR):    -0.204ns

    Location             Delay type                Incr(ns)  Path(ns)    Netlist Resource(s)
  -------------------------------------------------------------------    -------------------
                         (clock clk_out2_pll rise edge)
                                                      0.000     0.000 r  
    AD12                                              0.000     0.000 r  i_sys_clk_p (IN)
                         net (fo=0)                   0.000     0.000    pll_inst/inst/clk_in1_p
    AD12                 IBUFDS (Prop_ibufds_I_O)     0.388     0.388 r  pll_inst/inst/clkin1_ibufgds/O
                         net (fo=1, routed)           0.503     0.891    pll_inst/inst/clk_in1_pll
    PLLE2_ADV_X1Y1       PLLE2_ADV (Prop_plle2_adv_CLKIN1_CLKOUT1)
                                                     -2.908    -2.017 r  pll_inst/inst/plle2_adv_inst/CLKOUT1
                         net (fo=1, routed)           0.958    -1.059    pll_inst/inst/clk_out2_pll
    BUFGCTRL_X0Y0        BUFG (Prop_bufg_I_O)         0.026    -1.033 r  pll_inst/inst/clkout2_buf/O
                         net (fo=2864, routed)        0.594    -0.439    student_top_inst/Core_cpu/cpu_core/ex_inst/rv32m_iter_inst/clk_out2
    SLICE_X103Y121       FDRE                                         r  student_top_inst/Core_cpu/cpu_core/ex_inst/rv32m_iter_inst/div_dividend_r_reg[22]/C
  -------------------------------------------------------------------    -------------------
    SLICE_X103Y121       FDRE (Prop_fdre_C_Q)         0.100    -0.339 f  student_top_inst/Core_cpu/cpu_core/ex_inst/rv32m_iter_inst/div_dividend_r_reg[22]/Q
                         net (fo=1, routed)           0.082    -0.257    student_top_inst/Core_cpu/cpu_core/ex_inst/rv32m_iter_inst/div_dividend_r_reg_n_0_[22]
    SLICE_X102Y121       LUT5 (Prop_lut5_I4_O)        0.028    -0.229 f  student_top_inst/Core_cpu/cpu_core/ex_inst/rv32m_iter_inst/div_dividend_r[23]_i_1/O
                         net (fo=1, routed)           0.000    -0.229    student_top_inst/Core_cpu/cpu_core/ex_inst/rv32m_iter_inst/div_dividend_r[23]
    SLICE_X102Y121       FDRE                                         f  student_top_inst/Core_cpu/cpu_core/ex_inst/rv32m_iter_inst/div_dividend_r_reg[23]/D
  -------------------------------------------------------------------    -------------------

                         (clock clk_out2_pll rise edge)
                                                      0.000     0.000 r  
    AD12                                              0.000     0.000 r  i_sys_clk_p (IN)
                         net (fo=0)                   0.000     0.000    pll_inst/inst/clk_in1_p
    AD12                 IBUFDS (Prop_ibufds_I_O)     0.470     0.470 r  pll_inst/inst/clkin1_ibufgds/O
                         net (fo=1, routed)           0.554     1.024    pll_inst/inst/clk_in1_pll
    PLLE2_ADV_X1Y1       PLLE2_ADV (Prop_plle2_adv_CLKIN1_CLKOUT1)
                                                     -3.524    -2.500 r  pll_inst/inst/plle2_adv_inst/CLKOUT1
                         net (fo=1, routed)           1.027    -1.473    pll_inst/inst/clk_out2_pll
    BUFGCTRL_X0Y0        BUFG (Prop_bufg_I_O)         0.030    -1.443 r  pll_inst/inst/clkout2_buf/O
                         net (fo=2864, routed)        0.812    -0.631    student_top_inst/Core_cpu/cpu_core/ex_inst/rv32m_iter_inst/clk_out2
    SLICE_X102Y121       FDRE                                         r  student_top_inst/Core_cpu/cpu_core/ex_inst/rv32m_iter_inst/div_dividend_r_reg[23]/C
                         clock pessimism              0.204    -0.428    
    SLICE_X102Y121       FDRE (Hold_fdre_C_D)         0.087    -0.341    student_top_inst/Core_cpu/cpu_core/ex_inst/rv32m_iter_inst/div_dividend_r_reg[23]
  -------------------------------------------------------------------
                         required time                          0.341    
                         arrival time                          -0.229    
  -------------------------------------------------------------------
                         slack                                  0.112    

Slack (MET) :             0.115ns  (arrival time - required time)
  Source:                 student_top_inst/Core_cpu/cpu_core/ex_inst/rv32m_iter_inst/op2_raw_r_reg[28]/C
                            (rising edge-triggered cell FDRE clocked by clk_out2_pll  {rise@0.000ns fall@2.258ns period=4.516ns})
  Destination:            student_top_inst/Core_cpu/cpu_core/ex_inst/rv32m_iter_inst/mul_product_r_reg/B[11]
                            (rising edge-triggered cell DSP48E1 clocked by clk_out2_pll  {rise@0.000ns fall@2.258ns period=4.516ns})
  Path Group:             clk_out2_pll
  Path Type:              Hold (Min at Fast Process Corner)
  Requirement:            0.000ns  (clk_out2_pll rise@0.000ns - clk_out2_pll rise@0.000ns)
  Data Path Delay:        0.271ns  (logic 0.100ns (36.904%)  route 0.171ns (63.096%))
  Logic Levels:           0  
  Clock Path Skew:        0.086ns (DCD - SCD - CPR)
    Destination Clock Delay (DCD):    -0.564ns
    Source Clock Delay      (SCD):    -0.427ns
    Clock Pessimism Removal (CPR):    -0.223ns

    Location             Delay type                Incr(ns)  Path(ns)    Netlist Resource(s)
  -------------------------------------------------------------------    -------------------
                         (clock clk_out2_pll rise edge)
                                                      0.000     0.000 r  
    AD12                                              0.000     0.000 r  i_sys_clk_p (IN)
                         net (fo=0)                   0.000     0.000    pll_inst/inst/clk_in1_p
    AD12                 IBUFDS (Prop_ibufds_I_O)     0.388     0.388 r  pll_inst/inst/clkin1_ibufgds/O
                         net (fo=1, routed)           0.503     0.891    pll_inst/inst/clk_in1_pll
    PLLE2_ADV_X1Y1       PLLE2_ADV (Prop_plle2_adv_CLKIN1_CLKOUT1)
                                                     -2.908    -2.017 r  pll_inst/inst/plle2_adv_inst/CLKOUT1
                         net (fo=1, routed)           0.958    -1.059    pll_inst/inst/clk_out2_pll
    BUFGCTRL_X0Y0        BUFG (Prop_bufg_I_O)         0.026    -1.033 r  pll_inst/inst/clkout2_buf/O
                         net (fo=2864, routed)        0.606    -0.427    student_top_inst/Core_cpu/cpu_core/ex_inst/rv32m_iter_inst/clk_out2
    SLICE_X109Y112       FDRE                                         r  student_top_inst/Core_cpu/cpu_core/ex_inst/rv32m_iter_inst/op2_raw_r_reg[28]/C
  -------------------------------------------------------------------    -------------------
    SLICE_X109Y112       FDRE (Prop_fdre_C_Q)         0.100    -0.327 r  student_top_inst/Core_cpu/cpu_core/ex_inst/rv32m_iter_inst/op2_raw_r_reg[28]/Q
                         net (fo=9, routed)           0.171    -0.156    student_top_inst/Core_cpu/cpu_core/ex_inst/rv32m_iter_inst/op2_raw_r_reg_n_0_[28]
    DSP48_X3Y45          DSP48E1                                      r  student_top_inst/Core_cpu/cpu_core/ex_inst/rv32m_iter_inst/mul_product_r_reg/B[11]
  -------------------------------------------------------------------    -------------------

                         (clock clk_out2_pll rise edge)
                                                      0.000     0.000 r  
    AD12                                              0.000     0.000 r  i_sys_clk_p (IN)
                         net (fo=0)                   0.000     0.000    pll_inst/inst/clk_in1_p
    AD12                 IBUFDS (Prop_ibufds_I_O)     0.470     0.470 r  pll_inst/inst/clkin1_ibufgds/O
                         net (fo=1, routed)           0.554     1.024    pll_inst/inst/clk_in1_pll
    PLLE2_ADV_X1Y1       PLLE2_ADV (Prop_plle2_adv_CLKIN1_CLKOUT1)
                                                     -3.524    -2.500 r  pll_inst/inst/plle2_adv_inst/CLKOUT1
                         net (fo=1, routed)           1.027    -1.473    pll_inst/inst/clk_out2_pll
    BUFGCTRL_X0Y0        BUFG (Prop_bufg_I_O)         0.030    -1.443 r  pll_inst/inst/clkout2_buf/O
                         net (fo=2864, routed)        0.880    -0.564    student_top_inst/Core_cpu/cpu_core/ex_inst/rv32m_iter_inst/clk_out2
    DSP48_X3Y45          DSP48E1                                      r  student_top_inst/Core_cpu/cpu_core/ex_inst/rv32m_iter_inst/mul_product_r_reg/CLK
                         clock pessimism              0.223    -0.341    
    DSP48_X3Y45          DSP48E1 (Hold_dsp48e1_CLK_B[11])
                                                      0.070    -0.271    student_top_inst/Core_cpu/cpu_core/ex_inst/rv32m_iter_inst/mul_product_r_reg
  -------------------------------------------------------------------
                         required time                          0.271    
                         arrival time                          -0.156    
  -------------------------------------------------------------------
                         slack                                  0.115    

Slack (MET) :             0.115ns  (arrival time - required time)
  Source:                 student_top_inst/Core_cpu/cpu_core/ex_inst/rv32m_iter_inst/op2_raw_r_reg[28]/C
                            (rising edge-triggered cell FDRE clocked by clk_out2_pll  {rise@0.000ns fall@2.258ns period=4.516ns})
  Destination:            student_top_inst/Core_cpu/cpu_core/ex_inst/rv32m_iter_inst/mul_product_r_reg/B[11]
                            (rising edge-triggered cell DSP48E1 clocked by clk_out2_pll  {rise@0.000ns fall@2.258ns period=4.516ns})
  Path Group:             clk_out2_pll
  Path Type:              Hold (Min at Fast Process Corner)
  Requirement:            0.000ns  (clk_out2_pll rise@0.000ns - clk_out2_pll rise@0.000ns)
  Data Path Delay:        0.271ns  (logic 0.100ns (36.904%)  route 0.171ns (63.096%))
  Logic Levels:           0  
  Clock Path Skew:        0.086ns (DCD - SCD - CPR)
    Destination Clock Delay (DCD):    -0.564ns
    Source Clock Delay      (SCD):    -0.427ns
    Clock Pessimism Removal (CPR):    -0.223ns

    Location             Delay type                Incr(ns)  Path(ns)    Netlist Resource(s)
  -------------------------------------------------------------------    -------------------
                         (clock clk_out2_pll rise edge)
                                                      0.000     0.000 r  
    AD12                                              0.000     0.000 r  i_sys_clk_p (IN)
                         net (fo=0)                   0.000     0.000    pll_inst/inst/clk_in1_p
    AD12                 IBUFDS (Prop_ibufds_I_O)     0.388     0.388 r  pll_inst/inst/clkin1_ibufgds/O
                         net (fo=1, routed)           0.503     0.891    pll_inst/inst/clk_in1_pll
    PLLE2_ADV_X1Y1       PLLE2_ADV (Prop_plle2_adv_CLKIN1_CLKOUT1)
                                                     -2.908    -2.017 r  pll_inst/inst/plle2_adv_inst/CLKOUT1
                         net (fo=1, routed)           0.958    -1.059    pll_inst/inst/clk_out2_pll
    BUFGCTRL_X0Y0        BUFG (Prop_bufg_I_O)         0.026    -1.033 r  pll_inst/inst/clkout2_buf/O
                         net (fo=2864, routed)        0.606    -0.427    student_top_inst/Core_cpu/cpu_core/ex_inst/rv32m_iter_inst/clk_out2
    SLICE_X109Y112       FDRE                                         r  student_top_inst/Core_cpu/cpu_core/ex_inst/rv32m_iter_inst/op2_raw_r_reg[28]/C
  -------------------------------------------------------------------    -------------------
    SLICE_X109Y112       FDRE (Prop_fdre_C_Q)         0.100    -0.327 f  student_top_inst/Core_cpu/cpu_core/ex_inst/rv32m_iter_inst/op2_raw_r_reg[28]/Q
                         net (fo=9, routed)           0.171    -0.156    student_top_inst/Core_cpu/cpu_core/ex_inst/rv32m_iter_inst/op2_raw_r_reg_n_0_[28]
    DSP48_X3Y45          DSP48E1                                      f  student_top_inst/Core_cpu/cpu_core/ex_inst/rv32m_iter_inst/mul_product_r_reg/B[11]
  -------------------------------------------------------------------    -------------------

                         (clock clk_out2_pll rise edge)
                                                      0.000     0.000 r  
    AD12                                              0.000     0.000 r  i_sys_clk_p (IN)
                         net (fo=0)                   0.000     0.000    pll_inst/inst/clk_in1_p
    AD12                 IBUFDS (Prop_ibufds_I_O)     0.470     0.470 r  pll_inst/inst/clkin1_ibufgds/O
                         net (fo=1, routed)           0.554     1.024    pll_inst/inst/clk_in1_pll
    PLLE2_ADV_X1Y1       PLLE2_ADV (Prop_plle2_adv_CLKIN1_CLKOUT1)
                                                     -3.524    -2.500 r  pll_inst/inst/plle2_adv_inst/CLKOUT1
                         net (fo=1, routed)           1.027    -1.473    pll_inst/inst/clk_out2_pll
    BUFGCTRL_X0Y0        BUFG (Prop_bufg_I_O)         0.030    -1.443 r  pll_inst/inst/clkout2_buf/O
                         net (fo=2864, routed)        0.880    -0.564    student_top_inst/Core_cpu/cpu_core/ex_inst/rv32m_iter_inst/clk_out2
    DSP48_X3Y45          DSP48E1                                      r  student_top_inst/Core_cpu/cpu_core/ex_inst/rv32m_iter_inst/mul_product_r_reg/CLK
                         clock pessimism              0.223    -0.341    
    DSP48_X3Y45          DSP48E1 (Hold_dsp48e1_CLK_B[11])
                                                      0.070    -0.271    student_top_inst/Core_cpu/cpu_core/ex_inst/rv32m_iter_inst/mul_product_r_reg
  -------------------------------------------------------------------
                         required time                          0.271    
                         arrival time                          -0.156    
  -------------------------------------------------------------------
                         slack                                  0.115    

Slack (MET) :             0.117ns  (arrival time - required time)
  Source:                 student_top_inst/Core_cpu/cpu_core/id_ex_inst/inst_o_reg[6]/C
                            (rising edge-triggered cell FDRE clocked by clk_out2_pll  {rise@0.000ns fall@2.258ns period=4.516ns})
  Destination:            student_top_inst/Core_cpu/cpu_core/ex_mem_inst/dff_inst/data_o_reg[6]/D
                            (rising edge-triggered cell FDRE clocked by clk_out2_pll  {rise@0.000ns fall@2.258ns period=4.516ns})
  Path Group:             clk_out2_pll
  Path Type:              Hold (Min at Fast Process Corner)
  Requirement:            0.000ns  (clk_out2_pll rise@0.000ns - clk_out2_pll rise@0.000ns)
  Data Path Delay:        0.438ns  (logic 0.128ns (29.239%)  route 0.310ns (70.761%))
  Logic Levels:           1  (LUT5=1)
  Clock Path Skew:        0.261ns (DCD - SCD - CPR)
    Destination Clock Delay (DCD):    -0.559ns
    Source Clock Delay      (SCD):    -0.438ns
    Clock Pessimism Removal (CPR):    -0.383ns

    Location             Delay type                Incr(ns)  Path(ns)    Netlist Resource(s)
  -------------------------------------------------------------------    -------------------
                         (clock clk_out2_pll rise edge)
                                                      0.000     0.000 r  
    AD12                                              0.000     0.000 r  i_sys_clk_p (IN)
                         net (fo=0)                   0.000     0.000    pll_inst/inst/clk_in1_p
    AD12                 IBUFDS (Prop_ibufds_I_O)     0.388     0.388 r  pll_inst/inst/clkin1_ibufgds/O
                         net (fo=1, routed)           0.503     0.891    pll_inst/inst/clk_in1_pll
    PLLE2_ADV_X1Y1       PLLE2_ADV (Prop_plle2_adv_CLKIN1_CLKOUT1)
                                                     -2.908    -2.017 r  pll_inst/inst/plle2_adv_inst/CLKOUT1
                         net (fo=1, routed)           0.958    -1.059    pll_inst/inst/clk_out2_pll
    BUFGCTRL_X0Y0        BUFG (Prop_bufg_I_O)         0.026    -1.033 r  pll_inst/inst/clkout2_buf/O
                         net (fo=2864, routed)        0.595    -0.438    student_top_inst/Core_cpu/cpu_core/id_ex_inst/clk_out2
    SLICE_X81Y106        FDRE                                         r  student_top_inst/Core_cpu/cpu_core/id_ex_inst/inst_o_reg[6]/C
  -------------------------------------------------------------------    -------------------
    SLICE_X81Y106        FDRE (Prop_fdre_C_Q)         0.100    -0.338 r  student_top_inst/Core_cpu/cpu_core/id_ex_inst/inst_o_reg[6]/Q
                         net (fo=5, routed)           0.310    -0.028    student_top_inst/Core_cpu/cpu_core/ex_inst/rv32m_iter_inst/data_o_reg[11]_0[6]
    SLICE_X73Y96         LUT5 (Prop_lut5_I1_O)        0.028     0.000 r  student_top_inst/Core_cpu/cpu_core/ex_inst/rv32m_iter_inst/data_o[6]_i_1__3/O
                         net (fo=1, routed)           0.000     0.000    student_top_inst/Core_cpu/cpu_core/ex_mem_inst/dff_inst/ex_inst_o[3]
    SLICE_X73Y96         FDRE                                         r  student_top_inst/Core_cpu/cpu_core/ex_mem_inst/dff_inst/data_o_reg[6]/D
  -------------------------------------------------------------------    -------------------

                         (clock clk_out2_pll rise edge)
                                                      0.000     0.000 r  
    AD12                                              0.000     0.000 r  i_sys_clk_p (IN)
                         net (fo=0)                   0.000     0.000    pll_inst/inst/clk_in1_p
    AD12                 IBUFDS (Prop_ibufds_I_O)     0.470     0.470 r  pll_inst/inst/clkin1_ibufgds/O
                         net (fo=1, routed)           0.554     1.024    pll_inst/inst/clk_in1_pll
    PLLE2_ADV_X1Y1       PLLE2_ADV (Prop_plle2_adv_CLKIN1_CLKOUT1)
                                                     -3.524    -2.500 r  pll_inst/inst/plle2_adv_inst/CLKOUT1
                         net (fo=1, routed)           1.027    -1.473    pll_inst/inst/clk_out2_pll
    BUFGCTRL_X0Y0        BUFG (Prop_bufg_I_O)         0.030    -1.443 r  pll_inst/inst/clkout2_buf/O
                         net (fo=2864, routed)        0.884    -0.559    student_top_inst/Core_cpu/cpu_core/ex_mem_inst/dff_inst/clk_out2
    SLICE_X73Y96         FDRE                                         r  student_top_inst/Core_cpu/cpu_core/ex_mem_inst/dff_inst/data_o_reg[6]/C
                         clock pessimism              0.383    -0.177    
    SLICE_X73Y96         FDRE (Hold_fdre_C_D)         0.060    -0.117    student_top_inst/Core_cpu/cpu_core/ex_mem_inst/dff_inst/data_o_reg[6]
  -------------------------------------------------------------------
                         required time                          0.117    
                         arrival time                           0.000    
  -------------------------------------------------------------------
                         slack                                  0.117    

Slack (MET) :             0.117ns  (arrival time - required time)
  Source:                 student_top_inst/Core_cpu/cpu_core/id_ex_inst/inst_o_reg[6]/C
                            (rising edge-triggered cell FDRE clocked by clk_out2_pll  {rise@0.000ns fall@2.258ns period=4.516ns})
  Destination:            student_top_inst/Core_cpu/cpu_core/ex_mem_inst/dff_inst/data_o_reg[6]/D
                            (rising edge-triggered cell FDRE clocked by clk_out2_pll  {rise@0.000ns fall@2.258ns period=4.516ns})
  Path Group:             clk_out2_pll
  Path Type:              Hold (Min at Fast Process Corner)
  Requirement:            0.000ns  (clk_out2_pll rise@0.000ns - clk_out2_pll rise@0.000ns)
  Data Path Delay:        0.438ns  (logic 0.128ns (29.239%)  route 0.310ns (70.761%))
  Logic Levels:           1  (LUT5=1)
  Clock Path Skew:        0.261ns (DCD - SCD - CPR)
    Destination Clock Delay (DCD):    -0.559ns
    Source Clock Delay      (SCD):    -0.438ns
    Clock Pessimism Removal (CPR):    -0.383ns

    Location             Delay type                Incr(ns)  Path(ns)    Netlist Resource(s)
  -------------------------------------------------------------------    -------------------
                         (clock clk_out2_pll rise edge)
                                                      0.000     0.000 r  
    AD12                                              0.000     0.000 r  i_sys_clk_p (IN)
                         net (fo=0)                   0.000     0.000    pll_inst/inst/clk_in1_p
    AD12                 IBUFDS (Prop_ibufds_I_O)     0.388     0.388 r  pll_inst/inst/clkin1_ibufgds/O
                         net (fo=1, routed)           0.503     0.891    pll_inst/inst/clk_in1_pll
    PLLE2_ADV_X1Y1       PLLE2_ADV (Prop_plle2_adv_CLKIN1_CLKOUT1)
                                                     -2.908    -2.017 r  pll_inst/inst/plle2_adv_inst/CLKOUT1
                         net (fo=1, routed)           0.958    -1.059    pll_inst/inst/clk_out2_pll
    BUFGCTRL_X0Y0        BUFG (Prop_bufg_I_O)         0.026    -1.033 r  pll_inst/inst/clkout2_buf/O
                         net (fo=2864, routed)        0.595    -0.438    student_top_inst/Core_cpu/cpu_core/id_ex_inst/clk_out2
    SLICE_X81Y106        FDRE                                         r  student_top_inst/Core_cpu/cpu_core/id_ex_inst/inst_o_reg[6]/C
  -------------------------------------------------------------------    -------------------
    SLICE_X81Y106        FDRE (Prop_fdre_C_Q)         0.100    -0.338 f  student_top_inst/Core_cpu/cpu_core/id_ex_inst/inst_o_reg[6]/Q
                         net (fo=5, routed)           0.310    -0.028    student_top_inst/Core_cpu/cpu_core/ex_inst/rv32m_iter_inst/data_o_reg[11]_0[6]
    SLICE_X73Y96         LUT5 (Prop_lut5_I1_O)        0.028     0.000 f  student_top_inst/Core_cpu/cpu_core/ex_inst/rv32m_iter_inst/data_o[6]_i_1__3/O
                         net (fo=1, routed)           0.000     0.000    student_top_inst/Core_cpu/cpu_core/ex_mem_inst/dff_inst/ex_inst_o[3]
    SLICE_X73Y96         FDRE                                         f  student_top_inst/Core_cpu/cpu_core/ex_mem_inst/dff_inst/data_o_reg[6]/D
  -------------------------------------------------------------------    -------------------

                         (clock clk_out2_pll rise edge)
                                                      0.000     0.000 r  
    AD12                                              0.000     0.000 r  i_sys_clk_p (IN)
                         net (fo=0)                   0.000     0.000    pll_inst/inst/clk_in1_p
    AD12                 IBUFDS (Prop_ibufds_I_O)     0.470     0.470 r  pll_inst/inst/clkin1_ibufgds/O
                         net (fo=1, routed)           0.554     1.024    pll_inst/inst/clk_in1_pll
    PLLE2_ADV_X1Y1       PLLE2_ADV (Prop_plle2_adv_CLKIN1_CLKOUT1)
                                                     -3.524    -2.500 r  pll_inst/inst/plle2_adv_inst/CLKOUT1
                         net (fo=1, routed)           1.027    -1.473    pll_inst/inst/clk_out2_pll
    BUFGCTRL_X0Y0        BUFG (Prop_bufg_I_O)         0.030    -1.443 r  pll_inst/inst/clkout2_buf/O
                         net (fo=2864, routed)        0.884    -0.559    student_top_inst/Core_cpu/cpu_core/ex_mem_inst/dff_inst/clk_out2
    SLICE_X73Y96         FDRE                                         r  student_top_inst/Core_cpu/cpu_core/ex_mem_inst/dff_inst/data_o_reg[6]/C
                         clock pessimism              0.383    -0.177    
    SLICE_X73Y96         FDRE (Hold_fdre_C_D)         0.060    -0.117    student_top_inst/Core_cpu/cpu_core/ex_mem_inst/dff_inst/data_o_reg[6]
  -------------------------------------------------------------------
                         required time                          0.117    
                         arrival time                           0.000    
  -------------------------------------------------------------------
                         slack                                  0.117    

Slack (MET) :             0.117ns  (arrival time - required time)
  Source:                 student_top_inst/Core_cpu/cpu_core/id_ex_inst/inst_o_reg[4]_rep__6/C
                            (rising edge-triggered cell FDSE clocked by clk_out2_pll  {rise@0.000ns fall@2.258ns period=4.516ns})
  Destination:            student_top_inst/Core_cpu/cpu_core/ex_mem_inst/dff_mem_rd_addr/data_o_reg[3]/D
                            (rising edge-triggered cell FDRE clocked by clk_out2_pll  {rise@0.000ns fall@2.258ns period=4.516ns})
  Path Group:             clk_out2_pll
  Path Type:              Hold (Min at Fast Process Corner)
  Requirement:            0.000ns  (clk_out2_pll rise@0.000ns - clk_out2_pll rise@0.000ns)
  Data Path Delay:        0.372ns  (logic 0.128ns (34.416%)  route 0.244ns (65.584%))
  Logic Levels:           1  (LUT6=1)
  Clock Path Skew:        0.195ns (DCD - SCD - CPR)
    Destination Clock Delay (DCD):    -0.557ns
    Source Clock Delay      (SCD):    -0.390ns
    Clock Pessimism Removal (CPR):    -0.363ns

    Location             Delay type                Incr(ns)  Path(ns)    Netlist Resource(s)
  -------------------------------------------------------------------    -------------------
                         (clock clk_out2_pll rise edge)
                                                      0.000     0.000 r  
    AD12                                              0.000     0.000 r  i_sys_clk_p (IN)
                         net (fo=0)                   0.000     0.000    pll_inst/inst/clk_in1_p
    AD12                 IBUFDS (Prop_ibufds_I_O)     0.388     0.388 r  pll_inst/inst/clkin1_ibufgds/O
                         net (fo=1, routed)           0.503     0.891    pll_inst/inst/clk_in1_pll
    PLLE2_ADV_X1Y1       PLLE2_ADV (Prop_plle2_adv_CLKIN1_CLKOUT1)
                                                     -2.908    -2.017 r  pll_inst/inst/plle2_adv_inst/CLKOUT1
                         net (fo=1, routed)           0.958    -1.059    pll_inst/inst/clk_out2_pll
    BUFGCTRL_X0Y0        BUFG (Prop_bufg_I_O)         0.026    -1.033 r  pll_inst/inst/clkout2_buf/O
                         net (fo=2864, routed)        0.643    -0.390    student_top_inst/Core_cpu/cpu_core/id_ex_inst/clk_out2
    SLICE_X77Y94         FDSE                                         r  student_top_inst/Core_cpu/cpu_core/id_ex_inst/inst_o_reg[4]_rep__6/C
  -------------------------------------------------------------------    -------------------
    SLICE_X77Y94         FDSE (Prop_fdse_C_Q)         0.100    -0.290 f  student_top_inst/Core_cpu/cpu_core/id_ex_inst/inst_o_reg[4]_rep__6/Q
                         net (fo=4, routed)           0.244    -0.046    student_top_inst/Core_cpu/cpu_core/id_ex_inst/inst_o_reg[4]_rep__6_n_0
    SLICE_X80Y93         LUT6 (Prop_lut6_I0_O)        0.028    -0.018 r  student_top_inst/Core_cpu/cpu_core/id_ex_inst/data_o[3]_i_1__8/O
                         net (fo=1, routed)           0.000    -0.018    student_top_inst/Core_cpu/cpu_core/ex_mem_inst/dff_mem_rd_addr/ex_rd_mem_addr_o[2]
    SLICE_X80Y93         FDRE                                         r  student_top_inst/Core_cpu/cpu_core/ex_mem_inst/dff_mem_rd_addr/data_o_reg[3]/D
  -------------------------------------------------------------------    -------------------

                         (clock clk_out2_pll rise edge)
                                                      0.000     0.000 r  
    AD12                                              0.000     0.000 r  i_sys_clk_p (IN)
                         net (fo=0)                   0.000     0.000    pll_inst/inst/clk_in1_p
    AD12                 IBUFDS (Prop_ibufds_I_O)     0.470     0.470 r  pll_inst/inst/clkin1_ibufgds/O
                         net (fo=1, routed)           0.554     1.024    pll_inst/inst/clk_in1_pll
    PLLE2_ADV_X1Y1       PLLE2_ADV (Prop_plle2_adv_CLKIN1_CLKOUT1)
                                                     -3.524    -2.500 r  pll_inst/inst/plle2_adv_inst/CLKOUT1
                         net (fo=1, routed)           1.027    -1.473    pll_inst/inst/clk_out2_pll
    BUFGCTRL_X0Y0        BUFG (Prop_bufg_I_O)         0.030    -1.443 r  pll_inst/inst/clkout2_buf/O
                         net (fo=2864, routed)        0.886    -0.557    student_top_inst/Core_cpu/cpu_core/ex_mem_inst/dff_mem_rd_addr/clk_out2
    SLICE_X80Y93         FDRE                                         r  student_top_inst/Core_cpu/cpu_core/ex_mem_inst/dff_mem_rd_addr/data_o_reg[3]/C
                         clock pessimism              0.363    -0.195    
    SLICE_X80Y93         FDRE (Hold_fdre_C_D)         0.060    -0.135    student_top_inst/Core_cpu/cpu_core/ex_mem_inst/dff_mem_rd_addr/data_o_reg[3]
  -------------------------------------------------------------------
                         required time                          0.135    
                         arrival time                          -0.018    
  -------------------------------------------------------------------
                         slack                                  0.117    

Slack (MET) :             0.117ns  (arrival time - required time)
  Source:                 student_top_inst/Core_cpu/cpu_core/id_ex_inst/inst_o_reg[4]_rep__6/C
                            (rising edge-triggered cell FDSE clocked by clk_out2_pll  {rise@0.000ns fall@2.258ns period=4.516ns})
  Destination:            student_top_inst/Core_cpu/cpu_core/ex_mem_inst/dff_mem_rd_addr/data_o_reg[3]/D
                            (rising edge-triggered cell FDRE clocked by clk_out2_pll  {rise@0.000ns fall@2.258ns period=4.516ns})
  Path Group:             clk_out2_pll
  Path Type:              Hold (Min at Fast Process Corner)
  Requirement:            0.000ns  (clk_out2_pll rise@0.000ns - clk_out2_pll rise@0.000ns)
  Data Path Delay:        0.372ns  (logic 0.128ns (34.416%)  route 0.244ns (65.584%))
  Logic Levels:           1  (LUT6=1)
  Clock Path Skew:        0.195ns (DCD - SCD - CPR)
    Destination Clock Delay (DCD):    -0.557ns
    Source Clock Delay      (SCD):    -0.390ns
    Clock Pessimism Removal (CPR):    -0.363ns

    Location             Delay type                Incr(ns)  Path(ns)    Netlist Resource(s)
  -------------------------------------------------------------------    -------------------
                         (clock clk_out2_pll rise edge)
                                                      0.000     0.000 r  
    AD12                                              0.000     0.000 r  i_sys_clk_p (IN)
                         net (fo=0)                   0.000     0.000    pll_inst/inst/clk_in1_p
    AD12                 IBUFDS (Prop_ibufds_I_O)     0.388     0.388 r  pll_inst/inst/clkin1_ibufgds/O
                         net (fo=1, routed)           0.503     0.891    pll_inst/inst/clk_in1_pll
    PLLE2_ADV_X1Y1       PLLE2_ADV (Prop_plle2_adv_CLKIN1_CLKOUT1)
                                                     -2.908    -2.017 r  pll_inst/inst/plle2_adv_inst/CLKOUT1
                         net (fo=1, routed)           0.958    -1.059    pll_inst/inst/clk_out2_pll
    BUFGCTRL_X0Y0        BUFG (Prop_bufg_I_O)         0.026    -1.033 r  pll_inst/inst/clkout2_buf/O
                         net (fo=2864, routed)        0.643    -0.390    student_top_inst/Core_cpu/cpu_core/id_ex_inst/clk_out2
    SLICE_X77Y94         FDSE                                         r  student_top_inst/Core_cpu/cpu_core/id_ex_inst/inst_o_reg[4]_rep__6/C
  -------------------------------------------------------------------    -------------------
    SLICE_X77Y94         FDSE (Prop_fdse_C_Q)         0.100    -0.290 r  student_top_inst/Core_cpu/cpu_core/id_ex_inst/inst_o_reg[4]_rep__6/Q
                         net (fo=4, routed)           0.244    -0.046    student_top_inst/Core_cpu/cpu_core/id_ex_inst/inst_o_reg[4]_rep__6_n_0
    SLICE_X80Y93         LUT6 (Prop_lut6_I0_O)        0.028    -0.018 f  student_top_inst/Core_cpu/cpu_core/id_ex_inst/data_o[3]_i_1__8/O
                         net (fo=1, routed)           0.000    -0.018    student_top_inst/Core_cpu/cpu_core/ex_mem_inst/dff_mem_rd_addr/ex_rd_mem_addr_o[2]
    SLICE_X80Y93         FDRE                                         f  student_top_inst/Core_cpu/cpu_core/ex_mem_inst/dff_mem_rd_addr/data_o_reg[3]/D
  -------------------------------------------------------------------    -------------------

                         (clock clk_out2_pll rise edge)
                                                      0.000     0.000 r  
    AD12                                              0.000     0.000 r  i_sys_clk_p (IN)
                         net (fo=0)                   0.000     0.000    pll_inst/inst/clk_in1_p
    AD12                 IBUFDS (Prop_ibufds_I_O)     0.470     0.470 r  pll_inst/inst/clkin1_ibufgds/O
                         net (fo=1, routed)           0.554     1.024    pll_inst/inst/clk_in1_pll
    PLLE2_ADV_X1Y1       PLLE2_ADV (Prop_plle2_adv_CLKIN1_CLKOUT1)
                                                     -3.524    -2.500 r  pll_inst/inst/plle2_adv_inst/CLKOUT1
                         net (fo=1, routed)           1.027    -1.473    pll_inst/inst/clk_out2_pll
    BUFGCTRL_X0Y0        BUFG (Prop_bufg_I_O)         0.030    -1.443 r  pll_inst/inst/clkout2_buf/O
                         net (fo=2864, routed)        0.886    -0.557    student_top_inst/Core_cpu/cpu_core/ex_mem_inst/dff_mem_rd_addr/clk_out2
    SLICE_X80Y93         FDRE                                         r  student_top_inst/Core_cpu/cpu_core/ex_mem_inst/dff_mem_rd_addr/data_o_reg[3]/C
                         clock pessimism              0.363    -0.195    
    SLICE_X80Y93         FDRE (Hold_fdre_C_D)         0.060    -0.135    student_top_inst/Core_cpu/cpu_core/ex_mem_inst/dff_mem_rd_addr/data_o_reg[3]
  -------------------------------------------------------------------
                         required time                          0.135    
                         arrival time                          -0.018    
  -------------------------------------------------------------------
                         slack                                  0.117    

Slack (MET) :             0.120ns  (arrival time - required time)
  Source:                 student_top_inst/Core_cpu/cpu_core/id_ex_inst/inst_o_reg[13]_rep__12/C
                            (rising edge-triggered cell FDRE clocked by clk_out2_pll  {rise@0.000ns fall@2.258ns period=4.516ns})
  Destination:            student_top_inst/Core_cpu/cpu_core/ex_mem_inst/dff_mem_wd_data/data_o_reg[5]/D
                            (rising edge-triggered cell FDRE clocked by clk_out2_pll  {rise@0.000ns fall@2.258ns period=4.516ns})
  Path Group:             clk_out2_pll
  Path Type:              Hold (Min at Fast Process Corner)
  Requirement:            0.000ns  (clk_out2_pll rise@0.000ns - clk_out2_pll rise@0.000ns)
  Data Path Delay:        0.446ns  (logic 0.128ns (28.726%)  route 0.318ns (71.275%))
  Logic Levels:           1  (LUT6=1)
  Clock Path Skew:        0.266ns (DCD - SCD - CPR)
    Destination Clock Delay (DCD):    -0.557ns
    Source Clock Delay      (SCD):    -0.441ns
    Clock Pessimism Removal (CPR):    -0.383ns

    Location             Delay type                Incr(ns)  Path(ns)    Netlist Resource(s)
  -------------------------------------------------------------------    -------------------
                         (clock clk_out2_pll rise edge)
                                                      0.000     0.000 r  
    AD12                                              0.000     0.000 r  i_sys_clk_p (IN)
                         net (fo=0)                   0.000     0.000    pll_inst/inst/clk_in1_p
    AD12                 IBUFDS (Prop_ibufds_I_O)     0.388     0.388 r  pll_inst/inst/clkin1_ibufgds/O
                         net (fo=1, routed)           0.503     0.891    pll_inst/inst/clk_in1_pll
    PLLE2_ADV_X1Y1       PLLE2_ADV (Prop_plle2_adv_CLKIN1_CLKOUT1)
                                                     -2.908    -2.017 r  pll_inst/inst/plle2_adv_inst/CLKOUT1
                         net (fo=1, routed)           0.958    -1.059    pll_inst/inst/clk_out2_pll
    BUFGCTRL_X0Y0        BUFG (Prop_bufg_I_O)         0.026    -1.033 r  pll_inst/inst/clkout2_buf/O
                         net (fo=2864, routed)        0.592    -0.441    student_top_inst/Core_cpu/cpu_core/id_ex_inst/clk_out2
    SLICE_X73Y103        FDRE                                         r  student_top_inst/Core_cpu/cpu_core/id_ex_inst/inst_o_reg[13]_rep__12/C
  -------------------------------------------------------------------    -------------------
    SLICE_X73Y103        FDRE (Prop_fdre_C_Q)         0.100    -0.341 r  student_top_inst/Core_cpu/cpu_core/id_ex_inst/inst_o_reg[13]_rep__12/Q
                         net (fo=4, routed)           0.318    -0.023    student_top_inst/Core_cpu/cpu_core/id_ex_inst/inst_o_reg[13]_rep__12_n_0
    SLICE_X83Y95         LUT6 (Prop_lut6_I5_O)        0.028     0.005 r  student_top_inst/Core_cpu/cpu_core/id_ex_inst/data_o[5]_i_1__1/O
                         net (fo=1, routed)           0.000     0.005    student_top_inst/Core_cpu/cpu_core/ex_mem_inst/dff_mem_wd_data/ex_wd_data_o[5]
    SLICE_X83Y95         FDRE                                         r  student_top_inst/Core_cpu/cpu_core/ex_mem_inst/dff_mem_wd_data/data_o_reg[5]/D
  -------------------------------------------------------------------    -------------------

                         (clock clk_out2_pll rise edge)
                                                      0.000     0.000 r  
    AD12                                              0.000     0.000 r  i_sys_clk_p (IN)
                         net (fo=0)                   0.000     0.000    pll_inst/inst/clk_in1_p
    AD12                 IBUFDS (Prop_ibufds_I_O)     0.470     0.470 r  pll_inst/inst/clkin1_ibufgds/O
                         net (fo=1, routed)           0.554     1.024    pll_inst/inst/clk_in1_pll
    PLLE2_ADV_X1Y1       PLLE2_ADV (Prop_plle2_adv_CLKIN1_CLKOUT1)
                                                     -3.524    -2.500 r  pll_inst/inst/plle2_adv_inst/CLKOUT1
                         net (fo=1, routed)           1.027    -1.473    pll_inst/inst/clk_out2_pll
    BUFGCTRL_X0Y0        BUFG (Prop_bufg_I_O)         0.030    -1.443 r  pll_inst/inst/clkout2_buf/O
                         net (fo=2864, routed)        0.886    -0.557    student_top_inst/Core_cpu/cpu_core/ex_mem_inst/dff_mem_wd_data/clk_out2
    SLICE_X83Y95         FDRE                                         r  student_top_inst/Core_cpu/cpu_core/ex_mem_inst/dff_mem_wd_data/data_o_reg[5]/C
                         clock pessimism              0.383    -0.175    
    SLICE_X83Y95         FDRE (Hold_fdre_C_D)         0.060    -0.115    student_top_inst/Core_cpu/cpu_core/ex_mem_inst/dff_mem_wd_data/data_o_reg[5]
  -------------------------------------------------------------------
                         required time                          0.115    
                         arrival time                           0.005    
  -------------------------------------------------------------------
                         slack                                  0.120    

Slack (MET) :             0.120ns  (arrival time - required time)
  Source:                 student_top_inst/Core_cpu/cpu_core/id_ex_inst/inst_o_reg[13]_rep__12/C
                            (rising edge-triggered cell FDRE clocked by clk_out2_pll  {rise@0.000ns fall@2.258ns period=4.516ns})
  Destination:            student_top_inst/Core_cpu/cpu_core/ex_mem_inst/dff_mem_wd_data/data_o_reg[5]/D
                            (rising edge-triggered cell FDRE clocked by clk_out2_pll  {rise@0.000ns fall@2.258ns period=4.516ns})
  Path Group:             clk_out2_pll
  Path Type:              Hold (Min at Fast Process Corner)
  Requirement:            0.000ns  (clk_out2_pll rise@0.000ns - clk_out2_pll rise@0.000ns)
  Data Path Delay:        0.446ns  (logic 0.128ns (28.726%)  route 0.318ns (71.275%))
  Logic Levels:           1  (LUT6=1)
  Clock Path Skew:        0.266ns (DCD - SCD - CPR)
    Destination Clock Delay (DCD):    -0.557ns
    Source Clock Delay      (SCD):    -0.441ns
    Clock Pessimism Removal (CPR):    -0.383ns

    Location             Delay type                Incr(ns)  Path(ns)    Netlist Resource(s)
  -------------------------------------------------------------------    -------------------
                         (clock clk_out2_pll rise edge)
                                                      0.000     0.000 r  
    AD12                                              0.000     0.000 r  i_sys_clk_p (IN)
                         net (fo=0)                   0.000     0.000    pll_inst/inst/clk_in1_p
    AD12                 IBUFDS (Prop_ibufds_I_O)     0.388     0.388 r  pll_inst/inst/clkin1_ibufgds/O
                         net (fo=1, routed)           0.503     0.891    pll_inst/inst/clk_in1_pll
    PLLE2_ADV_X1Y1       PLLE2_ADV (Prop_plle2_adv_CLKIN1_CLKOUT1)
                                                     -2.908    -2.017 r  pll_inst/inst/plle2_adv_inst/CLKOUT1
                         net (fo=1, routed)           0.958    -1.059    pll_inst/inst/clk_out2_pll
    BUFGCTRL_X0Y0        BUFG (Prop_bufg_I_O)         0.026    -1.033 r  pll_inst/inst/clkout2_buf/O
                         net (fo=2864, routed)        0.592    -0.441    student_top_inst/Core_cpu/cpu_core/id_ex_inst/clk_out2
    SLICE_X73Y103        FDRE                                         r  student_top_inst/Core_cpu/cpu_core/id_ex_inst/inst_o_reg[13]_rep__12/C
  -------------------------------------------------------------------    -------------------
    SLICE_X73Y103        FDRE (Prop_fdre_C_Q)         0.100    -0.341 f  student_top_inst/Core_cpu/cpu_core/id_ex_inst/inst_o_reg[13]_rep__12/Q
                         net (fo=4, routed)           0.318    -0.023    student_top_inst/Core_cpu/cpu_core/id_ex_inst/inst_o_reg[13]_rep__12_n_0
    SLICE_X83Y95         LUT6 (Prop_lut6_I5_O)        0.028     0.005 r  student_top_inst/Core_cpu/cpu_core/id_ex_inst/data_o[5]_i_1__1/O
                         net (fo=1, routed)           0.000     0.005    student_top_inst/Core_cpu/cpu_core/ex_mem_inst/dff_mem_wd_data/ex_wd_data_o[5]
    SLICE_X83Y95         FDRE                                         r  student_top_inst/Core_cpu/cpu_core/ex_mem_inst/dff_mem_wd_data/data_o_reg[5]/D
  -------------------------------------------------------------------    -------------------

                         (clock clk_out2_pll rise edge)
                                                      0.000     0.000 r  
    AD12                                              0.000     0.000 r  i_sys_clk_p (IN)
                         net (fo=0)                   0.000     0.000    pll_inst/inst/clk_in1_p
    AD12                 IBUFDS (Prop_ibufds_I_O)     0.470     0.470 r  pll_inst/inst/clkin1_ibufgds/O
                         net (fo=1, routed)           0.554     1.024    pll_inst/inst/clk_in1_pll
    PLLE2_ADV_X1Y1       PLLE2_ADV (Prop_plle2_adv_CLKIN1_CLKOUT1)
                                                     -3.524    -2.500 r  pll_inst/inst/plle2_adv_inst/CLKOUT1
                         net (fo=1, routed)           1.027    -1.473    pll_inst/inst/clk_out2_pll
    BUFGCTRL_X0Y0        BUFG (Prop_bufg_I_O)         0.030    -1.443 r  pll_inst/inst/clkout2_buf/O
                         net (fo=2864, routed)        0.886    -0.557    student_top_inst/Core_cpu/cpu_core/ex_mem_inst/dff_mem_wd_data/clk_out2
    SLICE_X83Y95         FDRE                                         r  student_top_inst/Core_cpu/cpu_core/ex_mem_inst/dff_mem_wd_data/data_o_reg[5]/C
                         clock pessimism              0.383    -0.175    
    SLICE_X83Y95         FDRE (Hold_fdre_C_D)         0.060    -0.115    student_top_inst/Core_cpu/cpu_core/ex_mem_inst/dff_mem_wd_data/data_o_reg[5]
  -------------------------------------------------------------------
                         required time                          0.115    
                         arrival time                           0.005    
  -------------------------------------------------------------------
                         slack                                  0.120    

Slack (MET) :             0.120ns  (arrival time - required time)
  Source:                 student_top_inst/Core_cpu/cpu_core/id_ex_inst/inst_o_reg[13]_rep__12/C
                            (rising edge-triggered cell FDRE clocked by clk_out2_pll  {rise@0.000ns fall@2.258ns period=4.516ns})
  Destination:            student_top_inst/Core_cpu/cpu_core/ex_mem_inst/dff_mem_wd_data/data_o_reg[5]/D
                            (rising edge-triggered cell FDRE clocked by clk_out2_pll  {rise@0.000ns fall@2.258ns period=4.516ns})
  Path Group:             clk_out2_pll
  Path Type:              Hold (Min at Fast Process Corner)
  Requirement:            0.000ns  (clk_out2_pll rise@0.000ns - clk_out2_pll rise@0.000ns)
  Data Path Delay:        0.446ns  (logic 0.128ns (28.726%)  route 0.318ns (71.275%))
  Logic Levels:           1  (LUT6=1)
  Clock Path Skew:        0.266ns (DCD - SCD - CPR)
    Destination Clock Delay (DCD):    -0.557ns
    Source Clock Delay      (SCD):    -0.441ns
    Clock Pessimism Removal (CPR):    -0.383ns

    Location             Delay type                Incr(ns)  Path(ns)    Netlist Resource(s)
  -------------------------------------------------------------------    -------------------
                         (clock clk_out2_pll rise edge)
                                                      0.000     0.000 r  
    AD12                                              0.000     0.000 r  i_sys_clk_p (IN)
                         net (fo=0)                   0.000     0.000    pll_inst/inst/clk_in1_p
    AD12                 IBUFDS (Prop_ibufds_I_O)     0.388     0.388 r  pll_inst/inst/clkin1_ibufgds/O
                         net (fo=1, routed)           0.503     0.891    pll_inst/inst/clk_in1_pll
    PLLE2_ADV_X1Y1       PLLE2_ADV (Prop_plle2_adv_CLKIN1_CLKOUT1)
                                                     -2.908    -2.017 r  pll_inst/inst/plle2_adv_inst/CLKOUT1
                         net (fo=1, routed)           0.958    -1.059    pll_inst/inst/clk_out2_pll
    BUFGCTRL_X0Y0        BUFG (Prop_bufg_I_O)         0.026    -1.033 r  pll_inst/inst/clkout2_buf/O
                         net (fo=2864, routed)        0.592    -0.441    student_top_inst/Core_cpu/cpu_core/id_ex_inst/clk_out2
    SLICE_X73Y103        FDRE                                         r  student_top_inst/Core_cpu/cpu_core/id_ex_inst/inst_o_reg[13]_rep__12/C
  -------------------------------------------------------------------    -------------------
    SLICE_X73Y103        FDRE (Prop_fdre_C_Q)         0.100    -0.341 r  student_top_inst/Core_cpu/cpu_core/id_ex_inst/inst_o_reg[13]_rep__12/Q
                         net (fo=4, routed)           0.318    -0.023    student_top_inst/Core_cpu/cpu_core/id_ex_inst/inst_o_reg[13]_rep__12_n_0
    SLICE_X83Y95         LUT6 (Prop_lut6_I5_O)        0.028     0.005 f  student_top_inst/Core_cpu/cpu_core/id_ex_inst/data_o[5]_i_1__1/O
                         net (fo=1, routed)           0.000     0.005    student_top_inst/Core_cpu/cpu_core/ex_mem_inst/dff_mem_wd_data/ex_wd_data_o[5]
    SLICE_X83Y95         FDRE                                         f  student_top_inst/Core_cpu/cpu_core/ex_mem_inst/dff_mem_wd_data/data_o_reg[5]/D
  -------------------------------------------------------------------    -------------------

                         (clock clk_out2_pll rise edge)
                                                      0.000     0.000 r  
    AD12                                              0.000     0.000 r  i_sys_clk_p (IN)
                         net (fo=0)                   0.000     0.000    pll_inst/inst/clk_in1_p
    AD12                 IBUFDS (Prop_ibufds_I_O)     0.470     0.470 r  pll_inst/inst/clkin1_ibufgds/O
                         net (fo=1, routed)           0.554     1.024    pll_inst/inst/clk_in1_pll
    PLLE2_ADV_X1Y1       PLLE2_ADV (Prop_plle2_adv_CLKIN1_CLKOUT1)
                                                     -3.524    -2.500 r  pll_inst/inst/plle2_adv_inst/CLKOUT1
                         net (fo=1, routed)           1.027    -1.473    pll_inst/inst/clk_out2_pll
    BUFGCTRL_X0Y0        BUFG (Prop_bufg_I_O)         0.030    -1.443 r  pll_inst/inst/clkout2_buf/O
                         net (fo=2864, routed)        0.886    -0.557    student_top_inst/Core_cpu/cpu_core/ex_mem_inst/dff_mem_wd_data/clk_out2
    SLICE_X83Y95         FDRE                                         r  student_top_inst/Core_cpu/cpu_core/ex_mem_inst/dff_mem_wd_data/data_o_reg[5]/C
                         clock pessimism              0.383    -0.175    
    SLICE_X83Y95         FDRE (Hold_fdre_C_D)         0.060    -0.115    student_top_inst/Core_cpu/cpu_core/ex_mem_inst/dff_mem_wd_data/data_o_reg[5]
  -------------------------------------------------------------------
                         required time                          0.115    
                         arrival time                           0.005    
  -------------------------------------------------------------------
                         slack                                  0.120    

Slack (MET) :             0.120ns  (arrival time - required time)
  Source:                 student_top_inst/Core_cpu/cpu_core/id_ex_inst/inst_o_reg[13]_rep__12/C
                            (rising edge-triggered cell FDRE clocked by clk_out2_pll  {rise@0.000ns fall@2.258ns period=4.516ns})
  Destination:            student_top_inst/Core_cpu/cpu_core/ex_mem_inst/dff_mem_wd_data/data_o_reg[5]/D
                            (rising edge-triggered cell FDRE clocked by clk_out2_pll  {rise@0.000ns fall@2.258ns period=4.516ns})
  Path Group:             clk_out2_pll
  Path Type:              Hold (Min at Fast Process Corner)
  Requirement:            0.000ns  (clk_out2_pll rise@0.000ns - clk_out2_pll rise@0.000ns)
  Data Path Delay:        0.446ns  (logic 0.128ns (28.726%)  route 0.318ns (71.275%))
  Logic Levels:           1  (LUT6=1)
  Clock Path Skew:        0.266ns (DCD - SCD - CPR)
    Destination Clock Delay (DCD):    -0.557ns
    Source Clock Delay      (SCD):    -0.441ns
    Clock Pessimism Removal (CPR):    -0.383ns

    Location             Delay type                Incr(ns)  Path(ns)    Netlist Resource(s)
  -------------------------------------------------------------------    -------------------
                         (clock clk_out2_pll rise edge)
                                                      0.000     0.000 r  
    AD12                                              0.000     0.000 r  i_sys_clk_p (IN)
                         net (fo=0)                   0.000     0.000    pll_inst/inst/clk_in1_p
    AD12                 IBUFDS (Prop_ibufds_I_O)     0.388     0.388 r  pll_inst/inst/clkin1_ibufgds/O
                         net (fo=1, routed)           0.503     0.891    pll_inst/inst/clk_in1_pll
    PLLE2_ADV_X1Y1       PLLE2_ADV (Prop_plle2_adv_CLKIN1_CLKOUT1)
                                                     -2.908    -2.017 r  pll_inst/inst/plle2_adv_inst/CLKOUT1
                         net (fo=1, routed)           0.958    -1.059    pll_inst/inst/clk_out2_pll
    BUFGCTRL_X0Y0        BUFG (Prop_bufg_I_O)         0.026    -1.033 r  pll_inst/inst/clkout2_buf/O
                         net (fo=2864, routed)        0.592    -0.441    student_top_inst/Core_cpu/cpu_core/id_ex_inst/clk_out2
    SLICE_X73Y103        FDRE                                         r  student_top_inst/Core_cpu/cpu_core/id_ex_inst/inst_o_reg[13]_rep__12/C
  -------------------------------------------------------------------    -------------------
    SLICE_X73Y103        FDRE (Prop_fdre_C_Q)         0.100    -0.341 f  student_top_inst/Core_cpu/cpu_core/id_ex_inst/inst_o_reg[13]_rep__12/Q
                         net (fo=4, routed)           0.318    -0.023    student_top_inst/Core_cpu/cpu_core/id_ex_inst/inst_o_reg[13]_rep__12_n_0
    SLICE_X83Y95         LUT6 (Prop_lut6_I5_O)        0.028     0.005 f  student_top_inst/Core_cpu/cpu_core/id_ex_inst/data_o[5]_i_1__1/O
                         net (fo=1, routed)           0.000     0.005    student_top_inst/Core_cpu/cpu_core/ex_mem_inst/dff_mem_wd_data/ex_wd_data_o[5]
    SLICE_X83Y95         FDRE                                         f  student_top_inst/Core_cpu/cpu_core/ex_mem_inst/dff_mem_wd_data/data_o_reg[5]/D
  -------------------------------------------------------------------    -------------------

                         (clock clk_out2_pll rise edge)
                                                      0.000     0.000 r  
    AD12                                              0.000     0.000 r  i_sys_clk_p (IN)
                         net (fo=0)                   0.000     0.000    pll_inst/inst/clk_in1_p
    AD12                 IBUFDS (Prop_ibufds_I_O)     0.470     0.470 r  pll_inst/inst/clkin1_ibufgds/O
                         net (fo=1, routed)           0.554     1.024    pll_inst/inst/clk_in1_pll
    PLLE2_ADV_X1Y1       PLLE2_ADV (Prop_plle2_adv_CLKIN1_CLKOUT1)
                                                     -3.524    -2.500 r  pll_inst/inst/plle2_adv_inst/CLKOUT1
                         net (fo=1, routed)           1.027    -1.473    pll_inst/inst/clk_out2_pll
    BUFGCTRL_X0Y0        BUFG (Prop_bufg_I_O)         0.030    -1.443 r  pll_inst/inst/clkout2_buf/O
                         net (fo=2864, routed)        0.886    -0.557    student_top_inst/Core_cpu/cpu_core/ex_mem_inst/dff_mem_wd_data/clk_out2
    SLICE_X83Y95         FDRE                                         r  student_top_inst/Core_cpu/cpu_core/ex_mem_inst/dff_mem_wd_data/data_o_reg[5]/C
                         clock pessimism              0.383    -0.175    
    SLICE_X83Y95         FDRE (Hold_fdre_C_D)         0.060    -0.115    student_top_inst/Core_cpu/cpu_core/ex_mem_inst/dff_mem_wd_data/data_o_reg[5]
  -------------------------------------------------------------------
                         required time                          0.115    
                         arrival time                           0.005    
  -------------------------------------------------------------------
                         slack                                  0.120    

Slack (MET) :             0.125ns  (arrival time - required time)
  Source:                 student_top_inst/bridge_inst/led_sync_d1_reg[27]/C
                            (rising edge-triggered cell FDRE clocked by clk_out1_pll  {rise@0.000ns fall@10.000ns period=20.000ns})
  Destination:            student_top_inst/bridge_inst/led_sync_d2_reg[27]_lopt_replica/D
                            (rising edge-triggered cell FDRE clocked by clk_out1_pll  {rise@0.000ns fall@10.000ns period=20.000ns})
  Path Group:             clk_out1_pll
  Path Type:              Hold (Min at Fast Process Corner)
  Requirement:            0.000ns  (clk_out1_pll rise@0.000ns - clk_out1_pll rise@0.000ns)
  Data Path Delay:        0.211ns  (logic 0.100ns (47.489%)  route 0.111ns (52.511%))
  Logic Levels:           0  
  Clock Path Skew:        0.027ns (DCD - SCD - CPR)
    Destination Clock Delay (DCD):    -0.566ns
    Source Clock Delay      (SCD):    -0.391ns
    Clock Pessimism Removal (CPR):    -0.203ns

    Location             Delay type                Incr(ns)  Path(ns)    Netlist Resource(s)
  -------------------------------------------------------------------    -------------------
                         (clock clk_out1_pll rise edge)
                                                      0.000     0.000 r  
    AD12                                              0.000     0.000 r  i_sys_clk_p (IN)
                         net (fo=0)                   0.000     0.000    pll_inst/inst/clk_in1_p
    AD12                 IBUFDS (Prop_ibufds_I_O)     0.388     0.388 r  pll_inst/inst/clkin1_ibufgds/O
                         net (fo=1, routed)           0.503     0.891    pll_inst/inst/clk_in1_pll
    PLLE2_ADV_X1Y1       PLLE2_ADV (Prop_plle2_adv_CLKIN1_CLKOUT0)
                                                     -2.908    -2.017 r  pll_inst/inst/plle2_adv_inst/CLKOUT0
                         net (fo=1, routed)           0.958    -1.059    pll_inst/inst/clk_out1_pll
    BUFGCTRL_X0Y1        BUFG (Prop_bufg_I_O)         0.026    -1.033 r  pll_inst/inst/clkout1_buf/O
                         net (fo=546, routed)         0.642    -0.391    student_top_inst/bridge_inst/clk_out1
    SLICE_X88Y79         FDRE                                         r  student_top_inst/bridge_inst/led_sync_d1_reg[27]/C
  -------------------------------------------------------------------    -------------------
    SLICE_X88Y79         FDRE (Prop_fdre_C_Q)         0.100    -0.291 r  student_top_inst/bridge_inst/led_sync_d1_reg[27]/Q
                         net (fo=2, routed)           0.111    -0.180    student_top_inst/bridge_inst/led_sync_d1[27]
    SLICE_X86Y79         FDRE                                         r  student_top_inst/bridge_inst/led_sync_d2_reg[27]_lopt_replica/D
  -------------------------------------------------------------------    -------------------

                         (clock clk_out1_pll rise edge)
                                                      0.000     0.000 r  
    AD12                                              0.000     0.000 r  i_sys_clk_p (IN)
                         net (fo=0)                   0.000     0.000    pll_inst/inst/clk_in1_p
    AD12                 IBUFDS (Prop_ibufds_I_O)     0.470     0.470 r  pll_inst/inst/clkin1_ibufgds/O
                         net (fo=1, routed)           0.554     1.024    pll_inst/inst/clk_in1_pll
    PLLE2_ADV_X1Y1       PLLE2_ADV (Prop_plle2_adv_CLKIN1_CLKOUT0)
                                                     -3.524    -2.500 r  pll_inst/inst/plle2_adv_inst/CLKOUT0
                         net (fo=1, routed)           1.027    -1.473    pll_inst/inst/clk_out1_pll
    BUFGCTRL_X0Y1        BUFG (Prop_bufg_I_O)         0.030    -1.443 r  pll_inst/inst/clkout1_buf/O
                         net (fo=546, routed)         0.877    -0.566    student_top_inst/bridge_inst/clk_out1
    SLICE_X86Y79         FDRE                                         r  student_top_inst/bridge_inst/led_sync_d2_reg[27]_lopt_replica/C
                         clock pessimism              0.203    -0.364    
    SLICE_X86Y79         FDRE (Hold_fdre_C_D)         0.059    -0.305    student_top_inst/bridge_inst/led_sync_d2_reg[27]_lopt_replica
  -------------------------------------------------------------------
                         required time                          0.305    
                         arrival time                          -0.180    
  -------------------------------------------------------------------
                         slack                                  0.125    

Slack (MET) :             0.125ns  (arrival time - required time)
  Source:                 student_top_inst/bridge_inst/led_sync_d1_reg[27]/C
                            (rising edge-triggered cell FDRE clocked by clk_out1_pll  {rise@0.000ns fall@10.000ns period=20.000ns})
  Destination:            student_top_inst/bridge_inst/led_sync_d2_reg[27]_lopt_replica/D
                            (rising edge-triggered cell FDRE clocked by clk_out1_pll  {rise@0.000ns fall@10.000ns period=20.000ns})
  Path Group:             clk_out1_pll
  Path Type:              Hold (Min at Fast Process Corner)
  Requirement:            0.000ns  (clk_out1_pll rise@0.000ns - clk_out1_pll rise@0.000ns)
  Data Path Delay:        0.211ns  (logic 0.100ns (47.489%)  route 0.111ns (52.511%))
  Logic Levels:           0  
  Clock Path Skew:        0.027ns (DCD - SCD - CPR)
    Destination Clock Delay (DCD):    -0.566ns
    Source Clock Delay      (SCD):    -0.391ns
    Clock Pessimism Removal (CPR):    -0.203ns

    Location             Delay type                Incr(ns)  Path(ns)    Netlist Resource(s)
  -------------------------------------------------------------------    -------------------
                         (clock clk_out1_pll rise edge)
                                                      0.000     0.000 r  
    AD12                                              0.000     0.000 r  i_sys_clk_p (IN)
                         net (fo=0)                   0.000     0.000    pll_inst/inst/clk_in1_p
    AD12                 IBUFDS (Prop_ibufds_I_O)     0.388     0.388 r  pll_inst/inst/clkin1_ibufgds/O
                         net (fo=1, routed)           0.503     0.891    pll_inst/inst/clk_in1_pll
    PLLE2_ADV_X1Y1       PLLE2_ADV (Prop_plle2_adv_CLKIN1_CLKOUT0)
                                                     -2.908    -2.017 r  pll_inst/inst/plle2_adv_inst/CLKOUT0
                         net (fo=1, routed)           0.958    -1.059    pll_inst/inst/clk_out1_pll
    BUFGCTRL_X0Y1        BUFG (Prop_bufg_I_O)         0.026    -1.033 r  pll_inst/inst/clkout1_buf/O
                         net (fo=546, routed)         0.642    -0.391    student_top_inst/bridge_inst/clk_out1
    SLICE_X88Y79         FDRE                                         r  student_top_inst/bridge_inst/led_sync_d1_reg[27]/C
  -------------------------------------------------------------------    -------------------
    SLICE_X88Y79         FDRE (Prop_fdre_C_Q)         0.100    -0.291 f  student_top_inst/bridge_inst/led_sync_d1_reg[27]/Q
                         net (fo=2, routed)           0.111    -0.180    student_top_inst/bridge_inst/led_sync_d1[27]
    SLICE_X86Y79         FDRE                                         f  student_top_inst/bridge_inst/led_sync_d2_reg[27]_lopt_replica/D
  -------------------------------------------------------------------    -------------------

                         (clock clk_out1_pll rise edge)
                                                      0.000     0.000 r  
    AD12                                              0.000     0.000 r  i_sys_clk_p (IN)
                         net (fo=0)                   0.000     0.000    pll_inst/inst/clk_in1_p
    AD12                 IBUFDS (Prop_ibufds_I_O)     0.470     0.470 r  pll_inst/inst/clkin1_ibufgds/O
                         net (fo=1, routed)           0.554     1.024    pll_inst/inst/clk_in1_pll
    PLLE2_ADV_X1Y1       PLLE2_ADV (Prop_plle2_adv_CLKIN1_CLKOUT0)
                                                     -3.524    -2.500 r  pll_inst/inst/plle2_adv_inst/CLKOUT0
                         net (fo=1, routed)           1.027    -1.473    pll_inst/inst/clk_out1_pll
    BUFGCTRL_X0Y1        BUFG (Prop_bufg_I_O)         0.030    -1.443 r  pll_inst/inst/clkout1_buf/O
                         net (fo=546, routed)         0.877    -0.566    student_top_inst/bridge_inst/clk_out1
    SLICE_X86Y79         FDRE                                         r  student_top_inst/bridge_inst/led_sync_d2_reg[27]_lopt_replica/C
                         clock pessimism              0.203    -0.364    
    SLICE_X86Y79         FDRE (Hold_fdre_C_D)         0.059    -0.305    student_top_inst/bridge_inst/led_sync_d2_reg[27]_lopt_replica
  -------------------------------------------------------------------
                         required time                          0.305    
                         arrival time                          -0.180    
  -------------------------------------------------------------------
                         slack                                  0.125    

Slack (MET) :             0.125ns  (arrival time - required time)
  Source:                 student_top_inst/bridge_inst/led_sync_d1_reg[21]/C
                            (rising edge-triggered cell FDRE clocked by clk_out1_pll  {rise@0.000ns fall@10.000ns period=20.000ns})
  Destination:            student_top_inst/bridge_inst/led_sync_d2_reg[21]_lopt_replica/D
                            (rising edge-triggered cell FDRE clocked by clk_out1_pll  {rise@0.000ns fall@10.000ns period=20.000ns})
  Path Group:             clk_out1_pll
  Path Type:              Hold (Min at Fast Process Corner)
  Requirement:            0.000ns  (clk_out1_pll rise@0.000ns - clk_out1_pll rise@0.000ns)
  Data Path Delay:        0.211ns  (logic 0.100ns (47.471%)  route 0.111ns (52.529%))
  Logic Levels:           0  
  Clock Path Skew:        0.027ns (DCD - SCD - CPR)
    Destination Clock Delay (DCD):    -0.564ns
    Source Clock Delay      (SCD):    -0.389ns
    Clock Pessimism Removal (CPR):    -0.203ns

    Location             Delay type                Incr(ns)  Path(ns)    Netlist Resource(s)
  -------------------------------------------------------------------    -------------------
                         (clock clk_out1_pll rise edge)
                                                      0.000     0.000 r  
    AD12                                              0.000     0.000 r  i_sys_clk_p (IN)
                         net (fo=0)                   0.000     0.000    pll_inst/inst/clk_in1_p
    AD12                 IBUFDS (Prop_ibufds_I_O)     0.388     0.388 r  pll_inst/inst/clkin1_ibufgds/O
                         net (fo=1, routed)           0.503     0.891    pll_inst/inst/clk_in1_pll
    PLLE2_ADV_X1Y1       PLLE2_ADV (Prop_plle2_adv_CLKIN1_CLKOUT0)
                                                     -2.908    -2.017 r  pll_inst/inst/plle2_adv_inst/CLKOUT0
                         net (fo=1, routed)           0.958    -1.059    pll_inst/inst/clk_out1_pll
    BUFGCTRL_X0Y1        BUFG (Prop_bufg_I_O)         0.026    -1.033 r  pll_inst/inst/clkout1_buf/O
                         net (fo=546, routed)         0.644    -0.389    student_top_inst/bridge_inst/clk_out1
    SLICE_X92Y79         FDRE                                         r  student_top_inst/bridge_inst/led_sync_d1_reg[21]/C
  -------------------------------------------------------------------    -------------------
    SLICE_X92Y79         FDRE (Prop_fdre_C_Q)         0.100    -0.289 r  student_top_inst/bridge_inst/led_sync_d1_reg[21]/Q
                         net (fo=2, routed)           0.111    -0.178    student_top_inst/bridge_inst/led_sync_d1[21]
    SLICE_X90Y79         FDRE                                         r  student_top_inst/bridge_inst/led_sync_d2_reg[21]_lopt_replica/D
  -------------------------------------------------------------------    -------------------

                         (clock clk_out1_pll rise edge)
                                                      0.000     0.000 r  
    AD12                                              0.000     0.000 r  i_sys_clk_p (IN)
                         net (fo=0)                   0.000     0.000    pll_inst/inst/clk_in1_p
    AD12                 IBUFDS (Prop_ibufds_I_O)     0.470     0.470 r  pll_inst/inst/clkin1_ibufgds/O
                         net (fo=1, routed)           0.554     1.024    pll_inst/inst/clk_in1_pll
    PLLE2_ADV_X1Y1       PLLE2_ADV (Prop_plle2_adv_CLKIN1_CLKOUT0)
                                                     -3.524    -2.500 r  pll_inst/inst/plle2_adv_inst/CLKOUT0
                         net (fo=1, routed)           1.027    -1.473    pll_inst/inst/clk_out1_pll
    BUFGCTRL_X0Y1        BUFG (Prop_bufg_I_O)         0.030    -1.443 r  pll_inst/inst/clkout1_buf/O
                         net (fo=546, routed)         0.879    -0.564    student_top_inst/bridge_inst/clk_out1
    SLICE_X90Y79         FDRE                                         r  student_top_inst/bridge_inst/led_sync_d2_reg[21]_lopt_replica/C
                         clock pessimism              0.203    -0.362    
    SLICE_X90Y79         FDRE (Hold_fdre_C_D)         0.059    -0.303    student_top_inst/bridge_inst/led_sync_d2_reg[21]_lopt_replica
  -------------------------------------------------------------------
                         required time                          0.303    
                         arrival time                          -0.178    
  -------------------------------------------------------------------
                         slack                                  0.125    

Slack (MET) :             0.125ns  (arrival time - required time)
  Source:                 student_top_inst/bridge_inst/led_sync_d1_reg[21]/C
                            (rising edge-triggered cell FDRE clocked by clk_out1_pll  {rise@0.000ns fall@10.000ns period=20.000ns})
  Destination:            student_top_inst/bridge_inst/led_sync_d2_reg[21]_lopt_replica/D
                            (rising edge-triggered cell FDRE clocked by clk_out1_pll  {rise@0.000ns fall@10.000ns period=20.000ns})
  Path Group:             clk_out1_pll
  Path Type:              Hold (Min at Fast Process Corner)
  Requirement:            0.000ns  (clk_out1_pll rise@0.000ns - clk_out1_pll rise@0.000ns)
  Data Path Delay:        0.211ns  (logic 0.100ns (47.471%)  route 0.111ns (52.529%))
  Logic Levels:           0  
  Clock Path Skew:        0.027ns (DCD - SCD - CPR)
    Destination Clock Delay (DCD):    -0.564ns
    Source Clock Delay      (SCD):    -0.389ns
    Clock Pessimism Removal (CPR):    -0.203ns

    Location             Delay type                Incr(ns)  Path(ns)    Netlist Resource(s)
  -------------------------------------------------------------------    -------------------
                         (clock clk_out1_pll rise edge)
                                                      0.000     0.000 r  
    AD12                                              0.000     0.000 r  i_sys_clk_p (IN)
                         net (fo=0)                   0.000     0.000    pll_inst/inst/clk_in1_p
    AD12                 IBUFDS (Prop_ibufds_I_O)     0.388     0.388 r  pll_inst/inst/clkin1_ibufgds/O
                         net (fo=1, routed)           0.503     0.891    pll_inst/inst/clk_in1_pll
    PLLE2_ADV_X1Y1       PLLE2_ADV (Prop_plle2_adv_CLKIN1_CLKOUT0)
                                                     -2.908    -2.017 r  pll_inst/inst/plle2_adv_inst/CLKOUT0
                         net (fo=1, routed)           0.958    -1.059    pll_inst/inst/clk_out1_pll
    BUFGCTRL_X0Y1        BUFG (Prop_bufg_I_O)         0.026    -1.033 r  pll_inst/inst/clkout1_buf/O
                         net (fo=546, routed)         0.644    -0.389    student_top_inst/bridge_inst/clk_out1
    SLICE_X92Y79         FDRE                                         r  student_top_inst/bridge_inst/led_sync_d1_reg[21]/C
  -------------------------------------------------------------------    -------------------
    SLICE_X92Y79         FDRE (Prop_fdre_C_Q)         0.100    -0.289 f  student_top_inst/bridge_inst/led_sync_d1_reg[21]/Q
                         net (fo=2, routed)           0.111    -0.178    student_top_inst/bridge_inst/led_sync_d1[21]
    SLICE_X90Y79         FDRE                                         f  student_top_inst/bridge_inst/led_sync_d2_reg[21]_lopt_replica/D
  -------------------------------------------------------------------    -------------------

                         (clock clk_out1_pll rise edge)
                                                      0.000     0.000 r  
    AD12                                              0.000     0.000 r  i_sys_clk_p (IN)
                         net (fo=0)                   0.000     0.000    pll_inst/inst/clk_in1_p
    AD12                 IBUFDS (Prop_ibufds_I_O)     0.470     0.470 r  pll_inst/inst/clkin1_ibufgds/O
                         net (fo=1, routed)           0.554     1.024    pll_inst/inst/clk_in1_pll
    PLLE2_ADV_X1Y1       PLLE2_ADV (Prop_plle2_adv_CLKIN1_CLKOUT0)
                                                     -3.524    -2.500 r  pll_inst/inst/plle2_adv_inst/CLKOUT0
                         net (fo=1, routed)           1.027    -1.473    pll_inst/inst/clk_out1_pll
    BUFGCTRL_X0Y1        BUFG (Prop_bufg_I_O)         0.030    -1.443 r  pll_inst/inst/clkout1_buf/O
                         net (fo=546, routed)         0.879    -0.564    student_top_inst/bridge_inst/clk_out1
    SLICE_X90Y79         FDRE                                         r  student_top_inst/bridge_inst/led_sync_d2_reg[21]_lopt_replica/C
                         clock pessimism              0.203    -0.362    
    SLICE_X90Y79         FDRE (Hold_fdre_C_D)         0.059    -0.303    student_top_inst/bridge_inst/led_sync_d2_reg[21]_lopt_replica
  -------------------------------------------------------------------
                         required time                          0.303    
                         arrival time                          -0.178    
  -------------------------------------------------------------------
                         slack                                  0.125    

Slack (MET) :             0.127ns  (arrival time - required time)
  Source:                 student_top_inst/bridge_inst/led_sync_d1_reg[20]/C
                            (rising edge-triggered cell FDRE clocked by clk_out1_pll  {rise@0.000ns fall@10.000ns period=20.000ns})
  Destination:            student_top_inst/bridge_inst/led_sync_d2_reg[20]_lopt_replica/D
                            (rising edge-triggered cell FDRE clocked by clk_out1_pll  {rise@0.000ns fall@10.000ns period=20.000ns})
  Path Group:             clk_out1_pll
  Path Type:              Hold (Min at Fast Process Corner)
  Requirement:            0.000ns  (clk_out1_pll rise@0.000ns - clk_out1_pll rise@0.000ns)
  Data Path Delay:        0.213ns  (logic 0.100ns (46.996%)  route 0.113ns (53.004%))
  Logic Levels:           0  
  Clock Path Skew:        0.027ns (DCD - SCD - CPR)
    Destination Clock Delay (DCD):    -0.564ns
    Source Clock Delay      (SCD):    -0.389ns
    Clock Pessimism Removal (CPR):    -0.203ns

    Location             Delay type                Incr(ns)  Path(ns)    Netlist Resource(s)
  -------------------------------------------------------------------    -------------------
                         (clock clk_out1_pll rise edge)
                                                      0.000     0.000 r  
    AD12                                              0.000     0.000 r  i_sys_clk_p (IN)
                         net (fo=0)                   0.000     0.000    pll_inst/inst/clk_in1_p
    AD12                 IBUFDS (Prop_ibufds_I_O)     0.388     0.388 r  pll_inst/inst/clkin1_ibufgds/O
                         net (fo=1, routed)           0.503     0.891    pll_inst/inst/clk_in1_pll
    PLLE2_ADV_X1Y1       PLLE2_ADV (Prop_plle2_adv_CLKIN1_CLKOUT0)
                                                     -2.908    -2.017 r  pll_inst/inst/plle2_adv_inst/CLKOUT0
                         net (fo=1, routed)           0.958    -1.059    pll_inst/inst/clk_out1_pll
    BUFGCTRL_X0Y1        BUFG (Prop_bufg_I_O)         0.026    -1.033 r  pll_inst/inst/clkout1_buf/O
                         net (fo=546, routed)         0.644    -0.389    student_top_inst/bridge_inst/clk_out1
    SLICE_X92Y79         FDRE                                         r  student_top_inst/bridge_inst/led_sync_d1_reg[20]/C
  -------------------------------------------------------------------    -------------------
    SLICE_X92Y79         FDRE (Prop_fdre_C_Q)         0.100    -0.289 r  student_top_inst/bridge_inst/led_sync_d1_reg[20]/Q
                         net (fo=2, routed)           0.113    -0.176    student_top_inst/bridge_inst/led_sync_d1[20]
    SLICE_X90Y79         FDRE                                         r  student_top_inst/bridge_inst/led_sync_d2_reg[20]_lopt_replica/D
  -------------------------------------------------------------------    -------------------

                         (clock clk_out1_pll rise edge)
                                                      0.000     0.000 r  
    AD12                                              0.000     0.000 r  i_sys_clk_p (IN)
                         net (fo=0)                   0.000     0.000    pll_inst/inst/clk_in1_p
    AD12                 IBUFDS (Prop_ibufds_I_O)     0.470     0.470 r  pll_inst/inst/clkin1_ibufgds/O
                         net (fo=1, routed)           0.554     1.024    pll_inst/inst/clk_in1_pll
    PLLE2_ADV_X1Y1       PLLE2_ADV (Prop_plle2_adv_CLKIN1_CLKOUT0)
                                                     -3.524    -2.500 r  pll_inst/inst/plle2_adv_inst/CLKOUT0
                         net (fo=1, routed)           1.027    -1.473    pll_inst/inst/clk_out1_pll
    BUFGCTRL_X0Y1        BUFG (Prop_bufg_I_O)         0.030    -1.443 r  pll_inst/inst/clkout1_buf/O
                         net (fo=546, routed)         0.879    -0.564    student_top_inst/bridge_inst/clk_out1
    SLICE_X90Y79         FDRE                                         r  student_top_inst/bridge_inst/led_sync_d2_reg[20]_lopt_replica/C
                         clock pessimism              0.203    -0.362    
    SLICE_X90Y79         FDRE (Hold_fdre_C_D)         0.059    -0.303    student_top_inst/bridge_inst/led_sync_d2_reg[20]_lopt_replica
  -------------------------------------------------------------------
                         required time                          0.303    
                         arrival time                          -0.176    
  -------------------------------------------------------------------
                         slack                                  0.127    

Slack (MET) :             0.127ns  (arrival time - required time)
  Source:                 student_top_inst/bridge_inst/led_sync_d1_reg[20]/C
                            (rising edge-triggered cell FDRE clocked by clk_out1_pll  {rise@0.000ns fall@10.000ns period=20.000ns})
  Destination:            student_top_inst/bridge_inst/led_sync_d2_reg[20]_lopt_replica/D
                            (rising edge-triggered cell FDRE clocked by clk_out1_pll  {rise@0.000ns fall@10.000ns period=20.000ns})
  Path Group:             clk_out1_pll
  Path Type:              Hold (Min at Fast Process Corner)
  Requirement:            0.000ns  (clk_out1_pll rise@0.000ns - clk_out1_pll rise@0.000ns)
  Data Path Delay:        0.213ns  (logic 0.100ns (46.996%)  route 0.113ns (53.004%))
  Logic Levels:           0  
  Clock Path Skew:        0.027ns (DCD - SCD - CPR)
    Destination Clock Delay (DCD):    -0.564ns
    Source Clock Delay      (SCD):    -0.389ns
    Clock Pessimism Removal (CPR):    -0.203ns

    Location             Delay type                Incr(ns)  Path(ns)    Netlist Resource(s)
  -------------------------------------------------------------------    -------------------
                         (clock clk_out1_pll rise edge)
                                                      0.000     0.000 r  
    AD12                                              0.000     0.000 r  i_sys_clk_p (IN)
                         net (fo=0)                   0.000     0.000    pll_inst/inst/clk_in1_p
    AD12                 IBUFDS (Prop_ibufds_I_O)     0.388     0.388 r  pll_inst/inst/clkin1_ibufgds/O
                         net (fo=1, routed)           0.503     0.891    pll_inst/inst/clk_in1_pll
    PLLE2_ADV_X1Y1       PLLE2_ADV (Prop_plle2_adv_CLKIN1_CLKOUT0)
                                                     -2.908    -2.017 r  pll_inst/inst/plle2_adv_inst/CLKOUT0
                         net (fo=1, routed)           0.958    -1.059    pll_inst/inst/clk_out1_pll
    BUFGCTRL_X0Y1        BUFG (Prop_bufg_I_O)         0.026    -1.033 r  pll_inst/inst/clkout1_buf/O
                         net (fo=546, routed)         0.644    -0.389    student_top_inst/bridge_inst/clk_out1
    SLICE_X92Y79         FDRE                                         r  student_top_inst/bridge_inst/led_sync_d1_reg[20]/C
  -------------------------------------------------------------------    -------------------
    SLICE_X92Y79         FDRE (Prop_fdre_C_Q)         0.100    -0.289 f  student_top_inst/bridge_inst/led_sync_d1_reg[20]/Q
                         net (fo=2, routed)           0.113    -0.176    student_top_inst/bridge_inst/led_sync_d1[20]
    SLICE_X90Y79         FDRE                                         f  student_top_inst/bridge_inst/led_sync_d2_reg[20]_lopt_replica/D
  -------------------------------------------------------------------    -------------------

                         (clock clk_out1_pll rise edge)
                                                      0.000     0.000 r  
    AD12                                              0.000     0.000 r  i_sys_clk_p (IN)
                         net (fo=0)                   0.000     0.000    pll_inst/inst/clk_in1_p
    AD12                 IBUFDS (Prop_ibufds_I_O)     0.470     0.470 r  pll_inst/inst/clkin1_ibufgds/O
                         net (fo=1, routed)           0.554     1.024    pll_inst/inst/clk_in1_pll
    PLLE2_ADV_X1Y1       PLLE2_ADV (Prop_plle2_adv_CLKIN1_CLKOUT0)
                                                     -3.524    -2.500 r  pll_inst/inst/plle2_adv_inst/CLKOUT0
                         net (fo=1, routed)           1.027    -1.473    pll_inst/inst/clk_out1_pll
    BUFGCTRL_X0Y1        BUFG (Prop_bufg_I_O)         0.030    -1.443 r  pll_inst/inst/clkout1_buf/O
                         net (fo=546, routed)         0.879    -0.564    student_top_inst/bridge_inst/clk_out1
    SLICE_X90Y79         FDRE                                         r  student_top_inst/bridge_inst/led_sync_d2_reg[20]_lopt_replica/C
                         clock pessimism              0.203    -0.362    
    SLICE_X90Y79         FDRE (Hold_fdre_C_D)         0.059    -0.303    student_top_inst/bridge_inst/led_sync_d2_reg[20]_lopt_replica
  -------------------------------------------------------------------
                         required time                          0.303    
                         arrival time                          -0.176    
  -------------------------------------------------------------------
                         slack                                  0.127    

Slack (MET) :             0.135ns  (arrival time - required time)
  Source:                 student_top_inst/bridge_inst/seg_sync_d2_reg[26]/C
                            (rising edge-triggered cell FDRE clocked by clk_out1_pll  {rise@0.000ns fall@10.000ns period=20.000ns})
  Destination:            twin_controller_inst/status_buffer_reg[3][2]/D
                            (rising edge-triggered cell FDCE clocked by clk_out1_pll  {rise@0.000ns fall@10.000ns period=20.000ns})
  Path Group:             clk_out1_pll
  Path Type:              Hold (Min at Fast Process Corner)
  Requirement:            0.000ns  (clk_out1_pll rise@0.000ns - clk_out1_pll rise@0.000ns)
  Data Path Delay:        0.202ns  (logic 0.100ns (49.388%)  route 0.102ns (50.612%))
  Logic Levels:           0  
  Clock Path Skew:        0.027ns (DCD - SCD - CPR)
    Destination Clock Delay (DCD):    -0.564ns
    Source Clock Delay      (SCD):    -0.389ns
    Clock Pessimism Removal (CPR):    -0.203ns

    Location             Delay type                Incr(ns)  Path(ns)    Netlist Resource(s)
  -------------------------------------------------------------------    -------------------
                         (clock clk_out1_pll rise edge)
                                                      0.000     0.000 r  
    AD12                                              0.000     0.000 r  i_sys_clk_p (IN)
                         net (fo=0)                   0.000     0.000    pll_inst/inst/clk_in1_p
    AD12                 IBUFDS (Prop_ibufds_I_O)     0.388     0.388 r  pll_inst/inst/clkin1_ibufgds/O
                         net (fo=1, routed)           0.503     0.891    pll_inst/inst/clk_in1_pll
    PLLE2_ADV_X1Y1       PLLE2_ADV (Prop_plle2_adv_CLKIN1_CLKOUT0)
                                                     -2.908    -2.017 r  pll_inst/inst/plle2_adv_inst/CLKOUT0
                         net (fo=1, routed)           0.958    -1.059    pll_inst/inst/clk_out1_pll
    BUFGCTRL_X0Y1        BUFG (Prop_bufg_I_O)         0.026    -1.033 r  pll_inst/inst/clkout1_buf/O
                         net (fo=546, routed)         0.644    -0.389    student_top_inst/bridge_inst/clk_out1
    SLICE_X91Y81         FDRE                                         r  student_top_inst/bridge_inst/seg_sync_d2_reg[26]/C
  -------------------------------------------------------------------    -------------------
    SLICE_X91Y81         FDRE (Prop_fdre_C_Q)         0.100    -0.289 r  student_top_inst/bridge_inst/seg_sync_d2_reg[26]/Q
                         net (fo=1, routed)           0.102    -0.186    twin_controller_inst/Q[20]
    SLICE_X86Y81         FDCE                                         r  twin_controller_inst/status_buffer_reg[3][2]/D
  -------------------------------------------------------------------    -------------------

                         (clock clk_out1_pll rise edge)
                                                      0.000     0.000 r  
    AD12                                              0.000     0.000 r  i_sys_clk_p (IN)
                         net (fo=0)                   0.000     0.000    pll_inst/inst/clk_in1_p
    AD12                 IBUFDS (Prop_ibufds_I_O)     0.470     0.470 r  pll_inst/inst/clkin1_ibufgds/O
                         net (fo=1, routed)           0.554     1.024    pll_inst/inst/clk_in1_pll
    PLLE2_ADV_X1Y1       PLLE2_ADV (Prop_plle2_adv_CLKIN1_CLKOUT0)
                                                     -3.524    -2.500 r  pll_inst/inst/plle2_adv_inst/CLKOUT0
                         net (fo=1, routed)           1.027    -1.473    pll_inst/inst/clk_out1_pll
    BUFGCTRL_X0Y1        BUFG (Prop_bufg_I_O)         0.030    -1.443 r  pll_inst/inst/clkout1_buf/O
                         net (fo=546, routed)         0.879    -0.564    twin_controller_inst/CLK
    SLICE_X86Y81         FDCE                                         r  twin_controller_inst/status_buffer_reg[3][2]/C
                         clock pessimism              0.203    -0.362    
    SLICE_X86Y81         FDCE (Hold_fdce_C_D)         0.040    -0.322    twin_controller_inst/status_buffer_reg[3][2]
  -------------------------------------------------------------------
                         required time                          0.322    
                         arrival time                          -0.186    
  -------------------------------------------------------------------
                         slack                                  0.135    

Slack (MET) :             0.135ns  (arrival time - required time)
  Source:                 student_top_inst/bridge_inst/seg_sync_d2_reg[26]/C
                            (rising edge-triggered cell FDRE clocked by clk_out1_pll  {rise@0.000ns fall@10.000ns period=20.000ns})
  Destination:            twin_controller_inst/status_buffer_reg[3][2]/D
                            (rising edge-triggered cell FDCE clocked by clk_out1_pll  {rise@0.000ns fall@10.000ns period=20.000ns})
  Path Group:             clk_out1_pll
  Path Type:              Hold (Min at Fast Process Corner)
  Requirement:            0.000ns  (clk_out1_pll rise@0.000ns - clk_out1_pll rise@0.000ns)
  Data Path Delay:        0.202ns  (logic 0.100ns (49.388%)  route 0.102ns (50.612%))
  Logic Levels:           0  
  Clock Path Skew:        0.027ns (DCD - SCD - CPR)
    Destination Clock Delay (DCD):    -0.564ns
    Source Clock Delay      (SCD):    -0.389ns
    Clock Pessimism Removal (CPR):    -0.203ns

    Location             Delay type                Incr(ns)  Path(ns)    Netlist Resource(s)
  -------------------------------------------------------------------    -------------------
                         (clock clk_out1_pll rise edge)
                                                      0.000     0.000 r  
    AD12                                              0.000     0.000 r  i_sys_clk_p (IN)
                         net (fo=0)                   0.000     0.000    pll_inst/inst/clk_in1_p
    AD12                 IBUFDS (Prop_ibufds_I_O)     0.388     0.388 r  pll_inst/inst/clkin1_ibufgds/O
                         net (fo=1, routed)           0.503     0.891    pll_inst/inst/clk_in1_pll
    PLLE2_ADV_X1Y1       PLLE2_ADV (Prop_plle2_adv_CLKIN1_CLKOUT0)
                                                     -2.908    -2.017 r  pll_inst/inst/plle2_adv_inst/CLKOUT0
                         net (fo=1, routed)           0.958    -1.059    pll_inst/inst/clk_out1_pll
    BUFGCTRL_X0Y1        BUFG (Prop_bufg_I_O)         0.026    -1.033 r  pll_inst/inst/clkout1_buf/O
                         net (fo=546, routed)         0.644    -0.389    student_top_inst/bridge_inst/clk_out1
    SLICE_X91Y81         FDRE                                         r  student_top_inst/bridge_inst/seg_sync_d2_reg[26]/C
  -------------------------------------------------------------------    -------------------
    SLICE_X91Y81         FDRE (Prop_fdre_C_Q)         0.100    -0.289 f  student_top_inst/bridge_inst/seg_sync_d2_reg[26]/Q
                         net (fo=1, routed)           0.102    -0.186    twin_controller_inst/Q[20]
    SLICE_X86Y81         FDCE                                         f  twin_controller_inst/status_buffer_reg[3][2]/D
  -------------------------------------------------------------------    -------------------

                         (clock clk_out1_pll rise edge)
                                                      0.000     0.000 r  
    AD12                                              0.000     0.000 r  i_sys_clk_p (IN)
                         net (fo=0)                   0.000     0.000    pll_inst/inst/clk_in1_p
    AD12                 IBUFDS (Prop_ibufds_I_O)     0.470     0.470 r  pll_inst/inst/clkin1_ibufgds/O
                         net (fo=1, routed)           0.554     1.024    pll_inst/inst/clk_in1_pll
    PLLE2_ADV_X1Y1       PLLE2_ADV (Prop_plle2_adv_CLKIN1_CLKOUT0)
                                                     -3.524    -2.500 r  pll_inst/inst/plle2_adv_inst/CLKOUT0
                         net (fo=1, routed)           1.027    -1.473    pll_inst/inst/clk_out1_pll
    BUFGCTRL_X0Y1        BUFG (Prop_bufg_I_O)         0.030    -1.443 r  pll_inst/inst/clkout1_buf/O
                         net (fo=546, routed)         0.879    -0.564    twin_controller_inst/CLK
    SLICE_X86Y81         FDCE                                         r  twin_controller_inst/status_buffer_reg[3][2]/C
                         clock pessimism              0.203    -0.362    
    SLICE_X86Y81         FDCE (Hold_fdce_C_D)         0.040    -0.322    twin_controller_inst/status_buffer_reg[3][2]
  -------------------------------------------------------------------
                         required time                          0.322    
                         arrival time                          -0.186    
  -------------------------------------------------------------------
                         slack                                  0.135    

Slack (MET) :             0.136ns  (arrival time - required time)
  Source:                 student_top_inst/bridge_inst/led_sync_d1_reg[26]/C
                            (rising edge-triggered cell FDRE clocked by clk_out1_pll  {rise@0.000ns fall@10.000ns period=20.000ns})
  Destination:            student_top_inst/bridge_inst/led_sync_d2_reg[26]/D
                            (rising edge-triggered cell FDRE clocked by clk_out1_pll  {rise@0.000ns fall@10.000ns period=20.000ns})
  Path Group:             clk_out1_pll
  Path Type:              Hold (Min at Fast Process Corner)
  Requirement:            0.000ns  (clk_out1_pll rise@0.000ns - clk_out1_pll rise@0.000ns)
  Data Path Delay:        0.211ns  (logic 0.100ns (47.335%)  route 0.111ns (52.665%))
  Logic Levels:           0  
  Clock Path Skew:        0.031ns (DCD - SCD - CPR)
    Destination Clock Delay (DCD):    -0.562ns
    Source Clock Delay      (SCD):    -0.391ns
    Clock Pessimism Removal (CPR):    -0.203ns

    Location             Delay type                Incr(ns)  Path(ns)    Netlist Resource(s)
  -------------------------------------------------------------------    -------------------
                         (clock clk_out1_pll rise edge)
                                                      0.000     0.000 r  
    AD12                                              0.000     0.000 r  i_sys_clk_p (IN)
                         net (fo=0)                   0.000     0.000    pll_inst/inst/clk_in1_p
    AD12                 IBUFDS (Prop_ibufds_I_O)     0.388     0.388 r  pll_inst/inst/clkin1_ibufgds/O
                         net (fo=1, routed)           0.503     0.891    pll_inst/inst/clk_in1_pll
    PLLE2_ADV_X1Y1       PLLE2_ADV (Prop_plle2_adv_CLKIN1_CLKOUT0)
                                                     -2.908    -2.017 r  pll_inst/inst/plle2_adv_inst/CLKOUT0
                         net (fo=1, routed)           0.958    -1.059    pll_inst/inst/clk_out1_pll
    BUFGCTRL_X0Y1        BUFG (Prop_bufg_I_O)         0.026    -1.033 r  pll_inst/inst/clkout1_buf/O
                         net (fo=546, routed)         0.642    -0.391    student_top_inst/bridge_inst/clk_out1
    SLICE_X88Y79         FDRE                                         r  student_top_inst/bridge_inst/led_sync_d1_reg[26]/C
  -------------------------------------------------------------------    -------------------
    SLICE_X88Y79         FDRE (Prop_fdre_C_Q)         0.100    -0.291 r  student_top_inst/bridge_inst/led_sync_d1_reg[26]/Q
                         net (fo=2, routed)           0.111    -0.179    student_top_inst/bridge_inst/led_sync_d1[26]
    SLICE_X93Y79         FDRE                                         r  student_top_inst/bridge_inst/led_sync_d2_reg[26]/D
  -------------------------------------------------------------------    -------------------

                         (clock clk_out1_pll rise edge)
                                                      0.000     0.000 r  
    AD12                                              0.000     0.000 r  i_sys_clk_p (IN)
                         net (fo=0)                   0.000     0.000    pll_inst/inst/clk_in1_p
    AD12                 IBUFDS (Prop_ibufds_I_O)     0.470     0.470 r  pll_inst/inst/clkin1_ibufgds/O
                         net (fo=1, routed)           0.554     1.024    pll_inst/inst/clk_in1_pll
    PLLE2_ADV_X1Y1       PLLE2_ADV (Prop_plle2_adv_CLKIN1_CLKOUT0)
                                                     -3.524    -2.500 r  pll_inst/inst/plle2_adv_inst/CLKOUT0
                         net (fo=1, routed)           1.027    -1.473    pll_inst/inst/clk_out1_pll
    BUFGCTRL_X0Y1        BUFG (Prop_bufg_I_O)         0.030    -1.443 r  pll_inst/inst/clkout1_buf/O
                         net (fo=546, routed)         0.881    -0.562    student_top_inst/bridge_inst/clk_out1
    SLICE_X93Y79         FDRE                                         r  student_top_inst/bridge_inst/led_sync_d2_reg[26]/C
                         clock pessimism              0.203    -0.360    
    SLICE_X93Y79         FDRE (Hold_fdre_C_D)         0.044    -0.316    student_top_inst/bridge_inst/led_sync_d2_reg[26]
  -------------------------------------------------------------------
                         required time                          0.316    
                         arrival time                          -0.179    
  -------------------------------------------------------------------
                         slack                                  0.136    

Slack (MET) :             0.136ns  (arrival time - required time)
  Source:                 student_top_inst/bridge_inst/led_sync_d1_reg[26]/C
                            (rising edge-triggered cell FDRE clocked by clk_out1_pll  {rise@0.000ns fall@10.000ns period=20.000ns})
  Destination:            student_top_inst/bridge_inst/led_sync_d2_reg[26]/D
                            (rising edge-triggered cell FDRE clocked by clk_out1_pll  {rise@0.000ns fall@10.000ns period=20.000ns})
  Path Group:             clk_out1_pll
  Path Type:              Hold (Min at Fast Process Corner)
  Requirement:            0.000ns  (clk_out1_pll rise@0.000ns - clk_out1_pll rise@0.000ns)
  Data Path Delay:        0.211ns  (logic 0.100ns (47.335%)  route 0.111ns (52.665%))
  Logic Levels:           0  
  Clock Path Skew:        0.031ns (DCD - SCD - CPR)
    Destination Clock Delay (DCD):    -0.562ns
    Source Clock Delay      (SCD):    -0.391ns
    Clock Pessimism Removal (CPR):    -0.203ns

    Location             Delay type                Incr(ns)  Path(ns)    Netlist Resource(s)
  -------------------------------------------------------------------    -------------------
                         (clock clk_out1_pll rise edge)
                                                      0.000     0.000 r  
    AD12                                              0.000     0.000 r  i_sys_clk_p (IN)
                         net (fo=0)                   0.000     0.000    pll_inst/inst/clk_in1_p
    AD12                 IBUFDS (Prop_ibufds_I_O)     0.388     0.388 r  pll_inst/inst/clkin1_ibufgds/O
                         net (fo=1, routed)           0.503     0.891    pll_inst/inst/clk_in1_pll
    PLLE2_ADV_X1Y1       PLLE2_ADV (Prop_plle2_adv_CLKIN1_CLKOUT0)
                                                     -2.908    -2.017 r  pll_inst/inst/plle2_adv_inst/CLKOUT0
                         net (fo=1, routed)           0.958    -1.059    pll_inst/inst/clk_out1_pll
    BUFGCTRL_X0Y1        BUFG (Prop_bufg_I_O)         0.026    -1.033 r  pll_inst/inst/clkout1_buf/O
                         net (fo=546, routed)         0.642    -0.391    student_top_inst/bridge_inst/clk_out1
    SLICE_X88Y79         FDRE                                         r  student_top_inst/bridge_inst/led_sync_d1_reg[26]/C
  -------------------------------------------------------------------    -------------------
    SLICE_X88Y79         FDRE (Prop_fdre_C_Q)         0.100    -0.291 f  student_top_inst/bridge_inst/led_sync_d1_reg[26]/Q
                         net (fo=2, routed)           0.111    -0.179    student_top_inst/bridge_inst/led_sync_d1[26]
    SLICE_X93Y79         FDRE                                         f  student_top_inst/bridge_inst/led_sync_d2_reg[26]/D
  -------------------------------------------------------------------    -------------------

                         (clock clk_out1_pll rise edge)
                                                      0.000     0.000 r  
    AD12                                              0.000     0.000 r  i_sys_clk_p (IN)
                         net (fo=0)                   0.000     0.000    pll_inst/inst/clk_in1_p
    AD12                 IBUFDS (Prop_ibufds_I_O)     0.470     0.470 r  pll_inst/inst/clkin1_ibufgds/O
                         net (fo=1, routed)           0.554     1.024    pll_inst/inst/clk_in1_pll
    PLLE2_ADV_X1Y1       PLLE2_ADV (Prop_plle2_adv_CLKIN1_CLKOUT0)
                                                     -3.524    -2.500 r  pll_inst/inst/plle2_adv_inst/CLKOUT0
                         net (fo=1, routed)           1.027    -1.473    pll_inst/inst/clk_out1_pll
    BUFGCTRL_X0Y1        BUFG (Prop_bufg_I_O)         0.030    -1.443 r  pll_inst/inst/clkout1_buf/O
                         net (fo=546, routed)         0.881    -0.562    student_top_inst/bridge_inst/clk_out1
    SLICE_X93Y79         FDRE                                         r  student_top_inst/bridge_inst/led_sync_d2_reg[26]/C
                         clock pessimism              0.203    -0.360    
    SLICE_X93Y79         FDRE (Hold_fdre_C_D)         0.044    -0.316    student_top_inst/bridge_inst/led_sync_d2_reg[26]
  -------------------------------------------------------------------
                         required time                          0.316    
                         arrival time                          -0.179    
  -------------------------------------------------------------------
                         slack                                  0.136    

Slack (MET) :             0.137ns  (arrival time - required time)
  Source:                 twin_controller_inst/status_buffer_reg[16][4]/C
                            (rising edge-triggered cell FDCE clocked by clk_out1_pll  {rise@0.000ns fall@10.000ns period=20.000ns})
  Destination:            twin_controller_inst/tx_data_reg[4]/D
                            (rising edge-triggered cell FDCE clocked by clk_out1_pll  {rise@0.000ns fall@10.000ns period=20.000ns})
  Path Group:             clk_out1_pll
  Path Type:              Hold (Min at Fast Process Corner)
  Requirement:            0.000ns  (clk_out1_pll rise@0.000ns - clk_out1_pll rise@0.000ns)
  Data Path Delay:        0.208ns  (logic 0.128ns (61.615%)  route 0.080ns (38.385%))
  Logic Levels:           1  (LUT5=1)
  Clock Path Skew:        0.011ns (DCD - SCD - CPR)
    Destination Clock Delay (DCD):    -0.559ns
    Source Clock Delay      (SCD):    -0.386ns
    Clock Pessimism Removal (CPR):    -0.185ns

    Location             Delay type                Incr(ns)  Path(ns)    Netlist Resource(s)
  -------------------------------------------------------------------    -------------------
                         (clock clk_out1_pll rise edge)
                                                      0.000     0.000 r  
    AD12                                              0.000     0.000 r  i_sys_clk_p (IN)
                         net (fo=0)                   0.000     0.000    pll_inst/inst/clk_in1_p
    AD12                 IBUFDS (Prop_ibufds_I_O)     0.388     0.388 r  pll_inst/inst/clkin1_ibufgds/O
                         net (fo=1, routed)           0.503     0.891    pll_inst/inst/clk_in1_pll
    PLLE2_ADV_X1Y1       PLLE2_ADV (Prop_plle2_adv_CLKIN1_CLKOUT0)
                                                     -2.908    -2.017 r  pll_inst/inst/plle2_adv_inst/CLKOUT0
                         net (fo=1, routed)           0.958    -1.059    pll_inst/inst/clk_out1_pll
    BUFGCTRL_X0Y1        BUFG (Prop_bufg_I_O)         0.026    -1.033 r  pll_inst/inst/clkout1_buf/O
                         net (fo=546, routed)         0.647    -0.386    twin_controller_inst/CLK
    SLICE_X96Y80         FDCE                                         r  twin_controller_inst/status_buffer_reg[16][4]/C
  -------------------------------------------------------------------    -------------------
    SLICE_X96Y80         FDCE (Prop_fdce_C_Q)         0.100    -0.286 r  twin_controller_inst/status_buffer_reg[16][4]/Q
                         net (fo=1, routed)           0.080    -0.206    twin_controller_inst/status_buffer_reg[16]_16[4]
    SLICE_X97Y80         LUT5 (Prop_lut5_I2_O)        0.028    -0.178 r  twin_controller_inst/tx_data[4]_i_1/O
                         net (fo=1, routed)           0.000    -0.178    twin_controller_inst/status_buffer[4]
    SLICE_X97Y80         FDCE                                         r  twin_controller_inst/tx_data_reg[4]/D
  -------------------------------------------------------------------    -------------------

                         (clock clk_out1_pll rise edge)
                                                      0.000     0.000 r  
    AD12                                              0.000     0.000 r  i_sys_clk_p (IN)
                         net (fo=0)                   0.000     0.000    pll_inst/inst/clk_in1_p
    AD12                 IBUFDS (Prop_ibufds_I_O)     0.470     0.470 r  pll_inst/inst/clkin1_ibufgds/O
                         net (fo=1, routed)           0.554     1.024    pll_inst/inst/clk_in1_pll
    PLLE2_ADV_X1Y1       PLLE2_ADV (Prop_plle2_adv_CLKIN1_CLKOUT0)
                                                     -3.524    -2.500 r  pll_inst/inst/plle2_adv_inst/CLKOUT0
                         net (fo=1, routed)           1.027    -1.473    pll_inst/inst/clk_out1_pll
    BUFGCTRL_X0Y1        BUFG (Prop_bufg_I_O)         0.030    -1.443 r  pll_inst/inst/clkout1_buf/O
                         net (fo=546, routed)         0.884    -0.559    twin_controller_inst/CLK
    SLICE_X97Y80         FDCE                                         r  twin_controller_inst/tx_data_reg[4]/C
                         clock pessimism              0.185    -0.375    
    SLICE_X97Y80         FDCE (Hold_fdce_C_D)         0.060    -0.315    twin_controller_inst/tx_data_reg[4]
  -------------------------------------------------------------------
                         required time                          0.315    
                         arrival time                          -0.178    
  -------------------------------------------------------------------
                         slack                                  0.137    

Slack (MET) :             0.137ns  (arrival time - required time)
  Source:                 twin_controller_inst/status_buffer_reg[16][4]/C
                            (rising edge-triggered cell FDCE clocked by clk_out1_pll  {rise@0.000ns fall@10.000ns period=20.000ns})
  Destination:            twin_controller_inst/tx_data_reg[4]/D
                            (rising edge-triggered cell FDCE clocked by clk_out1_pll  {rise@0.000ns fall@10.000ns period=20.000ns})
  Path Group:             clk_out1_pll
  Path Type:              Hold (Min at Fast Process Corner)
  Requirement:            0.000ns  (clk_out1_pll rise@0.000ns - clk_out1_pll rise@0.000ns)
  Data Path Delay:        0.208ns  (logic 0.128ns (61.615%)  route 0.080ns (38.385%))
  Logic Levels:           1  (LUT5=1)
  Clock Path Skew:        0.011ns (DCD - SCD - CPR)
    Destination Clock Delay (DCD):    -0.559ns
    Source Clock Delay      (SCD):    -0.386ns
    Clock Pessimism Removal (CPR):    -0.185ns

    Location             Delay type                Incr(ns)  Path(ns)    Netlist Resource(s)
  -------------------------------------------------------------------    -------------------
                         (clock clk_out1_pll rise edge)
                                                      0.000     0.000 r  
    AD12                                              0.000     0.000 r  i_sys_clk_p (IN)
                         net (fo=0)                   0.000     0.000    pll_inst/inst/clk_in1_p
    AD12                 IBUFDS (Prop_ibufds_I_O)     0.388     0.388 r  pll_inst/inst/clkin1_ibufgds/O
                         net (fo=1, routed)           0.503     0.891    pll_inst/inst/clk_in1_pll
    PLLE2_ADV_X1Y1       PLLE2_ADV (Prop_plle2_adv_CLKIN1_CLKOUT0)
                                                     -2.908    -2.017 r  pll_inst/inst/plle2_adv_inst/CLKOUT0
                         net (fo=1, routed)           0.958    -1.059    pll_inst/inst/clk_out1_pll
    BUFGCTRL_X0Y1        BUFG (Prop_bufg_I_O)         0.026    -1.033 r  pll_inst/inst/clkout1_buf/O
                         net (fo=546, routed)         0.647    -0.386    twin_controller_inst/CLK
    SLICE_X96Y80         FDCE                                         r  twin_controller_inst/status_buffer_reg[16][4]/C
  -------------------------------------------------------------------    -------------------
    SLICE_X96Y80         FDCE (Prop_fdce_C_Q)         0.100    -0.286 f  twin_controller_inst/status_buffer_reg[16][4]/Q
                         net (fo=1, routed)           0.080    -0.206    twin_controller_inst/status_buffer_reg[16]_16[4]
    SLICE_X97Y80         LUT5 (Prop_lut5_I2_O)        0.028    -0.178 f  twin_controller_inst/tx_data[4]_i_1/O
                         net (fo=1, routed)           0.000    -0.178    twin_controller_inst/status_buffer[4]
    SLICE_X97Y80         FDCE                                         f  twin_controller_inst/tx_data_reg[4]/D
  -------------------------------------------------------------------    -------------------

                         (clock clk_out1_pll rise edge)
                                                      0.000     0.000 r  
    AD12                                              0.000     0.000 r  i_sys_clk_p (IN)
                         net (fo=0)                   0.000     0.000    pll_inst/inst/clk_in1_p
    AD12                 IBUFDS (Prop_ibufds_I_O)     0.470     0.470 r  pll_inst/inst/clkin1_ibufgds/O
                         net (fo=1, routed)           0.554     1.024    pll_inst/inst/clk_in1_pll
    PLLE2_ADV_X1Y1       PLLE2_ADV (Prop_plle2_adv_CLKIN1_CLKOUT0)
                                                     -3.524    -2.500 r  pll_inst/inst/plle2_adv_inst/CLKOUT0
                         net (fo=1, routed)           1.027    -1.473    pll_inst/inst/clk_out1_pll
    BUFGCTRL_X0Y1        BUFG (Prop_bufg_I_O)         0.030    -1.443 r  pll_inst/inst/clkout1_buf/O
                         net (fo=546, routed)         0.884    -0.559    twin_controller_inst/CLK
    SLICE_X97Y80         FDCE                                         r  twin_controller_inst/tx_data_reg[4]/C
                         clock pessimism              0.185    -0.375    
    SLICE_X97Y80         FDCE (Hold_fdce_C_D)         0.060    -0.315    twin_controller_inst/tx_data_reg[4]
  -------------------------------------------------------------------
                         required time                          0.315    
                         arrival time                          -0.178    
  -------------------------------------------------------------------
                         slack                                  0.137    

Slack (MET) :             0.139ns  (arrival time - required time)
  Source:                 student_top_inst/bridge_inst/seg_sync_d1_reg[39]/C
                            (rising edge-triggered cell FDRE clocked by clk_out1_pll  {rise@0.000ns fall@10.000ns period=20.000ns})
  Destination:            student_top_inst/bridge_inst/seg_sync_d2_reg[39]_lopt_replica_4/D
                            (rising edge-triggered cell FDRE clocked by clk_out1_pll  {rise@0.000ns fall@10.000ns period=20.000ns})
  Path Group:             clk_out1_pll
  Path Type:              Hold (Min at Fast Process Corner)
  Requirement:            0.000ns  (clk_out1_pll rise@0.000ns - clk_out1_pll rise@0.000ns)
  Data Path Delay:        0.368ns  (logic 0.100ns (27.176%)  route 0.268ns (72.824%))
  Logic Levels:           0  
  Clock Path Skew:        0.186ns (DCD - SCD - CPR)
    Destination Clock Delay (DCD):    -0.566ns
    Source Clock Delay      (SCD):    -0.390ns
    Clock Pessimism Removal (CPR):    -0.363ns

    Location             Delay type                Incr(ns)  Path(ns)    Netlist Resource(s)
  -------------------------------------------------------------------    -------------------
                         (clock clk_out1_pll rise edge)
                                                      0.000     0.000 r  
    AD12                                              0.000     0.000 r  i_sys_clk_p (IN)
                         net (fo=0)                   0.000     0.000    pll_inst/inst/clk_in1_p
    AD12                 IBUFDS (Prop_ibufds_I_O)     0.388     0.388 r  pll_inst/inst/clkin1_ibufgds/O
                         net (fo=1, routed)           0.503     0.891    pll_inst/inst/clk_in1_pll
    PLLE2_ADV_X1Y1       PLLE2_ADV (Prop_plle2_adv_CLKIN1_CLKOUT0)
                                                     -2.908    -2.017 r  pll_inst/inst/plle2_adv_inst/CLKOUT0
                         net (fo=1, routed)           0.958    -1.059    pll_inst/inst/clk_out1_pll
    BUFGCTRL_X0Y1        BUFG (Prop_bufg_I_O)         0.026    -1.033 r  pll_inst/inst/clkout1_buf/O
                         net (fo=546, routed)         0.643    -0.390    student_top_inst/bridge_inst/clk_out1
    SLICE_X85Y82         FDRE                                         r  student_top_inst/bridge_inst/seg_sync_d1_reg[39]/C
  -------------------------------------------------------------------    -------------------
    SLICE_X85Y82         FDRE (Prop_fdre_C_Q)         0.100    -0.290 r  student_top_inst/bridge_inst/seg_sync_d1_reg[39]/Q
                         net (fo=5, routed)           0.268    -0.022    student_top_inst/bridge_inst/seg_sync_d1[39]
    SLICE_X76Y84         FDRE                                         r  student_top_inst/bridge_inst/seg_sync_d2_reg[39]_lopt_replica_4/D
  -------------------------------------------------------------------    -------------------

                         (clock clk_out1_pll rise edge)
                                                      0.000     0.000 r  
    AD12                                              0.000     0.000 r  i_sys_clk_p (IN)
                         net (fo=0)                   0.000     0.000    pll_inst/inst/clk_in1_p
    AD12                 IBUFDS (Prop_ibufds_I_O)     0.470     0.470 r  pll_inst/inst/clkin1_ibufgds/O
                         net (fo=1, routed)           0.554     1.024    pll_inst/inst/clk_in1_pll
    PLLE2_ADV_X1Y1       PLLE2_ADV (Prop_plle2_adv_CLKIN1_CLKOUT0)
                                                     -3.524    -2.500 r  pll_inst/inst/plle2_adv_inst/CLKOUT0
                         net (fo=1, routed)           1.027    -1.473    pll_inst/inst/clk_out1_pll
    BUFGCTRL_X0Y1        BUFG (Prop_bufg_I_O)         0.030    -1.443 r  pll_inst/inst/clkout1_buf/O
                         net (fo=546, routed)         0.877    -0.566    student_top_inst/bridge_inst/clk_out1
    SLICE_X76Y84         FDRE                                         r  student_top_inst/bridge_inst/seg_sync_d2_reg[39]_lopt_replica_4/C
                         clock pessimism              0.363    -0.204    
    SLICE_X76Y84         FDRE (Hold_fdre_C_D)         0.043    -0.161    student_top_inst/bridge_inst/seg_sync_d2_reg[39]_lopt_replica_4
  -------------------------------------------------------------------
                         required time                          0.161    
                         arrival time                          -0.022    
  -------------------------------------------------------------------
                         slack                                  0.139    

Slack (MET) :             0.139ns  (arrival time - required time)
  Source:                 student_top_inst/bridge_inst/seg_sync_d1_reg[39]/C
                            (rising edge-triggered cell FDRE clocked by clk_out1_pll  {rise@0.000ns fall@10.000ns period=20.000ns})
  Destination:            student_top_inst/bridge_inst/seg_sync_d2_reg[39]_lopt_replica_4/D
                            (rising edge-triggered cell FDRE clocked by clk_out1_pll  {rise@0.000ns fall@10.000ns period=20.000ns})
  Path Group:             clk_out1_pll
  Path Type:              Hold (Min at Fast Process Corner)
  Requirement:            0.000ns  (clk_out1_pll rise@0.000ns - clk_out1_pll rise@0.000ns)
  Data Path Delay:        0.368ns  (logic 0.100ns (27.176%)  route 0.268ns (72.824%))
  Logic Levels:           0  
  Clock Path Skew:        0.186ns (DCD - SCD - CPR)
    Destination Clock Delay (DCD):    -0.566ns
    Source Clock Delay      (SCD):    -0.390ns
    Clock Pessimism Removal (CPR):    -0.363ns

    Location             Delay type                Incr(ns)  Path(ns)    Netlist Resource(s)
  -------------------------------------------------------------------    -------------------
                         (clock clk_out1_pll rise edge)
                                                      0.000     0.000 r  
    AD12                                              0.000     0.000 r  i_sys_clk_p (IN)
                         net (fo=0)                   0.000     0.000    pll_inst/inst/clk_in1_p
    AD12                 IBUFDS (Prop_ibufds_I_O)     0.388     0.388 r  pll_inst/inst/clkin1_ibufgds/O
                         net (fo=1, routed)           0.503     0.891    pll_inst/inst/clk_in1_pll
    PLLE2_ADV_X1Y1       PLLE2_ADV (Prop_plle2_adv_CLKIN1_CLKOUT0)
                                                     -2.908    -2.017 r  pll_inst/inst/plle2_adv_inst/CLKOUT0
                         net (fo=1, routed)           0.958    -1.059    pll_inst/inst/clk_out1_pll
    BUFGCTRL_X0Y1        BUFG (Prop_bufg_I_O)         0.026    -1.033 r  pll_inst/inst/clkout1_buf/O
                         net (fo=546, routed)         0.643    -0.390    student_top_inst/bridge_inst/clk_out1
    SLICE_X85Y82         FDRE                                         r  student_top_inst/bridge_inst/seg_sync_d1_reg[39]/C
  -------------------------------------------------------------------    -------------------
    SLICE_X85Y82         FDRE (Prop_fdre_C_Q)         0.100    -0.290 f  student_top_inst/bridge_inst/seg_sync_d1_reg[39]/Q
                         net (fo=5, routed)           0.268    -0.022    student_top_inst/bridge_inst/seg_sync_d1[39]
    SLICE_X76Y84         FDRE                                         f  student_top_inst/bridge_inst/seg_sync_d2_reg[39]_lopt_replica_4/D
  -------------------------------------------------------------------    -------------------

                         (clock clk_out1_pll rise edge)
                                                      0.000     0.000 r  
    AD12                                              0.000     0.000 r  i_sys_clk_p (IN)
                         net (fo=0)                   0.000     0.000    pll_inst/inst/clk_in1_p
    AD12                 IBUFDS (Prop_ibufds_I_O)     0.470     0.470 r  pll_inst/inst/clkin1_ibufgds/O
                         net (fo=1, routed)           0.554     1.024    pll_inst/inst/clk_in1_pll
    PLLE2_ADV_X1Y1       PLLE2_ADV (Prop_plle2_adv_CLKIN1_CLKOUT0)
                                                     -3.524    -2.500 r  pll_inst/inst/plle2_adv_inst/CLKOUT0
                         net (fo=1, routed)           1.027    -1.473    pll_inst/inst/clk_out1_pll
    BUFGCTRL_X0Y1        BUFG (Prop_bufg_I_O)         0.030    -1.443 r  pll_inst/inst/clkout1_buf/O
                         net (fo=546, routed)         0.877    -0.566    student_top_inst/bridge_inst/clk_out1
    SLICE_X76Y84         FDRE                                         r  student_top_inst/bridge_inst/seg_sync_d2_reg[39]_lopt_replica_4/C
                         clock pessimism              0.363    -0.204    
    SLICE_X76Y84         FDRE (Hold_fdre_C_D)         0.043    -0.161    student_top_inst/bridge_inst/seg_sync_d2_reg[39]_lopt_replica_4
  -------------------------------------------------------------------
                         required time                          0.161    
                         arrival time                          -0.022    
  -------------------------------------------------------------------
                         slack                                  0.139    

Slack (MET) :             0.140ns  (arrival time - required time)
  Source:                 student_top_inst/bridge_inst/led_sync_d2_reg[18]/C
                            (rising edge-triggered cell FDRE clocked by clk_out1_pll  {rise@0.000ns fall@10.000ns period=20.000ns})
  Destination:            twin_controller_inst/status_buffer_reg[16][2]/D
                            (rising edge-triggered cell FDCE clocked by clk_out1_pll  {rise@0.000ns fall@10.000ns period=20.000ns})
  Path Group:             clk_out1_pll
  Path Type:              Hold (Min at Fast Process Corner)
  Requirement:            0.000ns  (clk_out1_pll rise@0.000ns - clk_out1_pll rise@0.000ns)
  Data Path Delay:        0.193ns  (logic 0.100ns (51.848%)  route 0.093ns (48.152%))
  Logic Levels:           0  
  Clock Path Skew:        0.012ns (DCD - SCD - CPR)
    Destination Clock Delay (DCD):    -0.565ns
    Source Clock Delay      (SCD):    -0.392ns
    Clock Pessimism Removal (CPR):    -0.186ns

    Location             Delay type                Incr(ns)  Path(ns)    Netlist Resource(s)
  -------------------------------------------------------------------    -------------------
                         (clock clk_out1_pll rise edge)
                                                      0.000     0.000 r  
    AD12                                              0.000     0.000 r  i_sys_clk_p (IN)
                         net (fo=0)                   0.000     0.000    pll_inst/inst/clk_in1_p
    AD12                 IBUFDS (Prop_ibufds_I_O)     0.388     0.388 r  pll_inst/inst/clkin1_ibufgds/O
                         net (fo=1, routed)           0.503     0.891    pll_inst/inst/clk_in1_pll
    PLLE2_ADV_X1Y1       PLLE2_ADV (Prop_plle2_adv_CLKIN1_CLKOUT0)
                                                     -2.908    -2.017 r  pll_inst/inst/plle2_adv_inst/CLKOUT0
                         net (fo=1, routed)           0.958    -1.059    pll_inst/inst/clk_out1_pll
    BUFGCTRL_X0Y1        BUFG (Prop_bufg_I_O)         0.026    -1.033 r  pll_inst/inst/clkout1_buf/O
                         net (fo=546, routed)         0.641    -0.392    student_top_inst/bridge_inst/clk_out1
    SLICE_X85Y80         FDRE                                         r  student_top_inst/bridge_inst/led_sync_d2_reg[18]/C
  -------------------------------------------------------------------    -------------------
    SLICE_X85Y80         FDRE (Prop_fdre_C_Q)         0.100    -0.292 r  student_top_inst/bridge_inst/led_sync_d2_reg[18]/Q
                         net (fo=1, routed)           0.093    -0.199    twin_controller_inst/status_buffer_reg[17][7]_0[18]
    SLICE_X87Y80         FDCE                                         r  twin_controller_inst/status_buffer_reg[16][2]/D
  -------------------------------------------------------------------    -------------------

                         (clock clk_out1_pll rise edge)
                                                      0.000     0.000 r  
    AD12                                              0.000     0.000 r  i_sys_clk_p (IN)
                         net (fo=0)                   0.000     0.000    pll_inst/inst/clk_in1_p
    AD12                 IBUFDS (Prop_ibufds_I_O)     0.470     0.470 r  pll_inst/inst/clkin1_ibufgds/O
                         net (fo=1, routed)           0.554     1.024    pll_inst/inst/clk_in1_pll
    PLLE2_ADV_X1Y1       PLLE2_ADV (Prop_plle2_adv_CLKIN1_CLKOUT0)
                                                     -3.524    -2.500 r  pll_inst/inst/plle2_adv_inst/CLKOUT0
                         net (fo=1, routed)           1.027    -1.473    pll_inst/inst/clk_out1_pll
    BUFGCTRL_X0Y1        BUFG (Prop_bufg_I_O)         0.030    -1.443 r  pll_inst/inst/clkout1_buf/O
                         net (fo=546, routed)         0.878    -0.565    twin_controller_inst/CLK
    SLICE_X87Y80         FDCE                                         r  twin_controller_inst/status_buffer_reg[16][2]/C
                         clock pessimism              0.186    -0.380    
    SLICE_X87Y80         FDCE (Hold_fdce_C_D)         0.041    -0.339    twin_controller_inst/status_buffer_reg[16][2]
  -------------------------------------------------------------------
                         required time                          0.339    
                         arrival time                          -0.199    
  -------------------------------------------------------------------
                         slack                                  0.140    

Slack (MET) :             0.140ns  (arrival time - required time)
  Source:                 student_top_inst/bridge_inst/led_sync_d2_reg[18]/C
                            (rising edge-triggered cell FDRE clocked by clk_out1_pll  {rise@0.000ns fall@10.000ns period=20.000ns})
  Destination:            twin_controller_inst/status_buffer_reg[16][2]/D
                            (rising edge-triggered cell FDCE clocked by clk_out1_pll  {rise@0.000ns fall@10.000ns period=20.000ns})
  Path Group:             clk_out1_pll
  Path Type:              Hold (Min at Fast Process Corner)
  Requirement:            0.000ns  (clk_out1_pll rise@0.000ns - clk_out1_pll rise@0.000ns)
  Data Path Delay:        0.193ns  (logic 0.100ns (51.848%)  route 0.093ns (48.152%))
  Logic Levels:           0  
  Clock Path Skew:        0.012ns (DCD - SCD - CPR)
    Destination Clock Delay (DCD):    -0.565ns
    Source Clock Delay      (SCD):    -0.392ns
    Clock Pessimism Removal (CPR):    -0.186ns

    Location             Delay type                Incr(ns)  Path(ns)    Netlist Resource(s)
  -------------------------------------------------------------------    -------------------
                         (clock clk_out1_pll rise edge)
                                                      0.000     0.000 r  
    AD12                                              0.000     0.000 r  i_sys_clk_p (IN)
                         net (fo=0)                   0.000     0.000    pll_inst/inst/clk_in1_p
    AD12                 IBUFDS (Prop_ibufds_I_O)     0.388     0.388 r  pll_inst/inst/clkin1_ibufgds/O
                         net (fo=1, routed)           0.503     0.891    pll_inst/inst/clk_in1_pll
    PLLE2_ADV_X1Y1       PLLE2_ADV (Prop_plle2_adv_CLKIN1_CLKOUT0)
                                                     -2.908    -2.017 r  pll_inst/inst/plle2_adv_inst/CLKOUT0
                         net (fo=1, routed)           0.958    -1.059    pll_inst/inst/clk_out1_pll
    BUFGCTRL_X0Y1        BUFG (Prop_bufg_I_O)         0.026    -1.033 r  pll_inst/inst/clkout1_buf/O
                         net (fo=546, routed)         0.641    -0.392    student_top_inst/bridge_inst/clk_out1
    SLICE_X85Y80         FDRE                                         r  student_top_inst/bridge_inst/led_sync_d2_reg[18]/C
  -------------------------------------------------------------------    -------------------
    SLICE_X85Y80         FDRE (Prop_fdre_C_Q)         0.100    -0.292 f  student_top_inst/bridge_inst/led_sync_d2_reg[18]/Q
                         net (fo=1, routed)           0.093    -0.199    twin_controller_inst/status_buffer_reg[17][7]_0[18]
    SLICE_X87Y80         FDCE                                         f  twin_controller_inst/status_buffer_reg[16][2]/D
  -------------------------------------------------------------------    -------------------

                         (clock clk_out1_pll rise edge)
                                                      0.000     0.000 r  
    AD12                                              0.000     0.000 r  i_sys_clk_p (IN)
                         net (fo=0)                   0.000     0.000    pll_inst/inst/clk_in1_p
    AD12                 IBUFDS (Prop_ibufds_I_O)     0.470     0.470 r  pll_inst/inst/clkin1_ibufgds/O
                         net (fo=1, routed)           0.554     1.024    pll_inst/inst/clk_in1_pll
    PLLE2_ADV_X1Y1       PLLE2_ADV (Prop_plle2_adv_CLKIN1_CLKOUT0)
                                                     -3.524    -2.500 r  pll_inst/inst/plle2_adv_inst/CLKOUT0
                         net (fo=1, routed)           1.027    -1.473    pll_inst/inst/clk_out1_pll
    BUFGCTRL_X0Y1        BUFG (Prop_bufg_I_O)         0.030    -1.443 r  pll_inst/inst/clkout1_buf/O
                         net (fo=546, routed)         0.878    -0.565    twin_controller_inst/CLK
    SLICE_X87Y80         FDCE                                         r  twin_controller_inst/status_buffer_reg[16][2]/C
                         clock pessimism              0.186    -0.380    
    SLICE_X87Y80         FDCE (Hold_fdce_C_D)         0.041    -0.339    twin_controller_inst/status_buffer_reg[16][2]
  -------------------------------------------------------------------
                         required time                          0.339    
                         arrival time                          -0.199    
  -------------------------------------------------------------------
                         slack                                  0.140    

Slack (MET) :             0.143ns  (arrival time - required time)
  Source:                 twin_controller_inst/sw_reg[9]/C
                            (rising edge-triggered cell FDCE clocked by clk_out1_pll  {rise@0.000ns fall@10.000ns period=20.000ns})
  Destination:            twin_controller_inst/status_buffer_reg[7][1]/D
                            (rising edge-triggered cell FDCE clocked by clk_out1_pll  {rise@0.000ns fall@10.000ns period=20.000ns})
  Path Group:             clk_out1_pll
  Path Type:              Hold (Min at Fast Process Corner)
  Requirement:            0.000ns  (clk_out1_pll rise@0.000ns - clk_out1_pll rise@0.000ns)
  Data Path Delay:        0.218ns  (logic 0.100ns (45.814%)  route 0.118ns (54.186%))
  Logic Levels:           0  
  Clock Path Skew:        0.031ns (DCD - SCD - CPR)
    Destination Clock Delay (DCD):    -0.558ns
    Source Clock Delay      (SCD):    -0.387ns
    Clock Pessimism Removal (CPR):    -0.203ns

    Location             Delay type                Incr(ns)  Path(ns)    Netlist Resource(s)
  -------------------------------------------------------------------    -------------------
                         (clock clk_out1_pll rise edge)
                                                      0.000     0.000 r  
    AD12                                              0.000     0.000 r  i_sys_clk_p (IN)
                         net (fo=0)                   0.000     0.000    pll_inst/inst/clk_in1_p
    AD12                 IBUFDS (Prop_ibufds_I_O)     0.388     0.388 r  pll_inst/inst/clkin1_ibufgds/O
                         net (fo=1, routed)           0.503     0.891    pll_inst/inst/clk_in1_pll
    PLLE2_ADV_X1Y1       PLLE2_ADV (Prop_plle2_adv_CLKIN1_CLKOUT0)
                                                     -2.908    -2.017 r  pll_inst/inst/plle2_adv_inst/CLKOUT0
                         net (fo=1, routed)           0.958    -1.059    pll_inst/inst/clk_out1_pll
    BUFGCTRL_X0Y1        BUFG (Prop_bufg_I_O)         0.026    -1.033 r  pll_inst/inst/clkout1_buf/O
                         net (fo=546, routed)         0.646    -0.387    twin_controller_inst/CLK
    SLICE_X91Y83         FDCE                                         r  twin_controller_inst/sw_reg[9]/C
  -------------------------------------------------------------------    -------------------
    SLICE_X91Y83         FDCE (Prop_fdce_C_Q)         0.100    -0.287 r  twin_controller_inst/sw_reg[9]/Q
                         net (fo=3, routed)           0.118    -0.168    twin_controller_inst/sw_reg[63]_0[9]
    SLICE_X93Y83         FDCE                                         r  twin_controller_inst/status_buffer_reg[7][1]/D
  -------------------------------------------------------------------    -------------------

                         (clock clk_out1_pll rise edge)
                                                      0.000     0.000 r  
    AD12                                              0.000     0.000 r  i_sys_clk_p (IN)
                         net (fo=0)                   0.000     0.000    pll_inst/inst/clk_in1_p
    AD12                 IBUFDS (Prop_ibufds_I_O)     0.470     0.470 r  pll_inst/inst/clkin1_ibufgds/O
                         net (fo=1, routed)           0.554     1.024    pll_inst/inst/clk_in1_pll
    PLLE2_ADV_X1Y1       PLLE2_ADV (Prop_plle2_adv_CLKIN1_CLKOUT0)
                                                     -3.524    -2.500 r  pll_inst/inst/plle2_adv_inst/CLKOUT0
                         net (fo=1, routed)           1.027    -1.473    pll_inst/inst/clk_out1_pll
    BUFGCTRL_X0Y1        BUFG (Prop_bufg_I_O)         0.030    -1.443 r  pll_inst/inst/clkout1_buf/O
                         net (fo=546, routed)         0.885    -0.558    twin_controller_inst/CLK
    SLICE_X93Y83         FDCE                                         r  twin_controller_inst/status_buffer_reg[7][1]/C
                         clock pessimism              0.203    -0.356    
    SLICE_X93Y83         FDCE (Hold_fdce_C_D)         0.044    -0.312    twin_controller_inst/status_buffer_reg[7][1]
  -------------------------------------------------------------------
                         required time                          0.312    
                         arrival time                          -0.168    
  -------------------------------------------------------------------
                         slack                                  0.143    

Slack (MET) :             0.143ns  (arrival time - required time)
  Source:                 twin_controller_inst/sw_reg[9]/C
                            (rising edge-triggered cell FDCE clocked by clk_out1_pll  {rise@0.000ns fall@10.000ns period=20.000ns})
  Destination:            twin_controller_inst/status_buffer_reg[7][1]/D
                            (rising edge-triggered cell FDCE clocked by clk_out1_pll  {rise@0.000ns fall@10.000ns period=20.000ns})
  Path Group:             clk_out1_pll
  Path Type:              Hold (Min at Fast Process Corner)
  Requirement:            0.000ns  (clk_out1_pll rise@0.000ns - clk_out1_pll rise@0.000ns)
  Data Path Delay:        0.218ns  (logic 0.100ns (45.814%)  route 0.118ns (54.186%))
  Logic Levels:           0  
  Clock Path Skew:        0.031ns (DCD - SCD - CPR)
    Destination Clock Delay (DCD):    -0.558ns
    Source Clock Delay      (SCD):    -0.387ns
    Clock Pessimism Removal (CPR):    -0.203ns

    Location             Delay type                Incr(ns)  Path(ns)    Netlist Resource(s)
  -------------------------------------------------------------------    -------------------
                         (clock clk_out1_pll rise edge)
                                                      0.000     0.000 r  
    AD12                                              0.000     0.000 r  i_sys_clk_p (IN)
                         net (fo=0)                   0.000     0.000    pll_inst/inst/clk_in1_p
    AD12                 IBUFDS (Prop_ibufds_I_O)     0.388     0.388 r  pll_inst/inst/clkin1_ibufgds/O
                         net (fo=1, routed)           0.503     0.891    pll_inst/inst/clk_in1_pll
    PLLE2_ADV_X1Y1       PLLE2_ADV (Prop_plle2_adv_CLKIN1_CLKOUT0)
                                                     -2.908    -2.017 r  pll_inst/inst/plle2_adv_inst/CLKOUT0
                         net (fo=1, routed)           0.958    -1.059    pll_inst/inst/clk_out1_pll
    BUFGCTRL_X0Y1        BUFG (Prop_bufg_I_O)         0.026    -1.033 r  pll_inst/inst/clkout1_buf/O
                         net (fo=546, routed)         0.646    -0.387    twin_controller_inst/CLK
    SLICE_X91Y83         FDCE                                         r  twin_controller_inst/sw_reg[9]/C
  -------------------------------------------------------------------    -------------------
    SLICE_X91Y83         FDCE (Prop_fdce_C_Q)         0.100    -0.287 f  twin_controller_inst/sw_reg[9]/Q
                         net (fo=3, routed)           0.118    -0.168    twin_controller_inst/sw_reg[63]_0[9]
    SLICE_X93Y83         FDCE                                         f  twin_controller_inst/status_buffer_reg[7][1]/D
  -------------------------------------------------------------------    -------------------

                         (clock clk_out1_pll rise edge)
                                                      0.000     0.000 r  
    AD12                                              0.000     0.000 r  i_sys_clk_p (IN)
                         net (fo=0)                   0.000     0.000    pll_inst/inst/clk_in1_p
    AD12                 IBUFDS (Prop_ibufds_I_O)     0.470     0.470 r  pll_inst/inst/clkin1_ibufgds/O
                         net (fo=1, routed)           0.554     1.024    pll_inst/inst/clk_in1_pll
    PLLE2_ADV_X1Y1       PLLE2_ADV (Prop_plle2_adv_CLKIN1_CLKOUT0)
                                                     -3.524    -2.500 r  pll_inst/inst/plle2_adv_inst/CLKOUT0
                         net (fo=1, routed)           1.027    -1.473    pll_inst/inst/clk_out1_pll
    BUFGCTRL_X0Y1        BUFG (Prop_bufg_I_O)         0.030    -1.443 r  pll_inst/inst/clkout1_buf/O
                         net (fo=546, routed)         0.885    -0.558    twin_controller_inst/CLK
    SLICE_X93Y83         FDCE                                         r  twin_controller_inst/status_buffer_reg[7][1]/C
                         clock pessimism              0.203    -0.356    
    SLICE_X93Y83         FDCE (Hold_fdce_C_D)         0.044    -0.312    twin_controller_inst/status_buffer_reg[7][1]
  -------------------------------------------------------------------
                         required time                          0.312    
                         arrival time                          -0.168    
  -------------------------------------------------------------------
                         slack                                  0.143    




