Copyright 1986-2022 Xilinx, Inc. All Rights Reserved. Copyright 2022-2023 Advanced Micro Devices, Inc. All Rights Reserved.
----------------------------------------------------------------------------------------------------------------------------------------------------------------------------------------------------------------------------------------
| Tool Version : Vivado v.2023.2 (win64) Build 4029153 Fri Oct 13 20:14:34 MDT 2023
| Date         : Tue Jun  2 21:40:32 2026
| Host         : LAPTOP-5UF1FH4A running 64-bit major release  (build 9200)
| Command      : report_timing -delay_type min -sort_by group -max_paths 20 -nworst 5 -path_type full_clock_expanded -file C:/Users/hp/Downloads/digital_twin/digital_twin.srcs/sources_1/vivado_clk2_sweep/top_timing_min_clk2_218.rpt
| Design       : top
| Device       : 7k325t-ffg900
| Speed File   : -2  PRODUCTION 1.12 2017-02-17
| Design State : Routed
----------------------------------------------------------------------------------------------------------------------------------------------------------------------------------------------------------------------------------------

Timing Report

Slack (MET) :             0.072ns  (arrival time - required time)
  Source:                 student_top_inst/Core_cpu/cpu_core/pc_reg_inst/pc_o_reg[5]/C
                            (rising edge-triggered cell FDRE clocked by clk_out2_pll  {rise@0.000ns fall@2.286ns period=4.571ns})
  Destination:            student_top_inst/Mem_IROM/U0/inst_blk_mem_gen/gnbram.gnativebmg.native_blk_mem_gen/valid.cstr/ramloop[0].ram.r/prim_init.ram/DEVICE_7SERIES.NO_BMM_INFO.SP.SIMPLE_PRIM36.ram/ADDRARDADDR[6]
                            (rising edge-triggered cell RAMB36E1 clocked by clk_out2_pll  {rise@0.000ns fall@2.286ns period=4.571ns})
  Path Group:             clk_out2_pll
  Path Type:              Hold (Min at Fast Process Corner)
  Requirement:            0.000ns  (clk_out2_pll rise@0.000ns - clk_out2_pll rise@0.000ns)
  Data Path Delay:        0.515ns  (logic 0.100ns (19.420%)  route 0.415ns (80.580%))
  Logic Levels:           0  
  Clock Path Skew:        0.260ns (DCD - SCD - CPR)
    Destination Clock Delay (DCD):    -0.526ns
    Source Clock Delay      (SCD):    -0.403ns
    Clock Pessimism Removal (CPR):    -0.383ns

    Location             Delay type                Incr(ns)  Path(ns)    Netlist Resource(s)
  -------------------------------------------------------------------    -------------------
                         (clock clk_out2_pll rise edge)
                                                      0.000     0.000 r  
    AD12                                              0.000     0.000 r  i_sys_clk_p (IN)
                         net (fo=0)                   0.000     0.000    pll_inst/inst/clk_in1_p
    AD12                 IBUFDS (Prop_ibufds_I_O)     0.388     0.388 r  pll_inst/inst/clkin1_ibufgds/O
                         net (fo=1, routed)           0.503     0.891    pll_inst/inst/clk_in1_pll
    PLLE2_ADV_X1Y1       PLLE2_ADV (Prop_plle2_adv_CLKIN1_CLKOUT1)
                                                     -2.908    -2.017 r  pll_inst/inst/plle2_adv_inst/CLKOUT1
                         net (fo=1, routed)           0.958    -1.059    pll_inst/inst/clk_out2_pll
    BUFGCTRL_X0Y0        BUFG (Prop_bufg_I_O)         0.026    -1.033 r  pll_inst/inst/clkout2_buf/O
                         net (fo=2866, routed)        0.630    -0.403    student_top_inst/Core_cpu/cpu_core/pc_reg_inst/clk_out2
    SLICE_X45Y103        FDRE                                         r  student_top_inst/Core_cpu/cpu_core/pc_reg_inst/pc_o_reg[5]/C
  -------------------------------------------------------------------    -------------------
    SLICE_X45Y103        FDRE (Prop_fdre_C_Q)         0.100    -0.303 r  student_top_inst/Core_cpu/cpu_core/pc_reg_inst/pc_o_reg[5]/Q
                         net (fo=8, routed)           0.415     0.112    student_top_inst/Mem_IROM/U0/inst_blk_mem_gen/gnbram.gnativebmg.native_blk_mem_gen/valid.cstr/ramloop[0].ram.r/prim_init.ram/addra[3]
    RAMB36_X2Y19         RAMB36E1                                     r  student_top_inst/Mem_IROM/U0/inst_blk_mem_gen/gnbram.gnativebmg.native_blk_mem_gen/valid.cstr/ramloop[0].ram.r/prim_init.ram/DEVICE_7SERIES.NO_BMM_INFO.SP.SIMPLE_PRIM36.ram/ADDRARDADDR[6]
  -------------------------------------------------------------------    -------------------

                         (clock clk_out2_pll rise edge)
                                                      0.000     0.000 r  
    AD12                                              0.000     0.000 r  i_sys_clk_p (IN)
                         net (fo=0)                   0.000     0.000    pll_inst/inst/clk_in1_p
    AD12                 IBUFDS (Prop_ibufds_I_O)     0.470     0.470 r  pll_inst/inst/clkin1_ibufgds/O
                         net (fo=1, routed)           0.554     1.024    pll_inst/inst/clk_in1_pll
    PLLE2_ADV_X1Y1       PLLE2_ADV (Prop_plle2_adv_CLKIN1_CLKOUT1)
                                                     -3.524    -2.500 r  pll_inst/inst/plle2_adv_inst/CLKOUT1
                         net (fo=1, routed)           1.027    -1.473    pll_inst/inst/clk_out2_pll
    BUFGCTRL_X0Y0        BUFG (Prop_bufg_I_O)         0.030    -1.443 r  pll_inst/inst/clkout2_buf/O
                         net (fo=2866, routed)        0.918    -0.526    student_top_inst/Mem_IROM/U0/inst_blk_mem_gen/gnbram.gnativebmg.native_blk_mem_gen/valid.cstr/ramloop[0].ram.r/prim_init.ram/clka
    RAMB36_X2Y19         RAMB36E1                                     r  student_top_inst/Mem_IROM/U0/inst_blk_mem_gen/gnbram.gnativebmg.native_blk_mem_gen/valid.cstr/ramloop[0].ram.r/prim_init.ram/DEVICE_7SERIES.NO_BMM_INFO.SP.SIMPLE_PRIM36.ram/CLKARDCLK
                         clock pessimism              0.383    -0.143    
    RAMB36_X2Y19         RAMB36E1 (Hold_ramb36e1_CLKARDCLK_ADDRARDADDR[6])
                                                      0.183     0.040    student_top_inst/Mem_IROM/U0/inst_blk_mem_gen/gnbram.gnativebmg.native_blk_mem_gen/valid.cstr/ramloop[0].ram.r/prim_init.ram/DEVICE_7SERIES.NO_BMM_INFO.SP.SIMPLE_PRIM36.ram
  -------------------------------------------------------------------
                         required time                         -0.040    
                         arrival time                           0.112    
  -------------------------------------------------------------------
                         slack                                  0.072    

Slack (MET) :             0.072ns  (arrival time - required time)
  Source:                 student_top_inst/Core_cpu/cpu_core/pc_reg_inst/pc_o_reg[5]/C
                            (rising edge-triggered cell FDRE clocked by clk_out2_pll  {rise@0.000ns fall@2.286ns period=4.571ns})
  Destination:            student_top_inst/Mem_IROM/U0/inst_blk_mem_gen/gnbram.gnativebmg.native_blk_mem_gen/valid.cstr/ramloop[0].ram.r/prim_init.ram/DEVICE_7SERIES.NO_BMM_INFO.SP.SIMPLE_PRIM36.ram/ADDRARDADDR[6]
                            (rising edge-triggered cell RAMB36E1 clocked by clk_out2_pll  {rise@0.000ns fall@2.286ns period=4.571ns})
  Path Group:             clk_out2_pll
  Path Type:              Hold (Min at Fast Process Corner)
  Requirement:            0.000ns  (clk_out2_pll rise@0.000ns - clk_out2_pll rise@0.000ns)
  Data Path Delay:        0.515ns  (logic 0.100ns (19.420%)  route 0.415ns (80.580%))
  Logic Levels:           0  
  Clock Path Skew:        0.260ns (DCD - SCD - CPR)
    Destination Clock Delay (DCD):    -0.526ns
    Source Clock Delay      (SCD):    -0.403ns
    Clock Pessimism Removal (CPR):    -0.383ns

    Location             Delay type                Incr(ns)  Path(ns)    Netlist Resource(s)
  -------------------------------------------------------------------    -------------------
                         (clock clk_out2_pll rise edge)
                                                      0.000     0.000 r  
    AD12                                              0.000     0.000 r  i_sys_clk_p (IN)
                         net (fo=0)                   0.000     0.000    pll_inst/inst/clk_in1_p
    AD12                 IBUFDS (Prop_ibufds_I_O)     0.388     0.388 r  pll_inst/inst/clkin1_ibufgds/O
                         net (fo=1, routed)           0.503     0.891    pll_inst/inst/clk_in1_pll
    PLLE2_ADV_X1Y1       PLLE2_ADV (Prop_plle2_adv_CLKIN1_CLKOUT1)
                                                     -2.908    -2.017 r  pll_inst/inst/plle2_adv_inst/CLKOUT1
                         net (fo=1, routed)           0.958    -1.059    pll_inst/inst/clk_out2_pll
    BUFGCTRL_X0Y0        BUFG (Prop_bufg_I_O)         0.026    -1.033 r  pll_inst/inst/clkout2_buf/O
                         net (fo=2866, routed)        0.630    -0.403    student_top_inst/Core_cpu/cpu_core/pc_reg_inst/clk_out2
    SLICE_X45Y103        FDRE                                         r  student_top_inst/Core_cpu/cpu_core/pc_reg_inst/pc_o_reg[5]/C
  -------------------------------------------------------------------    -------------------
    SLICE_X45Y103        FDRE (Prop_fdre_C_Q)         0.100    -0.303 f  student_top_inst/Core_cpu/cpu_core/pc_reg_inst/pc_o_reg[5]/Q
                         net (fo=8, routed)           0.415     0.112    student_top_inst/Mem_IROM/U0/inst_blk_mem_gen/gnbram.gnativebmg.native_blk_mem_gen/valid.cstr/ramloop[0].ram.r/prim_init.ram/addra[3]
    RAMB36_X2Y19         RAMB36E1                                     f  student_top_inst/Mem_IROM/U0/inst_blk_mem_gen/gnbram.gnativebmg.native_blk_mem_gen/valid.cstr/ramloop[0].ram.r/prim_init.ram/DEVICE_7SERIES.NO_BMM_INFO.SP.SIMPLE_PRIM36.ram/ADDRARDADDR[6]
  -------------------------------------------------------------------    -------------------

                         (clock clk_out2_pll rise edge)
                                                      0.000     0.000 r  
    AD12                                              0.000     0.000 r  i_sys_clk_p (IN)
                         net (fo=0)                   0.000     0.000    pll_inst/inst/clk_in1_p
    AD12                 IBUFDS (Prop_ibufds_I_O)     0.470     0.470 r  pll_inst/inst/clkin1_ibufgds/O
                         net (fo=1, routed)           0.554     1.024    pll_inst/inst/clk_in1_pll
    PLLE2_ADV_X1Y1       PLLE2_ADV (Prop_plle2_adv_CLKIN1_CLKOUT1)
                                                     -3.524    -2.500 r  pll_inst/inst/plle2_adv_inst/CLKOUT1
                         net (fo=1, routed)           1.027    -1.473    pll_inst/inst/clk_out2_pll
    BUFGCTRL_X0Y0        BUFG (Prop_bufg_I_O)         0.030    -1.443 r  pll_inst/inst/clkout2_buf/O
                         net (fo=2866, routed)        0.918    -0.526    student_top_inst/Mem_IROM/U0/inst_blk_mem_gen/gnbram.gnativebmg.native_blk_mem_gen/valid.cstr/ramloop[0].ram.r/prim_init.ram/clka
    RAMB36_X2Y19         RAMB36E1                                     r  student_top_inst/Mem_IROM/U0/inst_blk_mem_gen/gnbram.gnativebmg.native_blk_mem_gen/valid.cstr/ramloop[0].ram.r/prim_init.ram/DEVICE_7SERIES.NO_BMM_INFO.SP.SIMPLE_PRIM36.ram/CLKARDCLK
                         clock pessimism              0.383    -0.143    
    RAMB36_X2Y19         RAMB36E1 (Hold_ramb36e1_CLKARDCLK_ADDRARDADDR[6])
                                                      0.183     0.040    student_top_inst/Mem_IROM/U0/inst_blk_mem_gen/gnbram.gnativebmg.native_blk_mem_gen/valid.cstr/ramloop[0].ram.r/prim_init.ram/DEVICE_7SERIES.NO_BMM_INFO.SP.SIMPLE_PRIM36.ram
  -------------------------------------------------------------------
                         required time                         -0.040    
                         arrival time                           0.112    
  -------------------------------------------------------------------
                         slack                                  0.072    

Slack (MET) :             0.087ns  (arrival time - required time)
  Source:                 student_top_inst/Core_cpu/cpu_core/pc_reg_inst/pc_o_reg[11]/C
                            (rising edge-triggered cell FDRE clocked by clk_out2_pll  {rise@0.000ns fall@2.286ns period=4.571ns})
  Destination:            student_top_inst/Mem_IROM/U0/inst_blk_mem_gen/gnbram.gnativebmg.native_blk_mem_gen/valid.cstr/ramloop[0].ram.r/prim_init.ram/DEVICE_7SERIES.NO_BMM_INFO.SP.SIMPLE_PRIM36.ram/ADDRARDADDR[12]
                            (rising edge-triggered cell RAMB36E1 clocked by clk_out2_pll  {rise@0.000ns fall@2.286ns period=4.571ns})
  Path Group:             clk_out2_pll
  Path Type:              Hold (Min at Fast Process Corner)
  Requirement:            0.000ns  (clk_out2_pll rise@0.000ns - clk_out2_pll rise@0.000ns)
  Data Path Delay:        0.529ns  (logic 0.100ns (18.900%)  route 0.429ns (81.100%))
  Logic Levels:           0  
  Clock Path Skew:        0.260ns (DCD - SCD - CPR)
    Destination Clock Delay (DCD):    -0.526ns
    Source Clock Delay      (SCD):    -0.403ns
    Clock Pessimism Removal (CPR):    -0.383ns

    Location             Delay type                Incr(ns)  Path(ns)    Netlist Resource(s)
  -------------------------------------------------------------------    -------------------
                         (clock clk_out2_pll rise edge)
                                                      0.000     0.000 r  
    AD12                                              0.000     0.000 r  i_sys_clk_p (IN)
                         net (fo=0)                   0.000     0.000    pll_inst/inst/clk_in1_p
    AD12                 IBUFDS (Prop_ibufds_I_O)     0.388     0.388 r  pll_inst/inst/clkin1_ibufgds/O
                         net (fo=1, routed)           0.503     0.891    pll_inst/inst/clk_in1_pll
    PLLE2_ADV_X1Y1       PLLE2_ADV (Prop_plle2_adv_CLKIN1_CLKOUT1)
                                                     -2.908    -2.017 r  pll_inst/inst/plle2_adv_inst/CLKOUT1
                         net (fo=1, routed)           0.958    -1.059    pll_inst/inst/clk_out2_pll
    BUFGCTRL_X0Y0        BUFG (Prop_bufg_I_O)         0.026    -1.033 r  pll_inst/inst/clkout2_buf/O
                         net (fo=2866, routed)        0.630    -0.403    student_top_inst/Core_cpu/cpu_core/pc_reg_inst/clk_out2
    SLICE_X44Y103        FDRE                                         r  student_top_inst/Core_cpu/cpu_core/pc_reg_inst/pc_o_reg[11]/C
  -------------------------------------------------------------------    -------------------
    SLICE_X44Y103        FDRE (Prop_fdre_C_Q)         0.100    -0.303 r  student_top_inst/Core_cpu/cpu_core/pc_reg_inst/pc_o_reg[11]/Q
                         net (fo=6, routed)           0.429     0.127    student_top_inst/Mem_IROM/U0/inst_blk_mem_gen/gnbram.gnativebmg.native_blk_mem_gen/valid.cstr/ramloop[0].ram.r/prim_init.ram/addra[9]
    RAMB36_X2Y19         RAMB36E1                                     r  student_top_inst/Mem_IROM/U0/inst_blk_mem_gen/gnbram.gnativebmg.native_blk_mem_gen/valid.cstr/ramloop[0].ram.r/prim_init.ram/DEVICE_7SERIES.NO_BMM_INFO.SP.SIMPLE_PRIM36.ram/ADDRARDADDR[12]
  -------------------------------------------------------------------    -------------------

                         (clock clk_out2_pll rise edge)
                                                      0.000     0.000 r  
    AD12                                              0.000     0.000 r  i_sys_clk_p (IN)
                         net (fo=0)                   0.000     0.000    pll_inst/inst/clk_in1_p
    AD12                 IBUFDS (Prop_ibufds_I_O)     0.470     0.470 r  pll_inst/inst/clkin1_ibufgds/O
                         net (fo=1, routed)           0.554     1.024    pll_inst/inst/clk_in1_pll
    PLLE2_ADV_X1Y1       PLLE2_ADV (Prop_plle2_adv_CLKIN1_CLKOUT1)
                                                     -3.524    -2.500 r  pll_inst/inst/plle2_adv_inst/CLKOUT1
                         net (fo=1, routed)           1.027    -1.473    pll_inst/inst/clk_out2_pll
    BUFGCTRL_X0Y0        BUFG (Prop_bufg_I_O)         0.030    -1.443 r  pll_inst/inst/clkout2_buf/O
                         net (fo=2866, routed)        0.918    -0.526    student_top_inst/Mem_IROM/U0/inst_blk_mem_gen/gnbram.gnativebmg.native_blk_mem_gen/valid.cstr/ramloop[0].ram.r/prim_init.ram/clka
    RAMB36_X2Y19         RAMB36E1                                     r  student_top_inst/Mem_IROM/U0/inst_blk_mem_gen/gnbram.gnativebmg.native_blk_mem_gen/valid.cstr/ramloop[0].ram.r/prim_init.ram/DEVICE_7SERIES.NO_BMM_INFO.SP.SIMPLE_PRIM36.ram/CLKARDCLK
                         clock pessimism              0.383    -0.143    
    RAMB36_X2Y19         RAMB36E1 (Hold_ramb36e1_CLKARDCLK_ADDRARDADDR[12])
                                                      0.183     0.040    student_top_inst/Mem_IROM/U0/inst_blk_mem_gen/gnbram.gnativebmg.native_blk_mem_gen/valid.cstr/ramloop[0].ram.r/prim_init.ram/DEVICE_7SERIES.NO_BMM_INFO.SP.SIMPLE_PRIM36.ram
  -------------------------------------------------------------------
                         required time                         -0.040    
                         arrival time                           0.127    
  -------------------------------------------------------------------
                         slack                                  0.087    

Slack (MET) :             0.087ns  (arrival time - required time)
  Source:                 student_top_inst/Core_cpu/cpu_core/pc_reg_inst/pc_o_reg[11]/C
                            (rising edge-triggered cell FDRE clocked by clk_out2_pll  {rise@0.000ns fall@2.286ns period=4.571ns})
  Destination:            student_top_inst/Mem_IROM/U0/inst_blk_mem_gen/gnbram.gnativebmg.native_blk_mem_gen/valid.cstr/ramloop[0].ram.r/prim_init.ram/DEVICE_7SERIES.NO_BMM_INFO.SP.SIMPLE_PRIM36.ram/ADDRARDADDR[12]
                            (rising edge-triggered cell RAMB36E1 clocked by clk_out2_pll  {rise@0.000ns fall@2.286ns period=4.571ns})
  Path Group:             clk_out2_pll
  Path Type:              Hold (Min at Fast Process Corner)
  Requirement:            0.000ns  (clk_out2_pll rise@0.000ns - clk_out2_pll rise@0.000ns)
  Data Path Delay:        0.529ns  (logic 0.100ns (18.900%)  route 0.429ns (81.100%))
  Logic Levels:           0  
  Clock Path Skew:        0.260ns (DCD - SCD - CPR)
    Destination Clock Delay (DCD):    -0.526ns
    Source Clock Delay      (SCD):    -0.403ns
    Clock Pessimism Removal (CPR):    -0.383ns

    Location             Delay type                Incr(ns)  Path(ns)    Netlist Resource(s)
  -------------------------------------------------------------------    -------------------
                         (clock clk_out2_pll rise edge)
                                                      0.000     0.000 r  
    AD12                                              0.000     0.000 r  i_sys_clk_p (IN)
                         net (fo=0)                   0.000     0.000    pll_inst/inst/clk_in1_p
    AD12                 IBUFDS (Prop_ibufds_I_O)     0.388     0.388 r  pll_inst/inst/clkin1_ibufgds/O
                         net (fo=1, routed)           0.503     0.891    pll_inst/inst/clk_in1_pll
    PLLE2_ADV_X1Y1       PLLE2_ADV (Prop_plle2_adv_CLKIN1_CLKOUT1)
                                                     -2.908    -2.017 r  pll_inst/inst/plle2_adv_inst/CLKOUT1
                         net (fo=1, routed)           0.958    -1.059    pll_inst/inst/clk_out2_pll
    BUFGCTRL_X0Y0        BUFG (Prop_bufg_I_O)         0.026    -1.033 r  pll_inst/inst/clkout2_buf/O
                         net (fo=2866, routed)        0.630    -0.403    student_top_inst/Core_cpu/cpu_core/pc_reg_inst/clk_out2
    SLICE_X44Y103        FDRE                                         r  student_top_inst/Core_cpu/cpu_core/pc_reg_inst/pc_o_reg[11]/C
  -------------------------------------------------------------------    -------------------
    SLICE_X44Y103        FDRE (Prop_fdre_C_Q)         0.100    -0.303 f  student_top_inst/Core_cpu/cpu_core/pc_reg_inst/pc_o_reg[11]/Q
                         net (fo=6, routed)           0.429     0.127    student_top_inst/Mem_IROM/U0/inst_blk_mem_gen/gnbram.gnativebmg.native_blk_mem_gen/valid.cstr/ramloop[0].ram.r/prim_init.ram/addra[9]
    RAMB36_X2Y19         RAMB36E1                                     f  student_top_inst/Mem_IROM/U0/inst_blk_mem_gen/gnbram.gnativebmg.native_blk_mem_gen/valid.cstr/ramloop[0].ram.r/prim_init.ram/DEVICE_7SERIES.NO_BMM_INFO.SP.SIMPLE_PRIM36.ram/ADDRARDADDR[12]
  -------------------------------------------------------------------    -------------------

                         (clock clk_out2_pll rise edge)
                                                      0.000     0.000 r  
    AD12                                              0.000     0.000 r  i_sys_clk_p (IN)
                         net (fo=0)                   0.000     0.000    pll_inst/inst/clk_in1_p
    AD12                 IBUFDS (Prop_ibufds_I_O)     0.470     0.470 r  pll_inst/inst/clkin1_ibufgds/O
                         net (fo=1, routed)           0.554     1.024    pll_inst/inst/clk_in1_pll
    PLLE2_ADV_X1Y1       PLLE2_ADV (Prop_plle2_adv_CLKIN1_CLKOUT1)
                                                     -3.524    -2.500 r  pll_inst/inst/plle2_adv_inst/CLKOUT1
                         net (fo=1, routed)           1.027    -1.473    pll_inst/inst/clk_out2_pll
    BUFGCTRL_X0Y0        BUFG (Prop_bufg_I_O)         0.030    -1.443 r  pll_inst/inst/clkout2_buf/O
                         net (fo=2866, routed)        0.918    -0.526    student_top_inst/Mem_IROM/U0/inst_blk_mem_gen/gnbram.gnativebmg.native_blk_mem_gen/valid.cstr/ramloop[0].ram.r/prim_init.ram/clka
    RAMB36_X2Y19         RAMB36E1                                     r  student_top_inst/Mem_IROM/U0/inst_blk_mem_gen/gnbram.gnativebmg.native_blk_mem_gen/valid.cstr/ramloop[0].ram.r/prim_init.ram/DEVICE_7SERIES.NO_BMM_INFO.SP.SIMPLE_PRIM36.ram/CLKARDCLK
                         clock pessimism              0.383    -0.143    
    RAMB36_X2Y19         RAMB36E1 (Hold_ramb36e1_CLKARDCLK_ADDRARDADDR[12])
                                                      0.183     0.040    student_top_inst/Mem_IROM/U0/inst_blk_mem_gen/gnbram.gnativebmg.native_blk_mem_gen/valid.cstr/ramloop[0].ram.r/prim_init.ram/DEVICE_7SERIES.NO_BMM_INFO.SP.SIMPLE_PRIM36.ram
  -------------------------------------------------------------------
                         required time                         -0.040    
                         arrival time                           0.127    
  -------------------------------------------------------------------
                         slack                                  0.087    

Slack (MET) :             0.087ns  (arrival time - required time)
  Source:                 student_top_inst/Core_cpu/cpu_core/pc_reg_inst/pc_o_reg[12]/C
                            (rising edge-triggered cell FDRE clocked by clk_out2_pll  {rise@0.000ns fall@2.286ns period=4.571ns})
  Destination:            student_top_inst/Mem_IROM/U0/inst_blk_mem_gen/gnbram.gnativebmg.native_blk_mem_gen/valid.cstr/ramloop[0].ram.r/prim_init.ram/DEVICE_7SERIES.NO_BMM_INFO.SP.SIMPLE_PRIM36.ram/ADDRARDADDR[13]
                            (rising edge-triggered cell RAMB36E1 clocked by clk_out2_pll  {rise@0.000ns fall@2.286ns period=4.571ns})
  Path Group:             clk_out2_pll
  Path Type:              Hold (Min at Fast Process Corner)
  Requirement:            0.000ns  (clk_out2_pll rise@0.000ns - clk_out2_pll rise@0.000ns)
  Data Path Delay:        0.530ns  (logic 0.100ns (18.881%)  route 0.430ns (81.119%))
  Logic Levels:           0  
  Clock Path Skew:        0.260ns (DCD - SCD - CPR)
    Destination Clock Delay (DCD):    -0.526ns
    Source Clock Delay      (SCD):    -0.403ns
    Clock Pessimism Removal (CPR):    -0.383ns

    Location             Delay type                Incr(ns)  Path(ns)    Netlist Resource(s)
  -------------------------------------------------------------------    -------------------
                         (clock clk_out2_pll rise edge)
                                                      0.000     0.000 r  
    AD12                                              0.000     0.000 r  i_sys_clk_p (IN)
                         net (fo=0)                   0.000     0.000    pll_inst/inst/clk_in1_p
    AD12                 IBUFDS (Prop_ibufds_I_O)     0.388     0.388 r  pll_inst/inst/clkin1_ibufgds/O
                         net (fo=1, routed)           0.503     0.891    pll_inst/inst/clk_in1_pll
    PLLE2_ADV_X1Y1       PLLE2_ADV (Prop_plle2_adv_CLKIN1_CLKOUT1)
                                                     -2.908    -2.017 r  pll_inst/inst/plle2_adv_inst/CLKOUT1
                         net (fo=1, routed)           0.958    -1.059    pll_inst/inst/clk_out2_pll
    BUFGCTRL_X0Y0        BUFG (Prop_bufg_I_O)         0.026    -1.033 r  pll_inst/inst/clkout2_buf/O
                         net (fo=2866, routed)        0.630    -0.403    student_top_inst/Core_cpu/cpu_core/pc_reg_inst/clk_out2
    SLICE_X45Y103        FDRE                                         r  student_top_inst/Core_cpu/cpu_core/pc_reg_inst/pc_o_reg[12]/C
  -------------------------------------------------------------------    -------------------
    SLICE_X45Y103        FDRE (Prop_fdre_C_Q)         0.100    -0.303 r  student_top_inst/Core_cpu/cpu_core/pc_reg_inst/pc_o_reg[12]/Q
                         net (fo=6, routed)           0.430     0.127    student_top_inst/Mem_IROM/U0/inst_blk_mem_gen/gnbram.gnativebmg.native_blk_mem_gen/valid.cstr/ramloop[0].ram.r/prim_init.ram/addra[10]
    RAMB36_X2Y19         RAMB36E1                                     r  student_top_inst/Mem_IROM/U0/inst_blk_mem_gen/gnbram.gnativebmg.native_blk_mem_gen/valid.cstr/ramloop[0].ram.r/prim_init.ram/DEVICE_7SERIES.NO_BMM_INFO.SP.SIMPLE_PRIM36.ram/ADDRARDADDR[13]
  -------------------------------------------------------------------    -------------------

                         (clock clk_out2_pll rise edge)
                                                      0.000     0.000 r  
    AD12                                              0.000     0.000 r  i_sys_clk_p (IN)
                         net (fo=0)                   0.000     0.000    pll_inst/inst/clk_in1_p
    AD12                 IBUFDS (Prop_ibufds_I_O)     0.470     0.470 r  pll_inst/inst/clkin1_ibufgds/O
                         net (fo=1, routed)           0.554     1.024    pll_inst/inst/clk_in1_pll
    PLLE2_ADV_X1Y1       PLLE2_ADV (Prop_plle2_adv_CLKIN1_CLKOUT1)
                                                     -3.524    -2.500 r  pll_inst/inst/plle2_adv_inst/CLKOUT1
                         net (fo=1, routed)           1.027    -1.473    pll_inst/inst/clk_out2_pll
    BUFGCTRL_X0Y0        BUFG (Prop_bufg_I_O)         0.030    -1.443 r  pll_inst/inst/clkout2_buf/O
                         net (fo=2866, routed)        0.918    -0.526    student_top_inst/Mem_IROM/U0/inst_blk_mem_gen/gnbram.gnativebmg.native_blk_mem_gen/valid.cstr/ramloop[0].ram.r/prim_init.ram/clka
    RAMB36_X2Y19         RAMB36E1                                     r  student_top_inst/Mem_IROM/U0/inst_blk_mem_gen/gnbram.gnativebmg.native_blk_mem_gen/valid.cstr/ramloop[0].ram.r/prim_init.ram/DEVICE_7SERIES.NO_BMM_INFO.SP.SIMPLE_PRIM36.ram/CLKARDCLK
                         clock pessimism              0.383    -0.143    
    RAMB36_X2Y19         RAMB36E1 (Hold_ramb36e1_CLKARDCLK_ADDRARDADDR[13])
                                                      0.183     0.040    student_top_inst/Mem_IROM/U0/inst_blk_mem_gen/gnbram.gnativebmg.native_blk_mem_gen/valid.cstr/ramloop[0].ram.r/prim_init.ram/DEVICE_7SERIES.NO_BMM_INFO.SP.SIMPLE_PRIM36.ram
  -------------------------------------------------------------------
                         required time                         -0.040    
                         arrival time                           0.127    
  -------------------------------------------------------------------
                         slack                                  0.087    

Slack (MET) :             0.087ns  (arrival time - required time)
  Source:                 student_top_inst/Core_cpu/cpu_core/pc_reg_inst/pc_o_reg[12]/C
                            (rising edge-triggered cell FDRE clocked by clk_out2_pll  {rise@0.000ns fall@2.286ns period=4.571ns})
  Destination:            student_top_inst/Mem_IROM/U0/inst_blk_mem_gen/gnbram.gnativebmg.native_blk_mem_gen/valid.cstr/ramloop[0].ram.r/prim_init.ram/DEVICE_7SERIES.NO_BMM_INFO.SP.SIMPLE_PRIM36.ram/ADDRARDADDR[13]
                            (rising edge-triggered cell RAMB36E1 clocked by clk_out2_pll  {rise@0.000ns fall@2.286ns period=4.571ns})
  Path Group:             clk_out2_pll
  Path Type:              Hold (Min at Fast Process Corner)
  Requirement:            0.000ns  (clk_out2_pll rise@0.000ns - clk_out2_pll rise@0.000ns)
  Data Path Delay:        0.530ns  (logic 0.100ns (18.881%)  route 0.430ns (81.119%))
  Logic Levels:           0  
  Clock Path Skew:        0.260ns (DCD - SCD - CPR)
    Destination Clock Delay (DCD):    -0.526ns
    Source Clock Delay      (SCD):    -0.403ns
    Clock Pessimism Removal (CPR):    -0.383ns

    Location             Delay type                Incr(ns)  Path(ns)    Netlist Resource(s)
  -------------------------------------------------------------------    -------------------
                         (clock clk_out2_pll rise edge)
                                                      0.000     0.000 r  
    AD12                                              0.000     0.000 r  i_sys_clk_p (IN)
                         net (fo=0)                   0.000     0.000    pll_inst/inst/clk_in1_p
    AD12                 IBUFDS (Prop_ibufds_I_O)     0.388     0.388 r  pll_inst/inst/clkin1_ibufgds/O
                         net (fo=1, routed)           0.503     0.891    pll_inst/inst/clk_in1_pll
    PLLE2_ADV_X1Y1       PLLE2_ADV (Prop_plle2_adv_CLKIN1_CLKOUT1)
                                                     -2.908    -2.017 r  pll_inst/inst/plle2_adv_inst/CLKOUT1
                         net (fo=1, routed)           0.958    -1.059    pll_inst/inst/clk_out2_pll
    BUFGCTRL_X0Y0        BUFG (Prop_bufg_I_O)         0.026    -1.033 r  pll_inst/inst/clkout2_buf/O
                         net (fo=2866, routed)        0.630    -0.403    student_top_inst/Core_cpu/cpu_core/pc_reg_inst/clk_out2
    SLICE_X45Y103        FDRE                                         r  student_top_inst/Core_cpu/cpu_core/pc_reg_inst/pc_o_reg[12]/C
  -------------------------------------------------------------------    -------------------
    SLICE_X45Y103        FDRE (Prop_fdre_C_Q)         0.100    -0.303 f  student_top_inst/Core_cpu/cpu_core/pc_reg_inst/pc_o_reg[12]/Q
                         net (fo=6, routed)           0.430     0.127    student_top_inst/Mem_IROM/U0/inst_blk_mem_gen/gnbram.gnativebmg.native_blk_mem_gen/valid.cstr/ramloop[0].ram.r/prim_init.ram/addra[10]
    RAMB36_X2Y19         RAMB36E1                                     f  student_top_inst/Mem_IROM/U0/inst_blk_mem_gen/gnbram.gnativebmg.native_blk_mem_gen/valid.cstr/ramloop[0].ram.r/prim_init.ram/DEVICE_7SERIES.NO_BMM_INFO.SP.SIMPLE_PRIM36.ram/ADDRARDADDR[13]
  -------------------------------------------------------------------    -------------------

                         (clock clk_out2_pll rise edge)
                                                      0.000     0.000 r  
    AD12                                              0.000     0.000 r  i_sys_clk_p (IN)
                         net (fo=0)                   0.000     0.000    pll_inst/inst/clk_in1_p
    AD12                 IBUFDS (Prop_ibufds_I_O)     0.470     0.470 r  pll_inst/inst/clkin1_ibufgds/O
                         net (fo=1, routed)           0.554     1.024    pll_inst/inst/clk_in1_pll
    PLLE2_ADV_X1Y1       PLLE2_ADV (Prop_plle2_adv_CLKIN1_CLKOUT1)
                                                     -3.524    -2.500 r  pll_inst/inst/plle2_adv_inst/CLKOUT1
                         net (fo=1, routed)           1.027    -1.473    pll_inst/inst/clk_out2_pll
    BUFGCTRL_X0Y0        BUFG (Prop_bufg_I_O)         0.030    -1.443 r  pll_inst/inst/clkout2_buf/O
                         net (fo=2866, routed)        0.918    -0.526    student_top_inst/Mem_IROM/U0/inst_blk_mem_gen/gnbram.gnativebmg.native_blk_mem_gen/valid.cstr/ramloop[0].ram.r/prim_init.ram/clka
    RAMB36_X2Y19         RAMB36E1                                     r  student_top_inst/Mem_IROM/U0/inst_blk_mem_gen/gnbram.gnativebmg.native_blk_mem_gen/valid.cstr/ramloop[0].ram.r/prim_init.ram/DEVICE_7SERIES.NO_BMM_INFO.SP.SIMPLE_PRIM36.ram/CLKARDCLK
                         clock pessimism              0.383    -0.143    
    RAMB36_X2Y19         RAMB36E1 (Hold_ramb36e1_CLKARDCLK_ADDRARDADDR[13])
                                                      0.183     0.040    student_top_inst/Mem_IROM/U0/inst_blk_mem_gen/gnbram.gnativebmg.native_blk_mem_gen/valid.cstr/ramloop[0].ram.r/prim_init.ram/DEVICE_7SERIES.NO_BMM_INFO.SP.SIMPLE_PRIM36.ram
  -------------------------------------------------------------------
                         required time                         -0.040    
                         arrival time                           0.127    
  -------------------------------------------------------------------
                         slack                                  0.087    

Slack (MET) :             0.093ns  (arrival time - required time)
  Source:                 student_top_inst/Core_cpu/cpu_core/mem2_align_inst/dff_rd_data/data_o_reg[1]/C
                            (rising edge-triggered cell FDRE clocked by clk_out2_pll  {rise@0.000ns fall@2.286ns period=4.571ns})
  Destination:            student_top_inst/Core_cpu/cpu_core/mem_wb_inst/dff_rd_data/data_o_reg[1]/D
                            (rising edge-triggered cell FDRE clocked by clk_out2_pll  {rise@0.000ns fall@2.286ns period=4.571ns})
  Path Group:             clk_out2_pll
  Path Type:              Hold (Min at Fast Process Corner)
  Requirement:            0.000ns  (clk_out2_pll rise@0.000ns - clk_out2_pll rise@0.000ns)
  Data Path Delay:        0.416ns  (logic 0.128ns (30.748%)  route 0.288ns (69.252%))
  Logic Levels:           1  (LUT6=1)
  Clock Path Skew:        0.263ns (DCD - SCD - CPR)
    Destination Clock Delay (DCD):    -0.556ns
    Source Clock Delay      (SCD):    -0.437ns
    Clock Pessimism Removal (CPR):    -0.383ns

    Location             Delay type                Incr(ns)  Path(ns)    Netlist Resource(s)
  -------------------------------------------------------------------    -------------------
                         (clock clk_out2_pll rise edge)
                                                      0.000     0.000 r  
    AD12                                              0.000     0.000 r  i_sys_clk_p (IN)
                         net (fo=0)                   0.000     0.000    pll_inst/inst/clk_in1_p
    AD12                 IBUFDS (Prop_ibufds_I_O)     0.388     0.388 r  pll_inst/inst/clkin1_ibufgds/O
                         net (fo=1, routed)           0.503     0.891    pll_inst/inst/clk_in1_pll
    PLLE2_ADV_X1Y1       PLLE2_ADV (Prop_plle2_adv_CLKIN1_CLKOUT1)
                                                     -2.908    -2.017 r  pll_inst/inst/plle2_adv_inst/CLKOUT1
                         net (fo=1, routed)           0.958    -1.059    pll_inst/inst/clk_out2_pll
    BUFGCTRL_X0Y0        BUFG (Prop_bufg_I_O)         0.026    -1.033 r  pll_inst/inst/clkout2_buf/O
                         net (fo=2866, routed)        0.596    -0.437    student_top_inst/Core_cpu/cpu_core/mem2_align_inst/dff_rd_data/clk_out2
    SLICE_X61Y100        FDRE                                         r  student_top_inst/Core_cpu/cpu_core/mem2_align_inst/dff_rd_data/data_o_reg[1]/C
  -------------------------------------------------------------------    -------------------
    SLICE_X61Y100        FDRE (Prop_fdre_C_Q)         0.100    -0.337 r  student_top_inst/Core_cpu/cpu_core/mem2_align_inst/dff_rd_data/data_o_reg[1]/Q
                         net (fo=1, routed)           0.288    -0.048    student_top_inst/Core_cpu/cpu_core/mem2_align_inst/dff_inst/mem2_align_rd_data_o[1]
    SLICE_X60Y97         LUT6 (Prop_lut6_I4_O)        0.028    -0.020 r  student_top_inst/Core_cpu/cpu_core/mem2_align_inst/dff_inst/data_o[1]_i_1__3/O
                         net (fo=1, routed)           0.000    -0.020    student_top_inst/Core_cpu/cpu_core/mem_wb_inst/dff_rd_data/mem2_rd_data_o[1]
    SLICE_X60Y97         FDRE                                         r  student_top_inst/Core_cpu/cpu_core/mem_wb_inst/dff_rd_data/data_o_reg[1]/D
  -------------------------------------------------------------------    -------------------

                         (clock clk_out2_pll rise edge)
                                                      0.000     0.000 r  
    AD12                                              0.000     0.000 r  i_sys_clk_p (IN)
                         net (fo=0)                   0.000     0.000    pll_inst/inst/clk_in1_p
    AD12                 IBUFDS (Prop_ibufds_I_O)     0.470     0.470 r  pll_inst/inst/clkin1_ibufgds/O
                         net (fo=1, routed)           0.554     1.024    pll_inst/inst/clk_in1_pll
    PLLE2_ADV_X1Y1       PLLE2_ADV (Prop_plle2_adv_CLKIN1_CLKOUT1)
                                                     -3.524    -2.500 r  pll_inst/inst/plle2_adv_inst/CLKOUT1
                         net (fo=1, routed)           1.027    -1.473    pll_inst/inst/clk_out2_pll
    BUFGCTRL_X0Y0        BUFG (Prop_bufg_I_O)         0.030    -1.443 r  pll_inst/inst/clkout2_buf/O
                         net (fo=2866, routed)        0.887    -0.556    student_top_inst/Core_cpu/cpu_core/mem_wb_inst/dff_rd_data/clk_out2
    SLICE_X60Y97         FDRE                                         r  student_top_inst/Core_cpu/cpu_core/mem_wb_inst/dff_rd_data/data_o_reg[1]/C
                         clock pessimism              0.383    -0.174    
    SLICE_X60Y97         FDRE (Hold_fdre_C_D)         0.060    -0.114    student_top_inst/Core_cpu/cpu_core/mem_wb_inst/dff_rd_data/data_o_reg[1]
  -------------------------------------------------------------------
                         required time                          0.114    
                         arrival time                          -0.020    
  -------------------------------------------------------------------
                         slack                                  0.093    

Slack (MET) :             0.093ns  (arrival time - required time)
  Source:                 student_top_inst/Core_cpu/cpu_core/mem2_align_inst/dff_rd_data/data_o_reg[1]/C
                            (rising edge-triggered cell FDRE clocked by clk_out2_pll  {rise@0.000ns fall@2.286ns period=4.571ns})
  Destination:            student_top_inst/Core_cpu/cpu_core/mem_wb_inst/dff_rd_data/data_o_reg[1]/D
                            (rising edge-triggered cell FDRE clocked by clk_out2_pll  {rise@0.000ns fall@2.286ns period=4.571ns})
  Path Group:             clk_out2_pll
  Path Type:              Hold (Min at Fast Process Corner)
  Requirement:            0.000ns  (clk_out2_pll rise@0.000ns - clk_out2_pll rise@0.000ns)
  Data Path Delay:        0.416ns  (logic 0.128ns (30.748%)  route 0.288ns (69.252%))
  Logic Levels:           1  (LUT6=1)
  Clock Path Skew:        0.263ns (DCD - SCD - CPR)
    Destination Clock Delay (DCD):    -0.556ns
    Source Clock Delay      (SCD):    -0.437ns
    Clock Pessimism Removal (CPR):    -0.383ns

    Location             Delay type                Incr(ns)  Path(ns)    Netlist Resource(s)
  -------------------------------------------------------------------    -------------------
                         (clock clk_out2_pll rise edge)
                                                      0.000     0.000 r  
    AD12                                              0.000     0.000 r  i_sys_clk_p (IN)
                         net (fo=0)                   0.000     0.000    pll_inst/inst/clk_in1_p
    AD12                 IBUFDS (Prop_ibufds_I_O)     0.388     0.388 r  pll_inst/inst/clkin1_ibufgds/O
                         net (fo=1, routed)           0.503     0.891    pll_inst/inst/clk_in1_pll
    PLLE2_ADV_X1Y1       PLLE2_ADV (Prop_plle2_adv_CLKIN1_CLKOUT1)
                                                     -2.908    -2.017 r  pll_inst/inst/plle2_adv_inst/CLKOUT1
                         net (fo=1, routed)           0.958    -1.059    pll_inst/inst/clk_out2_pll
    BUFGCTRL_X0Y0        BUFG (Prop_bufg_I_O)         0.026    -1.033 r  pll_inst/inst/clkout2_buf/O
                         net (fo=2866, routed)        0.596    -0.437    student_top_inst/Core_cpu/cpu_core/mem2_align_inst/dff_rd_data/clk_out2
    SLICE_X61Y100        FDRE                                         r  student_top_inst/Core_cpu/cpu_core/mem2_align_inst/dff_rd_data/data_o_reg[1]/C
  -------------------------------------------------------------------    -------------------
    SLICE_X61Y100        FDRE (Prop_fdre_C_Q)         0.100    -0.337 f  student_top_inst/Core_cpu/cpu_core/mem2_align_inst/dff_rd_data/data_o_reg[1]/Q
                         net (fo=1, routed)           0.288    -0.048    student_top_inst/Core_cpu/cpu_core/mem2_align_inst/dff_inst/mem2_align_rd_data_o[1]
    SLICE_X60Y97         LUT6 (Prop_lut6_I4_O)        0.028    -0.020 f  student_top_inst/Core_cpu/cpu_core/mem2_align_inst/dff_inst/data_o[1]_i_1__3/O
                         net (fo=1, routed)           0.000    -0.020    student_top_inst/Core_cpu/cpu_core/mem_wb_inst/dff_rd_data/mem2_rd_data_o[1]
    SLICE_X60Y97         FDRE                                         f  student_top_inst/Core_cpu/cpu_core/mem_wb_inst/dff_rd_data/data_o_reg[1]/D
  -------------------------------------------------------------------    -------------------

                         (clock clk_out2_pll rise edge)
                                                      0.000     0.000 r  
    AD12                                              0.000     0.000 r  i_sys_clk_p (IN)
                         net (fo=0)                   0.000     0.000    pll_inst/inst/clk_in1_p
    AD12                 IBUFDS (Prop_ibufds_I_O)     0.470     0.470 r  pll_inst/inst/clkin1_ibufgds/O
                         net (fo=1, routed)           0.554     1.024    pll_inst/inst/clk_in1_pll
    PLLE2_ADV_X1Y1       PLLE2_ADV (Prop_plle2_adv_CLKIN1_CLKOUT1)
                                                     -3.524    -2.500 r  pll_inst/inst/plle2_adv_inst/CLKOUT1
                         net (fo=1, routed)           1.027    -1.473    pll_inst/inst/clk_out2_pll
    BUFGCTRL_X0Y0        BUFG (Prop_bufg_I_O)         0.030    -1.443 r  pll_inst/inst/clkout2_buf/O
                         net (fo=2866, routed)        0.887    -0.556    student_top_inst/Core_cpu/cpu_core/mem_wb_inst/dff_rd_data/clk_out2
    SLICE_X60Y97         FDRE                                         r  student_top_inst/Core_cpu/cpu_core/mem_wb_inst/dff_rd_data/data_o_reg[1]/C
                         clock pessimism              0.383    -0.174    
    SLICE_X60Y97         FDRE (Hold_fdre_C_D)         0.060    -0.114    student_top_inst/Core_cpu/cpu_core/mem_wb_inst/dff_rd_data/data_o_reg[1]
  -------------------------------------------------------------------
                         required time                          0.114    
                         arrival time                          -0.020    
  -------------------------------------------------------------------
                         slack                                  0.093    

Slack (MET) :             0.104ns  (arrival time - required time)
  Source:                 student_top_inst/Core_cpu/cpu_core/mem2_align_inst/dff_rd_data/data_o_reg[24]/C
                            (rising edge-triggered cell FDRE clocked by clk_out2_pll  {rise@0.000ns fall@2.286ns period=4.571ns})
  Destination:            student_top_inst/Core_cpu/cpu_core/mem_wb_inst/dff_rd_data/data_o_reg[24]/D
                            (rising edge-triggered cell FDRE clocked by clk_out2_pll  {rise@0.000ns fall@2.286ns period=4.571ns})
  Path Group:             clk_out2_pll
  Path Type:              Hold (Min at Fast Process Corner)
  Requirement:            0.000ns  (clk_out2_pll rise@0.000ns - clk_out2_pll rise@0.000ns)
  Data Path Delay:        0.429ns  (logic 0.128ns (29.828%)  route 0.301ns (70.172%))
  Logic Levels:           1  (LUT6=1)
  Clock Path Skew:        0.265ns (DCD - SCD - CPR)
    Destination Clock Delay (DCD):    -0.557ns
    Source Clock Delay      (SCD):    -0.440ns
    Clock Pessimism Removal (CPR):    -0.383ns

    Location             Delay type                Incr(ns)  Path(ns)    Netlist Resource(s)
  -------------------------------------------------------------------    -------------------
                         (clock clk_out2_pll rise edge)
                                                      0.000     0.000 r  
    AD12                                              0.000     0.000 r  i_sys_clk_p (IN)
                         net (fo=0)                   0.000     0.000    pll_inst/inst/clk_in1_p
    AD12                 IBUFDS (Prop_ibufds_I_O)     0.388     0.388 r  pll_inst/inst/clkin1_ibufgds/O
                         net (fo=1, routed)           0.503     0.891    pll_inst/inst/clk_in1_pll
    PLLE2_ADV_X1Y1       PLLE2_ADV (Prop_plle2_adv_CLKIN1_CLKOUT1)
                                                     -2.908    -2.017 r  pll_inst/inst/plle2_adv_inst/CLKOUT1
                         net (fo=1, routed)           0.958    -1.059    pll_inst/inst/clk_out2_pll
    BUFGCTRL_X0Y0        BUFG (Prop_bufg_I_O)         0.026    -1.033 r  pll_inst/inst/clkout2_buf/O
                         net (fo=2866, routed)        0.593    -0.440    student_top_inst/Core_cpu/cpu_core/mem2_align_inst/dff_rd_data/clk_out2
    SLICE_X71Y100        FDRE                                         r  student_top_inst/Core_cpu/cpu_core/mem2_align_inst/dff_rd_data/data_o_reg[24]/C
  -------------------------------------------------------------------    -------------------
    SLICE_X71Y100        FDRE (Prop_fdre_C_Q)         0.100    -0.340 r  student_top_inst/Core_cpu/cpu_core/mem2_align_inst/dff_rd_data/data_o_reg[24]/Q
                         net (fo=1, routed)           0.301    -0.038    student_top_inst/Core_cpu/cpu_core/mem2_align_inst/dff_inst/mem2_align_rd_data_o[24]
    SLICE_X69Y99         LUT6 (Prop_lut6_I4_O)        0.028    -0.010 r  student_top_inst/Core_cpu/cpu_core/mem2_align_inst/dff_inst/data_o[24]_i_1__1/O
                         net (fo=1, routed)           0.000    -0.010    student_top_inst/Core_cpu/cpu_core/mem_wb_inst/dff_rd_data/mem2_rd_data_o[24]
    SLICE_X69Y99         FDRE                                         r  student_top_inst/Core_cpu/cpu_core/mem_wb_inst/dff_rd_data/data_o_reg[24]/D
  -------------------------------------------------------------------    -------------------

                         (clock clk_out2_pll rise edge)
                                                      0.000     0.000 r  
    AD12                                              0.000     0.000 r  i_sys_clk_p (IN)
                         net (fo=0)                   0.000     0.000    pll_inst/inst/clk_in1_p
    AD12                 IBUFDS (Prop_ibufds_I_O)     0.470     0.470 r  pll_inst/inst/clkin1_ibufgds/O
                         net (fo=1, routed)           0.554     1.024    pll_inst/inst/clk_in1_pll
    PLLE2_ADV_X1Y1       PLLE2_ADV (Prop_plle2_adv_CLKIN1_CLKOUT1)
                                                     -3.524    -2.500 r  pll_inst/inst/plle2_adv_inst/CLKOUT1
                         net (fo=1, routed)           1.027    -1.473    pll_inst/inst/clk_out2_pll
    BUFGCTRL_X0Y0        BUFG (Prop_bufg_I_O)         0.030    -1.443 r  pll_inst/inst/clkout2_buf/O
                         net (fo=2866, routed)        0.886    -0.557    student_top_inst/Core_cpu/cpu_core/mem_wb_inst/dff_rd_data/clk_out2
    SLICE_X69Y99         FDRE                                         r  student_top_inst/Core_cpu/cpu_core/mem_wb_inst/dff_rd_data/data_o_reg[24]/C
                         clock pessimism              0.383    -0.175    
    SLICE_X69Y99         FDRE (Hold_fdre_C_D)         0.060    -0.115    student_top_inst/Core_cpu/cpu_core/mem_wb_inst/dff_rd_data/data_o_reg[24]
  -------------------------------------------------------------------
                         required time                          0.115    
                         arrival time                          -0.010    
  -------------------------------------------------------------------
                         slack                                  0.104    

Slack (MET) :             0.104ns  (arrival time - required time)
  Source:                 student_top_inst/Core_cpu/cpu_core/mem2_align_inst/dff_rd_data/data_o_reg[24]/C
                            (rising edge-triggered cell FDRE clocked by clk_out2_pll  {rise@0.000ns fall@2.286ns period=4.571ns})
  Destination:            student_top_inst/Core_cpu/cpu_core/mem_wb_inst/dff_rd_data/data_o_reg[24]/D
                            (rising edge-triggered cell FDRE clocked by clk_out2_pll  {rise@0.000ns fall@2.286ns period=4.571ns})
  Path Group:             clk_out2_pll
  Path Type:              Hold (Min at Fast Process Corner)
  Requirement:            0.000ns  (clk_out2_pll rise@0.000ns - clk_out2_pll rise@0.000ns)
  Data Path Delay:        0.429ns  (logic 0.128ns (29.828%)  route 0.301ns (70.172%))
  Logic Levels:           1  (LUT6=1)
  Clock Path Skew:        0.265ns (DCD - SCD - CPR)
    Destination Clock Delay (DCD):    -0.557ns
    Source Clock Delay      (SCD):    -0.440ns
    Clock Pessimism Removal (CPR):    -0.383ns

    Location             Delay type                Incr(ns)  Path(ns)    Netlist Resource(s)
  -------------------------------------------------------------------    -------------------
                         (clock clk_out2_pll rise edge)
                                                      0.000     0.000 r  
    AD12                                              0.000     0.000 r  i_sys_clk_p (IN)
                         net (fo=0)                   0.000     0.000    pll_inst/inst/clk_in1_p
    AD12                 IBUFDS (Prop_ibufds_I_O)     0.388     0.388 r  pll_inst/inst/clkin1_ibufgds/O
                         net (fo=1, routed)           0.503     0.891    pll_inst/inst/clk_in1_pll
    PLLE2_ADV_X1Y1       PLLE2_ADV (Prop_plle2_adv_CLKIN1_CLKOUT1)
                                                     -2.908    -2.017 r  pll_inst/inst/plle2_adv_inst/CLKOUT1
                         net (fo=1, routed)           0.958    -1.059    pll_inst/inst/clk_out2_pll
    BUFGCTRL_X0Y0        BUFG (Prop_bufg_I_O)         0.026    -1.033 r  pll_inst/inst/clkout2_buf/O
                         net (fo=2866, routed)        0.593    -0.440    student_top_inst/Core_cpu/cpu_core/mem2_align_inst/dff_rd_data/clk_out2
    SLICE_X71Y100        FDRE                                         r  student_top_inst/Core_cpu/cpu_core/mem2_align_inst/dff_rd_data/data_o_reg[24]/C
  -------------------------------------------------------------------    -------------------
    SLICE_X71Y100        FDRE (Prop_fdre_C_Q)         0.100    -0.340 f  student_top_inst/Core_cpu/cpu_core/mem2_align_inst/dff_rd_data/data_o_reg[24]/Q
                         net (fo=1, routed)           0.301    -0.038    student_top_inst/Core_cpu/cpu_core/mem2_align_inst/dff_inst/mem2_align_rd_data_o[24]
    SLICE_X69Y99         LUT6 (Prop_lut6_I4_O)        0.028    -0.010 f  student_top_inst/Core_cpu/cpu_core/mem2_align_inst/dff_inst/data_o[24]_i_1__1/O
                         net (fo=1, routed)           0.000    -0.010    student_top_inst/Core_cpu/cpu_core/mem_wb_inst/dff_rd_data/mem2_rd_data_o[24]
    SLICE_X69Y99         FDRE                                         f  student_top_inst/Core_cpu/cpu_core/mem_wb_inst/dff_rd_data/data_o_reg[24]/D
  -------------------------------------------------------------------    -------------------

                         (clock clk_out2_pll rise edge)
                                                      0.000     0.000 r  
    AD12                                              0.000     0.000 r  i_sys_clk_p (IN)
                         net (fo=0)                   0.000     0.000    pll_inst/inst/clk_in1_p
    AD12                 IBUFDS (Prop_ibufds_I_O)     0.470     0.470 r  pll_inst/inst/clkin1_ibufgds/O
                         net (fo=1, routed)           0.554     1.024    pll_inst/inst/clk_in1_pll
    PLLE2_ADV_X1Y1       PLLE2_ADV (Prop_plle2_adv_CLKIN1_CLKOUT1)
                                                     -3.524    -2.500 r  pll_inst/inst/plle2_adv_inst/CLKOUT1
                         net (fo=1, routed)           1.027    -1.473    pll_inst/inst/clk_out2_pll
    BUFGCTRL_X0Y0        BUFG (Prop_bufg_I_O)         0.030    -1.443 r  pll_inst/inst/clkout2_buf/O
                         net (fo=2866, routed)        0.886    -0.557    student_top_inst/Core_cpu/cpu_core/mem_wb_inst/dff_rd_data/clk_out2
    SLICE_X69Y99         FDRE                                         r  student_top_inst/Core_cpu/cpu_core/mem_wb_inst/dff_rd_data/data_o_reg[24]/C
                         clock pessimism              0.383    -0.175    
    SLICE_X69Y99         FDRE (Hold_fdre_C_D)         0.060    -0.115    student_top_inst/Core_cpu/cpu_core/mem_wb_inst/dff_rd_data/data_o_reg[24]
  -------------------------------------------------------------------
                         required time                          0.115    
                         arrival time                          -0.010    
  -------------------------------------------------------------------
                         slack                                  0.104    

Slack (MET) :             0.105ns  (arrival time - required time)
  Source:                 student_top_inst/Core_cpu/cpu_core/mem2_align_inst/dff_rd_data/data_o_reg[30]/C
                            (rising edge-triggered cell FDRE clocked by clk_out2_pll  {rise@0.000ns fall@2.286ns period=4.571ns})
  Destination:            student_top_inst/Core_cpu/cpu_core/mem_wb_inst/dff_rd_data/data_o_reg[30]/D
                            (rising edge-triggered cell FDRE clocked by clk_out2_pll  {rise@0.000ns fall@2.286ns period=4.571ns})
  Path Group:             clk_out2_pll
  Path Type:              Hold (Min at Fast Process Corner)
  Requirement:            0.000ns  (clk_out2_pll rise@0.000ns - clk_out2_pll rise@0.000ns)
  Data Path Delay:        0.428ns  (logic 0.155ns (36.199%)  route 0.273ns (63.801%))
  Logic Levels:           1  (LUT6=1)
  Clock Path Skew:        0.263ns (DCD - SCD - CPR)
    Destination Clock Delay (DCD):    -0.557ns
    Source Clock Delay      (SCD):    -0.438ns
    Clock Pessimism Removal (CPR):    -0.383ns

    Location             Delay type                Incr(ns)  Path(ns)    Netlist Resource(s)
  -------------------------------------------------------------------    -------------------
                         (clock clk_out2_pll rise edge)
                                                      0.000     0.000 r  
    AD12                                              0.000     0.000 r  i_sys_clk_p (IN)
                         net (fo=0)                   0.000     0.000    pll_inst/inst/clk_in1_p
    AD12                 IBUFDS (Prop_ibufds_I_O)     0.388     0.388 r  pll_inst/inst/clkin1_ibufgds/O
                         net (fo=1, routed)           0.503     0.891    pll_inst/inst/clk_in1_pll
    PLLE2_ADV_X1Y1       PLLE2_ADV (Prop_plle2_adv_CLKIN1_CLKOUT1)
                                                     -2.908    -2.017 r  pll_inst/inst/plle2_adv_inst/CLKOUT1
                         net (fo=1, routed)           0.958    -1.059    pll_inst/inst/clk_out2_pll
    BUFGCTRL_X0Y0        BUFG (Prop_bufg_I_O)         0.026    -1.033 r  pll_inst/inst/clkout2_buf/O
                         net (fo=2866, routed)        0.595    -0.438    student_top_inst/Core_cpu/cpu_core/mem2_align_inst/dff_rd_data/clk_out2
    SLICE_X65Y100        FDRE                                         r  student_top_inst/Core_cpu/cpu_core/mem2_align_inst/dff_rd_data/data_o_reg[30]/C
  -------------------------------------------------------------------    -------------------
    SLICE_X65Y100        FDRE (Prop_fdre_C_Q)         0.091    -0.347 r  student_top_inst/Core_cpu/cpu_core/mem2_align_inst/dff_rd_data/data_o_reg[30]/Q
                         net (fo=1, routed)           0.273    -0.073    student_top_inst/Core_cpu/cpu_core/mem2_align_inst/dff_inst/mem2_align_rd_data_o[30]
    SLICE_X65Y99         LUT6 (Prop_lut6_I4_O)        0.064    -0.009 r  student_top_inst/Core_cpu/cpu_core/mem2_align_inst/dff_inst/data_o[30]_i_1__1/O
                         net (fo=1, routed)           0.000    -0.009    student_top_inst/Core_cpu/cpu_core/mem_wb_inst/dff_rd_data/mem2_rd_data_o[30]
    SLICE_X65Y99         FDRE                                         r  student_top_inst/Core_cpu/cpu_core/mem_wb_inst/dff_rd_data/data_o_reg[30]/D
  -------------------------------------------------------------------    -------------------

                         (clock clk_out2_pll rise edge)
                                                      0.000     0.000 r  
    AD12                                              0.000     0.000 r  i_sys_clk_p (IN)
                         net (fo=0)                   0.000     0.000    pll_inst/inst/clk_in1_p
    AD12                 IBUFDS (Prop_ibufds_I_O)     0.470     0.470 r  pll_inst/inst/clkin1_ibufgds/O
                         net (fo=1, routed)           0.554     1.024    pll_inst/inst/clk_in1_pll
    PLLE2_ADV_X1Y1       PLLE2_ADV (Prop_plle2_adv_CLKIN1_CLKOUT1)
                                                     -3.524    -2.500 r  pll_inst/inst/plle2_adv_inst/CLKOUT1
                         net (fo=1, routed)           1.027    -1.473    pll_inst/inst/clk_out2_pll
    BUFGCTRL_X0Y0        BUFG (Prop_bufg_I_O)         0.030    -1.443 r  pll_inst/inst/clkout2_buf/O
                         net (fo=2866, routed)        0.886    -0.557    student_top_inst/Core_cpu/cpu_core/mem_wb_inst/dff_rd_data/clk_out2
    SLICE_X65Y99         FDRE                                         r  student_top_inst/Core_cpu/cpu_core/mem_wb_inst/dff_rd_data/data_o_reg[30]/C
                         clock pessimism              0.383    -0.175    
    SLICE_X65Y99         FDRE (Hold_fdre_C_D)         0.060    -0.115    student_top_inst/Core_cpu/cpu_core/mem_wb_inst/dff_rd_data/data_o_reg[30]
  -------------------------------------------------------------------
                         required time                          0.115    
                         arrival time                          -0.009    
  -------------------------------------------------------------------
                         slack                                  0.105    

Slack (MET) :             0.105ns  (arrival time - required time)
  Source:                 student_top_inst/Core_cpu/cpu_core/mem2_align_inst/dff_rd_data/data_o_reg[30]/C
                            (rising edge-triggered cell FDRE clocked by clk_out2_pll  {rise@0.000ns fall@2.286ns period=4.571ns})
  Destination:            student_top_inst/Core_cpu/cpu_core/mem_wb_inst/dff_rd_data/data_o_reg[30]/D
                            (rising edge-triggered cell FDRE clocked by clk_out2_pll  {rise@0.000ns fall@2.286ns period=4.571ns})
  Path Group:             clk_out2_pll
  Path Type:              Hold (Min at Fast Process Corner)
  Requirement:            0.000ns  (clk_out2_pll rise@0.000ns - clk_out2_pll rise@0.000ns)
  Data Path Delay:        0.428ns  (logic 0.155ns (36.199%)  route 0.273ns (63.801%))
  Logic Levels:           1  (LUT6=1)
  Clock Path Skew:        0.263ns (DCD - SCD - CPR)
    Destination Clock Delay (DCD):    -0.557ns
    Source Clock Delay      (SCD):    -0.438ns
    Clock Pessimism Removal (CPR):    -0.383ns

    Location             Delay type                Incr(ns)  Path(ns)    Netlist Resource(s)
  -------------------------------------------------------------------    -------------------
                         (clock clk_out2_pll rise edge)
                                                      0.000     0.000 r  
    AD12                                              0.000     0.000 r  i_sys_clk_p (IN)
                         net (fo=0)                   0.000     0.000    pll_inst/inst/clk_in1_p
    AD12                 IBUFDS (Prop_ibufds_I_O)     0.388     0.388 r  pll_inst/inst/clkin1_ibufgds/O
                         net (fo=1, routed)           0.503     0.891    pll_inst/inst/clk_in1_pll
    PLLE2_ADV_X1Y1       PLLE2_ADV (Prop_plle2_adv_CLKIN1_CLKOUT1)
                                                     -2.908    -2.017 r  pll_inst/inst/plle2_adv_inst/CLKOUT1
                         net (fo=1, routed)           0.958    -1.059    pll_inst/inst/clk_out2_pll
    BUFGCTRL_X0Y0        BUFG (Prop_bufg_I_O)         0.026    -1.033 r  pll_inst/inst/clkout2_buf/O
                         net (fo=2866, routed)        0.595    -0.438    student_top_inst/Core_cpu/cpu_core/mem2_align_inst/dff_rd_data/clk_out2
    SLICE_X65Y100        FDRE                                         r  student_top_inst/Core_cpu/cpu_core/mem2_align_inst/dff_rd_data/data_o_reg[30]/C
  -------------------------------------------------------------------    -------------------
    SLICE_X65Y100        FDRE (Prop_fdre_C_Q)         0.091    -0.347 f  student_top_inst/Core_cpu/cpu_core/mem2_align_inst/dff_rd_data/data_o_reg[30]/Q
                         net (fo=1, routed)           0.273    -0.073    student_top_inst/Core_cpu/cpu_core/mem2_align_inst/dff_inst/mem2_align_rd_data_o[30]
    SLICE_X65Y99         LUT6 (Prop_lut6_I4_O)        0.064    -0.009 f  student_top_inst/Core_cpu/cpu_core/mem2_align_inst/dff_inst/data_o[30]_i_1__1/O
                         net (fo=1, routed)           0.000    -0.009    student_top_inst/Core_cpu/cpu_core/mem_wb_inst/dff_rd_data/mem2_rd_data_o[30]
    SLICE_X65Y99         FDRE                                         f  student_top_inst/Core_cpu/cpu_core/mem_wb_inst/dff_rd_data/data_o_reg[30]/D
  -------------------------------------------------------------------    -------------------

                         (clock clk_out2_pll rise edge)
                                                      0.000     0.000 r  
    AD12                                              0.000     0.000 r  i_sys_clk_p (IN)
                         net (fo=0)                   0.000     0.000    pll_inst/inst/clk_in1_p
    AD12                 IBUFDS (Prop_ibufds_I_O)     0.470     0.470 r  pll_inst/inst/clkin1_ibufgds/O
                         net (fo=1, routed)           0.554     1.024    pll_inst/inst/clk_in1_pll
    PLLE2_ADV_X1Y1       PLLE2_ADV (Prop_plle2_adv_CLKIN1_CLKOUT1)
                                                     -3.524    -2.500 r  pll_inst/inst/plle2_adv_inst/CLKOUT1
                         net (fo=1, routed)           1.027    -1.473    pll_inst/inst/clk_out2_pll
    BUFGCTRL_X0Y0        BUFG (Prop_bufg_I_O)         0.030    -1.443 r  pll_inst/inst/clkout2_buf/O
                         net (fo=2866, routed)        0.886    -0.557    student_top_inst/Core_cpu/cpu_core/mem_wb_inst/dff_rd_data/clk_out2
    SLICE_X65Y99         FDRE                                         r  student_top_inst/Core_cpu/cpu_core/mem_wb_inst/dff_rd_data/data_o_reg[30]/C
                         clock pessimism              0.383    -0.175    
    SLICE_X65Y99         FDRE (Hold_fdre_C_D)         0.060    -0.115    student_top_inst/Core_cpu/cpu_core/mem_wb_inst/dff_rd_data/data_o_reg[30]
  -------------------------------------------------------------------
                         required time                          0.115    
                         arrival time                          -0.009    
  -------------------------------------------------------------------
                         slack                                  0.105    

Slack (MET) :             0.108ns  (arrival time - required time)
  Source:                 student_top_inst/Core_cpu/cpu_core/mem2_align_inst/dff_rd_data/data_o_reg[22]/C
                            (rising edge-triggered cell FDRE clocked by clk_out2_pll  {rise@0.000ns fall@2.286ns period=4.571ns})
  Destination:            student_top_inst/Core_cpu/cpu_core/mem_wb_inst/dff_rd_data/data_o_reg[22]/D
                            (rising edge-triggered cell FDRE clocked by clk_out2_pll  {rise@0.000ns fall@2.286ns period=4.571ns})
  Path Group:             clk_out2_pll
  Path Type:              Hold (Min at Fast Process Corner)
  Requirement:            0.000ns  (clk_out2_pll rise@0.000ns - clk_out2_pll rise@0.000ns)
  Data Path Delay:        0.431ns  (logic 0.128ns (29.680%)  route 0.303ns (70.320%))
  Logic Levels:           1  (LUT6=1)
  Clock Path Skew:        0.263ns (DCD - SCD - CPR)
    Destination Clock Delay (DCD):    -0.557ns
    Source Clock Delay      (SCD):    -0.438ns
    Clock Pessimism Removal (CPR):    -0.383ns

    Location             Delay type                Incr(ns)  Path(ns)    Netlist Resource(s)
  -------------------------------------------------------------------    -------------------
                         (clock clk_out2_pll rise edge)
                                                      0.000     0.000 r  
    AD12                                              0.000     0.000 r  i_sys_clk_p (IN)
                         net (fo=0)                   0.000     0.000    pll_inst/inst/clk_in1_p
    AD12                 IBUFDS (Prop_ibufds_I_O)     0.388     0.388 r  pll_inst/inst/clkin1_ibufgds/O
                         net (fo=1, routed)           0.503     0.891    pll_inst/inst/clk_in1_pll
    PLLE2_ADV_X1Y1       PLLE2_ADV (Prop_plle2_adv_CLKIN1_CLKOUT1)
                                                     -2.908    -2.017 r  pll_inst/inst/plle2_adv_inst/CLKOUT1
                         net (fo=1, routed)           0.958    -1.059    pll_inst/inst/clk_out2_pll
    BUFGCTRL_X0Y0        BUFG (Prop_bufg_I_O)         0.026    -1.033 r  pll_inst/inst/clkout2_buf/O
                         net (fo=2866, routed)        0.595    -0.438    student_top_inst/Core_cpu/cpu_core/mem2_align_inst/dff_rd_data/clk_out2
    SLICE_X65Y100        FDRE                                         r  student_top_inst/Core_cpu/cpu_core/mem2_align_inst/dff_rd_data/data_o_reg[22]/C
  -------------------------------------------------------------------    -------------------
    SLICE_X65Y100        FDRE (Prop_fdre_C_Q)         0.100    -0.338 r  student_top_inst/Core_cpu/cpu_core/mem2_align_inst/dff_rd_data/data_o_reg[22]/Q
                         net (fo=1, routed)           0.303    -0.034    student_top_inst/Core_cpu/cpu_core/mem2_align_inst/dff_inst/mem2_align_rd_data_o[22]
    SLICE_X64Y99         LUT6 (Prop_lut6_I4_O)        0.028    -0.006 r  student_top_inst/Core_cpu/cpu_core/mem2_align_inst/dff_inst/data_o[22]_i_1__1/O
                         net (fo=1, routed)           0.000    -0.006    student_top_inst/Core_cpu/cpu_core/mem_wb_inst/dff_rd_data/mem2_rd_data_o[22]
    SLICE_X64Y99         FDRE                                         r  student_top_inst/Core_cpu/cpu_core/mem_wb_inst/dff_rd_data/data_o_reg[22]/D
  -------------------------------------------------------------------    -------------------

                         (clock clk_out2_pll rise edge)
                                                      0.000     0.000 r  
    AD12                                              0.000     0.000 r  i_sys_clk_p (IN)
                         net (fo=0)                   0.000     0.000    pll_inst/inst/clk_in1_p
    AD12                 IBUFDS (Prop_ibufds_I_O)     0.470     0.470 r  pll_inst/inst/clkin1_ibufgds/O
                         net (fo=1, routed)           0.554     1.024    pll_inst/inst/clk_in1_pll
    PLLE2_ADV_X1Y1       PLLE2_ADV (Prop_plle2_adv_CLKIN1_CLKOUT1)
                                                     -3.524    -2.500 r  pll_inst/inst/plle2_adv_inst/CLKOUT1
                         net (fo=1, routed)           1.027    -1.473    pll_inst/inst/clk_out2_pll
    BUFGCTRL_X0Y0        BUFG (Prop_bufg_I_O)         0.030    -1.443 r  pll_inst/inst/clkout2_buf/O
                         net (fo=2866, routed)        0.886    -0.557    student_top_inst/Core_cpu/cpu_core/mem_wb_inst/dff_rd_data/clk_out2
    SLICE_X64Y99         FDRE                                         r  student_top_inst/Core_cpu/cpu_core/mem_wb_inst/dff_rd_data/data_o_reg[22]/C
                         clock pessimism              0.383    -0.175    
    SLICE_X64Y99         FDRE (Hold_fdre_C_D)         0.060    -0.115    student_top_inst/Core_cpu/cpu_core/mem_wb_inst/dff_rd_data/data_o_reg[22]
  -------------------------------------------------------------------
                         required time                          0.115    
                         arrival time                          -0.006    
  -------------------------------------------------------------------
                         slack                                  0.108    

Slack (MET) :             0.108ns  (arrival time - required time)
  Source:                 student_top_inst/Core_cpu/cpu_core/mem2_align_inst/dff_rd_data/data_o_reg[22]/C
                            (rising edge-triggered cell FDRE clocked by clk_out2_pll  {rise@0.000ns fall@2.286ns period=4.571ns})
  Destination:            student_top_inst/Core_cpu/cpu_core/mem_wb_inst/dff_rd_data/data_o_reg[22]/D
                            (rising edge-triggered cell FDRE clocked by clk_out2_pll  {rise@0.000ns fall@2.286ns period=4.571ns})
  Path Group:             clk_out2_pll
  Path Type:              Hold (Min at Fast Process Corner)
  Requirement:            0.000ns  (clk_out2_pll rise@0.000ns - clk_out2_pll rise@0.000ns)
  Data Path Delay:        0.431ns  (logic 0.128ns (29.680%)  route 0.303ns (70.320%))
  Logic Levels:           1  (LUT6=1)
  Clock Path Skew:        0.263ns (DCD - SCD - CPR)
    Destination Clock Delay (DCD):    -0.557ns
    Source Clock Delay      (SCD):    -0.438ns
    Clock Pessimism Removal (CPR):    -0.383ns

    Location             Delay type                Incr(ns)  Path(ns)    Netlist Resource(s)
  -------------------------------------------------------------------    -------------------
                         (clock clk_out2_pll rise edge)
                                                      0.000     0.000 r  
    AD12                                              0.000     0.000 r  i_sys_clk_p (IN)
                         net (fo=0)                   0.000     0.000    pll_inst/inst/clk_in1_p
    AD12                 IBUFDS (Prop_ibufds_I_O)     0.388     0.388 r  pll_inst/inst/clkin1_ibufgds/O
                         net (fo=1, routed)           0.503     0.891    pll_inst/inst/clk_in1_pll
    PLLE2_ADV_X1Y1       PLLE2_ADV (Prop_plle2_adv_CLKIN1_CLKOUT1)
                                                     -2.908    -2.017 r  pll_inst/inst/plle2_adv_inst/CLKOUT1
                         net (fo=1, routed)           0.958    -1.059    pll_inst/inst/clk_out2_pll
    BUFGCTRL_X0Y0        BUFG (Prop_bufg_I_O)         0.026    -1.033 r  pll_inst/inst/clkout2_buf/O
                         net (fo=2866, routed)        0.595    -0.438    student_top_inst/Core_cpu/cpu_core/mem2_align_inst/dff_rd_data/clk_out2
    SLICE_X65Y100        FDRE                                         r  student_top_inst/Core_cpu/cpu_core/mem2_align_inst/dff_rd_data/data_o_reg[22]/C
  -------------------------------------------------------------------    -------------------
    SLICE_X65Y100        FDRE (Prop_fdre_C_Q)         0.100    -0.338 f  student_top_inst/Core_cpu/cpu_core/mem2_align_inst/dff_rd_data/data_o_reg[22]/Q
                         net (fo=1, routed)           0.303    -0.034    student_top_inst/Core_cpu/cpu_core/mem2_align_inst/dff_inst/mem2_align_rd_data_o[22]
    SLICE_X64Y99         LUT6 (Prop_lut6_I4_O)        0.028    -0.006 f  student_top_inst/Core_cpu/cpu_core/mem2_align_inst/dff_inst/data_o[22]_i_1__1/O
                         net (fo=1, routed)           0.000    -0.006    student_top_inst/Core_cpu/cpu_core/mem_wb_inst/dff_rd_data/mem2_rd_data_o[22]
    SLICE_X64Y99         FDRE                                         f  student_top_inst/Core_cpu/cpu_core/mem_wb_inst/dff_rd_data/data_o_reg[22]/D
  -------------------------------------------------------------------    -------------------

                         (clock clk_out2_pll rise edge)
                                                      0.000     0.000 r  
    AD12                                              0.000     0.000 r  i_sys_clk_p (IN)
                         net (fo=0)                   0.000     0.000    pll_inst/inst/clk_in1_p
    AD12                 IBUFDS (Prop_ibufds_I_O)     0.470     0.470 r  pll_inst/inst/clkin1_ibufgds/O
                         net (fo=1, routed)           0.554     1.024    pll_inst/inst/clk_in1_pll
    PLLE2_ADV_X1Y1       PLLE2_ADV (Prop_plle2_adv_CLKIN1_CLKOUT1)
                                                     -3.524    -2.500 r  pll_inst/inst/plle2_adv_inst/CLKOUT1
                         net (fo=1, routed)           1.027    -1.473    pll_inst/inst/clk_out2_pll
    BUFGCTRL_X0Y0        BUFG (Prop_bufg_I_O)         0.030    -1.443 r  pll_inst/inst/clkout2_buf/O
                         net (fo=2866, routed)        0.886    -0.557    student_top_inst/Core_cpu/cpu_core/mem_wb_inst/dff_rd_data/clk_out2
    SLICE_X64Y99         FDRE                                         r  student_top_inst/Core_cpu/cpu_core/mem_wb_inst/dff_rd_data/data_o_reg[22]/C
                         clock pessimism              0.383    -0.175    
    SLICE_X64Y99         FDRE (Hold_fdre_C_D)         0.060    -0.115    student_top_inst/Core_cpu/cpu_core/mem_wb_inst/dff_rd_data/data_o_reg[22]
  -------------------------------------------------------------------
                         required time                          0.115    
                         arrival time                          -0.006    
  -------------------------------------------------------------------
                         slack                                  0.108    

Slack (MET) :             0.110ns  (arrival time - required time)
  Source:                 student_top_inst/bridge_inst/counter_inst/cnt_bin_cpu_d_reg[25]/C
                            (rising edge-triggered cell FDRE clocked by clk_out2_pll  {rise@0.000ns fall@2.286ns period=4.571ns})
  Destination:            student_top_inst/bridge_inst/mmio_rdata_r_reg[25]/D
                            (rising edge-triggered cell FDRE clocked by clk_out2_pll  {rise@0.000ns fall@2.286ns period=4.571ns})
  Path Group:             clk_out2_pll
  Path Type:              Hold (Min at Fast Process Corner)
  Requirement:            0.000ns  (clk_out2_pll rise@0.000ns - clk_out2_pll rise@0.000ns)
  Data Path Delay:        0.228ns  (logic 0.128ns (56.068%)  route 0.100ns (43.932%))
  Logic Levels:           1  (LUT5=1)
  Clock Path Skew:        0.031ns (DCD - SCD - CPR)
    Destination Clock Delay (DCD):    -0.558ns
    Source Clock Delay      (SCD):    -0.387ns
    Clock Pessimism Removal (CPR):    -0.203ns

    Location             Delay type                Incr(ns)  Path(ns)    Netlist Resource(s)
  -------------------------------------------------------------------    -------------------
                         (clock clk_out2_pll rise edge)
                                                      0.000     0.000 r  
    AD12                                              0.000     0.000 r  i_sys_clk_p (IN)
                         net (fo=0)                   0.000     0.000    pll_inst/inst/clk_in1_p
    AD12                 IBUFDS (Prop_ibufds_I_O)     0.388     0.388 r  pll_inst/inst/clkin1_ibufgds/O
                         net (fo=1, routed)           0.503     0.891    pll_inst/inst/clk_in1_pll
    PLLE2_ADV_X1Y1       PLLE2_ADV (Prop_plle2_adv_CLKIN1_CLKOUT1)
                                                     -2.908    -2.017 r  pll_inst/inst/plle2_adv_inst/CLKOUT1
                         net (fo=1, routed)           0.958    -1.059    pll_inst/inst/clk_out2_pll
    BUFGCTRL_X0Y0        BUFG (Prop_bufg_I_O)         0.026    -1.033 r  pll_inst/inst/clkout2_buf/O
                         net (fo=2866, routed)        0.646    -0.387    student_top_inst/bridge_inst/counter_inst/clk_out2
    SLICE_X63Y94         FDRE                                         r  student_top_inst/bridge_inst/counter_inst/cnt_bin_cpu_d_reg[25]/C
  -------------------------------------------------------------------    -------------------
    SLICE_X63Y94         FDRE (Prop_fdre_C_Q)         0.100    -0.287 r  student_top_inst/bridge_inst/counter_inst/cnt_bin_cpu_d_reg[25]/Q
                         net (fo=1, routed)           0.100    -0.186    student_top_inst/bridge_inst/counter_inst/cnt_bin_cpu_d[25]
    SLICE_X66Y94         LUT5 (Prop_lut5_I4_O)        0.028    -0.158 r  student_top_inst/bridge_inst/counter_inst/mmio_rdata_r[25]_i_1/O
                         net (fo=1, routed)           0.000    -0.158    student_top_inst/bridge_inst/mmio_rdata_next[25]
    SLICE_X66Y94         FDRE                                         r  student_top_inst/bridge_inst/mmio_rdata_r_reg[25]/D
  -------------------------------------------------------------------    -------------------

                         (clock clk_out2_pll rise edge)
                                                      0.000     0.000 r  
    AD12                                              0.000     0.000 r  i_sys_clk_p (IN)
                         net (fo=0)                   0.000     0.000    pll_inst/inst/clk_in1_p
    AD12                 IBUFDS (Prop_ibufds_I_O)     0.470     0.470 r  pll_inst/inst/clkin1_ibufgds/O
                         net (fo=1, routed)           0.554     1.024    pll_inst/inst/clk_in1_pll
    PLLE2_ADV_X1Y1       PLLE2_ADV (Prop_plle2_adv_CLKIN1_CLKOUT1)
                                                     -3.524    -2.500 r  pll_inst/inst/plle2_adv_inst/CLKOUT1
                         net (fo=1, routed)           1.027    -1.473    pll_inst/inst/clk_out2_pll
    BUFGCTRL_X0Y0        BUFG (Prop_bufg_I_O)         0.030    -1.443 r  pll_inst/inst/clkout2_buf/O
                         net (fo=2866, routed)        0.885    -0.558    student_top_inst/bridge_inst/clk_out2
    SLICE_X66Y94         FDRE                                         r  student_top_inst/bridge_inst/mmio_rdata_r_reg[25]/C
                         clock pessimism              0.203    -0.356    
    SLICE_X66Y94         FDRE (Hold_fdre_C_D)         0.087    -0.269    student_top_inst/bridge_inst/mmio_rdata_r_reg[25]
  -------------------------------------------------------------------
                         required time                          0.269    
                         arrival time                          -0.158    
  -------------------------------------------------------------------
                         slack                                  0.110    

Slack (MET) :             0.110ns  (arrival time - required time)
  Source:                 student_top_inst/bridge_inst/counter_inst/cnt_bin_cpu_d_reg[25]/C
                            (rising edge-triggered cell FDRE clocked by clk_out2_pll  {rise@0.000ns fall@2.286ns period=4.571ns})
  Destination:            student_top_inst/bridge_inst/mmio_rdata_r_reg[25]/D
                            (rising edge-triggered cell FDRE clocked by clk_out2_pll  {rise@0.000ns fall@2.286ns period=4.571ns})
  Path Group:             clk_out2_pll
  Path Type:              Hold (Min at Fast Process Corner)
  Requirement:            0.000ns  (clk_out2_pll rise@0.000ns - clk_out2_pll rise@0.000ns)
  Data Path Delay:        0.228ns  (logic 0.128ns (56.068%)  route 0.100ns (43.932%))
  Logic Levels:           1  (LUT5=1)
  Clock Path Skew:        0.031ns (DCD - SCD - CPR)
    Destination Clock Delay (DCD):    -0.558ns
    Source Clock Delay      (SCD):    -0.387ns
    Clock Pessimism Removal (CPR):    -0.203ns

    Location             Delay type                Incr(ns)  Path(ns)    Netlist Resource(s)
  -------------------------------------------------------------------    -------------------
                         (clock clk_out2_pll rise edge)
                                                      0.000     0.000 r  
    AD12                                              0.000     0.000 r  i_sys_clk_p (IN)
                         net (fo=0)                   0.000     0.000    pll_inst/inst/clk_in1_p
    AD12                 IBUFDS (Prop_ibufds_I_O)     0.388     0.388 r  pll_inst/inst/clkin1_ibufgds/O
                         net (fo=1, routed)           0.503     0.891    pll_inst/inst/clk_in1_pll
    PLLE2_ADV_X1Y1       PLLE2_ADV (Prop_plle2_adv_CLKIN1_CLKOUT1)
                                                     -2.908    -2.017 r  pll_inst/inst/plle2_adv_inst/CLKOUT1
                         net (fo=1, routed)           0.958    -1.059    pll_inst/inst/clk_out2_pll
    BUFGCTRL_X0Y0        BUFG (Prop_bufg_I_O)         0.026    -1.033 r  pll_inst/inst/clkout2_buf/O
                         net (fo=2866, routed)        0.646    -0.387    student_top_inst/bridge_inst/counter_inst/clk_out2
    SLICE_X63Y94         FDRE                                         r  student_top_inst/bridge_inst/counter_inst/cnt_bin_cpu_d_reg[25]/C
  -------------------------------------------------------------------    -------------------
    SLICE_X63Y94         FDRE (Prop_fdre_C_Q)         0.100    -0.287 f  student_top_inst/bridge_inst/counter_inst/cnt_bin_cpu_d_reg[25]/Q
                         net (fo=1, routed)           0.100    -0.186    student_top_inst/bridge_inst/counter_inst/cnt_bin_cpu_d[25]
    SLICE_X66Y94         LUT5 (Prop_lut5_I4_O)        0.028    -0.158 f  student_top_inst/bridge_inst/counter_inst/mmio_rdata_r[25]_i_1/O
                         net (fo=1, routed)           0.000    -0.158    student_top_inst/bridge_inst/mmio_rdata_next[25]
    SLICE_X66Y94         FDRE                                         f  student_top_inst/bridge_inst/mmio_rdata_r_reg[25]/D
  -------------------------------------------------------------------    -------------------

                         (clock clk_out2_pll rise edge)
                                                      0.000     0.000 r  
    AD12                                              0.000     0.000 r  i_sys_clk_p (IN)
                         net (fo=0)                   0.000     0.000    pll_inst/inst/clk_in1_p
    AD12                 IBUFDS (Prop_ibufds_I_O)     0.470     0.470 r  pll_inst/inst/clkin1_ibufgds/O
                         net (fo=1, routed)           0.554     1.024    pll_inst/inst/clk_in1_pll
    PLLE2_ADV_X1Y1       PLLE2_ADV (Prop_plle2_adv_CLKIN1_CLKOUT1)
                                                     -3.524    -2.500 r  pll_inst/inst/plle2_adv_inst/CLKOUT1
                         net (fo=1, routed)           1.027    -1.473    pll_inst/inst/clk_out2_pll
    BUFGCTRL_X0Y0        BUFG (Prop_bufg_I_O)         0.030    -1.443 r  pll_inst/inst/clkout2_buf/O
                         net (fo=2866, routed)        0.885    -0.558    student_top_inst/bridge_inst/clk_out2
    SLICE_X66Y94         FDRE                                         r  student_top_inst/bridge_inst/mmio_rdata_r_reg[25]/C
                         clock pessimism              0.203    -0.356    
    SLICE_X66Y94         FDRE (Hold_fdre_C_D)         0.087    -0.269    student_top_inst/bridge_inst/mmio_rdata_r_reg[25]
  -------------------------------------------------------------------
                         required time                          0.269    
                         arrival time                          -0.158    
  -------------------------------------------------------------------
                         slack                                  0.110    

Slack (MET) :             0.111ns  (arrival time - required time)
  Source:                 student_top_inst/bridge_inst/sw_sync_d2_reg[26]/C
                            (rising edge-triggered cell FDRE clocked by clk_out2_pll  {rise@0.000ns fall@2.286ns period=4.571ns})
  Destination:            student_top_inst/bridge_inst/mmio_rdata_r_reg[26]/D
                            (rising edge-triggered cell FDRE clocked by clk_out2_pll  {rise@0.000ns fall@2.286ns period=4.571ns})
  Path Group:             clk_out2_pll
  Path Type:              Hold (Min at Fast Process Corner)
  Requirement:            0.000ns  (clk_out2_pll rise@0.000ns - clk_out2_pll rise@0.000ns)
  Data Path Delay:        0.209ns  (logic 0.128ns (61.382%)  route 0.081ns (38.618%))
  Logic Levels:           1  (LUT5=1)
  Clock Path Skew:        0.011ns (DCD - SCD - CPR)
    Destination Clock Delay (DCD):    -0.558ns
    Source Clock Delay      (SCD):    -0.388ns
    Clock Pessimism Removal (CPR):    -0.182ns

    Location             Delay type                Incr(ns)  Path(ns)    Netlist Resource(s)
  -------------------------------------------------------------------    -------------------
                         (clock clk_out2_pll rise edge)
                                                      0.000     0.000 r  
    AD12                                              0.000     0.000 r  i_sys_clk_p (IN)
                         net (fo=0)                   0.000     0.000    pll_inst/inst/clk_in1_p
    AD12                 IBUFDS (Prop_ibufds_I_O)     0.388     0.388 r  pll_inst/inst/clkin1_ibufgds/O
                         net (fo=1, routed)           0.503     0.891    pll_inst/inst/clk_in1_pll
    PLLE2_ADV_X1Y1       PLLE2_ADV (Prop_plle2_adv_CLKIN1_CLKOUT1)
                                                     -2.908    -2.017 r  pll_inst/inst/plle2_adv_inst/CLKOUT1
                         net (fo=1, routed)           0.958    -1.059    pll_inst/inst/clk_out2_pll
    BUFGCTRL_X0Y0        BUFG (Prop_bufg_I_O)         0.026    -1.033 r  pll_inst/inst/clkout2_buf/O
                         net (fo=2866, routed)        0.645    -0.388    student_top_inst/bridge_inst/clk_out2
    SLICE_X67Y94         FDRE                                         r  student_top_inst/bridge_inst/sw_sync_d2_reg[26]/C
  -------------------------------------------------------------------    -------------------
    SLICE_X67Y94         FDRE (Prop_fdre_C_Q)         0.100    -0.288 r  student_top_inst/bridge_inst/sw_sync_d2_reg[26]/Q
                         net (fo=1, routed)           0.081    -0.207    student_top_inst/bridge_inst/counter_inst/Q[26]
    SLICE_X66Y94         LUT5 (Prop_lut5_I1_O)        0.028    -0.179 r  student_top_inst/bridge_inst/counter_inst/mmio_rdata_r[26]_i_1/O
                         net (fo=1, routed)           0.000    -0.179    student_top_inst/bridge_inst/mmio_rdata_next[26]
    SLICE_X66Y94         FDRE                                         r  student_top_inst/bridge_inst/mmio_rdata_r_reg[26]/D
  -------------------------------------------------------------------    -------------------

                         (clock clk_out2_pll rise edge)
                                                      0.000     0.000 r  
    AD12                                              0.000     0.000 r  i_sys_clk_p (IN)
                         net (fo=0)                   0.000     0.000    pll_inst/inst/clk_in1_p
    AD12                 IBUFDS (Prop_ibufds_I_O)     0.470     0.470 r  pll_inst/inst/clkin1_ibufgds/O
                         net (fo=1, routed)           0.554     1.024    pll_inst/inst/clk_in1_pll
    PLLE2_ADV_X1Y1       PLLE2_ADV (Prop_plle2_adv_CLKIN1_CLKOUT1)
                                                     -3.524    -2.500 r  pll_inst/inst/plle2_adv_inst/CLKOUT1
                         net (fo=1, routed)           1.027    -1.473    pll_inst/inst/clk_out2_pll
    BUFGCTRL_X0Y0        BUFG (Prop_bufg_I_O)         0.030    -1.443 r  pll_inst/inst/clkout2_buf/O
                         net (fo=2866, routed)        0.885    -0.558    student_top_inst/bridge_inst/clk_out2
    SLICE_X66Y94         FDRE                                         r  student_top_inst/bridge_inst/mmio_rdata_r_reg[26]/C
                         clock pessimism              0.182    -0.377    
    SLICE_X66Y94         FDRE (Hold_fdre_C_D)         0.087    -0.290    student_top_inst/bridge_inst/mmio_rdata_r_reg[26]
  -------------------------------------------------------------------
                         required time                          0.290    
                         arrival time                          -0.179    
  -------------------------------------------------------------------
                         slack                                  0.111    

Slack (MET) :             0.111ns  (arrival time - required time)
  Source:                 student_top_inst/bridge_inst/sw_sync_d2_reg[26]/C
                            (rising edge-triggered cell FDRE clocked by clk_out2_pll  {rise@0.000ns fall@2.286ns period=4.571ns})
  Destination:            student_top_inst/bridge_inst/mmio_rdata_r_reg[26]/D
                            (rising edge-triggered cell FDRE clocked by clk_out2_pll  {rise@0.000ns fall@2.286ns period=4.571ns})
  Path Group:             clk_out2_pll
  Path Type:              Hold (Min at Fast Process Corner)
  Requirement:            0.000ns  (clk_out2_pll rise@0.000ns - clk_out2_pll rise@0.000ns)
  Data Path Delay:        0.209ns  (logic 0.128ns (61.382%)  route 0.081ns (38.618%))
  Logic Levels:           1  (LUT5=1)
  Clock Path Skew:        0.011ns (DCD - SCD - CPR)
    Destination Clock Delay (DCD):    -0.558ns
    Source Clock Delay      (SCD):    -0.388ns
    Clock Pessimism Removal (CPR):    -0.182ns

    Location             Delay type                Incr(ns)  Path(ns)    Netlist Resource(s)
  -------------------------------------------------------------------    -------------------
                         (clock clk_out2_pll rise edge)
                                                      0.000     0.000 r  
    AD12                                              0.000     0.000 r  i_sys_clk_p (IN)
                         net (fo=0)                   0.000     0.000    pll_inst/inst/clk_in1_p
    AD12                 IBUFDS (Prop_ibufds_I_O)     0.388     0.388 r  pll_inst/inst/clkin1_ibufgds/O
                         net (fo=1, routed)           0.503     0.891    pll_inst/inst/clk_in1_pll
    PLLE2_ADV_X1Y1       PLLE2_ADV (Prop_plle2_adv_CLKIN1_CLKOUT1)
                                                     -2.908    -2.017 r  pll_inst/inst/plle2_adv_inst/CLKOUT1
                         net (fo=1, routed)           0.958    -1.059    pll_inst/inst/clk_out2_pll
    BUFGCTRL_X0Y0        BUFG (Prop_bufg_I_O)         0.026    -1.033 r  pll_inst/inst/clkout2_buf/O
                         net (fo=2866, routed)        0.645    -0.388    student_top_inst/bridge_inst/clk_out2
    SLICE_X67Y94         FDRE                                         r  student_top_inst/bridge_inst/sw_sync_d2_reg[26]/C
  -------------------------------------------------------------------    -------------------
    SLICE_X67Y94         FDRE (Prop_fdre_C_Q)         0.100    -0.288 f  student_top_inst/bridge_inst/sw_sync_d2_reg[26]/Q
                         net (fo=1, routed)           0.081    -0.207    student_top_inst/bridge_inst/counter_inst/Q[26]
    SLICE_X66Y94         LUT5 (Prop_lut5_I1_O)        0.028    -0.179 f  student_top_inst/bridge_inst/counter_inst/mmio_rdata_r[26]_i_1/O
                         net (fo=1, routed)           0.000    -0.179    student_top_inst/bridge_inst/mmio_rdata_next[26]
    SLICE_X66Y94         FDRE                                         f  student_top_inst/bridge_inst/mmio_rdata_r_reg[26]/D
  -------------------------------------------------------------------    -------------------

                         (clock clk_out2_pll rise edge)
                                                      0.000     0.000 r  
    AD12                                              0.000     0.000 r  i_sys_clk_p (IN)
                         net (fo=0)                   0.000     0.000    pll_inst/inst/clk_in1_p
    AD12                 IBUFDS (Prop_ibufds_I_O)     0.470     0.470 r  pll_inst/inst/clkin1_ibufgds/O
                         net (fo=1, routed)           0.554     1.024    pll_inst/inst/clk_in1_pll
    PLLE2_ADV_X1Y1       PLLE2_ADV (Prop_plle2_adv_CLKIN1_CLKOUT1)
                                                     -3.524    -2.500 r  pll_inst/inst/plle2_adv_inst/CLKOUT1
                         net (fo=1, routed)           1.027    -1.473    pll_inst/inst/clk_out2_pll
    BUFGCTRL_X0Y0        BUFG (Prop_bufg_I_O)         0.030    -1.443 r  pll_inst/inst/clkout2_buf/O
                         net (fo=2866, routed)        0.885    -0.558    student_top_inst/bridge_inst/clk_out2
    SLICE_X66Y94         FDRE                                         r  student_top_inst/bridge_inst/mmio_rdata_r_reg[26]/C
                         clock pessimism              0.182    -0.377    
    SLICE_X66Y94         FDRE (Hold_fdre_C_D)         0.087    -0.290    student_top_inst/bridge_inst/mmio_rdata_r_reg[26]
  -------------------------------------------------------------------
                         required time                          0.290    
                         arrival time                          -0.179    
  -------------------------------------------------------------------
                         slack                                  0.111    

Slack (MET) :             0.111ns  (arrival time - required time)
  Source:                 student_top_inst/Core_cpu/cpu_core/ex_inst/rv32m_inst_r_reg[6]/C
                            (rising edge-triggered cell FDRE clocked by clk_out2_pll  {rise@0.000ns fall@2.286ns period=4.571ns})
  Destination:            student_top_inst/Core_cpu/cpu_core/ex_mem_inst/dff_inst/data_o_reg[6]/D
                            (rising edge-triggered cell FDRE clocked by clk_out2_pll  {rise@0.000ns fall@2.286ns period=4.571ns})
  Path Group:             clk_out2_pll
  Path Type:              Hold (Min at Fast Process Corner)
  Requirement:            0.000ns  (clk_out2_pll rise@0.000ns - clk_out2_pll rise@0.000ns)
  Data Path Delay:        0.209ns  (logic 0.128ns (61.382%)  route 0.081ns (38.618%))
  Logic Levels:           1  (LUT5=1)
  Clock Path Skew:        0.011ns (DCD - SCD - CPR)
    Destination Clock Delay (DCD):    -0.628ns
    Source Clock Delay      (SCD):    -0.437ns
    Clock Pessimism Removal (CPR):    -0.203ns

    Location             Delay type                Incr(ns)  Path(ns)    Netlist Resource(s)
  -------------------------------------------------------------------    -------------------
                         (clock clk_out2_pll rise edge)
                                                      0.000     0.000 r  
    AD12                                              0.000     0.000 r  i_sys_clk_p (IN)
                         net (fo=0)                   0.000     0.000    pll_inst/inst/clk_in1_p
    AD12                 IBUFDS (Prop_ibufds_I_O)     0.388     0.388 r  pll_inst/inst/clkin1_ibufgds/O
                         net (fo=1, routed)           0.503     0.891    pll_inst/inst/clk_in1_pll
    PLLE2_ADV_X1Y1       PLLE2_ADV (Prop_plle2_adv_CLKIN1_CLKOUT1)
                                                     -2.908    -2.017 r  pll_inst/inst/plle2_adv_inst/CLKOUT1
                         net (fo=1, routed)           0.958    -1.059    pll_inst/inst/clk_out2_pll
    BUFGCTRL_X0Y0        BUFG (Prop_bufg_I_O)         0.026    -1.033 r  pll_inst/inst/clkout2_buf/O
                         net (fo=2866, routed)        0.596    -0.437    student_top_inst/Core_cpu/cpu_core/ex_inst/clk_out2
    SLICE_X55Y101        FDRE                                         r  student_top_inst/Core_cpu/cpu_core/ex_inst/rv32m_inst_r_reg[6]/C
  -------------------------------------------------------------------    -------------------
    SLICE_X55Y101        FDRE (Prop_fdre_C_Q)         0.100    -0.337 r  student_top_inst/Core_cpu/cpu_core/ex_inst/rv32m_inst_r_reg[6]/Q
                         net (fo=1, routed)           0.081    -0.256    student_top_inst/Core_cpu/cpu_core/ex_inst/rv32m_iter_inst/data_o_reg[14]_1[6]
    SLICE_X54Y101        LUT5 (Prop_lut5_I3_O)        0.028    -0.228 r  student_top_inst/Core_cpu/cpu_core/ex_inst/rv32m_iter_inst/data_o[6]_i_1__3/O
                         net (fo=1, routed)           0.000    -0.228    student_top_inst/Core_cpu/cpu_core/ex_mem_inst/dff_inst/ex_inst_o[3]
    SLICE_X54Y101        FDRE                                         r  student_top_inst/Core_cpu/cpu_core/ex_mem_inst/dff_inst/data_o_reg[6]/D
  -------------------------------------------------------------------    -------------------

                         (clock clk_out2_pll rise edge)
                                                      0.000     0.000 r  
    AD12                                              0.000     0.000 r  i_sys_clk_p (IN)
                         net (fo=0)                   0.000     0.000    pll_inst/inst/clk_in1_p
    AD12                 IBUFDS (Prop_ibufds_I_O)     0.470     0.470 r  pll_inst/inst/clkin1_ibufgds/O
                         net (fo=1, routed)           0.554     1.024    pll_inst/inst/clk_in1_pll
    PLLE2_ADV_X1Y1       PLLE2_ADV (Prop_plle2_adv_CLKIN1_CLKOUT1)
                                                     -3.524    -2.500 r  pll_inst/inst/plle2_adv_inst/CLKOUT1
                         net (fo=1, routed)           1.027    -1.473    pll_inst/inst/clk_out2_pll
    BUFGCTRL_X0Y0        BUFG (Prop_bufg_I_O)         0.030    -1.443 r  pll_inst/inst/clkout2_buf/O
                         net (fo=2866, routed)        0.815    -0.628    student_top_inst/Core_cpu/cpu_core/ex_mem_inst/dff_inst/clk_out2
    SLICE_X54Y101        FDRE                                         r  student_top_inst/Core_cpu/cpu_core/ex_mem_inst/dff_inst/data_o_reg[6]/C
                         clock pessimism              0.203    -0.426    
    SLICE_X54Y101        FDRE (Hold_fdre_C_D)         0.087    -0.339    student_top_inst/Core_cpu/cpu_core/ex_mem_inst/dff_inst/data_o_reg[6]
  -------------------------------------------------------------------
                         required time                          0.339    
                         arrival time                          -0.228    
  -------------------------------------------------------------------
                         slack                                  0.111    

Slack (MET) :             0.111ns  (arrival time - required time)
  Source:                 student_top_inst/Core_cpu/cpu_core/ex_inst/rv32m_inst_r_reg[6]/C
                            (rising edge-triggered cell FDRE clocked by clk_out2_pll  {rise@0.000ns fall@2.286ns period=4.571ns})
  Destination:            student_top_inst/Core_cpu/cpu_core/ex_mem_inst/dff_inst/data_o_reg[6]/D
                            (rising edge-triggered cell FDRE clocked by clk_out2_pll  {rise@0.000ns fall@2.286ns period=4.571ns})
  Path Group:             clk_out2_pll
  Path Type:              Hold (Min at Fast Process Corner)
  Requirement:            0.000ns  (clk_out2_pll rise@0.000ns - clk_out2_pll rise@0.000ns)
  Data Path Delay:        0.209ns  (logic 0.128ns (61.382%)  route 0.081ns (38.618%))
  Logic Levels:           1  (LUT5=1)
  Clock Path Skew:        0.011ns (DCD - SCD - CPR)
    Destination Clock Delay (DCD):    -0.628ns
    Source Clock Delay      (SCD):    -0.437ns
    Clock Pessimism Removal (CPR):    -0.203ns

    Location             Delay type                Incr(ns)  Path(ns)    Netlist Resource(s)
  -------------------------------------------------------------------    -------------------
                         (clock clk_out2_pll rise edge)
                                                      0.000     0.000 r  
    AD12                                              0.000     0.000 r  i_sys_clk_p (IN)
                         net (fo=0)                   0.000     0.000    pll_inst/inst/clk_in1_p
    AD12                 IBUFDS (Prop_ibufds_I_O)     0.388     0.388 r  pll_inst/inst/clkin1_ibufgds/O
                         net (fo=1, routed)           0.503     0.891    pll_inst/inst/clk_in1_pll
    PLLE2_ADV_X1Y1       PLLE2_ADV (Prop_plle2_adv_CLKIN1_CLKOUT1)
                                                     -2.908    -2.017 r  pll_inst/inst/plle2_adv_inst/CLKOUT1
                         net (fo=1, routed)           0.958    -1.059    pll_inst/inst/clk_out2_pll
    BUFGCTRL_X0Y0        BUFG (Prop_bufg_I_O)         0.026    -1.033 r  pll_inst/inst/clkout2_buf/O
                         net (fo=2866, routed)        0.596    -0.437    student_top_inst/Core_cpu/cpu_core/ex_inst/clk_out2
    SLICE_X55Y101        FDRE                                         r  student_top_inst/Core_cpu/cpu_core/ex_inst/rv32m_inst_r_reg[6]/C
  -------------------------------------------------------------------    -------------------
    SLICE_X55Y101        FDRE (Prop_fdre_C_Q)         0.100    -0.337 f  student_top_inst/Core_cpu/cpu_core/ex_inst/rv32m_inst_r_reg[6]/Q
                         net (fo=1, routed)           0.081    -0.256    student_top_inst/Core_cpu/cpu_core/ex_inst/rv32m_iter_inst/data_o_reg[14]_1[6]
    SLICE_X54Y101        LUT5 (Prop_lut5_I3_O)        0.028    -0.228 f  student_top_inst/Core_cpu/cpu_core/ex_inst/rv32m_iter_inst/data_o[6]_i_1__3/O
                         net (fo=1, routed)           0.000    -0.228    student_top_inst/Core_cpu/cpu_core/ex_mem_inst/dff_inst/ex_inst_o[3]
    SLICE_X54Y101        FDRE                                         f  student_top_inst/Core_cpu/cpu_core/ex_mem_inst/dff_inst/data_o_reg[6]/D
  -------------------------------------------------------------------    -------------------

                         (clock clk_out2_pll rise edge)
                                                      0.000     0.000 r  
    AD12                                              0.000     0.000 r  i_sys_clk_p (IN)
                         net (fo=0)                   0.000     0.000    pll_inst/inst/clk_in1_p
    AD12                 IBUFDS (Prop_ibufds_I_O)     0.470     0.470 r  pll_inst/inst/clkin1_ibufgds/O
                         net (fo=1, routed)           0.554     1.024    pll_inst/inst/clk_in1_pll
    PLLE2_ADV_X1Y1       PLLE2_ADV (Prop_plle2_adv_CLKIN1_CLKOUT1)
                                                     -3.524    -2.500 r  pll_inst/inst/plle2_adv_inst/CLKOUT1
                         net (fo=1, routed)           1.027    -1.473    pll_inst/inst/clk_out2_pll
    BUFGCTRL_X0Y0        BUFG (Prop_bufg_I_O)         0.030    -1.443 r  pll_inst/inst/clkout2_buf/O
                         net (fo=2866, routed)        0.815    -0.628    student_top_inst/Core_cpu/cpu_core/ex_mem_inst/dff_inst/clk_out2
    SLICE_X54Y101        FDRE                                         r  student_top_inst/Core_cpu/cpu_core/ex_mem_inst/dff_inst/data_o_reg[6]/C
                         clock pessimism              0.203    -0.426    
    SLICE_X54Y101        FDRE (Hold_fdre_C_D)         0.087    -0.339    student_top_inst/Core_cpu/cpu_core/ex_mem_inst/dff_inst/data_o_reg[6]
  -------------------------------------------------------------------
                         required time                          0.339    
                         arrival time                          -0.228    
  -------------------------------------------------------------------
                         slack                                  0.111    

Slack (MET) :             0.122ns  (arrival time - required time)
  Source:                 student_top_inst/bridge_inst/seg_sync_d1_reg[1]/C
                            (rising edge-triggered cell FDRE clocked by clk_out1_pll  {rise@0.000ns fall@10.000ns period=20.000ns})
  Destination:            student_top_inst/bridge_inst/seg_sync_d2_reg[1]/D
                            (rising edge-triggered cell FDRE clocked by clk_out1_pll  {rise@0.000ns fall@10.000ns period=20.000ns})
  Path Group:             clk_out1_pll
  Path Type:              Hold (Min at Fast Process Corner)
  Requirement:            0.000ns  (clk_out1_pll rise@0.000ns - clk_out1_pll rise@0.000ns)
  Data Path Delay:        0.210ns  (logic 0.100ns (47.691%)  route 0.110ns (52.309%))
  Logic Levels:           0  
  Clock Path Skew:        0.029ns (DCD - SCD - CPR)
    Destination Clock Delay (DCD):    -0.563ns
    Source Clock Delay      (SCD):    -0.390ns
    Clock Pessimism Removal (CPR):    -0.203ns

    Location             Delay type                Incr(ns)  Path(ns)    Netlist Resource(s)
  -------------------------------------------------------------------    -------------------
                         (clock clk_out1_pll rise edge)
                                                      0.000     0.000 r  
    AD12                                              0.000     0.000 r  i_sys_clk_p (IN)
                         net (fo=0)                   0.000     0.000    pll_inst/inst/clk_in1_p
    AD12                 IBUFDS (Prop_ibufds_I_O)     0.388     0.388 r  pll_inst/inst/clkin1_ibufgds/O
                         net (fo=1, routed)           0.503     0.891    pll_inst/inst/clk_in1_pll
    PLLE2_ADV_X1Y1       PLLE2_ADV (Prop_plle2_adv_CLKIN1_CLKOUT0)
                                                     -2.908    -2.017 r  pll_inst/inst/plle2_adv_inst/CLKOUT0
                         net (fo=1, routed)           0.958    -1.059    pll_inst/inst/clk_out1_pll
    BUFGCTRL_X0Y1        BUFG (Prop_bufg_I_O)         0.026    -1.033 r  pll_inst/inst/clkout1_buf/O
                         net (fo=546, routed)         0.643    -0.390    student_top_inst/bridge_inst/clk_out1
    SLICE_X61Y85         FDRE                                         r  student_top_inst/bridge_inst/seg_sync_d1_reg[1]/C
  -------------------------------------------------------------------    -------------------
    SLICE_X61Y85         FDRE (Prop_fdre_C_Q)         0.100    -0.290 r  student_top_inst/bridge_inst/seg_sync_d1_reg[1]/Q
                         net (fo=2, routed)           0.110    -0.180    student_top_inst/bridge_inst/seg_sync_d1[1]
    SLICE_X62Y85         FDRE                                         r  student_top_inst/bridge_inst/seg_sync_d2_reg[1]/D
  -------------------------------------------------------------------    -------------------

                         (clock clk_out1_pll rise edge)
                                                      0.000     0.000 r  
    AD12                                              0.000     0.000 r  i_sys_clk_p (IN)
                         net (fo=0)                   0.000     0.000    pll_inst/inst/clk_in1_p
    AD12                 IBUFDS (Prop_ibufds_I_O)     0.470     0.470 r  pll_inst/inst/clkin1_ibufgds/O
                         net (fo=1, routed)           0.554     1.024    pll_inst/inst/clk_in1_pll
    PLLE2_ADV_X1Y1       PLLE2_ADV (Prop_plle2_adv_CLKIN1_CLKOUT0)
                                                     -3.524    -2.500 r  pll_inst/inst/plle2_adv_inst/CLKOUT0
                         net (fo=1, routed)           1.027    -1.473    pll_inst/inst/clk_out1_pll
    BUFGCTRL_X0Y1        BUFG (Prop_bufg_I_O)         0.030    -1.443 r  pll_inst/inst/clkout1_buf/O
                         net (fo=546, routed)         0.880    -0.563    student_top_inst/bridge_inst/clk_out1
    SLICE_X62Y85         FDRE                                         r  student_top_inst/bridge_inst/seg_sync_d2_reg[1]/C
                         clock pessimism              0.203    -0.361    
    SLICE_X62Y85         FDRE (Hold_fdre_C_D)         0.059    -0.302    student_top_inst/bridge_inst/seg_sync_d2_reg[1]
  -------------------------------------------------------------------
                         required time                          0.302    
                         arrival time                          -0.180    
  -------------------------------------------------------------------
                         slack                                  0.122    

Slack (MET) :             0.122ns  (arrival time - required time)
  Source:                 student_top_inst/bridge_inst/seg_sync_d1_reg[1]/C
                            (rising edge-triggered cell FDRE clocked by clk_out1_pll  {rise@0.000ns fall@10.000ns period=20.000ns})
  Destination:            student_top_inst/bridge_inst/seg_sync_d2_reg[1]/D
                            (rising edge-triggered cell FDRE clocked by clk_out1_pll  {rise@0.000ns fall@10.000ns period=20.000ns})
  Path Group:             clk_out1_pll
  Path Type:              Hold (Min at Fast Process Corner)
  Requirement:            0.000ns  (clk_out1_pll rise@0.000ns - clk_out1_pll rise@0.000ns)
  Data Path Delay:        0.210ns  (logic 0.100ns (47.691%)  route 0.110ns (52.309%))
  Logic Levels:           0  
  Clock Path Skew:        0.029ns (DCD - SCD - CPR)
    Destination Clock Delay (DCD):    -0.563ns
    Source Clock Delay      (SCD):    -0.390ns
    Clock Pessimism Removal (CPR):    -0.203ns

    Location             Delay type                Incr(ns)  Path(ns)    Netlist Resource(s)
  -------------------------------------------------------------------    -------------------
                         (clock clk_out1_pll rise edge)
                                                      0.000     0.000 r  
    AD12                                              0.000     0.000 r  i_sys_clk_p (IN)
                         net (fo=0)                   0.000     0.000    pll_inst/inst/clk_in1_p
    AD12                 IBUFDS (Prop_ibufds_I_O)     0.388     0.388 r  pll_inst/inst/clkin1_ibufgds/O
                         net (fo=1, routed)           0.503     0.891    pll_inst/inst/clk_in1_pll
    PLLE2_ADV_X1Y1       PLLE2_ADV (Prop_plle2_adv_CLKIN1_CLKOUT0)
                                                     -2.908    -2.017 r  pll_inst/inst/plle2_adv_inst/CLKOUT0
                         net (fo=1, routed)           0.958    -1.059    pll_inst/inst/clk_out1_pll
    BUFGCTRL_X0Y1        BUFG (Prop_bufg_I_O)         0.026    -1.033 r  pll_inst/inst/clkout1_buf/O
                         net (fo=546, routed)         0.643    -0.390    student_top_inst/bridge_inst/clk_out1
    SLICE_X61Y85         FDRE                                         r  student_top_inst/bridge_inst/seg_sync_d1_reg[1]/C
  -------------------------------------------------------------------    -------------------
    SLICE_X61Y85         FDRE (Prop_fdre_C_Q)         0.100    -0.290 f  student_top_inst/bridge_inst/seg_sync_d1_reg[1]/Q
                         net (fo=2, routed)           0.110    -0.180    student_top_inst/bridge_inst/seg_sync_d1[1]
    SLICE_X62Y85         FDRE                                         f  student_top_inst/bridge_inst/seg_sync_d2_reg[1]/D
  -------------------------------------------------------------------    -------------------

                         (clock clk_out1_pll rise edge)
                                                      0.000     0.000 r  
    AD12                                              0.000     0.000 r  i_sys_clk_p (IN)
                         net (fo=0)                   0.000     0.000    pll_inst/inst/clk_in1_p
    AD12                 IBUFDS (Prop_ibufds_I_O)     0.470     0.470 r  pll_inst/inst/clkin1_ibufgds/O
                         net (fo=1, routed)           0.554     1.024    pll_inst/inst/clk_in1_pll
    PLLE2_ADV_X1Y1       PLLE2_ADV (Prop_plle2_adv_CLKIN1_CLKOUT0)
                                                     -3.524    -2.500 r  pll_inst/inst/plle2_adv_inst/CLKOUT0
                         net (fo=1, routed)           1.027    -1.473    pll_inst/inst/clk_out1_pll
    BUFGCTRL_X0Y1        BUFG (Prop_bufg_I_O)         0.030    -1.443 r  pll_inst/inst/clkout1_buf/O
                         net (fo=546, routed)         0.880    -0.563    student_top_inst/bridge_inst/clk_out1
    SLICE_X62Y85         FDRE                                         r  student_top_inst/bridge_inst/seg_sync_d2_reg[1]/C
                         clock pessimism              0.203    -0.361    
    SLICE_X62Y85         FDRE (Hold_fdre_C_D)         0.059    -0.302    student_top_inst/bridge_inst/seg_sync_d2_reg[1]
  -------------------------------------------------------------------
                         required time                          0.302    
                         arrival time                          -0.180    
  -------------------------------------------------------------------
                         slack                                  0.122    

Slack (MET) :             0.126ns  (arrival time - required time)
  Source:                 student_top_inst/bridge_inst/led_sync_d1_reg[25]/C
                            (rising edge-triggered cell FDRE clocked by clk_out1_pll  {rise@0.000ns fall@10.000ns period=20.000ns})
  Destination:            student_top_inst/bridge_inst/led_sync_d2_reg[25]/D
                            (rising edge-triggered cell FDRE clocked by clk_out1_pll  {rise@0.000ns fall@10.000ns period=20.000ns})
  Path Group:             clk_out1_pll
  Path Type:              Hold (Min at Fast Process Corner)
  Requirement:            0.000ns  (clk_out1_pll rise@0.000ns - clk_out1_pll rise@0.000ns)
  Data Path Delay:        0.201ns  (logic 0.100ns (49.683%)  route 0.101ns (50.317%))
  Logic Levels:           0  
  Clock Path Skew:        0.031ns (DCD - SCD - CPR)
    Destination Clock Delay (DCD):    -0.565ns
    Source Clock Delay      (SCD):    -0.394ns
    Clock Pessimism Removal (CPR):    -0.203ns

    Location             Delay type                Incr(ns)  Path(ns)    Netlist Resource(s)
  -------------------------------------------------------------------    -------------------
                         (clock clk_out1_pll rise edge)
                                                      0.000     0.000 r  
    AD12                                              0.000     0.000 r  i_sys_clk_p (IN)
                         net (fo=0)                   0.000     0.000    pll_inst/inst/clk_in1_p
    AD12                 IBUFDS (Prop_ibufds_I_O)     0.388     0.388 r  pll_inst/inst/clkin1_ibufgds/O
                         net (fo=1, routed)           0.503     0.891    pll_inst/inst/clk_in1_pll
    PLLE2_ADV_X1Y1       PLLE2_ADV (Prop_plle2_adv_CLKIN1_CLKOUT0)
                                                     -2.908    -2.017 r  pll_inst/inst/plle2_adv_inst/CLKOUT0
                         net (fo=1, routed)           0.958    -1.059    pll_inst/inst/clk_out1_pll
    BUFGCTRL_X0Y1        BUFG (Prop_bufg_I_O)         0.026    -1.033 r  pll_inst/inst/clkout1_buf/O
                         net (fo=546, routed)         0.639    -0.394    student_top_inst/bridge_inst/clk_out1
    SLICE_X71Y83         FDRE                                         r  student_top_inst/bridge_inst/led_sync_d1_reg[25]/C
  -------------------------------------------------------------------    -------------------
    SLICE_X71Y83         FDRE (Prop_fdre_C_Q)         0.100    -0.294 r  student_top_inst/bridge_inst/led_sync_d1_reg[25]/Q
                         net (fo=2, routed)           0.101    -0.192    student_top_inst/bridge_inst/led_sync_d1[25]
    SLICE_X69Y83         FDRE                                         r  student_top_inst/bridge_inst/led_sync_d2_reg[25]/D
  -------------------------------------------------------------------    -------------------

                         (clock clk_out1_pll rise edge)
                                                      0.000     0.000 r  
    AD12                                              0.000     0.000 r  i_sys_clk_p (IN)
                         net (fo=0)                   0.000     0.000    pll_inst/inst/clk_in1_p
    AD12                 IBUFDS (Prop_ibufds_I_O)     0.470     0.470 r  pll_inst/inst/clkin1_ibufgds/O
                         net (fo=1, routed)           0.554     1.024    pll_inst/inst/clk_in1_pll
    PLLE2_ADV_X1Y1       PLLE2_ADV (Prop_plle2_adv_CLKIN1_CLKOUT0)
                                                     -3.524    -2.500 r  pll_inst/inst/plle2_adv_inst/CLKOUT0
                         net (fo=1, routed)           1.027    -1.473    pll_inst/inst/clk_out1_pll
    BUFGCTRL_X0Y1        BUFG (Prop_bufg_I_O)         0.030    -1.443 r  pll_inst/inst/clkout1_buf/O
                         net (fo=546, routed)         0.878    -0.565    student_top_inst/bridge_inst/clk_out1
    SLICE_X69Y83         FDRE                                         r  student_top_inst/bridge_inst/led_sync_d2_reg[25]/C
                         clock pessimism              0.203    -0.363    
    SLICE_X69Y83         FDRE (Hold_fdre_C_D)         0.044    -0.319    student_top_inst/bridge_inst/led_sync_d2_reg[25]
  -------------------------------------------------------------------
                         required time                          0.319    
                         arrival time                          -0.192    
  -------------------------------------------------------------------
                         slack                                  0.126    

Slack (MET) :             0.126ns  (arrival time - required time)
  Source:                 student_top_inst/bridge_inst/led_sync_d1_reg[25]/C
                            (rising edge-triggered cell FDRE clocked by clk_out1_pll  {rise@0.000ns fall@10.000ns period=20.000ns})
  Destination:            student_top_inst/bridge_inst/led_sync_d2_reg[25]/D
                            (rising edge-triggered cell FDRE clocked by clk_out1_pll  {rise@0.000ns fall@10.000ns period=20.000ns})
  Path Group:             clk_out1_pll
  Path Type:              Hold (Min at Fast Process Corner)
  Requirement:            0.000ns  (clk_out1_pll rise@0.000ns - clk_out1_pll rise@0.000ns)
  Data Path Delay:        0.201ns  (logic 0.100ns (49.683%)  route 0.101ns (50.317%))
  Logic Levels:           0  
  Clock Path Skew:        0.031ns (DCD - SCD - CPR)
    Destination Clock Delay (DCD):    -0.565ns
    Source Clock Delay      (SCD):    -0.394ns
    Clock Pessimism Removal (CPR):    -0.203ns

    Location             Delay type                Incr(ns)  Path(ns)    Netlist Resource(s)
  -------------------------------------------------------------------    -------------------
                         (clock clk_out1_pll rise edge)
                                                      0.000     0.000 r  
    AD12                                              0.000     0.000 r  i_sys_clk_p (IN)
                         net (fo=0)                   0.000     0.000    pll_inst/inst/clk_in1_p
    AD12                 IBUFDS (Prop_ibufds_I_O)     0.388     0.388 r  pll_inst/inst/clkin1_ibufgds/O
                         net (fo=1, routed)           0.503     0.891    pll_inst/inst/clk_in1_pll
    PLLE2_ADV_X1Y1       PLLE2_ADV (Prop_plle2_adv_CLKIN1_CLKOUT0)
                                                     -2.908    -2.017 r  pll_inst/inst/plle2_adv_inst/CLKOUT0
                         net (fo=1, routed)           0.958    -1.059    pll_inst/inst/clk_out1_pll
    BUFGCTRL_X0Y1        BUFG (Prop_bufg_I_O)         0.026    -1.033 r  pll_inst/inst/clkout1_buf/O
                         net (fo=546, routed)         0.639    -0.394    student_top_inst/bridge_inst/clk_out1
    SLICE_X71Y83         FDRE                                         r  student_top_inst/bridge_inst/led_sync_d1_reg[25]/C
  -------------------------------------------------------------------    -------------------
    SLICE_X71Y83         FDRE (Prop_fdre_C_Q)         0.100    -0.294 f  student_top_inst/bridge_inst/led_sync_d1_reg[25]/Q
                         net (fo=2, routed)           0.101    -0.192    student_top_inst/bridge_inst/led_sync_d1[25]
    SLICE_X69Y83         FDRE                                         f  student_top_inst/bridge_inst/led_sync_d2_reg[25]/D
  -------------------------------------------------------------------    -------------------

                         (clock clk_out1_pll rise edge)
                                                      0.000     0.000 r  
    AD12                                              0.000     0.000 r  i_sys_clk_p (IN)
                         net (fo=0)                   0.000     0.000    pll_inst/inst/clk_in1_p
    AD12                 IBUFDS (Prop_ibufds_I_O)     0.470     0.470 r  pll_inst/inst/clkin1_ibufgds/O
                         net (fo=1, routed)           0.554     1.024    pll_inst/inst/clk_in1_pll
    PLLE2_ADV_X1Y1       PLLE2_ADV (Prop_plle2_adv_CLKIN1_CLKOUT0)
                                                     -3.524    -2.500 r  pll_inst/inst/plle2_adv_inst/CLKOUT0
                         net (fo=1, routed)           1.027    -1.473    pll_inst/inst/clk_out1_pll
    BUFGCTRL_X0Y1        BUFG (Prop_bufg_I_O)         0.030    -1.443 r  pll_inst/inst/clkout1_buf/O
                         net (fo=546, routed)         0.878    -0.565    student_top_inst/bridge_inst/clk_out1
    SLICE_X69Y83         FDRE                                         r  student_top_inst/bridge_inst/led_sync_d2_reg[25]/C
                         clock pessimism              0.203    -0.363    
    SLICE_X69Y83         FDRE (Hold_fdre_C_D)         0.044    -0.319    student_top_inst/bridge_inst/led_sync_d2_reg[25]
  -------------------------------------------------------------------
                         required time                          0.319    
                         arrival time                          -0.192    
  -------------------------------------------------------------------
                         slack                                  0.126    

Slack (MET) :             0.129ns  (arrival time - required time)
  Source:                 twin_controller_inst/sw_reg[49]/C
                            (rising edge-triggered cell FDCE clocked by clk_out1_pll  {rise@0.000ns fall@10.000ns period=20.000ns})
  Destination:            twin_controller_inst/status_buffer_reg[12][1]/D
                            (rising edge-triggered cell FDCE clocked by clk_out1_pll  {rise@0.000ns fall@10.000ns period=20.000ns})
  Path Group:             clk_out1_pll
  Path Type:              Hold (Min at Fast Process Corner)
  Requirement:            0.000ns  (clk_out1_pll rise@0.000ns - clk_out1_pll rise@0.000ns)
  Data Path Delay:        0.218ns  (logic 0.100ns (45.821%)  route 0.118ns (54.179%))
  Logic Levels:           0  
  Clock Path Skew:        0.030ns (DCD - SCD - CPR)
    Destination Clock Delay (DCD):    -0.562ns
    Source Clock Delay      (SCD):    -0.390ns
    Clock Pessimism Removal (CPR):    -0.203ns

    Location             Delay type                Incr(ns)  Path(ns)    Netlist Resource(s)
  -------------------------------------------------------------------    -------------------
                         (clock clk_out1_pll rise edge)
                                                      0.000     0.000 r  
    AD12                                              0.000     0.000 r  i_sys_clk_p (IN)
                         net (fo=0)                   0.000     0.000    pll_inst/inst/clk_in1_p
    AD12                 IBUFDS (Prop_ibufds_I_O)     0.388     0.388 r  pll_inst/inst/clkin1_ibufgds/O
                         net (fo=1, routed)           0.503     0.891    pll_inst/inst/clk_in1_pll
    PLLE2_ADV_X1Y1       PLLE2_ADV (Prop_plle2_adv_CLKIN1_CLKOUT0)
                                                     -2.908    -2.017 r  pll_inst/inst/plle2_adv_inst/CLKOUT0
                         net (fo=1, routed)           0.958    -1.059    pll_inst/inst/clk_out1_pll
    BUFGCTRL_X0Y1        BUFG (Prop_bufg_I_O)         0.026    -1.033 r  pll_inst/inst/clkout1_buf/O
                         net (fo=546, routed)         0.643    -0.390    twin_controller_inst/CLK
    SLICE_X63Y87         FDCE                                         r  twin_controller_inst/sw_reg[49]/C
  -------------------------------------------------------------------    -------------------
    SLICE_X63Y87         FDCE (Prop_fdce_C_Q)         0.100    -0.290 r  twin_controller_inst/sw_reg[49]/Q
                         net (fo=3, routed)           0.118    -0.171    twin_controller_inst/sw_reg[63]_0[49]
    SLICE_X66Y87         FDCE                                         r  twin_controller_inst/status_buffer_reg[12][1]/D
  -------------------------------------------------------------------    -------------------

                         (clock clk_out1_pll rise edge)
                                                      0.000     0.000 r  
    AD12                                              0.000     0.000 r  i_sys_clk_p (IN)
                         net (fo=0)                   0.000     0.000    pll_inst/inst/clk_in1_p
    AD12                 IBUFDS (Prop_ibufds_I_O)     0.470     0.470 r  pll_inst/inst/clkin1_ibufgds/O
                         net (fo=1, routed)           0.554     1.024    pll_inst/inst/clk_in1_pll
    PLLE2_ADV_X1Y1       PLLE2_ADV (Prop_plle2_adv_CLKIN1_CLKOUT0)
                                                     -3.524    -2.500 r  pll_inst/inst/plle2_adv_inst/CLKOUT0
                         net (fo=1, routed)           1.027    -1.473    pll_inst/inst/clk_out1_pll
    BUFGCTRL_X0Y1        BUFG (Prop_bufg_I_O)         0.030    -1.443 r  pll_inst/inst/clkout1_buf/O
                         net (fo=546, routed)         0.881    -0.562    twin_controller_inst/CLK
    SLICE_X66Y87         FDCE                                         r  twin_controller_inst/status_buffer_reg[12][1]/C
                         clock pessimism              0.203    -0.360    
    SLICE_X66Y87         FDCE (Hold_fdce_C_D)         0.059    -0.301    twin_controller_inst/status_buffer_reg[12][1]
  -------------------------------------------------------------------
                         required time                          0.301    
                         arrival time                          -0.171    
  -------------------------------------------------------------------
                         slack                                  0.129    

Slack (MET) :             0.129ns  (arrival time - required time)
  Source:                 twin_controller_inst/sw_reg[49]/C
                            (rising edge-triggered cell FDCE clocked by clk_out1_pll  {rise@0.000ns fall@10.000ns period=20.000ns})
  Destination:            twin_controller_inst/status_buffer_reg[12][1]/D
                            (rising edge-triggered cell FDCE clocked by clk_out1_pll  {rise@0.000ns fall@10.000ns period=20.000ns})
  Path Group:             clk_out1_pll
  Path Type:              Hold (Min at Fast Process Corner)
  Requirement:            0.000ns  (clk_out1_pll rise@0.000ns - clk_out1_pll rise@0.000ns)
  Data Path Delay:        0.218ns  (logic 0.100ns (45.821%)  route 0.118ns (54.179%))
  Logic Levels:           0  
  Clock Path Skew:        0.030ns (DCD - SCD - CPR)
    Destination Clock Delay (DCD):    -0.562ns
    Source Clock Delay      (SCD):    -0.390ns
    Clock Pessimism Removal (CPR):    -0.203ns

    Location             Delay type                Incr(ns)  Path(ns)    Netlist Resource(s)
  -------------------------------------------------------------------    -------------------
                         (clock clk_out1_pll rise edge)
                                                      0.000     0.000 r  
    AD12                                              0.000     0.000 r  i_sys_clk_p (IN)
                         net (fo=0)                   0.000     0.000    pll_inst/inst/clk_in1_p
    AD12                 IBUFDS (Prop_ibufds_I_O)     0.388     0.388 r  pll_inst/inst/clkin1_ibufgds/O
                         net (fo=1, routed)           0.503     0.891    pll_inst/inst/clk_in1_pll
    PLLE2_ADV_X1Y1       PLLE2_ADV (Prop_plle2_adv_CLKIN1_CLKOUT0)
                                                     -2.908    -2.017 r  pll_inst/inst/plle2_adv_inst/CLKOUT0
                         net (fo=1, routed)           0.958    -1.059    pll_inst/inst/clk_out1_pll
    BUFGCTRL_X0Y1        BUFG (Prop_bufg_I_O)         0.026    -1.033 r  pll_inst/inst/clkout1_buf/O
                         net (fo=546, routed)         0.643    -0.390    twin_controller_inst/CLK
    SLICE_X63Y87         FDCE                                         r  twin_controller_inst/sw_reg[49]/C
  -------------------------------------------------------------------    -------------------
    SLICE_X63Y87         FDCE (Prop_fdce_C_Q)         0.100    -0.290 f  twin_controller_inst/sw_reg[49]/Q
                         net (fo=3, routed)           0.118    -0.171    twin_controller_inst/sw_reg[63]_0[49]
    SLICE_X66Y87         FDCE                                         f  twin_controller_inst/status_buffer_reg[12][1]/D
  -------------------------------------------------------------------    -------------------

                         (clock clk_out1_pll rise edge)
                                                      0.000     0.000 r  
    AD12                                              0.000     0.000 r  i_sys_clk_p (IN)
                         net (fo=0)                   0.000     0.000    pll_inst/inst/clk_in1_p
    AD12                 IBUFDS (Prop_ibufds_I_O)     0.470     0.470 r  pll_inst/inst/clkin1_ibufgds/O
                         net (fo=1, routed)           0.554     1.024    pll_inst/inst/clk_in1_pll
    PLLE2_ADV_X1Y1       PLLE2_ADV (Prop_plle2_adv_CLKIN1_CLKOUT0)
                                                     -3.524    -2.500 r  pll_inst/inst/plle2_adv_inst/CLKOUT0
                         net (fo=1, routed)           1.027    -1.473    pll_inst/inst/clk_out1_pll
    BUFGCTRL_X0Y1        BUFG (Prop_bufg_I_O)         0.030    -1.443 r  pll_inst/inst/clkout1_buf/O
                         net (fo=546, routed)         0.881    -0.562    twin_controller_inst/CLK
    SLICE_X66Y87         FDCE                                         r  twin_controller_inst/status_buffer_reg[12][1]/C
                         clock pessimism              0.203    -0.360    
    SLICE_X66Y87         FDCE (Hold_fdce_C_D)         0.059    -0.301    twin_controller_inst/status_buffer_reg[12][1]
  -------------------------------------------------------------------
                         required time                          0.301    
                         arrival time                          -0.171    
  -------------------------------------------------------------------
                         slack                                  0.129    

Slack (MET) :             0.131ns  (arrival time - required time)
  Source:                 student_top_inst/bridge_inst/led_sync_d1_reg[24]/C
                            (rising edge-triggered cell FDRE clocked by clk_out1_pll  {rise@0.000ns fall@10.000ns period=20.000ns})
  Destination:            student_top_inst/bridge_inst/led_sync_d2_reg[24]_lopt_replica/D
                            (rising edge-triggered cell FDRE clocked by clk_out1_pll  {rise@0.000ns fall@10.000ns period=20.000ns})
  Path Group:             clk_out1_pll
  Path Type:              Hold (Min at Fast Process Corner)
  Requirement:            0.000ns  (clk_out1_pll rise@0.000ns - clk_out1_pll rise@0.000ns)
  Data Path Delay:        0.209ns  (logic 0.100ns (47.917%)  route 0.109ns (52.083%))
  Logic Levels:           0  
  Clock Path Skew:        0.031ns (DCD - SCD - CPR)
    Destination Clock Delay (DCD):    -0.565ns
    Source Clock Delay      (SCD):    -0.394ns
    Clock Pessimism Removal (CPR):    -0.203ns

    Location             Delay type                Incr(ns)  Path(ns)    Netlist Resource(s)
  -------------------------------------------------------------------    -------------------
                         (clock clk_out1_pll rise edge)
                                                      0.000     0.000 r  
    AD12                                              0.000     0.000 r  i_sys_clk_p (IN)
                         net (fo=0)                   0.000     0.000    pll_inst/inst/clk_in1_p
    AD12                 IBUFDS (Prop_ibufds_I_O)     0.388     0.388 r  pll_inst/inst/clkin1_ibufgds/O
                         net (fo=1, routed)           0.503     0.891    pll_inst/inst/clk_in1_pll
    PLLE2_ADV_X1Y1       PLLE2_ADV (Prop_plle2_adv_CLKIN1_CLKOUT0)
                                                     -2.908    -2.017 r  pll_inst/inst/plle2_adv_inst/CLKOUT0
                         net (fo=1, routed)           0.958    -1.059    pll_inst/inst/clk_out1_pll
    BUFGCTRL_X0Y1        BUFG (Prop_bufg_I_O)         0.026    -1.033 r  pll_inst/inst/clkout1_buf/O
                         net (fo=546, routed)         0.639    -0.394    student_top_inst/bridge_inst/clk_out1
    SLICE_X71Y83         FDRE                                         r  student_top_inst/bridge_inst/led_sync_d1_reg[24]/C
  -------------------------------------------------------------------    -------------------
    SLICE_X71Y83         FDRE (Prop_fdre_C_Q)         0.100    -0.294 r  student_top_inst/bridge_inst/led_sync_d1_reg[24]/Q
                         net (fo=2, routed)           0.109    -0.185    student_top_inst/bridge_inst/led_sync_d1[24]
    SLICE_X69Y83         FDRE                                         r  student_top_inst/bridge_inst/led_sync_d2_reg[24]_lopt_replica/D
  -------------------------------------------------------------------    -------------------

                         (clock clk_out1_pll rise edge)
                                                      0.000     0.000 r  
    AD12                                              0.000     0.000 r  i_sys_clk_p (IN)
                         net (fo=0)                   0.000     0.000    pll_inst/inst/clk_in1_p
    AD12                 IBUFDS (Prop_ibufds_I_O)     0.470     0.470 r  pll_inst/inst/clkin1_ibufgds/O
                         net (fo=1, routed)           0.554     1.024    pll_inst/inst/clk_in1_pll
    PLLE2_ADV_X1Y1       PLLE2_ADV (Prop_plle2_adv_CLKIN1_CLKOUT0)
                                                     -3.524    -2.500 r  pll_inst/inst/plle2_adv_inst/CLKOUT0
                         net (fo=1, routed)           1.027    -1.473    pll_inst/inst/clk_out1_pll
    BUFGCTRL_X0Y1        BUFG (Prop_bufg_I_O)         0.030    -1.443 r  pll_inst/inst/clkout1_buf/O
                         net (fo=546, routed)         0.878    -0.565    student_top_inst/bridge_inst/clk_out1
    SLICE_X69Y83         FDRE                                         r  student_top_inst/bridge_inst/led_sync_d2_reg[24]_lopt_replica/C
                         clock pessimism              0.203    -0.363    
    SLICE_X69Y83         FDRE (Hold_fdre_C_D)         0.047    -0.316    student_top_inst/bridge_inst/led_sync_d2_reg[24]_lopt_replica
  -------------------------------------------------------------------
                         required time                          0.316    
                         arrival time                          -0.185    
  -------------------------------------------------------------------
                         slack                                  0.131    

Slack (MET) :             0.131ns  (arrival time - required time)
  Source:                 student_top_inst/bridge_inst/led_sync_d1_reg[24]/C
                            (rising edge-triggered cell FDRE clocked by clk_out1_pll  {rise@0.000ns fall@10.000ns period=20.000ns})
  Destination:            student_top_inst/bridge_inst/led_sync_d2_reg[24]_lopt_replica/D
                            (rising edge-triggered cell FDRE clocked by clk_out1_pll  {rise@0.000ns fall@10.000ns period=20.000ns})
  Path Group:             clk_out1_pll
  Path Type:              Hold (Min at Fast Process Corner)
  Requirement:            0.000ns  (clk_out1_pll rise@0.000ns - clk_out1_pll rise@0.000ns)
  Data Path Delay:        0.209ns  (logic 0.100ns (47.917%)  route 0.109ns (52.083%))
  Logic Levels:           0  
  Clock Path Skew:        0.031ns (DCD - SCD - CPR)
    Destination Clock Delay (DCD):    -0.565ns
    Source Clock Delay      (SCD):    -0.394ns
    Clock Pessimism Removal (CPR):    -0.203ns

    Location             Delay type                Incr(ns)  Path(ns)    Netlist Resource(s)
  -------------------------------------------------------------------    -------------------
                         (clock clk_out1_pll rise edge)
                                                      0.000     0.000 r  
    AD12                                              0.000     0.000 r  i_sys_clk_p (IN)
                         net (fo=0)                   0.000     0.000    pll_inst/inst/clk_in1_p
    AD12                 IBUFDS (Prop_ibufds_I_O)     0.388     0.388 r  pll_inst/inst/clkin1_ibufgds/O
                         net (fo=1, routed)           0.503     0.891    pll_inst/inst/clk_in1_pll
    PLLE2_ADV_X1Y1       PLLE2_ADV (Prop_plle2_adv_CLKIN1_CLKOUT0)
                                                     -2.908    -2.017 r  pll_inst/inst/plle2_adv_inst/CLKOUT0
                         net (fo=1, routed)           0.958    -1.059    pll_inst/inst/clk_out1_pll
    BUFGCTRL_X0Y1        BUFG (Prop_bufg_I_O)         0.026    -1.033 r  pll_inst/inst/clkout1_buf/O
                         net (fo=546, routed)         0.639    -0.394    student_top_inst/bridge_inst/clk_out1
    SLICE_X71Y83         FDRE                                         r  student_top_inst/bridge_inst/led_sync_d1_reg[24]/C
  -------------------------------------------------------------------    -------------------
    SLICE_X71Y83         FDRE (Prop_fdre_C_Q)         0.100    -0.294 f  student_top_inst/bridge_inst/led_sync_d1_reg[24]/Q
                         net (fo=2, routed)           0.109    -0.185    student_top_inst/bridge_inst/led_sync_d1[24]
    SLICE_X69Y83         FDRE                                         f  student_top_inst/bridge_inst/led_sync_d2_reg[24]_lopt_replica/D
  -------------------------------------------------------------------    -------------------

                         (clock clk_out1_pll rise edge)
                                                      0.000     0.000 r  
    AD12                                              0.000     0.000 r  i_sys_clk_p (IN)
                         net (fo=0)                   0.000     0.000    pll_inst/inst/clk_in1_p
    AD12                 IBUFDS (Prop_ibufds_I_O)     0.470     0.470 r  pll_inst/inst/clkin1_ibufgds/O
                         net (fo=1, routed)           0.554     1.024    pll_inst/inst/clk_in1_pll
    PLLE2_ADV_X1Y1       PLLE2_ADV (Prop_plle2_adv_CLKIN1_CLKOUT0)
                                                     -3.524    -2.500 r  pll_inst/inst/plle2_adv_inst/CLKOUT0
                         net (fo=1, routed)           1.027    -1.473    pll_inst/inst/clk_out1_pll
    BUFGCTRL_X0Y1        BUFG (Prop_bufg_I_O)         0.030    -1.443 r  pll_inst/inst/clkout1_buf/O
                         net (fo=546, routed)         0.878    -0.565    student_top_inst/bridge_inst/clk_out1
    SLICE_X69Y83         FDRE                                         r  student_top_inst/bridge_inst/led_sync_d2_reg[24]_lopt_replica/C
                         clock pessimism              0.203    -0.363    
    SLICE_X69Y83         FDRE (Hold_fdre_C_D)         0.047    -0.316    student_top_inst/bridge_inst/led_sync_d2_reg[24]_lopt_replica
  -------------------------------------------------------------------
                         required time                          0.316    
                         arrival time                          -0.185    
  -------------------------------------------------------------------
                         slack                                  0.131    

Slack (MET) :             0.133ns  (arrival time - required time)
  Source:                 student_top_inst/bridge_inst/led_sync_d1_reg[31]/C
                            (rising edge-triggered cell FDRE clocked by clk_out1_pll  {rise@0.000ns fall@10.000ns period=20.000ns})
  Destination:            student_top_inst/bridge_inst/led_sync_d2_reg[31]/D
                            (rising edge-triggered cell FDRE clocked by clk_out1_pll  {rise@0.000ns fall@10.000ns period=20.000ns})
  Path Group:             clk_out1_pll
  Path Type:              Hold (Min at Fast Process Corner)
  Requirement:            0.000ns  (clk_out1_pll rise@0.000ns - clk_out1_pll rise@0.000ns)
  Data Path Delay:        0.202ns  (logic 0.100ns (49.388%)  route 0.102ns (50.612%))
  Logic Levels:           0  
  Clock Path Skew:        0.031ns (DCD - SCD - CPR)
    Destination Clock Delay (DCD):    -0.565ns
    Source Clock Delay      (SCD):    -0.394ns
    Clock Pessimism Removal (CPR):    -0.203ns

    Location             Delay type                Incr(ns)  Path(ns)    Netlist Resource(s)
  -------------------------------------------------------------------    -------------------
                         (clock clk_out1_pll rise edge)
                                                      0.000     0.000 r  
    AD12                                              0.000     0.000 r  i_sys_clk_p (IN)
                         net (fo=0)                   0.000     0.000    pll_inst/inst/clk_in1_p
    AD12                 IBUFDS (Prop_ibufds_I_O)     0.388     0.388 r  pll_inst/inst/clkin1_ibufgds/O
                         net (fo=1, routed)           0.503     0.891    pll_inst/inst/clk_in1_pll
    PLLE2_ADV_X1Y1       PLLE2_ADV (Prop_plle2_adv_CLKIN1_CLKOUT0)
                                                     -2.908    -2.017 r  pll_inst/inst/plle2_adv_inst/CLKOUT0
                         net (fo=1, routed)           0.958    -1.059    pll_inst/inst/clk_out1_pll
    BUFGCTRL_X0Y1        BUFG (Prop_bufg_I_O)         0.026    -1.033 r  pll_inst/inst/clkout1_buf/O
                         net (fo=546, routed)         0.639    -0.394    student_top_inst/bridge_inst/clk_out1
    SLICE_X75Y84         FDRE                                         r  student_top_inst/bridge_inst/led_sync_d1_reg[31]/C
  -------------------------------------------------------------------    -------------------
    SLICE_X75Y84         FDRE (Prop_fdre_C_Q)         0.100    -0.294 r  student_top_inst/bridge_inst/led_sync_d1_reg[31]/Q
                         net (fo=2, routed)           0.102    -0.191    student_top_inst/bridge_inst/led_sync_d1[31]
    SLICE_X70Y84         FDRE                                         r  student_top_inst/bridge_inst/led_sync_d2_reg[31]/D
  -------------------------------------------------------------------    -------------------

                         (clock clk_out1_pll rise edge)
                                                      0.000     0.000 r  
    AD12                                              0.000     0.000 r  i_sys_clk_p (IN)
                         net (fo=0)                   0.000     0.000    pll_inst/inst/clk_in1_p
    AD12                 IBUFDS (Prop_ibufds_I_O)     0.470     0.470 r  pll_inst/inst/clkin1_ibufgds/O
                         net (fo=1, routed)           0.554     1.024    pll_inst/inst/clk_in1_pll
    PLLE2_ADV_X1Y1       PLLE2_ADV (Prop_plle2_adv_CLKIN1_CLKOUT0)
                                                     -3.524    -2.500 r  pll_inst/inst/plle2_adv_inst/CLKOUT0
                         net (fo=1, routed)           1.027    -1.473    pll_inst/inst/clk_out1_pll
    BUFGCTRL_X0Y1        BUFG (Prop_bufg_I_O)         0.030    -1.443 r  pll_inst/inst/clkout1_buf/O
                         net (fo=546, routed)         0.878    -0.565    student_top_inst/bridge_inst/clk_out1
    SLICE_X70Y84         FDRE                                         r  student_top_inst/bridge_inst/led_sync_d2_reg[31]/C
                         clock pessimism              0.203    -0.363    
    SLICE_X70Y84         FDRE (Hold_fdre_C_D)         0.038    -0.325    student_top_inst/bridge_inst/led_sync_d2_reg[31]
  -------------------------------------------------------------------
                         required time                          0.325    
                         arrival time                          -0.191    
  -------------------------------------------------------------------
                         slack                                  0.133    

Slack (MET) :             0.133ns  (arrival time - required time)
  Source:                 student_top_inst/bridge_inst/led_sync_d1_reg[31]/C
                            (rising edge-triggered cell FDRE clocked by clk_out1_pll  {rise@0.000ns fall@10.000ns period=20.000ns})
  Destination:            student_top_inst/bridge_inst/led_sync_d2_reg[31]/D
                            (rising edge-triggered cell FDRE clocked by clk_out1_pll  {rise@0.000ns fall@10.000ns period=20.000ns})
  Path Group:             clk_out1_pll
  Path Type:              Hold (Min at Fast Process Corner)
  Requirement:            0.000ns  (clk_out1_pll rise@0.000ns - clk_out1_pll rise@0.000ns)
  Data Path Delay:        0.202ns  (logic 0.100ns (49.388%)  route 0.102ns (50.612%))
  Logic Levels:           0  
  Clock Path Skew:        0.031ns (DCD - SCD - CPR)
    Destination Clock Delay (DCD):    -0.565ns
    Source Clock Delay      (SCD):    -0.394ns
    Clock Pessimism Removal (CPR):    -0.203ns

    Location             Delay type                Incr(ns)  Path(ns)    Netlist Resource(s)
  -------------------------------------------------------------------    -------------------
                         (clock clk_out1_pll rise edge)
                                                      0.000     0.000 r  
    AD12                                              0.000     0.000 r  i_sys_clk_p (IN)
                         net (fo=0)                   0.000     0.000    pll_inst/inst/clk_in1_p
    AD12                 IBUFDS (Prop_ibufds_I_O)     0.388     0.388 r  pll_inst/inst/clkin1_ibufgds/O
                         net (fo=1, routed)           0.503     0.891    pll_inst/inst/clk_in1_pll
    PLLE2_ADV_X1Y1       PLLE2_ADV (Prop_plle2_adv_CLKIN1_CLKOUT0)
                                                     -2.908    -2.017 r  pll_inst/inst/plle2_adv_inst/CLKOUT0
                         net (fo=1, routed)           0.958    -1.059    pll_inst/inst/clk_out1_pll
    BUFGCTRL_X0Y1        BUFG (Prop_bufg_I_O)         0.026    -1.033 r  pll_inst/inst/clkout1_buf/O
                         net (fo=546, routed)         0.639    -0.394    student_top_inst/bridge_inst/clk_out1
    SLICE_X75Y84         FDRE                                         r  student_top_inst/bridge_inst/led_sync_d1_reg[31]/C
  -------------------------------------------------------------------    -------------------
    SLICE_X75Y84         FDRE (Prop_fdre_C_Q)         0.100    -0.294 f  student_top_inst/bridge_inst/led_sync_d1_reg[31]/Q
                         net (fo=2, routed)           0.102    -0.191    student_top_inst/bridge_inst/led_sync_d1[31]
    SLICE_X70Y84         FDRE                                         f  student_top_inst/bridge_inst/led_sync_d2_reg[31]/D
  -------------------------------------------------------------------    -------------------

                         (clock clk_out1_pll rise edge)
                                                      0.000     0.000 r  
    AD12                                              0.000     0.000 r  i_sys_clk_p (IN)
                         net (fo=0)                   0.000     0.000    pll_inst/inst/clk_in1_p
    AD12                 IBUFDS (Prop_ibufds_I_O)     0.470     0.470 r  pll_inst/inst/clkin1_ibufgds/O
                         net (fo=1, routed)           0.554     1.024    pll_inst/inst/clk_in1_pll
    PLLE2_ADV_X1Y1       PLLE2_ADV (Prop_plle2_adv_CLKIN1_CLKOUT0)
                                                     -3.524    -2.500 r  pll_inst/inst/plle2_adv_inst/CLKOUT0
                         net (fo=1, routed)           1.027    -1.473    pll_inst/inst/clk_out1_pll
    BUFGCTRL_X0Y1        BUFG (Prop_bufg_I_O)         0.030    -1.443 r  pll_inst/inst/clkout1_buf/O
                         net (fo=546, routed)         0.878    -0.565    student_top_inst/bridge_inst/clk_out1
    SLICE_X70Y84         FDRE                                         r  student_top_inst/bridge_inst/led_sync_d2_reg[31]/C
                         clock pessimism              0.203    -0.363    
    SLICE_X70Y84         FDRE (Hold_fdre_C_D)         0.038    -0.325    student_top_inst/bridge_inst/led_sync_d2_reg[31]
  -------------------------------------------------------------------
                         required time                          0.325    
                         arrival time                          -0.191    
  -------------------------------------------------------------------
                         slack                                  0.133    

Slack (MET) :             0.139ns  (arrival time - required time)
  Source:                 student_top_inst/bridge_inst/led_sync_d2_reg[16]/C
                            (rising edge-triggered cell FDRE clocked by clk_out1_pll  {rise@0.000ns fall@10.000ns period=20.000ns})
  Destination:            twin_controller_inst/status_buffer_reg[16][0]/D
                            (rising edge-triggered cell FDCE clocked by clk_out1_pll  {rise@0.000ns fall@10.000ns period=20.000ns})
  Path Group:             clk_out1_pll
  Path Type:              Hold (Min at Fast Process Corner)
  Requirement:            0.000ns  (clk_out1_pll rise@0.000ns - clk_out1_pll rise@0.000ns)
  Data Path Delay:        0.206ns  (logic 0.100ns (48.634%)  route 0.106ns (51.366%))
  Logic Levels:           0  
  Clock Path Skew:        0.029ns (DCD - SCD - CPR)
    Destination Clock Delay (DCD):    -0.563ns
    Source Clock Delay      (SCD):    -0.390ns
    Clock Pessimism Removal (CPR):    -0.203ns

    Location             Delay type                Incr(ns)  Path(ns)    Netlist Resource(s)
  -------------------------------------------------------------------    -------------------
                         (clock clk_out1_pll rise edge)
                                                      0.000     0.000 r  
    AD12                                              0.000     0.000 r  i_sys_clk_p (IN)
                         net (fo=0)                   0.000     0.000    pll_inst/inst/clk_in1_p
    AD12                 IBUFDS (Prop_ibufds_I_O)     0.388     0.388 r  pll_inst/inst/clkin1_ibufgds/O
                         net (fo=1, routed)           0.503     0.891    pll_inst/inst/clk_in1_pll
    PLLE2_ADV_X1Y1       PLLE2_ADV (Prop_plle2_adv_CLKIN1_CLKOUT0)
                                                     -2.908    -2.017 r  pll_inst/inst/plle2_adv_inst/CLKOUT0
                         net (fo=1, routed)           0.958    -1.059    pll_inst/inst/clk_out1_pll
    BUFGCTRL_X0Y1        BUFG (Prop_bufg_I_O)         0.026    -1.033 r  pll_inst/inst/clkout1_buf/O
                         net (fo=546, routed)         0.643    -0.390    student_top_inst/bridge_inst/clk_out1
    SLICE_X61Y84         FDRE                                         r  student_top_inst/bridge_inst/led_sync_d2_reg[16]/C
  -------------------------------------------------------------------    -------------------
    SLICE_X61Y84         FDRE (Prop_fdre_C_Q)         0.100    -0.290 r  student_top_inst/bridge_inst/led_sync_d2_reg[16]/Q
                         net (fo=1, routed)           0.106    -0.184    twin_controller_inst/status_buffer_reg[17][7]_0[16]
    SLICE_X63Y85         FDCE                                         r  twin_controller_inst/status_buffer_reg[16][0]/D
  -------------------------------------------------------------------    -------------------

                         (clock clk_out1_pll rise edge)
                                                      0.000     0.000 r  
    AD12                                              0.000     0.000 r  i_sys_clk_p (IN)
                         net (fo=0)                   0.000     0.000    pll_inst/inst/clk_in1_p
    AD12                 IBUFDS (Prop_ibufds_I_O)     0.470     0.470 r  pll_inst/inst/clkin1_ibufgds/O
                         net (fo=1, routed)           0.554     1.024    pll_inst/inst/clk_in1_pll
    PLLE2_ADV_X1Y1       PLLE2_ADV (Prop_plle2_adv_CLKIN1_CLKOUT0)
                                                     -3.524    -2.500 r  pll_inst/inst/plle2_adv_inst/CLKOUT0
                         net (fo=1, routed)           1.027    -1.473    pll_inst/inst/clk_out1_pll
    BUFGCTRL_X0Y1        BUFG (Prop_bufg_I_O)         0.030    -1.443 r  pll_inst/inst/clkout1_buf/O
                         net (fo=546, routed)         0.880    -0.563    twin_controller_inst/CLK
    SLICE_X63Y85         FDCE                                         r  twin_controller_inst/status_buffer_reg[16][0]/C
                         clock pessimism              0.203    -0.361    
    SLICE_X63Y85         FDCE (Hold_fdce_C_D)         0.038    -0.323    twin_controller_inst/status_buffer_reg[16][0]
  -------------------------------------------------------------------
                         required time                          0.323    
                         arrival time                          -0.184    
  -------------------------------------------------------------------
                         slack                                  0.139    

Slack (MET) :             0.139ns  (arrival time - required time)
  Source:                 student_top_inst/bridge_inst/led_sync_d2_reg[16]/C
                            (rising edge-triggered cell FDRE clocked by clk_out1_pll  {rise@0.000ns fall@10.000ns period=20.000ns})
  Destination:            twin_controller_inst/status_buffer_reg[16][0]/D
                            (rising edge-triggered cell FDCE clocked by clk_out1_pll  {rise@0.000ns fall@10.000ns period=20.000ns})
  Path Group:             clk_out1_pll
  Path Type:              Hold (Min at Fast Process Corner)
  Requirement:            0.000ns  (clk_out1_pll rise@0.000ns - clk_out1_pll rise@0.000ns)
  Data Path Delay:        0.206ns  (logic 0.100ns (48.634%)  route 0.106ns (51.366%))
  Logic Levels:           0  
  Clock Path Skew:        0.029ns (DCD - SCD - CPR)
    Destination Clock Delay (DCD):    -0.563ns
    Source Clock Delay      (SCD):    -0.390ns
    Clock Pessimism Removal (CPR):    -0.203ns

    Location             Delay type                Incr(ns)  Path(ns)    Netlist Resource(s)
  -------------------------------------------------------------------    -------------------
                         (clock clk_out1_pll rise edge)
                                                      0.000     0.000 r  
    AD12                                              0.000     0.000 r  i_sys_clk_p (IN)
                         net (fo=0)                   0.000     0.000    pll_inst/inst/clk_in1_p
    AD12                 IBUFDS (Prop_ibufds_I_O)     0.388     0.388 r  pll_inst/inst/clkin1_ibufgds/O
                         net (fo=1, routed)           0.503     0.891    pll_inst/inst/clk_in1_pll
    PLLE2_ADV_X1Y1       PLLE2_ADV (Prop_plle2_adv_CLKIN1_CLKOUT0)
                                                     -2.908    -2.017 r  pll_inst/inst/plle2_adv_inst/CLKOUT0
                         net (fo=1, routed)           0.958    -1.059    pll_inst/inst/clk_out1_pll
    BUFGCTRL_X0Y1        BUFG (Prop_bufg_I_O)         0.026    -1.033 r  pll_inst/inst/clkout1_buf/O
                         net (fo=546, routed)         0.643    -0.390    student_top_inst/bridge_inst/clk_out1
    SLICE_X61Y84         FDRE                                         r  student_top_inst/bridge_inst/led_sync_d2_reg[16]/C
  -------------------------------------------------------------------    -------------------
    SLICE_X61Y84         FDRE (Prop_fdre_C_Q)         0.100    -0.290 f  student_top_inst/bridge_inst/led_sync_d2_reg[16]/Q
                         net (fo=1, routed)           0.106    -0.184    twin_controller_inst/status_buffer_reg[17][7]_0[16]
    SLICE_X63Y85         FDCE                                         f  twin_controller_inst/status_buffer_reg[16][0]/D
  -------------------------------------------------------------------    -------------------

                         (clock clk_out1_pll rise edge)
                                                      0.000     0.000 r  
    AD12                                              0.000     0.000 r  i_sys_clk_p (IN)
                         net (fo=0)                   0.000     0.000    pll_inst/inst/clk_in1_p
    AD12                 IBUFDS (Prop_ibufds_I_O)     0.470     0.470 r  pll_inst/inst/clkin1_ibufgds/O
                         net (fo=1, routed)           0.554     1.024    pll_inst/inst/clk_in1_pll
    PLLE2_ADV_X1Y1       PLLE2_ADV (Prop_plle2_adv_CLKIN1_CLKOUT0)
                                                     -3.524    -2.500 r  pll_inst/inst/plle2_adv_inst/CLKOUT0
                         net (fo=1, routed)           1.027    -1.473    pll_inst/inst/clk_out1_pll
    BUFGCTRL_X0Y1        BUFG (Prop_bufg_I_O)         0.030    -1.443 r  pll_inst/inst/clkout1_buf/O
                         net (fo=546, routed)         0.880    -0.563    twin_controller_inst/CLK
    SLICE_X63Y85         FDCE                                         r  twin_controller_inst/status_buffer_reg[16][0]/C
                         clock pessimism              0.203    -0.361    
    SLICE_X63Y85         FDCE (Hold_fdce_C_D)         0.038    -0.323    twin_controller_inst/status_buffer_reg[16][0]
  -------------------------------------------------------------------
                         required time                          0.323    
                         arrival time                          -0.184    
  -------------------------------------------------------------------
                         slack                                  0.139    

Slack (MET) :             0.139ns  (arrival time - required time)
  Source:                 twin_controller_inst/sw_reg[58]/C
                            (rising edge-triggered cell FDCE clocked by clk_out1_pll  {rise@0.000ns fall@10.000ns period=20.000ns})
  Destination:            twin_controller_inst/status_buffer_reg[13][2]/D
                            (rising edge-triggered cell FDCE clocked by clk_out1_pll  {rise@0.000ns fall@10.000ns period=20.000ns})
  Path Group:             clk_out1_pll
  Path Type:              Hold (Min at Fast Process Corner)
  Requirement:            0.000ns  (clk_out1_pll rise@0.000ns - clk_out1_pll rise@0.000ns)
  Data Path Delay:        0.227ns  (logic 0.100ns (44.055%)  route 0.127ns (55.945%))
  Logic Levels:           0  
  Clock Path Skew:        0.029ns (DCD - SCD - CPR)
    Destination Clock Delay (DCD):    -0.564ns
    Source Clock Delay      (SCD):    -0.391ns
    Clock Pessimism Removal (CPR):    -0.203ns

    Location             Delay type                Incr(ns)  Path(ns)    Netlist Resource(s)
  -------------------------------------------------------------------    -------------------
                         (clock clk_out1_pll rise edge)
                                                      0.000     0.000 r  
    AD12                                              0.000     0.000 r  i_sys_clk_p (IN)
                         net (fo=0)                   0.000     0.000    pll_inst/inst/clk_in1_p
    AD12                 IBUFDS (Prop_ibufds_I_O)     0.388     0.388 r  pll_inst/inst/clkin1_ibufgds/O
                         net (fo=1, routed)           0.503     0.891    pll_inst/inst/clk_in1_pll
    PLLE2_ADV_X1Y1       PLLE2_ADV (Prop_plle2_adv_CLKIN1_CLKOUT0)
                                                     -2.908    -2.017 r  pll_inst/inst/plle2_adv_inst/CLKOUT0
                         net (fo=1, routed)           0.958    -1.059    pll_inst/inst/clk_out1_pll
    BUFGCTRL_X0Y1        BUFG (Prop_bufg_I_O)         0.026    -1.033 r  pll_inst/inst/clkout1_buf/O
                         net (fo=546, routed)         0.642    -0.391    twin_controller_inst/CLK
    SLICE_X68Y87         FDCE                                         r  twin_controller_inst/sw_reg[58]/C
  -------------------------------------------------------------------    -------------------
    SLICE_X68Y87         FDCE (Prop_fdce_C_Q)         0.100    -0.291 r  twin_controller_inst/sw_reg[58]/Q
                         net (fo=3, routed)           0.127    -0.164    twin_controller_inst/sw_reg[63]_0[58]
    SLICE_X70Y86         FDCE                                         r  twin_controller_inst/status_buffer_reg[13][2]/D
  -------------------------------------------------------------------    -------------------

                         (clock clk_out1_pll rise edge)
                                                      0.000     0.000 r  
    AD12                                              0.000     0.000 r  i_sys_clk_p (IN)
                         net (fo=0)                   0.000     0.000    pll_inst/inst/clk_in1_p
    AD12                 IBUFDS (Prop_ibufds_I_O)     0.470     0.470 r  pll_inst/inst/clkin1_ibufgds/O
                         net (fo=1, routed)           0.554     1.024    pll_inst/inst/clk_in1_pll
    PLLE2_ADV_X1Y1       PLLE2_ADV (Prop_plle2_adv_CLKIN1_CLKOUT0)
                                                     -3.524    -2.500 r  pll_inst/inst/plle2_adv_inst/CLKOUT0
                         net (fo=1, routed)           1.027    -1.473    pll_inst/inst/clk_out1_pll
    BUFGCTRL_X0Y1        BUFG (Prop_bufg_I_O)         0.030    -1.443 r  pll_inst/inst/clkout1_buf/O
                         net (fo=546, routed)         0.879    -0.564    twin_controller_inst/CLK
    SLICE_X70Y86         FDCE                                         r  twin_controller_inst/status_buffer_reg[13][2]/C
                         clock pessimism              0.203    -0.362    
    SLICE_X70Y86         FDCE (Hold_fdce_C_D)         0.059    -0.303    twin_controller_inst/status_buffer_reg[13][2]
  -------------------------------------------------------------------
                         required time                          0.303    
                         arrival time                          -0.164    
  -------------------------------------------------------------------
                         slack                                  0.139    

Slack (MET) :             0.139ns  (arrival time - required time)
  Source:                 twin_controller_inst/sw_reg[58]/C
                            (rising edge-triggered cell FDCE clocked by clk_out1_pll  {rise@0.000ns fall@10.000ns period=20.000ns})
  Destination:            twin_controller_inst/status_buffer_reg[13][2]/D
                            (rising edge-triggered cell FDCE clocked by clk_out1_pll  {rise@0.000ns fall@10.000ns period=20.000ns})
  Path Group:             clk_out1_pll
  Path Type:              Hold (Min at Fast Process Corner)
  Requirement:            0.000ns  (clk_out1_pll rise@0.000ns - clk_out1_pll rise@0.000ns)
  Data Path Delay:        0.227ns  (logic 0.100ns (44.055%)  route 0.127ns (55.945%))
  Logic Levels:           0  
  Clock Path Skew:        0.029ns (DCD - SCD - CPR)
    Destination Clock Delay (DCD):    -0.564ns
    Source Clock Delay      (SCD):    -0.391ns
    Clock Pessimism Removal (CPR):    -0.203ns

    Location             Delay type                Incr(ns)  Path(ns)    Netlist Resource(s)
  -------------------------------------------------------------------    -------------------
                         (clock clk_out1_pll rise edge)
                                                      0.000     0.000 r  
    AD12                                              0.000     0.000 r  i_sys_clk_p (IN)
                         net (fo=0)                   0.000     0.000    pll_inst/inst/clk_in1_p
    AD12                 IBUFDS (Prop_ibufds_I_O)     0.388     0.388 r  pll_inst/inst/clkin1_ibufgds/O
                         net (fo=1, routed)           0.503     0.891    pll_inst/inst/clk_in1_pll
    PLLE2_ADV_X1Y1       PLLE2_ADV (Prop_plle2_adv_CLKIN1_CLKOUT0)
                                                     -2.908    -2.017 r  pll_inst/inst/plle2_adv_inst/CLKOUT0
                         net (fo=1, routed)           0.958    -1.059    pll_inst/inst/clk_out1_pll
    BUFGCTRL_X0Y1        BUFG (Prop_bufg_I_O)         0.026    -1.033 r  pll_inst/inst/clkout1_buf/O
                         net (fo=546, routed)         0.642    -0.391    twin_controller_inst/CLK
    SLICE_X68Y87         FDCE                                         r  twin_controller_inst/sw_reg[58]/C
  -------------------------------------------------------------------    -------------------
    SLICE_X68Y87         FDCE (Prop_fdce_C_Q)         0.100    -0.291 f  twin_controller_inst/sw_reg[58]/Q
                         net (fo=3, routed)           0.127    -0.164    twin_controller_inst/sw_reg[63]_0[58]
    SLICE_X70Y86         FDCE                                         f  twin_controller_inst/status_buffer_reg[13][2]/D
  -------------------------------------------------------------------    -------------------

                         (clock clk_out1_pll rise edge)
                                                      0.000     0.000 r  
    AD12                                              0.000     0.000 r  i_sys_clk_p (IN)
                         net (fo=0)                   0.000     0.000    pll_inst/inst/clk_in1_p
    AD12                 IBUFDS (Prop_ibufds_I_O)     0.470     0.470 r  pll_inst/inst/clkin1_ibufgds/O
                         net (fo=1, routed)           0.554     1.024    pll_inst/inst/clk_in1_pll
    PLLE2_ADV_X1Y1       PLLE2_ADV (Prop_plle2_adv_CLKIN1_CLKOUT0)
                                                     -3.524    -2.500 r  pll_inst/inst/plle2_adv_inst/CLKOUT0
                         net (fo=1, routed)           1.027    -1.473    pll_inst/inst/clk_out1_pll
    BUFGCTRL_X0Y1        BUFG (Prop_bufg_I_O)         0.030    -1.443 r  pll_inst/inst/clkout1_buf/O
                         net (fo=546, routed)         0.879    -0.564    twin_controller_inst/CLK
    SLICE_X70Y86         FDCE                                         r  twin_controller_inst/status_buffer_reg[13][2]/C
                         clock pessimism              0.203    -0.362    
    SLICE_X70Y86         FDCE (Hold_fdce_C_D)         0.059    -0.303    twin_controller_inst/status_buffer_reg[13][2]
  -------------------------------------------------------------------
                         required time                          0.303    
                         arrival time                          -0.164    
  -------------------------------------------------------------------
                         slack                                  0.139    

Slack (MET) :             0.141ns  (arrival time - required time)
  Source:                 student_top_inst/bridge_inst/seg_sync_d1_reg[6]/C
                            (rising edge-triggered cell FDRE clocked by clk_out1_pll  {rise@0.000ns fall@10.000ns period=20.000ns})
  Destination:            student_top_inst/bridge_inst/seg_sync_d2_reg[6]/D
                            (rising edge-triggered cell FDRE clocked by clk_out1_pll  {rise@0.000ns fall@10.000ns period=20.000ns})
  Path Group:             clk_out1_pll
  Path Type:              Hold (Min at Fast Process Corner)
  Requirement:            0.000ns  (clk_out1_pll rise@0.000ns - clk_out1_pll rise@0.000ns)
  Data Path Delay:        0.201ns  (logic 0.100ns (49.821%)  route 0.101ns (50.179%))
  Logic Levels:           0  
  Clock Path Skew:        0.013ns (DCD - SCD - CPR)
    Destination Clock Delay (DCD):    -0.562ns
    Source Clock Delay      (SCD):    -0.390ns
    Clock Pessimism Removal (CPR):    -0.186ns

    Location             Delay type                Incr(ns)  Path(ns)    Netlist Resource(s)
  -------------------------------------------------------------------    -------------------
                         (clock clk_out1_pll rise edge)
                                                      0.000     0.000 r  
    AD12                                              0.000     0.000 r  i_sys_clk_p (IN)
                         net (fo=0)                   0.000     0.000    pll_inst/inst/clk_in1_p
    AD12                 IBUFDS (Prop_ibufds_I_O)     0.388     0.388 r  pll_inst/inst/clkin1_ibufgds/O
                         net (fo=1, routed)           0.503     0.891    pll_inst/inst/clk_in1_pll
    PLLE2_ADV_X1Y1       PLLE2_ADV (Prop_plle2_adv_CLKIN1_CLKOUT0)
                                                     -2.908    -2.017 r  pll_inst/inst/plle2_adv_inst/CLKOUT0
                         net (fo=1, routed)           0.958    -1.059    pll_inst/inst/clk_out1_pll
    BUFGCTRL_X0Y1        BUFG (Prop_bufg_I_O)         0.026    -1.033 r  pll_inst/inst/clkout1_buf/O
                         net (fo=546, routed)         0.643    -0.390    student_top_inst/bridge_inst/clk_out1
    SLICE_X60Y85         FDRE                                         r  student_top_inst/bridge_inst/seg_sync_d1_reg[6]/C
  -------------------------------------------------------------------    -------------------
    SLICE_X60Y85         FDRE (Prop_fdre_C_Q)         0.100    -0.290 r  student_top_inst/bridge_inst/seg_sync_d1_reg[6]/Q
                         net (fo=2, routed)           0.101    -0.189    student_top_inst/bridge_inst/seg_sync_d1[6]
    SLICE_X59Y85         FDRE                                         r  student_top_inst/bridge_inst/seg_sync_d2_reg[6]/D
  -------------------------------------------------------------------    -------------------

                         (clock clk_out1_pll rise edge)
                                                      0.000     0.000 r  
    AD12                                              0.000     0.000 r  i_sys_clk_p (IN)
                         net (fo=0)                   0.000     0.000    pll_inst/inst/clk_in1_p
    AD12                 IBUFDS (Prop_ibufds_I_O)     0.470     0.470 r  pll_inst/inst/clkin1_ibufgds/O
                         net (fo=1, routed)           0.554     1.024    pll_inst/inst/clk_in1_pll
    PLLE2_ADV_X1Y1       PLLE2_ADV (Prop_plle2_adv_CLKIN1_CLKOUT0)
                                                     -3.524    -2.500 r  pll_inst/inst/plle2_adv_inst/CLKOUT0
                         net (fo=1, routed)           1.027    -1.473    pll_inst/inst/clk_out1_pll
    BUFGCTRL_X0Y1        BUFG (Prop_bufg_I_O)         0.030    -1.443 r  pll_inst/inst/clkout1_buf/O
                         net (fo=546, routed)         0.881    -0.562    student_top_inst/bridge_inst/clk_out1
    SLICE_X59Y85         FDRE                                         r  student_top_inst/bridge_inst/seg_sync_d2_reg[6]/C
                         clock pessimism              0.186    -0.377    
    SLICE_X59Y85         FDRE (Hold_fdre_C_D)         0.047    -0.330    student_top_inst/bridge_inst/seg_sync_d2_reg[6]
  -------------------------------------------------------------------
                         required time                          0.330    
                         arrival time                          -0.189    
  -------------------------------------------------------------------
                         slack                                  0.141    

Slack (MET) :             0.141ns  (arrival time - required time)
  Source:                 student_top_inst/bridge_inst/seg_sync_d1_reg[6]/C
                            (rising edge-triggered cell FDRE clocked by clk_out1_pll  {rise@0.000ns fall@10.000ns period=20.000ns})
  Destination:            student_top_inst/bridge_inst/seg_sync_d2_reg[6]/D
                            (rising edge-triggered cell FDRE clocked by clk_out1_pll  {rise@0.000ns fall@10.000ns period=20.000ns})
  Path Group:             clk_out1_pll
  Path Type:              Hold (Min at Fast Process Corner)
  Requirement:            0.000ns  (clk_out1_pll rise@0.000ns - clk_out1_pll rise@0.000ns)
  Data Path Delay:        0.201ns  (logic 0.100ns (49.821%)  route 0.101ns (50.179%))
  Logic Levels:           0  
  Clock Path Skew:        0.013ns (DCD - SCD - CPR)
    Destination Clock Delay (DCD):    -0.562ns
    Source Clock Delay      (SCD):    -0.390ns
    Clock Pessimism Removal (CPR):    -0.186ns

    Location             Delay type                Incr(ns)  Path(ns)    Netlist Resource(s)
  -------------------------------------------------------------------    -------------------
                         (clock clk_out1_pll rise edge)
                                                      0.000     0.000 r  
    AD12                                              0.000     0.000 r  i_sys_clk_p (IN)
                         net (fo=0)                   0.000     0.000    pll_inst/inst/clk_in1_p
    AD12                 IBUFDS (Prop_ibufds_I_O)     0.388     0.388 r  pll_inst/inst/clkin1_ibufgds/O
                         net (fo=1, routed)           0.503     0.891    pll_inst/inst/clk_in1_pll
    PLLE2_ADV_X1Y1       PLLE2_ADV (Prop_plle2_adv_CLKIN1_CLKOUT0)
                                                     -2.908    -2.017 r  pll_inst/inst/plle2_adv_inst/CLKOUT0
                         net (fo=1, routed)           0.958    -1.059    pll_inst/inst/clk_out1_pll
    BUFGCTRL_X0Y1        BUFG (Prop_bufg_I_O)         0.026    -1.033 r  pll_inst/inst/clkout1_buf/O
                         net (fo=546, routed)         0.643    -0.390    student_top_inst/bridge_inst/clk_out1
    SLICE_X60Y85         FDRE                                         r  student_top_inst/bridge_inst/seg_sync_d1_reg[6]/C
  -------------------------------------------------------------------    -------------------
    SLICE_X60Y85         FDRE (Prop_fdre_C_Q)         0.100    -0.290 f  student_top_inst/bridge_inst/seg_sync_d1_reg[6]/Q
                         net (fo=2, routed)           0.101    -0.189    student_top_inst/bridge_inst/seg_sync_d1[6]
    SLICE_X59Y85         FDRE                                         f  student_top_inst/bridge_inst/seg_sync_d2_reg[6]/D
  -------------------------------------------------------------------    -------------------

                         (clock clk_out1_pll rise edge)
                                                      0.000     0.000 r  
    AD12                                              0.000     0.000 r  i_sys_clk_p (IN)
                         net (fo=0)                   0.000     0.000    pll_inst/inst/clk_in1_p
    AD12                 IBUFDS (Prop_ibufds_I_O)     0.470     0.470 r  pll_inst/inst/clkin1_ibufgds/O
                         net (fo=1, routed)           0.554     1.024    pll_inst/inst/clk_in1_pll
    PLLE2_ADV_X1Y1       PLLE2_ADV (Prop_plle2_adv_CLKIN1_CLKOUT0)
                                                     -3.524    -2.500 r  pll_inst/inst/plle2_adv_inst/CLKOUT0
                         net (fo=1, routed)           1.027    -1.473    pll_inst/inst/clk_out1_pll
    BUFGCTRL_X0Y1        BUFG (Prop_bufg_I_O)         0.030    -1.443 r  pll_inst/inst/clkout1_buf/O
                         net (fo=546, routed)         0.881    -0.562    student_top_inst/bridge_inst/clk_out1
    SLICE_X59Y85         FDRE                                         r  student_top_inst/bridge_inst/seg_sync_d2_reg[6]/C
                         clock pessimism              0.186    -0.377    
    SLICE_X59Y85         FDRE (Hold_fdre_C_D)         0.047    -0.330    student_top_inst/bridge_inst/seg_sync_d2_reg[6]
  -------------------------------------------------------------------
                         required time                          0.330    
                         arrival time                          -0.189    
  -------------------------------------------------------------------
                         slack                                  0.141    

Slack (MET) :             0.142ns  (arrival time - required time)
  Source:                 student_top_inst/bridge_inst/seg_sync_d1_reg[2]/C
                            (rising edge-triggered cell FDRE clocked by clk_out1_pll  {rise@0.000ns fall@10.000ns period=20.000ns})
  Destination:            student_top_inst/bridge_inst/seg_sync_d2_reg[2]/D
                            (rising edge-triggered cell FDRE clocked by clk_out1_pll  {rise@0.000ns fall@10.000ns period=20.000ns})
  Path Group:             clk_out1_pll
  Path Type:              Hold (Min at Fast Process Corner)
  Requirement:            0.000ns  (clk_out1_pll rise@0.000ns - clk_out1_pll rise@0.000ns)
  Data Path Delay:        0.211ns  (logic 0.100ns (47.413%)  route 0.111ns (52.587%))
  Logic Levels:           0  
  Clock Path Skew:        0.029ns (DCD - SCD - CPR)
    Destination Clock Delay (DCD):    -0.563ns
    Source Clock Delay      (SCD):    -0.390ns
    Clock Pessimism Removal (CPR):    -0.203ns

    Location             Delay type                Incr(ns)  Path(ns)    Netlist Resource(s)
  -------------------------------------------------------------------    -------------------
                         (clock clk_out1_pll rise edge)
                                                      0.000     0.000 r  
    AD12                                              0.000     0.000 r  i_sys_clk_p (IN)
                         net (fo=0)                   0.000     0.000    pll_inst/inst/clk_in1_p
    AD12                 IBUFDS (Prop_ibufds_I_O)     0.388     0.388 r  pll_inst/inst/clkin1_ibufgds/O
                         net (fo=1, routed)           0.503     0.891    pll_inst/inst/clk_in1_pll
    PLLE2_ADV_X1Y1       PLLE2_ADV (Prop_plle2_adv_CLKIN1_CLKOUT0)
                                                     -2.908    -2.017 r  pll_inst/inst/plle2_adv_inst/CLKOUT0
                         net (fo=1, routed)           0.958    -1.059    pll_inst/inst/clk_out1_pll
    BUFGCTRL_X0Y1        BUFG (Prop_bufg_I_O)         0.026    -1.033 r  pll_inst/inst/clkout1_buf/O
                         net (fo=546, routed)         0.643    -0.390    student_top_inst/bridge_inst/clk_out1
    SLICE_X61Y85         FDRE                                         r  student_top_inst/bridge_inst/seg_sync_d1_reg[2]/C
  -------------------------------------------------------------------    -------------------
    SLICE_X61Y85         FDRE (Prop_fdre_C_Q)         0.100    -0.290 r  student_top_inst/bridge_inst/seg_sync_d1_reg[2]/Q
                         net (fo=2, routed)           0.111    -0.179    student_top_inst/bridge_inst/seg_sync_d1[2]
    SLICE_X62Y85         FDRE                                         r  student_top_inst/bridge_inst/seg_sync_d2_reg[2]/D
  -------------------------------------------------------------------    -------------------

                         (clock clk_out1_pll rise edge)
                                                      0.000     0.000 r  
    AD12                                              0.000     0.000 r  i_sys_clk_p (IN)
                         net (fo=0)                   0.000     0.000    pll_inst/inst/clk_in1_p
    AD12                 IBUFDS (Prop_ibufds_I_O)     0.470     0.470 r  pll_inst/inst/clkin1_ibufgds/O
                         net (fo=1, routed)           0.554     1.024    pll_inst/inst/clk_in1_pll
    PLLE2_ADV_X1Y1       PLLE2_ADV (Prop_plle2_adv_CLKIN1_CLKOUT0)
                                                     -3.524    -2.500 r  pll_inst/inst/plle2_adv_inst/CLKOUT0
                         net (fo=1, routed)           1.027    -1.473    pll_inst/inst/clk_out1_pll
    BUFGCTRL_X0Y1        BUFG (Prop_bufg_I_O)         0.030    -1.443 r  pll_inst/inst/clkout1_buf/O
                         net (fo=546, routed)         0.880    -0.563    student_top_inst/bridge_inst/clk_out1
    SLICE_X62Y85         FDRE                                         r  student_top_inst/bridge_inst/seg_sync_d2_reg[2]/C
                         clock pessimism              0.203    -0.361    
    SLICE_X62Y85         FDRE (Hold_fdre_C_D)         0.040    -0.321    student_top_inst/bridge_inst/seg_sync_d2_reg[2]
  -------------------------------------------------------------------
                         required time                          0.321    
                         arrival time                          -0.179    
  -------------------------------------------------------------------
                         slack                                  0.142    

Slack (MET) :             0.142ns  (arrival time - required time)
  Source:                 student_top_inst/bridge_inst/seg_sync_d1_reg[2]/C
                            (rising edge-triggered cell FDRE clocked by clk_out1_pll  {rise@0.000ns fall@10.000ns period=20.000ns})
  Destination:            student_top_inst/bridge_inst/seg_sync_d2_reg[2]/D
                            (rising edge-triggered cell FDRE clocked by clk_out1_pll  {rise@0.000ns fall@10.000ns period=20.000ns})
  Path Group:             clk_out1_pll
  Path Type:              Hold (Min at Fast Process Corner)
  Requirement:            0.000ns  (clk_out1_pll rise@0.000ns - clk_out1_pll rise@0.000ns)
  Data Path Delay:        0.211ns  (logic 0.100ns (47.413%)  route 0.111ns (52.587%))
  Logic Levels:           0  
  Clock Path Skew:        0.029ns (DCD - SCD - CPR)
    Destination Clock Delay (DCD):    -0.563ns
    Source Clock Delay      (SCD):    -0.390ns
    Clock Pessimism Removal (CPR):    -0.203ns

    Location             Delay type                Incr(ns)  Path(ns)    Netlist Resource(s)
  -------------------------------------------------------------------    -------------------
                         (clock clk_out1_pll rise edge)
                                                      0.000     0.000 r  
    AD12                                              0.000     0.000 r  i_sys_clk_p (IN)
                         net (fo=0)                   0.000     0.000    pll_inst/inst/clk_in1_p
    AD12                 IBUFDS (Prop_ibufds_I_O)     0.388     0.388 r  pll_inst/inst/clkin1_ibufgds/O
                         net (fo=1, routed)           0.503     0.891    pll_inst/inst/clk_in1_pll
    PLLE2_ADV_X1Y1       PLLE2_ADV (Prop_plle2_adv_CLKIN1_CLKOUT0)
                                                     -2.908    -2.017 r  pll_inst/inst/plle2_adv_inst/CLKOUT0
                         net (fo=1, routed)           0.958    -1.059    pll_inst/inst/clk_out1_pll
    BUFGCTRL_X0Y1        BUFG (Prop_bufg_I_O)         0.026    -1.033 r  pll_inst/inst/clkout1_buf/O
                         net (fo=546, routed)         0.643    -0.390    student_top_inst/bridge_inst/clk_out1
    SLICE_X61Y85         FDRE                                         r  student_top_inst/bridge_inst/seg_sync_d1_reg[2]/C
  -------------------------------------------------------------------    -------------------
    SLICE_X61Y85         FDRE (Prop_fdre_C_Q)         0.100    -0.290 f  student_top_inst/bridge_inst/seg_sync_d1_reg[2]/Q
                         net (fo=2, routed)           0.111    -0.179    student_top_inst/bridge_inst/seg_sync_d1[2]
    SLICE_X62Y85         FDRE                                         f  student_top_inst/bridge_inst/seg_sync_d2_reg[2]/D
  -------------------------------------------------------------------    -------------------

                         (clock clk_out1_pll rise edge)
                                                      0.000     0.000 r  
    AD12                                              0.000     0.000 r  i_sys_clk_p (IN)
                         net (fo=0)                   0.000     0.000    pll_inst/inst/clk_in1_p
    AD12                 IBUFDS (Prop_ibufds_I_O)     0.470     0.470 r  pll_inst/inst/clkin1_ibufgds/O
                         net (fo=1, routed)           0.554     1.024    pll_inst/inst/clk_in1_pll
    PLLE2_ADV_X1Y1       PLLE2_ADV (Prop_plle2_adv_CLKIN1_CLKOUT0)
                                                     -3.524    -2.500 r  pll_inst/inst/plle2_adv_inst/CLKOUT0
                         net (fo=1, routed)           1.027    -1.473    pll_inst/inst/clk_out1_pll
    BUFGCTRL_X0Y1        BUFG (Prop_bufg_I_O)         0.030    -1.443 r  pll_inst/inst/clkout1_buf/O
                         net (fo=546, routed)         0.880    -0.563    student_top_inst/bridge_inst/clk_out1
    SLICE_X62Y85         FDRE                                         r  student_top_inst/bridge_inst/seg_sync_d2_reg[2]/C
                         clock pessimism              0.203    -0.361    
    SLICE_X62Y85         FDRE (Hold_fdre_C_D)         0.040    -0.321    student_top_inst/bridge_inst/seg_sync_d2_reg[2]
  -------------------------------------------------------------------
                         required time                          0.321    
                         arrival time                          -0.179    
  -------------------------------------------------------------------
                         slack                                  0.142    

Slack (MET) :             0.142ns  (arrival time - required time)
  Source:                 student_top_inst/bridge_inst/seg_sync_d1_reg[3]/C
                            (rising edge-triggered cell FDRE clocked by clk_out1_pll  {rise@0.000ns fall@10.000ns period=20.000ns})
  Destination:            student_top_inst/bridge_inst/seg_sync_d2_reg[3]/D
                            (rising edge-triggered cell FDRE clocked by clk_out1_pll  {rise@0.000ns fall@10.000ns period=20.000ns})
  Path Group:             clk_out1_pll
  Path Type:              Hold (Min at Fast Process Corner)
  Requirement:            0.000ns  (clk_out1_pll rise@0.000ns - clk_out1_pll rise@0.000ns)
  Data Path Delay:        0.211ns  (logic 0.100ns (47.413%)  route 0.111ns (52.587%))
  Logic Levels:           0  
  Clock Path Skew:        0.029ns (DCD - SCD - CPR)
    Destination Clock Delay (DCD):    -0.563ns
    Source Clock Delay      (SCD):    -0.390ns
    Clock Pessimism Removal (CPR):    -0.203ns

    Location             Delay type                Incr(ns)  Path(ns)    Netlist Resource(s)
  -------------------------------------------------------------------    -------------------
                         (clock clk_out1_pll rise edge)
                                                      0.000     0.000 r  
    AD12                                              0.000     0.000 r  i_sys_clk_p (IN)
                         net (fo=0)                   0.000     0.000    pll_inst/inst/clk_in1_p
    AD12                 IBUFDS (Prop_ibufds_I_O)     0.388     0.388 r  pll_inst/inst/clkin1_ibufgds/O
                         net (fo=1, routed)           0.503     0.891    pll_inst/inst/clk_in1_pll
    PLLE2_ADV_X1Y1       PLLE2_ADV (Prop_plle2_adv_CLKIN1_CLKOUT0)
                                                     -2.908    -2.017 r  pll_inst/inst/plle2_adv_inst/CLKOUT0
                         net (fo=1, routed)           0.958    -1.059    pll_inst/inst/clk_out1_pll
    BUFGCTRL_X0Y1        BUFG (Prop_bufg_I_O)         0.026    -1.033 r  pll_inst/inst/clkout1_buf/O
                         net (fo=546, routed)         0.643    -0.390    student_top_inst/bridge_inst/clk_out1
    SLICE_X61Y85         FDRE                                         r  student_top_inst/bridge_inst/seg_sync_d1_reg[3]/C
  -------------------------------------------------------------------    -------------------
    SLICE_X61Y85         FDRE (Prop_fdre_C_Q)         0.100    -0.290 r  student_top_inst/bridge_inst/seg_sync_d1_reg[3]/Q
                         net (fo=2, routed)           0.111    -0.179    student_top_inst/bridge_inst/seg_sync_d1[3]
    SLICE_X62Y85         FDRE                                         r  student_top_inst/bridge_inst/seg_sync_d2_reg[3]/D
  -------------------------------------------------------------------    -------------------

                         (clock clk_out1_pll rise edge)
                                                      0.000     0.000 r  
    AD12                                              0.000     0.000 r  i_sys_clk_p (IN)
                         net (fo=0)                   0.000     0.000    pll_inst/inst/clk_in1_p
    AD12                 IBUFDS (Prop_ibufds_I_O)     0.470     0.470 r  pll_inst/inst/clkin1_ibufgds/O
                         net (fo=1, routed)           0.554     1.024    pll_inst/inst/clk_in1_pll
    PLLE2_ADV_X1Y1       PLLE2_ADV (Prop_plle2_adv_CLKIN1_CLKOUT0)
                                                     -3.524    -2.500 r  pll_inst/inst/plle2_adv_inst/CLKOUT0
                         net (fo=1, routed)           1.027    -1.473    pll_inst/inst/clk_out1_pll
    BUFGCTRL_X0Y1        BUFG (Prop_bufg_I_O)         0.030    -1.443 r  pll_inst/inst/clkout1_buf/O
                         net (fo=546, routed)         0.880    -0.563    student_top_inst/bridge_inst/clk_out1
    SLICE_X62Y85         FDRE                                         r  student_top_inst/bridge_inst/seg_sync_d2_reg[3]/C
                         clock pessimism              0.203    -0.361    
    SLICE_X62Y85         FDRE (Hold_fdre_C_D)         0.040    -0.321    student_top_inst/bridge_inst/seg_sync_d2_reg[3]
  -------------------------------------------------------------------
                         required time                          0.321    
                         arrival time                          -0.179    
  -------------------------------------------------------------------
                         slack                                  0.142    

Slack (MET) :             0.142ns  (arrival time - required time)
  Source:                 student_top_inst/bridge_inst/seg_sync_d1_reg[3]/C
                            (rising edge-triggered cell FDRE clocked by clk_out1_pll  {rise@0.000ns fall@10.000ns period=20.000ns})
  Destination:            student_top_inst/bridge_inst/seg_sync_d2_reg[3]/D
                            (rising edge-triggered cell FDRE clocked by clk_out1_pll  {rise@0.000ns fall@10.000ns period=20.000ns})
  Path Group:             clk_out1_pll
  Path Type:              Hold (Min at Fast Process Corner)
  Requirement:            0.000ns  (clk_out1_pll rise@0.000ns - clk_out1_pll rise@0.000ns)
  Data Path Delay:        0.211ns  (logic 0.100ns (47.413%)  route 0.111ns (52.587%))
  Logic Levels:           0  
  Clock Path Skew:        0.029ns (DCD - SCD - CPR)
    Destination Clock Delay (DCD):    -0.563ns
    Source Clock Delay      (SCD):    -0.390ns
    Clock Pessimism Removal (CPR):    -0.203ns

    Location             Delay type                Incr(ns)  Path(ns)    Netlist Resource(s)
  -------------------------------------------------------------------    -------------------
                         (clock clk_out1_pll rise edge)
                                                      0.000     0.000 r  
    AD12                                              0.000     0.000 r  i_sys_clk_p (IN)
                         net (fo=0)                   0.000     0.000    pll_inst/inst/clk_in1_p
    AD12                 IBUFDS (Prop_ibufds_I_O)     0.388     0.388 r  pll_inst/inst/clkin1_ibufgds/O
                         net (fo=1, routed)           0.503     0.891    pll_inst/inst/clk_in1_pll
    PLLE2_ADV_X1Y1       PLLE2_ADV (Prop_plle2_adv_CLKIN1_CLKOUT0)
                                                     -2.908    -2.017 r  pll_inst/inst/plle2_adv_inst/CLKOUT0
                         net (fo=1, routed)           0.958    -1.059    pll_inst/inst/clk_out1_pll
    BUFGCTRL_X0Y1        BUFG (Prop_bufg_I_O)         0.026    -1.033 r  pll_inst/inst/clkout1_buf/O
                         net (fo=546, routed)         0.643    -0.390    student_top_inst/bridge_inst/clk_out1
    SLICE_X61Y85         FDRE                                         r  student_top_inst/bridge_inst/seg_sync_d1_reg[3]/C
  -------------------------------------------------------------------    -------------------
    SLICE_X61Y85         FDRE (Prop_fdre_C_Q)         0.100    -0.290 f  student_top_inst/bridge_inst/seg_sync_d1_reg[3]/Q
                         net (fo=2, routed)           0.111    -0.179    student_top_inst/bridge_inst/seg_sync_d1[3]
    SLICE_X62Y85         FDRE                                         f  student_top_inst/bridge_inst/seg_sync_d2_reg[3]/D
  -------------------------------------------------------------------    -------------------

                         (clock clk_out1_pll rise edge)
                                                      0.000     0.000 r  
    AD12                                              0.000     0.000 r  i_sys_clk_p (IN)
                         net (fo=0)                   0.000     0.000    pll_inst/inst/clk_in1_p
    AD12                 IBUFDS (Prop_ibufds_I_O)     0.470     0.470 r  pll_inst/inst/clkin1_ibufgds/O
                         net (fo=1, routed)           0.554     1.024    pll_inst/inst/clk_in1_pll
    PLLE2_ADV_X1Y1       PLLE2_ADV (Prop_plle2_adv_CLKIN1_CLKOUT0)
                                                     -3.524    -2.500 r  pll_inst/inst/plle2_adv_inst/CLKOUT0
                         net (fo=1, routed)           1.027    -1.473    pll_inst/inst/clk_out1_pll
    BUFGCTRL_X0Y1        BUFG (Prop_bufg_I_O)         0.030    -1.443 r  pll_inst/inst/clkout1_buf/O
                         net (fo=546, routed)         0.880    -0.563    student_top_inst/bridge_inst/clk_out1
    SLICE_X62Y85         FDRE                                         r  student_top_inst/bridge_inst/seg_sync_d2_reg[3]/C
                         clock pessimism              0.203    -0.361    
    SLICE_X62Y85         FDRE (Hold_fdre_C_D)         0.040    -0.321    student_top_inst/bridge_inst/seg_sync_d2_reg[3]
  -------------------------------------------------------------------
                         required time                          0.321    
                         arrival time                          -0.179    
  -------------------------------------------------------------------
                         slack                                  0.142    




