Copyright 1986-2022 Xilinx, Inc. All Rights Reserved. Copyright 2022-2023 Advanced Micro Devices, Inc. All Rights Reserved.
----------------------------------------------------------------------------------------------------------------------------------------------------------------------------------------------------------------------------------------
| Tool Version : Vivado v.2023.2 (win64) Build 4029153 Fri Oct 13 20:14:34 MDT 2023
| Date         : Tue Jun  2 21:30:23 2026
| Host         : LAPTOP-5UF1FH4A running 64-bit major release  (build 9200)
| Command      : report_timing -delay_type max -sort_by group -max_paths 20 -nworst 5 -path_type full_clock_expanded -file C:/Users/hp/Downloads/digital_twin/digital_twin.srcs/sources_1/vivado_clk2_sweep/top_timing_max_clk2_216.rpt
| Design       : top
| Device       : 7k325t-ffg900
| Speed File   : -2  PRODUCTION 1.12 2017-02-17
| Design State : Routed
----------------------------------------------------------------------------------------------------------------------------------------------------------------------------------------------------------------------------------------

Timing Report

Slack (MET) :             0.007ns  (required time - arrival time)
  Source:                 student_top_inst/Core_cpu/cpu_core/id_ex_inst/rs1_addr_o_reg[4]/C
                            (rising edge-triggered cell FDRE clocked by clk_out2_pll  {rise@0.000ns fall@2.308ns period=4.615ns})
  Destination:            student_top_inst/Core_cpu/cpu_core/ex_mem_inst/dff_rd_data/data_o_reg[4]/D
                            (rising edge-triggered cell FDRE clocked by clk_out2_pll  {rise@0.000ns fall@2.308ns period=4.615ns})
  Path Group:             clk_out2_pll
  Path Type:              Setup (Max at Slow Process Corner)
  Requirement:            4.615ns  (clk_out2_pll rise@4.615ns - clk_out2_pll rise@0.000ns)
  Data Path Delay:        4.543ns  (logic 0.739ns (16.267%)  route 3.804ns (83.733%))
  Logic Levels:           12  (LUT3=2 LUT4=1 LUT5=1 LUT6=8)
  Clock Path Skew:        -0.040ns (DCD - SCD + CPR)
    Destination Clock Delay (DCD):    -2.113ns = ( 2.503 - 4.615 ) 
    Source Clock Delay      (SCD):    -2.447ns
    Clock Pessimism Removal (CPR):    -0.375ns
  Clock Uncertainty:      0.059ns  ((TSJ^2 + DJ^2)^1/2) / 2 + PE
    Total System Jitter     (TSJ):    0.071ns
    Discrete Jitter          (DJ):    0.094ns
    Phase Error              (PE):    0.000ns

    Location             Delay type                Incr(ns)  Path(ns)    Netlist Resource(s)
  -------------------------------------------------------------------    -------------------
                         (clock clk_out2_pll rise edge)
                                                      0.000     0.000 r  
    AD12                                              0.000     0.000 r  i_sys_clk_p (IN)
                         net (fo=0)                   0.000     0.000    pll_inst/inst/clk_in1_p
    AD12                 IBUFDS (Prop_ibufds_I_O)     0.906     0.906 r  pll_inst/inst/clkin1_ibufgds/O
                         net (fo=1, routed)           1.098     2.004    pll_inst/inst/clk_in1_pll
    PLLE2_ADV_X1Y1       PLLE2_ADV (Prop_plle2_adv_CLKIN1_CLKOUT1)
                                                     -8.058    -6.054 r  pll_inst/inst/plle2_adv_inst/CLKOUT1
                         net (fo=1, routed)           2.128    -3.926    pll_inst/inst/clk_out2_pll
    BUFGCTRL_X0Y0        BUFG (Prop_bufg_I_O)         0.093    -3.833 r  pll_inst/inst/clkout2_buf/O
                         net (fo=2866, routed)        1.386    -2.447    student_top_inst/Core_cpu/cpu_core/id_ex_inst/clk_out2
    SLICE_X91Y125        FDRE                                         r  student_top_inst/Core_cpu/cpu_core/id_ex_inst/rs1_addr_o_reg[4]/C
  -------------------------------------------------------------------    -------------------
    SLICE_X91Y125        FDRE (Prop_fdre_C_Q)         0.223    -2.224 r  student_top_inst/Core_cpu/cpu_core/id_ex_inst/rs1_addr_o_reg[4]/Q
                         net (fo=3, routed)           0.457    -1.768    student_top_inst/Core_cpu/cpu_core/id_ex_inst/rs1_addr_o_reg[4]_0[4]
    SLICE_X91Y125        LUT6 (Prop_lut6_I0_O)        0.043    -1.725 r  student_top_inst/Core_cpu/cpu_core/id_ex_inst/rs1_match_ex_mem_inst_i_6/O
                         net (fo=1, routed)           0.101    -1.624    student_top_inst/Core_cpu/cpu_core/id_ex_inst/rs1_match_ex_mem_inst_i_6_n_0
    SLICE_X91Y125        LUT5 (Prop_lut5_I0_O)        0.043    -1.581 r  student_top_inst/Core_cpu/cpu_core/id_ex_inst/rs1_match_ex_mem_inst_i_4/O
                         net (fo=57, routed)          0.514    -1.067    student_top_inst/Core_cpu/cpu_core/id_ex_inst/forwarding_inst/in020_out
    SLICE_X87Y120        LUT6 (Prop_lut6_I5_O)        0.043    -1.024 r  student_top_inst/Core_cpu/cpu_core/id_ex_inst/rs1_match_ex_mem_inst_rep__24_i_1/O
                         net (fo=4, routed)           0.366    -0.658    student_top_inst/Core_cpu/cpu_core/id_ex_inst/rs1_match_ex_mem_inst_rep__24_i_1_n_0
    SLICE_X86Y120        LUT3 (Prop_lut3_I1_O)        0.043    -0.615 r  student_top_inst/Core_cpu/cpu_core/id_ex_inst/data_o[20]_i_19/O
                         net (fo=4, routed)           0.509    -0.106    student_top_inst/Core_cpu/cpu_core/id_ex_inst/data_o[20]_i_19_n_0
    SLICE_X89Y125        LUT6 (Prop_lut6_I1_O)        0.043    -0.063 r  student_top_inst/Core_cpu/cpu_core/id_ex_inst/data_o[0]_i_63/O
                         net (fo=3, routed)           0.397     0.334    student_top_inst/Core_cpu/cpu_core/id_ex_inst/data_o[0]_i_63_n_0
    SLICE_X85Y125        LUT6 (Prop_lut6_I5_O)        0.043     0.377 r  student_top_inst/Core_cpu/cpu_core/id_ex_inst/data_o[5]_i_20/O
                         net (fo=2, routed)           0.336     0.713    student_top_inst/Core_cpu/cpu_core/id_ex_inst/data_o[5]_i_20_n_0
    SLICE_X83Y125        LUT3 (Prop_lut3_I0_O)        0.043     0.756 r  student_top_inst/Core_cpu/cpu_core/id_ex_inst/data_o[4]_i_14/O
                         net (fo=1, routed)           0.306     1.062    student_top_inst/Core_cpu/cpu_core/id_ex_inst/ex_inst/op1_i_shift_right_op2_i[4]
    SLICE_X85Y129        LUT6 (Prop_lut6_I3_O)        0.043     1.105 f  student_top_inst/Core_cpu/cpu_core/id_ex_inst/data_o[4]_i_9/O
                         net (fo=1, routed)           0.183     1.288    student_top_inst/Core_cpu/cpu_core/id_ex_inst/data_o[4]_i_9_n_0
    SLICE_X85Y130        LUT6 (Prop_lut6_I0_O)        0.043     1.331 f  student_top_inst/Core_cpu/cpu_core/id_ex_inst/data_o[4]_i_5/O
                         net (fo=1, routed)           0.269     1.600    student_top_inst/Core_cpu/cpu_core/id_ex_inst/data_o[4]_i_5_n_0
    SLICE_X84Y130        LUT6 (Prop_lut6_I0_O)        0.043     1.643 f  student_top_inst/Core_cpu/cpu_core/id_ex_inst/data_o[4]_i_3__0/O
                         net (fo=1, routed)           0.182     1.825    student_top_inst/Core_cpu/cpu_core/id_ex_inst/data_o[4]_i_3__0_n_0
    SLICE_X85Y129        LUT6 (Prop_lut6_I1_O)        0.043     1.868 r  student_top_inst/Core_cpu/cpu_core/id_ex_inst/data_o[4]_i_2/O
                         net (fo=1, routed)           0.184     2.053    student_top_inst/Core_cpu/cpu_core/ex_inst/rv32m_iter_inst/data_o_reg[4]
    SLICE_X85Y128        LUT4 (Prop_lut4_I1_O)        0.043     2.096 r  student_top_inst/Core_cpu/cpu_core/ex_inst/rv32m_iter_inst/data_o[4]_i_1__4/O
                         net (fo=1, routed)           0.000     2.096    student_top_inst/Core_cpu/cpu_core/ex_mem_inst/dff_rd_data/data_o_reg[4]_26
    SLICE_X85Y128        FDRE                                         r  student_top_inst/Core_cpu/cpu_core/ex_mem_inst/dff_rd_data/data_o_reg[4]/D
  -------------------------------------------------------------------    -------------------

                         (clock clk_out2_pll rise edge)
                                                      4.615     4.615 r  
    AD12                                              0.000     4.615 r  i_sys_clk_p (IN)
                         net (fo=0)                   0.000     4.615    pll_inst/inst/clk_in1_p
    AD12                 IBUFDS (Prop_ibufds_I_O)     0.803     5.419 r  pll_inst/inst/clkin1_ibufgds/O
                         net (fo=1, routed)           1.001     6.420    pll_inst/inst/clk_in1_pll
    PLLE2_ADV_X1Y1       PLLE2_ADV (Prop_plle2_adv_CLKIN1_CLKOUT1)
                                                     -7.261    -0.841 r  pll_inst/inst/plle2_adv_inst/CLKOUT1
                         net (fo=1, routed)           2.003     1.162    pll_inst/inst/clk_out2_pll
    BUFGCTRL_X0Y0        BUFG (Prop_bufg_I_O)         0.083     1.245 r  pll_inst/inst/clkout2_buf/O
                         net (fo=2866, routed)        1.258     2.503    student_top_inst/Core_cpu/cpu_core/ex_mem_inst/dff_rd_data/clk_out2
    SLICE_X85Y128        FDRE                                         r  student_top_inst/Core_cpu/cpu_core/ex_mem_inst/dff_rd_data/data_o_reg[4]/C
                         clock pessimism             -0.375     2.128    
                         clock uncertainty           -0.059     2.069    
    SLICE_X85Y128        FDRE (Setup_fdre_C_D)        0.034     2.103    student_top_inst/Core_cpu/cpu_core/ex_mem_inst/dff_rd_data/data_o_reg[4]
  -------------------------------------------------------------------
                         required time                          2.103    
                         arrival time                          -2.096    
  -------------------------------------------------------------------
                         slack                                  0.007    

Slack (MET) :             0.007ns  (required time - arrival time)
  Source:                 student_top_inst/Core_cpu/cpu_core/id_ex_inst/rs1_addr_o_reg[4]/C
                            (rising edge-triggered cell FDRE clocked by clk_out2_pll  {rise@0.000ns fall@2.308ns period=4.615ns})
  Destination:            student_top_inst/Core_cpu/cpu_core/ex_mem_inst/dff_rd_data/data_o_reg[4]/D
                            (rising edge-triggered cell FDRE clocked by clk_out2_pll  {rise@0.000ns fall@2.308ns period=4.615ns})
  Path Group:             clk_out2_pll
  Path Type:              Setup (Max at Slow Process Corner)
  Requirement:            4.615ns  (clk_out2_pll rise@4.615ns - clk_out2_pll rise@0.000ns)
  Data Path Delay:        4.543ns  (logic 0.739ns (16.267%)  route 3.804ns (83.733%))
  Logic Levels:           12  (LUT3=2 LUT4=1 LUT5=1 LUT6=8)
  Clock Path Skew:        -0.040ns (DCD - SCD + CPR)
    Destination Clock Delay (DCD):    -2.113ns = ( 2.503 - 4.615 ) 
    Source Clock Delay      (SCD):    -2.447ns
    Clock Pessimism Removal (CPR):    -0.375ns
  Clock Uncertainty:      0.059ns  ((TSJ^2 + DJ^2)^1/2) / 2 + PE
    Total System Jitter     (TSJ):    0.071ns
    Discrete Jitter          (DJ):    0.094ns
    Phase Error              (PE):    0.000ns

    Location             Delay type                Incr(ns)  Path(ns)    Netlist Resource(s)
  -------------------------------------------------------------------    -------------------
                         (clock clk_out2_pll rise edge)
                                                      0.000     0.000 r  
    AD12                                              0.000     0.000 r  i_sys_clk_p (IN)
                         net (fo=0)                   0.000     0.000    pll_inst/inst/clk_in1_p
    AD12                 IBUFDS (Prop_ibufds_I_O)     0.906     0.906 r  pll_inst/inst/clkin1_ibufgds/O
                         net (fo=1, routed)           1.098     2.004    pll_inst/inst/clk_in1_pll
    PLLE2_ADV_X1Y1       PLLE2_ADV (Prop_plle2_adv_CLKIN1_CLKOUT1)
                                                     -8.058    -6.054 r  pll_inst/inst/plle2_adv_inst/CLKOUT1
                         net (fo=1, routed)           2.128    -3.926    pll_inst/inst/clk_out2_pll
    BUFGCTRL_X0Y0        BUFG (Prop_bufg_I_O)         0.093    -3.833 r  pll_inst/inst/clkout2_buf/O
                         net (fo=2866, routed)        1.386    -2.447    student_top_inst/Core_cpu/cpu_core/id_ex_inst/clk_out2
    SLICE_X91Y125        FDRE                                         r  student_top_inst/Core_cpu/cpu_core/id_ex_inst/rs1_addr_o_reg[4]/C
  -------------------------------------------------------------------    -------------------
    SLICE_X91Y125        FDRE (Prop_fdre_C_Q)         0.223    -2.224 f  student_top_inst/Core_cpu/cpu_core/id_ex_inst/rs1_addr_o_reg[4]/Q
                         net (fo=3, routed)           0.457    -1.768    student_top_inst/Core_cpu/cpu_core/id_ex_inst/rs1_addr_o_reg[4]_0[4]
    SLICE_X91Y125        LUT6 (Prop_lut6_I0_O)        0.043    -1.725 r  student_top_inst/Core_cpu/cpu_core/id_ex_inst/rs1_match_ex_mem_inst_i_6/O
                         net (fo=1, routed)           0.101    -1.624    student_top_inst/Core_cpu/cpu_core/id_ex_inst/rs1_match_ex_mem_inst_i_6_n_0
    SLICE_X91Y125        LUT5 (Prop_lut5_I0_O)        0.043    -1.581 r  student_top_inst/Core_cpu/cpu_core/id_ex_inst/rs1_match_ex_mem_inst_i_4/O
                         net (fo=57, routed)          0.514    -1.067    student_top_inst/Core_cpu/cpu_core/id_ex_inst/forwarding_inst/in020_out
    SLICE_X87Y120        LUT6 (Prop_lut6_I5_O)        0.043    -1.024 r  student_top_inst/Core_cpu/cpu_core/id_ex_inst/rs1_match_ex_mem_inst_rep__24_i_1/O
                         net (fo=4, routed)           0.366    -0.658    student_top_inst/Core_cpu/cpu_core/id_ex_inst/rs1_match_ex_mem_inst_rep__24_i_1_n_0
    SLICE_X86Y120        LUT3 (Prop_lut3_I1_O)        0.043    -0.615 r  student_top_inst/Core_cpu/cpu_core/id_ex_inst/data_o[20]_i_19/O
                         net (fo=4, routed)           0.509    -0.106    student_top_inst/Core_cpu/cpu_core/id_ex_inst/data_o[20]_i_19_n_0
    SLICE_X89Y125        LUT6 (Prop_lut6_I1_O)        0.043    -0.063 r  student_top_inst/Core_cpu/cpu_core/id_ex_inst/data_o[0]_i_63/O
                         net (fo=3, routed)           0.397     0.334    student_top_inst/Core_cpu/cpu_core/id_ex_inst/data_o[0]_i_63_n_0
    SLICE_X85Y125        LUT6 (Prop_lut6_I5_O)        0.043     0.377 r  student_top_inst/Core_cpu/cpu_core/id_ex_inst/data_o[5]_i_20/O
                         net (fo=2, routed)           0.336     0.713    student_top_inst/Core_cpu/cpu_core/id_ex_inst/data_o[5]_i_20_n_0
    SLICE_X83Y125        LUT3 (Prop_lut3_I0_O)        0.043     0.756 r  student_top_inst/Core_cpu/cpu_core/id_ex_inst/data_o[4]_i_14/O
                         net (fo=1, routed)           0.306     1.062    student_top_inst/Core_cpu/cpu_core/id_ex_inst/ex_inst/op1_i_shift_right_op2_i[4]
    SLICE_X85Y129        LUT6 (Prop_lut6_I3_O)        0.043     1.105 f  student_top_inst/Core_cpu/cpu_core/id_ex_inst/data_o[4]_i_9/O
                         net (fo=1, routed)           0.183     1.288    student_top_inst/Core_cpu/cpu_core/id_ex_inst/data_o[4]_i_9_n_0
    SLICE_X85Y130        LUT6 (Prop_lut6_I0_O)        0.043     1.331 f  student_top_inst/Core_cpu/cpu_core/id_ex_inst/data_o[4]_i_5/O
                         net (fo=1, routed)           0.269     1.600    student_top_inst/Core_cpu/cpu_core/id_ex_inst/data_o[4]_i_5_n_0
    SLICE_X84Y130        LUT6 (Prop_lut6_I0_O)        0.043     1.643 f  student_top_inst/Core_cpu/cpu_core/id_ex_inst/data_o[4]_i_3__0/O
                         net (fo=1, routed)           0.182     1.825    student_top_inst/Core_cpu/cpu_core/id_ex_inst/data_o[4]_i_3__0_n_0
    SLICE_X85Y129        LUT6 (Prop_lut6_I1_O)        0.043     1.868 r  student_top_inst/Core_cpu/cpu_core/id_ex_inst/data_o[4]_i_2/O
                         net (fo=1, routed)           0.184     2.053    student_top_inst/Core_cpu/cpu_core/ex_inst/rv32m_iter_inst/data_o_reg[4]
    SLICE_X85Y128        LUT4 (Prop_lut4_I1_O)        0.043     2.096 r  student_top_inst/Core_cpu/cpu_core/ex_inst/rv32m_iter_inst/data_o[4]_i_1__4/O
                         net (fo=1, routed)           0.000     2.096    student_top_inst/Core_cpu/cpu_core/ex_mem_inst/dff_rd_data/data_o_reg[4]_26
    SLICE_X85Y128        FDRE                                         r  student_top_inst/Core_cpu/cpu_core/ex_mem_inst/dff_rd_data/data_o_reg[4]/D
  -------------------------------------------------------------------    -------------------

                         (clock clk_out2_pll rise edge)
                                                      4.615     4.615 r  
    AD12                                              0.000     4.615 r  i_sys_clk_p (IN)
                         net (fo=0)                   0.000     4.615    pll_inst/inst/clk_in1_p
    AD12                 IBUFDS (Prop_ibufds_I_O)     0.803     5.419 r  pll_inst/inst/clkin1_ibufgds/O
                         net (fo=1, routed)           1.001     6.420    pll_inst/inst/clk_in1_pll
    PLLE2_ADV_X1Y1       PLLE2_ADV (Prop_plle2_adv_CLKIN1_CLKOUT1)
                                                     -7.261    -0.841 r  pll_inst/inst/plle2_adv_inst/CLKOUT1
                         net (fo=1, routed)           2.003     1.162    pll_inst/inst/clk_out2_pll
    BUFGCTRL_X0Y0        BUFG (Prop_bufg_I_O)         0.083     1.245 r  pll_inst/inst/clkout2_buf/O
                         net (fo=2866, routed)        1.258     2.503    student_top_inst/Core_cpu/cpu_core/ex_mem_inst/dff_rd_data/clk_out2
    SLICE_X85Y128        FDRE                                         r  student_top_inst/Core_cpu/cpu_core/ex_mem_inst/dff_rd_data/data_o_reg[4]/C
                         clock pessimism             -0.375     2.128    
                         clock uncertainty           -0.059     2.069    
    SLICE_X85Y128        FDRE (Setup_fdre_C_D)        0.034     2.103    student_top_inst/Core_cpu/cpu_core/ex_mem_inst/dff_rd_data/data_o_reg[4]
  -------------------------------------------------------------------
                         required time                          2.103    
                         arrival time                          -2.096    
  -------------------------------------------------------------------
                         slack                                  0.007    

Slack (MET) :             0.007ns  (required time - arrival time)
  Source:                 student_top_inst/Core_cpu/cpu_core/id_ex_inst/rs1_addr_o_reg[4]/C
                            (rising edge-triggered cell FDRE clocked by clk_out2_pll  {rise@0.000ns fall@2.308ns period=4.615ns})
  Destination:            student_top_inst/Core_cpu/cpu_core/ex_mem_inst/dff_rd_data/data_o_reg[4]/D
                            (rising edge-triggered cell FDRE clocked by clk_out2_pll  {rise@0.000ns fall@2.308ns period=4.615ns})
  Path Group:             clk_out2_pll
  Path Type:              Setup (Max at Slow Process Corner)
  Requirement:            4.615ns  (clk_out2_pll rise@4.615ns - clk_out2_pll rise@0.000ns)
  Data Path Delay:        4.543ns  (logic 0.739ns (16.267%)  route 3.804ns (83.733%))
  Logic Levels:           12  (LUT3=2 LUT4=1 LUT5=1 LUT6=8)
  Clock Path Skew:        -0.040ns (DCD - SCD + CPR)
    Destination Clock Delay (DCD):    -2.113ns = ( 2.503 - 4.615 ) 
    Source Clock Delay      (SCD):    -2.447ns
    Clock Pessimism Removal (CPR):    -0.375ns
  Clock Uncertainty:      0.059ns  ((TSJ^2 + DJ^2)^1/2) / 2 + PE
    Total System Jitter     (TSJ):    0.071ns
    Discrete Jitter          (DJ):    0.094ns
    Phase Error              (PE):    0.000ns

    Location             Delay type                Incr(ns)  Path(ns)    Netlist Resource(s)
  -------------------------------------------------------------------    -------------------
                         (clock clk_out2_pll rise edge)
                                                      0.000     0.000 r  
    AD12                                              0.000     0.000 r  i_sys_clk_p (IN)
                         net (fo=0)                   0.000     0.000    pll_inst/inst/clk_in1_p
    AD12                 IBUFDS (Prop_ibufds_I_O)     0.906     0.906 r  pll_inst/inst/clkin1_ibufgds/O
                         net (fo=1, routed)           1.098     2.004    pll_inst/inst/clk_in1_pll
    PLLE2_ADV_X1Y1       PLLE2_ADV (Prop_plle2_adv_CLKIN1_CLKOUT1)
                                                     -8.058    -6.054 r  pll_inst/inst/plle2_adv_inst/CLKOUT1
                         net (fo=1, routed)           2.128    -3.926    pll_inst/inst/clk_out2_pll
    BUFGCTRL_X0Y0        BUFG (Prop_bufg_I_O)         0.093    -3.833 r  pll_inst/inst/clkout2_buf/O
                         net (fo=2866, routed)        1.386    -2.447    student_top_inst/Core_cpu/cpu_core/id_ex_inst/clk_out2
    SLICE_X91Y125        FDRE                                         r  student_top_inst/Core_cpu/cpu_core/id_ex_inst/rs1_addr_o_reg[4]/C
  -------------------------------------------------------------------    -------------------
    SLICE_X91Y125        FDRE (Prop_fdre_C_Q)         0.223    -2.224 r  student_top_inst/Core_cpu/cpu_core/id_ex_inst/rs1_addr_o_reg[4]/Q
                         net (fo=3, routed)           0.457    -1.768    student_top_inst/Core_cpu/cpu_core/id_ex_inst/rs1_addr_o_reg[4]_0[4]
    SLICE_X91Y125        LUT6 (Prop_lut6_I0_O)        0.043    -1.725 f  student_top_inst/Core_cpu/cpu_core/id_ex_inst/rs1_match_ex_mem_inst_i_6/O
                         net (fo=1, routed)           0.101    -1.624    student_top_inst/Core_cpu/cpu_core/id_ex_inst/rs1_match_ex_mem_inst_i_6_n_0
    SLICE_X91Y125        LUT5 (Prop_lut5_I0_O)        0.043    -1.581 f  student_top_inst/Core_cpu/cpu_core/id_ex_inst/rs1_match_ex_mem_inst_i_4/O
                         net (fo=57, routed)          0.514    -1.067    student_top_inst/Core_cpu/cpu_core/id_ex_inst/forwarding_inst/in020_out
    SLICE_X87Y120        LUT6 (Prop_lut6_I5_O)        0.043    -1.024 f  student_top_inst/Core_cpu/cpu_core/id_ex_inst/rs1_match_ex_mem_inst_rep__24_i_1/O
                         net (fo=4, routed)           0.366    -0.658    student_top_inst/Core_cpu/cpu_core/id_ex_inst/rs1_match_ex_mem_inst_rep__24_i_1_n_0
    SLICE_X86Y120        LUT3 (Prop_lut3_I1_O)        0.043    -0.615 r  student_top_inst/Core_cpu/cpu_core/id_ex_inst/data_o[20]_i_19/O
                         net (fo=4, routed)           0.509    -0.106    student_top_inst/Core_cpu/cpu_core/id_ex_inst/data_o[20]_i_19_n_0
    SLICE_X89Y125        LUT6 (Prop_lut6_I1_O)        0.043    -0.063 r  student_top_inst/Core_cpu/cpu_core/id_ex_inst/data_o[0]_i_63/O
                         net (fo=3, routed)           0.397     0.334    student_top_inst/Core_cpu/cpu_core/id_ex_inst/data_o[0]_i_63_n_0
    SLICE_X85Y125        LUT6 (Prop_lut6_I5_O)        0.043     0.377 r  student_top_inst/Core_cpu/cpu_core/id_ex_inst/data_o[5]_i_20/O
                         net (fo=2, routed)           0.336     0.713    student_top_inst/Core_cpu/cpu_core/id_ex_inst/data_o[5]_i_20_n_0
    SLICE_X83Y125        LUT3 (Prop_lut3_I0_O)        0.043     0.756 r  student_top_inst/Core_cpu/cpu_core/id_ex_inst/data_o[4]_i_14/O
                         net (fo=1, routed)           0.306     1.062    student_top_inst/Core_cpu/cpu_core/id_ex_inst/ex_inst/op1_i_shift_right_op2_i[4]
    SLICE_X85Y129        LUT6 (Prop_lut6_I3_O)        0.043     1.105 f  student_top_inst/Core_cpu/cpu_core/id_ex_inst/data_o[4]_i_9/O
                         net (fo=1, routed)           0.183     1.288    student_top_inst/Core_cpu/cpu_core/id_ex_inst/data_o[4]_i_9_n_0
    SLICE_X85Y130        LUT6 (Prop_lut6_I0_O)        0.043     1.331 f  student_top_inst/Core_cpu/cpu_core/id_ex_inst/data_o[4]_i_5/O
                         net (fo=1, routed)           0.269     1.600    student_top_inst/Core_cpu/cpu_core/id_ex_inst/data_o[4]_i_5_n_0
    SLICE_X84Y130        LUT6 (Prop_lut6_I0_O)        0.043     1.643 f  student_top_inst/Core_cpu/cpu_core/id_ex_inst/data_o[4]_i_3__0/O
                         net (fo=1, routed)           0.182     1.825    student_top_inst/Core_cpu/cpu_core/id_ex_inst/data_o[4]_i_3__0_n_0
    SLICE_X85Y129        LUT6 (Prop_lut6_I1_O)        0.043     1.868 r  student_top_inst/Core_cpu/cpu_core/id_ex_inst/data_o[4]_i_2/O
                         net (fo=1, routed)           0.184     2.053    student_top_inst/Core_cpu/cpu_core/ex_inst/rv32m_iter_inst/data_o_reg[4]
    SLICE_X85Y128        LUT4 (Prop_lut4_I1_O)        0.043     2.096 r  student_top_inst/Core_cpu/cpu_core/ex_inst/rv32m_iter_inst/data_o[4]_i_1__4/O
                         net (fo=1, routed)           0.000     2.096    student_top_inst/Core_cpu/cpu_core/ex_mem_inst/dff_rd_data/data_o_reg[4]_26
    SLICE_X85Y128        FDRE                                         r  student_top_inst/Core_cpu/cpu_core/ex_mem_inst/dff_rd_data/data_o_reg[4]/D
  -------------------------------------------------------------------    -------------------

                         (clock clk_out2_pll rise edge)
                                                      4.615     4.615 r  
    AD12                                              0.000     4.615 r  i_sys_clk_p (IN)
                         net (fo=0)                   0.000     4.615    pll_inst/inst/clk_in1_p
    AD12                 IBUFDS (Prop_ibufds_I_O)     0.803     5.419 r  pll_inst/inst/clkin1_ibufgds/O
                         net (fo=1, routed)           1.001     6.420    pll_inst/inst/clk_in1_pll
    PLLE2_ADV_X1Y1       PLLE2_ADV (Prop_plle2_adv_CLKIN1_CLKOUT1)
                                                     -7.261    -0.841 r  pll_inst/inst/plle2_adv_inst/CLKOUT1
                         net (fo=1, routed)           2.003     1.162    pll_inst/inst/clk_out2_pll
    BUFGCTRL_X0Y0        BUFG (Prop_bufg_I_O)         0.083     1.245 r  pll_inst/inst/clkout2_buf/O
                         net (fo=2866, routed)        1.258     2.503    student_top_inst/Core_cpu/cpu_core/ex_mem_inst/dff_rd_data/clk_out2
    SLICE_X85Y128        FDRE                                         r  student_top_inst/Core_cpu/cpu_core/ex_mem_inst/dff_rd_data/data_o_reg[4]/C
                         clock pessimism             -0.375     2.128    
                         clock uncertainty           -0.059     2.069    
    SLICE_X85Y128        FDRE (Setup_fdre_C_D)        0.034     2.103    student_top_inst/Core_cpu/cpu_core/ex_mem_inst/dff_rd_data/data_o_reg[4]
  -------------------------------------------------------------------
                         required time                          2.103    
                         arrival time                          -2.096    
  -------------------------------------------------------------------
                         slack                                  0.007    

Slack (MET) :             0.007ns  (required time - arrival time)
  Source:                 student_top_inst/Core_cpu/cpu_core/id_ex_inst/rs1_addr_o_reg[4]/C
                            (rising edge-triggered cell FDRE clocked by clk_out2_pll  {rise@0.000ns fall@2.308ns period=4.615ns})
  Destination:            student_top_inst/Core_cpu/cpu_core/ex_mem_inst/dff_rd_data/data_o_reg[4]/D
                            (rising edge-triggered cell FDRE clocked by clk_out2_pll  {rise@0.000ns fall@2.308ns period=4.615ns})
  Path Group:             clk_out2_pll
  Path Type:              Setup (Max at Slow Process Corner)
  Requirement:            4.615ns  (clk_out2_pll rise@4.615ns - clk_out2_pll rise@0.000ns)
  Data Path Delay:        4.543ns  (logic 0.739ns (16.267%)  route 3.804ns (83.733%))
  Logic Levels:           12  (LUT3=2 LUT4=1 LUT5=1 LUT6=8)
  Clock Path Skew:        -0.040ns (DCD - SCD + CPR)
    Destination Clock Delay (DCD):    -2.113ns = ( 2.503 - 4.615 ) 
    Source Clock Delay      (SCD):    -2.447ns
    Clock Pessimism Removal (CPR):    -0.375ns
  Clock Uncertainty:      0.059ns  ((TSJ^2 + DJ^2)^1/2) / 2 + PE
    Total System Jitter     (TSJ):    0.071ns
    Discrete Jitter          (DJ):    0.094ns
    Phase Error              (PE):    0.000ns

    Location             Delay type                Incr(ns)  Path(ns)    Netlist Resource(s)
  -------------------------------------------------------------------    -------------------
                         (clock clk_out2_pll rise edge)
                                                      0.000     0.000 r  
    AD12                                              0.000     0.000 r  i_sys_clk_p (IN)
                         net (fo=0)                   0.000     0.000    pll_inst/inst/clk_in1_p
    AD12                 IBUFDS (Prop_ibufds_I_O)     0.906     0.906 r  pll_inst/inst/clkin1_ibufgds/O
                         net (fo=1, routed)           1.098     2.004    pll_inst/inst/clk_in1_pll
    PLLE2_ADV_X1Y1       PLLE2_ADV (Prop_plle2_adv_CLKIN1_CLKOUT1)
                                                     -8.058    -6.054 r  pll_inst/inst/plle2_adv_inst/CLKOUT1
                         net (fo=1, routed)           2.128    -3.926    pll_inst/inst/clk_out2_pll
    BUFGCTRL_X0Y0        BUFG (Prop_bufg_I_O)         0.093    -3.833 r  pll_inst/inst/clkout2_buf/O
                         net (fo=2866, routed)        1.386    -2.447    student_top_inst/Core_cpu/cpu_core/id_ex_inst/clk_out2
    SLICE_X91Y125        FDRE                                         r  student_top_inst/Core_cpu/cpu_core/id_ex_inst/rs1_addr_o_reg[4]/C
  -------------------------------------------------------------------    -------------------
    SLICE_X91Y125        FDRE (Prop_fdre_C_Q)         0.223    -2.224 f  student_top_inst/Core_cpu/cpu_core/id_ex_inst/rs1_addr_o_reg[4]/Q
                         net (fo=3, routed)           0.457    -1.768    student_top_inst/Core_cpu/cpu_core/id_ex_inst/rs1_addr_o_reg[4]_0[4]
    SLICE_X91Y125        LUT6 (Prop_lut6_I0_O)        0.043    -1.725 f  student_top_inst/Core_cpu/cpu_core/id_ex_inst/rs1_match_ex_mem_inst_i_6/O
                         net (fo=1, routed)           0.101    -1.624    student_top_inst/Core_cpu/cpu_core/id_ex_inst/rs1_match_ex_mem_inst_i_6_n_0
    SLICE_X91Y125        LUT5 (Prop_lut5_I0_O)        0.043    -1.581 f  student_top_inst/Core_cpu/cpu_core/id_ex_inst/rs1_match_ex_mem_inst_i_4/O
                         net (fo=57, routed)          0.514    -1.067    student_top_inst/Core_cpu/cpu_core/id_ex_inst/forwarding_inst/in020_out
    SLICE_X87Y120        LUT6 (Prop_lut6_I5_O)        0.043    -1.024 f  student_top_inst/Core_cpu/cpu_core/id_ex_inst/rs1_match_ex_mem_inst_rep__24_i_1/O
                         net (fo=4, routed)           0.366    -0.658    student_top_inst/Core_cpu/cpu_core/id_ex_inst/rs1_match_ex_mem_inst_rep__24_i_1_n_0
    SLICE_X86Y120        LUT3 (Prop_lut3_I1_O)        0.043    -0.615 r  student_top_inst/Core_cpu/cpu_core/id_ex_inst/data_o[20]_i_19/O
                         net (fo=4, routed)           0.509    -0.106    student_top_inst/Core_cpu/cpu_core/id_ex_inst/data_o[20]_i_19_n_0
    SLICE_X89Y125        LUT6 (Prop_lut6_I1_O)        0.043    -0.063 r  student_top_inst/Core_cpu/cpu_core/id_ex_inst/data_o[0]_i_63/O
                         net (fo=3, routed)           0.397     0.334    student_top_inst/Core_cpu/cpu_core/id_ex_inst/data_o[0]_i_63_n_0
    SLICE_X85Y125        LUT6 (Prop_lut6_I5_O)        0.043     0.377 r  student_top_inst/Core_cpu/cpu_core/id_ex_inst/data_o[5]_i_20/O
                         net (fo=2, routed)           0.336     0.713    student_top_inst/Core_cpu/cpu_core/id_ex_inst/data_o[5]_i_20_n_0
    SLICE_X83Y125        LUT3 (Prop_lut3_I0_O)        0.043     0.756 r  student_top_inst/Core_cpu/cpu_core/id_ex_inst/data_o[4]_i_14/O
                         net (fo=1, routed)           0.306     1.062    student_top_inst/Core_cpu/cpu_core/id_ex_inst/ex_inst/op1_i_shift_right_op2_i[4]
    SLICE_X85Y129        LUT6 (Prop_lut6_I3_O)        0.043     1.105 f  student_top_inst/Core_cpu/cpu_core/id_ex_inst/data_o[4]_i_9/O
                         net (fo=1, routed)           0.183     1.288    student_top_inst/Core_cpu/cpu_core/id_ex_inst/data_o[4]_i_9_n_0
    SLICE_X85Y130        LUT6 (Prop_lut6_I0_O)        0.043     1.331 f  student_top_inst/Core_cpu/cpu_core/id_ex_inst/data_o[4]_i_5/O
                         net (fo=1, routed)           0.269     1.600    student_top_inst/Core_cpu/cpu_core/id_ex_inst/data_o[4]_i_5_n_0
    SLICE_X84Y130        LUT6 (Prop_lut6_I0_O)        0.043     1.643 f  student_top_inst/Core_cpu/cpu_core/id_ex_inst/data_o[4]_i_3__0/O
                         net (fo=1, routed)           0.182     1.825    student_top_inst/Core_cpu/cpu_core/id_ex_inst/data_o[4]_i_3__0_n_0
    SLICE_X85Y129        LUT6 (Prop_lut6_I1_O)        0.043     1.868 r  student_top_inst/Core_cpu/cpu_core/id_ex_inst/data_o[4]_i_2/O
                         net (fo=1, routed)           0.184     2.053    student_top_inst/Core_cpu/cpu_core/ex_inst/rv32m_iter_inst/data_o_reg[4]
    SLICE_X85Y128        LUT4 (Prop_lut4_I1_O)        0.043     2.096 r  student_top_inst/Core_cpu/cpu_core/ex_inst/rv32m_iter_inst/data_o[4]_i_1__4/O
                         net (fo=1, routed)           0.000     2.096    student_top_inst/Core_cpu/cpu_core/ex_mem_inst/dff_rd_data/data_o_reg[4]_26
    SLICE_X85Y128        FDRE                                         r  student_top_inst/Core_cpu/cpu_core/ex_mem_inst/dff_rd_data/data_o_reg[4]/D
  -------------------------------------------------------------------    -------------------

                         (clock clk_out2_pll rise edge)
                                                      4.615     4.615 r  
    AD12                                              0.000     4.615 r  i_sys_clk_p (IN)
                         net (fo=0)                   0.000     4.615    pll_inst/inst/clk_in1_p
    AD12                 IBUFDS (Prop_ibufds_I_O)     0.803     5.419 r  pll_inst/inst/clkin1_ibufgds/O
                         net (fo=1, routed)           1.001     6.420    pll_inst/inst/clk_in1_pll
    PLLE2_ADV_X1Y1       PLLE2_ADV (Prop_plle2_adv_CLKIN1_CLKOUT1)
                                                     -7.261    -0.841 r  pll_inst/inst/plle2_adv_inst/CLKOUT1
                         net (fo=1, routed)           2.003     1.162    pll_inst/inst/clk_out2_pll
    BUFGCTRL_X0Y0        BUFG (Prop_bufg_I_O)         0.083     1.245 r  pll_inst/inst/clkout2_buf/O
                         net (fo=2866, routed)        1.258     2.503    student_top_inst/Core_cpu/cpu_core/ex_mem_inst/dff_rd_data/clk_out2
    SLICE_X85Y128        FDRE                                         r  student_top_inst/Core_cpu/cpu_core/ex_mem_inst/dff_rd_data/data_o_reg[4]/C
                         clock pessimism             -0.375     2.128    
                         clock uncertainty           -0.059     2.069    
    SLICE_X85Y128        FDRE (Setup_fdre_C_D)        0.034     2.103    student_top_inst/Core_cpu/cpu_core/ex_mem_inst/dff_rd_data/data_o_reg[4]
  -------------------------------------------------------------------
                         required time                          2.103    
                         arrival time                          -2.096    
  -------------------------------------------------------------------
                         slack                                  0.007    

Slack (MET) :             0.007ns  (required time - arrival time)
  Source:                 student_top_inst/Core_cpu/cpu_core/id_ex_inst/rs1_addr_o_reg[4]/C
                            (rising edge-triggered cell FDRE clocked by clk_out2_pll  {rise@0.000ns fall@2.308ns period=4.615ns})
  Destination:            student_top_inst/Core_cpu/cpu_core/ex_mem_inst/dff_rd_data/data_o_reg[4]/D
                            (rising edge-triggered cell FDRE clocked by clk_out2_pll  {rise@0.000ns fall@2.308ns period=4.615ns})
  Path Group:             clk_out2_pll
  Path Type:              Setup (Max at Slow Process Corner)
  Requirement:            4.615ns  (clk_out2_pll rise@4.615ns - clk_out2_pll rise@0.000ns)
  Data Path Delay:        4.543ns  (logic 0.739ns (16.267%)  route 3.804ns (83.733%))
  Logic Levels:           12  (LUT3=2 LUT4=1 LUT5=1 LUT6=8)
  Clock Path Skew:        -0.040ns (DCD - SCD + CPR)
    Destination Clock Delay (DCD):    -2.113ns = ( 2.503 - 4.615 ) 
    Source Clock Delay      (SCD):    -2.447ns
    Clock Pessimism Removal (CPR):    -0.375ns
  Clock Uncertainty:      0.059ns  ((TSJ^2 + DJ^2)^1/2) / 2 + PE
    Total System Jitter     (TSJ):    0.071ns
    Discrete Jitter          (DJ):    0.094ns
    Phase Error              (PE):    0.000ns

    Location             Delay type                Incr(ns)  Path(ns)    Netlist Resource(s)
  -------------------------------------------------------------------    -------------------
                         (clock clk_out2_pll rise edge)
                                                      0.000     0.000 r  
    AD12                                              0.000     0.000 r  i_sys_clk_p (IN)
                         net (fo=0)                   0.000     0.000    pll_inst/inst/clk_in1_p
    AD12                 IBUFDS (Prop_ibufds_I_O)     0.906     0.906 r  pll_inst/inst/clkin1_ibufgds/O
                         net (fo=1, routed)           1.098     2.004    pll_inst/inst/clk_in1_pll
    PLLE2_ADV_X1Y1       PLLE2_ADV (Prop_plle2_adv_CLKIN1_CLKOUT1)
                                                     -8.058    -6.054 r  pll_inst/inst/plle2_adv_inst/CLKOUT1
                         net (fo=1, routed)           2.128    -3.926    pll_inst/inst/clk_out2_pll
    BUFGCTRL_X0Y0        BUFG (Prop_bufg_I_O)         0.093    -3.833 r  pll_inst/inst/clkout2_buf/O
                         net (fo=2866, routed)        1.386    -2.447    student_top_inst/Core_cpu/cpu_core/id_ex_inst/clk_out2
    SLICE_X91Y125        FDRE                                         r  student_top_inst/Core_cpu/cpu_core/id_ex_inst/rs1_addr_o_reg[4]/C
  -------------------------------------------------------------------    -------------------
    SLICE_X91Y125        FDRE (Prop_fdre_C_Q)         0.223    -2.224 r  student_top_inst/Core_cpu/cpu_core/id_ex_inst/rs1_addr_o_reg[4]/Q
                         net (fo=3, routed)           0.457    -1.768    student_top_inst/Core_cpu/cpu_core/id_ex_inst/rs1_addr_o_reg[4]_0[4]
    SLICE_X91Y125        LUT6 (Prop_lut6_I0_O)        0.043    -1.725 r  student_top_inst/Core_cpu/cpu_core/id_ex_inst/rs1_match_ex_mem_inst_i_6/O
                         net (fo=1, routed)           0.101    -1.624    student_top_inst/Core_cpu/cpu_core/id_ex_inst/rs1_match_ex_mem_inst_i_6_n_0
    SLICE_X91Y125        LUT5 (Prop_lut5_I0_O)        0.043    -1.581 r  student_top_inst/Core_cpu/cpu_core/id_ex_inst/rs1_match_ex_mem_inst_i_4/O
                         net (fo=57, routed)          0.514    -1.067    student_top_inst/Core_cpu/cpu_core/id_ex_inst/forwarding_inst/in020_out
    SLICE_X87Y120        LUT6 (Prop_lut6_I5_O)        0.043    -1.024 r  student_top_inst/Core_cpu/cpu_core/id_ex_inst/rs1_match_ex_mem_inst_rep__24_i_1/O
                         net (fo=4, routed)           0.366    -0.658    student_top_inst/Core_cpu/cpu_core/id_ex_inst/rs1_match_ex_mem_inst_rep__24_i_1_n_0
    SLICE_X86Y120        LUT3 (Prop_lut3_I1_O)        0.043    -0.615 f  student_top_inst/Core_cpu/cpu_core/id_ex_inst/data_o[20]_i_19/O
                         net (fo=4, routed)           0.509    -0.106    student_top_inst/Core_cpu/cpu_core/id_ex_inst/data_o[20]_i_19_n_0
    SLICE_X89Y125        LUT6 (Prop_lut6_I1_O)        0.043    -0.063 f  student_top_inst/Core_cpu/cpu_core/id_ex_inst/data_o[0]_i_63/O
                         net (fo=3, routed)           0.397     0.334    student_top_inst/Core_cpu/cpu_core/id_ex_inst/data_o[0]_i_63_n_0
    SLICE_X85Y125        LUT6 (Prop_lut6_I5_O)        0.043     0.377 f  student_top_inst/Core_cpu/cpu_core/id_ex_inst/data_o[5]_i_20/O
                         net (fo=2, routed)           0.336     0.713    student_top_inst/Core_cpu/cpu_core/id_ex_inst/data_o[5]_i_20_n_0
    SLICE_X83Y125        LUT3 (Prop_lut3_I0_O)        0.043     0.756 f  student_top_inst/Core_cpu/cpu_core/id_ex_inst/data_o[4]_i_14/O
                         net (fo=1, routed)           0.306     1.062    student_top_inst/Core_cpu/cpu_core/id_ex_inst/ex_inst/op1_i_shift_right_op2_i[4]
    SLICE_X85Y129        LUT6 (Prop_lut6_I3_O)        0.043     1.105 r  student_top_inst/Core_cpu/cpu_core/id_ex_inst/data_o[4]_i_9/O
                         net (fo=1, routed)           0.183     1.288    student_top_inst/Core_cpu/cpu_core/id_ex_inst/data_o[4]_i_9_n_0
    SLICE_X85Y130        LUT6 (Prop_lut6_I0_O)        0.043     1.331 r  student_top_inst/Core_cpu/cpu_core/id_ex_inst/data_o[4]_i_5/O
                         net (fo=1, routed)           0.269     1.600    student_top_inst/Core_cpu/cpu_core/id_ex_inst/data_o[4]_i_5_n_0
    SLICE_X84Y130        LUT6 (Prop_lut6_I0_O)        0.043     1.643 r  student_top_inst/Core_cpu/cpu_core/id_ex_inst/data_o[4]_i_3__0/O
                         net (fo=1, routed)           0.182     1.825    student_top_inst/Core_cpu/cpu_core/id_ex_inst/data_o[4]_i_3__0_n_0
    SLICE_X85Y129        LUT6 (Prop_lut6_I1_O)        0.043     1.868 f  student_top_inst/Core_cpu/cpu_core/id_ex_inst/data_o[4]_i_2/O
                         net (fo=1, routed)           0.184     2.053    student_top_inst/Core_cpu/cpu_core/ex_inst/rv32m_iter_inst/data_o_reg[4]
    SLICE_X85Y128        LUT4 (Prop_lut4_I1_O)        0.043     2.096 f  student_top_inst/Core_cpu/cpu_core/ex_inst/rv32m_iter_inst/data_o[4]_i_1__4/O
                         net (fo=1, routed)           0.000     2.096    student_top_inst/Core_cpu/cpu_core/ex_mem_inst/dff_rd_data/data_o_reg[4]_26
    SLICE_X85Y128        FDRE                                         f  student_top_inst/Core_cpu/cpu_core/ex_mem_inst/dff_rd_data/data_o_reg[4]/D
  -------------------------------------------------------------------    -------------------

                         (clock clk_out2_pll rise edge)
                                                      4.615     4.615 r  
    AD12                                              0.000     4.615 r  i_sys_clk_p (IN)
                         net (fo=0)                   0.000     4.615    pll_inst/inst/clk_in1_p
    AD12                 IBUFDS (Prop_ibufds_I_O)     0.803     5.419 r  pll_inst/inst/clkin1_ibufgds/O
                         net (fo=1, routed)           1.001     6.420    pll_inst/inst/clk_in1_pll
    PLLE2_ADV_X1Y1       PLLE2_ADV (Prop_plle2_adv_CLKIN1_CLKOUT1)
                                                     -7.261    -0.841 r  pll_inst/inst/plle2_adv_inst/CLKOUT1
                         net (fo=1, routed)           2.003     1.162    pll_inst/inst/clk_out2_pll
    BUFGCTRL_X0Y0        BUFG (Prop_bufg_I_O)         0.083     1.245 r  pll_inst/inst/clkout2_buf/O
                         net (fo=2866, routed)        1.258     2.503    student_top_inst/Core_cpu/cpu_core/ex_mem_inst/dff_rd_data/clk_out2
    SLICE_X85Y128        FDRE                                         r  student_top_inst/Core_cpu/cpu_core/ex_mem_inst/dff_rd_data/data_o_reg[4]/C
                         clock pessimism             -0.375     2.128    
                         clock uncertainty           -0.059     2.069    
    SLICE_X85Y128        FDRE (Setup_fdre_C_D)        0.034     2.103    student_top_inst/Core_cpu/cpu_core/ex_mem_inst/dff_rd_data/data_o_reg[4]
  -------------------------------------------------------------------
                         required time                          2.103    
                         arrival time                          -2.096    
  -------------------------------------------------------------------
                         slack                                  0.007    

Slack (MET) :             0.082ns  (required time - arrival time)
  Source:                 student_top_inst/Core_cpu/cpu_core/ex_mem_inst/dff_mem_wd_addr/data_o_reg[11]/C
                            (rising edge-triggered cell FDRE clocked by clk_out2_pll  {rise@0.000ns fall@2.308ns period=4.615ns})
  Destination:            student_top_inst/bridge_inst/dram_driver_inst/Mem_DRAM/U0/inst_blk_mem_gen/gnbram.gnativebmg.native_blk_mem_gen/valid.cstr/ramloop[57].ram.r/prim_init.ram/DEVICE_7SERIES.NO_BMM_INFO.TRUE_DP.SIMPLE_PRIM36.ram/ADDRARDADDR[12]
                            (rising edge-triggered cell RAMB36E1 clocked by clk_out2_pll  {rise@0.000ns fall@2.308ns period=4.615ns})
  Path Group:             clk_out2_pll
  Path Type:              Setup (Max at Slow Process Corner)
  Requirement:            4.615ns  (clk_out2_pll rise@4.615ns - clk_out2_pll rise@0.000ns)
  Data Path Delay:        4.316ns  (logic 0.259ns (6.001%)  route 4.057ns (93.999%))
  Logic Levels:           0  
  Clock Path Skew:        0.258ns (DCD - SCD + CPR)
    Destination Clock Delay (DCD):    -1.727ns = ( 2.888 - 4.615 ) 
    Source Clock Delay      (SCD):    -2.432ns
    Clock Pessimism Removal (CPR):    -0.448ns
  Clock Uncertainty:      0.059ns  ((TSJ^2 + DJ^2)^1/2) / 2 + PE
    Total System Jitter     (TSJ):    0.071ns
    Discrete Jitter          (DJ):    0.094ns
    Phase Error              (PE):    0.000ns

    Location             Delay type                Incr(ns)  Path(ns)    Netlist Resource(s)
  -------------------------------------------------------------------    -------------------
                         (clock clk_out2_pll rise edge)
                                                      0.000     0.000 r  
    AD12                                              0.000     0.000 r  i_sys_clk_p (IN)
                         net (fo=0)                   0.000     0.000    pll_inst/inst/clk_in1_p
    AD12                 IBUFDS (Prop_ibufds_I_O)     0.906     0.906 r  pll_inst/inst/clkin1_ibufgds/O
                         net (fo=1, routed)           1.098     2.004    pll_inst/inst/clk_in1_pll
    PLLE2_ADV_X1Y1       PLLE2_ADV (Prop_plle2_adv_CLKIN1_CLKOUT1)
                                                     -8.058    -6.054 r  pll_inst/inst/plle2_adv_inst/CLKOUT1
                         net (fo=1, routed)           2.128    -3.926    pll_inst/inst/clk_out2_pll
    BUFGCTRL_X0Y0        BUFG (Prop_bufg_I_O)         0.093    -3.833 r  pll_inst/inst/clkout2_buf/O
                         net (fo=2866, routed)        1.401    -2.432    student_top_inst/Core_cpu/cpu_core/ex_mem_inst/dff_mem_wd_addr/clk_out2
    SLICE_X86Y109        FDRE                                         r  student_top_inst/Core_cpu/cpu_core/ex_mem_inst/dff_mem_wd_addr/data_o_reg[11]/C
  -------------------------------------------------------------------    -------------------
    SLICE_X86Y109        FDRE (Prop_fdre_C_Q)         0.259    -2.173 r  student_top_inst/Core_cpu/cpu_core/ex_mem_inst/dff_mem_wd_addr/data_o_reg[11]/Q
                         net (fo=65, routed)          4.057     1.883    student_top_inst/bridge_inst/dram_driver_inst/Mem_DRAM/U0/inst_blk_mem_gen/gnbram.gnativebmg.native_blk_mem_gen/valid.cstr/ramloop[57].ram.r/prim_init.ram/addra[9]
    RAMB36_X3Y6          RAMB36E1                                     r  student_top_inst/bridge_inst/dram_driver_inst/Mem_DRAM/U0/inst_blk_mem_gen/gnbram.gnativebmg.native_blk_mem_gen/valid.cstr/ramloop[57].ram.r/prim_init.ram/DEVICE_7SERIES.NO_BMM_INFO.TRUE_DP.SIMPLE_PRIM36.ram/ADDRARDADDR[12]
  -------------------------------------------------------------------    -------------------

                         (clock clk_out2_pll rise edge)
                                                      4.615     4.615 r  
    AD12                                              0.000     4.615 r  i_sys_clk_p (IN)
                         net (fo=0)                   0.000     4.615    pll_inst/inst/clk_in1_p
    AD12                 IBUFDS (Prop_ibufds_I_O)     0.803     5.419 r  pll_inst/inst/clkin1_ibufgds/O
                         net (fo=1, routed)           1.001     6.420    pll_inst/inst/clk_in1_pll
    PLLE2_ADV_X1Y1       PLLE2_ADV (Prop_plle2_adv_CLKIN1_CLKOUT1)
                                                     -7.261    -0.841 r  pll_inst/inst/plle2_adv_inst/CLKOUT1
                         net (fo=1, routed)           2.003     1.162    pll_inst/inst/clk_out2_pll
    BUFGCTRL_X0Y0        BUFG (Prop_bufg_I_O)         0.083     1.245 r  pll_inst/inst/clkout2_buf/O
                         net (fo=2866, routed)        1.644     2.888    student_top_inst/bridge_inst/dram_driver_inst/Mem_DRAM/U0/inst_blk_mem_gen/gnbram.gnativebmg.native_blk_mem_gen/valid.cstr/ramloop[57].ram.r/prim_init.ram/clka
    RAMB36_X3Y6          RAMB36E1                                     r  student_top_inst/bridge_inst/dram_driver_inst/Mem_DRAM/U0/inst_blk_mem_gen/gnbram.gnativebmg.native_blk_mem_gen/valid.cstr/ramloop[57].ram.r/prim_init.ram/DEVICE_7SERIES.NO_BMM_INFO.TRUE_DP.SIMPLE_PRIM36.ram/CLKARDCLK
                         clock pessimism             -0.448     2.441    
                         clock uncertainty           -0.059     2.382    
    RAMB36_X3Y6          RAMB36E1 (Setup_ramb36e1_CLKARDCLK_ADDRARDADDR[12])
                                                     -0.416     1.966    student_top_inst/bridge_inst/dram_driver_inst/Mem_DRAM/U0/inst_blk_mem_gen/gnbram.gnativebmg.native_blk_mem_gen/valid.cstr/ramloop[57].ram.r/prim_init.ram/DEVICE_7SERIES.NO_BMM_INFO.TRUE_DP.SIMPLE_PRIM36.ram
  -------------------------------------------------------------------
                         required time                          1.966    
                         arrival time                          -1.883    
  -------------------------------------------------------------------
                         slack                                  0.082    

Slack (MET) :             0.082ns  (required time - arrival time)
  Source:                 student_top_inst/Core_cpu/cpu_core/ex_mem_inst/dff_mem_wd_addr/data_o_reg[11]/C
                            (rising edge-triggered cell FDRE clocked by clk_out2_pll  {rise@0.000ns fall@2.308ns period=4.615ns})
  Destination:            student_top_inst/bridge_inst/dram_driver_inst/Mem_DRAM/U0/inst_blk_mem_gen/gnbram.gnativebmg.native_blk_mem_gen/valid.cstr/ramloop[57].ram.r/prim_init.ram/DEVICE_7SERIES.NO_BMM_INFO.TRUE_DP.SIMPLE_PRIM36.ram/ADDRARDADDR[12]
                            (rising edge-triggered cell RAMB36E1 clocked by clk_out2_pll  {rise@0.000ns fall@2.308ns period=4.615ns})
  Path Group:             clk_out2_pll
  Path Type:              Setup (Max at Slow Process Corner)
  Requirement:            4.615ns  (clk_out2_pll rise@4.615ns - clk_out2_pll rise@0.000ns)
  Data Path Delay:        4.316ns  (logic 0.259ns (6.001%)  route 4.057ns (93.999%))
  Logic Levels:           0  
  Clock Path Skew:        0.258ns (DCD - SCD + CPR)
    Destination Clock Delay (DCD):    -1.727ns = ( 2.888 - 4.615 ) 
    Source Clock Delay      (SCD):    -2.432ns
    Clock Pessimism Removal (CPR):    -0.448ns
  Clock Uncertainty:      0.059ns  ((TSJ^2 + DJ^2)^1/2) / 2 + PE
    Total System Jitter     (TSJ):    0.071ns
    Discrete Jitter          (DJ):    0.094ns
    Phase Error              (PE):    0.000ns

    Location             Delay type                Incr(ns)  Path(ns)    Netlist Resource(s)
  -------------------------------------------------------------------    -------------------
                         (clock clk_out2_pll rise edge)
                                                      0.000     0.000 r  
    AD12                                              0.000     0.000 r  i_sys_clk_p (IN)
                         net (fo=0)                   0.000     0.000    pll_inst/inst/clk_in1_p
    AD12                 IBUFDS (Prop_ibufds_I_O)     0.906     0.906 r  pll_inst/inst/clkin1_ibufgds/O
                         net (fo=1, routed)           1.098     2.004    pll_inst/inst/clk_in1_pll
    PLLE2_ADV_X1Y1       PLLE2_ADV (Prop_plle2_adv_CLKIN1_CLKOUT1)
                                                     -8.058    -6.054 r  pll_inst/inst/plle2_adv_inst/CLKOUT1
                         net (fo=1, routed)           2.128    -3.926    pll_inst/inst/clk_out2_pll
    BUFGCTRL_X0Y0        BUFG (Prop_bufg_I_O)         0.093    -3.833 r  pll_inst/inst/clkout2_buf/O
                         net (fo=2866, routed)        1.401    -2.432    student_top_inst/Core_cpu/cpu_core/ex_mem_inst/dff_mem_wd_addr/clk_out2
    SLICE_X86Y109        FDRE                                         r  student_top_inst/Core_cpu/cpu_core/ex_mem_inst/dff_mem_wd_addr/data_o_reg[11]/C
  -------------------------------------------------------------------    -------------------
    SLICE_X86Y109        FDRE (Prop_fdre_C_Q)         0.259    -2.173 f  student_top_inst/Core_cpu/cpu_core/ex_mem_inst/dff_mem_wd_addr/data_o_reg[11]/Q
                         net (fo=65, routed)          4.057     1.883    student_top_inst/bridge_inst/dram_driver_inst/Mem_DRAM/U0/inst_blk_mem_gen/gnbram.gnativebmg.native_blk_mem_gen/valid.cstr/ramloop[57].ram.r/prim_init.ram/addra[9]
    RAMB36_X3Y6          RAMB36E1                                     f  student_top_inst/bridge_inst/dram_driver_inst/Mem_DRAM/U0/inst_blk_mem_gen/gnbram.gnativebmg.native_blk_mem_gen/valid.cstr/ramloop[57].ram.r/prim_init.ram/DEVICE_7SERIES.NO_BMM_INFO.TRUE_DP.SIMPLE_PRIM36.ram/ADDRARDADDR[12]
  -------------------------------------------------------------------    -------------------

                         (clock clk_out2_pll rise edge)
                                                      4.615     4.615 r  
    AD12                                              0.000     4.615 r  i_sys_clk_p (IN)
                         net (fo=0)                   0.000     4.615    pll_inst/inst/clk_in1_p
    AD12                 IBUFDS (Prop_ibufds_I_O)     0.803     5.419 r  pll_inst/inst/clkin1_ibufgds/O
                         net (fo=1, routed)           1.001     6.420    pll_inst/inst/clk_in1_pll
    PLLE2_ADV_X1Y1       PLLE2_ADV (Prop_plle2_adv_CLKIN1_CLKOUT1)
                                                     -7.261    -0.841 r  pll_inst/inst/plle2_adv_inst/CLKOUT1
                         net (fo=1, routed)           2.003     1.162    pll_inst/inst/clk_out2_pll
    BUFGCTRL_X0Y0        BUFG (Prop_bufg_I_O)         0.083     1.245 r  pll_inst/inst/clkout2_buf/O
                         net (fo=2866, routed)        1.644     2.888    student_top_inst/bridge_inst/dram_driver_inst/Mem_DRAM/U0/inst_blk_mem_gen/gnbram.gnativebmg.native_blk_mem_gen/valid.cstr/ramloop[57].ram.r/prim_init.ram/clka
    RAMB36_X3Y6          RAMB36E1                                     r  student_top_inst/bridge_inst/dram_driver_inst/Mem_DRAM/U0/inst_blk_mem_gen/gnbram.gnativebmg.native_blk_mem_gen/valid.cstr/ramloop[57].ram.r/prim_init.ram/DEVICE_7SERIES.NO_BMM_INFO.TRUE_DP.SIMPLE_PRIM36.ram/CLKARDCLK
                         clock pessimism             -0.448     2.441    
                         clock uncertainty           -0.059     2.382    
    RAMB36_X3Y6          RAMB36E1 (Setup_ramb36e1_CLKARDCLK_ADDRARDADDR[12])
                                                     -0.416     1.966    student_top_inst/bridge_inst/dram_driver_inst/Mem_DRAM/U0/inst_blk_mem_gen/gnbram.gnativebmg.native_blk_mem_gen/valid.cstr/ramloop[57].ram.r/prim_init.ram/DEVICE_7SERIES.NO_BMM_INFO.TRUE_DP.SIMPLE_PRIM36.ram
  -------------------------------------------------------------------
                         required time                          1.966    
                         arrival time                          -1.883    
  -------------------------------------------------------------------
                         slack                                  0.082    

Slack (MET) :             0.095ns  (required time - arrival time)
  Source:                 student_top_inst/Core_cpu/cpu_core/ex_mem_inst/dff_mem_rd_addr/data_o_reg[10]/C
                            (rising edge-triggered cell FDRE clocked by clk_out2_pll  {rise@0.000ns fall@2.308ns period=4.615ns})
  Destination:            student_top_inst/bridge_inst/dram_driver_inst/Mem_DRAM/U0/inst_blk_mem_gen/gnbram.gnativebmg.native_blk_mem_gen/valid.cstr/ramloop[23].ram.r/prim_init.ram/DEVICE_7SERIES.NO_BMM_INFO.TRUE_DP.SIMPLE_PRIM36.ram/ADDRBWRADDR[11]
                            (rising edge-triggered cell RAMB36E1 clocked by clk_out2_pll  {rise@0.000ns fall@2.308ns period=4.615ns})
  Path Group:             clk_out2_pll
  Path Type:              Setup (Max at Slow Process Corner)
  Requirement:            4.615ns  (clk_out2_pll rise@4.615ns - clk_out2_pll rise@0.000ns)
  Data Path Delay:        4.288ns  (logic 0.259ns (6.040%)  route 4.029ns (93.960%))
  Logic Levels:           0  
  Clock Path Skew:        0.243ns (DCD - SCD + CPR)
    Destination Clock Delay (DCD):    -1.744ns = ( 2.871 - 4.615 ) 
    Source Clock Delay      (SCD):    -2.434ns
    Clock Pessimism Removal (CPR):    -0.448ns
  Clock Uncertainty:      0.059ns  ((TSJ^2 + DJ^2)^1/2) / 2 + PE
    Total System Jitter     (TSJ):    0.071ns
    Discrete Jitter          (DJ):    0.094ns
    Phase Error              (PE):    0.000ns

    Location             Delay type                Incr(ns)  Path(ns)    Netlist Resource(s)
  -------------------------------------------------------------------    -------------------
                         (clock clk_out2_pll rise edge)
                                                      0.000     0.000 r  
    AD12                                              0.000     0.000 r  i_sys_clk_p (IN)
                         net (fo=0)                   0.000     0.000    pll_inst/inst/clk_in1_p
    AD12                 IBUFDS (Prop_ibufds_I_O)     0.906     0.906 r  pll_inst/inst/clkin1_ibufgds/O
                         net (fo=1, routed)           1.098     2.004    pll_inst/inst/clk_in1_pll
    PLLE2_ADV_X1Y1       PLLE2_ADV (Prop_plle2_adv_CLKIN1_CLKOUT1)
                                                     -8.058    -6.054 r  pll_inst/inst/plle2_adv_inst/CLKOUT1
                         net (fo=1, routed)           2.128    -3.926    pll_inst/inst/clk_out2_pll
    BUFGCTRL_X0Y0        BUFG (Prop_bufg_I_O)         0.093    -3.833 r  pll_inst/inst/clkout2_buf/O
                         net (fo=2866, routed)        1.399    -2.434    student_top_inst/Core_cpu/cpu_core/ex_mem_inst/dff_mem_rd_addr/clk_out2
    SLICE_X86Y112        FDRE                                         r  student_top_inst/Core_cpu/cpu_core/ex_mem_inst/dff_mem_rd_addr/data_o_reg[10]/C
  -------------------------------------------------------------------    -------------------
    SLICE_X86Y112        FDRE (Prop_fdre_C_Q)         0.259    -2.175 r  student_top_inst/Core_cpu/cpu_core/ex_mem_inst/dff_mem_rd_addr/data_o_reg[10]/Q
                         net (fo=65, routed)          4.029     1.854    student_top_inst/bridge_inst/dram_driver_inst/Mem_DRAM/U0/inst_blk_mem_gen/gnbram.gnativebmg.native_blk_mem_gen/valid.cstr/ramloop[23].ram.r/prim_init.ram/addrb[8]
    RAMB36_X2Y7          RAMB36E1                                     r  student_top_inst/bridge_inst/dram_driver_inst/Mem_DRAM/U0/inst_blk_mem_gen/gnbram.gnativebmg.native_blk_mem_gen/valid.cstr/ramloop[23].ram.r/prim_init.ram/DEVICE_7SERIES.NO_BMM_INFO.TRUE_DP.SIMPLE_PRIM36.ram/ADDRBWRADDR[11]
  -------------------------------------------------------------------    -------------------

                         (clock clk_out2_pll rise edge)
                                                      4.615     4.615 r  
    AD12                                              0.000     4.615 r  i_sys_clk_p (IN)
                         net (fo=0)                   0.000     4.615    pll_inst/inst/clk_in1_p
    AD12                 IBUFDS (Prop_ibufds_I_O)     0.803     5.419 r  pll_inst/inst/clkin1_ibufgds/O
                         net (fo=1, routed)           1.001     6.420    pll_inst/inst/clk_in1_pll
    PLLE2_ADV_X1Y1       PLLE2_ADV (Prop_plle2_adv_CLKIN1_CLKOUT1)
                                                     -7.261    -0.841 r  pll_inst/inst/plle2_adv_inst/CLKOUT1
                         net (fo=1, routed)           2.003     1.162    pll_inst/inst/clk_out2_pll
    BUFGCTRL_X0Y0        BUFG (Prop_bufg_I_O)         0.083     1.245 r  pll_inst/inst/clkout2_buf/O
                         net (fo=2866, routed)        1.627     2.871    student_top_inst/bridge_inst/dram_driver_inst/Mem_DRAM/U0/inst_blk_mem_gen/gnbram.gnativebmg.native_blk_mem_gen/valid.cstr/ramloop[23].ram.r/prim_init.ram/clka
    RAMB36_X2Y7          RAMB36E1                                     r  student_top_inst/bridge_inst/dram_driver_inst/Mem_DRAM/U0/inst_blk_mem_gen/gnbram.gnativebmg.native_blk_mem_gen/valid.cstr/ramloop[23].ram.r/prim_init.ram/DEVICE_7SERIES.NO_BMM_INFO.TRUE_DP.SIMPLE_PRIM36.ram/CLKBWRCLK
                         clock pessimism             -0.448     2.424    
                         clock uncertainty           -0.059     2.365    
    RAMB36_X2Y7          RAMB36E1 (Setup_ramb36e1_CLKBWRCLK_ADDRBWRADDR[11])
                                                     -0.416     1.949    student_top_inst/bridge_inst/dram_driver_inst/Mem_DRAM/U0/inst_blk_mem_gen/gnbram.gnativebmg.native_blk_mem_gen/valid.cstr/ramloop[23].ram.r/prim_init.ram/DEVICE_7SERIES.NO_BMM_INFO.TRUE_DP.SIMPLE_PRIM36.ram
  -------------------------------------------------------------------
                         required time                          1.949    
                         arrival time                          -1.854    
  -------------------------------------------------------------------
                         slack                                  0.095    

Slack (MET) :             0.095ns  (required time - arrival time)
  Source:                 student_top_inst/Core_cpu/cpu_core/ex_mem_inst/dff_mem_rd_addr/data_o_reg[10]/C
                            (rising edge-triggered cell FDRE clocked by clk_out2_pll  {rise@0.000ns fall@2.308ns period=4.615ns})
  Destination:            student_top_inst/bridge_inst/dram_driver_inst/Mem_DRAM/U0/inst_blk_mem_gen/gnbram.gnativebmg.native_blk_mem_gen/valid.cstr/ramloop[23].ram.r/prim_init.ram/DEVICE_7SERIES.NO_BMM_INFO.TRUE_DP.SIMPLE_PRIM36.ram/ADDRBWRADDR[11]
                            (rising edge-triggered cell RAMB36E1 clocked by clk_out2_pll  {rise@0.000ns fall@2.308ns period=4.615ns})
  Path Group:             clk_out2_pll
  Path Type:              Setup (Max at Slow Process Corner)
  Requirement:            4.615ns  (clk_out2_pll rise@4.615ns - clk_out2_pll rise@0.000ns)
  Data Path Delay:        4.288ns  (logic 0.259ns (6.040%)  route 4.029ns (93.960%))
  Logic Levels:           0  
  Clock Path Skew:        0.243ns (DCD - SCD + CPR)
    Destination Clock Delay (DCD):    -1.744ns = ( 2.871 - 4.615 ) 
    Source Clock Delay      (SCD):    -2.434ns
    Clock Pessimism Removal (CPR):    -0.448ns
  Clock Uncertainty:      0.059ns  ((TSJ^2 + DJ^2)^1/2) / 2 + PE
    Total System Jitter     (TSJ):    0.071ns
    Discrete Jitter          (DJ):    0.094ns
    Phase Error              (PE):    0.000ns

    Location             Delay type                Incr(ns)  Path(ns)    Netlist Resource(s)
  -------------------------------------------------------------------    -------------------
                         (clock clk_out2_pll rise edge)
                                                      0.000     0.000 r  
    AD12                                              0.000     0.000 r  i_sys_clk_p (IN)
                         net (fo=0)                   0.000     0.000    pll_inst/inst/clk_in1_p
    AD12                 IBUFDS (Prop_ibufds_I_O)     0.906     0.906 r  pll_inst/inst/clkin1_ibufgds/O
                         net (fo=1, routed)           1.098     2.004    pll_inst/inst/clk_in1_pll
    PLLE2_ADV_X1Y1       PLLE2_ADV (Prop_plle2_adv_CLKIN1_CLKOUT1)
                                                     -8.058    -6.054 r  pll_inst/inst/plle2_adv_inst/CLKOUT1
                         net (fo=1, routed)           2.128    -3.926    pll_inst/inst/clk_out2_pll
    BUFGCTRL_X0Y0        BUFG (Prop_bufg_I_O)         0.093    -3.833 r  pll_inst/inst/clkout2_buf/O
                         net (fo=2866, routed)        1.399    -2.434    student_top_inst/Core_cpu/cpu_core/ex_mem_inst/dff_mem_rd_addr/clk_out2
    SLICE_X86Y112        FDRE                                         r  student_top_inst/Core_cpu/cpu_core/ex_mem_inst/dff_mem_rd_addr/data_o_reg[10]/C
  -------------------------------------------------------------------    -------------------
    SLICE_X86Y112        FDRE (Prop_fdre_C_Q)         0.259    -2.175 f  student_top_inst/Core_cpu/cpu_core/ex_mem_inst/dff_mem_rd_addr/data_o_reg[10]/Q
                         net (fo=65, routed)          4.029     1.854    student_top_inst/bridge_inst/dram_driver_inst/Mem_DRAM/U0/inst_blk_mem_gen/gnbram.gnativebmg.native_blk_mem_gen/valid.cstr/ramloop[23].ram.r/prim_init.ram/addrb[8]
    RAMB36_X2Y7          RAMB36E1                                     f  student_top_inst/bridge_inst/dram_driver_inst/Mem_DRAM/U0/inst_blk_mem_gen/gnbram.gnativebmg.native_blk_mem_gen/valid.cstr/ramloop[23].ram.r/prim_init.ram/DEVICE_7SERIES.NO_BMM_INFO.TRUE_DP.SIMPLE_PRIM36.ram/ADDRBWRADDR[11]
  -------------------------------------------------------------------    -------------------

                         (clock clk_out2_pll rise edge)
                                                      4.615     4.615 r  
    AD12                                              0.000     4.615 r  i_sys_clk_p (IN)
                         net (fo=0)                   0.000     4.615    pll_inst/inst/clk_in1_p
    AD12                 IBUFDS (Prop_ibufds_I_O)     0.803     5.419 r  pll_inst/inst/clkin1_ibufgds/O
                         net (fo=1, routed)           1.001     6.420    pll_inst/inst/clk_in1_pll
    PLLE2_ADV_X1Y1       PLLE2_ADV (Prop_plle2_adv_CLKIN1_CLKOUT1)
                                                     -7.261    -0.841 r  pll_inst/inst/plle2_adv_inst/CLKOUT1
                         net (fo=1, routed)           2.003     1.162    pll_inst/inst/clk_out2_pll
    BUFGCTRL_X0Y0        BUFG (Prop_bufg_I_O)         0.083     1.245 r  pll_inst/inst/clkout2_buf/O
                         net (fo=2866, routed)        1.627     2.871    student_top_inst/bridge_inst/dram_driver_inst/Mem_DRAM/U0/inst_blk_mem_gen/gnbram.gnativebmg.native_blk_mem_gen/valid.cstr/ramloop[23].ram.r/prim_init.ram/clka
    RAMB36_X2Y7          RAMB36E1                                     r  student_top_inst/bridge_inst/dram_driver_inst/Mem_DRAM/U0/inst_blk_mem_gen/gnbram.gnativebmg.native_blk_mem_gen/valid.cstr/ramloop[23].ram.r/prim_init.ram/DEVICE_7SERIES.NO_BMM_INFO.TRUE_DP.SIMPLE_PRIM36.ram/CLKBWRCLK
                         clock pessimism             -0.448     2.424    
                         clock uncertainty           -0.059     2.365    
    RAMB36_X2Y7          RAMB36E1 (Setup_ramb36e1_CLKBWRCLK_ADDRBWRADDR[11])
                                                     -0.416     1.949    student_top_inst/bridge_inst/dram_driver_inst/Mem_DRAM/U0/inst_blk_mem_gen/gnbram.gnativebmg.native_blk_mem_gen/valid.cstr/ramloop[23].ram.r/prim_init.ram/DEVICE_7SERIES.NO_BMM_INFO.TRUE_DP.SIMPLE_PRIM36.ram
  -------------------------------------------------------------------
                         required time                          1.949    
                         arrival time                          -1.854    
  -------------------------------------------------------------------
                         slack                                  0.095    

Slack (MET) :             0.106ns  (required time - arrival time)
  Source:                 student_top_inst/Core_cpu/cpu_core/id_ex_inst/rs2_addr_o_reg[3]/C
                            (rising edge-triggered cell FDRE clocked by clk_out2_pll  {rise@0.000ns fall@2.308ns period=4.615ns})
  Destination:            student_top_inst/Core_cpu/cpu_core/ex_mem_inst/dff_rd_data/data_o_reg[1]/D
                            (rising edge-triggered cell FDRE clocked by clk_out2_pll  {rise@0.000ns fall@2.308ns period=4.615ns})
  Path Group:             clk_out2_pll
  Path Type:              Setup (Max at Slow Process Corner)
  Requirement:            4.615ns  (clk_out2_pll rise@4.615ns - clk_out2_pll rise@0.000ns)
  Data Path Delay:        4.467ns  (logic 0.842ns (18.850%)  route 3.625ns (81.150%))
  Logic Levels:           12  (LUT3=2 LUT4=2 LUT5=2 LUT6=6)
  Clock Path Skew:        -0.048ns (DCD - SCD + CPR)
    Destination Clock Delay (DCD):    -2.114ns = ( 2.502 - 4.615 ) 
    Source Clock Delay      (SCD):    -2.440ns
    Clock Pessimism Removal (CPR):    -0.375ns
  Clock Uncertainty:      0.059ns  ((TSJ^2 + DJ^2)^1/2) / 2 + PE
    Total System Jitter     (TSJ):    0.071ns
    Discrete Jitter          (DJ):    0.094ns
    Phase Error              (PE):    0.000ns

    Location             Delay type                Incr(ns)  Path(ns)    Netlist Resource(s)
  -------------------------------------------------------------------    -------------------
                         (clock clk_out2_pll rise edge)
                                                      0.000     0.000 r  
    AD12                                              0.000     0.000 r  i_sys_clk_p (IN)
                         net (fo=0)                   0.000     0.000    pll_inst/inst/clk_in1_p
    AD12                 IBUFDS (Prop_ibufds_I_O)     0.906     0.906 r  pll_inst/inst/clkin1_ibufgds/O
                         net (fo=1, routed)           1.098     2.004    pll_inst/inst/clk_in1_pll
    PLLE2_ADV_X1Y1       PLLE2_ADV (Prop_plle2_adv_CLKIN1_CLKOUT1)
                                                     -8.058    -6.054 r  pll_inst/inst/plle2_adv_inst/CLKOUT1
                         net (fo=1, routed)           2.128    -3.926    pll_inst/inst/clk_out2_pll
    BUFGCTRL_X0Y0        BUFG (Prop_bufg_I_O)         0.093    -3.833 r  pll_inst/inst/clkout2_buf/O
                         net (fo=2866, routed)        1.393    -2.440    student_top_inst/Core_cpu/cpu_core/id_ex_inst/clk_out2
    SLICE_X97Y122        FDRE                                         r  student_top_inst/Core_cpu/cpu_core/id_ex_inst/rs2_addr_o_reg[3]/C
  -------------------------------------------------------------------    -------------------
    SLICE_X97Y122        FDRE (Prop_fdre_C_Q)         0.223    -2.217 r  student_top_inst/Core_cpu/cpu_core/id_ex_inst/rs2_addr_o_reg[3]/Q
                         net (fo=3, routed)           0.468    -1.750    student_top_inst/Core_cpu/cpu_core/ex_mem_inst/dff_rd_addr/Q[3]
    SLICE_X95Y123        LUT4 (Prop_lut4_I1_O)        0.043    -1.707 f  student_top_inst/Core_cpu/cpu_core/ex_mem_inst/dff_rd_addr/rs2_alu_match_ex_mem_inst_i_4/O
                         net (fo=1, routed)           0.098    -1.609    student_top_inst/Core_cpu/cpu_core/ex_mem_inst/dff_rd_addr/rs2_alu_match_ex_mem_inst_i_4_n_0
    SLICE_X95Y123        LUT5 (Prop_lut5_I4_O)        0.043    -1.566 f  student_top_inst/Core_cpu/cpu_core/ex_mem_inst/dff_rd_addr/rs2_alu_match_ex_mem_inst_i_2/O
                         net (fo=68, routed)          0.295    -1.271    student_top_inst/Core_cpu/cpu_core/ex_mem_inst/dff_rd_addr/rs2_alu_match_ex_mem_inst_i_2_n_0
    SLICE_X95Y124        LUT6 (Prop_lut6_I4_O)        0.043    -1.228 r  student_top_inst/Core_cpu/cpu_core/ex_mem_inst/dff_rd_addr/rs2_alu_match_ex_mem_inst_rep__10_i_1/O
                         net (fo=4, routed)           0.422    -0.806    student_top_inst/Core_cpu/cpu_core/ex_mem_inst/dff_rd_data/alu_op2_inst_rep__96_0
    SLICE_X90Y123        LUT3 (Prop_lut3_I1_O)        0.051    -0.755 r  student_top_inst/Core_cpu/cpu_core/ex_mem_inst/dff_rd_data/alu_op2_inst_rep__98_i_1/O
                         net (fo=4, routed)           0.592    -0.163    student_top_inst/Core_cpu/cpu_core/id_ex_inst/data_o[4]_i_18_1
    SLICE_X82Y125        LUT6 (Prop_lut6_I4_O)        0.138    -0.025 r  student_top_inst/Core_cpu/cpu_core/id_ex_inst/data_o[0]_i_66/O
                         net (fo=3, routed)           0.366     0.340    student_top_inst/Core_cpu/cpu_core/id_ex_inst/data_o[0]_i_66_n_0
    SLICE_X85Y125        LUT3 (Prop_lut3_I2_O)        0.043     0.383 r  student_top_inst/Core_cpu/cpu_core/id_ex_inst/data_o[2]_i_18/O
                         net (fo=2, routed)           0.425     0.808    student_top_inst/Core_cpu/cpu_core/id_ex_inst/data_o[2]_i_18_n_0
    SLICE_X85Y123        LUT5 (Prop_lut5_I0_O)        0.043     0.851 r  student_top_inst/Core_cpu/cpu_core/id_ex_inst/data_o[1]_i_15/O
                         net (fo=1, routed)           0.101     0.952    student_top_inst/Core_cpu/cpu_core/id_ex_inst/ex_inst/op1_i_shift_right_op2_i[1]
    SLICE_X85Y123        LUT6 (Prop_lut6_I3_O)        0.043     0.995 f  student_top_inst/Core_cpu/cpu_core/id_ex_inst/data_o[1]_i_10/O
                         net (fo=1, routed)           0.184     1.179    student_top_inst/Core_cpu/cpu_core/id_ex_inst/data_o[1]_i_10_n_0
    SLICE_X86Y123        LUT6 (Prop_lut6_I0_O)        0.043     1.222 f  student_top_inst/Core_cpu/cpu_core/id_ex_inst/data_o[1]_i_6/O
                         net (fo=1, routed)           0.325     1.547    student_top_inst/Core_cpu/cpu_core/id_ex_inst/data_o[1]_i_6_n_0
    SLICE_X86Y122        LUT6 (Prop_lut6_I0_O)        0.043     1.590 f  student_top_inst/Core_cpu/cpu_core/id_ex_inst/data_o[1]_i_4/O
                         net (fo=1, routed)           0.106     1.696    student_top_inst/Core_cpu/cpu_core/id_ex_inst/data_o[1]_i_4_n_0
    SLICE_X86Y122        LUT6 (Prop_lut6_I1_O)        0.043     1.739 r  student_top_inst/Core_cpu/cpu_core/id_ex_inst/data_o[1]_i_3/O
                         net (fo=1, routed)           0.244     1.983    student_top_inst/Core_cpu/cpu_core/ex_inst/rv32m_iter_inst/data_o_reg[1]
    SLICE_X86Y122        LUT4 (Prop_lut4_I1_O)        0.043     2.026 r  student_top_inst/Core_cpu/cpu_core/ex_inst/rv32m_iter_inst/data_o[1]_i_1__4/O
                         net (fo=1, routed)           0.000     2.026    student_top_inst/Core_cpu/cpu_core/ex_mem_inst/dff_rd_data/data_o_reg[1]_18
    SLICE_X86Y122        FDRE                                         r  student_top_inst/Core_cpu/cpu_core/ex_mem_inst/dff_rd_data/data_o_reg[1]/D
  -------------------------------------------------------------------    -------------------

                         (clock clk_out2_pll rise edge)
                                                      4.615     4.615 r  
    AD12                                              0.000     4.615 r  i_sys_clk_p (IN)
                         net (fo=0)                   0.000     4.615    pll_inst/inst/clk_in1_p
    AD12                 IBUFDS (Prop_ibufds_I_O)     0.803     5.419 r  pll_inst/inst/clkin1_ibufgds/O
                         net (fo=1, routed)           1.001     6.420    pll_inst/inst/clk_in1_pll
    PLLE2_ADV_X1Y1       PLLE2_ADV (Prop_plle2_adv_CLKIN1_CLKOUT1)
                                                     -7.261    -0.841 r  pll_inst/inst/plle2_adv_inst/CLKOUT1
                         net (fo=1, routed)           2.003     1.162    pll_inst/inst/clk_out2_pll
    BUFGCTRL_X0Y0        BUFG (Prop_bufg_I_O)         0.083     1.245 r  pll_inst/inst/clkout2_buf/O
                         net (fo=2866, routed)        1.257     2.502    student_top_inst/Core_cpu/cpu_core/ex_mem_inst/dff_rd_data/clk_out2
    SLICE_X86Y122        FDRE                                         r  student_top_inst/Core_cpu/cpu_core/ex_mem_inst/dff_rd_data/data_o_reg[1]/C
                         clock pessimism             -0.375     2.127    
                         clock uncertainty           -0.059     2.068    
    SLICE_X86Y122        FDRE (Setup_fdre_C_D)        0.064     2.132    student_top_inst/Core_cpu/cpu_core/ex_mem_inst/dff_rd_data/data_o_reg[1]
  -------------------------------------------------------------------
                         required time                          2.132    
                         arrival time                          -2.026    
  -------------------------------------------------------------------
                         slack                                  0.106    

Slack (MET) :             0.106ns  (required time - arrival time)
  Source:                 student_top_inst/Core_cpu/cpu_core/id_ex_inst/rs2_addr_o_reg[3]/C
                            (rising edge-triggered cell FDRE clocked by clk_out2_pll  {rise@0.000ns fall@2.308ns period=4.615ns})
  Destination:            student_top_inst/Core_cpu/cpu_core/ex_mem_inst/dff_rd_data/data_o_reg[1]/D
                            (rising edge-triggered cell FDRE clocked by clk_out2_pll  {rise@0.000ns fall@2.308ns period=4.615ns})
  Path Group:             clk_out2_pll
  Path Type:              Setup (Max at Slow Process Corner)
  Requirement:            4.615ns  (clk_out2_pll rise@4.615ns - clk_out2_pll rise@0.000ns)
  Data Path Delay:        4.467ns  (logic 0.842ns (18.850%)  route 3.625ns (81.150%))
  Logic Levels:           12  (LUT3=2 LUT4=2 LUT5=2 LUT6=6)
  Clock Path Skew:        -0.048ns (DCD - SCD + CPR)
    Destination Clock Delay (DCD):    -2.114ns = ( 2.502 - 4.615 ) 
    Source Clock Delay      (SCD):    -2.440ns
    Clock Pessimism Removal (CPR):    -0.375ns
  Clock Uncertainty:      0.059ns  ((TSJ^2 + DJ^2)^1/2) / 2 + PE
    Total System Jitter     (TSJ):    0.071ns
    Discrete Jitter          (DJ):    0.094ns
    Phase Error              (PE):    0.000ns

    Location             Delay type                Incr(ns)  Path(ns)    Netlist Resource(s)
  -------------------------------------------------------------------    -------------------
                         (clock clk_out2_pll rise edge)
                                                      0.000     0.000 r  
    AD12                                              0.000     0.000 r  i_sys_clk_p (IN)
                         net (fo=0)                   0.000     0.000    pll_inst/inst/clk_in1_p
    AD12                 IBUFDS (Prop_ibufds_I_O)     0.906     0.906 r  pll_inst/inst/clkin1_ibufgds/O
                         net (fo=1, routed)           1.098     2.004    pll_inst/inst/clk_in1_pll
    PLLE2_ADV_X1Y1       PLLE2_ADV (Prop_plle2_adv_CLKIN1_CLKOUT1)
                                                     -8.058    -6.054 r  pll_inst/inst/plle2_adv_inst/CLKOUT1
                         net (fo=1, routed)           2.128    -3.926    pll_inst/inst/clk_out2_pll
    BUFGCTRL_X0Y0        BUFG (Prop_bufg_I_O)         0.093    -3.833 r  pll_inst/inst/clkout2_buf/O
                         net (fo=2866, routed)        1.393    -2.440    student_top_inst/Core_cpu/cpu_core/id_ex_inst/clk_out2
    SLICE_X97Y122        FDRE                                         r  student_top_inst/Core_cpu/cpu_core/id_ex_inst/rs2_addr_o_reg[3]/C
  -------------------------------------------------------------------    -------------------
    SLICE_X97Y122        FDRE (Prop_fdre_C_Q)         0.223    -2.217 f  student_top_inst/Core_cpu/cpu_core/id_ex_inst/rs2_addr_o_reg[3]/Q
                         net (fo=3, routed)           0.468    -1.750    student_top_inst/Core_cpu/cpu_core/ex_mem_inst/dff_rd_addr/Q[3]
    SLICE_X95Y123        LUT4 (Prop_lut4_I1_O)        0.043    -1.707 f  student_top_inst/Core_cpu/cpu_core/ex_mem_inst/dff_rd_addr/rs2_alu_match_ex_mem_inst_i_4/O
                         net (fo=1, routed)           0.098    -1.609    student_top_inst/Core_cpu/cpu_core/ex_mem_inst/dff_rd_addr/rs2_alu_match_ex_mem_inst_i_4_n_0
    SLICE_X95Y123        LUT5 (Prop_lut5_I4_O)        0.043    -1.566 f  student_top_inst/Core_cpu/cpu_core/ex_mem_inst/dff_rd_addr/rs2_alu_match_ex_mem_inst_i_2/O
                         net (fo=68, routed)          0.295    -1.271    student_top_inst/Core_cpu/cpu_core/ex_mem_inst/dff_rd_addr/rs2_alu_match_ex_mem_inst_i_2_n_0
    SLICE_X95Y124        LUT6 (Prop_lut6_I4_O)        0.043    -1.228 r  student_top_inst/Core_cpu/cpu_core/ex_mem_inst/dff_rd_addr/rs2_alu_match_ex_mem_inst_rep__10_i_1/O
                         net (fo=4, routed)           0.422    -0.806    student_top_inst/Core_cpu/cpu_core/ex_mem_inst/dff_rd_data/alu_op2_inst_rep__96_0
    SLICE_X90Y123        LUT3 (Prop_lut3_I1_O)        0.051    -0.755 r  student_top_inst/Core_cpu/cpu_core/ex_mem_inst/dff_rd_data/alu_op2_inst_rep__98_i_1/O
                         net (fo=4, routed)           0.592    -0.163    student_top_inst/Core_cpu/cpu_core/id_ex_inst/data_o[4]_i_18_1
    SLICE_X82Y125        LUT6 (Prop_lut6_I4_O)        0.138    -0.025 r  student_top_inst/Core_cpu/cpu_core/id_ex_inst/data_o[0]_i_66/O
                         net (fo=3, routed)           0.366     0.340    student_top_inst/Core_cpu/cpu_core/id_ex_inst/data_o[0]_i_66_n_0
    SLICE_X85Y125        LUT3 (Prop_lut3_I2_O)        0.043     0.383 r  student_top_inst/Core_cpu/cpu_core/id_ex_inst/data_o[2]_i_18/O
                         net (fo=2, routed)           0.425     0.808    student_top_inst/Core_cpu/cpu_core/id_ex_inst/data_o[2]_i_18_n_0
    SLICE_X85Y123        LUT5 (Prop_lut5_I0_O)        0.043     0.851 r  student_top_inst/Core_cpu/cpu_core/id_ex_inst/data_o[1]_i_15/O
                         net (fo=1, routed)           0.101     0.952    student_top_inst/Core_cpu/cpu_core/id_ex_inst/ex_inst/op1_i_shift_right_op2_i[1]
    SLICE_X85Y123        LUT6 (Prop_lut6_I3_O)        0.043     0.995 f  student_top_inst/Core_cpu/cpu_core/id_ex_inst/data_o[1]_i_10/O
                         net (fo=1, routed)           0.184     1.179    student_top_inst/Core_cpu/cpu_core/id_ex_inst/data_o[1]_i_10_n_0
    SLICE_X86Y123        LUT6 (Prop_lut6_I0_O)        0.043     1.222 f  student_top_inst/Core_cpu/cpu_core/id_ex_inst/data_o[1]_i_6/O
                         net (fo=1, routed)           0.325     1.547    student_top_inst/Core_cpu/cpu_core/id_ex_inst/data_o[1]_i_6_n_0
    SLICE_X86Y122        LUT6 (Prop_lut6_I0_O)        0.043     1.590 f  student_top_inst/Core_cpu/cpu_core/id_ex_inst/data_o[1]_i_4/O
                         net (fo=1, routed)           0.106     1.696    student_top_inst/Core_cpu/cpu_core/id_ex_inst/data_o[1]_i_4_n_0
    SLICE_X86Y122        LUT6 (Prop_lut6_I1_O)        0.043     1.739 r  student_top_inst/Core_cpu/cpu_core/id_ex_inst/data_o[1]_i_3/O
                         net (fo=1, routed)           0.244     1.983    student_top_inst/Core_cpu/cpu_core/ex_inst/rv32m_iter_inst/data_o_reg[1]
    SLICE_X86Y122        LUT4 (Prop_lut4_I1_O)        0.043     2.026 r  student_top_inst/Core_cpu/cpu_core/ex_inst/rv32m_iter_inst/data_o[1]_i_1__4/O
                         net (fo=1, routed)           0.000     2.026    student_top_inst/Core_cpu/cpu_core/ex_mem_inst/dff_rd_data/data_o_reg[1]_18
    SLICE_X86Y122        FDRE                                         r  student_top_inst/Core_cpu/cpu_core/ex_mem_inst/dff_rd_data/data_o_reg[1]/D
  -------------------------------------------------------------------    -------------------

                         (clock clk_out2_pll rise edge)
                                                      4.615     4.615 r  
    AD12                                              0.000     4.615 r  i_sys_clk_p (IN)
                         net (fo=0)                   0.000     4.615    pll_inst/inst/clk_in1_p
    AD12                 IBUFDS (Prop_ibufds_I_O)     0.803     5.419 r  pll_inst/inst/clkin1_ibufgds/O
                         net (fo=1, routed)           1.001     6.420    pll_inst/inst/clk_in1_pll
    PLLE2_ADV_X1Y1       PLLE2_ADV (Prop_plle2_adv_CLKIN1_CLKOUT1)
                                                     -7.261    -0.841 r  pll_inst/inst/plle2_adv_inst/CLKOUT1
                         net (fo=1, routed)           2.003     1.162    pll_inst/inst/clk_out2_pll
    BUFGCTRL_X0Y0        BUFG (Prop_bufg_I_O)         0.083     1.245 r  pll_inst/inst/clkout2_buf/O
                         net (fo=2866, routed)        1.257     2.502    student_top_inst/Core_cpu/cpu_core/ex_mem_inst/dff_rd_data/clk_out2
    SLICE_X86Y122        FDRE                                         r  student_top_inst/Core_cpu/cpu_core/ex_mem_inst/dff_rd_data/data_o_reg[1]/C
                         clock pessimism             -0.375     2.127    
                         clock uncertainty           -0.059     2.068    
    SLICE_X86Y122        FDRE (Setup_fdre_C_D)        0.064     2.132    student_top_inst/Core_cpu/cpu_core/ex_mem_inst/dff_rd_data/data_o_reg[1]
  -------------------------------------------------------------------
                         required time                          2.132    
                         arrival time                          -2.026    
  -------------------------------------------------------------------
                         slack                                  0.106    

Slack (MET) :             0.106ns  (required time - arrival time)
  Source:                 student_top_inst/Core_cpu/cpu_core/id_ex_inst/rs2_addr_o_reg[3]/C
                            (rising edge-triggered cell FDRE clocked by clk_out2_pll  {rise@0.000ns fall@2.308ns period=4.615ns})
  Destination:            student_top_inst/Core_cpu/cpu_core/ex_mem_inst/dff_rd_data/data_o_reg[1]/D
                            (rising edge-triggered cell FDRE clocked by clk_out2_pll  {rise@0.000ns fall@2.308ns period=4.615ns})
  Path Group:             clk_out2_pll
  Path Type:              Setup (Max at Slow Process Corner)
  Requirement:            4.615ns  (clk_out2_pll rise@4.615ns - clk_out2_pll rise@0.000ns)
  Data Path Delay:        4.467ns  (logic 0.842ns (18.850%)  route 3.625ns (81.150%))
  Logic Levels:           12  (LUT3=2 LUT4=2 LUT5=2 LUT6=6)
  Clock Path Skew:        -0.048ns (DCD - SCD + CPR)
    Destination Clock Delay (DCD):    -2.114ns = ( 2.502 - 4.615 ) 
    Source Clock Delay      (SCD):    -2.440ns
    Clock Pessimism Removal (CPR):    -0.375ns
  Clock Uncertainty:      0.059ns  ((TSJ^2 + DJ^2)^1/2) / 2 + PE
    Total System Jitter     (TSJ):    0.071ns
    Discrete Jitter          (DJ):    0.094ns
    Phase Error              (PE):    0.000ns

    Location             Delay type                Incr(ns)  Path(ns)    Netlist Resource(s)
  -------------------------------------------------------------------    -------------------
                         (clock clk_out2_pll rise edge)
                                                      0.000     0.000 r  
    AD12                                              0.000     0.000 r  i_sys_clk_p (IN)
                         net (fo=0)                   0.000     0.000    pll_inst/inst/clk_in1_p
    AD12                 IBUFDS (Prop_ibufds_I_O)     0.906     0.906 r  pll_inst/inst/clkin1_ibufgds/O
                         net (fo=1, routed)           1.098     2.004    pll_inst/inst/clk_in1_pll
    PLLE2_ADV_X1Y1       PLLE2_ADV (Prop_plle2_adv_CLKIN1_CLKOUT1)
                                                     -8.058    -6.054 r  pll_inst/inst/plle2_adv_inst/CLKOUT1
                         net (fo=1, routed)           2.128    -3.926    pll_inst/inst/clk_out2_pll
    BUFGCTRL_X0Y0        BUFG (Prop_bufg_I_O)         0.093    -3.833 r  pll_inst/inst/clkout2_buf/O
                         net (fo=2866, routed)        1.393    -2.440    student_top_inst/Core_cpu/cpu_core/id_ex_inst/clk_out2
    SLICE_X97Y122        FDRE                                         r  student_top_inst/Core_cpu/cpu_core/id_ex_inst/rs2_addr_o_reg[3]/C
  -------------------------------------------------------------------    -------------------
    SLICE_X97Y122        FDRE (Prop_fdre_C_Q)         0.223    -2.217 r  student_top_inst/Core_cpu/cpu_core/id_ex_inst/rs2_addr_o_reg[3]/Q
                         net (fo=3, routed)           0.468    -1.750    student_top_inst/Core_cpu/cpu_core/ex_mem_inst/dff_rd_addr/Q[3]
    SLICE_X95Y123        LUT4 (Prop_lut4_I1_O)        0.043    -1.707 r  student_top_inst/Core_cpu/cpu_core/ex_mem_inst/dff_rd_addr/rs2_alu_match_ex_mem_inst_i_4/O
                         net (fo=1, routed)           0.098    -1.609    student_top_inst/Core_cpu/cpu_core/ex_mem_inst/dff_rd_addr/rs2_alu_match_ex_mem_inst_i_4_n_0
    SLICE_X95Y123        LUT5 (Prop_lut5_I4_O)        0.043    -1.566 r  student_top_inst/Core_cpu/cpu_core/ex_mem_inst/dff_rd_addr/rs2_alu_match_ex_mem_inst_i_2/O
                         net (fo=68, routed)          0.295    -1.271    student_top_inst/Core_cpu/cpu_core/ex_mem_inst/dff_rd_addr/rs2_alu_match_ex_mem_inst_i_2_n_0
    SLICE_X95Y124        LUT6 (Prop_lut6_I4_O)        0.043    -1.228 f  student_top_inst/Core_cpu/cpu_core/ex_mem_inst/dff_rd_addr/rs2_alu_match_ex_mem_inst_rep__10_i_1/O
                         net (fo=4, routed)           0.422    -0.806    student_top_inst/Core_cpu/cpu_core/ex_mem_inst/dff_rd_data/alu_op2_inst_rep__96_0
    SLICE_X90Y123        LUT3 (Prop_lut3_I1_O)        0.051    -0.755 r  student_top_inst/Core_cpu/cpu_core/ex_mem_inst/dff_rd_data/alu_op2_inst_rep__98_i_1/O
                         net (fo=4, routed)           0.592    -0.163    student_top_inst/Core_cpu/cpu_core/id_ex_inst/data_o[4]_i_18_1
    SLICE_X82Y125        LUT6 (Prop_lut6_I4_O)        0.138    -0.025 r  student_top_inst/Core_cpu/cpu_core/id_ex_inst/data_o[0]_i_66/O
                         net (fo=3, routed)           0.366     0.340    student_top_inst/Core_cpu/cpu_core/id_ex_inst/data_o[0]_i_66_n_0
    SLICE_X85Y125        LUT3 (Prop_lut3_I2_O)        0.043     0.383 r  student_top_inst/Core_cpu/cpu_core/id_ex_inst/data_o[2]_i_18/O
                         net (fo=2, routed)           0.425     0.808    student_top_inst/Core_cpu/cpu_core/id_ex_inst/data_o[2]_i_18_n_0
    SLICE_X85Y123        LUT5 (Prop_lut5_I0_O)        0.043     0.851 r  student_top_inst/Core_cpu/cpu_core/id_ex_inst/data_o[1]_i_15/O
                         net (fo=1, routed)           0.101     0.952    student_top_inst/Core_cpu/cpu_core/id_ex_inst/ex_inst/op1_i_shift_right_op2_i[1]
    SLICE_X85Y123        LUT6 (Prop_lut6_I3_O)        0.043     0.995 f  student_top_inst/Core_cpu/cpu_core/id_ex_inst/data_o[1]_i_10/O
                         net (fo=1, routed)           0.184     1.179    student_top_inst/Core_cpu/cpu_core/id_ex_inst/data_o[1]_i_10_n_0
    SLICE_X86Y123        LUT6 (Prop_lut6_I0_O)        0.043     1.222 f  student_top_inst/Core_cpu/cpu_core/id_ex_inst/data_o[1]_i_6/O
                         net (fo=1, routed)           0.325     1.547    student_top_inst/Core_cpu/cpu_core/id_ex_inst/data_o[1]_i_6_n_0
    SLICE_X86Y122        LUT6 (Prop_lut6_I0_O)        0.043     1.590 f  student_top_inst/Core_cpu/cpu_core/id_ex_inst/data_o[1]_i_4/O
                         net (fo=1, routed)           0.106     1.696    student_top_inst/Core_cpu/cpu_core/id_ex_inst/data_o[1]_i_4_n_0
    SLICE_X86Y122        LUT6 (Prop_lut6_I1_O)        0.043     1.739 r  student_top_inst/Core_cpu/cpu_core/id_ex_inst/data_o[1]_i_3/O
                         net (fo=1, routed)           0.244     1.983    student_top_inst/Core_cpu/cpu_core/ex_inst/rv32m_iter_inst/data_o_reg[1]
    SLICE_X86Y122        LUT4 (Prop_lut4_I1_O)        0.043     2.026 r  student_top_inst/Core_cpu/cpu_core/ex_inst/rv32m_iter_inst/data_o[1]_i_1__4/O
                         net (fo=1, routed)           0.000     2.026    student_top_inst/Core_cpu/cpu_core/ex_mem_inst/dff_rd_data/data_o_reg[1]_18
    SLICE_X86Y122        FDRE                                         r  student_top_inst/Core_cpu/cpu_core/ex_mem_inst/dff_rd_data/data_o_reg[1]/D
  -------------------------------------------------------------------    -------------------

                         (clock clk_out2_pll rise edge)
                                                      4.615     4.615 r  
    AD12                                              0.000     4.615 r  i_sys_clk_p (IN)
                         net (fo=0)                   0.000     4.615    pll_inst/inst/clk_in1_p
    AD12                 IBUFDS (Prop_ibufds_I_O)     0.803     5.419 r  pll_inst/inst/clkin1_ibufgds/O
                         net (fo=1, routed)           1.001     6.420    pll_inst/inst/clk_in1_pll
    PLLE2_ADV_X1Y1       PLLE2_ADV (Prop_plle2_adv_CLKIN1_CLKOUT1)
                                                     -7.261    -0.841 r  pll_inst/inst/plle2_adv_inst/CLKOUT1
                         net (fo=1, routed)           2.003     1.162    pll_inst/inst/clk_out2_pll
    BUFGCTRL_X0Y0        BUFG (Prop_bufg_I_O)         0.083     1.245 r  pll_inst/inst/clkout2_buf/O
                         net (fo=2866, routed)        1.257     2.502    student_top_inst/Core_cpu/cpu_core/ex_mem_inst/dff_rd_data/clk_out2
    SLICE_X86Y122        FDRE                                         r  student_top_inst/Core_cpu/cpu_core/ex_mem_inst/dff_rd_data/data_o_reg[1]/C
                         clock pessimism             -0.375     2.127    
                         clock uncertainty           -0.059     2.068    
    SLICE_X86Y122        FDRE (Setup_fdre_C_D)        0.064     2.132    student_top_inst/Core_cpu/cpu_core/ex_mem_inst/dff_rd_data/data_o_reg[1]
  -------------------------------------------------------------------
                         required time                          2.132    
                         arrival time                          -2.026    
  -------------------------------------------------------------------
                         slack                                  0.106    

Slack (MET) :             0.106ns  (required time - arrival time)
  Source:                 student_top_inst/Core_cpu/cpu_core/id_ex_inst/rs2_addr_o_reg[3]/C
                            (rising edge-triggered cell FDRE clocked by clk_out2_pll  {rise@0.000ns fall@2.308ns period=4.615ns})
  Destination:            student_top_inst/Core_cpu/cpu_core/ex_mem_inst/dff_rd_data/data_o_reg[1]/D
                            (rising edge-triggered cell FDRE clocked by clk_out2_pll  {rise@0.000ns fall@2.308ns period=4.615ns})
  Path Group:             clk_out2_pll
  Path Type:              Setup (Max at Slow Process Corner)
  Requirement:            4.615ns  (clk_out2_pll rise@4.615ns - clk_out2_pll rise@0.000ns)
  Data Path Delay:        4.467ns  (logic 0.842ns (18.850%)  route 3.625ns (81.150%))
  Logic Levels:           12  (LUT3=2 LUT4=2 LUT5=2 LUT6=6)
  Clock Path Skew:        -0.048ns (DCD - SCD + CPR)
    Destination Clock Delay (DCD):    -2.114ns = ( 2.502 - 4.615 ) 
    Source Clock Delay      (SCD):    -2.440ns
    Clock Pessimism Removal (CPR):    -0.375ns
  Clock Uncertainty:      0.059ns  ((TSJ^2 + DJ^2)^1/2) / 2 + PE
    Total System Jitter     (TSJ):    0.071ns
    Discrete Jitter          (DJ):    0.094ns
    Phase Error              (PE):    0.000ns

    Location             Delay type                Incr(ns)  Path(ns)    Netlist Resource(s)
  -------------------------------------------------------------------    -------------------
                         (clock clk_out2_pll rise edge)
                                                      0.000     0.000 r  
    AD12                                              0.000     0.000 r  i_sys_clk_p (IN)
                         net (fo=0)                   0.000     0.000    pll_inst/inst/clk_in1_p
    AD12                 IBUFDS (Prop_ibufds_I_O)     0.906     0.906 r  pll_inst/inst/clkin1_ibufgds/O
                         net (fo=1, routed)           1.098     2.004    pll_inst/inst/clk_in1_pll
    PLLE2_ADV_X1Y1       PLLE2_ADV (Prop_plle2_adv_CLKIN1_CLKOUT1)
                                                     -8.058    -6.054 r  pll_inst/inst/plle2_adv_inst/CLKOUT1
                         net (fo=1, routed)           2.128    -3.926    pll_inst/inst/clk_out2_pll
    BUFGCTRL_X0Y0        BUFG (Prop_bufg_I_O)         0.093    -3.833 r  pll_inst/inst/clkout2_buf/O
                         net (fo=2866, routed)        1.393    -2.440    student_top_inst/Core_cpu/cpu_core/id_ex_inst/clk_out2
    SLICE_X97Y122        FDRE                                         r  student_top_inst/Core_cpu/cpu_core/id_ex_inst/rs2_addr_o_reg[3]/C
  -------------------------------------------------------------------    -------------------
    SLICE_X97Y122        FDRE (Prop_fdre_C_Q)         0.223    -2.217 f  student_top_inst/Core_cpu/cpu_core/id_ex_inst/rs2_addr_o_reg[3]/Q
                         net (fo=3, routed)           0.468    -1.750    student_top_inst/Core_cpu/cpu_core/ex_mem_inst/dff_rd_addr/Q[3]
    SLICE_X95Y123        LUT4 (Prop_lut4_I1_O)        0.043    -1.707 r  student_top_inst/Core_cpu/cpu_core/ex_mem_inst/dff_rd_addr/rs2_alu_match_ex_mem_inst_i_4/O
                         net (fo=1, routed)           0.098    -1.609    student_top_inst/Core_cpu/cpu_core/ex_mem_inst/dff_rd_addr/rs2_alu_match_ex_mem_inst_i_4_n_0
    SLICE_X95Y123        LUT5 (Prop_lut5_I4_O)        0.043    -1.566 r  student_top_inst/Core_cpu/cpu_core/ex_mem_inst/dff_rd_addr/rs2_alu_match_ex_mem_inst_i_2/O
                         net (fo=68, routed)          0.295    -1.271    student_top_inst/Core_cpu/cpu_core/ex_mem_inst/dff_rd_addr/rs2_alu_match_ex_mem_inst_i_2_n_0
    SLICE_X95Y124        LUT6 (Prop_lut6_I4_O)        0.043    -1.228 f  student_top_inst/Core_cpu/cpu_core/ex_mem_inst/dff_rd_addr/rs2_alu_match_ex_mem_inst_rep__10_i_1/O
                         net (fo=4, routed)           0.422    -0.806    student_top_inst/Core_cpu/cpu_core/ex_mem_inst/dff_rd_data/alu_op2_inst_rep__96_0
    SLICE_X90Y123        LUT3 (Prop_lut3_I1_O)        0.051    -0.755 r  student_top_inst/Core_cpu/cpu_core/ex_mem_inst/dff_rd_data/alu_op2_inst_rep__98_i_1/O
                         net (fo=4, routed)           0.592    -0.163    student_top_inst/Core_cpu/cpu_core/id_ex_inst/data_o[4]_i_18_1
    SLICE_X82Y125        LUT6 (Prop_lut6_I4_O)        0.138    -0.025 r  student_top_inst/Core_cpu/cpu_core/id_ex_inst/data_o[0]_i_66/O
                         net (fo=3, routed)           0.366     0.340    student_top_inst/Core_cpu/cpu_core/id_ex_inst/data_o[0]_i_66_n_0
    SLICE_X85Y125        LUT3 (Prop_lut3_I2_O)        0.043     0.383 r  student_top_inst/Core_cpu/cpu_core/id_ex_inst/data_o[2]_i_18/O
                         net (fo=2, routed)           0.425     0.808    student_top_inst/Core_cpu/cpu_core/id_ex_inst/data_o[2]_i_18_n_0
    SLICE_X85Y123        LUT5 (Prop_lut5_I0_O)        0.043     0.851 r  student_top_inst/Core_cpu/cpu_core/id_ex_inst/data_o[1]_i_15/O
                         net (fo=1, routed)           0.101     0.952    student_top_inst/Core_cpu/cpu_core/id_ex_inst/ex_inst/op1_i_shift_right_op2_i[1]
    SLICE_X85Y123        LUT6 (Prop_lut6_I3_O)        0.043     0.995 f  student_top_inst/Core_cpu/cpu_core/id_ex_inst/data_o[1]_i_10/O
                         net (fo=1, routed)           0.184     1.179    student_top_inst/Core_cpu/cpu_core/id_ex_inst/data_o[1]_i_10_n_0
    SLICE_X86Y123        LUT6 (Prop_lut6_I0_O)        0.043     1.222 f  student_top_inst/Core_cpu/cpu_core/id_ex_inst/data_o[1]_i_6/O
                         net (fo=1, routed)           0.325     1.547    student_top_inst/Core_cpu/cpu_core/id_ex_inst/data_o[1]_i_6_n_0
    SLICE_X86Y122        LUT6 (Prop_lut6_I0_O)        0.043     1.590 f  student_top_inst/Core_cpu/cpu_core/id_ex_inst/data_o[1]_i_4/O
                         net (fo=1, routed)           0.106     1.696    student_top_inst/Core_cpu/cpu_core/id_ex_inst/data_o[1]_i_4_n_0
    SLICE_X86Y122        LUT6 (Prop_lut6_I1_O)        0.043     1.739 r  student_top_inst/Core_cpu/cpu_core/id_ex_inst/data_o[1]_i_3/O
                         net (fo=1, routed)           0.244     1.983    student_top_inst/Core_cpu/cpu_core/ex_inst/rv32m_iter_inst/data_o_reg[1]
    SLICE_X86Y122        LUT4 (Prop_lut4_I1_O)        0.043     2.026 r  student_top_inst/Core_cpu/cpu_core/ex_inst/rv32m_iter_inst/data_o[1]_i_1__4/O
                         net (fo=1, routed)           0.000     2.026    student_top_inst/Core_cpu/cpu_core/ex_mem_inst/dff_rd_data/data_o_reg[1]_18
    SLICE_X86Y122        FDRE                                         r  student_top_inst/Core_cpu/cpu_core/ex_mem_inst/dff_rd_data/data_o_reg[1]/D
  -------------------------------------------------------------------    -------------------

                         (clock clk_out2_pll rise edge)
                                                      4.615     4.615 r  
    AD12                                              0.000     4.615 r  i_sys_clk_p (IN)
                         net (fo=0)                   0.000     4.615    pll_inst/inst/clk_in1_p
    AD12                 IBUFDS (Prop_ibufds_I_O)     0.803     5.419 r  pll_inst/inst/clkin1_ibufgds/O
                         net (fo=1, routed)           1.001     6.420    pll_inst/inst/clk_in1_pll
    PLLE2_ADV_X1Y1       PLLE2_ADV (Prop_plle2_adv_CLKIN1_CLKOUT1)
                                                     -7.261    -0.841 r  pll_inst/inst/plle2_adv_inst/CLKOUT1
                         net (fo=1, routed)           2.003     1.162    pll_inst/inst/clk_out2_pll
    BUFGCTRL_X0Y0        BUFG (Prop_bufg_I_O)         0.083     1.245 r  pll_inst/inst/clkout2_buf/O
                         net (fo=2866, routed)        1.257     2.502    student_top_inst/Core_cpu/cpu_core/ex_mem_inst/dff_rd_data/clk_out2
    SLICE_X86Y122        FDRE                                         r  student_top_inst/Core_cpu/cpu_core/ex_mem_inst/dff_rd_data/data_o_reg[1]/C
                         clock pessimism             -0.375     2.127    
                         clock uncertainty           -0.059     2.068    
    SLICE_X86Y122        FDRE (Setup_fdre_C_D)        0.064     2.132    student_top_inst/Core_cpu/cpu_core/ex_mem_inst/dff_rd_data/data_o_reg[1]
  -------------------------------------------------------------------
                         required time                          2.132    
                         arrival time                          -2.026    
  -------------------------------------------------------------------
                         slack                                  0.106    

Slack (MET) :             0.106ns  (required time - arrival time)
  Source:                 student_top_inst/Core_cpu/cpu_core/id_ex_inst/rs2_addr_o_reg[3]/C
                            (rising edge-triggered cell FDRE clocked by clk_out2_pll  {rise@0.000ns fall@2.308ns period=4.615ns})
  Destination:            student_top_inst/Core_cpu/cpu_core/ex_mem_inst/dff_rd_data/data_o_reg[1]/D
                            (rising edge-triggered cell FDRE clocked by clk_out2_pll  {rise@0.000ns fall@2.308ns period=4.615ns})
  Path Group:             clk_out2_pll
  Path Type:              Setup (Max at Slow Process Corner)
  Requirement:            4.615ns  (clk_out2_pll rise@4.615ns - clk_out2_pll rise@0.000ns)
  Data Path Delay:        4.467ns  (logic 0.842ns (18.850%)  route 3.625ns (81.150%))
  Logic Levels:           12  (LUT3=2 LUT4=2 LUT5=2 LUT6=6)
  Clock Path Skew:        -0.048ns (DCD - SCD + CPR)
    Destination Clock Delay (DCD):    -2.114ns = ( 2.502 - 4.615 ) 
    Source Clock Delay      (SCD):    -2.440ns
    Clock Pessimism Removal (CPR):    -0.375ns
  Clock Uncertainty:      0.059ns  ((TSJ^2 + DJ^2)^1/2) / 2 + PE
    Total System Jitter     (TSJ):    0.071ns
    Discrete Jitter          (DJ):    0.094ns
    Phase Error              (PE):    0.000ns

    Location             Delay type                Incr(ns)  Path(ns)    Netlist Resource(s)
  -------------------------------------------------------------------    -------------------
                         (clock clk_out2_pll rise edge)
                                                      0.000     0.000 r  
    AD12                                              0.000     0.000 r  i_sys_clk_p (IN)
                         net (fo=0)                   0.000     0.000    pll_inst/inst/clk_in1_p
    AD12                 IBUFDS (Prop_ibufds_I_O)     0.906     0.906 r  pll_inst/inst/clkin1_ibufgds/O
                         net (fo=1, routed)           1.098     2.004    pll_inst/inst/clk_in1_pll
    PLLE2_ADV_X1Y1       PLLE2_ADV (Prop_plle2_adv_CLKIN1_CLKOUT1)
                                                     -8.058    -6.054 r  pll_inst/inst/plle2_adv_inst/CLKOUT1
                         net (fo=1, routed)           2.128    -3.926    pll_inst/inst/clk_out2_pll
    BUFGCTRL_X0Y0        BUFG (Prop_bufg_I_O)         0.093    -3.833 r  pll_inst/inst/clkout2_buf/O
                         net (fo=2866, routed)        1.393    -2.440    student_top_inst/Core_cpu/cpu_core/id_ex_inst/clk_out2
    SLICE_X97Y122        FDRE                                         r  student_top_inst/Core_cpu/cpu_core/id_ex_inst/rs2_addr_o_reg[3]/C
  -------------------------------------------------------------------    -------------------
    SLICE_X97Y122        FDRE (Prop_fdre_C_Q)         0.223    -2.217 r  student_top_inst/Core_cpu/cpu_core/id_ex_inst/rs2_addr_o_reg[3]/Q
                         net (fo=3, routed)           0.468    -1.750    student_top_inst/Core_cpu/cpu_core/ex_mem_inst/dff_rd_addr/Q[3]
    SLICE_X95Y123        LUT4 (Prop_lut4_I1_O)        0.043    -1.707 f  student_top_inst/Core_cpu/cpu_core/ex_mem_inst/dff_rd_addr/rs2_alu_match_ex_mem_inst_i_4/O
                         net (fo=1, routed)           0.098    -1.609    student_top_inst/Core_cpu/cpu_core/ex_mem_inst/dff_rd_addr/rs2_alu_match_ex_mem_inst_i_4_n_0
    SLICE_X95Y123        LUT5 (Prop_lut5_I4_O)        0.043    -1.566 f  student_top_inst/Core_cpu/cpu_core/ex_mem_inst/dff_rd_addr/rs2_alu_match_ex_mem_inst_i_2/O
                         net (fo=68, routed)          0.295    -1.271    student_top_inst/Core_cpu/cpu_core/ex_mem_inst/dff_rd_addr/rs2_alu_match_ex_mem_inst_i_2_n_0
    SLICE_X95Y124        LUT6 (Prop_lut6_I4_O)        0.043    -1.228 r  student_top_inst/Core_cpu/cpu_core/ex_mem_inst/dff_rd_addr/rs2_alu_match_ex_mem_inst_rep__10_i_1/O
                         net (fo=4, routed)           0.422    -0.806    student_top_inst/Core_cpu/cpu_core/ex_mem_inst/dff_rd_data/alu_op2_inst_rep__96_0
    SLICE_X90Y123        LUT3 (Prop_lut3_I1_O)        0.051    -0.755 f  student_top_inst/Core_cpu/cpu_core/ex_mem_inst/dff_rd_data/alu_op2_inst_rep__98_i_1/O
                         net (fo=4, routed)           0.592    -0.163    student_top_inst/Core_cpu/cpu_core/id_ex_inst/data_o[4]_i_18_1
    SLICE_X82Y125        LUT6 (Prop_lut6_I4_O)        0.138    -0.025 r  student_top_inst/Core_cpu/cpu_core/id_ex_inst/data_o[0]_i_66/O
                         net (fo=3, routed)           0.366     0.340    student_top_inst/Core_cpu/cpu_core/id_ex_inst/data_o[0]_i_66_n_0
    SLICE_X85Y125        LUT3 (Prop_lut3_I2_O)        0.043     0.383 r  student_top_inst/Core_cpu/cpu_core/id_ex_inst/data_o[2]_i_18/O
                         net (fo=2, routed)           0.425     0.808    student_top_inst/Core_cpu/cpu_core/id_ex_inst/data_o[2]_i_18_n_0
    SLICE_X85Y123        LUT5 (Prop_lut5_I0_O)        0.043     0.851 r  student_top_inst/Core_cpu/cpu_core/id_ex_inst/data_o[1]_i_15/O
                         net (fo=1, routed)           0.101     0.952    student_top_inst/Core_cpu/cpu_core/id_ex_inst/ex_inst/op1_i_shift_right_op2_i[1]
    SLICE_X85Y123        LUT6 (Prop_lut6_I3_O)        0.043     0.995 f  student_top_inst/Core_cpu/cpu_core/id_ex_inst/data_o[1]_i_10/O
                         net (fo=1, routed)           0.184     1.179    student_top_inst/Core_cpu/cpu_core/id_ex_inst/data_o[1]_i_10_n_0
    SLICE_X86Y123        LUT6 (Prop_lut6_I0_O)        0.043     1.222 f  student_top_inst/Core_cpu/cpu_core/id_ex_inst/data_o[1]_i_6/O
                         net (fo=1, routed)           0.325     1.547    student_top_inst/Core_cpu/cpu_core/id_ex_inst/data_o[1]_i_6_n_0
    SLICE_X86Y122        LUT6 (Prop_lut6_I0_O)        0.043     1.590 f  student_top_inst/Core_cpu/cpu_core/id_ex_inst/data_o[1]_i_4/O
                         net (fo=1, routed)           0.106     1.696    student_top_inst/Core_cpu/cpu_core/id_ex_inst/data_o[1]_i_4_n_0
    SLICE_X86Y122        LUT6 (Prop_lut6_I1_O)        0.043     1.739 r  student_top_inst/Core_cpu/cpu_core/id_ex_inst/data_o[1]_i_3/O
                         net (fo=1, routed)           0.244     1.983    student_top_inst/Core_cpu/cpu_core/ex_inst/rv32m_iter_inst/data_o_reg[1]
    SLICE_X86Y122        LUT4 (Prop_lut4_I1_O)        0.043     2.026 r  student_top_inst/Core_cpu/cpu_core/ex_inst/rv32m_iter_inst/data_o[1]_i_1__4/O
                         net (fo=1, routed)           0.000     2.026    student_top_inst/Core_cpu/cpu_core/ex_mem_inst/dff_rd_data/data_o_reg[1]_18
    SLICE_X86Y122        FDRE                                         r  student_top_inst/Core_cpu/cpu_core/ex_mem_inst/dff_rd_data/data_o_reg[1]/D
  -------------------------------------------------------------------    -------------------

                         (clock clk_out2_pll rise edge)
                                                      4.615     4.615 r  
    AD12                                              0.000     4.615 r  i_sys_clk_p (IN)
                         net (fo=0)                   0.000     4.615    pll_inst/inst/clk_in1_p
    AD12                 IBUFDS (Prop_ibufds_I_O)     0.803     5.419 r  pll_inst/inst/clkin1_ibufgds/O
                         net (fo=1, routed)           1.001     6.420    pll_inst/inst/clk_in1_pll
    PLLE2_ADV_X1Y1       PLLE2_ADV (Prop_plle2_adv_CLKIN1_CLKOUT1)
                                                     -7.261    -0.841 r  pll_inst/inst/plle2_adv_inst/CLKOUT1
                         net (fo=1, routed)           2.003     1.162    pll_inst/inst/clk_out2_pll
    BUFGCTRL_X0Y0        BUFG (Prop_bufg_I_O)         0.083     1.245 r  pll_inst/inst/clkout2_buf/O
                         net (fo=2866, routed)        1.257     2.502    student_top_inst/Core_cpu/cpu_core/ex_mem_inst/dff_rd_data/clk_out2
    SLICE_X86Y122        FDRE                                         r  student_top_inst/Core_cpu/cpu_core/ex_mem_inst/dff_rd_data/data_o_reg[1]/C
                         clock pessimism             -0.375     2.127    
                         clock uncertainty           -0.059     2.068    
    SLICE_X86Y122        FDRE (Setup_fdre_C_D)        0.064     2.132    student_top_inst/Core_cpu/cpu_core/ex_mem_inst/dff_rd_data/data_o_reg[1]
  -------------------------------------------------------------------
                         required time                          2.132    
                         arrival time                          -2.026    
  -------------------------------------------------------------------
                         slack                                  0.106    

Slack (MET) :             0.110ns  (required time - arrival time)
  Source:                 student_top_inst/Core_cpu/cpu_core/ex_mem_inst/dff_mem_rd_addr/data_o_reg[6]/C
                            (rising edge-triggered cell FDRE clocked by clk_out2_pll  {rise@0.000ns fall@2.308ns period=4.615ns})
  Destination:            student_top_inst/bridge_inst/dram_driver_inst/Mem_DRAM/U0/inst_blk_mem_gen/gnbram.gnativebmg.native_blk_mem_gen/valid.cstr/ramloop[28].ram.r/prim_init.ram/DEVICE_7SERIES.NO_BMM_INFO.TRUE_DP.SIMPLE_PRIM36.ram/ADDRBWRADDR[7]
                            (rising edge-triggered cell RAMB36E1 clocked by clk_out2_pll  {rise@0.000ns fall@2.308ns period=4.615ns})
  Path Group:             clk_out2_pll
  Path Type:              Setup (Max at Slow Process Corner)
  Requirement:            4.615ns  (clk_out2_pll rise@4.615ns - clk_out2_pll rise@0.000ns)
  Data Path Delay:        4.268ns  (logic 0.259ns (6.069%)  route 4.009ns (93.931%))
  Logic Levels:           0  
  Clock Path Skew:        0.238ns (DCD - SCD + CPR)
    Destination Clock Delay (DCD):    -1.749ns = ( 2.866 - 4.615 ) 
    Source Clock Delay      (SCD):    -2.434ns
    Clock Pessimism Removal (CPR):    -0.448ns
  Clock Uncertainty:      0.059ns  ((TSJ^2 + DJ^2)^1/2) / 2 + PE
    Total System Jitter     (TSJ):    0.071ns
    Discrete Jitter          (DJ):    0.094ns
    Phase Error              (PE):    0.000ns

    Location             Delay type                Incr(ns)  Path(ns)    Netlist Resource(s)
  -------------------------------------------------------------------    -------------------
                         (clock clk_out2_pll rise edge)
                                                      0.000     0.000 r  
    AD12                                              0.000     0.000 r  i_sys_clk_p (IN)
                         net (fo=0)                   0.000     0.000    pll_inst/inst/clk_in1_p
    AD12                 IBUFDS (Prop_ibufds_I_O)     0.906     0.906 r  pll_inst/inst/clkin1_ibufgds/O
                         net (fo=1, routed)           1.098     2.004    pll_inst/inst/clk_in1_pll
    PLLE2_ADV_X1Y1       PLLE2_ADV (Prop_plle2_adv_CLKIN1_CLKOUT1)
                                                     -8.058    -6.054 r  pll_inst/inst/plle2_adv_inst/CLKOUT1
                         net (fo=1, routed)           2.128    -3.926    pll_inst/inst/clk_out2_pll
    BUFGCTRL_X0Y0        BUFG (Prop_bufg_I_O)         0.093    -3.833 r  pll_inst/inst/clkout2_buf/O
                         net (fo=2866, routed)        1.399    -2.434    student_top_inst/Core_cpu/cpu_core/ex_mem_inst/dff_mem_rd_addr/clk_out2
    SLICE_X86Y111        FDRE                                         r  student_top_inst/Core_cpu/cpu_core/ex_mem_inst/dff_mem_rd_addr/data_o_reg[6]/C
  -------------------------------------------------------------------    -------------------
    SLICE_X86Y111        FDRE (Prop_fdre_C_Q)         0.259    -2.175 r  student_top_inst/Core_cpu/cpu_core/ex_mem_inst/dff_mem_rd_addr/data_o_reg[6]/Q
                         net (fo=69, routed)          4.009     1.833    student_top_inst/bridge_inst/dram_driver_inst/Mem_DRAM/U0/inst_blk_mem_gen/gnbram.gnativebmg.native_blk_mem_gen/valid.cstr/ramloop[28].ram.r/prim_init.ram/addrb[4]
    RAMB36_X2Y6          RAMB36E1                                     r  student_top_inst/bridge_inst/dram_driver_inst/Mem_DRAM/U0/inst_blk_mem_gen/gnbram.gnativebmg.native_blk_mem_gen/valid.cstr/ramloop[28].ram.r/prim_init.ram/DEVICE_7SERIES.NO_BMM_INFO.TRUE_DP.SIMPLE_PRIM36.ram/ADDRBWRADDR[7]
  -------------------------------------------------------------------    -------------------

                         (clock clk_out2_pll rise edge)
                                                      4.615     4.615 r  
    AD12                                              0.000     4.615 r  i_sys_clk_p (IN)
                         net (fo=0)                   0.000     4.615    pll_inst/inst/clk_in1_p
    AD12                 IBUFDS (Prop_ibufds_I_O)     0.803     5.419 r  pll_inst/inst/clkin1_ibufgds/O
                         net (fo=1, routed)           1.001     6.420    pll_inst/inst/clk_in1_pll
    PLLE2_ADV_X1Y1       PLLE2_ADV (Prop_plle2_adv_CLKIN1_CLKOUT1)
                                                     -7.261    -0.841 r  pll_inst/inst/plle2_adv_inst/CLKOUT1
                         net (fo=1, routed)           2.003     1.162    pll_inst/inst/clk_out2_pll
    BUFGCTRL_X0Y0        BUFG (Prop_bufg_I_O)         0.083     1.245 r  pll_inst/inst/clkout2_buf/O
                         net (fo=2866, routed)        1.622     2.866    student_top_inst/bridge_inst/dram_driver_inst/Mem_DRAM/U0/inst_blk_mem_gen/gnbram.gnativebmg.native_blk_mem_gen/valid.cstr/ramloop[28].ram.r/prim_init.ram/clka
    RAMB36_X2Y6          RAMB36E1                                     r  student_top_inst/bridge_inst/dram_driver_inst/Mem_DRAM/U0/inst_blk_mem_gen/gnbram.gnativebmg.native_blk_mem_gen/valid.cstr/ramloop[28].ram.r/prim_init.ram/DEVICE_7SERIES.NO_BMM_INFO.TRUE_DP.SIMPLE_PRIM36.ram/CLKBWRCLK
                         clock pessimism             -0.448     2.419    
                         clock uncertainty           -0.059     2.360    
    RAMB36_X2Y6          RAMB36E1 (Setup_ramb36e1_CLKBWRCLK_ADDRBWRADDR[7])
                                                     -0.416     1.944    student_top_inst/bridge_inst/dram_driver_inst/Mem_DRAM/U0/inst_blk_mem_gen/gnbram.gnativebmg.native_blk_mem_gen/valid.cstr/ramloop[28].ram.r/prim_init.ram/DEVICE_7SERIES.NO_BMM_INFO.TRUE_DP.SIMPLE_PRIM36.ram
  -------------------------------------------------------------------
                         required time                          1.944    
                         arrival time                          -1.833    
  -------------------------------------------------------------------
                         slack                                  0.110    

Slack (MET) :             0.110ns  (required time - arrival time)
  Source:                 student_top_inst/Core_cpu/cpu_core/ex_mem_inst/dff_mem_rd_addr/data_o_reg[6]/C
                            (rising edge-triggered cell FDRE clocked by clk_out2_pll  {rise@0.000ns fall@2.308ns period=4.615ns})
  Destination:            student_top_inst/bridge_inst/dram_driver_inst/Mem_DRAM/U0/inst_blk_mem_gen/gnbram.gnativebmg.native_blk_mem_gen/valid.cstr/ramloop[28].ram.r/prim_init.ram/DEVICE_7SERIES.NO_BMM_INFO.TRUE_DP.SIMPLE_PRIM36.ram/ADDRBWRADDR[7]
                            (rising edge-triggered cell RAMB36E1 clocked by clk_out2_pll  {rise@0.000ns fall@2.308ns period=4.615ns})
  Path Group:             clk_out2_pll
  Path Type:              Setup (Max at Slow Process Corner)
  Requirement:            4.615ns  (clk_out2_pll rise@4.615ns - clk_out2_pll rise@0.000ns)
  Data Path Delay:        4.268ns  (logic 0.259ns (6.069%)  route 4.009ns (93.931%))
  Logic Levels:           0  
  Clock Path Skew:        0.238ns (DCD - SCD + CPR)
    Destination Clock Delay (DCD):    -1.749ns = ( 2.866 - 4.615 ) 
    Source Clock Delay      (SCD):    -2.434ns
    Clock Pessimism Removal (CPR):    -0.448ns
  Clock Uncertainty:      0.059ns  ((TSJ^2 + DJ^2)^1/2) / 2 + PE
    Total System Jitter     (TSJ):    0.071ns
    Discrete Jitter          (DJ):    0.094ns
    Phase Error              (PE):    0.000ns

    Location             Delay type                Incr(ns)  Path(ns)    Netlist Resource(s)
  -------------------------------------------------------------------    -------------------
                         (clock clk_out2_pll rise edge)
                                                      0.000     0.000 r  
    AD12                                              0.000     0.000 r  i_sys_clk_p (IN)
                         net (fo=0)                   0.000     0.000    pll_inst/inst/clk_in1_p
    AD12                 IBUFDS (Prop_ibufds_I_O)     0.906     0.906 r  pll_inst/inst/clkin1_ibufgds/O
                         net (fo=1, routed)           1.098     2.004    pll_inst/inst/clk_in1_pll
    PLLE2_ADV_X1Y1       PLLE2_ADV (Prop_plle2_adv_CLKIN1_CLKOUT1)
                                                     -8.058    -6.054 r  pll_inst/inst/plle2_adv_inst/CLKOUT1
                         net (fo=1, routed)           2.128    -3.926    pll_inst/inst/clk_out2_pll
    BUFGCTRL_X0Y0        BUFG (Prop_bufg_I_O)         0.093    -3.833 r  pll_inst/inst/clkout2_buf/O
                         net (fo=2866, routed)        1.399    -2.434    student_top_inst/Core_cpu/cpu_core/ex_mem_inst/dff_mem_rd_addr/clk_out2
    SLICE_X86Y111        FDRE                                         r  student_top_inst/Core_cpu/cpu_core/ex_mem_inst/dff_mem_rd_addr/data_o_reg[6]/C
  -------------------------------------------------------------------    -------------------
    SLICE_X86Y111        FDRE (Prop_fdre_C_Q)         0.259    -2.175 f  student_top_inst/Core_cpu/cpu_core/ex_mem_inst/dff_mem_rd_addr/data_o_reg[6]/Q
                         net (fo=69, routed)          4.009     1.833    student_top_inst/bridge_inst/dram_driver_inst/Mem_DRAM/U0/inst_blk_mem_gen/gnbram.gnativebmg.native_blk_mem_gen/valid.cstr/ramloop[28].ram.r/prim_init.ram/addrb[4]
    RAMB36_X2Y6          RAMB36E1                                     f  student_top_inst/bridge_inst/dram_driver_inst/Mem_DRAM/U0/inst_blk_mem_gen/gnbram.gnativebmg.native_blk_mem_gen/valid.cstr/ramloop[28].ram.r/prim_init.ram/DEVICE_7SERIES.NO_BMM_INFO.TRUE_DP.SIMPLE_PRIM36.ram/ADDRBWRADDR[7]
  -------------------------------------------------------------------    -------------------

                         (clock clk_out2_pll rise edge)
                                                      4.615     4.615 r  
    AD12                                              0.000     4.615 r  i_sys_clk_p (IN)
                         net (fo=0)                   0.000     4.615    pll_inst/inst/clk_in1_p
    AD12                 IBUFDS (Prop_ibufds_I_O)     0.803     5.419 r  pll_inst/inst/clkin1_ibufgds/O
                         net (fo=1, routed)           1.001     6.420    pll_inst/inst/clk_in1_pll
    PLLE2_ADV_X1Y1       PLLE2_ADV (Prop_plle2_adv_CLKIN1_CLKOUT1)
                                                     -7.261    -0.841 r  pll_inst/inst/plle2_adv_inst/CLKOUT1
                         net (fo=1, routed)           2.003     1.162    pll_inst/inst/clk_out2_pll
    BUFGCTRL_X0Y0        BUFG (Prop_bufg_I_O)         0.083     1.245 r  pll_inst/inst/clkout2_buf/O
                         net (fo=2866, routed)        1.622     2.866    student_top_inst/bridge_inst/dram_driver_inst/Mem_DRAM/U0/inst_blk_mem_gen/gnbram.gnativebmg.native_blk_mem_gen/valid.cstr/ramloop[28].ram.r/prim_init.ram/clka
    RAMB36_X2Y6          RAMB36E1                                     r  student_top_inst/bridge_inst/dram_driver_inst/Mem_DRAM/U0/inst_blk_mem_gen/gnbram.gnativebmg.native_blk_mem_gen/valid.cstr/ramloop[28].ram.r/prim_init.ram/DEVICE_7SERIES.NO_BMM_INFO.TRUE_DP.SIMPLE_PRIM36.ram/CLKBWRCLK
                         clock pessimism             -0.448     2.419    
                         clock uncertainty           -0.059     2.360    
    RAMB36_X2Y6          RAMB36E1 (Setup_ramb36e1_CLKBWRCLK_ADDRBWRADDR[7])
                                                     -0.416     1.944    student_top_inst/bridge_inst/dram_driver_inst/Mem_DRAM/U0/inst_blk_mem_gen/gnbram.gnativebmg.native_blk_mem_gen/valid.cstr/ramloop[28].ram.r/prim_init.ram/DEVICE_7SERIES.NO_BMM_INFO.TRUE_DP.SIMPLE_PRIM36.ram
  -------------------------------------------------------------------
                         required time                          1.944    
                         arrival time                          -1.833    
  -------------------------------------------------------------------
                         slack                                  0.110    

Slack (MET) :             0.111ns  (required time - arrival time)
  Source:                 student_top_inst/Core_cpu/cpu_core/id_ex_inst/rs2_addr_o_reg[1]_rep__6/C
                            (rising edge-triggered cell FDRE clocked by clk_out2_pll  {rise@0.000ns fall@2.308ns period=4.615ns})
  Destination:            student_top_inst/Core_cpu/cpu_core/ex_mem_inst/dff_rd_data/data_o_reg[30]/D
                            (rising edge-triggered cell FDRE clocked by clk_out2_pll  {rise@0.000ns fall@2.308ns period=4.615ns})
  Path Group:             clk_out2_pll
  Path Type:              Setup (Max at Slow Process Corner)
  Requirement:            4.615ns  (clk_out2_pll rise@4.615ns - clk_out2_pll rise@0.000ns)
  Data Path Delay:        4.476ns  (logic 1.126ns (25.156%)  route 3.350ns (74.844%))
  Logic Levels:           10  (CARRY4=2 LUT2=1 LUT3=1 LUT4=1 LUT6=5)
  Clock Path Skew:        -0.034ns (DCD - SCD + CPR)
    Destination Clock Delay (DCD):    -2.105ns = ( 2.511 - 4.615 ) 
    Source Clock Delay      (SCD):    -2.445ns
    Clock Pessimism Removal (CPR):    -0.375ns
  Clock Uncertainty:      0.059ns  ((TSJ^2 + DJ^2)^1/2) / 2 + PE
    Total System Jitter     (TSJ):    0.071ns
    Discrete Jitter          (DJ):    0.094ns
    Phase Error              (PE):    0.000ns

    Location             Delay type                Incr(ns)  Path(ns)    Netlist Resource(s)
  -------------------------------------------------------------------    -------------------
                         (clock clk_out2_pll rise edge)
                                                      0.000     0.000 r  
    AD12                                              0.000     0.000 r  i_sys_clk_p (IN)
                         net (fo=0)                   0.000     0.000    pll_inst/inst/clk_in1_p
    AD12                 IBUFDS (Prop_ibufds_I_O)     0.906     0.906 r  pll_inst/inst/clkin1_ibufgds/O
                         net (fo=1, routed)           1.098     2.004    pll_inst/inst/clk_in1_pll
    PLLE2_ADV_X1Y1       PLLE2_ADV (Prop_plle2_adv_CLKIN1_CLKOUT1)
                                                     -8.058    -6.054 r  pll_inst/inst/plle2_adv_inst/CLKOUT1
                         net (fo=1, routed)           2.128    -3.926    pll_inst/inst/clk_out2_pll
    BUFGCTRL_X0Y0        BUFG (Prop_bufg_I_O)         0.093    -3.833 r  pll_inst/inst/clkout2_buf/O
                         net (fo=2866, routed)        1.388    -2.445    student_top_inst/Core_cpu/cpu_core/id_ex_inst/clk_out2
    SLICE_X95Y124        FDRE                                         r  student_top_inst/Core_cpu/cpu_core/id_ex_inst/rs2_addr_o_reg[1]_rep__6/C
  -------------------------------------------------------------------    -------------------
    SLICE_X95Y124        FDRE (Prop_fdre_C_Q)         0.223    -2.222 r  student_top_inst/Core_cpu/cpu_core/id_ex_inst/rs2_addr_o_reg[1]_rep__6/Q
                         net (fo=7, routed)           0.558    -1.664    student_top_inst/Core_cpu/cpu_core/id_ex_inst/rs2_addr_o_reg[1]_rep__6_0
    SLICE_X97Y123        LUT6 (Prop_lut6_I3_O)        0.043    -1.621 f  student_top_inst/Core_cpu/cpu_core/id_ex_inst/rs2_alu_match_ex_mem_inst_i_3/O
                         net (fo=68, routed)          0.822    -0.799    student_top_inst/Core_cpu/cpu_core/ex_mem_inst/dff_rd_addr/rs2_alu_match_ex_mem_inst_0
    SLICE_X95Y131        LUT6 (Prop_lut6_I5_O)        0.043    -0.756 r  student_top_inst/Core_cpu/cpu_core/ex_mem_inst/dff_rd_addr/rs2_alu_match_ex_mem_inst_rep_i_1/O
                         net (fo=4, routed)           0.430    -0.326    student_top_inst/Core_cpu/cpu_core/ex_mem_inst/dff_rd_data/op2_raw_r_reg[27]
    SLICE_X93Y133        LUT3 (Prop_lut3_I1_O)        0.052    -0.274 r  student_top_inst/Core_cpu/cpu_core/ex_mem_inst/dff_rd_data/op2_raw_r[25]_i_1/O
                         net (fo=3, routed)           0.501     0.227    student_top_inst/Core_cpu/cpu_core/id_ex_inst/data_o_reg[31]_i_19_0[25]
    SLICE_X93Y127        LUT2 (Prop_lut2_I1_O)        0.136     0.363 r  student_top_inst/Core_cpu/cpu_core/id_ex_inst/data_o[27]_i_33/O
                         net (fo=1, routed)           0.000     0.363    student_top_inst/Core_cpu/cpu_core/id_ex_inst/data_o[27]_i_33_n_0
    SLICE_X93Y127        CARRY4 (Prop_carry4_S[1]_CO[3])
                                                      0.267     0.630 r  student_top_inst/Core_cpu/cpu_core/id_ex_inst/data_o_reg[27]_i_15/CO[3]
                         net (fo=1, routed)           0.000     0.630    student_top_inst/Core_cpu/cpu_core/id_ex_inst/data_o_reg[27]_i_15_n_0
    SLICE_X93Y128        CARRY4 (Prop_carry4_CI_O[2])
                                                      0.111     0.741 r  student_top_inst/Core_cpu/cpu_core/id_ex_inst/data_o_reg[31]_i_19/O[2]
                         net (fo=1, routed)           0.450     1.192    student_top_inst/Core_cpu/cpu_core/id_ex_inst/ex_inst/data1[30]
    SLICE_X93Y132        LUT6 (Prop_lut6_I1_O)        0.122     1.314 r  student_top_inst/Core_cpu/cpu_core/id_ex_inst/data_o[30]_i_7/O
                         net (fo=1, routed)           0.281     1.595    student_top_inst/Core_cpu/cpu_core/id_ex_inst/data_o[30]_i_7_n_0
    SLICE_X97Y133        LUT6 (Prop_lut6_I5_O)        0.043     1.638 f  student_top_inst/Core_cpu/cpu_core/id_ex_inst/data_o[30]_i_3__0/O
                         net (fo=1, routed)           0.201     1.839    student_top_inst/Core_cpu/cpu_core/id_ex_inst/data_o[30]_i_3__0_n_0
    SLICE_X94Y132        LUT6 (Prop_lut6_I1_O)        0.043     1.882 r  student_top_inst/Core_cpu/cpu_core/id_ex_inst/data_o[30]_i_2/O
                         net (fo=1, routed)           0.106     1.988    student_top_inst/Core_cpu/cpu_core/ex_inst/rv32m_iter_inst/data_o_reg[30]
    SLICE_X94Y132        LUT4 (Prop_lut4_I1_O)        0.043     2.031 r  student_top_inst/Core_cpu/cpu_core/ex_inst/rv32m_iter_inst/data_o[30]_i_1__2/O
                         net (fo=1, routed)           0.000     2.031    student_top_inst/Core_cpu/cpu_core/ex_mem_inst/dff_rd_data/data_o_reg[30]_2
    SLICE_X94Y132        FDRE                                         r  student_top_inst/Core_cpu/cpu_core/ex_mem_inst/dff_rd_data/data_o_reg[30]/D
  -------------------------------------------------------------------    -------------------

                         (clock clk_out2_pll rise edge)
                                                      4.615     4.615 r  
    AD12                                              0.000     4.615 r  i_sys_clk_p (IN)
                         net (fo=0)                   0.000     4.615    pll_inst/inst/clk_in1_p
    AD12                 IBUFDS (Prop_ibufds_I_O)     0.803     5.419 r  pll_inst/inst/clkin1_ibufgds/O
                         net (fo=1, routed)           1.001     6.420    pll_inst/inst/clk_in1_pll
    PLLE2_ADV_X1Y1       PLLE2_ADV (Prop_plle2_adv_CLKIN1_CLKOUT1)
                                                     -7.261    -0.841 r  pll_inst/inst/plle2_adv_inst/CLKOUT1
                         net (fo=1, routed)           2.003     1.162    pll_inst/inst/clk_out2_pll
    BUFGCTRL_X0Y0        BUFG (Prop_bufg_I_O)         0.083     1.245 r  pll_inst/inst/clkout2_buf/O
                         net (fo=2866, routed)        1.266     2.511    student_top_inst/Core_cpu/cpu_core/ex_mem_inst/dff_rd_data/clk_out2
    SLICE_X94Y132        FDRE                                         r  student_top_inst/Core_cpu/cpu_core/ex_mem_inst/dff_rd_data/data_o_reg[30]/C
                         clock pessimism             -0.375     2.136    
                         clock uncertainty           -0.059     2.077    
    SLICE_X94Y132        FDRE (Setup_fdre_C_D)        0.065     2.142    student_top_inst/Core_cpu/cpu_core/ex_mem_inst/dff_rd_data/data_o_reg[30]
  -------------------------------------------------------------------
                         required time                          2.142    
                         arrival time                          -2.031    
  -------------------------------------------------------------------
                         slack                                  0.111    

Slack (MET) :             0.111ns  (required time - arrival time)
  Source:                 student_top_inst/Core_cpu/cpu_core/id_ex_inst/rs2_addr_o_reg[1]_rep__6/C
                            (rising edge-triggered cell FDRE clocked by clk_out2_pll  {rise@0.000ns fall@2.308ns period=4.615ns})
  Destination:            student_top_inst/Core_cpu/cpu_core/ex_mem_inst/dff_rd_data/data_o_reg[30]/D
                            (rising edge-triggered cell FDRE clocked by clk_out2_pll  {rise@0.000ns fall@2.308ns period=4.615ns})
  Path Group:             clk_out2_pll
  Path Type:              Setup (Max at Slow Process Corner)
  Requirement:            4.615ns  (clk_out2_pll rise@4.615ns - clk_out2_pll rise@0.000ns)
  Data Path Delay:        4.476ns  (logic 1.126ns (25.156%)  route 3.350ns (74.844%))
  Logic Levels:           10  (CARRY4=2 LUT2=1 LUT3=1 LUT4=1 LUT6=5)
  Clock Path Skew:        -0.034ns (DCD - SCD + CPR)
    Destination Clock Delay (DCD):    -2.105ns = ( 2.511 - 4.615 ) 
    Source Clock Delay      (SCD):    -2.445ns
    Clock Pessimism Removal (CPR):    -0.375ns
  Clock Uncertainty:      0.059ns  ((TSJ^2 + DJ^2)^1/2) / 2 + PE
    Total System Jitter     (TSJ):    0.071ns
    Discrete Jitter          (DJ):    0.094ns
    Phase Error              (PE):    0.000ns

    Location             Delay type                Incr(ns)  Path(ns)    Netlist Resource(s)
  -------------------------------------------------------------------    -------------------
                         (clock clk_out2_pll rise edge)
                                                      0.000     0.000 r  
    AD12                                              0.000     0.000 r  i_sys_clk_p (IN)
                         net (fo=0)                   0.000     0.000    pll_inst/inst/clk_in1_p
    AD12                 IBUFDS (Prop_ibufds_I_O)     0.906     0.906 r  pll_inst/inst/clkin1_ibufgds/O
                         net (fo=1, routed)           1.098     2.004    pll_inst/inst/clk_in1_pll
    PLLE2_ADV_X1Y1       PLLE2_ADV (Prop_plle2_adv_CLKIN1_CLKOUT1)
                                                     -8.058    -6.054 r  pll_inst/inst/plle2_adv_inst/CLKOUT1
                         net (fo=1, routed)           2.128    -3.926    pll_inst/inst/clk_out2_pll
    BUFGCTRL_X0Y0        BUFG (Prop_bufg_I_O)         0.093    -3.833 r  pll_inst/inst/clkout2_buf/O
                         net (fo=2866, routed)        1.388    -2.445    student_top_inst/Core_cpu/cpu_core/id_ex_inst/clk_out2
    SLICE_X95Y124        FDRE                                         r  student_top_inst/Core_cpu/cpu_core/id_ex_inst/rs2_addr_o_reg[1]_rep__6/C
  -------------------------------------------------------------------    -------------------
    SLICE_X95Y124        FDRE (Prop_fdre_C_Q)         0.223    -2.222 f  student_top_inst/Core_cpu/cpu_core/id_ex_inst/rs2_addr_o_reg[1]_rep__6/Q
                         net (fo=7, routed)           0.558    -1.664    student_top_inst/Core_cpu/cpu_core/id_ex_inst/rs2_addr_o_reg[1]_rep__6_0
    SLICE_X97Y123        LUT6 (Prop_lut6_I3_O)        0.043    -1.621 r  student_top_inst/Core_cpu/cpu_core/id_ex_inst/rs2_alu_match_ex_mem_inst_i_3/O
                         net (fo=68, routed)          0.822    -0.799    student_top_inst/Core_cpu/cpu_core/ex_mem_inst/dff_rd_addr/rs2_alu_match_ex_mem_inst_0
    SLICE_X95Y131        LUT6 (Prop_lut6_I5_O)        0.043    -0.756 f  student_top_inst/Core_cpu/cpu_core/ex_mem_inst/dff_rd_addr/rs2_alu_match_ex_mem_inst_rep_i_1/O
                         net (fo=4, routed)           0.430    -0.326    student_top_inst/Core_cpu/cpu_core/ex_mem_inst/dff_rd_data/op2_raw_r_reg[27]
    SLICE_X93Y133        LUT3 (Prop_lut3_I1_O)        0.052    -0.274 r  student_top_inst/Core_cpu/cpu_core/ex_mem_inst/dff_rd_data/op2_raw_r[25]_i_1/O
                         net (fo=3, routed)           0.501     0.227    student_top_inst/Core_cpu/cpu_core/id_ex_inst/data_o_reg[31]_i_19_0[25]
    SLICE_X93Y127        LUT2 (Prop_lut2_I1_O)        0.136     0.363 r  student_top_inst/Core_cpu/cpu_core/id_ex_inst/data_o[27]_i_33/O
                         net (fo=1, routed)           0.000     0.363    student_top_inst/Core_cpu/cpu_core/id_ex_inst/data_o[27]_i_33_n_0
    SLICE_X93Y127        CARRY4 (Prop_carry4_S[1]_CO[3])
                                                      0.267     0.630 r  student_top_inst/Core_cpu/cpu_core/id_ex_inst/data_o_reg[27]_i_15/CO[3]
                         net (fo=1, routed)           0.000     0.630    student_top_inst/Core_cpu/cpu_core/id_ex_inst/data_o_reg[27]_i_15_n_0
    SLICE_X93Y128        CARRY4 (Prop_carry4_CI_O[2])
                                                      0.111     0.741 r  student_top_inst/Core_cpu/cpu_core/id_ex_inst/data_o_reg[31]_i_19/O[2]
                         net (fo=1, routed)           0.450     1.192    student_top_inst/Core_cpu/cpu_core/id_ex_inst/ex_inst/data1[30]
    SLICE_X93Y132        LUT6 (Prop_lut6_I1_O)        0.122     1.314 r  student_top_inst/Core_cpu/cpu_core/id_ex_inst/data_o[30]_i_7/O
                         net (fo=1, routed)           0.281     1.595    student_top_inst/Core_cpu/cpu_core/id_ex_inst/data_o[30]_i_7_n_0
    SLICE_X97Y133        LUT6 (Prop_lut6_I5_O)        0.043     1.638 f  student_top_inst/Core_cpu/cpu_core/id_ex_inst/data_o[30]_i_3__0/O
                         net (fo=1, routed)           0.201     1.839    student_top_inst/Core_cpu/cpu_core/id_ex_inst/data_o[30]_i_3__0_n_0
    SLICE_X94Y132        LUT6 (Prop_lut6_I1_O)        0.043     1.882 r  student_top_inst/Core_cpu/cpu_core/id_ex_inst/data_o[30]_i_2/O
                         net (fo=1, routed)           0.106     1.988    student_top_inst/Core_cpu/cpu_core/ex_inst/rv32m_iter_inst/data_o_reg[30]
    SLICE_X94Y132        LUT4 (Prop_lut4_I1_O)        0.043     2.031 r  student_top_inst/Core_cpu/cpu_core/ex_inst/rv32m_iter_inst/data_o[30]_i_1__2/O
                         net (fo=1, routed)           0.000     2.031    student_top_inst/Core_cpu/cpu_core/ex_mem_inst/dff_rd_data/data_o_reg[30]_2
    SLICE_X94Y132        FDRE                                         r  student_top_inst/Core_cpu/cpu_core/ex_mem_inst/dff_rd_data/data_o_reg[30]/D
  -------------------------------------------------------------------    -------------------

                         (clock clk_out2_pll rise edge)
                                                      4.615     4.615 r  
    AD12                                              0.000     4.615 r  i_sys_clk_p (IN)
                         net (fo=0)                   0.000     4.615    pll_inst/inst/clk_in1_p
    AD12                 IBUFDS (Prop_ibufds_I_O)     0.803     5.419 r  pll_inst/inst/clkin1_ibufgds/O
                         net (fo=1, routed)           1.001     6.420    pll_inst/inst/clk_in1_pll
    PLLE2_ADV_X1Y1       PLLE2_ADV (Prop_plle2_adv_CLKIN1_CLKOUT1)
                                                     -7.261    -0.841 r  pll_inst/inst/plle2_adv_inst/CLKOUT1
                         net (fo=1, routed)           2.003     1.162    pll_inst/inst/clk_out2_pll
    BUFGCTRL_X0Y0        BUFG (Prop_bufg_I_O)         0.083     1.245 r  pll_inst/inst/clkout2_buf/O
                         net (fo=2866, routed)        1.266     2.511    student_top_inst/Core_cpu/cpu_core/ex_mem_inst/dff_rd_data/clk_out2
    SLICE_X94Y132        FDRE                                         r  student_top_inst/Core_cpu/cpu_core/ex_mem_inst/dff_rd_data/data_o_reg[30]/C
                         clock pessimism             -0.375     2.136    
                         clock uncertainty           -0.059     2.077    
    SLICE_X94Y132        FDRE (Setup_fdre_C_D)        0.065     2.142    student_top_inst/Core_cpu/cpu_core/ex_mem_inst/dff_rd_data/data_o_reg[30]
  -------------------------------------------------------------------
                         required time                          2.142    
                         arrival time                          -2.031    
  -------------------------------------------------------------------
                         slack                                  0.111    

Slack (MET) :             0.111ns  (required time - arrival time)
  Source:                 student_top_inst/Core_cpu/cpu_core/id_ex_inst/rs2_addr_o_reg[1]_rep__6/C
                            (rising edge-triggered cell FDRE clocked by clk_out2_pll  {rise@0.000ns fall@2.308ns period=4.615ns})
  Destination:            student_top_inst/Core_cpu/cpu_core/ex_mem_inst/dff_rd_data/data_o_reg[30]/D
                            (rising edge-triggered cell FDRE clocked by clk_out2_pll  {rise@0.000ns fall@2.308ns period=4.615ns})
  Path Group:             clk_out2_pll
  Path Type:              Setup (Max at Slow Process Corner)
  Requirement:            4.615ns  (clk_out2_pll rise@4.615ns - clk_out2_pll rise@0.000ns)
  Data Path Delay:        4.476ns  (logic 1.126ns (25.156%)  route 3.350ns (74.844%))
  Logic Levels:           10  (CARRY4=2 LUT2=1 LUT3=1 LUT4=1 LUT6=5)
  Clock Path Skew:        -0.034ns (DCD - SCD + CPR)
    Destination Clock Delay (DCD):    -2.105ns = ( 2.511 - 4.615 ) 
    Source Clock Delay      (SCD):    -2.445ns
    Clock Pessimism Removal (CPR):    -0.375ns
  Clock Uncertainty:      0.059ns  ((TSJ^2 + DJ^2)^1/2) / 2 + PE
    Total System Jitter     (TSJ):    0.071ns
    Discrete Jitter          (DJ):    0.094ns
    Phase Error              (PE):    0.000ns

    Location             Delay type                Incr(ns)  Path(ns)    Netlist Resource(s)
  -------------------------------------------------------------------    -------------------
                         (clock clk_out2_pll rise edge)
                                                      0.000     0.000 r  
    AD12                                              0.000     0.000 r  i_sys_clk_p (IN)
                         net (fo=0)                   0.000     0.000    pll_inst/inst/clk_in1_p
    AD12                 IBUFDS (Prop_ibufds_I_O)     0.906     0.906 r  pll_inst/inst/clkin1_ibufgds/O
                         net (fo=1, routed)           1.098     2.004    pll_inst/inst/clk_in1_pll
    PLLE2_ADV_X1Y1       PLLE2_ADV (Prop_plle2_adv_CLKIN1_CLKOUT1)
                                                     -8.058    -6.054 r  pll_inst/inst/plle2_adv_inst/CLKOUT1
                         net (fo=1, routed)           2.128    -3.926    pll_inst/inst/clk_out2_pll
    BUFGCTRL_X0Y0        BUFG (Prop_bufg_I_O)         0.093    -3.833 r  pll_inst/inst/clkout2_buf/O
                         net (fo=2866, routed)        1.388    -2.445    student_top_inst/Core_cpu/cpu_core/id_ex_inst/clk_out2
    SLICE_X95Y124        FDRE                                         r  student_top_inst/Core_cpu/cpu_core/id_ex_inst/rs2_addr_o_reg[1]_rep__6/C
  -------------------------------------------------------------------    -------------------
    SLICE_X95Y124        FDRE (Prop_fdre_C_Q)         0.223    -2.222 r  student_top_inst/Core_cpu/cpu_core/id_ex_inst/rs2_addr_o_reg[1]_rep__6/Q
                         net (fo=7, routed)           0.558    -1.664    student_top_inst/Core_cpu/cpu_core/id_ex_inst/rs2_addr_o_reg[1]_rep__6_0
    SLICE_X97Y123        LUT6 (Prop_lut6_I3_O)        0.043    -1.621 f  student_top_inst/Core_cpu/cpu_core/id_ex_inst/rs2_alu_match_ex_mem_inst_i_3/O
                         net (fo=68, routed)          0.822    -0.799    student_top_inst/Core_cpu/cpu_core/ex_mem_inst/dff_rd_addr/rs2_alu_match_ex_mem_inst_0
    SLICE_X95Y131        LUT6 (Prop_lut6_I5_O)        0.043    -0.756 r  student_top_inst/Core_cpu/cpu_core/ex_mem_inst/dff_rd_addr/rs2_alu_match_ex_mem_inst_rep_i_1/O
                         net (fo=4, routed)           0.430    -0.326    student_top_inst/Core_cpu/cpu_core/ex_mem_inst/dff_rd_data/op2_raw_r_reg[27]
    SLICE_X93Y133        LUT3 (Prop_lut3_I1_O)        0.052    -0.274 f  student_top_inst/Core_cpu/cpu_core/ex_mem_inst/dff_rd_data/op2_raw_r[25]_i_1/O
                         net (fo=3, routed)           0.501     0.227    student_top_inst/Core_cpu/cpu_core/id_ex_inst/data_o_reg[31]_i_19_0[25]
    SLICE_X93Y127        LUT2 (Prop_lut2_I1_O)        0.136     0.363 r  student_top_inst/Core_cpu/cpu_core/id_ex_inst/data_o[27]_i_33/O
                         net (fo=1, routed)           0.000     0.363    student_top_inst/Core_cpu/cpu_core/id_ex_inst/data_o[27]_i_33_n_0
    SLICE_X93Y127        CARRY4 (Prop_carry4_S[1]_CO[3])
                                                      0.267     0.630 r  student_top_inst/Core_cpu/cpu_core/id_ex_inst/data_o_reg[27]_i_15/CO[3]
                         net (fo=1, routed)           0.000     0.630    student_top_inst/Core_cpu/cpu_core/id_ex_inst/data_o_reg[27]_i_15_n_0
    SLICE_X93Y128        CARRY4 (Prop_carry4_CI_O[2])
                                                      0.111     0.741 r  student_top_inst/Core_cpu/cpu_core/id_ex_inst/data_o_reg[31]_i_19/O[2]
                         net (fo=1, routed)           0.450     1.192    student_top_inst/Core_cpu/cpu_core/id_ex_inst/ex_inst/data1[30]
    SLICE_X93Y132        LUT6 (Prop_lut6_I1_O)        0.122     1.314 r  student_top_inst/Core_cpu/cpu_core/id_ex_inst/data_o[30]_i_7/O
                         net (fo=1, routed)           0.281     1.595    student_top_inst/Core_cpu/cpu_core/id_ex_inst/data_o[30]_i_7_n_0
    SLICE_X97Y133        LUT6 (Prop_lut6_I5_O)        0.043     1.638 f  student_top_inst/Core_cpu/cpu_core/id_ex_inst/data_o[30]_i_3__0/O
                         net (fo=1, routed)           0.201     1.839    student_top_inst/Core_cpu/cpu_core/id_ex_inst/data_o[30]_i_3__0_n_0
    SLICE_X94Y132        LUT6 (Prop_lut6_I1_O)        0.043     1.882 r  student_top_inst/Core_cpu/cpu_core/id_ex_inst/data_o[30]_i_2/O
                         net (fo=1, routed)           0.106     1.988    student_top_inst/Core_cpu/cpu_core/ex_inst/rv32m_iter_inst/data_o_reg[30]
    SLICE_X94Y132        LUT4 (Prop_lut4_I1_O)        0.043     2.031 r  student_top_inst/Core_cpu/cpu_core/ex_inst/rv32m_iter_inst/data_o[30]_i_1__2/O
                         net (fo=1, routed)           0.000     2.031    student_top_inst/Core_cpu/cpu_core/ex_mem_inst/dff_rd_data/data_o_reg[30]_2
    SLICE_X94Y132        FDRE                                         r  student_top_inst/Core_cpu/cpu_core/ex_mem_inst/dff_rd_data/data_o_reg[30]/D
  -------------------------------------------------------------------    -------------------

                         (clock clk_out2_pll rise edge)
                                                      4.615     4.615 r  
    AD12                                              0.000     4.615 r  i_sys_clk_p (IN)
                         net (fo=0)                   0.000     4.615    pll_inst/inst/clk_in1_p
    AD12                 IBUFDS (Prop_ibufds_I_O)     0.803     5.419 r  pll_inst/inst/clkin1_ibufgds/O
                         net (fo=1, routed)           1.001     6.420    pll_inst/inst/clk_in1_pll
    PLLE2_ADV_X1Y1       PLLE2_ADV (Prop_plle2_adv_CLKIN1_CLKOUT1)
                                                     -7.261    -0.841 r  pll_inst/inst/plle2_adv_inst/CLKOUT1
                         net (fo=1, routed)           2.003     1.162    pll_inst/inst/clk_out2_pll
    BUFGCTRL_X0Y0        BUFG (Prop_bufg_I_O)         0.083     1.245 r  pll_inst/inst/clkout2_buf/O
                         net (fo=2866, routed)        1.266     2.511    student_top_inst/Core_cpu/cpu_core/ex_mem_inst/dff_rd_data/clk_out2
    SLICE_X94Y132        FDRE                                         r  student_top_inst/Core_cpu/cpu_core/ex_mem_inst/dff_rd_data/data_o_reg[30]/C
                         clock pessimism             -0.375     2.136    
                         clock uncertainty           -0.059     2.077    
    SLICE_X94Y132        FDRE (Setup_fdre_C_D)        0.065     2.142    student_top_inst/Core_cpu/cpu_core/ex_mem_inst/dff_rd_data/data_o_reg[30]
  -------------------------------------------------------------------
                         required time                          2.142    
                         arrival time                          -2.031    
  -------------------------------------------------------------------
                         slack                                  0.111    

Slack (MET) :             0.111ns  (required time - arrival time)
  Source:                 student_top_inst/Core_cpu/cpu_core/id_ex_inst/rs2_addr_o_reg[1]_rep__6/C
                            (rising edge-triggered cell FDRE clocked by clk_out2_pll  {rise@0.000ns fall@2.308ns period=4.615ns})
  Destination:            student_top_inst/Core_cpu/cpu_core/ex_mem_inst/dff_rd_data/data_o_reg[30]/D
                            (rising edge-triggered cell FDRE clocked by clk_out2_pll  {rise@0.000ns fall@2.308ns period=4.615ns})
  Path Group:             clk_out2_pll
  Path Type:              Setup (Max at Slow Process Corner)
  Requirement:            4.615ns  (clk_out2_pll rise@4.615ns - clk_out2_pll rise@0.000ns)
  Data Path Delay:        4.476ns  (logic 1.126ns (25.156%)  route 3.350ns (74.844%))
  Logic Levels:           10  (CARRY4=2 LUT2=1 LUT3=1 LUT4=1 LUT6=5)
  Clock Path Skew:        -0.034ns (DCD - SCD + CPR)
    Destination Clock Delay (DCD):    -2.105ns = ( 2.511 - 4.615 ) 
    Source Clock Delay      (SCD):    -2.445ns
    Clock Pessimism Removal (CPR):    -0.375ns
  Clock Uncertainty:      0.059ns  ((TSJ^2 + DJ^2)^1/2) / 2 + PE
    Total System Jitter     (TSJ):    0.071ns
    Discrete Jitter          (DJ):    0.094ns
    Phase Error              (PE):    0.000ns

    Location             Delay type                Incr(ns)  Path(ns)    Netlist Resource(s)
  -------------------------------------------------------------------    -------------------
                         (clock clk_out2_pll rise edge)
                                                      0.000     0.000 r  
    AD12                                              0.000     0.000 r  i_sys_clk_p (IN)
                         net (fo=0)                   0.000     0.000    pll_inst/inst/clk_in1_p
    AD12                 IBUFDS (Prop_ibufds_I_O)     0.906     0.906 r  pll_inst/inst/clkin1_ibufgds/O
                         net (fo=1, routed)           1.098     2.004    pll_inst/inst/clk_in1_pll
    PLLE2_ADV_X1Y1       PLLE2_ADV (Prop_plle2_adv_CLKIN1_CLKOUT1)
                                                     -8.058    -6.054 r  pll_inst/inst/plle2_adv_inst/CLKOUT1
                         net (fo=1, routed)           2.128    -3.926    pll_inst/inst/clk_out2_pll
    BUFGCTRL_X0Y0        BUFG (Prop_bufg_I_O)         0.093    -3.833 r  pll_inst/inst/clkout2_buf/O
                         net (fo=2866, routed)        1.388    -2.445    student_top_inst/Core_cpu/cpu_core/id_ex_inst/clk_out2
    SLICE_X95Y124        FDRE                                         r  student_top_inst/Core_cpu/cpu_core/id_ex_inst/rs2_addr_o_reg[1]_rep__6/C
  -------------------------------------------------------------------    -------------------
    SLICE_X95Y124        FDRE (Prop_fdre_C_Q)         0.223    -2.222 f  student_top_inst/Core_cpu/cpu_core/id_ex_inst/rs2_addr_o_reg[1]_rep__6/Q
                         net (fo=7, routed)           0.558    -1.664    student_top_inst/Core_cpu/cpu_core/id_ex_inst/rs2_addr_o_reg[1]_rep__6_0
    SLICE_X97Y123        LUT6 (Prop_lut6_I3_O)        0.043    -1.621 r  student_top_inst/Core_cpu/cpu_core/id_ex_inst/rs2_alu_match_ex_mem_inst_i_3/O
                         net (fo=68, routed)          0.822    -0.799    student_top_inst/Core_cpu/cpu_core/ex_mem_inst/dff_rd_addr/rs2_alu_match_ex_mem_inst_0
    SLICE_X95Y131        LUT6 (Prop_lut6_I5_O)        0.043    -0.756 f  student_top_inst/Core_cpu/cpu_core/ex_mem_inst/dff_rd_addr/rs2_alu_match_ex_mem_inst_rep_i_1/O
                         net (fo=4, routed)           0.430    -0.326    student_top_inst/Core_cpu/cpu_core/ex_mem_inst/dff_rd_data/op2_raw_r_reg[27]
    SLICE_X93Y133        LUT3 (Prop_lut3_I1_O)        0.052    -0.274 f  student_top_inst/Core_cpu/cpu_core/ex_mem_inst/dff_rd_data/op2_raw_r[25]_i_1/O
                         net (fo=3, routed)           0.501     0.227    student_top_inst/Core_cpu/cpu_core/id_ex_inst/data_o_reg[31]_i_19_0[25]
    SLICE_X93Y127        LUT2 (Prop_lut2_I1_O)        0.136     0.363 r  student_top_inst/Core_cpu/cpu_core/id_ex_inst/data_o[27]_i_33/O
                         net (fo=1, routed)           0.000     0.363    student_top_inst/Core_cpu/cpu_core/id_ex_inst/data_o[27]_i_33_n_0
    SLICE_X93Y127        CARRY4 (Prop_carry4_S[1]_CO[3])
                                                      0.267     0.630 r  student_top_inst/Core_cpu/cpu_core/id_ex_inst/data_o_reg[27]_i_15/CO[3]
                         net (fo=1, routed)           0.000     0.630    student_top_inst/Core_cpu/cpu_core/id_ex_inst/data_o_reg[27]_i_15_n_0
    SLICE_X93Y128        CARRY4 (Prop_carry4_CI_O[2])
                                                      0.111     0.741 r  student_top_inst/Core_cpu/cpu_core/id_ex_inst/data_o_reg[31]_i_19/O[2]
                         net (fo=1, routed)           0.450     1.192    student_top_inst/Core_cpu/cpu_core/id_ex_inst/ex_inst/data1[30]
    SLICE_X93Y132        LUT6 (Prop_lut6_I1_O)        0.122     1.314 r  student_top_inst/Core_cpu/cpu_core/id_ex_inst/data_o[30]_i_7/O
                         net (fo=1, routed)           0.281     1.595    student_top_inst/Core_cpu/cpu_core/id_ex_inst/data_o[30]_i_7_n_0
    SLICE_X97Y133        LUT6 (Prop_lut6_I5_O)        0.043     1.638 f  student_top_inst/Core_cpu/cpu_core/id_ex_inst/data_o[30]_i_3__0/O
                         net (fo=1, routed)           0.201     1.839    student_top_inst/Core_cpu/cpu_core/id_ex_inst/data_o[30]_i_3__0_n_0
    SLICE_X94Y132        LUT6 (Prop_lut6_I1_O)        0.043     1.882 r  student_top_inst/Core_cpu/cpu_core/id_ex_inst/data_o[30]_i_2/O
                         net (fo=1, routed)           0.106     1.988    student_top_inst/Core_cpu/cpu_core/ex_inst/rv32m_iter_inst/data_o_reg[30]
    SLICE_X94Y132        LUT4 (Prop_lut4_I1_O)        0.043     2.031 r  student_top_inst/Core_cpu/cpu_core/ex_inst/rv32m_iter_inst/data_o[30]_i_1__2/O
                         net (fo=1, routed)           0.000     2.031    student_top_inst/Core_cpu/cpu_core/ex_mem_inst/dff_rd_data/data_o_reg[30]_2
    SLICE_X94Y132        FDRE                                         r  student_top_inst/Core_cpu/cpu_core/ex_mem_inst/dff_rd_data/data_o_reg[30]/D
  -------------------------------------------------------------------    -------------------

                         (clock clk_out2_pll rise edge)
                                                      4.615     4.615 r  
    AD12                                              0.000     4.615 r  i_sys_clk_p (IN)
                         net (fo=0)                   0.000     4.615    pll_inst/inst/clk_in1_p
    AD12                 IBUFDS (Prop_ibufds_I_O)     0.803     5.419 r  pll_inst/inst/clkin1_ibufgds/O
                         net (fo=1, routed)           1.001     6.420    pll_inst/inst/clk_in1_pll
    PLLE2_ADV_X1Y1       PLLE2_ADV (Prop_plle2_adv_CLKIN1_CLKOUT1)
                                                     -7.261    -0.841 r  pll_inst/inst/plle2_adv_inst/CLKOUT1
                         net (fo=1, routed)           2.003     1.162    pll_inst/inst/clk_out2_pll
    BUFGCTRL_X0Y0        BUFG (Prop_bufg_I_O)         0.083     1.245 r  pll_inst/inst/clkout2_buf/O
                         net (fo=2866, routed)        1.266     2.511    student_top_inst/Core_cpu/cpu_core/ex_mem_inst/dff_rd_data/clk_out2
    SLICE_X94Y132        FDRE                                         r  student_top_inst/Core_cpu/cpu_core/ex_mem_inst/dff_rd_data/data_o_reg[30]/C
                         clock pessimism             -0.375     2.136    
                         clock uncertainty           -0.059     2.077    
    SLICE_X94Y132        FDRE (Setup_fdre_C_D)        0.065     2.142    student_top_inst/Core_cpu/cpu_core/ex_mem_inst/dff_rd_data/data_o_reg[30]
  -------------------------------------------------------------------
                         required time                          2.142    
                         arrival time                          -2.031    
  -------------------------------------------------------------------
                         slack                                  0.111    

Slack (MET) :             16.356ns  (required time - arrival time)
  Source:                 uart_inst/rx_data_reg[0]/C
                            (rising edge-triggered cell FDCE clocked by clk_out1_pll  {rise@0.000ns fall@10.000ns period=20.000ns})
  Destination:            twin_controller_inst/status_buffer_reg[10][5]/CE
                            (rising edge-triggered cell FDCE clocked by clk_out1_pll  {rise@0.000ns fall@10.000ns period=20.000ns})
  Path Group:             clk_out1_pll
  Path Type:              Setup (Max at Slow Process Corner)
  Requirement:            20.000ns  (clk_out1_pll rise@20.000ns - clk_out1_pll rise@0.000ns)
  Data Path Delay:        3.107ns  (logic 0.345ns (11.103%)  route 2.762ns (88.897%))
  Logic Levels:           2  (LUT5=1 LUT6=1)
  Clock Path Skew:        -0.287ns (DCD - SCD + CPR)
    Destination Clock Delay (DCD):    -2.094ns = ( 17.906 - 20.000 ) 
    Source Clock Delay      (SCD):    -2.254ns
    Clock Pessimism Removal (CPR):    -0.448ns
  Clock Uncertainty:      0.071ns  ((TSJ^2 + DJ^2)^1/2) / 2 + PE
    Total System Jitter     (TSJ):    0.071ns
    Discrete Jitter          (DJ):    0.124ns
    Phase Error              (PE):    0.000ns

    Location             Delay type                Incr(ns)  Path(ns)    Netlist Resource(s)
  -------------------------------------------------------------------    -------------------
                         (clock clk_out1_pll rise edge)
                                                      0.000     0.000 r  
    AD12                                              0.000     0.000 r  i_sys_clk_p (IN)
                         net (fo=0)                   0.000     0.000    pll_inst/inst/clk_in1_p
    AD12                 IBUFDS (Prop_ibufds_I_O)     0.906     0.906 r  pll_inst/inst/clkin1_ibufgds/O
                         net (fo=1, routed)           1.098     2.004    pll_inst/inst/clk_in1_pll
    PLLE2_ADV_X1Y1       PLLE2_ADV (Prop_plle2_adv_CLKIN1_CLKOUT0)
                                                     -8.058    -6.054 r  pll_inst/inst/plle2_adv_inst/CLKOUT0
                         net (fo=1, routed)           2.128    -3.926    pll_inst/inst/clk_out1_pll
    BUFGCTRL_X0Y1        BUFG (Prop_bufg_I_O)         0.093    -3.833 r  pll_inst/inst/clkout1_buf/O
                         net (fo=546, routed)         1.579    -2.254    uart_inst/clk_out1
    SLICE_X94Y94         FDCE                                         r  uart_inst/rx_data_reg[0]/C
  -------------------------------------------------------------------    -------------------
    SLICE_X94Y94         FDCE (Prop_fdce_C_Q)         0.259    -1.995 f  uart_inst/rx_data_reg[0]/Q
                         net (fo=47, routed)          1.334    -0.662    uart_inst/rx_data[0]
    SLICE_X93Y95         LUT6 (Prop_lut6_I2_O)        0.043    -0.619 r  uart_inst/status_buffer[0][6]_i_3/O
                         net (fo=1, routed)           0.355    -0.264    uart_inst/status_buffer[0][6]_i_3_n_0
    SLICE_X93Y95         LUT5 (Prop_lut5_I3_O)        0.043    -0.221 r  uart_inst/status_buffer[0][6]_i_1/O
                         net (fo=134, routed)         1.074     0.853    twin_controller_inst/E[0]
    SLICE_X102Y100       FDCE                                         r  twin_controller_inst/status_buffer_reg[10][5]/CE
  -------------------------------------------------------------------    -------------------

                         (clock clk_out1_pll rise edge)
                                                     20.000    20.000 r  
    AD12                                              0.000    20.000 r  i_sys_clk_p (IN)
                         net (fo=0)                   0.000    20.000    pll_inst/inst/clk_in1_p
    AD12                 IBUFDS (Prop_ibufds_I_O)     0.803    20.803 r  pll_inst/inst/clkin1_ibufgds/O
                         net (fo=1, routed)           1.001    21.804    pll_inst/inst/clk_in1_pll
    PLLE2_ADV_X1Y1       PLLE2_ADV (Prop_plle2_adv_CLKIN1_CLKOUT0)
                                                     -7.261    14.543 r  pll_inst/inst/plle2_adv_inst/CLKOUT0
                         net (fo=1, routed)           2.003    16.546    pll_inst/inst/clk_out1_pll
    BUFGCTRL_X0Y1        BUFG (Prop_bufg_I_O)         0.083    16.629 r  pll_inst/inst/clkout1_buf/O
                         net (fo=546, routed)         1.277    17.906    twin_controller_inst/CLK
    SLICE_X102Y100       FDCE                                         r  twin_controller_inst/status_buffer_reg[10][5]/C
                         clock pessimism             -0.448    17.459    
                         clock uncertainty           -0.071    17.387    
    SLICE_X102Y100       FDCE (Setup_fdce_C_CE)      -0.178    17.209    twin_controller_inst/status_buffer_reg[10][5]
  -------------------------------------------------------------------
                         required time                         17.209    
                         arrival time                          -0.853    
  -------------------------------------------------------------------
                         slack                                 16.356    

Slack (MET) :             16.356ns  (required time - arrival time)
  Source:                 uart_inst/rx_data_reg[0]/C
                            (rising edge-triggered cell FDCE clocked by clk_out1_pll  {rise@0.000ns fall@10.000ns period=20.000ns})
  Destination:            twin_controller_inst/status_buffer_reg[10][5]/CE
                            (rising edge-triggered cell FDCE clocked by clk_out1_pll  {rise@0.000ns fall@10.000ns period=20.000ns})
  Path Group:             clk_out1_pll
  Path Type:              Setup (Max at Slow Process Corner)
  Requirement:            20.000ns  (clk_out1_pll rise@20.000ns - clk_out1_pll rise@0.000ns)
  Data Path Delay:        3.107ns  (logic 0.345ns (11.103%)  route 2.762ns (88.897%))
  Logic Levels:           2  (LUT5=1 LUT6=1)
  Clock Path Skew:        -0.287ns (DCD - SCD + CPR)
    Destination Clock Delay (DCD):    -2.094ns = ( 17.906 - 20.000 ) 
    Source Clock Delay      (SCD):    -2.254ns
    Clock Pessimism Removal (CPR):    -0.448ns
  Clock Uncertainty:      0.071ns  ((TSJ^2 + DJ^2)^1/2) / 2 + PE
    Total System Jitter     (TSJ):    0.071ns
    Discrete Jitter          (DJ):    0.124ns
    Phase Error              (PE):    0.000ns

    Location             Delay type                Incr(ns)  Path(ns)    Netlist Resource(s)
  -------------------------------------------------------------------    -------------------
                         (clock clk_out1_pll rise edge)
                                                      0.000     0.000 r  
    AD12                                              0.000     0.000 r  i_sys_clk_p (IN)
                         net (fo=0)                   0.000     0.000    pll_inst/inst/clk_in1_p
    AD12                 IBUFDS (Prop_ibufds_I_O)     0.906     0.906 r  pll_inst/inst/clkin1_ibufgds/O
                         net (fo=1, routed)           1.098     2.004    pll_inst/inst/clk_in1_pll
    PLLE2_ADV_X1Y1       PLLE2_ADV (Prop_plle2_adv_CLKIN1_CLKOUT0)
                                                     -8.058    -6.054 r  pll_inst/inst/plle2_adv_inst/CLKOUT0
                         net (fo=1, routed)           2.128    -3.926    pll_inst/inst/clk_out1_pll
    BUFGCTRL_X0Y1        BUFG (Prop_bufg_I_O)         0.093    -3.833 r  pll_inst/inst/clkout1_buf/O
                         net (fo=546, routed)         1.579    -2.254    uart_inst/clk_out1
    SLICE_X94Y94         FDCE                                         r  uart_inst/rx_data_reg[0]/C
  -------------------------------------------------------------------    -------------------
    SLICE_X94Y94         FDCE (Prop_fdce_C_Q)         0.259    -1.995 r  uart_inst/rx_data_reg[0]/Q
                         net (fo=47, routed)          1.334    -0.662    uart_inst/rx_data[0]
    SLICE_X93Y95         LUT6 (Prop_lut6_I2_O)        0.043    -0.619 f  uart_inst/status_buffer[0][6]_i_3/O
                         net (fo=1, routed)           0.355    -0.264    uart_inst/status_buffer[0][6]_i_3_n_0
    SLICE_X93Y95         LUT5 (Prop_lut5_I3_O)        0.043    -0.221 f  uart_inst/status_buffer[0][6]_i_1/O
                         net (fo=134, routed)         1.074     0.853    twin_controller_inst/E[0]
    SLICE_X102Y100       FDCE                                         f  twin_controller_inst/status_buffer_reg[10][5]/CE
  -------------------------------------------------------------------    -------------------

                         (clock clk_out1_pll rise edge)
                                                     20.000    20.000 r  
    AD12                                              0.000    20.000 r  i_sys_clk_p (IN)
                         net (fo=0)                   0.000    20.000    pll_inst/inst/clk_in1_p
    AD12                 IBUFDS (Prop_ibufds_I_O)     0.803    20.803 r  pll_inst/inst/clkin1_ibufgds/O
                         net (fo=1, routed)           1.001    21.804    pll_inst/inst/clk_in1_pll
    PLLE2_ADV_X1Y1       PLLE2_ADV (Prop_plle2_adv_CLKIN1_CLKOUT0)
                                                     -7.261    14.543 r  pll_inst/inst/plle2_adv_inst/CLKOUT0
                         net (fo=1, routed)           2.003    16.546    pll_inst/inst/clk_out1_pll
    BUFGCTRL_X0Y1        BUFG (Prop_bufg_I_O)         0.083    16.629 r  pll_inst/inst/clkout1_buf/O
                         net (fo=546, routed)         1.277    17.906    twin_controller_inst/CLK
    SLICE_X102Y100       FDCE                                         r  twin_controller_inst/status_buffer_reg[10][5]/C
                         clock pessimism             -0.448    17.459    
                         clock uncertainty           -0.071    17.387    
    SLICE_X102Y100       FDCE (Setup_fdce_C_CE)      -0.178    17.209    twin_controller_inst/status_buffer_reg[10][5]
  -------------------------------------------------------------------
                         required time                         17.209    
                         arrival time                          -0.853    
  -------------------------------------------------------------------
                         slack                                 16.356    

Slack (MET) :             16.356ns  (required time - arrival time)
  Source:                 uart_inst/rx_data_reg[0]/C
                            (rising edge-triggered cell FDCE clocked by clk_out1_pll  {rise@0.000ns fall@10.000ns period=20.000ns})
  Destination:            twin_controller_inst/status_buffer_reg[12][5]/CE
                            (rising edge-triggered cell FDCE clocked by clk_out1_pll  {rise@0.000ns fall@10.000ns period=20.000ns})
  Path Group:             clk_out1_pll
  Path Type:              Setup (Max at Slow Process Corner)
  Requirement:            20.000ns  (clk_out1_pll rise@20.000ns - clk_out1_pll rise@0.000ns)
  Data Path Delay:        3.107ns  (logic 0.345ns (11.103%)  route 2.762ns (88.897%))
  Logic Levels:           2  (LUT5=1 LUT6=1)
  Clock Path Skew:        -0.287ns (DCD - SCD + CPR)
    Destination Clock Delay (DCD):    -2.094ns = ( 17.906 - 20.000 ) 
    Source Clock Delay      (SCD):    -2.254ns
    Clock Pessimism Removal (CPR):    -0.448ns
  Clock Uncertainty:      0.071ns  ((TSJ^2 + DJ^2)^1/2) / 2 + PE
    Total System Jitter     (TSJ):    0.071ns
    Discrete Jitter          (DJ):    0.124ns
    Phase Error              (PE):    0.000ns

    Location             Delay type                Incr(ns)  Path(ns)    Netlist Resource(s)
  -------------------------------------------------------------------    -------------------
                         (clock clk_out1_pll rise edge)
                                                      0.000     0.000 r  
    AD12                                              0.000     0.000 r  i_sys_clk_p (IN)
                         net (fo=0)                   0.000     0.000    pll_inst/inst/clk_in1_p
    AD12                 IBUFDS (Prop_ibufds_I_O)     0.906     0.906 r  pll_inst/inst/clkin1_ibufgds/O
                         net (fo=1, routed)           1.098     2.004    pll_inst/inst/clk_in1_pll
    PLLE2_ADV_X1Y1       PLLE2_ADV (Prop_plle2_adv_CLKIN1_CLKOUT0)
                                                     -8.058    -6.054 r  pll_inst/inst/plle2_adv_inst/CLKOUT0
                         net (fo=1, routed)           2.128    -3.926    pll_inst/inst/clk_out1_pll
    BUFGCTRL_X0Y1        BUFG (Prop_bufg_I_O)         0.093    -3.833 r  pll_inst/inst/clkout1_buf/O
                         net (fo=546, routed)         1.579    -2.254    uart_inst/clk_out1
    SLICE_X94Y94         FDCE                                         r  uart_inst/rx_data_reg[0]/C
  -------------------------------------------------------------------    -------------------
    SLICE_X94Y94         FDCE (Prop_fdce_C_Q)         0.259    -1.995 f  uart_inst/rx_data_reg[0]/Q
                         net (fo=47, routed)          1.334    -0.662    uart_inst/rx_data[0]
    SLICE_X93Y95         LUT6 (Prop_lut6_I2_O)        0.043    -0.619 r  uart_inst/status_buffer[0][6]_i_3/O
                         net (fo=1, routed)           0.355    -0.264    uart_inst/status_buffer[0][6]_i_3_n_0
    SLICE_X93Y95         LUT5 (Prop_lut5_I3_O)        0.043    -0.221 r  uart_inst/status_buffer[0][6]_i_1/O
                         net (fo=134, routed)         1.074     0.853    twin_controller_inst/E[0]
    SLICE_X102Y100       FDCE                                         r  twin_controller_inst/status_buffer_reg[12][5]/CE
  -------------------------------------------------------------------    -------------------

                         (clock clk_out1_pll rise edge)
                                                     20.000    20.000 r  
    AD12                                              0.000    20.000 r  i_sys_clk_p (IN)
                         net (fo=0)                   0.000    20.000    pll_inst/inst/clk_in1_p
    AD12                 IBUFDS (Prop_ibufds_I_O)     0.803    20.803 r  pll_inst/inst/clkin1_ibufgds/O
                         net (fo=1, routed)           1.001    21.804    pll_inst/inst/clk_in1_pll
    PLLE2_ADV_X1Y1       PLLE2_ADV (Prop_plle2_adv_CLKIN1_CLKOUT0)
                                                     -7.261    14.543 r  pll_inst/inst/plle2_adv_inst/CLKOUT0
                         net (fo=1, routed)           2.003    16.546    pll_inst/inst/clk_out1_pll
    BUFGCTRL_X0Y1        BUFG (Prop_bufg_I_O)         0.083    16.629 r  pll_inst/inst/clkout1_buf/O
                         net (fo=546, routed)         1.277    17.906    twin_controller_inst/CLK
    SLICE_X102Y100       FDCE                                         r  twin_controller_inst/status_buffer_reg[12][5]/C
                         clock pessimism             -0.448    17.459    
                         clock uncertainty           -0.071    17.387    
    SLICE_X102Y100       FDCE (Setup_fdce_C_CE)      -0.178    17.209    twin_controller_inst/status_buffer_reg[12][5]
  -------------------------------------------------------------------
                         required time                         17.209    
                         arrival time                          -0.853    
  -------------------------------------------------------------------
                         slack                                 16.356    

Slack (MET) :             16.356ns  (required time - arrival time)
  Source:                 uart_inst/rx_data_reg[0]/C
                            (rising edge-triggered cell FDCE clocked by clk_out1_pll  {rise@0.000ns fall@10.000ns period=20.000ns})
  Destination:            twin_controller_inst/status_buffer_reg[12][5]/CE
                            (rising edge-triggered cell FDCE clocked by clk_out1_pll  {rise@0.000ns fall@10.000ns period=20.000ns})
  Path Group:             clk_out1_pll
  Path Type:              Setup (Max at Slow Process Corner)
  Requirement:            20.000ns  (clk_out1_pll rise@20.000ns - clk_out1_pll rise@0.000ns)
  Data Path Delay:        3.107ns  (logic 0.345ns (11.103%)  route 2.762ns (88.897%))
  Logic Levels:           2  (LUT5=1 LUT6=1)
  Clock Path Skew:        -0.287ns (DCD - SCD + CPR)
    Destination Clock Delay (DCD):    -2.094ns = ( 17.906 - 20.000 ) 
    Source Clock Delay      (SCD):    -2.254ns
    Clock Pessimism Removal (CPR):    -0.448ns
  Clock Uncertainty:      0.071ns  ((TSJ^2 + DJ^2)^1/2) / 2 + PE
    Total System Jitter     (TSJ):    0.071ns
    Discrete Jitter          (DJ):    0.124ns
    Phase Error              (PE):    0.000ns

    Location             Delay type                Incr(ns)  Path(ns)    Netlist Resource(s)
  -------------------------------------------------------------------    -------------------
                         (clock clk_out1_pll rise edge)
                                                      0.000     0.000 r  
    AD12                                              0.000     0.000 r  i_sys_clk_p (IN)
                         net (fo=0)                   0.000     0.000    pll_inst/inst/clk_in1_p
    AD12                 IBUFDS (Prop_ibufds_I_O)     0.906     0.906 r  pll_inst/inst/clkin1_ibufgds/O
                         net (fo=1, routed)           1.098     2.004    pll_inst/inst/clk_in1_pll
    PLLE2_ADV_X1Y1       PLLE2_ADV (Prop_plle2_adv_CLKIN1_CLKOUT0)
                                                     -8.058    -6.054 r  pll_inst/inst/plle2_adv_inst/CLKOUT0
                         net (fo=1, routed)           2.128    -3.926    pll_inst/inst/clk_out1_pll
    BUFGCTRL_X0Y1        BUFG (Prop_bufg_I_O)         0.093    -3.833 r  pll_inst/inst/clkout1_buf/O
                         net (fo=546, routed)         1.579    -2.254    uart_inst/clk_out1
    SLICE_X94Y94         FDCE                                         r  uart_inst/rx_data_reg[0]/C
  -------------------------------------------------------------------    -------------------
    SLICE_X94Y94         FDCE (Prop_fdce_C_Q)         0.259    -1.995 r  uart_inst/rx_data_reg[0]/Q
                         net (fo=47, routed)          1.334    -0.662    uart_inst/rx_data[0]
    SLICE_X93Y95         LUT6 (Prop_lut6_I2_O)        0.043    -0.619 f  uart_inst/status_buffer[0][6]_i_3/O
                         net (fo=1, routed)           0.355    -0.264    uart_inst/status_buffer[0][6]_i_3_n_0
    SLICE_X93Y95         LUT5 (Prop_lut5_I3_O)        0.043    -0.221 f  uart_inst/status_buffer[0][6]_i_1/O
                         net (fo=134, routed)         1.074     0.853    twin_controller_inst/E[0]
    SLICE_X102Y100       FDCE                                         f  twin_controller_inst/status_buffer_reg[12][5]/CE
  -------------------------------------------------------------------    -------------------

                         (clock clk_out1_pll rise edge)
                                                     20.000    20.000 r  
    AD12                                              0.000    20.000 r  i_sys_clk_p (IN)
                         net (fo=0)                   0.000    20.000    pll_inst/inst/clk_in1_p
    AD12                 IBUFDS (Prop_ibufds_I_O)     0.803    20.803 r  pll_inst/inst/clkin1_ibufgds/O
                         net (fo=1, routed)           1.001    21.804    pll_inst/inst/clk_in1_pll
    PLLE2_ADV_X1Y1       PLLE2_ADV (Prop_plle2_adv_CLKIN1_CLKOUT0)
                                                     -7.261    14.543 r  pll_inst/inst/plle2_adv_inst/CLKOUT0
                         net (fo=1, routed)           2.003    16.546    pll_inst/inst/clk_out1_pll
    BUFGCTRL_X0Y1        BUFG (Prop_bufg_I_O)         0.083    16.629 r  pll_inst/inst/clkout1_buf/O
                         net (fo=546, routed)         1.277    17.906    twin_controller_inst/CLK
    SLICE_X102Y100       FDCE                                         r  twin_controller_inst/status_buffer_reg[12][5]/C
                         clock pessimism             -0.448    17.459    
                         clock uncertainty           -0.071    17.387    
    SLICE_X102Y100       FDCE (Setup_fdce_C_CE)      -0.178    17.209    twin_controller_inst/status_buffer_reg[12][5]
  -------------------------------------------------------------------
                         required time                         17.209    
                         arrival time                          -0.853    
  -------------------------------------------------------------------
                         slack                                 16.356    

Slack (MET) :             16.356ns  (required time - arrival time)
  Source:                 uart_inst/rx_data_reg[0]/C
                            (rising edge-triggered cell FDCE clocked by clk_out1_pll  {rise@0.000ns fall@10.000ns period=20.000ns})
  Destination:            twin_controller_inst/status_buffer_reg[13][5]/CE
                            (rising edge-triggered cell FDCE clocked by clk_out1_pll  {rise@0.000ns fall@10.000ns period=20.000ns})
  Path Group:             clk_out1_pll
  Path Type:              Setup (Max at Slow Process Corner)
  Requirement:            20.000ns  (clk_out1_pll rise@20.000ns - clk_out1_pll rise@0.000ns)
  Data Path Delay:        3.107ns  (logic 0.345ns (11.103%)  route 2.762ns (88.897%))
  Logic Levels:           2  (LUT5=1 LUT6=1)
  Clock Path Skew:        -0.287ns (DCD - SCD + CPR)
    Destination Clock Delay (DCD):    -2.094ns = ( 17.906 - 20.000 ) 
    Source Clock Delay      (SCD):    -2.254ns
    Clock Pessimism Removal (CPR):    -0.448ns
  Clock Uncertainty:      0.071ns  ((TSJ^2 + DJ^2)^1/2) / 2 + PE
    Total System Jitter     (TSJ):    0.071ns
    Discrete Jitter          (DJ):    0.124ns
    Phase Error              (PE):    0.000ns

    Location             Delay type                Incr(ns)  Path(ns)    Netlist Resource(s)
  -------------------------------------------------------------------    -------------------
                         (clock clk_out1_pll rise edge)
                                                      0.000     0.000 r  
    AD12                                              0.000     0.000 r  i_sys_clk_p (IN)
                         net (fo=0)                   0.000     0.000    pll_inst/inst/clk_in1_p
    AD12                 IBUFDS (Prop_ibufds_I_O)     0.906     0.906 r  pll_inst/inst/clkin1_ibufgds/O
                         net (fo=1, routed)           1.098     2.004    pll_inst/inst/clk_in1_pll
    PLLE2_ADV_X1Y1       PLLE2_ADV (Prop_plle2_adv_CLKIN1_CLKOUT0)
                                                     -8.058    -6.054 r  pll_inst/inst/plle2_adv_inst/CLKOUT0
                         net (fo=1, routed)           2.128    -3.926    pll_inst/inst/clk_out1_pll
    BUFGCTRL_X0Y1        BUFG (Prop_bufg_I_O)         0.093    -3.833 r  pll_inst/inst/clkout1_buf/O
                         net (fo=546, routed)         1.579    -2.254    uart_inst/clk_out1
    SLICE_X94Y94         FDCE                                         r  uart_inst/rx_data_reg[0]/C
  -------------------------------------------------------------------    -------------------
    SLICE_X94Y94         FDCE (Prop_fdce_C_Q)         0.259    -1.995 f  uart_inst/rx_data_reg[0]/Q
                         net (fo=47, routed)          1.334    -0.662    uart_inst/rx_data[0]
    SLICE_X93Y95         LUT6 (Prop_lut6_I2_O)        0.043    -0.619 r  uart_inst/status_buffer[0][6]_i_3/O
                         net (fo=1, routed)           0.355    -0.264    uart_inst/status_buffer[0][6]_i_3_n_0
    SLICE_X93Y95         LUT5 (Prop_lut5_I3_O)        0.043    -0.221 r  uart_inst/status_buffer[0][6]_i_1/O
                         net (fo=134, routed)         1.074     0.853    twin_controller_inst/E[0]
    SLICE_X102Y100       FDCE                                         r  twin_controller_inst/status_buffer_reg[13][5]/CE
  -------------------------------------------------------------------    -------------------

                         (clock clk_out1_pll rise edge)
                                                     20.000    20.000 r  
    AD12                                              0.000    20.000 r  i_sys_clk_p (IN)
                         net (fo=0)                   0.000    20.000    pll_inst/inst/clk_in1_p
    AD12                 IBUFDS (Prop_ibufds_I_O)     0.803    20.803 r  pll_inst/inst/clkin1_ibufgds/O
                         net (fo=1, routed)           1.001    21.804    pll_inst/inst/clk_in1_pll
    PLLE2_ADV_X1Y1       PLLE2_ADV (Prop_plle2_adv_CLKIN1_CLKOUT0)
                                                     -7.261    14.543 r  pll_inst/inst/plle2_adv_inst/CLKOUT0
                         net (fo=1, routed)           2.003    16.546    pll_inst/inst/clk_out1_pll
    BUFGCTRL_X0Y1        BUFG (Prop_bufg_I_O)         0.083    16.629 r  pll_inst/inst/clkout1_buf/O
                         net (fo=546, routed)         1.277    17.906    twin_controller_inst/CLK
    SLICE_X102Y100       FDCE                                         r  twin_controller_inst/status_buffer_reg[13][5]/C
                         clock pessimism             -0.448    17.459    
                         clock uncertainty           -0.071    17.387    
    SLICE_X102Y100       FDCE (Setup_fdce_C_CE)      -0.178    17.209    twin_controller_inst/status_buffer_reg[13][5]
  -------------------------------------------------------------------
                         required time                         17.209    
                         arrival time                          -0.853    
  -------------------------------------------------------------------
                         slack                                 16.356    

Slack (MET) :             16.356ns  (required time - arrival time)
  Source:                 uart_inst/rx_data_reg[0]/C
                            (rising edge-triggered cell FDCE clocked by clk_out1_pll  {rise@0.000ns fall@10.000ns period=20.000ns})
  Destination:            twin_controller_inst/status_buffer_reg[13][5]/CE
                            (rising edge-triggered cell FDCE clocked by clk_out1_pll  {rise@0.000ns fall@10.000ns period=20.000ns})
  Path Group:             clk_out1_pll
  Path Type:              Setup (Max at Slow Process Corner)
  Requirement:            20.000ns  (clk_out1_pll rise@20.000ns - clk_out1_pll rise@0.000ns)
  Data Path Delay:        3.107ns  (logic 0.345ns (11.103%)  route 2.762ns (88.897%))
  Logic Levels:           2  (LUT5=1 LUT6=1)
  Clock Path Skew:        -0.287ns (DCD - SCD + CPR)
    Destination Clock Delay (DCD):    -2.094ns = ( 17.906 - 20.000 ) 
    Source Clock Delay      (SCD):    -2.254ns
    Clock Pessimism Removal (CPR):    -0.448ns
  Clock Uncertainty:      0.071ns  ((TSJ^2 + DJ^2)^1/2) / 2 + PE
    Total System Jitter     (TSJ):    0.071ns
    Discrete Jitter          (DJ):    0.124ns
    Phase Error              (PE):    0.000ns

    Location             Delay type                Incr(ns)  Path(ns)    Netlist Resource(s)
  -------------------------------------------------------------------    -------------------
                         (clock clk_out1_pll rise edge)
                                                      0.000     0.000 r  
    AD12                                              0.000     0.000 r  i_sys_clk_p (IN)
                         net (fo=0)                   0.000     0.000    pll_inst/inst/clk_in1_p
    AD12                 IBUFDS (Prop_ibufds_I_O)     0.906     0.906 r  pll_inst/inst/clkin1_ibufgds/O
                         net (fo=1, routed)           1.098     2.004    pll_inst/inst/clk_in1_pll
    PLLE2_ADV_X1Y1       PLLE2_ADV (Prop_plle2_adv_CLKIN1_CLKOUT0)
                                                     -8.058    -6.054 r  pll_inst/inst/plle2_adv_inst/CLKOUT0
                         net (fo=1, routed)           2.128    -3.926    pll_inst/inst/clk_out1_pll
    BUFGCTRL_X0Y1        BUFG (Prop_bufg_I_O)         0.093    -3.833 r  pll_inst/inst/clkout1_buf/O
                         net (fo=546, routed)         1.579    -2.254    uart_inst/clk_out1
    SLICE_X94Y94         FDCE                                         r  uart_inst/rx_data_reg[0]/C
  -------------------------------------------------------------------    -------------------
    SLICE_X94Y94         FDCE (Prop_fdce_C_Q)         0.259    -1.995 r  uart_inst/rx_data_reg[0]/Q
                         net (fo=47, routed)          1.334    -0.662    uart_inst/rx_data[0]
    SLICE_X93Y95         LUT6 (Prop_lut6_I2_O)        0.043    -0.619 f  uart_inst/status_buffer[0][6]_i_3/O
                         net (fo=1, routed)           0.355    -0.264    uart_inst/status_buffer[0][6]_i_3_n_0
    SLICE_X93Y95         LUT5 (Prop_lut5_I3_O)        0.043    -0.221 f  uart_inst/status_buffer[0][6]_i_1/O
                         net (fo=134, routed)         1.074     0.853    twin_controller_inst/E[0]
    SLICE_X102Y100       FDCE                                         f  twin_controller_inst/status_buffer_reg[13][5]/CE
  -------------------------------------------------------------------    -------------------

                         (clock clk_out1_pll rise edge)
                                                     20.000    20.000 r  
    AD12                                              0.000    20.000 r  i_sys_clk_p (IN)
                         net (fo=0)                   0.000    20.000    pll_inst/inst/clk_in1_p
    AD12                 IBUFDS (Prop_ibufds_I_O)     0.803    20.803 r  pll_inst/inst/clkin1_ibufgds/O
                         net (fo=1, routed)           1.001    21.804    pll_inst/inst/clk_in1_pll
    PLLE2_ADV_X1Y1       PLLE2_ADV (Prop_plle2_adv_CLKIN1_CLKOUT0)
                                                     -7.261    14.543 r  pll_inst/inst/plle2_adv_inst/CLKOUT0
                         net (fo=1, routed)           2.003    16.546    pll_inst/inst/clk_out1_pll
    BUFGCTRL_X0Y1        BUFG (Prop_bufg_I_O)         0.083    16.629 r  pll_inst/inst/clkout1_buf/O
                         net (fo=546, routed)         1.277    17.906    twin_controller_inst/CLK
    SLICE_X102Y100       FDCE                                         r  twin_controller_inst/status_buffer_reg[13][5]/C
                         clock pessimism             -0.448    17.459    
                         clock uncertainty           -0.071    17.387    
    SLICE_X102Y100       FDCE (Setup_fdce_C_CE)      -0.178    17.209    twin_controller_inst/status_buffer_reg[13][5]
  -------------------------------------------------------------------
                         required time                         17.209    
                         arrival time                          -0.853    
  -------------------------------------------------------------------
                         slack                                 16.356    

Slack (MET) :             16.356ns  (required time - arrival time)
  Source:                 uart_inst/rx_data_reg[0]/C
                            (rising edge-triggered cell FDCE clocked by clk_out1_pll  {rise@0.000ns fall@10.000ns period=20.000ns})
  Destination:            twin_controller_inst/status_buffer_reg[14][5]/CE
                            (rising edge-triggered cell FDCE clocked by clk_out1_pll  {rise@0.000ns fall@10.000ns period=20.000ns})
  Path Group:             clk_out1_pll
  Path Type:              Setup (Max at Slow Process Corner)
  Requirement:            20.000ns  (clk_out1_pll rise@20.000ns - clk_out1_pll rise@0.000ns)
  Data Path Delay:        3.107ns  (logic 0.345ns (11.103%)  route 2.762ns (88.897%))
  Logic Levels:           2  (LUT5=1 LUT6=1)
  Clock Path Skew:        -0.287ns (DCD - SCD + CPR)
    Destination Clock Delay (DCD):    -2.094ns = ( 17.906 - 20.000 ) 
    Source Clock Delay      (SCD):    -2.254ns
    Clock Pessimism Removal (CPR):    -0.448ns
  Clock Uncertainty:      0.071ns  ((TSJ^2 + DJ^2)^1/2) / 2 + PE
    Total System Jitter     (TSJ):    0.071ns
    Discrete Jitter          (DJ):    0.124ns
    Phase Error              (PE):    0.000ns

    Location             Delay type                Incr(ns)  Path(ns)    Netlist Resource(s)
  -------------------------------------------------------------------    -------------------
                         (clock clk_out1_pll rise edge)
                                                      0.000     0.000 r  
    AD12                                              0.000     0.000 r  i_sys_clk_p (IN)
                         net (fo=0)                   0.000     0.000    pll_inst/inst/clk_in1_p
    AD12                 IBUFDS (Prop_ibufds_I_O)     0.906     0.906 r  pll_inst/inst/clkin1_ibufgds/O
                         net (fo=1, routed)           1.098     2.004    pll_inst/inst/clk_in1_pll
    PLLE2_ADV_X1Y1       PLLE2_ADV (Prop_plle2_adv_CLKIN1_CLKOUT0)
                                                     -8.058    -6.054 r  pll_inst/inst/plle2_adv_inst/CLKOUT0
                         net (fo=1, routed)           2.128    -3.926    pll_inst/inst/clk_out1_pll
    BUFGCTRL_X0Y1        BUFG (Prop_bufg_I_O)         0.093    -3.833 r  pll_inst/inst/clkout1_buf/O
                         net (fo=546, routed)         1.579    -2.254    uart_inst/clk_out1
    SLICE_X94Y94         FDCE                                         r  uart_inst/rx_data_reg[0]/C
  -------------------------------------------------------------------    -------------------
    SLICE_X94Y94         FDCE (Prop_fdce_C_Q)         0.259    -1.995 f  uart_inst/rx_data_reg[0]/Q
                         net (fo=47, routed)          1.334    -0.662    uart_inst/rx_data[0]
    SLICE_X93Y95         LUT6 (Prop_lut6_I2_O)        0.043    -0.619 r  uart_inst/status_buffer[0][6]_i_3/O
                         net (fo=1, routed)           0.355    -0.264    uart_inst/status_buffer[0][6]_i_3_n_0
    SLICE_X93Y95         LUT5 (Prop_lut5_I3_O)        0.043    -0.221 r  uart_inst/status_buffer[0][6]_i_1/O
                         net (fo=134, routed)         1.074     0.853    twin_controller_inst/E[0]
    SLICE_X102Y100       FDCE                                         r  twin_controller_inst/status_buffer_reg[14][5]/CE
  -------------------------------------------------------------------    -------------------

                         (clock clk_out1_pll rise edge)
                                                     20.000    20.000 r  
    AD12                                              0.000    20.000 r  i_sys_clk_p (IN)
                         net (fo=0)                   0.000    20.000    pll_inst/inst/clk_in1_p
    AD12                 IBUFDS (Prop_ibufds_I_O)     0.803    20.803 r  pll_inst/inst/clkin1_ibufgds/O
                         net (fo=1, routed)           1.001    21.804    pll_inst/inst/clk_in1_pll
    PLLE2_ADV_X1Y1       PLLE2_ADV (Prop_plle2_adv_CLKIN1_CLKOUT0)
                                                     -7.261    14.543 r  pll_inst/inst/plle2_adv_inst/CLKOUT0
                         net (fo=1, routed)           2.003    16.546    pll_inst/inst/clk_out1_pll
    BUFGCTRL_X0Y1        BUFG (Prop_bufg_I_O)         0.083    16.629 r  pll_inst/inst/clkout1_buf/O
                         net (fo=546, routed)         1.277    17.906    twin_controller_inst/CLK
    SLICE_X102Y100       FDCE                                         r  twin_controller_inst/status_buffer_reg[14][5]/C
                         clock pessimism             -0.448    17.459    
                         clock uncertainty           -0.071    17.387    
    SLICE_X102Y100       FDCE (Setup_fdce_C_CE)      -0.178    17.209    twin_controller_inst/status_buffer_reg[14][5]
  -------------------------------------------------------------------
                         required time                         17.209    
                         arrival time                          -0.853    
  -------------------------------------------------------------------
                         slack                                 16.356    

Slack (MET) :             16.356ns  (required time - arrival time)
  Source:                 uart_inst/rx_data_reg[0]/C
                            (rising edge-triggered cell FDCE clocked by clk_out1_pll  {rise@0.000ns fall@10.000ns period=20.000ns})
  Destination:            twin_controller_inst/status_buffer_reg[14][5]/CE
                            (rising edge-triggered cell FDCE clocked by clk_out1_pll  {rise@0.000ns fall@10.000ns period=20.000ns})
  Path Group:             clk_out1_pll
  Path Type:              Setup (Max at Slow Process Corner)
  Requirement:            20.000ns  (clk_out1_pll rise@20.000ns - clk_out1_pll rise@0.000ns)
  Data Path Delay:        3.107ns  (logic 0.345ns (11.103%)  route 2.762ns (88.897%))
  Logic Levels:           2  (LUT5=1 LUT6=1)
  Clock Path Skew:        -0.287ns (DCD - SCD + CPR)
    Destination Clock Delay (DCD):    -2.094ns = ( 17.906 - 20.000 ) 
    Source Clock Delay      (SCD):    -2.254ns
    Clock Pessimism Removal (CPR):    -0.448ns
  Clock Uncertainty:      0.071ns  ((TSJ^2 + DJ^2)^1/2) / 2 + PE
    Total System Jitter     (TSJ):    0.071ns
    Discrete Jitter          (DJ):    0.124ns
    Phase Error              (PE):    0.000ns

    Location             Delay type                Incr(ns)  Path(ns)    Netlist Resource(s)
  -------------------------------------------------------------------    -------------------
                         (clock clk_out1_pll rise edge)
                                                      0.000     0.000 r  
    AD12                                              0.000     0.000 r  i_sys_clk_p (IN)
                         net (fo=0)                   0.000     0.000    pll_inst/inst/clk_in1_p
    AD12                 IBUFDS (Prop_ibufds_I_O)     0.906     0.906 r  pll_inst/inst/clkin1_ibufgds/O
                         net (fo=1, routed)           1.098     2.004    pll_inst/inst/clk_in1_pll
    PLLE2_ADV_X1Y1       PLLE2_ADV (Prop_plle2_adv_CLKIN1_CLKOUT0)
                                                     -8.058    -6.054 r  pll_inst/inst/plle2_adv_inst/CLKOUT0
                         net (fo=1, routed)           2.128    -3.926    pll_inst/inst/clk_out1_pll
    BUFGCTRL_X0Y1        BUFG (Prop_bufg_I_O)         0.093    -3.833 r  pll_inst/inst/clkout1_buf/O
                         net (fo=546, routed)         1.579    -2.254    uart_inst/clk_out1
    SLICE_X94Y94         FDCE                                         r  uart_inst/rx_data_reg[0]/C
  -------------------------------------------------------------------    -------------------
    SLICE_X94Y94         FDCE (Prop_fdce_C_Q)         0.259    -1.995 r  uart_inst/rx_data_reg[0]/Q
                         net (fo=47, routed)          1.334    -0.662    uart_inst/rx_data[0]
    SLICE_X93Y95         LUT6 (Prop_lut6_I2_O)        0.043    -0.619 f  uart_inst/status_buffer[0][6]_i_3/O
                         net (fo=1, routed)           0.355    -0.264    uart_inst/status_buffer[0][6]_i_3_n_0
    SLICE_X93Y95         LUT5 (Prop_lut5_I3_O)        0.043    -0.221 f  uart_inst/status_buffer[0][6]_i_1/O
                         net (fo=134, routed)         1.074     0.853    twin_controller_inst/E[0]
    SLICE_X102Y100       FDCE                                         f  twin_controller_inst/status_buffer_reg[14][5]/CE
  -------------------------------------------------------------------    -------------------

                         (clock clk_out1_pll rise edge)
                                                     20.000    20.000 r  
    AD12                                              0.000    20.000 r  i_sys_clk_p (IN)
                         net (fo=0)                   0.000    20.000    pll_inst/inst/clk_in1_p
    AD12                 IBUFDS (Prop_ibufds_I_O)     0.803    20.803 r  pll_inst/inst/clkin1_ibufgds/O
                         net (fo=1, routed)           1.001    21.804    pll_inst/inst/clk_in1_pll
    PLLE2_ADV_X1Y1       PLLE2_ADV (Prop_plle2_adv_CLKIN1_CLKOUT0)
                                                     -7.261    14.543 r  pll_inst/inst/plle2_adv_inst/CLKOUT0
                         net (fo=1, routed)           2.003    16.546    pll_inst/inst/clk_out1_pll
    BUFGCTRL_X0Y1        BUFG (Prop_bufg_I_O)         0.083    16.629 r  pll_inst/inst/clkout1_buf/O
                         net (fo=546, routed)         1.277    17.906    twin_controller_inst/CLK
    SLICE_X102Y100       FDCE                                         r  twin_controller_inst/status_buffer_reg[14][5]/C
                         clock pessimism             -0.448    17.459    
                         clock uncertainty           -0.071    17.387    
    SLICE_X102Y100       FDCE (Setup_fdce_C_CE)      -0.178    17.209    twin_controller_inst/status_buffer_reg[14][5]
  -------------------------------------------------------------------
                         required time                         17.209    
                         arrival time                          -0.853    
  -------------------------------------------------------------------
                         slack                                 16.356    

Slack (MET) :             16.356ns  (required time - arrival time)
  Source:                 uart_inst/rx_data_reg[0]/C
                            (rising edge-triggered cell FDCE clocked by clk_out1_pll  {rise@0.000ns fall@10.000ns period=20.000ns})
  Destination:            twin_controller_inst/status_buffer_reg[15][5]/CE
                            (rising edge-triggered cell FDCE clocked by clk_out1_pll  {rise@0.000ns fall@10.000ns period=20.000ns})
  Path Group:             clk_out1_pll
  Path Type:              Setup (Max at Slow Process Corner)
  Requirement:            20.000ns  (clk_out1_pll rise@20.000ns - clk_out1_pll rise@0.000ns)
  Data Path Delay:        3.107ns  (logic 0.345ns (11.103%)  route 2.762ns (88.897%))
  Logic Levels:           2  (LUT5=1 LUT6=1)
  Clock Path Skew:        -0.287ns (DCD - SCD + CPR)
    Destination Clock Delay (DCD):    -2.094ns = ( 17.906 - 20.000 ) 
    Source Clock Delay      (SCD):    -2.254ns
    Clock Pessimism Removal (CPR):    -0.448ns
  Clock Uncertainty:      0.071ns  ((TSJ^2 + DJ^2)^1/2) / 2 + PE
    Total System Jitter     (TSJ):    0.071ns
    Discrete Jitter          (DJ):    0.124ns
    Phase Error              (PE):    0.000ns

    Location             Delay type                Incr(ns)  Path(ns)    Netlist Resource(s)
  -------------------------------------------------------------------    -------------------
                         (clock clk_out1_pll rise edge)
                                                      0.000     0.000 r  
    AD12                                              0.000     0.000 r  i_sys_clk_p (IN)
                         net (fo=0)                   0.000     0.000    pll_inst/inst/clk_in1_p
    AD12                 IBUFDS (Prop_ibufds_I_O)     0.906     0.906 r  pll_inst/inst/clkin1_ibufgds/O
                         net (fo=1, routed)           1.098     2.004    pll_inst/inst/clk_in1_pll
    PLLE2_ADV_X1Y1       PLLE2_ADV (Prop_plle2_adv_CLKIN1_CLKOUT0)
                                                     -8.058    -6.054 r  pll_inst/inst/plle2_adv_inst/CLKOUT0
                         net (fo=1, routed)           2.128    -3.926    pll_inst/inst/clk_out1_pll
    BUFGCTRL_X0Y1        BUFG (Prop_bufg_I_O)         0.093    -3.833 r  pll_inst/inst/clkout1_buf/O
                         net (fo=546, routed)         1.579    -2.254    uart_inst/clk_out1
    SLICE_X94Y94         FDCE                                         r  uart_inst/rx_data_reg[0]/C
  -------------------------------------------------------------------    -------------------
    SLICE_X94Y94         FDCE (Prop_fdce_C_Q)         0.259    -1.995 f  uart_inst/rx_data_reg[0]/Q
                         net (fo=47, routed)          1.334    -0.662    uart_inst/rx_data[0]
    SLICE_X93Y95         LUT6 (Prop_lut6_I2_O)        0.043    -0.619 r  uart_inst/status_buffer[0][6]_i_3/O
                         net (fo=1, routed)           0.355    -0.264    uart_inst/status_buffer[0][6]_i_3_n_0
    SLICE_X93Y95         LUT5 (Prop_lut5_I3_O)        0.043    -0.221 r  uart_inst/status_buffer[0][6]_i_1/O
                         net (fo=134, routed)         1.074     0.853    twin_controller_inst/E[0]
    SLICE_X102Y100       FDCE                                         r  twin_controller_inst/status_buffer_reg[15][5]/CE
  -------------------------------------------------------------------    -------------------

                         (clock clk_out1_pll rise edge)
                                                     20.000    20.000 r  
    AD12                                              0.000    20.000 r  i_sys_clk_p (IN)
                         net (fo=0)                   0.000    20.000    pll_inst/inst/clk_in1_p
    AD12                 IBUFDS (Prop_ibufds_I_O)     0.803    20.803 r  pll_inst/inst/clkin1_ibufgds/O
                         net (fo=1, routed)           1.001    21.804    pll_inst/inst/clk_in1_pll
    PLLE2_ADV_X1Y1       PLLE2_ADV (Prop_plle2_adv_CLKIN1_CLKOUT0)
                                                     -7.261    14.543 r  pll_inst/inst/plle2_adv_inst/CLKOUT0
                         net (fo=1, routed)           2.003    16.546    pll_inst/inst/clk_out1_pll
    BUFGCTRL_X0Y1        BUFG (Prop_bufg_I_O)         0.083    16.629 r  pll_inst/inst/clkout1_buf/O
                         net (fo=546, routed)         1.277    17.906    twin_controller_inst/CLK
    SLICE_X102Y100       FDCE                                         r  twin_controller_inst/status_buffer_reg[15][5]/C
                         clock pessimism             -0.448    17.459    
                         clock uncertainty           -0.071    17.387    
    SLICE_X102Y100       FDCE (Setup_fdce_C_CE)      -0.178    17.209    twin_controller_inst/status_buffer_reg[15][5]
  -------------------------------------------------------------------
                         required time                         17.209    
                         arrival time                          -0.853    
  -------------------------------------------------------------------
                         slack                                 16.356    

Slack (MET) :             16.356ns  (required time - arrival time)
  Source:                 uart_inst/rx_data_reg[0]/C
                            (rising edge-triggered cell FDCE clocked by clk_out1_pll  {rise@0.000ns fall@10.000ns period=20.000ns})
  Destination:            twin_controller_inst/status_buffer_reg[15][5]/CE
                            (rising edge-triggered cell FDCE clocked by clk_out1_pll  {rise@0.000ns fall@10.000ns period=20.000ns})
  Path Group:             clk_out1_pll
  Path Type:              Setup (Max at Slow Process Corner)
  Requirement:            20.000ns  (clk_out1_pll rise@20.000ns - clk_out1_pll rise@0.000ns)
  Data Path Delay:        3.107ns  (logic 0.345ns (11.103%)  route 2.762ns (88.897%))
  Logic Levels:           2  (LUT5=1 LUT6=1)
  Clock Path Skew:        -0.287ns (DCD - SCD + CPR)
    Destination Clock Delay (DCD):    -2.094ns = ( 17.906 - 20.000 ) 
    Source Clock Delay      (SCD):    -2.254ns
    Clock Pessimism Removal (CPR):    -0.448ns
  Clock Uncertainty:      0.071ns  ((TSJ^2 + DJ^2)^1/2) / 2 + PE
    Total System Jitter     (TSJ):    0.071ns
    Discrete Jitter          (DJ):    0.124ns
    Phase Error              (PE):    0.000ns

    Location             Delay type                Incr(ns)  Path(ns)    Netlist Resource(s)
  -------------------------------------------------------------------    -------------------
                         (clock clk_out1_pll rise edge)
                                                      0.000     0.000 r  
    AD12                                              0.000     0.000 r  i_sys_clk_p (IN)
                         net (fo=0)                   0.000     0.000    pll_inst/inst/clk_in1_p
    AD12                 IBUFDS (Prop_ibufds_I_O)     0.906     0.906 r  pll_inst/inst/clkin1_ibufgds/O
                         net (fo=1, routed)           1.098     2.004    pll_inst/inst/clk_in1_pll
    PLLE2_ADV_X1Y1       PLLE2_ADV (Prop_plle2_adv_CLKIN1_CLKOUT0)
                                                     -8.058    -6.054 r  pll_inst/inst/plle2_adv_inst/CLKOUT0
                         net (fo=1, routed)           2.128    -3.926    pll_inst/inst/clk_out1_pll
    BUFGCTRL_X0Y1        BUFG (Prop_bufg_I_O)         0.093    -3.833 r  pll_inst/inst/clkout1_buf/O
                         net (fo=546, routed)         1.579    -2.254    uart_inst/clk_out1
    SLICE_X94Y94         FDCE                                         r  uart_inst/rx_data_reg[0]/C
  -------------------------------------------------------------------    -------------------
    SLICE_X94Y94         FDCE (Prop_fdce_C_Q)         0.259    -1.995 r  uart_inst/rx_data_reg[0]/Q
                         net (fo=47, routed)          1.334    -0.662    uart_inst/rx_data[0]
    SLICE_X93Y95         LUT6 (Prop_lut6_I2_O)        0.043    -0.619 f  uart_inst/status_buffer[0][6]_i_3/O
                         net (fo=1, routed)           0.355    -0.264    uart_inst/status_buffer[0][6]_i_3_n_0
    SLICE_X93Y95         LUT5 (Prop_lut5_I3_O)        0.043    -0.221 f  uart_inst/status_buffer[0][6]_i_1/O
                         net (fo=134, routed)         1.074     0.853    twin_controller_inst/E[0]
    SLICE_X102Y100       FDCE                                         f  twin_controller_inst/status_buffer_reg[15][5]/CE
  -------------------------------------------------------------------    -------------------

                         (clock clk_out1_pll rise edge)
                                                     20.000    20.000 r  
    AD12                                              0.000    20.000 r  i_sys_clk_p (IN)
                         net (fo=0)                   0.000    20.000    pll_inst/inst/clk_in1_p
    AD12                 IBUFDS (Prop_ibufds_I_O)     0.803    20.803 r  pll_inst/inst/clkin1_ibufgds/O
                         net (fo=1, routed)           1.001    21.804    pll_inst/inst/clk_in1_pll
    PLLE2_ADV_X1Y1       PLLE2_ADV (Prop_plle2_adv_CLKIN1_CLKOUT0)
                                                     -7.261    14.543 r  pll_inst/inst/plle2_adv_inst/CLKOUT0
                         net (fo=1, routed)           2.003    16.546    pll_inst/inst/clk_out1_pll
    BUFGCTRL_X0Y1        BUFG (Prop_bufg_I_O)         0.083    16.629 r  pll_inst/inst/clkout1_buf/O
                         net (fo=546, routed)         1.277    17.906    twin_controller_inst/CLK
    SLICE_X102Y100       FDCE                                         r  twin_controller_inst/status_buffer_reg[15][5]/C
                         clock pessimism             -0.448    17.459    
                         clock uncertainty           -0.071    17.387    
    SLICE_X102Y100       FDCE (Setup_fdce_C_CE)      -0.178    17.209    twin_controller_inst/status_buffer_reg[15][5]
  -------------------------------------------------------------------
                         required time                         17.209    
                         arrival time                          -0.853    
  -------------------------------------------------------------------
                         slack                                 16.356    

Slack (MET) :             16.356ns  (required time - arrival time)
  Source:                 uart_inst/rx_data_reg[0]/C
                            (rising edge-triggered cell FDCE clocked by clk_out1_pll  {rise@0.000ns fall@10.000ns period=20.000ns})
  Destination:            twin_controller_inst/status_buffer_reg[16][5]/CE
                            (rising edge-triggered cell FDCE clocked by clk_out1_pll  {rise@0.000ns fall@10.000ns period=20.000ns})
  Path Group:             clk_out1_pll
  Path Type:              Setup (Max at Slow Process Corner)
  Requirement:            20.000ns  (clk_out1_pll rise@20.000ns - clk_out1_pll rise@0.000ns)
  Data Path Delay:        3.107ns  (logic 0.345ns (11.103%)  route 2.762ns (88.897%))
  Logic Levels:           2  (LUT5=1 LUT6=1)
  Clock Path Skew:        -0.287ns (DCD - SCD + CPR)
    Destination Clock Delay (DCD):    -2.094ns = ( 17.906 - 20.000 ) 
    Source Clock Delay      (SCD):    -2.254ns
    Clock Pessimism Removal (CPR):    -0.448ns
  Clock Uncertainty:      0.071ns  ((TSJ^2 + DJ^2)^1/2) / 2 + PE
    Total System Jitter     (TSJ):    0.071ns
    Discrete Jitter          (DJ):    0.124ns
    Phase Error              (PE):    0.000ns

    Location             Delay type                Incr(ns)  Path(ns)    Netlist Resource(s)
  -------------------------------------------------------------------    -------------------
                         (clock clk_out1_pll rise edge)
                                                      0.000     0.000 r  
    AD12                                              0.000     0.000 r  i_sys_clk_p (IN)
                         net (fo=0)                   0.000     0.000    pll_inst/inst/clk_in1_p
    AD12                 IBUFDS (Prop_ibufds_I_O)     0.906     0.906 r  pll_inst/inst/clkin1_ibufgds/O
                         net (fo=1, routed)           1.098     2.004    pll_inst/inst/clk_in1_pll
    PLLE2_ADV_X1Y1       PLLE2_ADV (Prop_plle2_adv_CLKIN1_CLKOUT0)
                                                     -8.058    -6.054 r  pll_inst/inst/plle2_adv_inst/CLKOUT0
                         net (fo=1, routed)           2.128    -3.926    pll_inst/inst/clk_out1_pll
    BUFGCTRL_X0Y1        BUFG (Prop_bufg_I_O)         0.093    -3.833 r  pll_inst/inst/clkout1_buf/O
                         net (fo=546, routed)         1.579    -2.254    uart_inst/clk_out1
    SLICE_X94Y94         FDCE                                         r  uart_inst/rx_data_reg[0]/C
  -------------------------------------------------------------------    -------------------
    SLICE_X94Y94         FDCE (Prop_fdce_C_Q)         0.259    -1.995 f  uart_inst/rx_data_reg[0]/Q
                         net (fo=47, routed)          1.334    -0.662    uart_inst/rx_data[0]
    SLICE_X93Y95         LUT6 (Prop_lut6_I2_O)        0.043    -0.619 r  uart_inst/status_buffer[0][6]_i_3/O
                         net (fo=1, routed)           0.355    -0.264    uart_inst/status_buffer[0][6]_i_3_n_0
    SLICE_X93Y95         LUT5 (Prop_lut5_I3_O)        0.043    -0.221 r  uart_inst/status_buffer[0][6]_i_1/O
                         net (fo=134, routed)         1.074     0.853    twin_controller_inst/E[0]
    SLICE_X102Y100       FDCE                                         r  twin_controller_inst/status_buffer_reg[16][5]/CE
  -------------------------------------------------------------------    -------------------

                         (clock clk_out1_pll rise edge)
                                                     20.000    20.000 r  
    AD12                                              0.000    20.000 r  i_sys_clk_p (IN)
                         net (fo=0)                   0.000    20.000    pll_inst/inst/clk_in1_p
    AD12                 IBUFDS (Prop_ibufds_I_O)     0.803    20.803 r  pll_inst/inst/clkin1_ibufgds/O
                         net (fo=1, routed)           1.001    21.804    pll_inst/inst/clk_in1_pll
    PLLE2_ADV_X1Y1       PLLE2_ADV (Prop_plle2_adv_CLKIN1_CLKOUT0)
                                                     -7.261    14.543 r  pll_inst/inst/plle2_adv_inst/CLKOUT0
                         net (fo=1, routed)           2.003    16.546    pll_inst/inst/clk_out1_pll
    BUFGCTRL_X0Y1        BUFG (Prop_bufg_I_O)         0.083    16.629 r  pll_inst/inst/clkout1_buf/O
                         net (fo=546, routed)         1.277    17.906    twin_controller_inst/CLK
    SLICE_X102Y100       FDCE                                         r  twin_controller_inst/status_buffer_reg[16][5]/C
                         clock pessimism             -0.448    17.459    
                         clock uncertainty           -0.071    17.387    
    SLICE_X102Y100       FDCE (Setup_fdce_C_CE)      -0.178    17.209    twin_controller_inst/status_buffer_reg[16][5]
  -------------------------------------------------------------------
                         required time                         17.209    
                         arrival time                          -0.853    
  -------------------------------------------------------------------
                         slack                                 16.356    

Slack (MET) :             16.356ns  (required time - arrival time)
  Source:                 uart_inst/rx_data_reg[0]/C
                            (rising edge-triggered cell FDCE clocked by clk_out1_pll  {rise@0.000ns fall@10.000ns period=20.000ns})
  Destination:            twin_controller_inst/status_buffer_reg[16][5]/CE
                            (rising edge-triggered cell FDCE clocked by clk_out1_pll  {rise@0.000ns fall@10.000ns period=20.000ns})
  Path Group:             clk_out1_pll
  Path Type:              Setup (Max at Slow Process Corner)
  Requirement:            20.000ns  (clk_out1_pll rise@20.000ns - clk_out1_pll rise@0.000ns)
  Data Path Delay:        3.107ns  (logic 0.345ns (11.103%)  route 2.762ns (88.897%))
  Logic Levels:           2  (LUT5=1 LUT6=1)
  Clock Path Skew:        -0.287ns (DCD - SCD + CPR)
    Destination Clock Delay (DCD):    -2.094ns = ( 17.906 - 20.000 ) 
    Source Clock Delay      (SCD):    -2.254ns
    Clock Pessimism Removal (CPR):    -0.448ns
  Clock Uncertainty:      0.071ns  ((TSJ^2 + DJ^2)^1/2) / 2 + PE
    Total System Jitter     (TSJ):    0.071ns
    Discrete Jitter          (DJ):    0.124ns
    Phase Error              (PE):    0.000ns

    Location             Delay type                Incr(ns)  Path(ns)    Netlist Resource(s)
  -------------------------------------------------------------------    -------------------
                         (clock clk_out1_pll rise edge)
                                                      0.000     0.000 r  
    AD12                                              0.000     0.000 r  i_sys_clk_p (IN)
                         net (fo=0)                   0.000     0.000    pll_inst/inst/clk_in1_p
    AD12                 IBUFDS (Prop_ibufds_I_O)     0.906     0.906 r  pll_inst/inst/clkin1_ibufgds/O
                         net (fo=1, routed)           1.098     2.004    pll_inst/inst/clk_in1_pll
    PLLE2_ADV_X1Y1       PLLE2_ADV (Prop_plle2_adv_CLKIN1_CLKOUT0)
                                                     -8.058    -6.054 r  pll_inst/inst/plle2_adv_inst/CLKOUT0
                         net (fo=1, routed)           2.128    -3.926    pll_inst/inst/clk_out1_pll
    BUFGCTRL_X0Y1        BUFG (Prop_bufg_I_O)         0.093    -3.833 r  pll_inst/inst/clkout1_buf/O
                         net (fo=546, routed)         1.579    -2.254    uart_inst/clk_out1
    SLICE_X94Y94         FDCE                                         r  uart_inst/rx_data_reg[0]/C
  -------------------------------------------------------------------    -------------------
    SLICE_X94Y94         FDCE (Prop_fdce_C_Q)         0.259    -1.995 r  uart_inst/rx_data_reg[0]/Q
                         net (fo=47, routed)          1.334    -0.662    uart_inst/rx_data[0]
    SLICE_X93Y95         LUT6 (Prop_lut6_I2_O)        0.043    -0.619 f  uart_inst/status_buffer[0][6]_i_3/O
                         net (fo=1, routed)           0.355    -0.264    uart_inst/status_buffer[0][6]_i_3_n_0
    SLICE_X93Y95         LUT5 (Prop_lut5_I3_O)        0.043    -0.221 f  uart_inst/status_buffer[0][6]_i_1/O
                         net (fo=134, routed)         1.074     0.853    twin_controller_inst/E[0]
    SLICE_X102Y100       FDCE                                         f  twin_controller_inst/status_buffer_reg[16][5]/CE
  -------------------------------------------------------------------    -------------------

                         (clock clk_out1_pll rise edge)
                                                     20.000    20.000 r  
    AD12                                              0.000    20.000 r  i_sys_clk_p (IN)
                         net (fo=0)                   0.000    20.000    pll_inst/inst/clk_in1_p
    AD12                 IBUFDS (Prop_ibufds_I_O)     0.803    20.803 r  pll_inst/inst/clkin1_ibufgds/O
                         net (fo=1, routed)           1.001    21.804    pll_inst/inst/clk_in1_pll
    PLLE2_ADV_X1Y1       PLLE2_ADV (Prop_plle2_adv_CLKIN1_CLKOUT0)
                                                     -7.261    14.543 r  pll_inst/inst/plle2_adv_inst/CLKOUT0
                         net (fo=1, routed)           2.003    16.546    pll_inst/inst/clk_out1_pll
    BUFGCTRL_X0Y1        BUFG (Prop_bufg_I_O)         0.083    16.629 r  pll_inst/inst/clkout1_buf/O
                         net (fo=546, routed)         1.277    17.906    twin_controller_inst/CLK
    SLICE_X102Y100       FDCE                                         r  twin_controller_inst/status_buffer_reg[16][5]/C
                         clock pessimism             -0.448    17.459    
                         clock uncertainty           -0.071    17.387    
    SLICE_X102Y100       FDCE (Setup_fdce_C_CE)      -0.178    17.209    twin_controller_inst/status_buffer_reg[16][5]
  -------------------------------------------------------------------
                         required time                         17.209    
                         arrival time                          -0.853    
  -------------------------------------------------------------------
                         slack                                 16.356    

Slack (MET) :             16.356ns  (required time - arrival time)
  Source:                 uart_inst/rx_data_reg[0]/C
                            (rising edge-triggered cell FDCE clocked by clk_out1_pll  {rise@0.000ns fall@10.000ns period=20.000ns})
  Destination:            twin_controller_inst/status_buffer_reg[17][5]/CE
                            (rising edge-triggered cell FDCE clocked by clk_out1_pll  {rise@0.000ns fall@10.000ns period=20.000ns})
  Path Group:             clk_out1_pll
  Path Type:              Setup (Max at Slow Process Corner)
  Requirement:            20.000ns  (clk_out1_pll rise@20.000ns - clk_out1_pll rise@0.000ns)
  Data Path Delay:        3.107ns  (logic 0.345ns (11.103%)  route 2.762ns (88.897%))
  Logic Levels:           2  (LUT5=1 LUT6=1)
  Clock Path Skew:        -0.287ns (DCD - SCD + CPR)
    Destination Clock Delay (DCD):    -2.094ns = ( 17.906 - 20.000 ) 
    Source Clock Delay      (SCD):    -2.254ns
    Clock Pessimism Removal (CPR):    -0.448ns
  Clock Uncertainty:      0.071ns  ((TSJ^2 + DJ^2)^1/2) / 2 + PE
    Total System Jitter     (TSJ):    0.071ns
    Discrete Jitter          (DJ):    0.124ns
    Phase Error              (PE):    0.000ns

    Location             Delay type                Incr(ns)  Path(ns)    Netlist Resource(s)
  -------------------------------------------------------------------    -------------------
                         (clock clk_out1_pll rise edge)
                                                      0.000     0.000 r  
    AD12                                              0.000     0.000 r  i_sys_clk_p (IN)
                         net (fo=0)                   0.000     0.000    pll_inst/inst/clk_in1_p
    AD12                 IBUFDS (Prop_ibufds_I_O)     0.906     0.906 r  pll_inst/inst/clkin1_ibufgds/O
                         net (fo=1, routed)           1.098     2.004    pll_inst/inst/clk_in1_pll
    PLLE2_ADV_X1Y1       PLLE2_ADV (Prop_plle2_adv_CLKIN1_CLKOUT0)
                                                     -8.058    -6.054 r  pll_inst/inst/plle2_adv_inst/CLKOUT0
                         net (fo=1, routed)           2.128    -3.926    pll_inst/inst/clk_out1_pll
    BUFGCTRL_X0Y1        BUFG (Prop_bufg_I_O)         0.093    -3.833 r  pll_inst/inst/clkout1_buf/O
                         net (fo=546, routed)         1.579    -2.254    uart_inst/clk_out1
    SLICE_X94Y94         FDCE                                         r  uart_inst/rx_data_reg[0]/C
  -------------------------------------------------------------------    -------------------
    SLICE_X94Y94         FDCE (Prop_fdce_C_Q)         0.259    -1.995 f  uart_inst/rx_data_reg[0]/Q
                         net (fo=47, routed)          1.334    -0.662    uart_inst/rx_data[0]
    SLICE_X93Y95         LUT6 (Prop_lut6_I2_O)        0.043    -0.619 r  uart_inst/status_buffer[0][6]_i_3/O
                         net (fo=1, routed)           0.355    -0.264    uart_inst/status_buffer[0][6]_i_3_n_0
    SLICE_X93Y95         LUT5 (Prop_lut5_I3_O)        0.043    -0.221 r  uart_inst/status_buffer[0][6]_i_1/O
                         net (fo=134, routed)         1.074     0.853    twin_controller_inst/E[0]
    SLICE_X102Y100       FDCE                                         r  twin_controller_inst/status_buffer_reg[17][5]/CE
  -------------------------------------------------------------------    -------------------

                         (clock clk_out1_pll rise edge)
                                                     20.000    20.000 r  
    AD12                                              0.000    20.000 r  i_sys_clk_p (IN)
                         net (fo=0)                   0.000    20.000    pll_inst/inst/clk_in1_p
    AD12                 IBUFDS (Prop_ibufds_I_O)     0.803    20.803 r  pll_inst/inst/clkin1_ibufgds/O
                         net (fo=1, routed)           1.001    21.804    pll_inst/inst/clk_in1_pll
    PLLE2_ADV_X1Y1       PLLE2_ADV (Prop_plle2_adv_CLKIN1_CLKOUT0)
                                                     -7.261    14.543 r  pll_inst/inst/plle2_adv_inst/CLKOUT0
                         net (fo=1, routed)           2.003    16.546    pll_inst/inst/clk_out1_pll
    BUFGCTRL_X0Y1        BUFG (Prop_bufg_I_O)         0.083    16.629 r  pll_inst/inst/clkout1_buf/O
                         net (fo=546, routed)         1.277    17.906    twin_controller_inst/CLK
    SLICE_X102Y100       FDCE                                         r  twin_controller_inst/status_buffer_reg[17][5]/C
                         clock pessimism             -0.448    17.459    
                         clock uncertainty           -0.071    17.387    
    SLICE_X102Y100       FDCE (Setup_fdce_C_CE)      -0.178    17.209    twin_controller_inst/status_buffer_reg[17][5]
  -------------------------------------------------------------------
                         required time                         17.209    
                         arrival time                          -0.853    
  -------------------------------------------------------------------
                         slack                                 16.356    

Slack (MET) :             16.356ns  (required time - arrival time)
  Source:                 uart_inst/rx_data_reg[0]/C
                            (rising edge-triggered cell FDCE clocked by clk_out1_pll  {rise@0.000ns fall@10.000ns period=20.000ns})
  Destination:            twin_controller_inst/status_buffer_reg[17][5]/CE
                            (rising edge-triggered cell FDCE clocked by clk_out1_pll  {rise@0.000ns fall@10.000ns period=20.000ns})
  Path Group:             clk_out1_pll
  Path Type:              Setup (Max at Slow Process Corner)
  Requirement:            20.000ns  (clk_out1_pll rise@20.000ns - clk_out1_pll rise@0.000ns)
  Data Path Delay:        3.107ns  (logic 0.345ns (11.103%)  route 2.762ns (88.897%))
  Logic Levels:           2  (LUT5=1 LUT6=1)
  Clock Path Skew:        -0.287ns (DCD - SCD + CPR)
    Destination Clock Delay (DCD):    -2.094ns = ( 17.906 - 20.000 ) 
    Source Clock Delay      (SCD):    -2.254ns
    Clock Pessimism Removal (CPR):    -0.448ns
  Clock Uncertainty:      0.071ns  ((TSJ^2 + DJ^2)^1/2) / 2 + PE
    Total System Jitter     (TSJ):    0.071ns
    Discrete Jitter          (DJ):    0.124ns
    Phase Error              (PE):    0.000ns

    Location             Delay type                Incr(ns)  Path(ns)    Netlist Resource(s)
  -------------------------------------------------------------------    -------------------
                         (clock clk_out1_pll rise edge)
                                                      0.000     0.000 r  
    AD12                                              0.000     0.000 r  i_sys_clk_p (IN)
                         net (fo=0)                   0.000     0.000    pll_inst/inst/clk_in1_p
    AD12                 IBUFDS (Prop_ibufds_I_O)     0.906     0.906 r  pll_inst/inst/clkin1_ibufgds/O
                         net (fo=1, routed)           1.098     2.004    pll_inst/inst/clk_in1_pll
    PLLE2_ADV_X1Y1       PLLE2_ADV (Prop_plle2_adv_CLKIN1_CLKOUT0)
                                                     -8.058    -6.054 r  pll_inst/inst/plle2_adv_inst/CLKOUT0
                         net (fo=1, routed)           2.128    -3.926    pll_inst/inst/clk_out1_pll
    BUFGCTRL_X0Y1        BUFG (Prop_bufg_I_O)         0.093    -3.833 r  pll_inst/inst/clkout1_buf/O
                         net (fo=546, routed)         1.579    -2.254    uart_inst/clk_out1
    SLICE_X94Y94         FDCE                                         r  uart_inst/rx_data_reg[0]/C
  -------------------------------------------------------------------    -------------------
    SLICE_X94Y94         FDCE (Prop_fdce_C_Q)         0.259    -1.995 r  uart_inst/rx_data_reg[0]/Q
                         net (fo=47, routed)          1.334    -0.662    uart_inst/rx_data[0]
    SLICE_X93Y95         LUT6 (Prop_lut6_I2_O)        0.043    -0.619 f  uart_inst/status_buffer[0][6]_i_3/O
                         net (fo=1, routed)           0.355    -0.264    uart_inst/status_buffer[0][6]_i_3_n_0
    SLICE_X93Y95         LUT5 (Prop_lut5_I3_O)        0.043    -0.221 f  uart_inst/status_buffer[0][6]_i_1/O
                         net (fo=134, routed)         1.074     0.853    twin_controller_inst/E[0]
    SLICE_X102Y100       FDCE                                         f  twin_controller_inst/status_buffer_reg[17][5]/CE
  -------------------------------------------------------------------    -------------------

                         (clock clk_out1_pll rise edge)
                                                     20.000    20.000 r  
    AD12                                              0.000    20.000 r  i_sys_clk_p (IN)
                         net (fo=0)                   0.000    20.000    pll_inst/inst/clk_in1_p
    AD12                 IBUFDS (Prop_ibufds_I_O)     0.803    20.803 r  pll_inst/inst/clkin1_ibufgds/O
                         net (fo=1, routed)           1.001    21.804    pll_inst/inst/clk_in1_pll
    PLLE2_ADV_X1Y1       PLLE2_ADV (Prop_plle2_adv_CLKIN1_CLKOUT0)
                                                     -7.261    14.543 r  pll_inst/inst/plle2_adv_inst/CLKOUT0
                         net (fo=1, routed)           2.003    16.546    pll_inst/inst/clk_out1_pll
    BUFGCTRL_X0Y1        BUFG (Prop_bufg_I_O)         0.083    16.629 r  pll_inst/inst/clkout1_buf/O
                         net (fo=546, routed)         1.277    17.906    twin_controller_inst/CLK
    SLICE_X102Y100       FDCE                                         r  twin_controller_inst/status_buffer_reg[17][5]/C
                         clock pessimism             -0.448    17.459    
                         clock uncertainty           -0.071    17.387    
    SLICE_X102Y100       FDCE (Setup_fdce_C_CE)      -0.178    17.209    twin_controller_inst/status_buffer_reg[17][5]
  -------------------------------------------------------------------
                         required time                         17.209    
                         arrival time                          -0.853    
  -------------------------------------------------------------------
                         slack                                 16.356    

Slack (MET) :             16.381ns  (required time - arrival time)
  Source:                 uart_inst/rx_data_reg[2]/C
                            (rising edge-triggered cell FDCE clocked by clk_out1_pll  {rise@0.000ns fall@10.000ns period=20.000ns})
  Destination:            twin_controller_inst/sw_reg[21]/D
                            (rising edge-triggered cell FDCE clocked by clk_out1_pll  {rise@0.000ns fall@10.000ns period=20.000ns})
  Path Group:             clk_out1_pll
  Path Type:              Setup (Max at Slow Process Corner)
  Requirement:            20.000ns  (clk_out1_pll rise@20.000ns - clk_out1_pll rise@0.000ns)
  Data Path Delay:        3.291ns  (logic 0.530ns (16.103%)  route 2.761ns (83.897%))
  Logic Levels:           4  (LUT2=1 LUT3=1 LUT6=2)
  Clock Path Skew:        -0.290ns (DCD - SCD + CPR)
    Destination Clock Delay (DCD):    -2.097ns = ( 17.903 - 20.000 ) 
    Source Clock Delay      (SCD):    -2.254ns
    Clock Pessimism Removal (CPR):    -0.448ns
  Clock Uncertainty:      0.071ns  ((TSJ^2 + DJ^2)^1/2) / 2 + PE
    Total System Jitter     (TSJ):    0.071ns
    Discrete Jitter          (DJ):    0.124ns
    Phase Error              (PE):    0.000ns

    Location             Delay type                Incr(ns)  Path(ns)    Netlist Resource(s)
  -------------------------------------------------------------------    -------------------
                         (clock clk_out1_pll rise edge)
                                                      0.000     0.000 r  
    AD12                                              0.000     0.000 r  i_sys_clk_p (IN)
                         net (fo=0)                   0.000     0.000    pll_inst/inst/clk_in1_p
    AD12                 IBUFDS (Prop_ibufds_I_O)     0.906     0.906 r  pll_inst/inst/clkin1_ibufgds/O
                         net (fo=1, routed)           1.098     2.004    pll_inst/inst/clk_in1_pll
    PLLE2_ADV_X1Y1       PLLE2_ADV (Prop_plle2_adv_CLKIN1_CLKOUT0)
                                                     -8.058    -6.054 r  pll_inst/inst/plle2_adv_inst/CLKOUT0
                         net (fo=1, routed)           2.128    -3.926    pll_inst/inst/clk_out1_pll
    BUFGCTRL_X0Y1        BUFG (Prop_bufg_I_O)         0.093    -3.833 r  pll_inst/inst/clkout1_buf/O
                         net (fo=546, routed)         1.579    -2.254    uart_inst/clk_out1
    SLICE_X94Y94         FDCE                                         r  uart_inst/rx_data_reg[2]/C
  -------------------------------------------------------------------    -------------------
    SLICE_X94Y94         FDCE (Prop_fdce_C_Q)         0.259    -1.995 f  uart_inst/rx_data_reg[2]/Q
                         net (fo=17, routed)          0.560    -1.435    uart_inst/rx_data[2]
    SLICE_X95Y95         LUT3 (Prop_lut3_I0_O)        0.049    -1.386 r  uart_inst/sw[63]_i_4/O
                         net (fo=3, routed)           0.372    -1.014    uart_inst/sw[63]_i_4_n_0
    SLICE_X94Y95         LUT6 (Prop_lut6_I1_O)        0.136    -0.878 r  uart_inst/sw[62]_i_4/O
                         net (fo=4, routed)           0.535    -0.344    uart_inst/sw[62]_i_4_n_0
    SLICE_X95Y96         LUT2 (Prop_lut2_I0_O)        0.043    -0.301 r  uart_inst/sw[62]_i_3/O
                         net (fo=32, routed)          1.295     0.994    uart_inst/sw[62]_i_3_n_0
    SLICE_X93Y101        LUT6 (Prop_lut6_I2_O)        0.043     1.037 r  uart_inst/sw[21]_i_1/O
                         net (fo=1, routed)           0.000     1.037    twin_controller_inst/sw_reg[21]_0
    SLICE_X93Y101        FDCE                                         r  twin_controller_inst/sw_reg[21]/D
  -------------------------------------------------------------------    -------------------

                         (clock clk_out1_pll rise edge)
                                                     20.000    20.000 r  
    AD12                                              0.000    20.000 r  i_sys_clk_p (IN)
                         net (fo=0)                   0.000    20.000    pll_inst/inst/clk_in1_p
    AD12                 IBUFDS (Prop_ibufds_I_O)     0.803    20.803 r  pll_inst/inst/clkin1_ibufgds/O
                         net (fo=1, routed)           1.001    21.804    pll_inst/inst/clk_in1_pll
    PLLE2_ADV_X1Y1       PLLE2_ADV (Prop_plle2_adv_CLKIN1_CLKOUT0)
                                                     -7.261    14.543 r  pll_inst/inst/plle2_adv_inst/CLKOUT0
                         net (fo=1, routed)           2.003    16.546    pll_inst/inst/clk_out1_pll
    BUFGCTRL_X0Y1        BUFG (Prop_bufg_I_O)         0.083    16.629 r  pll_inst/inst/clkout1_buf/O
                         net (fo=546, routed)         1.274    17.903    twin_controller_inst/CLK
    SLICE_X93Y101        FDCE                                         r  twin_controller_inst/sw_reg[21]/C
                         clock pessimism             -0.448    17.456    
                         clock uncertainty           -0.071    17.384    
    SLICE_X93Y101        FDCE (Setup_fdce_C_D)        0.034    17.418    twin_controller_inst/sw_reg[21]
  -------------------------------------------------------------------
                         required time                         17.418    
                         arrival time                          -1.037    
  -------------------------------------------------------------------
                         slack                                 16.381    

Slack (MET) :             16.381ns  (required time - arrival time)
  Source:                 uart_inst/rx_data_reg[2]/C
                            (rising edge-triggered cell FDCE clocked by clk_out1_pll  {rise@0.000ns fall@10.000ns period=20.000ns})
  Destination:            twin_controller_inst/sw_reg[21]/D
                            (rising edge-triggered cell FDCE clocked by clk_out1_pll  {rise@0.000ns fall@10.000ns period=20.000ns})
  Path Group:             clk_out1_pll
  Path Type:              Setup (Max at Slow Process Corner)
  Requirement:            20.000ns  (clk_out1_pll rise@20.000ns - clk_out1_pll rise@0.000ns)
  Data Path Delay:        3.291ns  (logic 0.530ns (16.103%)  route 2.761ns (83.897%))
  Logic Levels:           4  (LUT2=1 LUT3=1 LUT6=2)
  Clock Path Skew:        -0.290ns (DCD - SCD + CPR)
    Destination Clock Delay (DCD):    -2.097ns = ( 17.903 - 20.000 ) 
    Source Clock Delay      (SCD):    -2.254ns
    Clock Pessimism Removal (CPR):    -0.448ns
  Clock Uncertainty:      0.071ns  ((TSJ^2 + DJ^2)^1/2) / 2 + PE
    Total System Jitter     (TSJ):    0.071ns
    Discrete Jitter          (DJ):    0.124ns
    Phase Error              (PE):    0.000ns

    Location             Delay type                Incr(ns)  Path(ns)    Netlist Resource(s)
  -------------------------------------------------------------------    -------------------
                         (clock clk_out1_pll rise edge)
                                                      0.000     0.000 r  
    AD12                                              0.000     0.000 r  i_sys_clk_p (IN)
                         net (fo=0)                   0.000     0.000    pll_inst/inst/clk_in1_p
    AD12                 IBUFDS (Prop_ibufds_I_O)     0.906     0.906 r  pll_inst/inst/clkin1_ibufgds/O
                         net (fo=1, routed)           1.098     2.004    pll_inst/inst/clk_in1_pll
    PLLE2_ADV_X1Y1       PLLE2_ADV (Prop_plle2_adv_CLKIN1_CLKOUT0)
                                                     -8.058    -6.054 r  pll_inst/inst/plle2_adv_inst/CLKOUT0
                         net (fo=1, routed)           2.128    -3.926    pll_inst/inst/clk_out1_pll
    BUFGCTRL_X0Y1        BUFG (Prop_bufg_I_O)         0.093    -3.833 r  pll_inst/inst/clkout1_buf/O
                         net (fo=546, routed)         1.579    -2.254    uart_inst/clk_out1
    SLICE_X94Y94         FDCE                                         r  uart_inst/rx_data_reg[2]/C
  -------------------------------------------------------------------    -------------------
    SLICE_X94Y94         FDCE (Prop_fdce_C_Q)         0.259    -1.995 r  uart_inst/rx_data_reg[2]/Q
                         net (fo=17, routed)          0.560    -1.435    uart_inst/rx_data[2]
    SLICE_X95Y95         LUT3 (Prop_lut3_I0_O)        0.049    -1.386 f  uart_inst/sw[63]_i_4/O
                         net (fo=3, routed)           0.372    -1.014    uart_inst/sw[63]_i_4_n_0
    SLICE_X94Y95         LUT6 (Prop_lut6_I1_O)        0.136    -0.878 r  uart_inst/sw[62]_i_4/O
                         net (fo=4, routed)           0.535    -0.344    uart_inst/sw[62]_i_4_n_0
    SLICE_X95Y96         LUT2 (Prop_lut2_I0_O)        0.043    -0.301 r  uart_inst/sw[62]_i_3/O
                         net (fo=32, routed)          1.295     0.994    uart_inst/sw[62]_i_3_n_0
    SLICE_X93Y101        LUT6 (Prop_lut6_I2_O)        0.043     1.037 r  uart_inst/sw[21]_i_1/O
                         net (fo=1, routed)           0.000     1.037    twin_controller_inst/sw_reg[21]_0
    SLICE_X93Y101        FDCE                                         r  twin_controller_inst/sw_reg[21]/D
  -------------------------------------------------------------------    -------------------

                         (clock clk_out1_pll rise edge)
                                                     20.000    20.000 r  
    AD12                                              0.000    20.000 r  i_sys_clk_p (IN)
                         net (fo=0)                   0.000    20.000    pll_inst/inst/clk_in1_p
    AD12                 IBUFDS (Prop_ibufds_I_O)     0.803    20.803 r  pll_inst/inst/clkin1_ibufgds/O
                         net (fo=1, routed)           1.001    21.804    pll_inst/inst/clk_in1_pll
    PLLE2_ADV_X1Y1       PLLE2_ADV (Prop_plle2_adv_CLKIN1_CLKOUT0)
                                                     -7.261    14.543 r  pll_inst/inst/plle2_adv_inst/CLKOUT0
                         net (fo=1, routed)           2.003    16.546    pll_inst/inst/clk_out1_pll
    BUFGCTRL_X0Y1        BUFG (Prop_bufg_I_O)         0.083    16.629 r  pll_inst/inst/clkout1_buf/O
                         net (fo=546, routed)         1.274    17.903    twin_controller_inst/CLK
    SLICE_X93Y101        FDCE                                         r  twin_controller_inst/sw_reg[21]/C
                         clock pessimism             -0.448    17.456    
                         clock uncertainty           -0.071    17.384    
    SLICE_X93Y101        FDCE (Setup_fdce_C_D)        0.034    17.418    twin_controller_inst/sw_reg[21]
  -------------------------------------------------------------------
                         required time                         17.418    
                         arrival time                          -1.037    
  -------------------------------------------------------------------
                         slack                                 16.381    

Slack (MET) :             16.381ns  (required time - arrival time)
  Source:                 uart_inst/rx_data_reg[2]/C
                            (rising edge-triggered cell FDCE clocked by clk_out1_pll  {rise@0.000ns fall@10.000ns period=20.000ns})
  Destination:            twin_controller_inst/sw_reg[21]/D
                            (rising edge-triggered cell FDCE clocked by clk_out1_pll  {rise@0.000ns fall@10.000ns period=20.000ns})
  Path Group:             clk_out1_pll
  Path Type:              Setup (Max at Slow Process Corner)
  Requirement:            20.000ns  (clk_out1_pll rise@20.000ns - clk_out1_pll rise@0.000ns)
  Data Path Delay:        3.291ns  (logic 0.530ns (16.103%)  route 2.761ns (83.897%))
  Logic Levels:           4  (LUT2=1 LUT3=1 LUT6=2)
  Clock Path Skew:        -0.290ns (DCD - SCD + CPR)
    Destination Clock Delay (DCD):    -2.097ns = ( 17.903 - 20.000 ) 
    Source Clock Delay      (SCD):    -2.254ns
    Clock Pessimism Removal (CPR):    -0.448ns
  Clock Uncertainty:      0.071ns  ((TSJ^2 + DJ^2)^1/2) / 2 + PE
    Total System Jitter     (TSJ):    0.071ns
    Discrete Jitter          (DJ):    0.124ns
    Phase Error              (PE):    0.000ns

    Location             Delay type                Incr(ns)  Path(ns)    Netlist Resource(s)
  -------------------------------------------------------------------    -------------------
                         (clock clk_out1_pll rise edge)
                                                      0.000     0.000 r  
    AD12                                              0.000     0.000 r  i_sys_clk_p (IN)
                         net (fo=0)                   0.000     0.000    pll_inst/inst/clk_in1_p
    AD12                 IBUFDS (Prop_ibufds_I_O)     0.906     0.906 r  pll_inst/inst/clkin1_ibufgds/O
                         net (fo=1, routed)           1.098     2.004    pll_inst/inst/clk_in1_pll
    PLLE2_ADV_X1Y1       PLLE2_ADV (Prop_plle2_adv_CLKIN1_CLKOUT0)
                                                     -8.058    -6.054 r  pll_inst/inst/plle2_adv_inst/CLKOUT0
                         net (fo=1, routed)           2.128    -3.926    pll_inst/inst/clk_out1_pll
    BUFGCTRL_X0Y1        BUFG (Prop_bufg_I_O)         0.093    -3.833 r  pll_inst/inst/clkout1_buf/O
                         net (fo=546, routed)         1.579    -2.254    uart_inst/clk_out1
    SLICE_X94Y94         FDCE                                         r  uart_inst/rx_data_reg[2]/C
  -------------------------------------------------------------------    -------------------
    SLICE_X94Y94         FDCE (Prop_fdce_C_Q)         0.259    -1.995 f  uart_inst/rx_data_reg[2]/Q
                         net (fo=17, routed)          0.560    -1.435    uart_inst/rx_data[2]
    SLICE_X95Y95         LUT3 (Prop_lut3_I0_O)        0.049    -1.386 r  uart_inst/sw[63]_i_4/O
                         net (fo=3, routed)           0.372    -1.014    uart_inst/sw[63]_i_4_n_0
    SLICE_X94Y95         LUT6 (Prop_lut6_I1_O)        0.136    -0.878 f  uart_inst/sw[62]_i_4/O
                         net (fo=4, routed)           0.535    -0.344    uart_inst/sw[62]_i_4_n_0
    SLICE_X95Y96         LUT2 (Prop_lut2_I0_O)        0.043    -0.301 f  uart_inst/sw[62]_i_3/O
                         net (fo=32, routed)          1.295     0.994    uart_inst/sw[62]_i_3_n_0
    SLICE_X93Y101        LUT6 (Prop_lut6_I2_O)        0.043     1.037 r  uart_inst/sw[21]_i_1/O
                         net (fo=1, routed)           0.000     1.037    twin_controller_inst/sw_reg[21]_0
    SLICE_X93Y101        FDCE                                         r  twin_controller_inst/sw_reg[21]/D
  -------------------------------------------------------------------    -------------------

                         (clock clk_out1_pll rise edge)
                                                     20.000    20.000 r  
    AD12                                              0.000    20.000 r  i_sys_clk_p (IN)
                         net (fo=0)                   0.000    20.000    pll_inst/inst/clk_in1_p
    AD12                 IBUFDS (Prop_ibufds_I_O)     0.803    20.803 r  pll_inst/inst/clkin1_ibufgds/O
                         net (fo=1, routed)           1.001    21.804    pll_inst/inst/clk_in1_pll
    PLLE2_ADV_X1Y1       PLLE2_ADV (Prop_plle2_adv_CLKIN1_CLKOUT0)
                                                     -7.261    14.543 r  pll_inst/inst/plle2_adv_inst/CLKOUT0
                         net (fo=1, routed)           2.003    16.546    pll_inst/inst/clk_out1_pll
    BUFGCTRL_X0Y1        BUFG (Prop_bufg_I_O)         0.083    16.629 r  pll_inst/inst/clkout1_buf/O
                         net (fo=546, routed)         1.274    17.903    twin_controller_inst/CLK
    SLICE_X93Y101        FDCE                                         r  twin_controller_inst/sw_reg[21]/C
                         clock pessimism             -0.448    17.456    
                         clock uncertainty           -0.071    17.384    
    SLICE_X93Y101        FDCE (Setup_fdce_C_D)        0.034    17.418    twin_controller_inst/sw_reg[21]
  -------------------------------------------------------------------
                         required time                         17.418    
                         arrival time                          -1.037    
  -------------------------------------------------------------------
                         slack                                 16.381    

Slack (MET) :             16.381ns  (required time - arrival time)
  Source:                 uart_inst/rx_data_reg[2]/C
                            (rising edge-triggered cell FDCE clocked by clk_out1_pll  {rise@0.000ns fall@10.000ns period=20.000ns})
  Destination:            twin_controller_inst/sw_reg[21]/D
                            (rising edge-triggered cell FDCE clocked by clk_out1_pll  {rise@0.000ns fall@10.000ns period=20.000ns})
  Path Group:             clk_out1_pll
  Path Type:              Setup (Max at Slow Process Corner)
  Requirement:            20.000ns  (clk_out1_pll rise@20.000ns - clk_out1_pll rise@0.000ns)
  Data Path Delay:        3.291ns  (logic 0.530ns (16.103%)  route 2.761ns (83.897%))
  Logic Levels:           4  (LUT2=1 LUT3=1 LUT6=2)
  Clock Path Skew:        -0.290ns (DCD - SCD + CPR)
    Destination Clock Delay (DCD):    -2.097ns = ( 17.903 - 20.000 ) 
    Source Clock Delay      (SCD):    -2.254ns
    Clock Pessimism Removal (CPR):    -0.448ns
  Clock Uncertainty:      0.071ns  ((TSJ^2 + DJ^2)^1/2) / 2 + PE
    Total System Jitter     (TSJ):    0.071ns
    Discrete Jitter          (DJ):    0.124ns
    Phase Error              (PE):    0.000ns

    Location             Delay type                Incr(ns)  Path(ns)    Netlist Resource(s)
  -------------------------------------------------------------------    -------------------
                         (clock clk_out1_pll rise edge)
                                                      0.000     0.000 r  
    AD12                                              0.000     0.000 r  i_sys_clk_p (IN)
                         net (fo=0)                   0.000     0.000    pll_inst/inst/clk_in1_p
    AD12                 IBUFDS (Prop_ibufds_I_O)     0.906     0.906 r  pll_inst/inst/clkin1_ibufgds/O
                         net (fo=1, routed)           1.098     2.004    pll_inst/inst/clk_in1_pll
    PLLE2_ADV_X1Y1       PLLE2_ADV (Prop_plle2_adv_CLKIN1_CLKOUT0)
                                                     -8.058    -6.054 r  pll_inst/inst/plle2_adv_inst/CLKOUT0
                         net (fo=1, routed)           2.128    -3.926    pll_inst/inst/clk_out1_pll
    BUFGCTRL_X0Y1        BUFG (Prop_bufg_I_O)         0.093    -3.833 r  pll_inst/inst/clkout1_buf/O
                         net (fo=546, routed)         1.579    -2.254    uart_inst/clk_out1
    SLICE_X94Y94         FDCE                                         r  uart_inst/rx_data_reg[2]/C
  -------------------------------------------------------------------    -------------------
    SLICE_X94Y94         FDCE (Prop_fdce_C_Q)         0.259    -1.995 r  uart_inst/rx_data_reg[2]/Q
                         net (fo=17, routed)          0.560    -1.435    uart_inst/rx_data[2]
    SLICE_X95Y95         LUT3 (Prop_lut3_I0_O)        0.049    -1.386 f  uart_inst/sw[63]_i_4/O
                         net (fo=3, routed)           0.372    -1.014    uart_inst/sw[63]_i_4_n_0
    SLICE_X94Y95         LUT6 (Prop_lut6_I1_O)        0.136    -0.878 f  uart_inst/sw[62]_i_4/O
                         net (fo=4, routed)           0.535    -0.344    uart_inst/sw[62]_i_4_n_0
    SLICE_X95Y96         LUT2 (Prop_lut2_I0_O)        0.043    -0.301 f  uart_inst/sw[62]_i_3/O
                         net (fo=32, routed)          1.295     0.994    uart_inst/sw[62]_i_3_n_0
    SLICE_X93Y101        LUT6 (Prop_lut6_I2_O)        0.043     1.037 r  uart_inst/sw[21]_i_1/O
                         net (fo=1, routed)           0.000     1.037    twin_controller_inst/sw_reg[21]_0
    SLICE_X93Y101        FDCE                                         r  twin_controller_inst/sw_reg[21]/D
  -------------------------------------------------------------------    -------------------

                         (clock clk_out1_pll rise edge)
                                                     20.000    20.000 r  
    AD12                                              0.000    20.000 r  i_sys_clk_p (IN)
                         net (fo=0)                   0.000    20.000    pll_inst/inst/clk_in1_p
    AD12                 IBUFDS (Prop_ibufds_I_O)     0.803    20.803 r  pll_inst/inst/clkin1_ibufgds/O
                         net (fo=1, routed)           1.001    21.804    pll_inst/inst/clk_in1_pll
    PLLE2_ADV_X1Y1       PLLE2_ADV (Prop_plle2_adv_CLKIN1_CLKOUT0)
                                                     -7.261    14.543 r  pll_inst/inst/plle2_adv_inst/CLKOUT0
                         net (fo=1, routed)           2.003    16.546    pll_inst/inst/clk_out1_pll
    BUFGCTRL_X0Y1        BUFG (Prop_bufg_I_O)         0.083    16.629 r  pll_inst/inst/clkout1_buf/O
                         net (fo=546, routed)         1.274    17.903    twin_controller_inst/CLK
    SLICE_X93Y101        FDCE                                         r  twin_controller_inst/sw_reg[21]/C
                         clock pessimism             -0.448    17.456    
                         clock uncertainty           -0.071    17.384    
    SLICE_X93Y101        FDCE (Setup_fdce_C_D)        0.034    17.418    twin_controller_inst/sw_reg[21]
  -------------------------------------------------------------------
                         required time                         17.418    
                         arrival time                          -1.037    
  -------------------------------------------------------------------
                         slack                                 16.381    

Slack (MET) :             16.381ns  (required time - arrival time)
  Source:                 uart_inst/rx_data_reg[2]/C
                            (rising edge-triggered cell FDCE clocked by clk_out1_pll  {rise@0.000ns fall@10.000ns period=20.000ns})
  Destination:            twin_controller_inst/sw_reg[21]/D
                            (rising edge-triggered cell FDCE clocked by clk_out1_pll  {rise@0.000ns fall@10.000ns period=20.000ns})
  Path Group:             clk_out1_pll
  Path Type:              Setup (Max at Slow Process Corner)
  Requirement:            20.000ns  (clk_out1_pll rise@20.000ns - clk_out1_pll rise@0.000ns)
  Data Path Delay:        3.291ns  (logic 0.530ns (16.103%)  route 2.761ns (83.897%))
  Logic Levels:           4  (LUT2=1 LUT3=1 LUT6=2)
  Clock Path Skew:        -0.290ns (DCD - SCD + CPR)
    Destination Clock Delay (DCD):    -2.097ns = ( 17.903 - 20.000 ) 
    Source Clock Delay      (SCD):    -2.254ns
    Clock Pessimism Removal (CPR):    -0.448ns
  Clock Uncertainty:      0.071ns  ((TSJ^2 + DJ^2)^1/2) / 2 + PE
    Total System Jitter     (TSJ):    0.071ns
    Discrete Jitter          (DJ):    0.124ns
    Phase Error              (PE):    0.000ns

    Location             Delay type                Incr(ns)  Path(ns)    Netlist Resource(s)
  -------------------------------------------------------------------    -------------------
                         (clock clk_out1_pll rise edge)
                                                      0.000     0.000 r  
    AD12                                              0.000     0.000 r  i_sys_clk_p (IN)
                         net (fo=0)                   0.000     0.000    pll_inst/inst/clk_in1_p
    AD12                 IBUFDS (Prop_ibufds_I_O)     0.906     0.906 r  pll_inst/inst/clkin1_ibufgds/O
                         net (fo=1, routed)           1.098     2.004    pll_inst/inst/clk_in1_pll
    PLLE2_ADV_X1Y1       PLLE2_ADV (Prop_plle2_adv_CLKIN1_CLKOUT0)
                                                     -8.058    -6.054 r  pll_inst/inst/plle2_adv_inst/CLKOUT0
                         net (fo=1, routed)           2.128    -3.926    pll_inst/inst/clk_out1_pll
    BUFGCTRL_X0Y1        BUFG (Prop_bufg_I_O)         0.093    -3.833 r  pll_inst/inst/clkout1_buf/O
                         net (fo=546, routed)         1.579    -2.254    uart_inst/clk_out1
    SLICE_X94Y94         FDCE                                         r  uart_inst/rx_data_reg[2]/C
  -------------------------------------------------------------------    -------------------
    SLICE_X94Y94         FDCE (Prop_fdce_C_Q)         0.259    -1.995 f  uart_inst/rx_data_reg[2]/Q
                         net (fo=17, routed)          0.560    -1.435    uart_inst/rx_data[2]
    SLICE_X95Y95         LUT3 (Prop_lut3_I0_O)        0.049    -1.386 r  uart_inst/sw[63]_i_4/O
                         net (fo=3, routed)           0.372    -1.014    uart_inst/sw[63]_i_4_n_0
    SLICE_X94Y95         LUT6 (Prop_lut6_I1_O)        0.136    -0.878 r  uart_inst/sw[62]_i_4/O
                         net (fo=4, routed)           0.535    -0.344    uart_inst/sw[62]_i_4_n_0
    SLICE_X95Y96         LUT2 (Prop_lut2_I0_O)        0.043    -0.301 r  uart_inst/sw[62]_i_3/O
                         net (fo=32, routed)          1.295     0.994    uart_inst/sw[62]_i_3_n_0
    SLICE_X93Y101        LUT6 (Prop_lut6_I2_O)        0.043     1.037 f  uart_inst/sw[21]_i_1/O
                         net (fo=1, routed)           0.000     1.037    twin_controller_inst/sw_reg[21]_0
    SLICE_X93Y101        FDCE                                         f  twin_controller_inst/sw_reg[21]/D
  -------------------------------------------------------------------    -------------------

                         (clock clk_out1_pll rise edge)
                                                     20.000    20.000 r  
    AD12                                              0.000    20.000 r  i_sys_clk_p (IN)
                         net (fo=0)                   0.000    20.000    pll_inst/inst/clk_in1_p
    AD12                 IBUFDS (Prop_ibufds_I_O)     0.803    20.803 r  pll_inst/inst/clkin1_ibufgds/O
                         net (fo=1, routed)           1.001    21.804    pll_inst/inst/clk_in1_pll
    PLLE2_ADV_X1Y1       PLLE2_ADV (Prop_plle2_adv_CLKIN1_CLKOUT0)
                                                     -7.261    14.543 r  pll_inst/inst/plle2_adv_inst/CLKOUT0
                         net (fo=1, routed)           2.003    16.546    pll_inst/inst/clk_out1_pll
    BUFGCTRL_X0Y1        BUFG (Prop_bufg_I_O)         0.083    16.629 r  pll_inst/inst/clkout1_buf/O
                         net (fo=546, routed)         1.274    17.903    twin_controller_inst/CLK
    SLICE_X93Y101        FDCE                                         r  twin_controller_inst/sw_reg[21]/C
                         clock pessimism             -0.448    17.456    
                         clock uncertainty           -0.071    17.384    
    SLICE_X93Y101        FDCE (Setup_fdce_C_D)        0.034    17.418    twin_controller_inst/sw_reg[21]
  -------------------------------------------------------------------
                         required time                         17.418    
                         arrival time                          -1.037    
  -------------------------------------------------------------------
                         slack                                 16.381    

Slack (MET) :             16.470ns  (required time - arrival time)
  Source:                 uart_inst/rx_data_reg[2]/C
                            (rising edge-triggered cell FDCE clocked by clk_out1_pll  {rise@0.000ns fall@10.000ns period=20.000ns})
  Destination:            twin_controller_inst/sw_reg[53]/D
                            (rising edge-triggered cell FDCE clocked by clk_out1_pll  {rise@0.000ns fall@10.000ns period=20.000ns})
  Path Group:             clk_out1_pll
  Path Type:              Setup (Max at Slow Process Corner)
  Requirement:            20.000ns  (clk_out1_pll rise@20.000ns - clk_out1_pll rise@0.000ns)
  Data Path Delay:        3.202ns  (logic 0.530ns (16.551%)  route 2.672ns (83.449%))
  Logic Levels:           4  (LUT2=1 LUT3=1 LUT6=2)
  Clock Path Skew:        -0.290ns (DCD - SCD + CPR)
    Destination Clock Delay (DCD):    -2.097ns = ( 17.903 - 20.000 ) 
    Source Clock Delay      (SCD):    -2.254ns
    Clock Pessimism Removal (CPR):    -0.448ns
  Clock Uncertainty:      0.071ns  ((TSJ^2 + DJ^2)^1/2) / 2 + PE
    Total System Jitter     (TSJ):    0.071ns
    Discrete Jitter          (DJ):    0.124ns
    Phase Error              (PE):    0.000ns

    Location             Delay type                Incr(ns)  Path(ns)    Netlist Resource(s)
  -------------------------------------------------------------------    -------------------
                         (clock clk_out1_pll rise edge)
                                                      0.000     0.000 r  
    AD12                                              0.000     0.000 r  i_sys_clk_p (IN)
                         net (fo=0)                   0.000     0.000    pll_inst/inst/clk_in1_p
    AD12                 IBUFDS (Prop_ibufds_I_O)     0.906     0.906 r  pll_inst/inst/clkin1_ibufgds/O
                         net (fo=1, routed)           1.098     2.004    pll_inst/inst/clk_in1_pll
    PLLE2_ADV_X1Y1       PLLE2_ADV (Prop_plle2_adv_CLKIN1_CLKOUT0)
                                                     -8.058    -6.054 r  pll_inst/inst/plle2_adv_inst/CLKOUT0
                         net (fo=1, routed)           2.128    -3.926    pll_inst/inst/clk_out1_pll
    BUFGCTRL_X0Y1        BUFG (Prop_bufg_I_O)         0.093    -3.833 r  pll_inst/inst/clkout1_buf/O
                         net (fo=546, routed)         1.579    -2.254    uart_inst/clk_out1
    SLICE_X94Y94         FDCE                                         r  uart_inst/rx_data_reg[2]/C
  -------------------------------------------------------------------    -------------------
    SLICE_X94Y94         FDCE (Prop_fdce_C_Q)         0.259    -1.995 f  uart_inst/rx_data_reg[2]/Q
                         net (fo=17, routed)          0.560    -1.435    uart_inst/rx_data[2]
    SLICE_X95Y95         LUT3 (Prop_lut3_I0_O)        0.049    -1.386 r  uart_inst/sw[63]_i_4/O
                         net (fo=3, routed)           0.372    -1.014    uart_inst/sw[63]_i_4_n_0
    SLICE_X94Y95         LUT6 (Prop_lut6_I1_O)        0.136    -0.878 r  uart_inst/sw[62]_i_4/O
                         net (fo=4, routed)           0.535    -0.344    uart_inst/sw[62]_i_4_n_0
    SLICE_X95Y96         LUT2 (Prop_lut2_I0_O)        0.043    -0.301 r  uart_inst/sw[62]_i_3/O
                         net (fo=32, routed)          1.205     0.905    uart_inst/sw[62]_i_3_n_0
    SLICE_X95Y100        LUT6 (Prop_lut6_I2_O)        0.043     0.948 r  uart_inst/sw[53]_i_1/O
                         net (fo=1, routed)           0.000     0.948    twin_controller_inst/sw_reg[53]_0
    SLICE_X95Y100        FDCE                                         r  twin_controller_inst/sw_reg[53]/D
  -------------------------------------------------------------------    -------------------

                         (clock clk_out1_pll rise edge)
                                                     20.000    20.000 r  
    AD12                                              0.000    20.000 r  i_sys_clk_p (IN)
                         net (fo=0)                   0.000    20.000    pll_inst/inst/clk_in1_p
    AD12                 IBUFDS (Prop_ibufds_I_O)     0.803    20.803 r  pll_inst/inst/clkin1_ibufgds/O
                         net (fo=1, routed)           1.001    21.804    pll_inst/inst/clk_in1_pll
    PLLE2_ADV_X1Y1       PLLE2_ADV (Prop_plle2_adv_CLKIN1_CLKOUT0)
                                                     -7.261    14.543 r  pll_inst/inst/plle2_adv_inst/CLKOUT0
                         net (fo=1, routed)           2.003    16.546    pll_inst/inst/clk_out1_pll
    BUFGCTRL_X0Y1        BUFG (Prop_bufg_I_O)         0.083    16.629 r  pll_inst/inst/clkout1_buf/O
                         net (fo=546, routed)         1.274    17.903    twin_controller_inst/CLK
    SLICE_X95Y100        FDCE                                         r  twin_controller_inst/sw_reg[53]/C
                         clock pessimism             -0.448    17.456    
                         clock uncertainty           -0.071    17.384    
    SLICE_X95Y100        FDCE (Setup_fdce_C_D)        0.034    17.418    twin_controller_inst/sw_reg[53]
  -------------------------------------------------------------------
                         required time                         17.418    
                         arrival time                          -0.948    
  -------------------------------------------------------------------
                         slack                                 16.470    




