Copyright 1986-2022 Xilinx, Inc. All Rights Reserved. Copyright 2022-2023 Advanced Micro Devices, Inc. All Rights Reserved.
----------------------------------------------------------------------------------------------------------------------------------------------------------------------------------------------------------------------------------------
| Tool Version : Vivado v.2023.2 (win64) Build 4029153 Fri Oct 13 20:14:34 MDT 2023
| Date         : Tue Jun  2 21:30:23 2026
| Host         : LAPTOP-5UF1FH4A running 64-bit major release  (build 9200)
| Command      : report_timing -delay_type min -sort_by group -max_paths 20 -nworst 5 -path_type full_clock_expanded -file C:/Users/hp/Downloads/digital_twin/digital_twin.srcs/sources_1/vivado_clk2_sweep/top_timing_min_clk2_216.rpt
| Design       : top
| Device       : 7k325t-ffg900
| Speed File   : -2  PRODUCTION 1.12 2017-02-17
| Design State : Routed
----------------------------------------------------------------------------------------------------------------------------------------------------------------------------------------------------------------------------------------

Timing Report

Slack (MET) :             0.085ns  (arrival time - required time)
  Source:                 student_top_inst/bridge_inst/sw_sync_d2_reg[12]/C
                            (rising edge-triggered cell FDRE clocked by clk_out2_pll  {rise@0.000ns fall@2.308ns period=4.615ns})
  Destination:            student_top_inst/bridge_inst/mmio_rdata_r_reg[12]/D
                            (rising edge-triggered cell FDRE clocked by clk_out2_pll  {rise@0.000ns fall@2.308ns period=4.615ns})
  Path Group:             clk_out2_pll
  Path Type:              Hold (Min at Fast Process Corner)
  Requirement:            0.000ns  (clk_out2_pll rise@0.000ns - clk_out2_pll rise@0.000ns)
  Data Path Delay:        0.183ns  (logic 0.128ns (70.125%)  route 0.055ns (29.875%))
  Logic Levels:           1  (LUT5=1)
  Clock Path Skew:        0.011ns (DCD - SCD - CPR)
    Destination Clock Delay (DCD):    -0.626ns
    Source Clock Delay      (SCD):    -0.435ns
    Clock Pessimism Removal (CPR):    -0.203ns

    Location             Delay type                Incr(ns)  Path(ns)    Netlist Resource(s)
  -------------------------------------------------------------------    -------------------
                         (clock clk_out2_pll rise edge)
                                                      0.000     0.000 r  
    AD12                                              0.000     0.000 r  i_sys_clk_p (IN)
                         net (fo=0)                   0.000     0.000    pll_inst/inst/clk_in1_p
    AD12                 IBUFDS (Prop_ibufds_I_O)     0.388     0.388 r  pll_inst/inst/clkin1_ibufgds/O
                         net (fo=1, routed)           0.503     0.891    pll_inst/inst/clk_in1_pll
    PLLE2_ADV_X1Y1       PLLE2_ADV (Prop_plle2_adv_CLKIN1_CLKOUT1)
                                                     -2.908    -2.017 r  pll_inst/inst/plle2_adv_inst/CLKOUT1
                         net (fo=1, routed)           0.958    -1.059    pll_inst/inst/clk_out2_pll
    BUFGCTRL_X0Y0        BUFG (Prop_bufg_I_O)         0.026    -1.033 r  pll_inst/inst/clkout2_buf/O
                         net (fo=2866, routed)        0.598    -0.435    student_top_inst/bridge_inst/clk_out2
    SLICE_X87Y101        FDRE                                         r  student_top_inst/bridge_inst/sw_sync_d2_reg[12]/C
  -------------------------------------------------------------------    -------------------
    SLICE_X87Y101        FDRE (Prop_fdre_C_Q)         0.100    -0.335 r  student_top_inst/bridge_inst/sw_sync_d2_reg[12]/Q
                         net (fo=1, routed)           0.055    -0.280    student_top_inst/bridge_inst/counter_inst/Q[12]
    SLICE_X86Y101        LUT5 (Prop_lut5_I1_O)        0.028    -0.252 r  student_top_inst/bridge_inst/counter_inst/mmio_rdata_r[12]_i_1/O
                         net (fo=1, routed)           0.000    -0.252    student_top_inst/bridge_inst/mmio_rdata_next[12]
    SLICE_X86Y101        FDRE                                         r  student_top_inst/bridge_inst/mmio_rdata_r_reg[12]/D
  -------------------------------------------------------------------    -------------------

                         (clock clk_out2_pll rise edge)
                                                      0.000     0.000 r  
    AD12                                              0.000     0.000 r  i_sys_clk_p (IN)
                         net (fo=0)                   0.000     0.000    pll_inst/inst/clk_in1_p
    AD12                 IBUFDS (Prop_ibufds_I_O)     0.470     0.470 r  pll_inst/inst/clkin1_ibufgds/O
                         net (fo=1, routed)           0.554     1.024    pll_inst/inst/clk_in1_pll
    PLLE2_ADV_X1Y1       PLLE2_ADV (Prop_plle2_adv_CLKIN1_CLKOUT1)
                                                     -3.524    -2.500 r  pll_inst/inst/plle2_adv_inst/CLKOUT1
                         net (fo=1, routed)           1.027    -1.473    pll_inst/inst/clk_out2_pll
    BUFGCTRL_X0Y0        BUFG (Prop_bufg_I_O)         0.030    -1.443 r  pll_inst/inst/clkout2_buf/O
                         net (fo=2866, routed)        0.817    -0.626    student_top_inst/bridge_inst/clk_out2
    SLICE_X86Y101        FDRE                                         r  student_top_inst/bridge_inst/mmio_rdata_r_reg[12]/C
                         clock pessimism              0.203    -0.424    
    SLICE_X86Y101        FDRE (Hold_fdre_C_D)         0.087    -0.337    student_top_inst/bridge_inst/mmio_rdata_r_reg[12]
  -------------------------------------------------------------------
                         required time                          0.337    
                         arrival time                          -0.252    
  -------------------------------------------------------------------
                         slack                                  0.085    

Slack (MET) :             0.085ns  (arrival time - required time)
  Source:                 student_top_inst/bridge_inst/sw_sync_d2_reg[12]/C
                            (rising edge-triggered cell FDRE clocked by clk_out2_pll  {rise@0.000ns fall@2.308ns period=4.615ns})
  Destination:            student_top_inst/bridge_inst/mmio_rdata_r_reg[12]/D
                            (rising edge-triggered cell FDRE clocked by clk_out2_pll  {rise@0.000ns fall@2.308ns period=4.615ns})
  Path Group:             clk_out2_pll
  Path Type:              Hold (Min at Fast Process Corner)
  Requirement:            0.000ns  (clk_out2_pll rise@0.000ns - clk_out2_pll rise@0.000ns)
  Data Path Delay:        0.183ns  (logic 0.128ns (70.125%)  route 0.055ns (29.875%))
  Logic Levels:           1  (LUT5=1)
  Clock Path Skew:        0.011ns (DCD - SCD - CPR)
    Destination Clock Delay (DCD):    -0.626ns
    Source Clock Delay      (SCD):    -0.435ns
    Clock Pessimism Removal (CPR):    -0.203ns

    Location             Delay type                Incr(ns)  Path(ns)    Netlist Resource(s)
  -------------------------------------------------------------------    -------------------
                         (clock clk_out2_pll rise edge)
                                                      0.000     0.000 r  
    AD12                                              0.000     0.000 r  i_sys_clk_p (IN)
                         net (fo=0)                   0.000     0.000    pll_inst/inst/clk_in1_p
    AD12                 IBUFDS (Prop_ibufds_I_O)     0.388     0.388 r  pll_inst/inst/clkin1_ibufgds/O
                         net (fo=1, routed)           0.503     0.891    pll_inst/inst/clk_in1_pll
    PLLE2_ADV_X1Y1       PLLE2_ADV (Prop_plle2_adv_CLKIN1_CLKOUT1)
                                                     -2.908    -2.017 r  pll_inst/inst/plle2_adv_inst/CLKOUT1
                         net (fo=1, routed)           0.958    -1.059    pll_inst/inst/clk_out2_pll
    BUFGCTRL_X0Y0        BUFG (Prop_bufg_I_O)         0.026    -1.033 r  pll_inst/inst/clkout2_buf/O
                         net (fo=2866, routed)        0.598    -0.435    student_top_inst/bridge_inst/clk_out2
    SLICE_X87Y101        FDRE                                         r  student_top_inst/bridge_inst/sw_sync_d2_reg[12]/C
  -------------------------------------------------------------------    -------------------
    SLICE_X87Y101        FDRE (Prop_fdre_C_Q)         0.100    -0.335 f  student_top_inst/bridge_inst/sw_sync_d2_reg[12]/Q
                         net (fo=1, routed)           0.055    -0.280    student_top_inst/bridge_inst/counter_inst/Q[12]
    SLICE_X86Y101        LUT5 (Prop_lut5_I1_O)        0.028    -0.252 f  student_top_inst/bridge_inst/counter_inst/mmio_rdata_r[12]_i_1/O
                         net (fo=1, routed)           0.000    -0.252    student_top_inst/bridge_inst/mmio_rdata_next[12]
    SLICE_X86Y101        FDRE                                         f  student_top_inst/bridge_inst/mmio_rdata_r_reg[12]/D
  -------------------------------------------------------------------    -------------------

                         (clock clk_out2_pll rise edge)
                                                      0.000     0.000 r  
    AD12                                              0.000     0.000 r  i_sys_clk_p (IN)
                         net (fo=0)                   0.000     0.000    pll_inst/inst/clk_in1_p
    AD12                 IBUFDS (Prop_ibufds_I_O)     0.470     0.470 r  pll_inst/inst/clkin1_ibufgds/O
                         net (fo=1, routed)           0.554     1.024    pll_inst/inst/clk_in1_pll
    PLLE2_ADV_X1Y1       PLLE2_ADV (Prop_plle2_adv_CLKIN1_CLKOUT1)
                                                     -3.524    -2.500 r  pll_inst/inst/plle2_adv_inst/CLKOUT1
                         net (fo=1, routed)           1.027    -1.473    pll_inst/inst/clk_out2_pll
    BUFGCTRL_X0Y0        BUFG (Prop_bufg_I_O)         0.030    -1.443 r  pll_inst/inst/clkout2_buf/O
                         net (fo=2866, routed)        0.817    -0.626    student_top_inst/bridge_inst/clk_out2
    SLICE_X86Y101        FDRE                                         r  student_top_inst/bridge_inst/mmio_rdata_r_reg[12]/C
                         clock pessimism              0.203    -0.424    
    SLICE_X86Y101        FDRE (Hold_fdre_C_D)         0.087    -0.337    student_top_inst/bridge_inst/mmio_rdata_r_reg[12]
  -------------------------------------------------------------------
                         required time                          0.337    
                         arrival time                          -0.252    
  -------------------------------------------------------------------
                         slack                                  0.085    

Slack (MET) :             0.088ns  (arrival time - required time)
  Source:                 student_top_inst/bridge_inst/counter_inst/cnt_gray_cpu_d1_reg[16]/C
                            (rising edge-triggered cell FDRE clocked by clk_out2_pll  {rise@0.000ns fall@2.308ns period=4.615ns})
  Destination:            student_top_inst/bridge_inst/counter_inst/cnt_gray_cpu_d2_reg[16]/D
                            (rising edge-triggered cell FDRE clocked by clk_out2_pll  {rise@0.000ns fall@2.308ns period=4.615ns})
  Path Group:             clk_out2_pll
  Path Type:              Hold (Min at Fast Process Corner)
  Requirement:            0.000ns  (clk_out2_pll rise@0.000ns - clk_out2_pll rise@0.000ns)
  Data Path Delay:        0.286ns  (logic 0.100ns (35.004%)  route 0.186ns (64.996%))
  Logic Levels:           0  
  Clock Path Skew:        0.139ns (DCD - SCD - CPR)
    Destination Clock Delay (DCD):    -0.628ns
    Source Clock Delay      (SCD):    -0.385ns
    Clock Pessimism Removal (CPR):    -0.383ns

    Location             Delay type                Incr(ns)  Path(ns)    Netlist Resource(s)
  -------------------------------------------------------------------    -------------------
                         (clock clk_out2_pll rise edge)
                                                      0.000     0.000 r  
    AD12                                              0.000     0.000 r  i_sys_clk_p (IN)
                         net (fo=0)                   0.000     0.000    pll_inst/inst/clk_in1_p
    AD12                 IBUFDS (Prop_ibufds_I_O)     0.388     0.388 r  pll_inst/inst/clkin1_ibufgds/O
                         net (fo=1, routed)           0.503     0.891    pll_inst/inst/clk_in1_pll
    PLLE2_ADV_X1Y1       PLLE2_ADV (Prop_plle2_adv_CLKIN1_CLKOUT1)
                                                     -2.908    -2.017 r  pll_inst/inst/plle2_adv_inst/CLKOUT1
                         net (fo=1, routed)           0.958    -1.059    pll_inst/inst/clk_out2_pll
    BUFGCTRL_X0Y0        BUFG (Prop_bufg_I_O)         0.026    -1.033 r  pll_inst/inst/clkout2_buf/O
                         net (fo=2866, routed)        0.648    -0.385    student_top_inst/bridge_inst/counter_inst/clk_out2
    SLICE_X80Y98         FDRE                                         r  student_top_inst/bridge_inst/counter_inst/cnt_gray_cpu_d1_reg[16]/C
  -------------------------------------------------------------------    -------------------
    SLICE_X80Y98         FDRE (Prop_fdre_C_Q)         0.100    -0.285 r  student_top_inst/bridge_inst/counter_inst/cnt_gray_cpu_d1_reg[16]/Q
                         net (fo=1, routed)           0.186    -0.099    student_top_inst/bridge_inst/counter_inst/cnt_gray_cpu_d1[16]
    SLICE_X82Y101        FDRE                                         r  student_top_inst/bridge_inst/counter_inst/cnt_gray_cpu_d2_reg[16]/D
  -------------------------------------------------------------------    -------------------

                         (clock clk_out2_pll rise edge)
                                                      0.000     0.000 r  
    AD12                                              0.000     0.000 r  i_sys_clk_p (IN)
                         net (fo=0)                   0.000     0.000    pll_inst/inst/clk_in1_p
    AD12                 IBUFDS (Prop_ibufds_I_O)     0.470     0.470 r  pll_inst/inst/clkin1_ibufgds/O
                         net (fo=1, routed)           0.554     1.024    pll_inst/inst/clk_in1_pll
    PLLE2_ADV_X1Y1       PLLE2_ADV (Prop_plle2_adv_CLKIN1_CLKOUT1)
                                                     -3.524    -2.500 r  pll_inst/inst/plle2_adv_inst/CLKOUT1
                         net (fo=1, routed)           1.027    -1.473    pll_inst/inst/clk_out2_pll
    BUFGCTRL_X0Y0        BUFG (Prop_bufg_I_O)         0.030    -1.443 r  pll_inst/inst/clkout2_buf/O
                         net (fo=2866, routed)        0.815    -0.628    student_top_inst/bridge_inst/counter_inst/clk_out2
    SLICE_X82Y101        FDRE                                         r  student_top_inst/bridge_inst/counter_inst/cnt_gray_cpu_d2_reg[16]/C
                         clock pessimism              0.383    -0.246    
    SLICE_X82Y101        FDRE (Hold_fdre_C_D)         0.059    -0.187    student_top_inst/bridge_inst/counter_inst/cnt_gray_cpu_d2_reg[16]
  -------------------------------------------------------------------
                         required time                          0.187    
                         arrival time                          -0.099    
  -------------------------------------------------------------------
                         slack                                  0.088    

Slack (MET) :             0.088ns  (arrival time - required time)
  Source:                 student_top_inst/bridge_inst/counter_inst/cnt_gray_cpu_d1_reg[16]/C
                            (rising edge-triggered cell FDRE clocked by clk_out2_pll  {rise@0.000ns fall@2.308ns period=4.615ns})
  Destination:            student_top_inst/bridge_inst/counter_inst/cnt_gray_cpu_d2_reg[16]/D
                            (rising edge-triggered cell FDRE clocked by clk_out2_pll  {rise@0.000ns fall@2.308ns period=4.615ns})
  Path Group:             clk_out2_pll
  Path Type:              Hold (Min at Fast Process Corner)
  Requirement:            0.000ns  (clk_out2_pll rise@0.000ns - clk_out2_pll rise@0.000ns)
  Data Path Delay:        0.286ns  (logic 0.100ns (35.004%)  route 0.186ns (64.996%))
  Logic Levels:           0  
  Clock Path Skew:        0.139ns (DCD - SCD - CPR)
    Destination Clock Delay (DCD):    -0.628ns
    Source Clock Delay      (SCD):    -0.385ns
    Clock Pessimism Removal (CPR):    -0.383ns

    Location             Delay type                Incr(ns)  Path(ns)    Netlist Resource(s)
  -------------------------------------------------------------------    -------------------
                         (clock clk_out2_pll rise edge)
                                                      0.000     0.000 r  
    AD12                                              0.000     0.000 r  i_sys_clk_p (IN)
                         net (fo=0)                   0.000     0.000    pll_inst/inst/clk_in1_p
    AD12                 IBUFDS (Prop_ibufds_I_O)     0.388     0.388 r  pll_inst/inst/clkin1_ibufgds/O
                         net (fo=1, routed)           0.503     0.891    pll_inst/inst/clk_in1_pll
    PLLE2_ADV_X1Y1       PLLE2_ADV (Prop_plle2_adv_CLKIN1_CLKOUT1)
                                                     -2.908    -2.017 r  pll_inst/inst/plle2_adv_inst/CLKOUT1
                         net (fo=1, routed)           0.958    -1.059    pll_inst/inst/clk_out2_pll
    BUFGCTRL_X0Y0        BUFG (Prop_bufg_I_O)         0.026    -1.033 r  pll_inst/inst/clkout2_buf/O
                         net (fo=2866, routed)        0.648    -0.385    student_top_inst/bridge_inst/counter_inst/clk_out2
    SLICE_X80Y98         FDRE                                         r  student_top_inst/bridge_inst/counter_inst/cnt_gray_cpu_d1_reg[16]/C
  -------------------------------------------------------------------    -------------------
    SLICE_X80Y98         FDRE (Prop_fdre_C_Q)         0.100    -0.285 f  student_top_inst/bridge_inst/counter_inst/cnt_gray_cpu_d1_reg[16]/Q
                         net (fo=1, routed)           0.186    -0.099    student_top_inst/bridge_inst/counter_inst/cnt_gray_cpu_d1[16]
    SLICE_X82Y101        FDRE                                         f  student_top_inst/bridge_inst/counter_inst/cnt_gray_cpu_d2_reg[16]/D
  -------------------------------------------------------------------    -------------------

                         (clock clk_out2_pll rise edge)
                                                      0.000     0.000 r  
    AD12                                              0.000     0.000 r  i_sys_clk_p (IN)
                         net (fo=0)                   0.000     0.000    pll_inst/inst/clk_in1_p
    AD12                 IBUFDS (Prop_ibufds_I_O)     0.470     0.470 r  pll_inst/inst/clkin1_ibufgds/O
                         net (fo=1, routed)           0.554     1.024    pll_inst/inst/clk_in1_pll
    PLLE2_ADV_X1Y1       PLLE2_ADV (Prop_plle2_adv_CLKIN1_CLKOUT1)
                                                     -3.524    -2.500 r  pll_inst/inst/plle2_adv_inst/CLKOUT1
                         net (fo=1, routed)           1.027    -1.473    pll_inst/inst/clk_out2_pll
    BUFGCTRL_X0Y0        BUFG (Prop_bufg_I_O)         0.030    -1.443 r  pll_inst/inst/clkout2_buf/O
                         net (fo=2866, routed)        0.815    -0.628    student_top_inst/bridge_inst/counter_inst/clk_out2
    SLICE_X82Y101        FDRE                                         r  student_top_inst/bridge_inst/counter_inst/cnt_gray_cpu_d2_reg[16]/C
                         clock pessimism              0.383    -0.246    
    SLICE_X82Y101        FDRE (Hold_fdre_C_D)         0.059    -0.187    student_top_inst/bridge_inst/counter_inst/cnt_gray_cpu_d2_reg[16]
  -------------------------------------------------------------------
                         required time                          0.187    
                         arrival time                          -0.099    
  -------------------------------------------------------------------
                         slack                                  0.088    

Slack (MET) :             0.093ns  (arrival time - required time)
  Source:                 student_top_inst/bridge_inst/sw_sync_d2_reg[12]/C
                            (rising edge-triggered cell FDRE clocked by clk_out2_pll  {rise@0.000ns fall@2.308ns period=4.615ns})
  Destination:            student_top_inst/bridge_inst/mmio_rdata_r_reg[12]/D
                            (rising edge-triggered cell FDRE clocked by clk_out2_pll  {rise@0.000ns fall@2.308ns period=4.615ns})
  Path Group:             clk_out2_pll
  Path Type:              Hold (Min at Slow Process Corner)
  Requirement:            0.000ns  (clk_out2_pll rise@0.000ns - clk_out2_pll rise@0.000ns)
  Data Path Delay:        0.303ns  (logic 0.214ns (70.737%)  route 0.089ns (29.263%))
  Logic Levels:           1  (LUT5=1)
  Clock Path Skew:        0.021ns (DCD - SCD - CPR)
    Destination Clock Delay (DCD):    -2.430ns
    Source Clock Delay      (SCD):    -2.101ns
    Clock Pessimism Removal (CPR):    -0.351ns

    Location             Delay type                Incr(ns)  Path(ns)    Netlist Resource(s)
  -------------------------------------------------------------------    -------------------
                         (clock clk_out2_pll rise edge)
                                                      0.000     0.000 r  
    AD12                                              0.000     0.000 r  i_sys_clk_p (IN)
                         net (fo=0)                   0.000     0.000    pll_inst/inst/clk_in1_p
    AD12                 IBUFDS (Prop_ibufds_I_O)     0.803     0.803 r  pll_inst/inst/clkin1_ibufgds/O
                         net (fo=1, routed)           1.001     1.804    pll_inst/inst/clk_in1_pll
    PLLE2_ADV_X1Y1       PLLE2_ADV (Prop_plle2_adv_CLKIN1_CLKOUT1)
                                                     -7.261    -5.457 r  pll_inst/inst/plle2_adv_inst/CLKOUT1
                         net (fo=1, routed)           2.003    -3.454    pll_inst/inst/clk_out2_pll
    BUFGCTRL_X0Y0        BUFG (Prop_bufg_I_O)         0.083    -3.371 r  pll_inst/inst/clkout2_buf/O
                         net (fo=2866, routed)        1.270    -2.101    student_top_inst/bridge_inst/clk_out2
    SLICE_X87Y101        FDRE                                         r  student_top_inst/bridge_inst/sw_sync_d2_reg[12]/C
  -------------------------------------------------------------------    -------------------
    SLICE_X87Y101        FDRE (Prop_fdre_C_Q)         0.178    -1.923 r  student_top_inst/bridge_inst/sw_sync_d2_reg[12]/Q
                         net (fo=1, routed)           0.089    -1.834    student_top_inst/bridge_inst/counter_inst/Q[12]
    SLICE_X86Y101        LUT5 (Prop_lut5_I1_O)        0.036    -1.798 r  student_top_inst/bridge_inst/counter_inst/mmio_rdata_r[12]_i_1/O
                         net (fo=1, routed)           0.000    -1.798    student_top_inst/bridge_inst/mmio_rdata_next[12]
    SLICE_X86Y101        FDRE                                         r  student_top_inst/bridge_inst/mmio_rdata_r_reg[12]/D
  -------------------------------------------------------------------    -------------------

                         (clock clk_out2_pll rise edge)
                                                      0.000     0.000 r  
    AD12                                              0.000     0.000 r  i_sys_clk_p (IN)
                         net (fo=0)                   0.000     0.000    pll_inst/inst/clk_in1_p
    AD12                 IBUFDS (Prop_ibufds_I_O)     0.906     0.906 r  pll_inst/inst/clkin1_ibufgds/O
                         net (fo=1, routed)           1.098     2.004    pll_inst/inst/clk_in1_pll
    PLLE2_ADV_X1Y1       PLLE2_ADV (Prop_plle2_adv_CLKIN1_CLKOUT1)
                                                     -8.058    -6.054 r  pll_inst/inst/plle2_adv_inst/CLKOUT1
                         net (fo=1, routed)           2.128    -3.926    pll_inst/inst/clk_out2_pll
    BUFGCTRL_X0Y0        BUFG (Prop_bufg_I_O)         0.093    -3.833 r  pll_inst/inst/clkout2_buf/O
                         net (fo=2866, routed)        1.403    -2.430    student_top_inst/bridge_inst/clk_out2
    SLICE_X86Y101        FDRE                                         r  student_top_inst/bridge_inst/mmio_rdata_r_reg[12]/C
                         clock pessimism              0.351    -2.080    
    SLICE_X86Y101        FDRE (Hold_fdre_C_D)         0.189    -1.891    student_top_inst/bridge_inst/mmio_rdata_r_reg[12]
  -------------------------------------------------------------------
                         required time                          1.891    
                         arrival time                          -1.798    
  -------------------------------------------------------------------
                         slack                                  0.093    

Slack (MET) :             0.093ns  (arrival time - required time)
  Source:                 student_top_inst/bridge_inst/sw_sync_d2_reg[12]/C
                            (rising edge-triggered cell FDRE clocked by clk_out2_pll  {rise@0.000ns fall@2.308ns period=4.615ns})
  Destination:            student_top_inst/bridge_inst/mmio_rdata_r_reg[12]/D
                            (rising edge-triggered cell FDRE clocked by clk_out2_pll  {rise@0.000ns fall@2.308ns period=4.615ns})
  Path Group:             clk_out2_pll
  Path Type:              Hold (Min at Slow Process Corner)
  Requirement:            0.000ns  (clk_out2_pll rise@0.000ns - clk_out2_pll rise@0.000ns)
  Data Path Delay:        0.303ns  (logic 0.214ns (70.737%)  route 0.089ns (29.263%))
  Logic Levels:           1  (LUT5=1)
  Clock Path Skew:        0.021ns (DCD - SCD - CPR)
    Destination Clock Delay (DCD):    -2.430ns
    Source Clock Delay      (SCD):    -2.101ns
    Clock Pessimism Removal (CPR):    -0.351ns

    Location             Delay type                Incr(ns)  Path(ns)    Netlist Resource(s)
  -------------------------------------------------------------------    -------------------
                         (clock clk_out2_pll rise edge)
                                                      0.000     0.000 r  
    AD12                                              0.000     0.000 r  i_sys_clk_p (IN)
                         net (fo=0)                   0.000     0.000    pll_inst/inst/clk_in1_p
    AD12                 IBUFDS (Prop_ibufds_I_O)     0.803     0.803 r  pll_inst/inst/clkin1_ibufgds/O
                         net (fo=1, routed)           1.001     1.804    pll_inst/inst/clk_in1_pll
    PLLE2_ADV_X1Y1       PLLE2_ADV (Prop_plle2_adv_CLKIN1_CLKOUT1)
                                                     -7.261    -5.457 r  pll_inst/inst/plle2_adv_inst/CLKOUT1
                         net (fo=1, routed)           2.003    -3.454    pll_inst/inst/clk_out2_pll
    BUFGCTRL_X0Y0        BUFG (Prop_bufg_I_O)         0.083    -3.371 r  pll_inst/inst/clkout2_buf/O
                         net (fo=2866, routed)        1.270    -2.101    student_top_inst/bridge_inst/clk_out2
    SLICE_X87Y101        FDRE                                         r  student_top_inst/bridge_inst/sw_sync_d2_reg[12]/C
  -------------------------------------------------------------------    -------------------
    SLICE_X87Y101        FDRE (Prop_fdre_C_Q)         0.178    -1.923 f  student_top_inst/bridge_inst/sw_sync_d2_reg[12]/Q
                         net (fo=1, routed)           0.089    -1.834    student_top_inst/bridge_inst/counter_inst/Q[12]
    SLICE_X86Y101        LUT5 (Prop_lut5_I1_O)        0.036    -1.798 f  student_top_inst/bridge_inst/counter_inst/mmio_rdata_r[12]_i_1/O
                         net (fo=1, routed)           0.000    -1.798    student_top_inst/bridge_inst/mmio_rdata_next[12]
    SLICE_X86Y101        FDRE                                         f  student_top_inst/bridge_inst/mmio_rdata_r_reg[12]/D
  -------------------------------------------------------------------    -------------------

                         (clock clk_out2_pll rise edge)
                                                      0.000     0.000 r  
    AD12                                              0.000     0.000 r  i_sys_clk_p (IN)
                         net (fo=0)                   0.000     0.000    pll_inst/inst/clk_in1_p
    AD12                 IBUFDS (Prop_ibufds_I_O)     0.906     0.906 r  pll_inst/inst/clkin1_ibufgds/O
                         net (fo=1, routed)           1.098     2.004    pll_inst/inst/clk_in1_pll
    PLLE2_ADV_X1Y1       PLLE2_ADV (Prop_plle2_adv_CLKIN1_CLKOUT1)
                                                     -8.058    -6.054 r  pll_inst/inst/plle2_adv_inst/CLKOUT1
                         net (fo=1, routed)           2.128    -3.926    pll_inst/inst/clk_out2_pll
    BUFGCTRL_X0Y0        BUFG (Prop_bufg_I_O)         0.093    -3.833 r  pll_inst/inst/clkout2_buf/O
                         net (fo=2866, routed)        1.403    -2.430    student_top_inst/bridge_inst/clk_out2
    SLICE_X86Y101        FDRE                                         r  student_top_inst/bridge_inst/mmio_rdata_r_reg[12]/C
                         clock pessimism              0.351    -2.080    
    SLICE_X86Y101        FDRE (Hold_fdre_C_D)         0.189    -1.891    student_top_inst/bridge_inst/mmio_rdata_r_reg[12]
  -------------------------------------------------------------------
                         required time                          1.891    
                         arrival time                          -1.798    
  -------------------------------------------------------------------
                         slack                                  0.093    

Slack (MET) :             0.096ns  (arrival time - required time)
  Source:                 student_top_inst/bridge_inst/sw_sync_d1_reg[48]/C
                            (rising edge-triggered cell FDRE clocked by clk_out2_pll  {rise@0.000ns fall@2.308ns period=4.615ns})
  Destination:            student_top_inst/bridge_inst/sw_sync_d2_reg[48]/D
                            (rising edge-triggered cell FDRE clocked by clk_out2_pll  {rise@0.000ns fall@2.308ns period=4.615ns})
  Path Group:             clk_out2_pll
  Path Type:              Hold (Min at Fast Process Corner)
  Requirement:            0.000ns  (clk_out2_pll rise@0.000ns - clk_out2_pll rise@0.000ns)
  Data Path Delay:        0.235ns  (logic 0.091ns (38.686%)  route 0.144ns (61.314%))
  Logic Levels:           0  
  Clock Path Skew:        0.139ns (DCD - SCD - CPR)
    Destination Clock Delay (DCD):    -0.626ns
    Source Clock Delay      (SCD):    -0.383ns
    Clock Pessimism Removal (CPR):    -0.383ns

    Location             Delay type                Incr(ns)  Path(ns)    Netlist Resource(s)
  -------------------------------------------------------------------    -------------------
                         (clock clk_out2_pll rise edge)
                                                      0.000     0.000 r  
    AD12                                              0.000     0.000 r  i_sys_clk_p (IN)
                         net (fo=0)                   0.000     0.000    pll_inst/inst/clk_in1_p
    AD12                 IBUFDS (Prop_ibufds_I_O)     0.388     0.388 r  pll_inst/inst/clkin1_ibufgds/O
                         net (fo=1, routed)           0.503     0.891    pll_inst/inst/clk_in1_pll
    PLLE2_ADV_X1Y1       PLLE2_ADV (Prop_plle2_adv_CLKIN1_CLKOUT1)
                                                     -2.908    -2.017 r  pll_inst/inst/plle2_adv_inst/CLKOUT1
                         net (fo=1, routed)           0.958    -1.059    pll_inst/inst/clk_out2_pll
    BUFGCTRL_X0Y0        BUFG (Prop_bufg_I_O)         0.026    -1.033 r  pll_inst/inst/clkout2_buf/O
                         net (fo=2866, routed)        0.650    -0.383    student_top_inst/bridge_inst/clk_out2
    SLICE_X85Y99         FDRE                                         r  student_top_inst/bridge_inst/sw_sync_d1_reg[48]/C
  -------------------------------------------------------------------    -------------------
    SLICE_X85Y99         FDRE (Prop_fdre_C_Q)         0.091    -0.292 r  student_top_inst/bridge_inst/sw_sync_d1_reg[48]/Q
                         net (fo=1, routed)           0.144    -0.147    student_top_inst/bridge_inst/sw_sync_d1[48]
    SLICE_X87Y102        FDRE                                         r  student_top_inst/bridge_inst/sw_sync_d2_reg[48]/D
  -------------------------------------------------------------------    -------------------

                         (clock clk_out2_pll rise edge)
                                                      0.000     0.000 r  
    AD12                                              0.000     0.000 r  i_sys_clk_p (IN)
                         net (fo=0)                   0.000     0.000    pll_inst/inst/clk_in1_p
    AD12                 IBUFDS (Prop_ibufds_I_O)     0.470     0.470 r  pll_inst/inst/clkin1_ibufgds/O
                         net (fo=1, routed)           0.554     1.024    pll_inst/inst/clk_in1_pll
    PLLE2_ADV_X1Y1       PLLE2_ADV (Prop_plle2_adv_CLKIN1_CLKOUT1)
                                                     -3.524    -2.500 r  pll_inst/inst/plle2_adv_inst/CLKOUT1
                         net (fo=1, routed)           1.027    -1.473    pll_inst/inst/clk_out2_pll
    BUFGCTRL_X0Y0        BUFG (Prop_bufg_I_O)         0.030    -1.443 r  pll_inst/inst/clkout2_buf/O
                         net (fo=2866, routed)        0.817    -0.626    student_top_inst/bridge_inst/clk_out2
    SLICE_X87Y102        FDRE                                         r  student_top_inst/bridge_inst/sw_sync_d2_reg[48]/C
                         clock pessimism              0.383    -0.244    
    SLICE_X87Y102        FDRE (Hold_fdre_C_D)         0.000    -0.244    student_top_inst/bridge_inst/sw_sync_d2_reg[48]
  -------------------------------------------------------------------
                         required time                          0.244    
                         arrival time                          -0.147    
  -------------------------------------------------------------------
                         slack                                  0.096    

Slack (MET) :             0.096ns  (arrival time - required time)
  Source:                 student_top_inst/bridge_inst/sw_sync_d1_reg[48]/C
                            (rising edge-triggered cell FDRE clocked by clk_out2_pll  {rise@0.000ns fall@2.308ns period=4.615ns})
  Destination:            student_top_inst/bridge_inst/sw_sync_d2_reg[48]/D
                            (rising edge-triggered cell FDRE clocked by clk_out2_pll  {rise@0.000ns fall@2.308ns period=4.615ns})
  Path Group:             clk_out2_pll
  Path Type:              Hold (Min at Fast Process Corner)
  Requirement:            0.000ns  (clk_out2_pll rise@0.000ns - clk_out2_pll rise@0.000ns)
  Data Path Delay:        0.235ns  (logic 0.091ns (38.686%)  route 0.144ns (61.314%))
  Logic Levels:           0  
  Clock Path Skew:        0.139ns (DCD - SCD - CPR)
    Destination Clock Delay (DCD):    -0.626ns
    Source Clock Delay      (SCD):    -0.383ns
    Clock Pessimism Removal (CPR):    -0.383ns

    Location             Delay type                Incr(ns)  Path(ns)    Netlist Resource(s)
  -------------------------------------------------------------------    -------------------
                         (clock clk_out2_pll rise edge)
                                                      0.000     0.000 r  
    AD12                                              0.000     0.000 r  i_sys_clk_p (IN)
                         net (fo=0)                   0.000     0.000    pll_inst/inst/clk_in1_p
    AD12                 IBUFDS (Prop_ibufds_I_O)     0.388     0.388 r  pll_inst/inst/clkin1_ibufgds/O
                         net (fo=1, routed)           0.503     0.891    pll_inst/inst/clk_in1_pll
    PLLE2_ADV_X1Y1       PLLE2_ADV (Prop_plle2_adv_CLKIN1_CLKOUT1)
                                                     -2.908    -2.017 r  pll_inst/inst/plle2_adv_inst/CLKOUT1
                         net (fo=1, routed)           0.958    -1.059    pll_inst/inst/clk_out2_pll
    BUFGCTRL_X0Y0        BUFG (Prop_bufg_I_O)         0.026    -1.033 r  pll_inst/inst/clkout2_buf/O
                         net (fo=2866, routed)        0.650    -0.383    student_top_inst/bridge_inst/clk_out2
    SLICE_X85Y99         FDRE                                         r  student_top_inst/bridge_inst/sw_sync_d1_reg[48]/C
  -------------------------------------------------------------------    -------------------
    SLICE_X85Y99         FDRE (Prop_fdre_C_Q)         0.091    -0.292 f  student_top_inst/bridge_inst/sw_sync_d1_reg[48]/Q
                         net (fo=1, routed)           0.144    -0.147    student_top_inst/bridge_inst/sw_sync_d1[48]
    SLICE_X87Y102        FDRE                                         f  student_top_inst/bridge_inst/sw_sync_d2_reg[48]/D
  -------------------------------------------------------------------    -------------------

                         (clock clk_out2_pll rise edge)
                                                      0.000     0.000 r  
    AD12                                              0.000     0.000 r  i_sys_clk_p (IN)
                         net (fo=0)                   0.000     0.000    pll_inst/inst/clk_in1_p
    AD12                 IBUFDS (Prop_ibufds_I_O)     0.470     0.470 r  pll_inst/inst/clkin1_ibufgds/O
                         net (fo=1, routed)           0.554     1.024    pll_inst/inst/clk_in1_pll
    PLLE2_ADV_X1Y1       PLLE2_ADV (Prop_plle2_adv_CLKIN1_CLKOUT1)
                                                     -3.524    -2.500 r  pll_inst/inst/plle2_adv_inst/CLKOUT1
                         net (fo=1, routed)           1.027    -1.473    pll_inst/inst/clk_out2_pll
    BUFGCTRL_X0Y0        BUFG (Prop_bufg_I_O)         0.030    -1.443 r  pll_inst/inst/clkout2_buf/O
                         net (fo=2866, routed)        0.817    -0.626    student_top_inst/bridge_inst/clk_out2
    SLICE_X87Y102        FDRE                                         r  student_top_inst/bridge_inst/sw_sync_d2_reg[48]/C
                         clock pessimism              0.383    -0.244    
    SLICE_X87Y102        FDRE (Hold_fdre_C_D)         0.000    -0.244    student_top_inst/bridge_inst/sw_sync_d2_reg[48]
  -------------------------------------------------------------------
                         required time                          0.244    
                         arrival time                          -0.147    
  -------------------------------------------------------------------
                         slack                                  0.096    

Slack (MET) :             0.100ns  (arrival time - required time)
  Source:                 student_top_inst/bridge_inst/sw_sync_d1_reg[47]/C
                            (rising edge-triggered cell FDRE clocked by clk_out2_pll  {rise@0.000ns fall@2.308ns period=4.615ns})
  Destination:            student_top_inst/bridge_inst/sw_sync_d2_reg[47]/D
                            (rising edge-triggered cell FDRE clocked by clk_out2_pll  {rise@0.000ns fall@2.308ns period=4.615ns})
  Path Group:             clk_out2_pll
  Path Type:              Hold (Min at Fast Process Corner)
  Requirement:            0.000ns  (clk_out2_pll rise@0.000ns - clk_out2_pll rise@0.000ns)
  Data Path Delay:        0.279ns  (logic 0.100ns (35.902%)  route 0.179ns (64.098%))
  Logic Levels:           0  
  Clock Path Skew:        0.139ns (DCD - SCD - CPR)
    Destination Clock Delay (DCD):    -0.626ns
    Source Clock Delay      (SCD):    -0.383ns
    Clock Pessimism Removal (CPR):    -0.383ns

    Location             Delay type                Incr(ns)  Path(ns)    Netlist Resource(s)
  -------------------------------------------------------------------    -------------------
                         (clock clk_out2_pll rise edge)
                                                      0.000     0.000 r  
    AD12                                              0.000     0.000 r  i_sys_clk_p (IN)
                         net (fo=0)                   0.000     0.000    pll_inst/inst/clk_in1_p
    AD12                 IBUFDS (Prop_ibufds_I_O)     0.388     0.388 r  pll_inst/inst/clkin1_ibufgds/O
                         net (fo=1, routed)           0.503     0.891    pll_inst/inst/clk_in1_pll
    PLLE2_ADV_X1Y1       PLLE2_ADV (Prop_plle2_adv_CLKIN1_CLKOUT1)
                                                     -2.908    -2.017 r  pll_inst/inst/plle2_adv_inst/CLKOUT1
                         net (fo=1, routed)           0.958    -1.059    pll_inst/inst/clk_out2_pll
    BUFGCTRL_X0Y0        BUFG (Prop_bufg_I_O)         0.026    -1.033 r  pll_inst/inst/clkout2_buf/O
                         net (fo=2866, routed)        0.650    -0.383    student_top_inst/bridge_inst/clk_out2
    SLICE_X85Y99         FDRE                                         r  student_top_inst/bridge_inst/sw_sync_d1_reg[47]/C
  -------------------------------------------------------------------    -------------------
    SLICE_X85Y99         FDRE (Prop_fdre_C_Q)         0.100    -0.283 r  student_top_inst/bridge_inst/sw_sync_d1_reg[47]/Q
                         net (fo=1, routed)           0.179    -0.104    student_top_inst/bridge_inst/sw_sync_d1[47]
    SLICE_X87Y102        FDRE                                         r  student_top_inst/bridge_inst/sw_sync_d2_reg[47]/D
  -------------------------------------------------------------------    -------------------

                         (clock clk_out2_pll rise edge)
                                                      0.000     0.000 r  
    AD12                                              0.000     0.000 r  i_sys_clk_p (IN)
                         net (fo=0)                   0.000     0.000    pll_inst/inst/clk_in1_p
    AD12                 IBUFDS (Prop_ibufds_I_O)     0.470     0.470 r  pll_inst/inst/clkin1_ibufgds/O
                         net (fo=1, routed)           0.554     1.024    pll_inst/inst/clk_in1_pll
    PLLE2_ADV_X1Y1       PLLE2_ADV (Prop_plle2_adv_CLKIN1_CLKOUT1)
                                                     -3.524    -2.500 r  pll_inst/inst/plle2_adv_inst/CLKOUT1
                         net (fo=1, routed)           1.027    -1.473    pll_inst/inst/clk_out2_pll
    BUFGCTRL_X0Y0        BUFG (Prop_bufg_I_O)         0.030    -1.443 r  pll_inst/inst/clkout2_buf/O
                         net (fo=2866, routed)        0.817    -0.626    student_top_inst/bridge_inst/clk_out2
    SLICE_X87Y102        FDRE                                         r  student_top_inst/bridge_inst/sw_sync_d2_reg[47]/C
                         clock pessimism              0.383    -0.244    
    SLICE_X87Y102        FDRE (Hold_fdre_C_D)         0.040    -0.204    student_top_inst/bridge_inst/sw_sync_d2_reg[47]
  -------------------------------------------------------------------
                         required time                          0.204    
                         arrival time                          -0.104    
  -------------------------------------------------------------------
                         slack                                  0.100    

Slack (MET) :             0.100ns  (arrival time - required time)
  Source:                 student_top_inst/bridge_inst/sw_sync_d1_reg[47]/C
                            (rising edge-triggered cell FDRE clocked by clk_out2_pll  {rise@0.000ns fall@2.308ns period=4.615ns})
  Destination:            student_top_inst/bridge_inst/sw_sync_d2_reg[47]/D
                            (rising edge-triggered cell FDRE clocked by clk_out2_pll  {rise@0.000ns fall@2.308ns period=4.615ns})
  Path Group:             clk_out2_pll
  Path Type:              Hold (Min at Fast Process Corner)
  Requirement:            0.000ns  (clk_out2_pll rise@0.000ns - clk_out2_pll rise@0.000ns)
  Data Path Delay:        0.279ns  (logic 0.100ns (35.902%)  route 0.179ns (64.098%))
  Logic Levels:           0  
  Clock Path Skew:        0.139ns (DCD - SCD - CPR)
    Destination Clock Delay (DCD):    -0.626ns
    Source Clock Delay      (SCD):    -0.383ns
    Clock Pessimism Removal (CPR):    -0.383ns

    Location             Delay type                Incr(ns)  Path(ns)    Netlist Resource(s)
  -------------------------------------------------------------------    -------------------
                         (clock clk_out2_pll rise edge)
                                                      0.000     0.000 r  
    AD12                                              0.000     0.000 r  i_sys_clk_p (IN)
                         net (fo=0)                   0.000     0.000    pll_inst/inst/clk_in1_p
    AD12                 IBUFDS (Prop_ibufds_I_O)     0.388     0.388 r  pll_inst/inst/clkin1_ibufgds/O
                         net (fo=1, routed)           0.503     0.891    pll_inst/inst/clk_in1_pll
    PLLE2_ADV_X1Y1       PLLE2_ADV (Prop_plle2_adv_CLKIN1_CLKOUT1)
                                                     -2.908    -2.017 r  pll_inst/inst/plle2_adv_inst/CLKOUT1
                         net (fo=1, routed)           0.958    -1.059    pll_inst/inst/clk_out2_pll
    BUFGCTRL_X0Y0        BUFG (Prop_bufg_I_O)         0.026    -1.033 r  pll_inst/inst/clkout2_buf/O
                         net (fo=2866, routed)        0.650    -0.383    student_top_inst/bridge_inst/clk_out2
    SLICE_X85Y99         FDRE                                         r  student_top_inst/bridge_inst/sw_sync_d1_reg[47]/C
  -------------------------------------------------------------------    -------------------
    SLICE_X85Y99         FDRE (Prop_fdre_C_Q)         0.100    -0.283 f  student_top_inst/bridge_inst/sw_sync_d1_reg[47]/Q
                         net (fo=1, routed)           0.179    -0.104    student_top_inst/bridge_inst/sw_sync_d1[47]
    SLICE_X87Y102        FDRE                                         f  student_top_inst/bridge_inst/sw_sync_d2_reg[47]/D
  -------------------------------------------------------------------    -------------------

                         (clock clk_out2_pll rise edge)
                                                      0.000     0.000 r  
    AD12                                              0.000     0.000 r  i_sys_clk_p (IN)
                         net (fo=0)                   0.000     0.000    pll_inst/inst/clk_in1_p
    AD12                 IBUFDS (Prop_ibufds_I_O)     0.470     0.470 r  pll_inst/inst/clkin1_ibufgds/O
                         net (fo=1, routed)           0.554     1.024    pll_inst/inst/clk_in1_pll
    PLLE2_ADV_X1Y1       PLLE2_ADV (Prop_plle2_adv_CLKIN1_CLKOUT1)
                                                     -3.524    -2.500 r  pll_inst/inst/plle2_adv_inst/CLKOUT1
                         net (fo=1, routed)           1.027    -1.473    pll_inst/inst/clk_out2_pll
    BUFGCTRL_X0Y0        BUFG (Prop_bufg_I_O)         0.030    -1.443 r  pll_inst/inst/clkout2_buf/O
                         net (fo=2866, routed)        0.817    -0.626    student_top_inst/bridge_inst/clk_out2
    SLICE_X87Y102        FDRE                                         r  student_top_inst/bridge_inst/sw_sync_d2_reg[47]/C
                         clock pessimism              0.383    -0.244    
    SLICE_X87Y102        FDRE (Hold_fdre_C_D)         0.040    -0.204    student_top_inst/bridge_inst/sw_sync_d2_reg[47]
  -------------------------------------------------------------------
                         required time                          0.204    
                         arrival time                          -0.104    
  -------------------------------------------------------------------
                         slack                                  0.100    

Slack (MET) :             0.101ns  (arrival time - required time)
  Source:                 student_top_inst/Core_cpu/cpu_core/mem2_align_inst/dff_is_load/data_o_reg[0]_rep__3/C
                            (rising edge-triggered cell FDRE clocked by clk_out2_pll  {rise@0.000ns fall@2.308ns period=4.615ns})
  Destination:            student_top_inst/Core_cpu/cpu_core/mem_wb_inst/dff_rd_data/data_o_reg[14]/D
                            (rising edge-triggered cell FDRE clocked by clk_out2_pll  {rise@0.000ns fall@2.308ns period=4.615ns})
  Path Group:             clk_out2_pll
  Path Type:              Hold (Min at Fast Process Corner)
  Requirement:            0.000ns  (clk_out2_pll rise@0.000ns - clk_out2_pll rise@0.000ns)
  Data Path Delay:        0.199ns  (logic 0.128ns (64.468%)  route 0.071ns (35.532%))
  Logic Levels:           1  (LUT6=1)
  Clock Path Skew:        0.011ns (DCD - SCD - CPR)
    Destination Clock Delay (DCD):    -0.624ns
    Source Clock Delay      (SCD):    -0.433ns
    Clock Pessimism Removal (CPR):    -0.203ns

    Location             Delay type                Incr(ns)  Path(ns)    Netlist Resource(s)
  -------------------------------------------------------------------    -------------------
                         (clock clk_out2_pll rise edge)
                                                      0.000     0.000 r  
    AD12                                              0.000     0.000 r  i_sys_clk_p (IN)
                         net (fo=0)                   0.000     0.000    pll_inst/inst/clk_in1_p
    AD12                 IBUFDS (Prop_ibufds_I_O)     0.388     0.388 r  pll_inst/inst/clkin1_ibufgds/O
                         net (fo=1, routed)           0.503     0.891    pll_inst/inst/clk_in1_pll
    PLLE2_ADV_X1Y1       PLLE2_ADV (Prop_plle2_adv_CLKIN1_CLKOUT1)
                                                     -2.908    -2.017 r  pll_inst/inst/plle2_adv_inst/CLKOUT1
                         net (fo=1, routed)           0.958    -1.059    pll_inst/inst/clk_out2_pll
    BUFGCTRL_X0Y0        BUFG (Prop_bufg_I_O)         0.026    -1.033 r  pll_inst/inst/clkout2_buf/O
                         net (fo=2866, routed)        0.600    -0.433    student_top_inst/Core_cpu/cpu_core/mem2_align_inst/dff_is_load/clk_out2
    SLICE_X95Y109        FDRE                                         r  student_top_inst/Core_cpu/cpu_core/mem2_align_inst/dff_is_load/data_o_reg[0]_rep__3/C
  -------------------------------------------------------------------    -------------------
    SLICE_X95Y109        FDRE (Prop_fdre_C_Q)         0.100    -0.333 r  student_top_inst/Core_cpu/cpu_core/mem2_align_inst/dff_is_load/data_o_reg[0]_rep__3/Q
                         net (fo=4, routed)           0.071    -0.262    student_top_inst/Core_cpu/cpu_core/mem2_align_inst/dff_inst/data_o_reg[14]_0
    SLICE_X94Y109        LUT6 (Prop_lut6_I5_O)        0.028    -0.234 r  student_top_inst/Core_cpu/cpu_core/mem2_align_inst/dff_inst/data_o[14]_i_1__1/O
                         net (fo=1, routed)           0.000    -0.234    student_top_inst/Core_cpu/cpu_core/mem_wb_inst/dff_rd_data/mem2_rd_data_o[14]
    SLICE_X94Y109        FDRE                                         r  student_top_inst/Core_cpu/cpu_core/mem_wb_inst/dff_rd_data/data_o_reg[14]/D
  -------------------------------------------------------------------    -------------------

                         (clock clk_out2_pll rise edge)
                                                      0.000     0.000 r  
    AD12                                              0.000     0.000 r  i_sys_clk_p (IN)
                         net (fo=0)                   0.000     0.000    pll_inst/inst/clk_in1_p
    AD12                 IBUFDS (Prop_ibufds_I_O)     0.470     0.470 r  pll_inst/inst/clkin1_ibufgds/O
                         net (fo=1, routed)           0.554     1.024    pll_inst/inst/clk_in1_pll
    PLLE2_ADV_X1Y1       PLLE2_ADV (Prop_plle2_adv_CLKIN1_CLKOUT1)
                                                     -3.524    -2.500 r  pll_inst/inst/plle2_adv_inst/CLKOUT1
                         net (fo=1, routed)           1.027    -1.473    pll_inst/inst/clk_out2_pll
    BUFGCTRL_X0Y0        BUFG (Prop_bufg_I_O)         0.030    -1.443 r  pll_inst/inst/clkout2_buf/O
                         net (fo=2866, routed)        0.819    -0.624    student_top_inst/Core_cpu/cpu_core/mem_wb_inst/dff_rd_data/clk_out2
    SLICE_X94Y109        FDRE                                         r  student_top_inst/Core_cpu/cpu_core/mem_wb_inst/dff_rd_data/data_o_reg[14]/C
                         clock pessimism              0.203    -0.422    
    SLICE_X94Y109        FDRE (Hold_fdre_C_D)         0.087    -0.335    student_top_inst/Core_cpu/cpu_core/mem_wb_inst/dff_rd_data/data_o_reg[14]
  -------------------------------------------------------------------
                         required time                          0.335    
                         arrival time                          -0.234    
  -------------------------------------------------------------------
                         slack                                  0.101    

Slack (MET) :             0.101ns  (arrival time - required time)
  Source:                 student_top_inst/Core_cpu/cpu_core/mem2_align_inst/dff_is_load/data_o_reg[0]_rep__3/C
                            (rising edge-triggered cell FDRE clocked by clk_out2_pll  {rise@0.000ns fall@2.308ns period=4.615ns})
  Destination:            student_top_inst/Core_cpu/cpu_core/mem_wb_inst/dff_rd_data/data_o_reg[14]/D
                            (rising edge-triggered cell FDRE clocked by clk_out2_pll  {rise@0.000ns fall@2.308ns period=4.615ns})
  Path Group:             clk_out2_pll
  Path Type:              Hold (Min at Fast Process Corner)
  Requirement:            0.000ns  (clk_out2_pll rise@0.000ns - clk_out2_pll rise@0.000ns)
  Data Path Delay:        0.199ns  (logic 0.128ns (64.468%)  route 0.071ns (35.532%))
  Logic Levels:           1  (LUT6=1)
  Clock Path Skew:        0.011ns (DCD - SCD - CPR)
    Destination Clock Delay (DCD):    -0.624ns
    Source Clock Delay      (SCD):    -0.433ns
    Clock Pessimism Removal (CPR):    -0.203ns

    Location             Delay type                Incr(ns)  Path(ns)    Netlist Resource(s)
  -------------------------------------------------------------------    -------------------
                         (clock clk_out2_pll rise edge)
                                                      0.000     0.000 r  
    AD12                                              0.000     0.000 r  i_sys_clk_p (IN)
                         net (fo=0)                   0.000     0.000    pll_inst/inst/clk_in1_p
    AD12                 IBUFDS (Prop_ibufds_I_O)     0.388     0.388 r  pll_inst/inst/clkin1_ibufgds/O
                         net (fo=1, routed)           0.503     0.891    pll_inst/inst/clk_in1_pll
    PLLE2_ADV_X1Y1       PLLE2_ADV (Prop_plle2_adv_CLKIN1_CLKOUT1)
                                                     -2.908    -2.017 r  pll_inst/inst/plle2_adv_inst/CLKOUT1
                         net (fo=1, routed)           0.958    -1.059    pll_inst/inst/clk_out2_pll
    BUFGCTRL_X0Y0        BUFG (Prop_bufg_I_O)         0.026    -1.033 r  pll_inst/inst/clkout2_buf/O
                         net (fo=2866, routed)        0.600    -0.433    student_top_inst/Core_cpu/cpu_core/mem2_align_inst/dff_is_load/clk_out2
    SLICE_X95Y109        FDRE                                         r  student_top_inst/Core_cpu/cpu_core/mem2_align_inst/dff_is_load/data_o_reg[0]_rep__3/C
  -------------------------------------------------------------------    -------------------
    SLICE_X95Y109        FDRE (Prop_fdre_C_Q)         0.100    -0.333 f  student_top_inst/Core_cpu/cpu_core/mem2_align_inst/dff_is_load/data_o_reg[0]_rep__3/Q
                         net (fo=4, routed)           0.071    -0.262    student_top_inst/Core_cpu/cpu_core/mem2_align_inst/dff_inst/data_o_reg[14]_0
    SLICE_X94Y109        LUT6 (Prop_lut6_I5_O)        0.028    -0.234 r  student_top_inst/Core_cpu/cpu_core/mem2_align_inst/dff_inst/data_o[14]_i_1__1/O
                         net (fo=1, routed)           0.000    -0.234    student_top_inst/Core_cpu/cpu_core/mem_wb_inst/dff_rd_data/mem2_rd_data_o[14]
    SLICE_X94Y109        FDRE                                         r  student_top_inst/Core_cpu/cpu_core/mem_wb_inst/dff_rd_data/data_o_reg[14]/D
  -------------------------------------------------------------------    -------------------

                         (clock clk_out2_pll rise edge)
                                                      0.000     0.000 r  
    AD12                                              0.000     0.000 r  i_sys_clk_p (IN)
                         net (fo=0)                   0.000     0.000    pll_inst/inst/clk_in1_p
    AD12                 IBUFDS (Prop_ibufds_I_O)     0.470     0.470 r  pll_inst/inst/clkin1_ibufgds/O
                         net (fo=1, routed)           0.554     1.024    pll_inst/inst/clk_in1_pll
    PLLE2_ADV_X1Y1       PLLE2_ADV (Prop_plle2_adv_CLKIN1_CLKOUT1)
                                                     -3.524    -2.500 r  pll_inst/inst/plle2_adv_inst/CLKOUT1
                         net (fo=1, routed)           1.027    -1.473    pll_inst/inst/clk_out2_pll
    BUFGCTRL_X0Y0        BUFG (Prop_bufg_I_O)         0.030    -1.443 r  pll_inst/inst/clkout2_buf/O
                         net (fo=2866, routed)        0.819    -0.624    student_top_inst/Core_cpu/cpu_core/mem_wb_inst/dff_rd_data/clk_out2
    SLICE_X94Y109        FDRE                                         r  student_top_inst/Core_cpu/cpu_core/mem_wb_inst/dff_rd_data/data_o_reg[14]/C
                         clock pessimism              0.203    -0.422    
    SLICE_X94Y109        FDRE (Hold_fdre_C_D)         0.087    -0.335    student_top_inst/Core_cpu/cpu_core/mem_wb_inst/dff_rd_data/data_o_reg[14]
  -------------------------------------------------------------------
                         required time                          0.335    
                         arrival time                          -0.234    
  -------------------------------------------------------------------
                         slack                                  0.101    

Slack (MET) :             0.101ns  (arrival time - required time)
  Source:                 student_top_inst/Core_cpu/cpu_core/mem2_align_inst/dff_is_load/data_o_reg[0]_rep__3/C
                            (rising edge-triggered cell FDRE clocked by clk_out2_pll  {rise@0.000ns fall@2.308ns period=4.615ns})
  Destination:            student_top_inst/Core_cpu/cpu_core/mem_wb_inst/dff_rd_data/data_o_reg[14]/D
                            (rising edge-triggered cell FDRE clocked by clk_out2_pll  {rise@0.000ns fall@2.308ns period=4.615ns})
  Path Group:             clk_out2_pll
  Path Type:              Hold (Min at Fast Process Corner)
  Requirement:            0.000ns  (clk_out2_pll rise@0.000ns - clk_out2_pll rise@0.000ns)
  Data Path Delay:        0.199ns  (logic 0.128ns (64.468%)  route 0.071ns (35.532%))
  Logic Levels:           1  (LUT6=1)
  Clock Path Skew:        0.011ns (DCD - SCD - CPR)
    Destination Clock Delay (DCD):    -0.624ns
    Source Clock Delay      (SCD):    -0.433ns
    Clock Pessimism Removal (CPR):    -0.203ns

    Location             Delay type                Incr(ns)  Path(ns)    Netlist Resource(s)
  -------------------------------------------------------------------    -------------------
                         (clock clk_out2_pll rise edge)
                                                      0.000     0.000 r  
    AD12                                              0.000     0.000 r  i_sys_clk_p (IN)
                         net (fo=0)                   0.000     0.000    pll_inst/inst/clk_in1_p
    AD12                 IBUFDS (Prop_ibufds_I_O)     0.388     0.388 r  pll_inst/inst/clkin1_ibufgds/O
                         net (fo=1, routed)           0.503     0.891    pll_inst/inst/clk_in1_pll
    PLLE2_ADV_X1Y1       PLLE2_ADV (Prop_plle2_adv_CLKIN1_CLKOUT1)
                                                     -2.908    -2.017 r  pll_inst/inst/plle2_adv_inst/CLKOUT1
                         net (fo=1, routed)           0.958    -1.059    pll_inst/inst/clk_out2_pll
    BUFGCTRL_X0Y0        BUFG (Prop_bufg_I_O)         0.026    -1.033 r  pll_inst/inst/clkout2_buf/O
                         net (fo=2866, routed)        0.600    -0.433    student_top_inst/Core_cpu/cpu_core/mem2_align_inst/dff_is_load/clk_out2
    SLICE_X95Y109        FDRE                                         r  student_top_inst/Core_cpu/cpu_core/mem2_align_inst/dff_is_load/data_o_reg[0]_rep__3/C
  -------------------------------------------------------------------    -------------------
    SLICE_X95Y109        FDRE (Prop_fdre_C_Q)         0.100    -0.333 r  student_top_inst/Core_cpu/cpu_core/mem2_align_inst/dff_is_load/data_o_reg[0]_rep__3/Q
                         net (fo=4, routed)           0.071    -0.262    student_top_inst/Core_cpu/cpu_core/mem2_align_inst/dff_inst/data_o_reg[14]_0
    SLICE_X94Y109        LUT6 (Prop_lut6_I5_O)        0.028    -0.234 f  student_top_inst/Core_cpu/cpu_core/mem2_align_inst/dff_inst/data_o[14]_i_1__1/O
                         net (fo=1, routed)           0.000    -0.234    student_top_inst/Core_cpu/cpu_core/mem_wb_inst/dff_rd_data/mem2_rd_data_o[14]
    SLICE_X94Y109        FDRE                                         f  student_top_inst/Core_cpu/cpu_core/mem_wb_inst/dff_rd_data/data_o_reg[14]/D
  -------------------------------------------------------------------    -------------------

                         (clock clk_out2_pll rise edge)
                                                      0.000     0.000 r  
    AD12                                              0.000     0.000 r  i_sys_clk_p (IN)
                         net (fo=0)                   0.000     0.000    pll_inst/inst/clk_in1_p
    AD12                 IBUFDS (Prop_ibufds_I_O)     0.470     0.470 r  pll_inst/inst/clkin1_ibufgds/O
                         net (fo=1, routed)           0.554     1.024    pll_inst/inst/clk_in1_pll
    PLLE2_ADV_X1Y1       PLLE2_ADV (Prop_plle2_adv_CLKIN1_CLKOUT1)
                                                     -3.524    -2.500 r  pll_inst/inst/plle2_adv_inst/CLKOUT1
                         net (fo=1, routed)           1.027    -1.473    pll_inst/inst/clk_out2_pll
    BUFGCTRL_X0Y0        BUFG (Prop_bufg_I_O)         0.030    -1.443 r  pll_inst/inst/clkout2_buf/O
                         net (fo=2866, routed)        0.819    -0.624    student_top_inst/Core_cpu/cpu_core/mem_wb_inst/dff_rd_data/clk_out2
    SLICE_X94Y109        FDRE                                         r  student_top_inst/Core_cpu/cpu_core/mem_wb_inst/dff_rd_data/data_o_reg[14]/C
                         clock pessimism              0.203    -0.422    
    SLICE_X94Y109        FDRE (Hold_fdre_C_D)         0.087    -0.335    student_top_inst/Core_cpu/cpu_core/mem_wb_inst/dff_rd_data/data_o_reg[14]
  -------------------------------------------------------------------
                         required time                          0.335    
                         arrival time                          -0.234    
  -------------------------------------------------------------------
                         slack                                  0.101    

Slack (MET) :             0.101ns  (arrival time - required time)
  Source:                 student_top_inst/Core_cpu/cpu_core/mem2_align_inst/dff_is_load/data_o_reg[0]_rep__3/C
                            (rising edge-triggered cell FDRE clocked by clk_out2_pll  {rise@0.000ns fall@2.308ns period=4.615ns})
  Destination:            student_top_inst/Core_cpu/cpu_core/mem_wb_inst/dff_rd_data/data_o_reg[14]/D
                            (rising edge-triggered cell FDRE clocked by clk_out2_pll  {rise@0.000ns fall@2.308ns period=4.615ns})
  Path Group:             clk_out2_pll
  Path Type:              Hold (Min at Fast Process Corner)
  Requirement:            0.000ns  (clk_out2_pll rise@0.000ns - clk_out2_pll rise@0.000ns)
  Data Path Delay:        0.199ns  (logic 0.128ns (64.468%)  route 0.071ns (35.532%))
  Logic Levels:           1  (LUT6=1)
  Clock Path Skew:        0.011ns (DCD - SCD - CPR)
    Destination Clock Delay (DCD):    -0.624ns
    Source Clock Delay      (SCD):    -0.433ns
    Clock Pessimism Removal (CPR):    -0.203ns

    Location             Delay type                Incr(ns)  Path(ns)    Netlist Resource(s)
  -------------------------------------------------------------------    -------------------
                         (clock clk_out2_pll rise edge)
                                                      0.000     0.000 r  
    AD12                                              0.000     0.000 r  i_sys_clk_p (IN)
                         net (fo=0)                   0.000     0.000    pll_inst/inst/clk_in1_p
    AD12                 IBUFDS (Prop_ibufds_I_O)     0.388     0.388 r  pll_inst/inst/clkin1_ibufgds/O
                         net (fo=1, routed)           0.503     0.891    pll_inst/inst/clk_in1_pll
    PLLE2_ADV_X1Y1       PLLE2_ADV (Prop_plle2_adv_CLKIN1_CLKOUT1)
                                                     -2.908    -2.017 r  pll_inst/inst/plle2_adv_inst/CLKOUT1
                         net (fo=1, routed)           0.958    -1.059    pll_inst/inst/clk_out2_pll
    BUFGCTRL_X0Y0        BUFG (Prop_bufg_I_O)         0.026    -1.033 r  pll_inst/inst/clkout2_buf/O
                         net (fo=2866, routed)        0.600    -0.433    student_top_inst/Core_cpu/cpu_core/mem2_align_inst/dff_is_load/clk_out2
    SLICE_X95Y109        FDRE                                         r  student_top_inst/Core_cpu/cpu_core/mem2_align_inst/dff_is_load/data_o_reg[0]_rep__3/C
  -------------------------------------------------------------------    -------------------
    SLICE_X95Y109        FDRE (Prop_fdre_C_Q)         0.100    -0.333 f  student_top_inst/Core_cpu/cpu_core/mem2_align_inst/dff_is_load/data_o_reg[0]_rep__3/Q
                         net (fo=4, routed)           0.071    -0.262    student_top_inst/Core_cpu/cpu_core/mem2_align_inst/dff_inst/data_o_reg[14]_0
    SLICE_X94Y109        LUT6 (Prop_lut6_I5_O)        0.028    -0.234 f  student_top_inst/Core_cpu/cpu_core/mem2_align_inst/dff_inst/data_o[14]_i_1__1/O
                         net (fo=1, routed)           0.000    -0.234    student_top_inst/Core_cpu/cpu_core/mem_wb_inst/dff_rd_data/mem2_rd_data_o[14]
    SLICE_X94Y109        FDRE                                         f  student_top_inst/Core_cpu/cpu_core/mem_wb_inst/dff_rd_data/data_o_reg[14]/D
  -------------------------------------------------------------------    -------------------

                         (clock clk_out2_pll rise edge)
                                                      0.000     0.000 r  
    AD12                                              0.000     0.000 r  i_sys_clk_p (IN)
                         net (fo=0)                   0.000     0.000    pll_inst/inst/clk_in1_p
    AD12                 IBUFDS (Prop_ibufds_I_O)     0.470     0.470 r  pll_inst/inst/clkin1_ibufgds/O
                         net (fo=1, routed)           0.554     1.024    pll_inst/inst/clk_in1_pll
    PLLE2_ADV_X1Y1       PLLE2_ADV (Prop_plle2_adv_CLKIN1_CLKOUT1)
                                                     -3.524    -2.500 r  pll_inst/inst/plle2_adv_inst/CLKOUT1
                         net (fo=1, routed)           1.027    -1.473    pll_inst/inst/clk_out2_pll
    BUFGCTRL_X0Y0        BUFG (Prop_bufg_I_O)         0.030    -1.443 r  pll_inst/inst/clkout2_buf/O
                         net (fo=2866, routed)        0.819    -0.624    student_top_inst/Core_cpu/cpu_core/mem_wb_inst/dff_rd_data/clk_out2
    SLICE_X94Y109        FDRE                                         r  student_top_inst/Core_cpu/cpu_core/mem_wb_inst/dff_rd_data/data_o_reg[14]/C
                         clock pessimism              0.203    -0.422    
    SLICE_X94Y109        FDRE (Hold_fdre_C_D)         0.087    -0.335    student_top_inst/Core_cpu/cpu_core/mem_wb_inst/dff_rd_data/data_o_reg[14]
  -------------------------------------------------------------------
                         required time                          0.335    
                         arrival time                          -0.234    
  -------------------------------------------------------------------
                         slack                                  0.101    

Slack (MET) :             0.102ns  (arrival time - required time)
  Source:                 student_top_inst/Core_cpu/cpu_core/pc_reg_inst/pc_o_reg[3]/C
                            (rising edge-triggered cell FDRE clocked by clk_out2_pll  {rise@0.000ns fall@2.308ns period=4.615ns})
  Destination:            student_top_inst/Mem_IROM/U0/inst_blk_mem_gen/gnbram.gnativebmg.native_blk_mem_gen/valid.cstr/ramloop[1].ram.r/prim_init.ram/DEVICE_7SERIES.NO_BMM_INFO.SP.SIMPLE_PRIM36.ram/ADDRARDADDR[4]
                            (rising edge-triggered cell RAMB36E1 clocked by clk_out2_pll  {rise@0.000ns fall@2.308ns period=4.615ns})
  Path Group:             clk_out2_pll
  Path Type:              Hold (Min at Fast Process Corner)
  Requirement:            0.000ns  (clk_out2_pll rise@0.000ns - clk_out2_pll rise@0.000ns)
  Data Path Delay:        0.326ns  (logic 0.118ns (36.190%)  route 0.208ns (63.810%))
  Logic Levels:           0  
  Clock Path Skew:        0.041ns (DCD - SCD - CPR)
    Destination Clock Delay (DCD):    -0.608ns
    Source Clock Delay      (SCD):    -0.443ns
    Clock Pessimism Removal (CPR):    -0.206ns

    Location             Delay type                Incr(ns)  Path(ns)    Netlist Resource(s)
  -------------------------------------------------------------------    -------------------
                         (clock clk_out2_pll rise edge)
                                                      0.000     0.000 r  
    AD12                                              0.000     0.000 r  i_sys_clk_p (IN)
                         net (fo=0)                   0.000     0.000    pll_inst/inst/clk_in1_p
    AD12                 IBUFDS (Prop_ibufds_I_O)     0.388     0.388 r  pll_inst/inst/clkin1_ibufgds/O
                         net (fo=1, routed)           0.503     0.891    pll_inst/inst/clk_in1_pll
    PLLE2_ADV_X1Y1       PLLE2_ADV (Prop_plle2_adv_CLKIN1_CLKOUT1)
                                                     -2.908    -2.017 r  pll_inst/inst/plle2_adv_inst/CLKOUT1
                         net (fo=1, routed)           0.958    -1.059    pll_inst/inst/clk_out2_pll
    BUFGCTRL_X0Y0        BUFG (Prop_bufg_I_O)         0.026    -1.033 r  pll_inst/inst/clkout2_buf/O
                         net (fo=2866, routed)        0.590    -0.443    student_top_inst/Core_cpu/cpu_core/pc_reg_inst/clk_out2
    SLICE_X50Y117        FDRE                                         r  student_top_inst/Core_cpu/cpu_core/pc_reg_inst/pc_o_reg[3]/C
  -------------------------------------------------------------------    -------------------
    SLICE_X50Y117        FDRE (Prop_fdre_C_Q)         0.118    -0.325 r  student_top_inst/Core_cpu/cpu_core/pc_reg_inst/pc_o_reg[3]/Q
                         net (fo=8, routed)           0.208    -0.117    student_top_inst/Mem_IROM/U0/inst_blk_mem_gen/gnbram.gnativebmg.native_blk_mem_gen/valid.cstr/ramloop[1].ram.r/prim_init.ram/addra[1]
    RAMB36_X2Y23         RAMB36E1                                     r  student_top_inst/Mem_IROM/U0/inst_blk_mem_gen/gnbram.gnativebmg.native_blk_mem_gen/valid.cstr/ramloop[1].ram.r/prim_init.ram/DEVICE_7SERIES.NO_BMM_INFO.SP.SIMPLE_PRIM36.ram/ADDRARDADDR[4]
  -------------------------------------------------------------------    -------------------

                         (clock clk_out2_pll rise edge)
                                                      0.000     0.000 r  
    AD12                                              0.000     0.000 r  i_sys_clk_p (IN)
                         net (fo=0)                   0.000     0.000    pll_inst/inst/clk_in1_p
    AD12                 IBUFDS (Prop_ibufds_I_O)     0.470     0.470 r  pll_inst/inst/clkin1_ibufgds/O
                         net (fo=1, routed)           0.554     1.024    pll_inst/inst/clk_in1_pll
    PLLE2_ADV_X1Y1       PLLE2_ADV (Prop_plle2_adv_CLKIN1_CLKOUT1)
                                                     -3.524    -2.500 r  pll_inst/inst/plle2_adv_inst/CLKOUT1
                         net (fo=1, routed)           1.027    -1.473    pll_inst/inst/clk_out2_pll
    BUFGCTRL_X0Y0        BUFG (Prop_bufg_I_O)         0.030    -1.443 r  pll_inst/inst/clkout2_buf/O
                         net (fo=2866, routed)        0.836    -0.608    student_top_inst/Mem_IROM/U0/inst_blk_mem_gen/gnbram.gnativebmg.native_blk_mem_gen/valid.cstr/ramloop[1].ram.r/prim_init.ram/clka
    RAMB36_X2Y23         RAMB36E1                                     r  student_top_inst/Mem_IROM/U0/inst_blk_mem_gen/gnbram.gnativebmg.native_blk_mem_gen/valid.cstr/ramloop[1].ram.r/prim_init.ram/DEVICE_7SERIES.NO_BMM_INFO.SP.SIMPLE_PRIM36.ram/CLKARDCLK
                         clock pessimism              0.206    -0.402    
    RAMB36_X2Y23         RAMB36E1 (Hold_ramb36e1_CLKARDCLK_ADDRARDADDR[4])
                                                      0.183    -0.219    student_top_inst/Mem_IROM/U0/inst_blk_mem_gen/gnbram.gnativebmg.native_blk_mem_gen/valid.cstr/ramloop[1].ram.r/prim_init.ram/DEVICE_7SERIES.NO_BMM_INFO.SP.SIMPLE_PRIM36.ram
  -------------------------------------------------------------------
                         required time                          0.219    
                         arrival time                          -0.117    
  -------------------------------------------------------------------
                         slack                                  0.102    

Slack (MET) :             0.102ns  (arrival time - required time)
  Source:                 student_top_inst/Core_cpu/cpu_core/pc_reg_inst/pc_o_reg[3]/C
                            (rising edge-triggered cell FDRE clocked by clk_out2_pll  {rise@0.000ns fall@2.308ns period=4.615ns})
  Destination:            student_top_inst/Mem_IROM/U0/inst_blk_mem_gen/gnbram.gnativebmg.native_blk_mem_gen/valid.cstr/ramloop[1].ram.r/prim_init.ram/DEVICE_7SERIES.NO_BMM_INFO.SP.SIMPLE_PRIM36.ram/ADDRARDADDR[4]
                            (rising edge-triggered cell RAMB36E1 clocked by clk_out2_pll  {rise@0.000ns fall@2.308ns period=4.615ns})
  Path Group:             clk_out2_pll
  Path Type:              Hold (Min at Fast Process Corner)
  Requirement:            0.000ns  (clk_out2_pll rise@0.000ns - clk_out2_pll rise@0.000ns)
  Data Path Delay:        0.326ns  (logic 0.118ns (36.190%)  route 0.208ns (63.810%))
  Logic Levels:           0  
  Clock Path Skew:        0.041ns (DCD - SCD - CPR)
    Destination Clock Delay (DCD):    -0.608ns
    Source Clock Delay      (SCD):    -0.443ns
    Clock Pessimism Removal (CPR):    -0.206ns

    Location             Delay type                Incr(ns)  Path(ns)    Netlist Resource(s)
  -------------------------------------------------------------------    -------------------
                         (clock clk_out2_pll rise edge)
                                                      0.000     0.000 r  
    AD12                                              0.000     0.000 r  i_sys_clk_p (IN)
                         net (fo=0)                   0.000     0.000    pll_inst/inst/clk_in1_p
    AD12                 IBUFDS (Prop_ibufds_I_O)     0.388     0.388 r  pll_inst/inst/clkin1_ibufgds/O
                         net (fo=1, routed)           0.503     0.891    pll_inst/inst/clk_in1_pll
    PLLE2_ADV_X1Y1       PLLE2_ADV (Prop_plle2_adv_CLKIN1_CLKOUT1)
                                                     -2.908    -2.017 r  pll_inst/inst/plle2_adv_inst/CLKOUT1
                         net (fo=1, routed)           0.958    -1.059    pll_inst/inst/clk_out2_pll
    BUFGCTRL_X0Y0        BUFG (Prop_bufg_I_O)         0.026    -1.033 r  pll_inst/inst/clkout2_buf/O
                         net (fo=2866, routed)        0.590    -0.443    student_top_inst/Core_cpu/cpu_core/pc_reg_inst/clk_out2
    SLICE_X50Y117        FDRE                                         r  student_top_inst/Core_cpu/cpu_core/pc_reg_inst/pc_o_reg[3]/C
  -------------------------------------------------------------------    -------------------
    SLICE_X50Y117        FDRE (Prop_fdre_C_Q)         0.118    -0.325 f  student_top_inst/Core_cpu/cpu_core/pc_reg_inst/pc_o_reg[3]/Q
                         net (fo=8, routed)           0.208    -0.117    student_top_inst/Mem_IROM/U0/inst_blk_mem_gen/gnbram.gnativebmg.native_blk_mem_gen/valid.cstr/ramloop[1].ram.r/prim_init.ram/addra[1]
    RAMB36_X2Y23         RAMB36E1                                     f  student_top_inst/Mem_IROM/U0/inst_blk_mem_gen/gnbram.gnativebmg.native_blk_mem_gen/valid.cstr/ramloop[1].ram.r/prim_init.ram/DEVICE_7SERIES.NO_BMM_INFO.SP.SIMPLE_PRIM36.ram/ADDRARDADDR[4]
  -------------------------------------------------------------------    -------------------

                         (clock clk_out2_pll rise edge)
                                                      0.000     0.000 r  
    AD12                                              0.000     0.000 r  i_sys_clk_p (IN)
                         net (fo=0)                   0.000     0.000    pll_inst/inst/clk_in1_p
    AD12                 IBUFDS (Prop_ibufds_I_O)     0.470     0.470 r  pll_inst/inst/clkin1_ibufgds/O
                         net (fo=1, routed)           0.554     1.024    pll_inst/inst/clk_in1_pll
    PLLE2_ADV_X1Y1       PLLE2_ADV (Prop_plle2_adv_CLKIN1_CLKOUT1)
                                                     -3.524    -2.500 r  pll_inst/inst/plle2_adv_inst/CLKOUT1
                         net (fo=1, routed)           1.027    -1.473    pll_inst/inst/clk_out2_pll
    BUFGCTRL_X0Y0        BUFG (Prop_bufg_I_O)         0.030    -1.443 r  pll_inst/inst/clkout2_buf/O
                         net (fo=2866, routed)        0.836    -0.608    student_top_inst/Mem_IROM/U0/inst_blk_mem_gen/gnbram.gnativebmg.native_blk_mem_gen/valid.cstr/ramloop[1].ram.r/prim_init.ram/clka
    RAMB36_X2Y23         RAMB36E1                                     r  student_top_inst/Mem_IROM/U0/inst_blk_mem_gen/gnbram.gnativebmg.native_blk_mem_gen/valid.cstr/ramloop[1].ram.r/prim_init.ram/DEVICE_7SERIES.NO_BMM_INFO.SP.SIMPLE_PRIM36.ram/CLKARDCLK
                         clock pessimism              0.206    -0.402    
    RAMB36_X2Y23         RAMB36E1 (Hold_ramb36e1_CLKARDCLK_ADDRARDADDR[4])
                                                      0.183    -0.219    student_top_inst/Mem_IROM/U0/inst_blk_mem_gen/gnbram.gnativebmg.native_blk_mem_gen/valid.cstr/ramloop[1].ram.r/prim_init.ram/DEVICE_7SERIES.NO_BMM_INFO.SP.SIMPLE_PRIM36.ram
  -------------------------------------------------------------------
                         required time                          0.219    
                         arrival time                          -0.117    
  -------------------------------------------------------------------
                         slack                                  0.102    

Slack (MET) :             0.105ns  (arrival time - required time)
  Source:                 student_top_inst/Core_cpu/cpu_core/pc_reg_inst/pc_o_reg[8]/C
                            (rising edge-triggered cell FDRE clocked by clk_out2_pll  {rise@0.000ns fall@2.308ns period=4.615ns})
  Destination:            student_top_inst/Mem_IROM/U0/inst_blk_mem_gen/gnbram.gnativebmg.native_blk_mem_gen/valid.cstr/ramloop[1].ram.r/prim_init.ram/DEVICE_7SERIES.NO_BMM_INFO.SP.SIMPLE_PRIM36.ram/ADDRARDADDR[9]
                            (rising edge-triggered cell RAMB36E1 clocked by clk_out2_pll  {rise@0.000ns fall@2.308ns period=4.615ns})
  Path Group:             clk_out2_pll
  Path Type:              Hold (Min at Fast Process Corner)
  Requirement:            0.000ns  (clk_out2_pll rise@0.000ns - clk_out2_pll rise@0.000ns)
  Data Path Delay:        0.326ns  (logic 0.118ns (36.156%)  route 0.208ns (63.844%))
  Logic Levels:           0  
  Clock Path Skew:        0.039ns (DCD - SCD - CPR)
    Destination Clock Delay (DCD):    -0.608ns
    Source Clock Delay      (SCD):    -0.441ns
    Clock Pessimism Removal (CPR):    -0.206ns

    Location             Delay type                Incr(ns)  Path(ns)    Netlist Resource(s)
  -------------------------------------------------------------------    -------------------
                         (clock clk_out2_pll rise edge)
                                                      0.000     0.000 r  
    AD12                                              0.000     0.000 r  i_sys_clk_p (IN)
                         net (fo=0)                   0.000     0.000    pll_inst/inst/clk_in1_p
    AD12                 IBUFDS (Prop_ibufds_I_O)     0.388     0.388 r  pll_inst/inst/clkin1_ibufgds/O
                         net (fo=1, routed)           0.503     0.891    pll_inst/inst/clk_in1_pll
    PLLE2_ADV_X1Y1       PLLE2_ADV (Prop_plle2_adv_CLKIN1_CLKOUT1)
                                                     -2.908    -2.017 r  pll_inst/inst/plle2_adv_inst/CLKOUT1
                         net (fo=1, routed)           0.958    -1.059    pll_inst/inst/clk_out2_pll
    BUFGCTRL_X0Y0        BUFG (Prop_bufg_I_O)         0.026    -1.033 r  pll_inst/inst/clkout2_buf/O
                         net (fo=2866, routed)        0.592    -0.441    student_top_inst/Core_cpu/cpu_core/pc_reg_inst/clk_out2
    SLICE_X50Y115        FDRE                                         r  student_top_inst/Core_cpu/cpu_core/pc_reg_inst/pc_o_reg[8]/C
  -------------------------------------------------------------------    -------------------
    SLICE_X50Y115        FDRE (Prop_fdre_C_Q)         0.118    -0.323 r  student_top_inst/Core_cpu/cpu_core/pc_reg_inst/pc_o_reg[8]/Q
                         net (fo=8, routed)           0.208    -0.114    student_top_inst/Mem_IROM/U0/inst_blk_mem_gen/gnbram.gnativebmg.native_blk_mem_gen/valid.cstr/ramloop[1].ram.r/prim_init.ram/addra[6]
    RAMB36_X2Y23         RAMB36E1                                     r  student_top_inst/Mem_IROM/U0/inst_blk_mem_gen/gnbram.gnativebmg.native_blk_mem_gen/valid.cstr/ramloop[1].ram.r/prim_init.ram/DEVICE_7SERIES.NO_BMM_INFO.SP.SIMPLE_PRIM36.ram/ADDRARDADDR[9]
  -------------------------------------------------------------------    -------------------

                         (clock clk_out2_pll rise edge)
                                                      0.000     0.000 r  
    AD12                                              0.000     0.000 r  i_sys_clk_p (IN)
                         net (fo=0)                   0.000     0.000    pll_inst/inst/clk_in1_p
    AD12                 IBUFDS (Prop_ibufds_I_O)     0.470     0.470 r  pll_inst/inst/clkin1_ibufgds/O
                         net (fo=1, routed)           0.554     1.024    pll_inst/inst/clk_in1_pll
    PLLE2_ADV_X1Y1       PLLE2_ADV (Prop_plle2_adv_CLKIN1_CLKOUT1)
                                                     -3.524    -2.500 r  pll_inst/inst/plle2_adv_inst/CLKOUT1
                         net (fo=1, routed)           1.027    -1.473    pll_inst/inst/clk_out2_pll
    BUFGCTRL_X0Y0        BUFG (Prop_bufg_I_O)         0.030    -1.443 r  pll_inst/inst/clkout2_buf/O
                         net (fo=2866, routed)        0.836    -0.608    student_top_inst/Mem_IROM/U0/inst_blk_mem_gen/gnbram.gnativebmg.native_blk_mem_gen/valid.cstr/ramloop[1].ram.r/prim_init.ram/clka
    RAMB36_X2Y23         RAMB36E1                                     r  student_top_inst/Mem_IROM/U0/inst_blk_mem_gen/gnbram.gnativebmg.native_blk_mem_gen/valid.cstr/ramloop[1].ram.r/prim_init.ram/DEVICE_7SERIES.NO_BMM_INFO.SP.SIMPLE_PRIM36.ram/CLKARDCLK
                         clock pessimism              0.206    -0.402    
    RAMB36_X2Y23         RAMB36E1 (Hold_ramb36e1_CLKARDCLK_ADDRARDADDR[9])
                                                      0.183    -0.219    student_top_inst/Mem_IROM/U0/inst_blk_mem_gen/gnbram.gnativebmg.native_blk_mem_gen/valid.cstr/ramloop[1].ram.r/prim_init.ram/DEVICE_7SERIES.NO_BMM_INFO.SP.SIMPLE_PRIM36.ram
  -------------------------------------------------------------------
                         required time                          0.219    
                         arrival time                          -0.114    
  -------------------------------------------------------------------
                         slack                                  0.105    

Slack (MET) :             0.105ns  (arrival time - required time)
  Source:                 student_top_inst/Core_cpu/cpu_core/pc_reg_inst/pc_o_reg[8]/C
                            (rising edge-triggered cell FDRE clocked by clk_out2_pll  {rise@0.000ns fall@2.308ns period=4.615ns})
  Destination:            student_top_inst/Mem_IROM/U0/inst_blk_mem_gen/gnbram.gnativebmg.native_blk_mem_gen/valid.cstr/ramloop[1].ram.r/prim_init.ram/DEVICE_7SERIES.NO_BMM_INFO.SP.SIMPLE_PRIM36.ram/ADDRARDADDR[9]
                            (rising edge-triggered cell RAMB36E1 clocked by clk_out2_pll  {rise@0.000ns fall@2.308ns period=4.615ns})
  Path Group:             clk_out2_pll
  Path Type:              Hold (Min at Fast Process Corner)
  Requirement:            0.000ns  (clk_out2_pll rise@0.000ns - clk_out2_pll rise@0.000ns)
  Data Path Delay:        0.326ns  (logic 0.118ns (36.156%)  route 0.208ns (63.844%))
  Logic Levels:           0  
  Clock Path Skew:        0.039ns (DCD - SCD - CPR)
    Destination Clock Delay (DCD):    -0.608ns
    Source Clock Delay      (SCD):    -0.441ns
    Clock Pessimism Removal (CPR):    -0.206ns

    Location             Delay type                Incr(ns)  Path(ns)    Netlist Resource(s)
  -------------------------------------------------------------------    -------------------
                         (clock clk_out2_pll rise edge)
                                                      0.000     0.000 r  
    AD12                                              0.000     0.000 r  i_sys_clk_p (IN)
                         net (fo=0)                   0.000     0.000    pll_inst/inst/clk_in1_p
    AD12                 IBUFDS (Prop_ibufds_I_O)     0.388     0.388 r  pll_inst/inst/clkin1_ibufgds/O
                         net (fo=1, routed)           0.503     0.891    pll_inst/inst/clk_in1_pll
    PLLE2_ADV_X1Y1       PLLE2_ADV (Prop_plle2_adv_CLKIN1_CLKOUT1)
                                                     -2.908    -2.017 r  pll_inst/inst/plle2_adv_inst/CLKOUT1
                         net (fo=1, routed)           0.958    -1.059    pll_inst/inst/clk_out2_pll
    BUFGCTRL_X0Y0        BUFG (Prop_bufg_I_O)         0.026    -1.033 r  pll_inst/inst/clkout2_buf/O
                         net (fo=2866, routed)        0.592    -0.441    student_top_inst/Core_cpu/cpu_core/pc_reg_inst/clk_out2
    SLICE_X50Y115        FDRE                                         r  student_top_inst/Core_cpu/cpu_core/pc_reg_inst/pc_o_reg[8]/C
  -------------------------------------------------------------------    -------------------
    SLICE_X50Y115        FDRE (Prop_fdre_C_Q)         0.118    -0.323 f  student_top_inst/Core_cpu/cpu_core/pc_reg_inst/pc_o_reg[8]/Q
                         net (fo=8, routed)           0.208    -0.114    student_top_inst/Mem_IROM/U0/inst_blk_mem_gen/gnbram.gnativebmg.native_blk_mem_gen/valid.cstr/ramloop[1].ram.r/prim_init.ram/addra[6]
    RAMB36_X2Y23         RAMB36E1                                     f  student_top_inst/Mem_IROM/U0/inst_blk_mem_gen/gnbram.gnativebmg.native_blk_mem_gen/valid.cstr/ramloop[1].ram.r/prim_init.ram/DEVICE_7SERIES.NO_BMM_INFO.SP.SIMPLE_PRIM36.ram/ADDRARDADDR[9]
  -------------------------------------------------------------------    -------------------

                         (clock clk_out2_pll rise edge)
                                                      0.000     0.000 r  
    AD12                                              0.000     0.000 r  i_sys_clk_p (IN)
                         net (fo=0)                   0.000     0.000    pll_inst/inst/clk_in1_p
    AD12                 IBUFDS (Prop_ibufds_I_O)     0.470     0.470 r  pll_inst/inst/clkin1_ibufgds/O
                         net (fo=1, routed)           0.554     1.024    pll_inst/inst/clk_in1_pll
    PLLE2_ADV_X1Y1       PLLE2_ADV (Prop_plle2_adv_CLKIN1_CLKOUT1)
                                                     -3.524    -2.500 r  pll_inst/inst/plle2_adv_inst/CLKOUT1
                         net (fo=1, routed)           1.027    -1.473    pll_inst/inst/clk_out2_pll
    BUFGCTRL_X0Y0        BUFG (Prop_bufg_I_O)         0.030    -1.443 r  pll_inst/inst/clkout2_buf/O
                         net (fo=2866, routed)        0.836    -0.608    student_top_inst/Mem_IROM/U0/inst_blk_mem_gen/gnbram.gnativebmg.native_blk_mem_gen/valid.cstr/ramloop[1].ram.r/prim_init.ram/clka
    RAMB36_X2Y23         RAMB36E1                                     r  student_top_inst/Mem_IROM/U0/inst_blk_mem_gen/gnbram.gnativebmg.native_blk_mem_gen/valid.cstr/ramloop[1].ram.r/prim_init.ram/DEVICE_7SERIES.NO_BMM_INFO.SP.SIMPLE_PRIM36.ram/CLKARDCLK
                         clock pessimism              0.206    -0.402    
    RAMB36_X2Y23         RAMB36E1 (Hold_ramb36e1_CLKARDCLK_ADDRARDADDR[9])
                                                      0.183    -0.219    student_top_inst/Mem_IROM/U0/inst_blk_mem_gen/gnbram.gnativebmg.native_blk_mem_gen/valid.cstr/ramloop[1].ram.r/prim_init.ram/DEVICE_7SERIES.NO_BMM_INFO.SP.SIMPLE_PRIM36.ram
  -------------------------------------------------------------------
                         required time                          0.219    
                         arrival time                          -0.114    
  -------------------------------------------------------------------
                         slack                                  0.105    

Slack (MET) :             0.111ns  (arrival time - required time)
  Source:                 student_top_inst/Core_cpu/cpu_core/mem2_align_inst/dff_is_load/data_o_reg[0]_rep__3/C
                            (rising edge-triggered cell FDRE clocked by clk_out2_pll  {rise@0.000ns fall@2.308ns period=4.615ns})
  Destination:            student_top_inst/Core_cpu/cpu_core/mem_wb_inst/dff_rd_data/data_o_reg[14]/D
                            (rising edge-triggered cell FDRE clocked by clk_out2_pll  {rise@0.000ns fall@2.308ns period=4.615ns})
  Path Group:             clk_out2_pll
  Path Type:              Hold (Min at Slow Process Corner)
  Requirement:            0.000ns  (clk_out2_pll rise@0.000ns - clk_out2_pll rise@0.000ns)
  Data Path Delay:        0.320ns  (logic 0.214ns (66.970%)  route 0.106ns (33.030%))
  Logic Levels:           1  (LUT6=1)
  Clock Path Skew:        0.021ns (DCD - SCD - CPR)
    Destination Clock Delay (DCD):    -2.428ns
    Source Clock Delay      (SCD):    -2.099ns
    Clock Pessimism Removal (CPR):    -0.351ns

    Location             Delay type                Incr(ns)  Path(ns)    Netlist Resource(s)
  -------------------------------------------------------------------    -------------------
                         (clock clk_out2_pll rise edge)
                                                      0.000     0.000 r  
    AD12                                              0.000     0.000 r  i_sys_clk_p (IN)
                         net (fo=0)                   0.000     0.000    pll_inst/inst/clk_in1_p
    AD12                 IBUFDS (Prop_ibufds_I_O)     0.803     0.803 r  pll_inst/inst/clkin1_ibufgds/O
                         net (fo=1, routed)           1.001     1.804    pll_inst/inst/clk_in1_pll
    PLLE2_ADV_X1Y1       PLLE2_ADV (Prop_plle2_adv_CLKIN1_CLKOUT1)
                                                     -7.261    -5.457 r  pll_inst/inst/plle2_adv_inst/CLKOUT1
                         net (fo=1, routed)           2.003    -3.454    pll_inst/inst/clk_out2_pll
    BUFGCTRL_X0Y0        BUFG (Prop_bufg_I_O)         0.083    -3.371 r  pll_inst/inst/clkout2_buf/O
                         net (fo=2866, routed)        1.272    -2.099    student_top_inst/Core_cpu/cpu_core/mem2_align_inst/dff_is_load/clk_out2
    SLICE_X95Y109        FDRE                                         r  student_top_inst/Core_cpu/cpu_core/mem2_align_inst/dff_is_load/data_o_reg[0]_rep__3/C
  -------------------------------------------------------------------    -------------------
    SLICE_X95Y109        FDRE (Prop_fdre_C_Q)         0.178    -1.921 r  student_top_inst/Core_cpu/cpu_core/mem2_align_inst/dff_is_load/data_o_reg[0]_rep__3/Q
                         net (fo=4, routed)           0.106    -1.815    student_top_inst/Core_cpu/cpu_core/mem2_align_inst/dff_inst/data_o_reg[14]_0
    SLICE_X94Y109        LUT6 (Prop_lut6_I5_O)        0.036    -1.779 r  student_top_inst/Core_cpu/cpu_core/mem2_align_inst/dff_inst/data_o[14]_i_1__1/O
                         net (fo=1, routed)           0.000    -1.779    student_top_inst/Core_cpu/cpu_core/mem_wb_inst/dff_rd_data/mem2_rd_data_o[14]
    SLICE_X94Y109        FDRE                                         r  student_top_inst/Core_cpu/cpu_core/mem_wb_inst/dff_rd_data/data_o_reg[14]/D
  -------------------------------------------------------------------    -------------------

                         (clock clk_out2_pll rise edge)
                                                      0.000     0.000 r  
    AD12                                              0.000     0.000 r  i_sys_clk_p (IN)
                         net (fo=0)                   0.000     0.000    pll_inst/inst/clk_in1_p
    AD12                 IBUFDS (Prop_ibufds_I_O)     0.906     0.906 r  pll_inst/inst/clkin1_ibufgds/O
                         net (fo=1, routed)           1.098     2.004    pll_inst/inst/clk_in1_pll
    PLLE2_ADV_X1Y1       PLLE2_ADV (Prop_plle2_adv_CLKIN1_CLKOUT1)
                                                     -8.058    -6.054 r  pll_inst/inst/plle2_adv_inst/CLKOUT1
                         net (fo=1, routed)           2.128    -3.926    pll_inst/inst/clk_out2_pll
    BUFGCTRL_X0Y0        BUFG (Prop_bufg_I_O)         0.093    -3.833 r  pll_inst/inst/clkout2_buf/O
                         net (fo=2866, routed)        1.405    -2.428    student_top_inst/Core_cpu/cpu_core/mem_wb_inst/dff_rd_data/clk_out2
    SLICE_X94Y109        FDRE                                         r  student_top_inst/Core_cpu/cpu_core/mem_wb_inst/dff_rd_data/data_o_reg[14]/C
                         clock pessimism              0.351    -2.078    
    SLICE_X94Y109        FDRE (Hold_fdre_C_D)         0.188    -1.890    student_top_inst/Core_cpu/cpu_core/mem_wb_inst/dff_rd_data/data_o_reg[14]
  -------------------------------------------------------------------
                         required time                          1.890    
                         arrival time                          -1.779    
  -------------------------------------------------------------------
                         slack                                  0.111    

Slack (MET) :             0.116ns  (arrival time - required time)
  Source:                 student_top_inst/bridge_inst/counter_inst/cnt_gray_cpu_d1_reg[15]/C
                            (rising edge-triggered cell FDRE clocked by clk_out2_pll  {rise@0.000ns fall@2.308ns period=4.615ns})
  Destination:            student_top_inst/bridge_inst/counter_inst/cnt_gray_cpu_d2_reg[15]/D
                            (rising edge-triggered cell FDRE clocked by clk_out2_pll  {rise@0.000ns fall@2.308ns period=4.615ns})
  Path Group:             clk_out2_pll
  Path Type:              Hold (Min at Fast Process Corner)
  Requirement:            0.000ns  (clk_out2_pll rise@0.000ns - clk_out2_pll rise@0.000ns)
  Data Path Delay:        0.314ns  (logic 0.100ns (31.883%)  route 0.214ns (68.117%))
  Logic Levels:           0  
  Clock Path Skew:        0.139ns (DCD - SCD - CPR)
    Destination Clock Delay (DCD):    -0.628ns
    Source Clock Delay      (SCD):    -0.385ns
    Clock Pessimism Removal (CPR):    -0.383ns

    Location             Delay type                Incr(ns)  Path(ns)    Netlist Resource(s)
  -------------------------------------------------------------------    -------------------
                         (clock clk_out2_pll rise edge)
                                                      0.000     0.000 r  
    AD12                                              0.000     0.000 r  i_sys_clk_p (IN)
                         net (fo=0)                   0.000     0.000    pll_inst/inst/clk_in1_p
    AD12                 IBUFDS (Prop_ibufds_I_O)     0.388     0.388 r  pll_inst/inst/clkin1_ibufgds/O
                         net (fo=1, routed)           0.503     0.891    pll_inst/inst/clk_in1_pll
    PLLE2_ADV_X1Y1       PLLE2_ADV (Prop_plle2_adv_CLKIN1_CLKOUT1)
                                                     -2.908    -2.017 r  pll_inst/inst/plle2_adv_inst/CLKOUT1
                         net (fo=1, routed)           0.958    -1.059    pll_inst/inst/clk_out2_pll
    BUFGCTRL_X0Y0        BUFG (Prop_bufg_I_O)         0.026    -1.033 r  pll_inst/inst/clkout2_buf/O
                         net (fo=2866, routed)        0.648    -0.385    student_top_inst/bridge_inst/counter_inst/clk_out2
    SLICE_X80Y98         FDRE                                         r  student_top_inst/bridge_inst/counter_inst/cnt_gray_cpu_d1_reg[15]/C
  -------------------------------------------------------------------    -------------------
    SLICE_X80Y98         FDRE (Prop_fdre_C_Q)         0.100    -0.285 r  student_top_inst/bridge_inst/counter_inst/cnt_gray_cpu_d1_reg[15]/Q
                         net (fo=1, routed)           0.214    -0.071    student_top_inst/bridge_inst/counter_inst/cnt_gray_cpu_d1[15]
    SLICE_X82Y101        FDRE                                         r  student_top_inst/bridge_inst/counter_inst/cnt_gray_cpu_d2_reg[15]/D
  -------------------------------------------------------------------    -------------------

                         (clock clk_out2_pll rise edge)
                                                      0.000     0.000 r  
    AD12                                              0.000     0.000 r  i_sys_clk_p (IN)
                         net (fo=0)                   0.000     0.000    pll_inst/inst/clk_in1_p
    AD12                 IBUFDS (Prop_ibufds_I_O)     0.470     0.470 r  pll_inst/inst/clkin1_ibufgds/O
                         net (fo=1, routed)           0.554     1.024    pll_inst/inst/clk_in1_pll
    PLLE2_ADV_X1Y1       PLLE2_ADV (Prop_plle2_adv_CLKIN1_CLKOUT1)
                                                     -3.524    -2.500 r  pll_inst/inst/plle2_adv_inst/CLKOUT1
                         net (fo=1, routed)           1.027    -1.473    pll_inst/inst/clk_out2_pll
    BUFGCTRL_X0Y0        BUFG (Prop_bufg_I_O)         0.030    -1.443 r  pll_inst/inst/clkout2_buf/O
                         net (fo=2866, routed)        0.815    -0.628    student_top_inst/bridge_inst/counter_inst/clk_out2
    SLICE_X82Y101        FDRE                                         r  student_top_inst/bridge_inst/counter_inst/cnt_gray_cpu_d2_reg[15]/C
                         clock pessimism              0.383    -0.246    
    SLICE_X82Y101        FDRE (Hold_fdre_C_D)         0.059    -0.187    student_top_inst/bridge_inst/counter_inst/cnt_gray_cpu_d2_reg[15]
  -------------------------------------------------------------------
                         required time                          0.187    
                         arrival time                          -0.071    
  -------------------------------------------------------------------
                         slack                                  0.116    

Slack (MET) :             0.125ns  (arrival time - required time)
  Source:                 student_top_inst/bridge_inst/seg_sync_d1_reg[33]/C
                            (rising edge-triggered cell FDRE clocked by clk_out1_pll  {rise@0.000ns fall@10.000ns period=20.000ns})
  Destination:            student_top_inst/bridge_inst/seg_sync_d2_reg[33]_lopt_replica/D
                            (rising edge-triggered cell FDRE clocked by clk_out1_pll  {rise@0.000ns fall@10.000ns period=20.000ns})
  Path Group:             clk_out1_pll
  Path Type:              Hold (Min at Fast Process Corner)
  Requirement:            0.000ns  (clk_out1_pll rise@0.000ns - clk_out1_pll rise@0.000ns)
  Data Path Delay:        0.425ns  (logic 0.118ns (27.765%)  route 0.307ns (72.235%))
  Logic Levels:           0  
  Clock Path Skew:        0.260ns (DCD - SCD - CPR)
    Destination Clock Delay (DCD):    -0.551ns
    Source Clock Delay      (SCD):    -0.429ns
    Clock Pessimism Removal (CPR):    -0.383ns

    Location             Delay type                Incr(ns)  Path(ns)    Netlist Resource(s)
  -------------------------------------------------------------------    -------------------
                         (clock clk_out1_pll rise edge)
                                                      0.000     0.000 r  
    AD12                                              0.000     0.000 r  i_sys_clk_p (IN)
                         net (fo=0)                   0.000     0.000    pll_inst/inst/clk_in1_p
    AD12                 IBUFDS (Prop_ibufds_I_O)     0.388     0.388 r  pll_inst/inst/clkin1_ibufgds/O
                         net (fo=1, routed)           0.503     0.891    pll_inst/inst/clk_in1_pll
    PLLE2_ADV_X1Y1       PLLE2_ADV (Prop_plle2_adv_CLKIN1_CLKOUT0)
                                                     -2.908    -2.017 r  pll_inst/inst/plle2_adv_inst/CLKOUT0
                         net (fo=1, routed)           0.958    -1.059    pll_inst/inst/clk_out1_pll
    BUFGCTRL_X0Y1        BUFG (Prop_bufg_I_O)         0.026    -1.033 r  pll_inst/inst/clkout1_buf/O
                         net (fo=546, routed)         0.604    -0.429    student_top_inst/bridge_inst/clk_out1
    SLICE_X98Y100        FDRE                                         r  student_top_inst/bridge_inst/seg_sync_d1_reg[33]/C
  -------------------------------------------------------------------    -------------------
    SLICE_X98Y100        FDRE (Prop_fdre_C_Q)         0.118    -0.311 r  student_top_inst/bridge_inst/seg_sync_d1_reg[33]/Q
                         net (fo=2, routed)           0.307    -0.004    student_top_inst/bridge_inst/seg_sync_d1[33]
    SLICE_X92Y93         FDRE                                         r  student_top_inst/bridge_inst/seg_sync_d2_reg[33]_lopt_replica/D
  -------------------------------------------------------------------    -------------------

                         (clock clk_out1_pll rise edge)
                                                      0.000     0.000 r  
    AD12                                              0.000     0.000 r  i_sys_clk_p (IN)
                         net (fo=0)                   0.000     0.000    pll_inst/inst/clk_in1_p
    AD12                 IBUFDS (Prop_ibufds_I_O)     0.470     0.470 r  pll_inst/inst/clkin1_ibufgds/O
                         net (fo=1, routed)           0.554     1.024    pll_inst/inst/clk_in1_pll
    PLLE2_ADV_X1Y1       PLLE2_ADV (Prop_plle2_adv_CLKIN1_CLKOUT0)
                                                     -3.524    -2.500 r  pll_inst/inst/plle2_adv_inst/CLKOUT0
                         net (fo=1, routed)           1.027    -1.473    pll_inst/inst/clk_out1_pll
    BUFGCTRL_X0Y1        BUFG (Prop_bufg_I_O)         0.030    -1.443 r  pll_inst/inst/clkout1_buf/O
                         net (fo=546, routed)         0.892    -0.551    student_top_inst/bridge_inst/clk_out1
    SLICE_X92Y93         FDRE                                         r  student_top_inst/bridge_inst/seg_sync_d2_reg[33]_lopt_replica/C
                         clock pessimism              0.383    -0.169    
    SLICE_X92Y93         FDRE (Hold_fdre_C_D)         0.040    -0.129    student_top_inst/bridge_inst/seg_sync_d2_reg[33]_lopt_replica
  -------------------------------------------------------------------
                         required time                          0.129    
                         arrival time                          -0.004    
  -------------------------------------------------------------------
                         slack                                  0.125    

Slack (MET) :             0.125ns  (arrival time - required time)
  Source:                 student_top_inst/bridge_inst/seg_sync_d1_reg[33]/C
                            (rising edge-triggered cell FDRE clocked by clk_out1_pll  {rise@0.000ns fall@10.000ns period=20.000ns})
  Destination:            student_top_inst/bridge_inst/seg_sync_d2_reg[33]_lopt_replica/D
                            (rising edge-triggered cell FDRE clocked by clk_out1_pll  {rise@0.000ns fall@10.000ns period=20.000ns})
  Path Group:             clk_out1_pll
  Path Type:              Hold (Min at Fast Process Corner)
  Requirement:            0.000ns  (clk_out1_pll rise@0.000ns - clk_out1_pll rise@0.000ns)
  Data Path Delay:        0.425ns  (logic 0.118ns (27.765%)  route 0.307ns (72.235%))
  Logic Levels:           0  
  Clock Path Skew:        0.260ns (DCD - SCD - CPR)
    Destination Clock Delay (DCD):    -0.551ns
    Source Clock Delay      (SCD):    -0.429ns
    Clock Pessimism Removal (CPR):    -0.383ns

    Location             Delay type                Incr(ns)  Path(ns)    Netlist Resource(s)
  -------------------------------------------------------------------    -------------------
                         (clock clk_out1_pll rise edge)
                                                      0.000     0.000 r  
    AD12                                              0.000     0.000 r  i_sys_clk_p (IN)
                         net (fo=0)                   0.000     0.000    pll_inst/inst/clk_in1_p
    AD12                 IBUFDS (Prop_ibufds_I_O)     0.388     0.388 r  pll_inst/inst/clkin1_ibufgds/O
                         net (fo=1, routed)           0.503     0.891    pll_inst/inst/clk_in1_pll
    PLLE2_ADV_X1Y1       PLLE2_ADV (Prop_plle2_adv_CLKIN1_CLKOUT0)
                                                     -2.908    -2.017 r  pll_inst/inst/plle2_adv_inst/CLKOUT0
                         net (fo=1, routed)           0.958    -1.059    pll_inst/inst/clk_out1_pll
    BUFGCTRL_X0Y1        BUFG (Prop_bufg_I_O)         0.026    -1.033 r  pll_inst/inst/clkout1_buf/O
                         net (fo=546, routed)         0.604    -0.429    student_top_inst/bridge_inst/clk_out1
    SLICE_X98Y100        FDRE                                         r  student_top_inst/bridge_inst/seg_sync_d1_reg[33]/C
  -------------------------------------------------------------------    -------------------
    SLICE_X98Y100        FDRE (Prop_fdre_C_Q)         0.118    -0.311 f  student_top_inst/bridge_inst/seg_sync_d1_reg[33]/Q
                         net (fo=2, routed)           0.307    -0.004    student_top_inst/bridge_inst/seg_sync_d1[33]
    SLICE_X92Y93         FDRE                                         f  student_top_inst/bridge_inst/seg_sync_d2_reg[33]_lopt_replica/D
  -------------------------------------------------------------------    -------------------

                         (clock clk_out1_pll rise edge)
                                                      0.000     0.000 r  
    AD12                                              0.000     0.000 r  i_sys_clk_p (IN)
                         net (fo=0)                   0.000     0.000    pll_inst/inst/clk_in1_p
    AD12                 IBUFDS (Prop_ibufds_I_O)     0.470     0.470 r  pll_inst/inst/clkin1_ibufgds/O
                         net (fo=1, routed)           0.554     1.024    pll_inst/inst/clk_in1_pll
    PLLE2_ADV_X1Y1       PLLE2_ADV (Prop_plle2_adv_CLKIN1_CLKOUT0)
                                                     -3.524    -2.500 r  pll_inst/inst/plle2_adv_inst/CLKOUT0
                         net (fo=1, routed)           1.027    -1.473    pll_inst/inst/clk_out1_pll
    BUFGCTRL_X0Y1        BUFG (Prop_bufg_I_O)         0.030    -1.443 r  pll_inst/inst/clkout1_buf/O
                         net (fo=546, routed)         0.892    -0.551    student_top_inst/bridge_inst/clk_out1
    SLICE_X92Y93         FDRE                                         r  student_top_inst/bridge_inst/seg_sync_d2_reg[33]_lopt_replica/C
                         clock pessimism              0.383    -0.169    
    SLICE_X92Y93         FDRE (Hold_fdre_C_D)         0.040    -0.129    student_top_inst/bridge_inst/seg_sync_d2_reg[33]_lopt_replica
  -------------------------------------------------------------------
                         required time                          0.129    
                         arrival time                          -0.004    
  -------------------------------------------------------------------
                         slack                                  0.125    

Slack (MET) :             0.125ns  (arrival time - required time)
  Source:                 student_top_inst/bridge_inst/seg_sync_d1_reg[3]/C
                            (rising edge-triggered cell FDRE clocked by clk_out1_pll  {rise@0.000ns fall@10.000ns period=20.000ns})
  Destination:            student_top_inst/bridge_inst/seg_sync_d2_reg[3]/D
                            (rising edge-triggered cell FDRE clocked by clk_out1_pll  {rise@0.000ns fall@10.000ns period=20.000ns})
  Path Group:             clk_out1_pll
  Path Type:              Hold (Min at Fast Process Corner)
  Requirement:            0.000ns  (clk_out1_pll rise@0.000ns - clk_out1_pll rise@0.000ns)
  Data Path Delay:        0.199ns  (logic 0.100ns (50.192%)  route 0.099ns (49.808%))
  Logic Levels:           0  
  Clock Path Skew:        0.015ns (DCD - SCD - CPR)
    Destination Clock Delay (DCD):    -0.548ns
    Source Clock Delay      (SCD):    -0.378ns
    Clock Pessimism Removal (CPR):    -0.186ns

    Location             Delay type                Incr(ns)  Path(ns)    Netlist Resource(s)
  -------------------------------------------------------------------    -------------------
                         (clock clk_out1_pll rise edge)
                                                      0.000     0.000 r  
    AD12                                              0.000     0.000 r  i_sys_clk_p (IN)
                         net (fo=0)                   0.000     0.000    pll_inst/inst/clk_in1_p
    AD12                 IBUFDS (Prop_ibufds_I_O)     0.388     0.388 r  pll_inst/inst/clkin1_ibufgds/O
                         net (fo=1, routed)           0.503     0.891    pll_inst/inst/clk_in1_pll
    PLLE2_ADV_X1Y1       PLLE2_ADV (Prop_plle2_adv_CLKIN1_CLKOUT0)
                                                     -2.908    -2.017 r  pll_inst/inst/plle2_adv_inst/CLKOUT0
                         net (fo=1, routed)           0.958    -1.059    pll_inst/inst/clk_out1_pll
    BUFGCTRL_X0Y1        BUFG (Prop_bufg_I_O)         0.026    -1.033 r  pll_inst/inst/clkout1_buf/O
                         net (fo=546, routed)         0.655    -0.378    student_top_inst/bridge_inst/clk_out1
    SLICE_X97Y96         FDRE                                         r  student_top_inst/bridge_inst/seg_sync_d1_reg[3]/C
  -------------------------------------------------------------------    -------------------
    SLICE_X97Y96         FDRE (Prop_fdre_C_Q)         0.100    -0.278 r  student_top_inst/bridge_inst/seg_sync_d1_reg[3]/Q
                         net (fo=2, routed)           0.099    -0.178    student_top_inst/bridge_inst/seg_sync_d1[3]
    SLICE_X98Y97         FDRE                                         r  student_top_inst/bridge_inst/seg_sync_d2_reg[3]/D
  -------------------------------------------------------------------    -------------------

                         (clock clk_out1_pll rise edge)
                                                      0.000     0.000 r  
    AD12                                              0.000     0.000 r  i_sys_clk_p (IN)
                         net (fo=0)                   0.000     0.000    pll_inst/inst/clk_in1_p
    AD12                 IBUFDS (Prop_ibufds_I_O)     0.470     0.470 r  pll_inst/inst/clkin1_ibufgds/O
                         net (fo=1, routed)           0.554     1.024    pll_inst/inst/clk_in1_pll
    PLLE2_ADV_X1Y1       PLLE2_ADV (Prop_plle2_adv_CLKIN1_CLKOUT0)
                                                     -3.524    -2.500 r  pll_inst/inst/plle2_adv_inst/CLKOUT0
                         net (fo=1, routed)           1.027    -1.473    pll_inst/inst/clk_out1_pll
    BUFGCTRL_X0Y1        BUFG (Prop_bufg_I_O)         0.030    -1.443 r  pll_inst/inst/clkout1_buf/O
                         net (fo=546, routed)         0.895    -0.548    student_top_inst/bridge_inst/clk_out1
    SLICE_X98Y97         FDRE                                         r  student_top_inst/bridge_inst/seg_sync_d2_reg[3]/C
                         clock pessimism              0.186    -0.363    
    SLICE_X98Y97         FDRE (Hold_fdre_C_D)         0.059    -0.304    student_top_inst/bridge_inst/seg_sync_d2_reg[3]
  -------------------------------------------------------------------
                         required time                          0.304    
                         arrival time                          -0.178    
  -------------------------------------------------------------------
                         slack                                  0.125    

Slack (MET) :             0.125ns  (arrival time - required time)
  Source:                 student_top_inst/bridge_inst/seg_sync_d1_reg[3]/C
                            (rising edge-triggered cell FDRE clocked by clk_out1_pll  {rise@0.000ns fall@10.000ns period=20.000ns})
  Destination:            student_top_inst/bridge_inst/seg_sync_d2_reg[3]/D
                            (rising edge-triggered cell FDRE clocked by clk_out1_pll  {rise@0.000ns fall@10.000ns period=20.000ns})
  Path Group:             clk_out1_pll
  Path Type:              Hold (Min at Fast Process Corner)
  Requirement:            0.000ns  (clk_out1_pll rise@0.000ns - clk_out1_pll rise@0.000ns)
  Data Path Delay:        0.199ns  (logic 0.100ns (50.192%)  route 0.099ns (49.808%))
  Logic Levels:           0  
  Clock Path Skew:        0.015ns (DCD - SCD - CPR)
    Destination Clock Delay (DCD):    -0.548ns
    Source Clock Delay      (SCD):    -0.378ns
    Clock Pessimism Removal (CPR):    -0.186ns

    Location             Delay type                Incr(ns)  Path(ns)    Netlist Resource(s)
  -------------------------------------------------------------------    -------------------
                         (clock clk_out1_pll rise edge)
                                                      0.000     0.000 r  
    AD12                                              0.000     0.000 r  i_sys_clk_p (IN)
                         net (fo=0)                   0.000     0.000    pll_inst/inst/clk_in1_p
    AD12                 IBUFDS (Prop_ibufds_I_O)     0.388     0.388 r  pll_inst/inst/clkin1_ibufgds/O
                         net (fo=1, routed)           0.503     0.891    pll_inst/inst/clk_in1_pll
    PLLE2_ADV_X1Y1       PLLE2_ADV (Prop_plle2_adv_CLKIN1_CLKOUT0)
                                                     -2.908    -2.017 r  pll_inst/inst/plle2_adv_inst/CLKOUT0
                         net (fo=1, routed)           0.958    -1.059    pll_inst/inst/clk_out1_pll
    BUFGCTRL_X0Y1        BUFG (Prop_bufg_I_O)         0.026    -1.033 r  pll_inst/inst/clkout1_buf/O
                         net (fo=546, routed)         0.655    -0.378    student_top_inst/bridge_inst/clk_out1
    SLICE_X97Y96         FDRE                                         r  student_top_inst/bridge_inst/seg_sync_d1_reg[3]/C
  -------------------------------------------------------------------    -------------------
    SLICE_X97Y96         FDRE (Prop_fdre_C_Q)         0.100    -0.278 f  student_top_inst/bridge_inst/seg_sync_d1_reg[3]/Q
                         net (fo=2, routed)           0.099    -0.178    student_top_inst/bridge_inst/seg_sync_d1[3]
    SLICE_X98Y97         FDRE                                         f  student_top_inst/bridge_inst/seg_sync_d2_reg[3]/D
  -------------------------------------------------------------------    -------------------

                         (clock clk_out1_pll rise edge)
                                                      0.000     0.000 r  
    AD12                                              0.000     0.000 r  i_sys_clk_p (IN)
                         net (fo=0)                   0.000     0.000    pll_inst/inst/clk_in1_p
    AD12                 IBUFDS (Prop_ibufds_I_O)     0.470     0.470 r  pll_inst/inst/clkin1_ibufgds/O
                         net (fo=1, routed)           0.554     1.024    pll_inst/inst/clk_in1_pll
    PLLE2_ADV_X1Y1       PLLE2_ADV (Prop_plle2_adv_CLKIN1_CLKOUT0)
                                                     -3.524    -2.500 r  pll_inst/inst/plle2_adv_inst/CLKOUT0
                         net (fo=1, routed)           1.027    -1.473    pll_inst/inst/clk_out1_pll
    BUFGCTRL_X0Y1        BUFG (Prop_bufg_I_O)         0.030    -1.443 r  pll_inst/inst/clkout1_buf/O
                         net (fo=546, routed)         0.895    -0.548    student_top_inst/bridge_inst/clk_out1
    SLICE_X98Y97         FDRE                                         r  student_top_inst/bridge_inst/seg_sync_d2_reg[3]/C
                         clock pessimism              0.186    -0.363    
    SLICE_X98Y97         FDRE (Hold_fdre_C_D)         0.059    -0.304    student_top_inst/bridge_inst/seg_sync_d2_reg[3]
  -------------------------------------------------------------------
                         required time                          0.304    
                         arrival time                          -0.178    
  -------------------------------------------------------------------
                         slack                                  0.125    

Slack (MET) :             0.126ns  (arrival time - required time)
  Source:                 student_top_inst/bridge_inst/led_sync_d1_reg[3]/C
                            (rising edge-triggered cell FDRE clocked by clk_out1_pll  {rise@0.000ns fall@10.000ns period=20.000ns})
  Destination:            student_top_inst/bridge_inst/led_sync_d2_reg[3]/D
                            (rising edge-triggered cell FDRE clocked by clk_out1_pll  {rise@0.000ns fall@10.000ns period=20.000ns})
  Path Group:             clk_out1_pll
  Path Type:              Hold (Min at Fast Process Corner)
  Requirement:            0.000ns  (clk_out1_pll rise@0.000ns - clk_out1_pll rise@0.000ns)
  Data Path Delay:        0.200ns  (logic 0.100ns (49.960%)  route 0.100ns (50.040%))
  Logic Levels:           0  
  Clock Path Skew:        0.030ns (DCD - SCD - CPR)
    Destination Clock Delay (DCD):    -0.621ns
    Source Clock Delay      (SCD):    -0.429ns
    Clock Pessimism Removal (CPR):    -0.223ns

    Location             Delay type                Incr(ns)  Path(ns)    Netlist Resource(s)
  -------------------------------------------------------------------    -------------------
                         (clock clk_out1_pll rise edge)
                                                      0.000     0.000 r  
    AD12                                              0.000     0.000 r  i_sys_clk_p (IN)
                         net (fo=0)                   0.000     0.000    pll_inst/inst/clk_in1_p
    AD12                 IBUFDS (Prop_ibufds_I_O)     0.388     0.388 r  pll_inst/inst/clkin1_ibufgds/O
                         net (fo=1, routed)           0.503     0.891    pll_inst/inst/clk_in1_pll
    PLLE2_ADV_X1Y1       PLLE2_ADV (Prop_plle2_adv_CLKIN1_CLKOUT0)
                                                     -2.908    -2.017 r  pll_inst/inst/plle2_adv_inst/CLKOUT0
                         net (fo=1, routed)           0.958    -1.059    pll_inst/inst/clk_out1_pll
    BUFGCTRL_X0Y1        BUFG (Prop_bufg_I_O)         0.026    -1.033 r  pll_inst/inst/clkout1_buf/O
                         net (fo=546, routed)         0.604    -0.429    student_top_inst/bridge_inst/clk_out1
    SLICE_X101Y103       FDRE                                         r  student_top_inst/bridge_inst/led_sync_d1_reg[3]/C
  -------------------------------------------------------------------    -------------------
    SLICE_X101Y103       FDRE (Prop_fdre_C_Q)         0.100    -0.329 r  student_top_inst/bridge_inst/led_sync_d1_reg[3]/Q
                         net (fo=2, routed)           0.100    -0.228    student_top_inst/bridge_inst/led_sync_d1[3]
    SLICE_X99Y103        FDRE                                         r  student_top_inst/bridge_inst/led_sync_d2_reg[3]/D
  -------------------------------------------------------------------    -------------------

                         (clock clk_out1_pll rise edge)
                                                      0.000     0.000 r  
    AD12                                              0.000     0.000 r  i_sys_clk_p (IN)
                         net (fo=0)                   0.000     0.000    pll_inst/inst/clk_in1_p
    AD12                 IBUFDS (Prop_ibufds_I_O)     0.470     0.470 r  pll_inst/inst/clkin1_ibufgds/O
                         net (fo=1, routed)           0.554     1.024    pll_inst/inst/clk_in1_pll
    PLLE2_ADV_X1Y1       PLLE2_ADV (Prop_plle2_adv_CLKIN1_CLKOUT0)
                                                     -3.524    -2.500 r  pll_inst/inst/plle2_adv_inst/CLKOUT0
                         net (fo=1, routed)           1.027    -1.473    pll_inst/inst/clk_out1_pll
    BUFGCTRL_X0Y1        BUFG (Prop_bufg_I_O)         0.030    -1.443 r  pll_inst/inst/clkout1_buf/O
                         net (fo=546, routed)         0.822    -0.621    student_top_inst/bridge_inst/clk_out1
    SLICE_X99Y103        FDRE                                         r  student_top_inst/bridge_inst/led_sync_d2_reg[3]/C
                         clock pessimism              0.223    -0.399    
    SLICE_X99Y103        FDRE (Hold_fdre_C_D)         0.044    -0.355    student_top_inst/bridge_inst/led_sync_d2_reg[3]
  -------------------------------------------------------------------
                         required time                          0.355    
                         arrival time                          -0.228    
  -------------------------------------------------------------------
                         slack                                  0.126    

Slack (MET) :             0.126ns  (arrival time - required time)
  Source:                 student_top_inst/bridge_inst/led_sync_d1_reg[3]/C
                            (rising edge-triggered cell FDRE clocked by clk_out1_pll  {rise@0.000ns fall@10.000ns period=20.000ns})
  Destination:            student_top_inst/bridge_inst/led_sync_d2_reg[3]/D
                            (rising edge-triggered cell FDRE clocked by clk_out1_pll  {rise@0.000ns fall@10.000ns period=20.000ns})
  Path Group:             clk_out1_pll
  Path Type:              Hold (Min at Fast Process Corner)
  Requirement:            0.000ns  (clk_out1_pll rise@0.000ns - clk_out1_pll rise@0.000ns)
  Data Path Delay:        0.200ns  (logic 0.100ns (49.960%)  route 0.100ns (50.040%))
  Logic Levels:           0  
  Clock Path Skew:        0.030ns (DCD - SCD - CPR)
    Destination Clock Delay (DCD):    -0.621ns
    Source Clock Delay      (SCD):    -0.429ns
    Clock Pessimism Removal (CPR):    -0.223ns

    Location             Delay type                Incr(ns)  Path(ns)    Netlist Resource(s)
  -------------------------------------------------------------------    -------------------
                         (clock clk_out1_pll rise edge)
                                                      0.000     0.000 r  
    AD12                                              0.000     0.000 r  i_sys_clk_p (IN)
                         net (fo=0)                   0.000     0.000    pll_inst/inst/clk_in1_p
    AD12                 IBUFDS (Prop_ibufds_I_O)     0.388     0.388 r  pll_inst/inst/clkin1_ibufgds/O
                         net (fo=1, routed)           0.503     0.891    pll_inst/inst/clk_in1_pll
    PLLE2_ADV_X1Y1       PLLE2_ADV (Prop_plle2_adv_CLKIN1_CLKOUT0)
                                                     -2.908    -2.017 r  pll_inst/inst/plle2_adv_inst/CLKOUT0
                         net (fo=1, routed)           0.958    -1.059    pll_inst/inst/clk_out1_pll
    BUFGCTRL_X0Y1        BUFG (Prop_bufg_I_O)         0.026    -1.033 r  pll_inst/inst/clkout1_buf/O
                         net (fo=546, routed)         0.604    -0.429    student_top_inst/bridge_inst/clk_out1
    SLICE_X101Y103       FDRE                                         r  student_top_inst/bridge_inst/led_sync_d1_reg[3]/C
  -------------------------------------------------------------------    -------------------
    SLICE_X101Y103       FDRE (Prop_fdre_C_Q)         0.100    -0.329 f  student_top_inst/bridge_inst/led_sync_d1_reg[3]/Q
                         net (fo=2, routed)           0.100    -0.228    student_top_inst/bridge_inst/led_sync_d1[3]
    SLICE_X99Y103        FDRE                                         f  student_top_inst/bridge_inst/led_sync_d2_reg[3]/D
  -------------------------------------------------------------------    -------------------

                         (clock clk_out1_pll rise edge)
                                                      0.000     0.000 r  
    AD12                                              0.000     0.000 r  i_sys_clk_p (IN)
                         net (fo=0)                   0.000     0.000    pll_inst/inst/clk_in1_p
    AD12                 IBUFDS (Prop_ibufds_I_O)     0.470     0.470 r  pll_inst/inst/clkin1_ibufgds/O
                         net (fo=1, routed)           0.554     1.024    pll_inst/inst/clk_in1_pll
    PLLE2_ADV_X1Y1       PLLE2_ADV (Prop_plle2_adv_CLKIN1_CLKOUT0)
                                                     -3.524    -2.500 r  pll_inst/inst/plle2_adv_inst/CLKOUT0
                         net (fo=1, routed)           1.027    -1.473    pll_inst/inst/clk_out1_pll
    BUFGCTRL_X0Y1        BUFG (Prop_bufg_I_O)         0.030    -1.443 r  pll_inst/inst/clkout1_buf/O
                         net (fo=546, routed)         0.822    -0.621    student_top_inst/bridge_inst/clk_out1
    SLICE_X99Y103        FDRE                                         r  student_top_inst/bridge_inst/led_sync_d2_reg[3]/C
                         clock pessimism              0.223    -0.399    
    SLICE_X99Y103        FDRE (Hold_fdre_C_D)         0.044    -0.355    student_top_inst/bridge_inst/led_sync_d2_reg[3]
  -------------------------------------------------------------------
                         required time                          0.355    
                         arrival time                          -0.228    
  -------------------------------------------------------------------
                         slack                                  0.126    

Slack (MET) :             0.133ns  (arrival time - required time)
  Source:                 student_top_inst/bridge_inst/led_sync_d2_reg[10]/C
                            (rising edge-triggered cell FDRE clocked by clk_out1_pll  {rise@0.000ns fall@10.000ns period=20.000ns})
  Destination:            twin_controller_inst/status_buffer_reg[15][2]/D
                            (rising edge-triggered cell FDCE clocked by clk_out1_pll  {rise@0.000ns fall@10.000ns period=20.000ns})
  Path Group:             clk_out1_pll
  Path Type:              Hold (Min at Fast Process Corner)
  Requirement:            0.000ns  (clk_out1_pll rise@0.000ns - clk_out1_pll rise@0.000ns)
  Data Path Delay:        0.311ns  (logic 0.100ns (32.129%)  route 0.211ns (67.871%))
  Logic Levels:           0  
  Clock Path Skew:        0.140ns (DCD - SCD - CPR)
    Destination Clock Delay (DCD):    -0.620ns
    Source Clock Delay      (SCD):    -0.378ns
    Clock Pessimism Removal (CPR):    -0.383ns

    Location             Delay type                Incr(ns)  Path(ns)    Netlist Resource(s)
  -------------------------------------------------------------------    -------------------
                         (clock clk_out1_pll rise edge)
                                                      0.000     0.000 r  
    AD12                                              0.000     0.000 r  i_sys_clk_p (IN)
                         net (fo=0)                   0.000     0.000    pll_inst/inst/clk_in1_p
    AD12                 IBUFDS (Prop_ibufds_I_O)     0.388     0.388 r  pll_inst/inst/clkin1_ibufgds/O
                         net (fo=1, routed)           0.503     0.891    pll_inst/inst/clk_in1_pll
    PLLE2_ADV_X1Y1       PLLE2_ADV (Prop_plle2_adv_CLKIN1_CLKOUT0)
                                                     -2.908    -2.017 r  pll_inst/inst/plle2_adv_inst/CLKOUT0
                         net (fo=1, routed)           0.958    -1.059    pll_inst/inst/clk_out1_pll
    BUFGCTRL_X0Y1        BUFG (Prop_bufg_I_O)         0.026    -1.033 r  pll_inst/inst/clkout1_buf/O
                         net (fo=546, routed)         0.655    -0.378    student_top_inst/bridge_inst/clk_out1
    SLICE_X99Y96         FDRE                                         r  student_top_inst/bridge_inst/led_sync_d2_reg[10]/C
  -------------------------------------------------------------------    -------------------
    SLICE_X99Y96         FDRE (Prop_fdre_C_Q)         0.100    -0.278 r  student_top_inst/bridge_inst/led_sync_d2_reg[10]/Q
                         net (fo=1, routed)           0.211    -0.066    twin_controller_inst/status_buffer_reg[17][7]_0[10]
    SLICE_X99Y100        FDCE                                         r  twin_controller_inst/status_buffer_reg[15][2]/D
  -------------------------------------------------------------------    -------------------

                         (clock clk_out1_pll rise edge)
                                                      0.000     0.000 r  
    AD12                                              0.000     0.000 r  i_sys_clk_p (IN)
                         net (fo=0)                   0.000     0.000    pll_inst/inst/clk_in1_p
    AD12                 IBUFDS (Prop_ibufds_I_O)     0.470     0.470 r  pll_inst/inst/clkin1_ibufgds/O
                         net (fo=1, routed)           0.554     1.024    pll_inst/inst/clk_in1_pll
    PLLE2_ADV_X1Y1       PLLE2_ADV (Prop_plle2_adv_CLKIN1_CLKOUT0)
                                                     -3.524    -2.500 r  pll_inst/inst/plle2_adv_inst/CLKOUT0
                         net (fo=1, routed)           1.027    -1.473    pll_inst/inst/clk_out1_pll
    BUFGCTRL_X0Y1        BUFG (Prop_bufg_I_O)         0.030    -1.443 r  pll_inst/inst/clkout1_buf/O
                         net (fo=546, routed)         0.823    -0.620    twin_controller_inst/CLK
    SLICE_X99Y100        FDCE                                         r  twin_controller_inst/status_buffer_reg[15][2]/C
                         clock pessimism              0.383    -0.238    
    SLICE_X99Y100        FDCE (Hold_fdce_C_D)         0.038    -0.200    twin_controller_inst/status_buffer_reg[15][2]
  -------------------------------------------------------------------
                         required time                          0.200    
                         arrival time                          -0.066    
  -------------------------------------------------------------------
                         slack                                  0.133    

Slack (MET) :             0.133ns  (arrival time - required time)
  Source:                 student_top_inst/bridge_inst/led_sync_d2_reg[10]/C
                            (rising edge-triggered cell FDRE clocked by clk_out1_pll  {rise@0.000ns fall@10.000ns period=20.000ns})
  Destination:            twin_controller_inst/status_buffer_reg[15][2]/D
                            (rising edge-triggered cell FDCE clocked by clk_out1_pll  {rise@0.000ns fall@10.000ns period=20.000ns})
  Path Group:             clk_out1_pll
  Path Type:              Hold (Min at Fast Process Corner)
  Requirement:            0.000ns  (clk_out1_pll rise@0.000ns - clk_out1_pll rise@0.000ns)
  Data Path Delay:        0.311ns  (logic 0.100ns (32.129%)  route 0.211ns (67.871%))
  Logic Levels:           0  
  Clock Path Skew:        0.140ns (DCD - SCD - CPR)
    Destination Clock Delay (DCD):    -0.620ns
    Source Clock Delay      (SCD):    -0.378ns
    Clock Pessimism Removal (CPR):    -0.383ns

    Location             Delay type                Incr(ns)  Path(ns)    Netlist Resource(s)
  -------------------------------------------------------------------    -------------------
                         (clock clk_out1_pll rise edge)
                                                      0.000     0.000 r  
    AD12                                              0.000     0.000 r  i_sys_clk_p (IN)
                         net (fo=0)                   0.000     0.000    pll_inst/inst/clk_in1_p
    AD12                 IBUFDS (Prop_ibufds_I_O)     0.388     0.388 r  pll_inst/inst/clkin1_ibufgds/O
                         net (fo=1, routed)           0.503     0.891    pll_inst/inst/clk_in1_pll
    PLLE2_ADV_X1Y1       PLLE2_ADV (Prop_plle2_adv_CLKIN1_CLKOUT0)
                                                     -2.908    -2.017 r  pll_inst/inst/plle2_adv_inst/CLKOUT0
                         net (fo=1, routed)           0.958    -1.059    pll_inst/inst/clk_out1_pll
    BUFGCTRL_X0Y1        BUFG (Prop_bufg_I_O)         0.026    -1.033 r  pll_inst/inst/clkout1_buf/O
                         net (fo=546, routed)         0.655    -0.378    student_top_inst/bridge_inst/clk_out1
    SLICE_X99Y96         FDRE                                         r  student_top_inst/bridge_inst/led_sync_d2_reg[10]/C
  -------------------------------------------------------------------    -------------------
    SLICE_X99Y96         FDRE (Prop_fdre_C_Q)         0.100    -0.278 f  student_top_inst/bridge_inst/led_sync_d2_reg[10]/Q
                         net (fo=1, routed)           0.211    -0.066    twin_controller_inst/status_buffer_reg[17][7]_0[10]
    SLICE_X99Y100        FDCE                                         f  twin_controller_inst/status_buffer_reg[15][2]/D
  -------------------------------------------------------------------    -------------------

                         (clock clk_out1_pll rise edge)
                                                      0.000     0.000 r  
    AD12                                              0.000     0.000 r  i_sys_clk_p (IN)
                         net (fo=0)                   0.000     0.000    pll_inst/inst/clk_in1_p
    AD12                 IBUFDS (Prop_ibufds_I_O)     0.470     0.470 r  pll_inst/inst/clkin1_ibufgds/O
                         net (fo=1, routed)           0.554     1.024    pll_inst/inst/clk_in1_pll
    PLLE2_ADV_X1Y1       PLLE2_ADV (Prop_plle2_adv_CLKIN1_CLKOUT0)
                                                     -3.524    -2.500 r  pll_inst/inst/plle2_adv_inst/CLKOUT0
                         net (fo=1, routed)           1.027    -1.473    pll_inst/inst/clk_out1_pll
    BUFGCTRL_X0Y1        BUFG (Prop_bufg_I_O)         0.030    -1.443 r  pll_inst/inst/clkout1_buf/O
                         net (fo=546, routed)         0.823    -0.620    twin_controller_inst/CLK
    SLICE_X99Y100        FDCE                                         r  twin_controller_inst/status_buffer_reg[15][2]/C
                         clock pessimism              0.383    -0.238    
    SLICE_X99Y100        FDCE (Hold_fdce_C_D)         0.038    -0.200    twin_controller_inst/status_buffer_reg[15][2]
  -------------------------------------------------------------------
                         required time                          0.200    
                         arrival time                          -0.066    
  -------------------------------------------------------------------
                         slack                                  0.133    

Slack (MET) :             0.138ns  (arrival time - required time)
  Source:                 student_top_inst/bridge_inst/seg_sync_d1_reg[16]/C
                            (rising edge-triggered cell FDRE clocked by clk_out1_pll  {rise@0.000ns fall@10.000ns period=20.000ns})
  Destination:            student_top_inst/bridge_inst/seg_sync_d2_reg[16]_lopt_replica/D
                            (rising edge-triggered cell FDRE clocked by clk_out1_pll  {rise@0.000ns fall@10.000ns period=20.000ns})
  Path Group:             clk_out1_pll
  Path Type:              Hold (Min at Fast Process Corner)
  Requirement:            0.000ns  (clk_out1_pll rise@0.000ns - clk_out1_pll rise@0.000ns)
  Data Path Delay:        0.201ns  (logic 0.100ns (49.853%)  route 0.101ns (50.147%))
  Logic Levels:           0  
  Clock Path Skew:        0.014ns (DCD - SCD - CPR)
    Destination Clock Delay (DCD):    -0.554ns
    Source Clock Delay      (SCD):    -0.383ns
    Clock Pessimism Removal (CPR):    -0.186ns

    Location             Delay type                Incr(ns)  Path(ns)    Netlist Resource(s)
  -------------------------------------------------------------------    -------------------
                         (clock clk_out1_pll rise edge)
                                                      0.000     0.000 r  
    AD12                                              0.000     0.000 r  i_sys_clk_p (IN)
                         net (fo=0)                   0.000     0.000    pll_inst/inst/clk_in1_p
    AD12                 IBUFDS (Prop_ibufds_I_O)     0.388     0.388 r  pll_inst/inst/clkin1_ibufgds/O
                         net (fo=1, routed)           0.503     0.891    pll_inst/inst/clk_in1_pll
    PLLE2_ADV_X1Y1       PLLE2_ADV (Prop_plle2_adv_CLKIN1_CLKOUT0)
                                                     -2.908    -2.017 r  pll_inst/inst/plle2_adv_inst/CLKOUT0
                         net (fo=1, routed)           0.958    -1.059    pll_inst/inst/clk_out1_pll
    BUFGCTRL_X0Y1        BUFG (Prop_bufg_I_O)         0.026    -1.033 r  pll_inst/inst/clkout1_buf/O
                         net (fo=546, routed)         0.650    -0.383    student_top_inst/bridge_inst/clk_out1
    SLICE_X87Y97         FDRE                                         r  student_top_inst/bridge_inst/seg_sync_d1_reg[16]/C
  -------------------------------------------------------------------    -------------------
    SLICE_X87Y97         FDRE (Prop_fdre_C_Q)         0.100    -0.283 r  student_top_inst/bridge_inst/seg_sync_d1_reg[16]/Q
                         net (fo=2, routed)           0.101    -0.182    student_top_inst/bridge_inst/seg_sync_d1[16]
    SLICE_X85Y97         FDRE                                         r  student_top_inst/bridge_inst/seg_sync_d2_reg[16]_lopt_replica/D
  -------------------------------------------------------------------    -------------------

                         (clock clk_out1_pll rise edge)
                                                      0.000     0.000 r  
    AD12                                              0.000     0.000 r  i_sys_clk_p (IN)
                         net (fo=0)                   0.000     0.000    pll_inst/inst/clk_in1_p
    AD12                 IBUFDS (Prop_ibufds_I_O)     0.470     0.470 r  pll_inst/inst/clkin1_ibufgds/O
                         net (fo=1, routed)           0.554     1.024    pll_inst/inst/clk_in1_pll
    PLLE2_ADV_X1Y1       PLLE2_ADV (Prop_plle2_adv_CLKIN1_CLKOUT0)
                                                     -3.524    -2.500 r  pll_inst/inst/plle2_adv_inst/CLKOUT0
                         net (fo=1, routed)           1.027    -1.473    pll_inst/inst/clk_out1_pll
    BUFGCTRL_X0Y1        BUFG (Prop_bufg_I_O)         0.030    -1.443 r  pll_inst/inst/clkout1_buf/O
                         net (fo=546, routed)         0.889    -0.554    student_top_inst/bridge_inst/clk_out1
    SLICE_X85Y97         FDRE                                         r  student_top_inst/bridge_inst/seg_sync_d2_reg[16]_lopt_replica/C
                         clock pessimism              0.186    -0.369    
    SLICE_X85Y97         FDRE (Hold_fdre_C_D)         0.049    -0.320    student_top_inst/bridge_inst/seg_sync_d2_reg[16]_lopt_replica
  -------------------------------------------------------------------
                         required time                          0.320    
                         arrival time                          -0.182    
  -------------------------------------------------------------------
                         slack                                  0.138    

Slack (MET) :             0.138ns  (arrival time - required time)
  Source:                 student_top_inst/bridge_inst/seg_sync_d1_reg[16]/C
                            (rising edge-triggered cell FDRE clocked by clk_out1_pll  {rise@0.000ns fall@10.000ns period=20.000ns})
  Destination:            student_top_inst/bridge_inst/seg_sync_d2_reg[16]_lopt_replica/D
                            (rising edge-triggered cell FDRE clocked by clk_out1_pll  {rise@0.000ns fall@10.000ns period=20.000ns})
  Path Group:             clk_out1_pll
  Path Type:              Hold (Min at Fast Process Corner)
  Requirement:            0.000ns  (clk_out1_pll rise@0.000ns - clk_out1_pll rise@0.000ns)
  Data Path Delay:        0.201ns  (logic 0.100ns (49.853%)  route 0.101ns (50.147%))
  Logic Levels:           0  
  Clock Path Skew:        0.014ns (DCD - SCD - CPR)
    Destination Clock Delay (DCD):    -0.554ns
    Source Clock Delay      (SCD):    -0.383ns
    Clock Pessimism Removal (CPR):    -0.186ns

    Location             Delay type                Incr(ns)  Path(ns)    Netlist Resource(s)
  -------------------------------------------------------------------    -------------------
                         (clock clk_out1_pll rise edge)
                                                      0.000     0.000 r  
    AD12                                              0.000     0.000 r  i_sys_clk_p (IN)
                         net (fo=0)                   0.000     0.000    pll_inst/inst/clk_in1_p
    AD12                 IBUFDS (Prop_ibufds_I_O)     0.388     0.388 r  pll_inst/inst/clkin1_ibufgds/O
                         net (fo=1, routed)           0.503     0.891    pll_inst/inst/clk_in1_pll
    PLLE2_ADV_X1Y1       PLLE2_ADV (Prop_plle2_adv_CLKIN1_CLKOUT0)
                                                     -2.908    -2.017 r  pll_inst/inst/plle2_adv_inst/CLKOUT0
                         net (fo=1, routed)           0.958    -1.059    pll_inst/inst/clk_out1_pll
    BUFGCTRL_X0Y1        BUFG (Prop_bufg_I_O)         0.026    -1.033 r  pll_inst/inst/clkout1_buf/O
                         net (fo=546, routed)         0.650    -0.383    student_top_inst/bridge_inst/clk_out1
    SLICE_X87Y97         FDRE                                         r  student_top_inst/bridge_inst/seg_sync_d1_reg[16]/C
  -------------------------------------------------------------------    -------------------
    SLICE_X87Y97         FDRE (Prop_fdre_C_Q)         0.100    -0.283 f  student_top_inst/bridge_inst/seg_sync_d1_reg[16]/Q
                         net (fo=2, routed)           0.101    -0.182    student_top_inst/bridge_inst/seg_sync_d1[16]
    SLICE_X85Y97         FDRE                                         f  student_top_inst/bridge_inst/seg_sync_d2_reg[16]_lopt_replica/D
  -------------------------------------------------------------------    -------------------

                         (clock clk_out1_pll rise edge)
                                                      0.000     0.000 r  
    AD12                                              0.000     0.000 r  i_sys_clk_p (IN)
                         net (fo=0)                   0.000     0.000    pll_inst/inst/clk_in1_p
    AD12                 IBUFDS (Prop_ibufds_I_O)     0.470     0.470 r  pll_inst/inst/clkin1_ibufgds/O
                         net (fo=1, routed)           0.554     1.024    pll_inst/inst/clk_in1_pll
    PLLE2_ADV_X1Y1       PLLE2_ADV (Prop_plle2_adv_CLKIN1_CLKOUT0)
                                                     -3.524    -2.500 r  pll_inst/inst/plle2_adv_inst/CLKOUT0
                         net (fo=1, routed)           1.027    -1.473    pll_inst/inst/clk_out1_pll
    BUFGCTRL_X0Y1        BUFG (Prop_bufg_I_O)         0.030    -1.443 r  pll_inst/inst/clkout1_buf/O
                         net (fo=546, routed)         0.889    -0.554    student_top_inst/bridge_inst/clk_out1
    SLICE_X85Y97         FDRE                                         r  student_top_inst/bridge_inst/seg_sync_d2_reg[16]_lopt_replica/C
                         clock pessimism              0.186    -0.369    
    SLICE_X85Y97         FDRE (Hold_fdre_C_D)         0.049    -0.320    student_top_inst/bridge_inst/seg_sync_d2_reg[16]_lopt_replica
  -------------------------------------------------------------------
                         required time                          0.320    
                         arrival time                          -0.182    
  -------------------------------------------------------------------
                         slack                                  0.138    

Slack (MET) :             0.140ns  (arrival time - required time)
  Source:                 twin_controller_inst/status_buffer_reg[16][5]/C
                            (rising edge-triggered cell FDCE clocked by clk_out1_pll  {rise@0.000ns fall@10.000ns period=20.000ns})
  Destination:            twin_controller_inst/tx_data_reg[5]/D
                            (rising edge-triggered cell FDCE clocked by clk_out1_pll  {rise@0.000ns fall@10.000ns period=20.000ns})
  Path Group:             clk_out1_pll
  Path Type:              Hold (Min at Fast Process Corner)
  Requirement:            0.000ns  (clk_out1_pll rise@0.000ns - clk_out1_pll rise@0.000ns)
  Data Path Delay:        0.462ns  (logic 0.173ns (37.424%)  route 0.289ns (62.576%))
  Logic Levels:           1  (LUT5=1)
  Clock Path Skew:        0.262ns (DCD - SCD - CPR)
    Destination Clock Delay (DCD):    -0.548ns
    Source Clock Delay      (SCD):    -0.428ns
    Clock Pessimism Removal (CPR):    -0.383ns

    Location             Delay type                Incr(ns)  Path(ns)    Netlist Resource(s)
  -------------------------------------------------------------------    -------------------
                         (clock clk_out1_pll rise edge)
                                                      0.000     0.000 r  
    AD12                                              0.000     0.000 r  i_sys_clk_p (IN)
                         net (fo=0)                   0.000     0.000    pll_inst/inst/clk_in1_p
    AD12                 IBUFDS (Prop_ibufds_I_O)     0.388     0.388 r  pll_inst/inst/clkin1_ibufgds/O
                         net (fo=1, routed)           0.503     0.891    pll_inst/inst/clk_in1_pll
    PLLE2_ADV_X1Y1       PLLE2_ADV (Prop_plle2_adv_CLKIN1_CLKOUT0)
                                                     -2.908    -2.017 r  pll_inst/inst/plle2_adv_inst/CLKOUT0
                         net (fo=1, routed)           0.958    -1.059    pll_inst/inst/clk_out1_pll
    BUFGCTRL_X0Y1        BUFG (Prop_bufg_I_O)         0.026    -1.033 r  pll_inst/inst/clkout1_buf/O
                         net (fo=546, routed)         0.605    -0.428    twin_controller_inst/CLK
    SLICE_X102Y100       FDCE                                         r  twin_controller_inst/status_buffer_reg[16][5]/C
  -------------------------------------------------------------------    -------------------
    SLICE_X102Y100       FDCE (Prop_fdce_C_Q)         0.107    -0.321 r  twin_controller_inst/status_buffer_reg[16][5]/Q
                         net (fo=1, routed)           0.289    -0.031    twin_controller_inst/status_buffer_reg[16]_16[5]
    SLICE_X99Y98         LUT5 (Prop_lut5_I2_O)        0.066     0.035 r  twin_controller_inst/tx_data[5]_i_1/O
                         net (fo=1, routed)           0.000     0.035    twin_controller_inst/status_buffer[5]
    SLICE_X99Y98         FDCE                                         r  twin_controller_inst/tx_data_reg[5]/D
  -------------------------------------------------------------------    -------------------

                         (clock clk_out1_pll rise edge)
                                                      0.000     0.000 r  
    AD12                                              0.000     0.000 r  i_sys_clk_p (IN)
                         net (fo=0)                   0.000     0.000    pll_inst/inst/clk_in1_p
    AD12                 IBUFDS (Prop_ibufds_I_O)     0.470     0.470 r  pll_inst/inst/clkin1_ibufgds/O
                         net (fo=1, routed)           0.554     1.024    pll_inst/inst/clk_in1_pll
    PLLE2_ADV_X1Y1       PLLE2_ADV (Prop_plle2_adv_CLKIN1_CLKOUT0)
                                                     -3.524    -2.500 r  pll_inst/inst/plle2_adv_inst/CLKOUT0
                         net (fo=1, routed)           1.027    -1.473    pll_inst/inst/clk_out1_pll
    BUFGCTRL_X0Y1        BUFG (Prop_bufg_I_O)         0.030    -1.443 r  pll_inst/inst/clkout1_buf/O
                         net (fo=546, routed)         0.895    -0.548    twin_controller_inst/CLK
    SLICE_X99Y98         FDCE                                         r  twin_controller_inst/tx_data_reg[5]/C
                         clock pessimism              0.383    -0.166    
    SLICE_X99Y98         FDCE (Hold_fdce_C_D)         0.060    -0.106    twin_controller_inst/tx_data_reg[5]
  -------------------------------------------------------------------
                         required time                          0.106    
                         arrival time                           0.035    
  -------------------------------------------------------------------
                         slack                                  0.140    

Slack (MET) :             0.140ns  (arrival time - required time)
  Source:                 twin_controller_inst/status_buffer_reg[16][5]/C
                            (rising edge-triggered cell FDCE clocked by clk_out1_pll  {rise@0.000ns fall@10.000ns period=20.000ns})
  Destination:            twin_controller_inst/tx_data_reg[5]/D
                            (rising edge-triggered cell FDCE clocked by clk_out1_pll  {rise@0.000ns fall@10.000ns period=20.000ns})
  Path Group:             clk_out1_pll
  Path Type:              Hold (Min at Fast Process Corner)
  Requirement:            0.000ns  (clk_out1_pll rise@0.000ns - clk_out1_pll rise@0.000ns)
  Data Path Delay:        0.462ns  (logic 0.173ns (37.424%)  route 0.289ns (62.576%))
  Logic Levels:           1  (LUT5=1)
  Clock Path Skew:        0.262ns (DCD - SCD - CPR)
    Destination Clock Delay (DCD):    -0.548ns
    Source Clock Delay      (SCD):    -0.428ns
    Clock Pessimism Removal (CPR):    -0.383ns

    Location             Delay type                Incr(ns)  Path(ns)    Netlist Resource(s)
  -------------------------------------------------------------------    -------------------
                         (clock clk_out1_pll rise edge)
                                                      0.000     0.000 r  
    AD12                                              0.000     0.000 r  i_sys_clk_p (IN)
                         net (fo=0)                   0.000     0.000    pll_inst/inst/clk_in1_p
    AD12                 IBUFDS (Prop_ibufds_I_O)     0.388     0.388 r  pll_inst/inst/clkin1_ibufgds/O
                         net (fo=1, routed)           0.503     0.891    pll_inst/inst/clk_in1_pll
    PLLE2_ADV_X1Y1       PLLE2_ADV (Prop_plle2_adv_CLKIN1_CLKOUT0)
                                                     -2.908    -2.017 r  pll_inst/inst/plle2_adv_inst/CLKOUT0
                         net (fo=1, routed)           0.958    -1.059    pll_inst/inst/clk_out1_pll
    BUFGCTRL_X0Y1        BUFG (Prop_bufg_I_O)         0.026    -1.033 r  pll_inst/inst/clkout1_buf/O
                         net (fo=546, routed)         0.605    -0.428    twin_controller_inst/CLK
    SLICE_X102Y100       FDCE                                         r  twin_controller_inst/status_buffer_reg[16][5]/C
  -------------------------------------------------------------------    -------------------
    SLICE_X102Y100       FDCE (Prop_fdce_C_Q)         0.107    -0.321 f  twin_controller_inst/status_buffer_reg[16][5]/Q
                         net (fo=1, routed)           0.289    -0.031    twin_controller_inst/status_buffer_reg[16]_16[5]
    SLICE_X99Y98         LUT5 (Prop_lut5_I2_O)        0.066     0.035 f  twin_controller_inst/tx_data[5]_i_1/O
                         net (fo=1, routed)           0.000     0.035    twin_controller_inst/status_buffer[5]
    SLICE_X99Y98         FDCE                                         f  twin_controller_inst/tx_data_reg[5]/D
  -------------------------------------------------------------------    -------------------

                         (clock clk_out1_pll rise edge)
                                                      0.000     0.000 r  
    AD12                                              0.000     0.000 r  i_sys_clk_p (IN)
                         net (fo=0)                   0.000     0.000    pll_inst/inst/clk_in1_p
    AD12                 IBUFDS (Prop_ibufds_I_O)     0.470     0.470 r  pll_inst/inst/clkin1_ibufgds/O
                         net (fo=1, routed)           0.554     1.024    pll_inst/inst/clk_in1_pll
    PLLE2_ADV_X1Y1       PLLE2_ADV (Prop_plle2_adv_CLKIN1_CLKOUT0)
                                                     -3.524    -2.500 r  pll_inst/inst/plle2_adv_inst/CLKOUT0
                         net (fo=1, routed)           1.027    -1.473    pll_inst/inst/clk_out1_pll
    BUFGCTRL_X0Y1        BUFG (Prop_bufg_I_O)         0.030    -1.443 r  pll_inst/inst/clkout1_buf/O
                         net (fo=546, routed)         0.895    -0.548    twin_controller_inst/CLK
    SLICE_X99Y98         FDCE                                         r  twin_controller_inst/tx_data_reg[5]/C
                         clock pessimism              0.383    -0.166    
    SLICE_X99Y98         FDCE (Hold_fdce_C_D)         0.060    -0.106    twin_controller_inst/tx_data_reg[5]
  -------------------------------------------------------------------
                         required time                          0.106    
                         arrival time                           0.035    
  -------------------------------------------------------------------
                         slack                                  0.140    

Slack (MET) :             0.140ns  (arrival time - required time)
  Source:                 student_top_inst/bridge_inst/led_sync_d2_reg[17]/C
                            (rising edge-triggered cell FDRE clocked by clk_out1_pll  {rise@0.000ns fall@10.000ns period=20.000ns})
  Destination:            twin_controller_inst/status_buffer_reg[16][1]/D
                            (rising edge-triggered cell FDCE clocked by clk_out1_pll  {rise@0.000ns fall@10.000ns period=20.000ns})
  Path Group:             clk_out1_pll
  Path Type:              Hold (Min at Fast Process Corner)
  Requirement:            0.000ns  (clk_out1_pll rise@0.000ns - clk_out1_pll rise@0.000ns)
  Data Path Delay:        0.435ns  (logic 0.100ns (22.963%)  route 0.335ns (77.037%))
  Logic Levels:           0  
  Clock Path Skew:        0.262ns (DCD - SCD - CPR)
    Destination Clock Delay (DCD):    -0.548ns
    Source Clock Delay      (SCD):    -0.428ns
    Clock Pessimism Removal (CPR):    -0.383ns

    Location             Delay type                Incr(ns)  Path(ns)    Netlist Resource(s)
  -------------------------------------------------------------------    -------------------
                         (clock clk_out1_pll rise edge)
                                                      0.000     0.000 r  
    AD12                                              0.000     0.000 r  i_sys_clk_p (IN)
                         net (fo=0)                   0.000     0.000    pll_inst/inst/clk_in1_p
    AD12                 IBUFDS (Prop_ibufds_I_O)     0.388     0.388 r  pll_inst/inst/clkin1_ibufgds/O
                         net (fo=1, routed)           0.503     0.891    pll_inst/inst/clk_in1_pll
    PLLE2_ADV_X1Y1       PLLE2_ADV (Prop_plle2_adv_CLKIN1_CLKOUT0)
                                                     -2.908    -2.017 r  pll_inst/inst/plle2_adv_inst/CLKOUT0
                         net (fo=1, routed)           0.958    -1.059    pll_inst/inst/clk_out1_pll
    BUFGCTRL_X0Y1        BUFG (Prop_bufg_I_O)         0.026    -1.033 r  pll_inst/inst/clkout1_buf/O
                         net (fo=546, routed)         0.605    -0.428    student_top_inst/bridge_inst/clk_out1
    SLICE_X101Y102       FDRE                                         r  student_top_inst/bridge_inst/led_sync_d2_reg[17]/C
  -------------------------------------------------------------------    -------------------
    SLICE_X101Y102       FDRE (Prop_fdre_C_Q)         0.100    -0.328 r  student_top_inst/bridge_inst/led_sync_d2_reg[17]/Q
                         net (fo=1, routed)           0.335     0.008    twin_controller_inst/status_buffer_reg[17][7]_0[17]
    SLICE_X97Y97         FDCE                                         r  twin_controller_inst/status_buffer_reg[16][1]/D
  -------------------------------------------------------------------    -------------------

                         (clock clk_out1_pll rise edge)
                                                      0.000     0.000 r  
    AD12                                              0.000     0.000 r  i_sys_clk_p (IN)
                         net (fo=0)                   0.000     0.000    pll_inst/inst/clk_in1_p
    AD12                 IBUFDS (Prop_ibufds_I_O)     0.470     0.470 r  pll_inst/inst/clkin1_ibufgds/O
                         net (fo=1, routed)           0.554     1.024    pll_inst/inst/clk_in1_pll
    PLLE2_ADV_X1Y1       PLLE2_ADV (Prop_plle2_adv_CLKIN1_CLKOUT0)
                                                     -3.524    -2.500 r  pll_inst/inst/plle2_adv_inst/CLKOUT0
                         net (fo=1, routed)           1.027    -1.473    pll_inst/inst/clk_out1_pll
    BUFGCTRL_X0Y1        BUFG (Prop_bufg_I_O)         0.030    -1.443 r  pll_inst/inst/clkout1_buf/O
                         net (fo=546, routed)         0.895    -0.548    twin_controller_inst/CLK
    SLICE_X97Y97         FDCE                                         r  twin_controller_inst/status_buffer_reg[16][1]/C
                         clock pessimism              0.383    -0.166    
    SLICE_X97Y97         FDCE (Hold_fdce_C_D)         0.033    -0.133    twin_controller_inst/status_buffer_reg[16][1]
  -------------------------------------------------------------------
                         required time                          0.133    
                         arrival time                           0.008    
  -------------------------------------------------------------------
                         slack                                  0.140    

Slack (MET) :             0.140ns  (arrival time - required time)
  Source:                 student_top_inst/bridge_inst/led_sync_d2_reg[17]/C
                            (rising edge-triggered cell FDRE clocked by clk_out1_pll  {rise@0.000ns fall@10.000ns period=20.000ns})
  Destination:            twin_controller_inst/status_buffer_reg[16][1]/D
                            (rising edge-triggered cell FDCE clocked by clk_out1_pll  {rise@0.000ns fall@10.000ns period=20.000ns})
  Path Group:             clk_out1_pll
  Path Type:              Hold (Min at Fast Process Corner)
  Requirement:            0.000ns  (clk_out1_pll rise@0.000ns - clk_out1_pll rise@0.000ns)
  Data Path Delay:        0.435ns  (logic 0.100ns (22.963%)  route 0.335ns (77.037%))
  Logic Levels:           0  
  Clock Path Skew:        0.262ns (DCD - SCD - CPR)
    Destination Clock Delay (DCD):    -0.548ns
    Source Clock Delay      (SCD):    -0.428ns
    Clock Pessimism Removal (CPR):    -0.383ns

    Location             Delay type                Incr(ns)  Path(ns)    Netlist Resource(s)
  -------------------------------------------------------------------    -------------------
                         (clock clk_out1_pll rise edge)
                                                      0.000     0.000 r  
    AD12                                              0.000     0.000 r  i_sys_clk_p (IN)
                         net (fo=0)                   0.000     0.000    pll_inst/inst/clk_in1_p
    AD12                 IBUFDS (Prop_ibufds_I_O)     0.388     0.388 r  pll_inst/inst/clkin1_ibufgds/O
                         net (fo=1, routed)           0.503     0.891    pll_inst/inst/clk_in1_pll
    PLLE2_ADV_X1Y1       PLLE2_ADV (Prop_plle2_adv_CLKIN1_CLKOUT0)
                                                     -2.908    -2.017 r  pll_inst/inst/plle2_adv_inst/CLKOUT0
                         net (fo=1, routed)           0.958    -1.059    pll_inst/inst/clk_out1_pll
    BUFGCTRL_X0Y1        BUFG (Prop_bufg_I_O)         0.026    -1.033 r  pll_inst/inst/clkout1_buf/O
                         net (fo=546, routed)         0.605    -0.428    student_top_inst/bridge_inst/clk_out1
    SLICE_X101Y102       FDRE                                         r  student_top_inst/bridge_inst/led_sync_d2_reg[17]/C
  -------------------------------------------------------------------    -------------------
    SLICE_X101Y102       FDRE (Prop_fdre_C_Q)         0.100    -0.328 f  student_top_inst/bridge_inst/led_sync_d2_reg[17]/Q
                         net (fo=1, routed)           0.335     0.008    twin_controller_inst/status_buffer_reg[17][7]_0[17]
    SLICE_X97Y97         FDCE                                         f  twin_controller_inst/status_buffer_reg[16][1]/D
  -------------------------------------------------------------------    -------------------

                         (clock clk_out1_pll rise edge)
                                                      0.000     0.000 r  
    AD12                                              0.000     0.000 r  i_sys_clk_p (IN)
                         net (fo=0)                   0.000     0.000    pll_inst/inst/clk_in1_p
    AD12                 IBUFDS (Prop_ibufds_I_O)     0.470     0.470 r  pll_inst/inst/clkin1_ibufgds/O
                         net (fo=1, routed)           0.554     1.024    pll_inst/inst/clk_in1_pll
    PLLE2_ADV_X1Y1       PLLE2_ADV (Prop_plle2_adv_CLKIN1_CLKOUT0)
                                                     -3.524    -2.500 r  pll_inst/inst/plle2_adv_inst/CLKOUT0
                         net (fo=1, routed)           1.027    -1.473    pll_inst/inst/clk_out1_pll
    BUFGCTRL_X0Y1        BUFG (Prop_bufg_I_O)         0.030    -1.443 r  pll_inst/inst/clkout1_buf/O
                         net (fo=546, routed)         0.895    -0.548    twin_controller_inst/CLK
    SLICE_X97Y97         FDCE                                         r  twin_controller_inst/status_buffer_reg[16][1]/C
                         clock pessimism              0.383    -0.166    
    SLICE_X97Y97         FDCE (Hold_fdce_C_D)         0.033    -0.133    twin_controller_inst/status_buffer_reg[16][1]
  -------------------------------------------------------------------
                         required time                          0.133    
                         arrival time                           0.008    
  -------------------------------------------------------------------
                         slack                                  0.140    

Slack (MET) :             0.141ns  (arrival time - required time)
  Source:                 student_top_inst/bridge_inst/led_sync_d2_reg[13]/C
                            (rising edge-triggered cell FDRE clocked by clk_out1_pll  {rise@0.000ns fall@10.000ns period=20.000ns})
  Destination:            twin_controller_inst/status_buffer_reg[15][5]/D
                            (rising edge-triggered cell FDCE clocked by clk_out1_pll  {rise@0.000ns fall@10.000ns period=20.000ns})
  Path Group:             clk_out1_pll
  Path Type:              Hold (Min at Fast Process Corner)
  Requirement:            0.000ns  (clk_out1_pll rise@0.000ns - clk_out1_pll rise@0.000ns)
  Data Path Delay:        0.197ns  (logic 0.100ns (50.890%)  route 0.097ns (49.110%))
  Logic Levels:           0  
  Clock Path Skew:        0.014ns (DCD - SCD - CPR)
    Destination Clock Delay (DCD):    -0.618ns
    Source Clock Delay      (SCD):    -0.428ns
    Clock Pessimism Removal (CPR):    -0.205ns

    Location             Delay type                Incr(ns)  Path(ns)    Netlist Resource(s)
  -------------------------------------------------------------------    -------------------
                         (clock clk_out1_pll rise edge)
                                                      0.000     0.000 r  
    AD12                                              0.000     0.000 r  i_sys_clk_p (IN)
                         net (fo=0)                   0.000     0.000    pll_inst/inst/clk_in1_p
    AD12                 IBUFDS (Prop_ibufds_I_O)     0.388     0.388 r  pll_inst/inst/clkin1_ibufgds/O
                         net (fo=1, routed)           0.503     0.891    pll_inst/inst/clk_in1_pll
    PLLE2_ADV_X1Y1       PLLE2_ADV (Prop_plle2_adv_CLKIN1_CLKOUT0)
                                                     -2.908    -2.017 r  pll_inst/inst/plle2_adv_inst/CLKOUT0
                         net (fo=1, routed)           0.958    -1.059    pll_inst/inst/clk_out1_pll
    BUFGCTRL_X0Y1        BUFG (Prop_bufg_I_O)         0.026    -1.033 r  pll_inst/inst/clkout1_buf/O
                         net (fo=546, routed)         0.605    -0.428    student_top_inst/bridge_inst/clk_out1
    SLICE_X101Y101       FDRE                                         r  student_top_inst/bridge_inst/led_sync_d2_reg[13]/C
  -------------------------------------------------------------------    -------------------
    SLICE_X101Y101       FDRE (Prop_fdre_C_Q)         0.100    -0.328 r  student_top_inst/bridge_inst/led_sync_d2_reg[13]/Q
                         net (fo=1, routed)           0.097    -0.231    twin_controller_inst/status_buffer_reg[17][7]_0[13]
    SLICE_X102Y100       FDCE                                         r  twin_controller_inst/status_buffer_reg[15][5]/D
  -------------------------------------------------------------------    -------------------

                         (clock clk_out1_pll rise edge)
                                                      0.000     0.000 r  
    AD12                                              0.000     0.000 r  i_sys_clk_p (IN)
                         net (fo=0)                   0.000     0.000    pll_inst/inst/clk_in1_p
    AD12                 IBUFDS (Prop_ibufds_I_O)     0.470     0.470 r  pll_inst/inst/clkin1_ibufgds/O
                         net (fo=1, routed)           0.554     1.024    pll_inst/inst/clk_in1_pll
    PLLE2_ADV_X1Y1       PLLE2_ADV (Prop_plle2_adv_CLKIN1_CLKOUT0)
                                                     -3.524    -2.500 r  pll_inst/inst/plle2_adv_inst/CLKOUT0
                         net (fo=1, routed)           1.027    -1.473    pll_inst/inst/clk_out1_pll
    BUFGCTRL_X0Y1        BUFG (Prop_bufg_I_O)         0.030    -1.443 r  pll_inst/inst/clkout1_buf/O
                         net (fo=546, routed)         0.825    -0.618    twin_controller_inst/CLK
    SLICE_X102Y100       FDCE                                         r  twin_controller_inst/status_buffer_reg[15][5]/C
                         clock pessimism              0.205    -0.414    
    SLICE_X102Y100       FDCE (Hold_fdce_C_D)         0.042    -0.372    twin_controller_inst/status_buffer_reg[15][5]
  -------------------------------------------------------------------
                         required time                          0.372    
                         arrival time                          -0.231    
  -------------------------------------------------------------------
                         slack                                  0.141    

Slack (MET) :             0.141ns  (arrival time - required time)
  Source:                 student_top_inst/bridge_inst/led_sync_d2_reg[13]/C
                            (rising edge-triggered cell FDRE clocked by clk_out1_pll  {rise@0.000ns fall@10.000ns period=20.000ns})
  Destination:            twin_controller_inst/status_buffer_reg[15][5]/D
                            (rising edge-triggered cell FDCE clocked by clk_out1_pll  {rise@0.000ns fall@10.000ns period=20.000ns})
  Path Group:             clk_out1_pll
  Path Type:              Hold (Min at Fast Process Corner)
  Requirement:            0.000ns  (clk_out1_pll rise@0.000ns - clk_out1_pll rise@0.000ns)
  Data Path Delay:        0.197ns  (logic 0.100ns (50.890%)  route 0.097ns (49.110%))
  Logic Levels:           0  
  Clock Path Skew:        0.014ns (DCD - SCD - CPR)
    Destination Clock Delay (DCD):    -0.618ns
    Source Clock Delay      (SCD):    -0.428ns
    Clock Pessimism Removal (CPR):    -0.205ns

    Location             Delay type                Incr(ns)  Path(ns)    Netlist Resource(s)
  -------------------------------------------------------------------    -------------------
                         (clock clk_out1_pll rise edge)
                                                      0.000     0.000 r  
    AD12                                              0.000     0.000 r  i_sys_clk_p (IN)
                         net (fo=0)                   0.000     0.000    pll_inst/inst/clk_in1_p
    AD12                 IBUFDS (Prop_ibufds_I_O)     0.388     0.388 r  pll_inst/inst/clkin1_ibufgds/O
                         net (fo=1, routed)           0.503     0.891    pll_inst/inst/clk_in1_pll
    PLLE2_ADV_X1Y1       PLLE2_ADV (Prop_plle2_adv_CLKIN1_CLKOUT0)
                                                     -2.908    -2.017 r  pll_inst/inst/plle2_adv_inst/CLKOUT0
                         net (fo=1, routed)           0.958    -1.059    pll_inst/inst/clk_out1_pll
    BUFGCTRL_X0Y1        BUFG (Prop_bufg_I_O)         0.026    -1.033 r  pll_inst/inst/clkout1_buf/O
                         net (fo=546, routed)         0.605    -0.428    student_top_inst/bridge_inst/clk_out1
    SLICE_X101Y101       FDRE                                         r  student_top_inst/bridge_inst/led_sync_d2_reg[13]/C
  -------------------------------------------------------------------    -------------------
    SLICE_X101Y101       FDRE (Prop_fdre_C_Q)         0.100    -0.328 f  student_top_inst/bridge_inst/led_sync_d2_reg[13]/Q
                         net (fo=1, routed)           0.097    -0.231    twin_controller_inst/status_buffer_reg[17][7]_0[13]
    SLICE_X102Y100       FDCE                                         f  twin_controller_inst/status_buffer_reg[15][5]/D
  -------------------------------------------------------------------    -------------------

                         (clock clk_out1_pll rise edge)
                                                      0.000     0.000 r  
    AD12                                              0.000     0.000 r  i_sys_clk_p (IN)
                         net (fo=0)                   0.000     0.000    pll_inst/inst/clk_in1_p
    AD12                 IBUFDS (Prop_ibufds_I_O)     0.470     0.470 r  pll_inst/inst/clkin1_ibufgds/O
                         net (fo=1, routed)           0.554     1.024    pll_inst/inst/clk_in1_pll
    PLLE2_ADV_X1Y1       PLLE2_ADV (Prop_plle2_adv_CLKIN1_CLKOUT0)
                                                     -3.524    -2.500 r  pll_inst/inst/plle2_adv_inst/CLKOUT0
                         net (fo=1, routed)           1.027    -1.473    pll_inst/inst/clk_out1_pll
    BUFGCTRL_X0Y1        BUFG (Prop_bufg_I_O)         0.030    -1.443 r  pll_inst/inst/clkout1_buf/O
                         net (fo=546, routed)         0.825    -0.618    twin_controller_inst/CLK
    SLICE_X102Y100       FDCE                                         r  twin_controller_inst/status_buffer_reg[15][5]/C
                         clock pessimism              0.205    -0.414    
    SLICE_X102Y100       FDCE (Hold_fdce_C_D)         0.042    -0.372    twin_controller_inst/status_buffer_reg[15][5]
  -------------------------------------------------------------------
                         required time                          0.372    
                         arrival time                          -0.231    
  -------------------------------------------------------------------
                         slack                                  0.141    

Slack (MET) :             0.143ns  (arrival time - required time)
  Source:                 student_top_inst/bridge_inst/seg_sync_d2_reg[38]/C
                            (rising edge-triggered cell FDRE clocked by clk_out1_pll  {rise@0.000ns fall@10.000ns period=20.000ns})
  Destination:            twin_controller_inst/status_buffer_reg[1][0]/D
                            (rising edge-triggered cell FDCE clocked by clk_out1_pll  {rise@0.000ns fall@10.000ns period=20.000ns})
  Path Group:             clk_out1_pll
  Path Type:              Hold (Min at Fast Process Corner)
  Requirement:            0.000ns  (clk_out1_pll rise@0.000ns - clk_out1_pll rise@0.000ns)
  Data Path Delay:        0.205ns  (logic 0.100ns (48.854%)  route 0.105ns (51.146%))
  Logic Levels:           0  
  Clock Path Skew:        0.015ns (DCD - SCD - CPR)
    Destination Clock Delay (DCD):    -0.548ns
    Source Clock Delay      (SCD):    -0.378ns
    Clock Pessimism Removal (CPR):    -0.186ns

    Location             Delay type                Incr(ns)  Path(ns)    Netlist Resource(s)
  -------------------------------------------------------------------    -------------------
                         (clock clk_out1_pll rise edge)
                                                      0.000     0.000 r  
    AD12                                              0.000     0.000 r  i_sys_clk_p (IN)
                         net (fo=0)                   0.000     0.000    pll_inst/inst/clk_in1_p
    AD12                 IBUFDS (Prop_ibufds_I_O)     0.388     0.388 r  pll_inst/inst/clkin1_ibufgds/O
                         net (fo=1, routed)           0.503     0.891    pll_inst/inst/clk_in1_pll
    PLLE2_ADV_X1Y1       PLLE2_ADV (Prop_plle2_adv_CLKIN1_CLKOUT0)
                                                     -2.908    -2.017 r  pll_inst/inst/plle2_adv_inst/CLKOUT0
                         net (fo=1, routed)           0.958    -1.059    pll_inst/inst/clk_out1_pll
    BUFGCTRL_X0Y1        BUFG (Prop_bufg_I_O)         0.026    -1.033 r  pll_inst/inst/clkout1_buf/O
                         net (fo=546, routed)         0.655    -0.378    student_top_inst/bridge_inst/clk_out1
    SLICE_X96Y95         FDRE                                         r  student_top_inst/bridge_inst/seg_sync_d2_reg[38]/C
  -------------------------------------------------------------------    -------------------
    SLICE_X96Y95         FDRE (Prop_fdre_C_Q)         0.100    -0.278 r  student_top_inst/bridge_inst/seg_sync_d2_reg[38]/Q
                         net (fo=1, routed)           0.105    -0.173    twin_controller_inst/Q[28]
    SLICE_X97Y97         FDCE                                         r  twin_controller_inst/status_buffer_reg[1][0]/D
  -------------------------------------------------------------------    -------------------

                         (clock clk_out1_pll rise edge)
                                                      0.000     0.000 r  
    AD12                                              0.000     0.000 r  i_sys_clk_p (IN)
                         net (fo=0)                   0.000     0.000    pll_inst/inst/clk_in1_p
    AD12                 IBUFDS (Prop_ibufds_I_O)     0.470     0.470 r  pll_inst/inst/clkin1_ibufgds/O
                         net (fo=1, routed)           0.554     1.024    pll_inst/inst/clk_in1_pll
    PLLE2_ADV_X1Y1       PLLE2_ADV (Prop_plle2_adv_CLKIN1_CLKOUT0)
                                                     -3.524    -2.500 r  pll_inst/inst/plle2_adv_inst/CLKOUT0
                         net (fo=1, routed)           1.027    -1.473    pll_inst/inst/clk_out1_pll
    BUFGCTRL_X0Y1        BUFG (Prop_bufg_I_O)         0.030    -1.443 r  pll_inst/inst/clkout1_buf/O
                         net (fo=546, routed)         0.895    -0.548    twin_controller_inst/CLK
    SLICE_X97Y97         FDCE                                         r  twin_controller_inst/status_buffer_reg[1][0]/C
                         clock pessimism              0.186    -0.363    
    SLICE_X97Y97         FDCE (Hold_fdce_C_D)         0.047    -0.316    twin_controller_inst/status_buffer_reg[1][0]
  -------------------------------------------------------------------
                         required time                          0.316    
                         arrival time                          -0.173    
  -------------------------------------------------------------------
                         slack                                  0.143    

Slack (MET) :             0.143ns  (arrival time - required time)
  Source:                 student_top_inst/bridge_inst/seg_sync_d2_reg[38]/C
                            (rising edge-triggered cell FDRE clocked by clk_out1_pll  {rise@0.000ns fall@10.000ns period=20.000ns})
  Destination:            twin_controller_inst/status_buffer_reg[1][0]/D
                            (rising edge-triggered cell FDCE clocked by clk_out1_pll  {rise@0.000ns fall@10.000ns period=20.000ns})
  Path Group:             clk_out1_pll
  Path Type:              Hold (Min at Fast Process Corner)
  Requirement:            0.000ns  (clk_out1_pll rise@0.000ns - clk_out1_pll rise@0.000ns)
  Data Path Delay:        0.205ns  (logic 0.100ns (48.854%)  route 0.105ns (51.146%))
  Logic Levels:           0  
  Clock Path Skew:        0.015ns (DCD - SCD - CPR)
    Destination Clock Delay (DCD):    -0.548ns
    Source Clock Delay      (SCD):    -0.378ns
    Clock Pessimism Removal (CPR):    -0.186ns

    Location             Delay type                Incr(ns)  Path(ns)    Netlist Resource(s)
  -------------------------------------------------------------------    -------------------
                         (clock clk_out1_pll rise edge)
                                                      0.000     0.000 r  
    AD12                                              0.000     0.000 r  i_sys_clk_p (IN)
                         net (fo=0)                   0.000     0.000    pll_inst/inst/clk_in1_p
    AD12                 IBUFDS (Prop_ibufds_I_O)     0.388     0.388 r  pll_inst/inst/clkin1_ibufgds/O
                         net (fo=1, routed)           0.503     0.891    pll_inst/inst/clk_in1_pll
    PLLE2_ADV_X1Y1       PLLE2_ADV (Prop_plle2_adv_CLKIN1_CLKOUT0)
                                                     -2.908    -2.017 r  pll_inst/inst/plle2_adv_inst/CLKOUT0
                         net (fo=1, routed)           0.958    -1.059    pll_inst/inst/clk_out1_pll
    BUFGCTRL_X0Y1        BUFG (Prop_bufg_I_O)         0.026    -1.033 r  pll_inst/inst/clkout1_buf/O
                         net (fo=546, routed)         0.655    -0.378    student_top_inst/bridge_inst/clk_out1
    SLICE_X96Y95         FDRE                                         r  student_top_inst/bridge_inst/seg_sync_d2_reg[38]/C
  -------------------------------------------------------------------    -------------------
    SLICE_X96Y95         FDRE (Prop_fdre_C_Q)         0.100    -0.278 f  student_top_inst/bridge_inst/seg_sync_d2_reg[38]/Q
                         net (fo=1, routed)           0.105    -0.173    twin_controller_inst/Q[28]
    SLICE_X97Y97         FDCE                                         f  twin_controller_inst/status_buffer_reg[1][0]/D
  -------------------------------------------------------------------    -------------------

                         (clock clk_out1_pll rise edge)
                                                      0.000     0.000 r  
    AD12                                              0.000     0.000 r  i_sys_clk_p (IN)
                         net (fo=0)                   0.000     0.000    pll_inst/inst/clk_in1_p
    AD12                 IBUFDS (Prop_ibufds_I_O)     0.470     0.470 r  pll_inst/inst/clkin1_ibufgds/O
                         net (fo=1, routed)           0.554     1.024    pll_inst/inst/clk_in1_pll
    PLLE2_ADV_X1Y1       PLLE2_ADV (Prop_plle2_adv_CLKIN1_CLKOUT0)
                                                     -3.524    -2.500 r  pll_inst/inst/plle2_adv_inst/CLKOUT0
                         net (fo=1, routed)           1.027    -1.473    pll_inst/inst/clk_out1_pll
    BUFGCTRL_X0Y1        BUFG (Prop_bufg_I_O)         0.030    -1.443 r  pll_inst/inst/clkout1_buf/O
                         net (fo=546, routed)         0.895    -0.548    twin_controller_inst/CLK
    SLICE_X97Y97         FDCE                                         r  twin_controller_inst/status_buffer_reg[1][0]/C
                         clock pessimism              0.186    -0.363    
    SLICE_X97Y97         FDCE (Hold_fdce_C_D)         0.047    -0.316    twin_controller_inst/status_buffer_reg[1][0]
  -------------------------------------------------------------------
                         required time                          0.316    
                         arrival time                          -0.173    
  -------------------------------------------------------------------
                         slack                                  0.143    

Slack (MET) :             0.143ns  (arrival time - required time)
  Source:                 student_top_inst/bridge_inst/seg_sync_d1_reg[39]/C
                            (rising edge-triggered cell FDRE clocked by clk_out1_pll  {rise@0.000ns fall@10.000ns period=20.000ns})
  Destination:            student_top_inst/bridge_inst/seg_sync_d2_reg[39]_lopt_replica_3/D
                            (rising edge-triggered cell FDRE clocked by clk_out1_pll  {rise@0.000ns fall@10.000ns period=20.000ns})
  Path Group:             clk_out1_pll
  Path Type:              Hold (Min at Fast Process Corner)
  Requirement:            0.000ns  (clk_out1_pll rise@0.000ns - clk_out1_pll rise@0.000ns)
  Data Path Delay:        0.216ns  (logic 0.100ns (46.334%)  route 0.116ns (53.666%))
  Logic Levels:           0  
  Clock Path Skew:        0.029ns (DCD - SCD - CPR)
    Destination Clock Delay (DCD):    -0.557ns
    Source Clock Delay      (SCD):    -0.384ns
    Clock Pessimism Removal (CPR):    -0.203ns

    Location             Delay type                Incr(ns)  Path(ns)    Netlist Resource(s)
  -------------------------------------------------------------------    -------------------
                         (clock clk_out1_pll rise edge)
                                                      0.000     0.000 r  
    AD12                                              0.000     0.000 r  i_sys_clk_p (IN)
                         net (fo=0)                   0.000     0.000    pll_inst/inst/clk_in1_p
    AD12                 IBUFDS (Prop_ibufds_I_O)     0.388     0.388 r  pll_inst/inst/clkin1_ibufgds/O
                         net (fo=1, routed)           0.503     0.891    pll_inst/inst/clk_in1_pll
    PLLE2_ADV_X1Y1       PLLE2_ADV (Prop_plle2_adv_CLKIN1_CLKOUT0)
                                                     -2.908    -2.017 r  pll_inst/inst/plle2_adv_inst/CLKOUT0
                         net (fo=1, routed)           0.958    -1.059    pll_inst/inst/clk_out1_pll
    BUFGCTRL_X0Y1        BUFG (Prop_bufg_I_O)         0.026    -1.033 r  pll_inst/inst/clkout1_buf/O
                         net (fo=546, routed)         0.649    -0.384    student_top_inst/bridge_inst/clk_out1
    SLICE_X85Y95         FDRE                                         r  student_top_inst/bridge_inst/seg_sync_d1_reg[39]/C
  -------------------------------------------------------------------    -------------------
    SLICE_X85Y95         FDRE (Prop_fdre_C_Q)         0.100    -0.284 r  student_top_inst/bridge_inst/seg_sync_d1_reg[39]/Q
                         net (fo=5, routed)           0.116    -0.168    student_top_inst/bridge_inst/seg_sync_d1[39]
    SLICE_X80Y95         FDRE                                         r  student_top_inst/bridge_inst/seg_sync_d2_reg[39]_lopt_replica_3/D
  -------------------------------------------------------------------    -------------------

                         (clock clk_out1_pll rise edge)
                                                      0.000     0.000 r  
    AD12                                              0.000     0.000 r  i_sys_clk_p (IN)
                         net (fo=0)                   0.000     0.000    pll_inst/inst/clk_in1_p
    AD12                 IBUFDS (Prop_ibufds_I_O)     0.470     0.470 r  pll_inst/inst/clkin1_ibufgds/O
                         net (fo=1, routed)           0.554     1.024    pll_inst/inst/clk_in1_pll
    PLLE2_ADV_X1Y1       PLLE2_ADV (Prop_plle2_adv_CLKIN1_CLKOUT0)
                                                     -3.524    -2.500 r  pll_inst/inst/plle2_adv_inst/CLKOUT0
                         net (fo=1, routed)           1.027    -1.473    pll_inst/inst/clk_out1_pll
    BUFGCTRL_X0Y1        BUFG (Prop_bufg_I_O)         0.030    -1.443 r  pll_inst/inst/clkout1_buf/O
                         net (fo=546, routed)         0.886    -0.557    student_top_inst/bridge_inst/clk_out1
    SLICE_X80Y95         FDRE                                         r  student_top_inst/bridge_inst/seg_sync_d2_reg[39]_lopt_replica_3/C
                         clock pessimism              0.203    -0.355    
    SLICE_X80Y95         FDRE (Hold_fdre_C_D)         0.044    -0.311    student_top_inst/bridge_inst/seg_sync_d2_reg[39]_lopt_replica_3
  -------------------------------------------------------------------
                         required time                          0.311    
                         arrival time                          -0.168    
  -------------------------------------------------------------------
                         slack                                  0.143    

Slack (MET) :             0.143ns  (arrival time - required time)
  Source:                 student_top_inst/bridge_inst/seg_sync_d1_reg[39]/C
                            (rising edge-triggered cell FDRE clocked by clk_out1_pll  {rise@0.000ns fall@10.000ns period=20.000ns})
  Destination:            student_top_inst/bridge_inst/seg_sync_d2_reg[39]_lopt_replica_3/D
                            (rising edge-triggered cell FDRE clocked by clk_out1_pll  {rise@0.000ns fall@10.000ns period=20.000ns})
  Path Group:             clk_out1_pll
  Path Type:              Hold (Min at Fast Process Corner)
  Requirement:            0.000ns  (clk_out1_pll rise@0.000ns - clk_out1_pll rise@0.000ns)
  Data Path Delay:        0.216ns  (logic 0.100ns (46.334%)  route 0.116ns (53.666%))
  Logic Levels:           0  
  Clock Path Skew:        0.029ns (DCD - SCD - CPR)
    Destination Clock Delay (DCD):    -0.557ns
    Source Clock Delay      (SCD):    -0.384ns
    Clock Pessimism Removal (CPR):    -0.203ns

    Location             Delay type                Incr(ns)  Path(ns)    Netlist Resource(s)
  -------------------------------------------------------------------    -------------------
                         (clock clk_out1_pll rise edge)
                                                      0.000     0.000 r  
    AD12                                              0.000     0.000 r  i_sys_clk_p (IN)
                         net (fo=0)                   0.000     0.000    pll_inst/inst/clk_in1_p
    AD12                 IBUFDS (Prop_ibufds_I_O)     0.388     0.388 r  pll_inst/inst/clkin1_ibufgds/O
                         net (fo=1, routed)           0.503     0.891    pll_inst/inst/clk_in1_pll
    PLLE2_ADV_X1Y1       PLLE2_ADV (Prop_plle2_adv_CLKIN1_CLKOUT0)
                                                     -2.908    -2.017 r  pll_inst/inst/plle2_adv_inst/CLKOUT0
                         net (fo=1, routed)           0.958    -1.059    pll_inst/inst/clk_out1_pll
    BUFGCTRL_X0Y1        BUFG (Prop_bufg_I_O)         0.026    -1.033 r  pll_inst/inst/clkout1_buf/O
                         net (fo=546, routed)         0.649    -0.384    student_top_inst/bridge_inst/clk_out1
    SLICE_X85Y95         FDRE                                         r  student_top_inst/bridge_inst/seg_sync_d1_reg[39]/C
  -------------------------------------------------------------------    -------------------
    SLICE_X85Y95         FDRE (Prop_fdre_C_Q)         0.100    -0.284 f  student_top_inst/bridge_inst/seg_sync_d1_reg[39]/Q
                         net (fo=5, routed)           0.116    -0.168    student_top_inst/bridge_inst/seg_sync_d1[39]
    SLICE_X80Y95         FDRE                                         f  student_top_inst/bridge_inst/seg_sync_d2_reg[39]_lopt_replica_3/D
  -------------------------------------------------------------------    -------------------

                         (clock clk_out1_pll rise edge)
                                                      0.000     0.000 r  
    AD12                                              0.000     0.000 r  i_sys_clk_p (IN)
                         net (fo=0)                   0.000     0.000    pll_inst/inst/clk_in1_p
    AD12                 IBUFDS (Prop_ibufds_I_O)     0.470     0.470 r  pll_inst/inst/clkin1_ibufgds/O
                         net (fo=1, routed)           0.554     1.024    pll_inst/inst/clk_in1_pll
    PLLE2_ADV_X1Y1       PLLE2_ADV (Prop_plle2_adv_CLKIN1_CLKOUT0)
                                                     -3.524    -2.500 r  pll_inst/inst/plle2_adv_inst/CLKOUT0
                         net (fo=1, routed)           1.027    -1.473    pll_inst/inst/clk_out1_pll
    BUFGCTRL_X0Y1        BUFG (Prop_bufg_I_O)         0.030    -1.443 r  pll_inst/inst/clkout1_buf/O
                         net (fo=546, routed)         0.886    -0.557    student_top_inst/bridge_inst/clk_out1
    SLICE_X80Y95         FDRE                                         r  student_top_inst/bridge_inst/seg_sync_d2_reg[39]_lopt_replica_3/C
                         clock pessimism              0.203    -0.355    
    SLICE_X80Y95         FDRE (Hold_fdre_C_D)         0.044    -0.311    student_top_inst/bridge_inst/seg_sync_d2_reg[39]_lopt_replica_3
  -------------------------------------------------------------------
                         required time                          0.311    
                         arrival time                          -0.168    
  -------------------------------------------------------------------
                         slack                                  0.143    




