Copyright 1986-2022 Xilinx, Inc. All Rights Reserved. Copyright 2022-2023 Advanced Micro Devices, Inc. All Rights Reserved.
----------------------------------------------------------------------------------------------------------------------------------------------------------------------------------------------------------------------------------------
| Tool Version : Vivado v.2023.2 (win64) Build 4029153 Fri Oct 13 20:14:34 MDT 2023
| Date         : Tue Jun  2 21:10:06 2026
| Host         : LAPTOP-5UF1FH4A running 64-bit major release  (build 9200)
| Command      : report_timing -delay_type max -sort_by group -max_paths 20 -nworst 5 -path_type full_clock_expanded -file C:/Users/hp/Downloads/digital_twin/digital_twin.srcs/sources_1/vivado_clk2_sweep/top_timing_max_clk2_214.rpt
| Design       : top
| Device       : 7k325t-ffg900
| Speed File   : -2  PRODUCTION 1.12 2017-02-17
| Design State : Routed
----------------------------------------------------------------------------------------------------------------------------------------------------------------------------------------------------------------------------------------

Timing Report

Slack (MET) :             0.026ns  (required time - arrival time)
  Source:                 student_top_inst/Core_cpu/cpu_core/ex_mem_inst/dff_mem_wd_addr/data_o_reg[7]/C
                            (rising edge-triggered cell FDRE clocked by clk_out2_pll  {rise@0.000ns fall@2.333ns period=4.667ns})
  Destination:            student_top_inst/bridge_inst/dram_driver_inst/Mem_DRAM/U0/inst_blk_mem_gen/gnbram.gnativebmg.native_blk_mem_gen/valid.cstr/ramloop[47].ram.r/prim_init.ram/DEVICE_7SERIES.NO_BMM_INFO.TRUE_DP.SIMPLE_PRIM36.ram/ADDRARDADDR[8]
                            (rising edge-triggered cell RAMB36E1 clocked by clk_out2_pll  {rise@0.000ns fall@2.333ns period=4.667ns})
  Path Group:             clk_out2_pll
  Path Type:              Setup (Max at Slow Process Corner)
  Requirement:            4.667ns  (clk_out2_pll rise@4.667ns - clk_out2_pll rise@0.000ns)
  Data Path Delay:        4.320ns  (logic 0.223ns (5.162%)  route 4.097ns (94.838%))
  Logic Levels:           0  
  Clock Path Skew:        0.150ns (DCD - SCD + CPR)
    Destination Clock Delay (DCD):    -1.673ns = ( 2.994 - 4.667 ) 
    Source Clock Delay      (SCD):    -2.268ns
    Clock Pessimism Removal (CPR):    -0.446ns
  Clock Uncertainty:      0.055ns  ((TSJ^2 + DJ^2)^1/2) / 2 + PE
    Total System Jitter     (TSJ):    0.071ns
    Discrete Jitter          (DJ):    0.083ns
    Phase Error              (PE):    0.000ns

    Location             Delay type                Incr(ns)  Path(ns)    Netlist Resource(s)
  -------------------------------------------------------------------    -------------------
                         (clock clk_out2_pll rise edge)
                                                      0.000     0.000 r  
    AD12                                              0.000     0.000 r  i_sys_clk_p (IN)
                         net (fo=0)                   0.000     0.000    pll_inst/inst/clk_in1_p
    AD12                 IBUFDS (Prop_ibufds_I_O)     0.906     0.906 r  pll_inst/inst/clkin1_ibufgds/O
                         net (fo=1, routed)           1.098     2.004    pll_inst/inst/clk_in1_pll
    PLLE2_ADV_X1Y1       PLLE2_ADV (Prop_plle2_adv_CLKIN1_CLKOUT1)
                                                     -8.058    -6.054 r  pll_inst/inst/plle2_adv_inst/CLKOUT1
                         net (fo=1, routed)           2.128    -3.926    pll_inst/inst/clk_out2_pll
    BUFGCTRL_X0Y0        BUFG (Prop_bufg_I_O)         0.093    -3.833 r  pll_inst/inst/clkout2_buf/O
                         net (fo=2866, routed)        1.565    -2.268    student_top_inst/Core_cpu/cpu_core/ex_mem_inst/dff_mem_wd_addr/clk_out2
    SLICE_X67Y96         FDRE                                         r  student_top_inst/Core_cpu/cpu_core/ex_mem_inst/dff_mem_wd_addr/data_o_reg[7]/C
  -------------------------------------------------------------------    -------------------
    SLICE_X67Y96         FDRE (Prop_fdre_C_Q)         0.223    -2.045 r  student_top_inst/Core_cpu/cpu_core/ex_mem_inst/dff_mem_wd_addr/data_o_reg[7]/Q
                         net (fo=65, routed)          4.097     2.052    student_top_inst/bridge_inst/dram_driver_inst/Mem_DRAM/U0/inst_blk_mem_gen/gnbram.gnativebmg.native_blk_mem_gen/valid.cstr/ramloop[47].ram.r/prim_init.ram/addra[5]
    RAMB36_X1Y6          RAMB36E1                                     r  student_top_inst/bridge_inst/dram_driver_inst/Mem_DRAM/U0/inst_blk_mem_gen/gnbram.gnativebmg.native_blk_mem_gen/valid.cstr/ramloop[47].ram.r/prim_init.ram/DEVICE_7SERIES.NO_BMM_INFO.TRUE_DP.SIMPLE_PRIM36.ram/ADDRARDADDR[8]
  -------------------------------------------------------------------    -------------------

                         (clock clk_out2_pll rise edge)
                                                      4.667     4.667 r  
    AD12                                              0.000     4.667 r  i_sys_clk_p (IN)
                         net (fo=0)                   0.000     4.667    pll_inst/inst/clk_in1_p
    AD12                 IBUFDS (Prop_ibufds_I_O)     0.803     5.470 r  pll_inst/inst/clkin1_ibufgds/O
                         net (fo=1, routed)           1.001     6.471    pll_inst/inst/clk_in1_pll
    PLLE2_ADV_X1Y1       PLLE2_ADV (Prop_plle2_adv_CLKIN1_CLKOUT1)
                                                     -7.261    -0.790 r  pll_inst/inst/plle2_adv_inst/CLKOUT1
                         net (fo=1, routed)           2.003     1.213    pll_inst/inst/clk_out2_pll
    BUFGCTRL_X0Y0        BUFG (Prop_bufg_I_O)         0.083     1.296 r  pll_inst/inst/clkout2_buf/O
                         net (fo=2866, routed)        1.698     2.994    student_top_inst/bridge_inst/dram_driver_inst/Mem_DRAM/U0/inst_blk_mem_gen/gnbram.gnativebmg.native_blk_mem_gen/valid.cstr/ramloop[47].ram.r/prim_init.ram/clka
    RAMB36_X1Y6          RAMB36E1                                     r  student_top_inst/bridge_inst/dram_driver_inst/Mem_DRAM/U0/inst_blk_mem_gen/gnbram.gnativebmg.native_blk_mem_gen/valid.cstr/ramloop[47].ram.r/prim_init.ram/DEVICE_7SERIES.NO_BMM_INFO.TRUE_DP.SIMPLE_PRIM36.ram/CLKARDCLK
                         clock pessimism             -0.446     2.548    
                         clock uncertainty           -0.055     2.493    
    RAMB36_X1Y6          RAMB36E1 (Setup_ramb36e1_CLKARDCLK_ADDRARDADDR[8])
                                                     -0.416     2.077    student_top_inst/bridge_inst/dram_driver_inst/Mem_DRAM/U0/inst_blk_mem_gen/gnbram.gnativebmg.native_blk_mem_gen/valid.cstr/ramloop[47].ram.r/prim_init.ram/DEVICE_7SERIES.NO_BMM_INFO.TRUE_DP.SIMPLE_PRIM36.ram
  -------------------------------------------------------------------
                         required time                          2.077    
                         arrival time                          -2.052    
  -------------------------------------------------------------------
                         slack                                  0.026    

Slack (MET) :             0.026ns  (required time - arrival time)
  Source:                 student_top_inst/Core_cpu/cpu_core/ex_mem_inst/dff_mem_wd_addr/data_o_reg[7]/C
                            (rising edge-triggered cell FDRE clocked by clk_out2_pll  {rise@0.000ns fall@2.333ns period=4.667ns})
  Destination:            student_top_inst/bridge_inst/dram_driver_inst/Mem_DRAM/U0/inst_blk_mem_gen/gnbram.gnativebmg.native_blk_mem_gen/valid.cstr/ramloop[47].ram.r/prim_init.ram/DEVICE_7SERIES.NO_BMM_INFO.TRUE_DP.SIMPLE_PRIM36.ram/ADDRARDADDR[8]
                            (rising edge-triggered cell RAMB36E1 clocked by clk_out2_pll  {rise@0.000ns fall@2.333ns period=4.667ns})
  Path Group:             clk_out2_pll
  Path Type:              Setup (Max at Slow Process Corner)
  Requirement:            4.667ns  (clk_out2_pll rise@4.667ns - clk_out2_pll rise@0.000ns)
  Data Path Delay:        4.320ns  (logic 0.223ns (5.162%)  route 4.097ns (94.838%))
  Logic Levels:           0  
  Clock Path Skew:        0.150ns (DCD - SCD + CPR)
    Destination Clock Delay (DCD):    -1.673ns = ( 2.994 - 4.667 ) 
    Source Clock Delay      (SCD):    -2.268ns
    Clock Pessimism Removal (CPR):    -0.446ns
  Clock Uncertainty:      0.055ns  ((TSJ^2 + DJ^2)^1/2) / 2 + PE
    Total System Jitter     (TSJ):    0.071ns
    Discrete Jitter          (DJ):    0.083ns
    Phase Error              (PE):    0.000ns

    Location             Delay type                Incr(ns)  Path(ns)    Netlist Resource(s)
  -------------------------------------------------------------------    -------------------
                         (clock clk_out2_pll rise edge)
                                                      0.000     0.000 r  
    AD12                                              0.000     0.000 r  i_sys_clk_p (IN)
                         net (fo=0)                   0.000     0.000    pll_inst/inst/clk_in1_p
    AD12                 IBUFDS (Prop_ibufds_I_O)     0.906     0.906 r  pll_inst/inst/clkin1_ibufgds/O
                         net (fo=1, routed)           1.098     2.004    pll_inst/inst/clk_in1_pll
    PLLE2_ADV_X1Y1       PLLE2_ADV (Prop_plle2_adv_CLKIN1_CLKOUT1)
                                                     -8.058    -6.054 r  pll_inst/inst/plle2_adv_inst/CLKOUT1
                         net (fo=1, routed)           2.128    -3.926    pll_inst/inst/clk_out2_pll
    BUFGCTRL_X0Y0        BUFG (Prop_bufg_I_O)         0.093    -3.833 r  pll_inst/inst/clkout2_buf/O
                         net (fo=2866, routed)        1.565    -2.268    student_top_inst/Core_cpu/cpu_core/ex_mem_inst/dff_mem_wd_addr/clk_out2
    SLICE_X67Y96         FDRE                                         r  student_top_inst/Core_cpu/cpu_core/ex_mem_inst/dff_mem_wd_addr/data_o_reg[7]/C
  -------------------------------------------------------------------    -------------------
    SLICE_X67Y96         FDRE (Prop_fdre_C_Q)         0.223    -2.045 f  student_top_inst/Core_cpu/cpu_core/ex_mem_inst/dff_mem_wd_addr/data_o_reg[7]/Q
                         net (fo=65, routed)          4.097     2.052    student_top_inst/bridge_inst/dram_driver_inst/Mem_DRAM/U0/inst_blk_mem_gen/gnbram.gnativebmg.native_blk_mem_gen/valid.cstr/ramloop[47].ram.r/prim_init.ram/addra[5]
    RAMB36_X1Y6          RAMB36E1                                     f  student_top_inst/bridge_inst/dram_driver_inst/Mem_DRAM/U0/inst_blk_mem_gen/gnbram.gnativebmg.native_blk_mem_gen/valid.cstr/ramloop[47].ram.r/prim_init.ram/DEVICE_7SERIES.NO_BMM_INFO.TRUE_DP.SIMPLE_PRIM36.ram/ADDRARDADDR[8]
  -------------------------------------------------------------------    -------------------

                         (clock clk_out2_pll rise edge)
                                                      4.667     4.667 r  
    AD12                                              0.000     4.667 r  i_sys_clk_p (IN)
                         net (fo=0)                   0.000     4.667    pll_inst/inst/clk_in1_p
    AD12                 IBUFDS (Prop_ibufds_I_O)     0.803     5.470 r  pll_inst/inst/clkin1_ibufgds/O
                         net (fo=1, routed)           1.001     6.471    pll_inst/inst/clk_in1_pll
    PLLE2_ADV_X1Y1       PLLE2_ADV (Prop_plle2_adv_CLKIN1_CLKOUT1)
                                                     -7.261    -0.790 r  pll_inst/inst/plle2_adv_inst/CLKOUT1
                         net (fo=1, routed)           2.003     1.213    pll_inst/inst/clk_out2_pll
    BUFGCTRL_X0Y0        BUFG (Prop_bufg_I_O)         0.083     1.296 r  pll_inst/inst/clkout2_buf/O
                         net (fo=2866, routed)        1.698     2.994    student_top_inst/bridge_inst/dram_driver_inst/Mem_DRAM/U0/inst_blk_mem_gen/gnbram.gnativebmg.native_blk_mem_gen/valid.cstr/ramloop[47].ram.r/prim_init.ram/clka
    RAMB36_X1Y6          RAMB36E1                                     r  student_top_inst/bridge_inst/dram_driver_inst/Mem_DRAM/U0/inst_blk_mem_gen/gnbram.gnativebmg.native_blk_mem_gen/valid.cstr/ramloop[47].ram.r/prim_init.ram/DEVICE_7SERIES.NO_BMM_INFO.TRUE_DP.SIMPLE_PRIM36.ram/CLKARDCLK
                         clock pessimism             -0.446     2.548    
                         clock uncertainty           -0.055     2.493    
    RAMB36_X1Y6          RAMB36E1 (Setup_ramb36e1_CLKARDCLK_ADDRARDADDR[8])
                                                     -0.416     2.077    student_top_inst/bridge_inst/dram_driver_inst/Mem_DRAM/U0/inst_blk_mem_gen/gnbram.gnativebmg.native_blk_mem_gen/valid.cstr/ramloop[47].ram.r/prim_init.ram/DEVICE_7SERIES.NO_BMM_INFO.TRUE_DP.SIMPLE_PRIM36.ram
  -------------------------------------------------------------------
                         required time                          2.077    
                         arrival time                          -2.052    
  -------------------------------------------------------------------
                         slack                                  0.026    

Slack (MET) :             0.032ns  (required time - arrival time)
  Source:                 student_top_inst/Core_cpu/cpu_core/ex_mem_inst/dff_mem_wd_addr/data_o_reg[7]/C
                            (rising edge-triggered cell FDRE clocked by clk_out2_pll  {rise@0.000ns fall@2.333ns period=4.667ns})
  Destination:            student_top_inst/bridge_inst/dram_driver_inst/Mem_DRAM/U0/inst_blk_mem_gen/gnbram.gnativebmg.native_blk_mem_gen/valid.cstr/ramloop[44].ram.r/prim_init.ram/DEVICE_7SERIES.NO_BMM_INFO.TRUE_DP.SIMPLE_PRIM36.ram/ADDRARDADDR[8]
                            (rising edge-triggered cell RAMB36E1 clocked by clk_out2_pll  {rise@0.000ns fall@2.333ns period=4.667ns})
  Path Group:             clk_out2_pll
  Path Type:              Setup (Max at Slow Process Corner)
  Requirement:            4.667ns  (clk_out2_pll rise@4.667ns - clk_out2_pll rise@0.000ns)
  Data Path Delay:        4.320ns  (logic 0.223ns (5.162%)  route 4.097ns (94.838%))
  Logic Levels:           0  
  Clock Path Skew:        0.156ns (DCD - SCD + CPR)
    Destination Clock Delay (DCD):    -1.667ns = ( 3.000 - 4.667 ) 
    Source Clock Delay      (SCD):    -2.268ns
    Clock Pessimism Removal (CPR):    -0.446ns
  Clock Uncertainty:      0.055ns  ((TSJ^2 + DJ^2)^1/2) / 2 + PE
    Total System Jitter     (TSJ):    0.071ns
    Discrete Jitter          (DJ):    0.083ns
    Phase Error              (PE):    0.000ns

    Location             Delay type                Incr(ns)  Path(ns)    Netlist Resource(s)
  -------------------------------------------------------------------    -------------------
                         (clock clk_out2_pll rise edge)
                                                      0.000     0.000 r  
    AD12                                              0.000     0.000 r  i_sys_clk_p (IN)
                         net (fo=0)                   0.000     0.000    pll_inst/inst/clk_in1_p
    AD12                 IBUFDS (Prop_ibufds_I_O)     0.906     0.906 r  pll_inst/inst/clkin1_ibufgds/O
                         net (fo=1, routed)           1.098     2.004    pll_inst/inst/clk_in1_pll
    PLLE2_ADV_X1Y1       PLLE2_ADV (Prop_plle2_adv_CLKIN1_CLKOUT1)
                                                     -8.058    -6.054 r  pll_inst/inst/plle2_adv_inst/CLKOUT1
                         net (fo=1, routed)           2.128    -3.926    pll_inst/inst/clk_out2_pll
    BUFGCTRL_X0Y0        BUFG (Prop_bufg_I_O)         0.093    -3.833 r  pll_inst/inst/clkout2_buf/O
                         net (fo=2866, routed)        1.565    -2.268    student_top_inst/Core_cpu/cpu_core/ex_mem_inst/dff_mem_wd_addr/clk_out2
    SLICE_X67Y96         FDRE                                         r  student_top_inst/Core_cpu/cpu_core/ex_mem_inst/dff_mem_wd_addr/data_o_reg[7]/C
  -------------------------------------------------------------------    -------------------
    SLICE_X67Y96         FDRE (Prop_fdre_C_Q)         0.223    -2.045 r  student_top_inst/Core_cpu/cpu_core/ex_mem_inst/dff_mem_wd_addr/data_o_reg[7]/Q
                         net (fo=65, routed)          4.097     2.052    student_top_inst/bridge_inst/dram_driver_inst/Mem_DRAM/U0/inst_blk_mem_gen/gnbram.gnativebmg.native_blk_mem_gen/valid.cstr/ramloop[44].ram.r/prim_init.ram/addra[5]
    RAMB36_X1Y8          RAMB36E1                                     r  student_top_inst/bridge_inst/dram_driver_inst/Mem_DRAM/U0/inst_blk_mem_gen/gnbram.gnativebmg.native_blk_mem_gen/valid.cstr/ramloop[44].ram.r/prim_init.ram/DEVICE_7SERIES.NO_BMM_INFO.TRUE_DP.SIMPLE_PRIM36.ram/ADDRARDADDR[8]
  -------------------------------------------------------------------    -------------------

                         (clock clk_out2_pll rise edge)
                                                      4.667     4.667 r  
    AD12                                              0.000     4.667 r  i_sys_clk_p (IN)
                         net (fo=0)                   0.000     4.667    pll_inst/inst/clk_in1_p
    AD12                 IBUFDS (Prop_ibufds_I_O)     0.803     5.470 r  pll_inst/inst/clkin1_ibufgds/O
                         net (fo=1, routed)           1.001     6.471    pll_inst/inst/clk_in1_pll
    PLLE2_ADV_X1Y1       PLLE2_ADV (Prop_plle2_adv_CLKIN1_CLKOUT1)
                                                     -7.261    -0.790 r  pll_inst/inst/plle2_adv_inst/CLKOUT1
                         net (fo=1, routed)           2.003     1.213    pll_inst/inst/clk_out2_pll
    BUFGCTRL_X0Y0        BUFG (Prop_bufg_I_O)         0.083     1.296 r  pll_inst/inst/clkout2_buf/O
                         net (fo=2866, routed)        1.704     3.000    student_top_inst/bridge_inst/dram_driver_inst/Mem_DRAM/U0/inst_blk_mem_gen/gnbram.gnativebmg.native_blk_mem_gen/valid.cstr/ramloop[44].ram.r/prim_init.ram/clka
    RAMB36_X1Y8          RAMB36E1                                     r  student_top_inst/bridge_inst/dram_driver_inst/Mem_DRAM/U0/inst_blk_mem_gen/gnbram.gnativebmg.native_blk_mem_gen/valid.cstr/ramloop[44].ram.r/prim_init.ram/DEVICE_7SERIES.NO_BMM_INFO.TRUE_DP.SIMPLE_PRIM36.ram/CLKARDCLK
                         clock pessimism             -0.446     2.554    
                         clock uncertainty           -0.055     2.499    
    RAMB36_X1Y8          RAMB36E1 (Setup_ramb36e1_CLKARDCLK_ADDRARDADDR[8])
                                                     -0.416     2.083    student_top_inst/bridge_inst/dram_driver_inst/Mem_DRAM/U0/inst_blk_mem_gen/gnbram.gnativebmg.native_blk_mem_gen/valid.cstr/ramloop[44].ram.r/prim_init.ram/DEVICE_7SERIES.NO_BMM_INFO.TRUE_DP.SIMPLE_PRIM36.ram
  -------------------------------------------------------------------
                         required time                          2.083    
                         arrival time                          -2.052    
  -------------------------------------------------------------------
                         slack                                  0.032    

Slack (MET) :             0.032ns  (required time - arrival time)
  Source:                 student_top_inst/Core_cpu/cpu_core/ex_mem_inst/dff_mem_wd_addr/data_o_reg[7]/C
                            (rising edge-triggered cell FDRE clocked by clk_out2_pll  {rise@0.000ns fall@2.333ns period=4.667ns})
  Destination:            student_top_inst/bridge_inst/dram_driver_inst/Mem_DRAM/U0/inst_blk_mem_gen/gnbram.gnativebmg.native_blk_mem_gen/valid.cstr/ramloop[44].ram.r/prim_init.ram/DEVICE_7SERIES.NO_BMM_INFO.TRUE_DP.SIMPLE_PRIM36.ram/ADDRARDADDR[8]
                            (rising edge-triggered cell RAMB36E1 clocked by clk_out2_pll  {rise@0.000ns fall@2.333ns period=4.667ns})
  Path Group:             clk_out2_pll
  Path Type:              Setup (Max at Slow Process Corner)
  Requirement:            4.667ns  (clk_out2_pll rise@4.667ns - clk_out2_pll rise@0.000ns)
  Data Path Delay:        4.320ns  (logic 0.223ns (5.162%)  route 4.097ns (94.838%))
  Logic Levels:           0  
  Clock Path Skew:        0.156ns (DCD - SCD + CPR)
    Destination Clock Delay (DCD):    -1.667ns = ( 3.000 - 4.667 ) 
    Source Clock Delay      (SCD):    -2.268ns
    Clock Pessimism Removal (CPR):    -0.446ns
  Clock Uncertainty:      0.055ns  ((TSJ^2 + DJ^2)^1/2) / 2 + PE
    Total System Jitter     (TSJ):    0.071ns
    Discrete Jitter          (DJ):    0.083ns
    Phase Error              (PE):    0.000ns

    Location             Delay type                Incr(ns)  Path(ns)    Netlist Resource(s)
  -------------------------------------------------------------------    -------------------
                         (clock clk_out2_pll rise edge)
                                                      0.000     0.000 r  
    AD12                                              0.000     0.000 r  i_sys_clk_p (IN)
                         net (fo=0)                   0.000     0.000    pll_inst/inst/clk_in1_p
    AD12                 IBUFDS (Prop_ibufds_I_O)     0.906     0.906 r  pll_inst/inst/clkin1_ibufgds/O
                         net (fo=1, routed)           1.098     2.004    pll_inst/inst/clk_in1_pll
    PLLE2_ADV_X1Y1       PLLE2_ADV (Prop_plle2_adv_CLKIN1_CLKOUT1)
                                                     -8.058    -6.054 r  pll_inst/inst/plle2_adv_inst/CLKOUT1
                         net (fo=1, routed)           2.128    -3.926    pll_inst/inst/clk_out2_pll
    BUFGCTRL_X0Y0        BUFG (Prop_bufg_I_O)         0.093    -3.833 r  pll_inst/inst/clkout2_buf/O
                         net (fo=2866, routed)        1.565    -2.268    student_top_inst/Core_cpu/cpu_core/ex_mem_inst/dff_mem_wd_addr/clk_out2
    SLICE_X67Y96         FDRE                                         r  student_top_inst/Core_cpu/cpu_core/ex_mem_inst/dff_mem_wd_addr/data_o_reg[7]/C
  -------------------------------------------------------------------    -------------------
    SLICE_X67Y96         FDRE (Prop_fdre_C_Q)         0.223    -2.045 f  student_top_inst/Core_cpu/cpu_core/ex_mem_inst/dff_mem_wd_addr/data_o_reg[7]/Q
                         net (fo=65, routed)          4.097     2.052    student_top_inst/bridge_inst/dram_driver_inst/Mem_DRAM/U0/inst_blk_mem_gen/gnbram.gnativebmg.native_blk_mem_gen/valid.cstr/ramloop[44].ram.r/prim_init.ram/addra[5]
    RAMB36_X1Y8          RAMB36E1                                     f  student_top_inst/bridge_inst/dram_driver_inst/Mem_DRAM/U0/inst_blk_mem_gen/gnbram.gnativebmg.native_blk_mem_gen/valid.cstr/ramloop[44].ram.r/prim_init.ram/DEVICE_7SERIES.NO_BMM_INFO.TRUE_DP.SIMPLE_PRIM36.ram/ADDRARDADDR[8]
  -------------------------------------------------------------------    -------------------

                         (clock clk_out2_pll rise edge)
                                                      4.667     4.667 r  
    AD12                                              0.000     4.667 r  i_sys_clk_p (IN)
                         net (fo=0)                   0.000     4.667    pll_inst/inst/clk_in1_p
    AD12                 IBUFDS (Prop_ibufds_I_O)     0.803     5.470 r  pll_inst/inst/clkin1_ibufgds/O
                         net (fo=1, routed)           1.001     6.471    pll_inst/inst/clk_in1_pll
    PLLE2_ADV_X1Y1       PLLE2_ADV (Prop_plle2_adv_CLKIN1_CLKOUT1)
                                                     -7.261    -0.790 r  pll_inst/inst/plle2_adv_inst/CLKOUT1
                         net (fo=1, routed)           2.003     1.213    pll_inst/inst/clk_out2_pll
    BUFGCTRL_X0Y0        BUFG (Prop_bufg_I_O)         0.083     1.296 r  pll_inst/inst/clkout2_buf/O
                         net (fo=2866, routed)        1.704     3.000    student_top_inst/bridge_inst/dram_driver_inst/Mem_DRAM/U0/inst_blk_mem_gen/gnbram.gnativebmg.native_blk_mem_gen/valid.cstr/ramloop[44].ram.r/prim_init.ram/clka
    RAMB36_X1Y8          RAMB36E1                                     r  student_top_inst/bridge_inst/dram_driver_inst/Mem_DRAM/U0/inst_blk_mem_gen/gnbram.gnativebmg.native_blk_mem_gen/valid.cstr/ramloop[44].ram.r/prim_init.ram/DEVICE_7SERIES.NO_BMM_INFO.TRUE_DP.SIMPLE_PRIM36.ram/CLKARDCLK
                         clock pessimism             -0.446     2.554    
                         clock uncertainty           -0.055     2.499    
    RAMB36_X1Y8          RAMB36E1 (Setup_ramb36e1_CLKARDCLK_ADDRARDADDR[8])
                                                     -0.416     2.083    student_top_inst/bridge_inst/dram_driver_inst/Mem_DRAM/U0/inst_blk_mem_gen/gnbram.gnativebmg.native_blk_mem_gen/valid.cstr/ramloop[44].ram.r/prim_init.ram/DEVICE_7SERIES.NO_BMM_INFO.TRUE_DP.SIMPLE_PRIM36.ram
  -------------------------------------------------------------------
                         required time                          2.083    
                         arrival time                          -2.052    
  -------------------------------------------------------------------
                         slack                                  0.032    

Slack (MET) :             0.034ns  (required time - arrival time)
  Source:                 student_top_inst/Core_cpu/cpu_core/ex_mem_inst/dff_mem_wd_addr/data_o_reg[3]/C
                            (rising edge-triggered cell FDRE clocked by clk_out2_pll  {rise@0.000ns fall@2.333ns period=4.667ns})
  Destination:            student_top_inst/bridge_inst/dram_driver_inst/Mem_DRAM/U0/inst_blk_mem_gen/gnbram.gnativebmg.native_blk_mem_gen/valid.cstr/ramloop[21].ram.r/prim_init.ram/DEVICE_7SERIES.NO_BMM_INFO.TRUE_DP.SIMPLE_PRIM36.ram/ADDRARDADDR[4]
                            (rising edge-triggered cell RAMB36E1 clocked by clk_out2_pll  {rise@0.000ns fall@2.333ns period=4.667ns})
  Path Group:             clk_out2_pll
  Path Type:              Setup (Max at Slow Process Corner)
  Requirement:            4.667ns  (clk_out2_pll rise@4.667ns - clk_out2_pll rise@0.000ns)
  Data Path Delay:        4.150ns  (logic 0.204ns (4.916%)  route 3.946ns (95.084%))
  Logic Levels:           0  
  Clock Path Skew:        0.071ns (DCD - SCD + CPR)
    Destination Clock Delay (DCD):    -1.754ns = ( 2.913 - 4.667 ) 
    Source Clock Delay      (SCD):    -2.270ns
    Clock Pessimism Removal (CPR):    -0.446ns
  Clock Uncertainty:      0.055ns  ((TSJ^2 + DJ^2)^1/2) / 2 + PE
    Total System Jitter     (TSJ):    0.071ns
    Discrete Jitter          (DJ):    0.083ns
    Phase Error              (PE):    0.000ns

    Location             Delay type                Incr(ns)  Path(ns)    Netlist Resource(s)
  -------------------------------------------------------------------    -------------------
                         (clock clk_out2_pll rise edge)
                                                      0.000     0.000 r  
    AD12                                              0.000     0.000 r  i_sys_clk_p (IN)
                         net (fo=0)                   0.000     0.000    pll_inst/inst/clk_in1_p
    AD12                 IBUFDS (Prop_ibufds_I_O)     0.906     0.906 r  pll_inst/inst/clkin1_ibufgds/O
                         net (fo=1, routed)           1.098     2.004    pll_inst/inst/clk_in1_pll
    PLLE2_ADV_X1Y1       PLLE2_ADV (Prop_plle2_adv_CLKIN1_CLKOUT1)
                                                     -8.058    -6.054 r  pll_inst/inst/plle2_adv_inst/CLKOUT1
                         net (fo=1, routed)           2.128    -3.926    pll_inst/inst/clk_out2_pll
    BUFGCTRL_X0Y0        BUFG (Prop_bufg_I_O)         0.093    -3.833 r  pll_inst/inst/clkout2_buf/O
                         net (fo=2866, routed)        1.563    -2.270    student_top_inst/Core_cpu/cpu_core/ex_mem_inst/dff_mem_wd_addr/clk_out2
    SLICE_X64Y90         FDRE                                         r  student_top_inst/Core_cpu/cpu_core/ex_mem_inst/dff_mem_wd_addr/data_o_reg[3]/C
  -------------------------------------------------------------------    -------------------
    SLICE_X64Y90         FDRE (Prop_fdre_C_Q)         0.204    -2.066 r  student_top_inst/Core_cpu/cpu_core/ex_mem_inst/dff_mem_wd_addr/data_o_reg[3]/Q
                         net (fo=66, routed)          3.946     1.880    student_top_inst/bridge_inst/dram_driver_inst/Mem_DRAM/U0/inst_blk_mem_gen/gnbram.gnativebmg.native_blk_mem_gen/valid.cstr/ramloop[21].ram.r/prim_init.ram/addra[1]
    RAMB36_X2Y4          RAMB36E1                                     r  student_top_inst/bridge_inst/dram_driver_inst/Mem_DRAM/U0/inst_blk_mem_gen/gnbram.gnativebmg.native_blk_mem_gen/valid.cstr/ramloop[21].ram.r/prim_init.ram/DEVICE_7SERIES.NO_BMM_INFO.TRUE_DP.SIMPLE_PRIM36.ram/ADDRARDADDR[4]
  -------------------------------------------------------------------    -------------------

                         (clock clk_out2_pll rise edge)
                                                      4.667     4.667 r  
    AD12                                              0.000     4.667 r  i_sys_clk_p (IN)
                         net (fo=0)                   0.000     4.667    pll_inst/inst/clk_in1_p
    AD12                 IBUFDS (Prop_ibufds_I_O)     0.803     5.470 r  pll_inst/inst/clkin1_ibufgds/O
                         net (fo=1, routed)           1.001     6.471    pll_inst/inst/clk_in1_pll
    PLLE2_ADV_X1Y1       PLLE2_ADV (Prop_plle2_adv_CLKIN1_CLKOUT1)
                                                     -7.261    -0.790 r  pll_inst/inst/plle2_adv_inst/CLKOUT1
                         net (fo=1, routed)           2.003     1.213    pll_inst/inst/clk_out2_pll
    BUFGCTRL_X0Y0        BUFG (Prop_bufg_I_O)         0.083     1.296 r  pll_inst/inst/clkout2_buf/O
                         net (fo=2866, routed)        1.617     2.913    student_top_inst/bridge_inst/dram_driver_inst/Mem_DRAM/U0/inst_blk_mem_gen/gnbram.gnativebmg.native_blk_mem_gen/valid.cstr/ramloop[21].ram.r/prim_init.ram/clka
    RAMB36_X2Y4          RAMB36E1                                     r  student_top_inst/bridge_inst/dram_driver_inst/Mem_DRAM/U0/inst_blk_mem_gen/gnbram.gnativebmg.native_blk_mem_gen/valid.cstr/ramloop[21].ram.r/prim_init.ram/DEVICE_7SERIES.NO_BMM_INFO.TRUE_DP.SIMPLE_PRIM36.ram/CLKARDCLK
                         clock pessimism             -0.446     2.467    
                         clock uncertainty           -0.055     2.412    
    RAMB36_X2Y4          RAMB36E1 (Setup_ramb36e1_CLKARDCLK_ADDRARDADDR[4])
                                                     -0.499     1.913    student_top_inst/bridge_inst/dram_driver_inst/Mem_DRAM/U0/inst_blk_mem_gen/gnbram.gnativebmg.native_blk_mem_gen/valid.cstr/ramloop[21].ram.r/prim_init.ram/DEVICE_7SERIES.NO_BMM_INFO.TRUE_DP.SIMPLE_PRIM36.ram
  -------------------------------------------------------------------
                         required time                          1.913    
                         arrival time                          -1.880    
  -------------------------------------------------------------------
                         slack                                  0.034    

Slack (MET) :             0.034ns  (required time - arrival time)
  Source:                 student_top_inst/Core_cpu/cpu_core/ex_mem_inst/dff_mem_wd_addr/data_o_reg[3]/C
                            (rising edge-triggered cell FDRE clocked by clk_out2_pll  {rise@0.000ns fall@2.333ns period=4.667ns})
  Destination:            student_top_inst/bridge_inst/dram_driver_inst/Mem_DRAM/U0/inst_blk_mem_gen/gnbram.gnativebmg.native_blk_mem_gen/valid.cstr/ramloop[21].ram.r/prim_init.ram/DEVICE_7SERIES.NO_BMM_INFO.TRUE_DP.SIMPLE_PRIM36.ram/ADDRARDADDR[4]
                            (rising edge-triggered cell RAMB36E1 clocked by clk_out2_pll  {rise@0.000ns fall@2.333ns period=4.667ns})
  Path Group:             clk_out2_pll
  Path Type:              Setup (Max at Slow Process Corner)
  Requirement:            4.667ns  (clk_out2_pll rise@4.667ns - clk_out2_pll rise@0.000ns)
  Data Path Delay:        4.150ns  (logic 0.204ns (4.916%)  route 3.946ns (95.084%))
  Logic Levels:           0  
  Clock Path Skew:        0.071ns (DCD - SCD + CPR)
    Destination Clock Delay (DCD):    -1.754ns = ( 2.913 - 4.667 ) 
    Source Clock Delay      (SCD):    -2.270ns
    Clock Pessimism Removal (CPR):    -0.446ns
  Clock Uncertainty:      0.055ns  ((TSJ^2 + DJ^2)^1/2) / 2 + PE
    Total System Jitter     (TSJ):    0.071ns
    Discrete Jitter          (DJ):    0.083ns
    Phase Error              (PE):    0.000ns

    Location             Delay type                Incr(ns)  Path(ns)    Netlist Resource(s)
  -------------------------------------------------------------------    -------------------
                         (clock clk_out2_pll rise edge)
                                                      0.000     0.000 r  
    AD12                                              0.000     0.000 r  i_sys_clk_p (IN)
                         net (fo=0)                   0.000     0.000    pll_inst/inst/clk_in1_p
    AD12                 IBUFDS (Prop_ibufds_I_O)     0.906     0.906 r  pll_inst/inst/clkin1_ibufgds/O
                         net (fo=1, routed)           1.098     2.004    pll_inst/inst/clk_in1_pll
    PLLE2_ADV_X1Y1       PLLE2_ADV (Prop_plle2_adv_CLKIN1_CLKOUT1)
                                                     -8.058    -6.054 r  pll_inst/inst/plle2_adv_inst/CLKOUT1
                         net (fo=1, routed)           2.128    -3.926    pll_inst/inst/clk_out2_pll
    BUFGCTRL_X0Y0        BUFG (Prop_bufg_I_O)         0.093    -3.833 r  pll_inst/inst/clkout2_buf/O
                         net (fo=2866, routed)        1.563    -2.270    student_top_inst/Core_cpu/cpu_core/ex_mem_inst/dff_mem_wd_addr/clk_out2
    SLICE_X64Y90         FDRE                                         r  student_top_inst/Core_cpu/cpu_core/ex_mem_inst/dff_mem_wd_addr/data_o_reg[3]/C
  -------------------------------------------------------------------    -------------------
    SLICE_X64Y90         FDRE (Prop_fdre_C_Q)         0.204    -2.066 f  student_top_inst/Core_cpu/cpu_core/ex_mem_inst/dff_mem_wd_addr/data_o_reg[3]/Q
                         net (fo=66, routed)          3.946     1.880    student_top_inst/bridge_inst/dram_driver_inst/Mem_DRAM/U0/inst_blk_mem_gen/gnbram.gnativebmg.native_blk_mem_gen/valid.cstr/ramloop[21].ram.r/prim_init.ram/addra[1]
    RAMB36_X2Y4          RAMB36E1                                     f  student_top_inst/bridge_inst/dram_driver_inst/Mem_DRAM/U0/inst_blk_mem_gen/gnbram.gnativebmg.native_blk_mem_gen/valid.cstr/ramloop[21].ram.r/prim_init.ram/DEVICE_7SERIES.NO_BMM_INFO.TRUE_DP.SIMPLE_PRIM36.ram/ADDRARDADDR[4]
  -------------------------------------------------------------------    -------------------

                         (clock clk_out2_pll rise edge)
                                                      4.667     4.667 r  
    AD12                                              0.000     4.667 r  i_sys_clk_p (IN)
                         net (fo=0)                   0.000     4.667    pll_inst/inst/clk_in1_p
    AD12                 IBUFDS (Prop_ibufds_I_O)     0.803     5.470 r  pll_inst/inst/clkin1_ibufgds/O
                         net (fo=1, routed)           1.001     6.471    pll_inst/inst/clk_in1_pll
    PLLE2_ADV_X1Y1       PLLE2_ADV (Prop_plle2_adv_CLKIN1_CLKOUT1)
                                                     -7.261    -0.790 r  pll_inst/inst/plle2_adv_inst/CLKOUT1
                         net (fo=1, routed)           2.003     1.213    pll_inst/inst/clk_out2_pll
    BUFGCTRL_X0Y0        BUFG (Prop_bufg_I_O)         0.083     1.296 r  pll_inst/inst/clkout2_buf/O
                         net (fo=2866, routed)        1.617     2.913    student_top_inst/bridge_inst/dram_driver_inst/Mem_DRAM/U0/inst_blk_mem_gen/gnbram.gnativebmg.native_blk_mem_gen/valid.cstr/ramloop[21].ram.r/prim_init.ram/clka
    RAMB36_X2Y4          RAMB36E1                                     r  student_top_inst/bridge_inst/dram_driver_inst/Mem_DRAM/U0/inst_blk_mem_gen/gnbram.gnativebmg.native_blk_mem_gen/valid.cstr/ramloop[21].ram.r/prim_init.ram/DEVICE_7SERIES.NO_BMM_INFO.TRUE_DP.SIMPLE_PRIM36.ram/CLKARDCLK
                         clock pessimism             -0.446     2.467    
                         clock uncertainty           -0.055     2.412    
    RAMB36_X2Y4          RAMB36E1 (Setup_ramb36e1_CLKARDCLK_ADDRARDADDR[4])
                                                     -0.499     1.913    student_top_inst/bridge_inst/dram_driver_inst/Mem_DRAM/U0/inst_blk_mem_gen/gnbram.gnativebmg.native_blk_mem_gen/valid.cstr/ramloop[21].ram.r/prim_init.ram/DEVICE_7SERIES.NO_BMM_INFO.TRUE_DP.SIMPLE_PRIM36.ram
  -------------------------------------------------------------------
                         required time                          1.913    
                         arrival time                          -1.880    
  -------------------------------------------------------------------
                         slack                                  0.034    

Slack (MET) :             0.044ns  (required time - arrival time)
  Source:                 student_top_inst/Mem_IROM/U0/inst_blk_mem_gen/gnbram.gnativebmg.native_blk_mem_gen/valid.cstr/ramloop[0].ram.r/prim_init.ram/DEVICE_7SERIES.NO_BMM_INFO.SP.SIMPLE_PRIM36.ram/CLKARDCLK
                            (rising edge-triggered cell RAMB36E1 clocked by clk_out2_pll  {rise@0.000ns fall@2.333ns period=4.667ns})
  Destination:            student_top_inst/Core_cpu/cpu_core/pc_reg_inst/pc_o_reg[29]/D
                            (rising edge-triggered cell FDRE clocked by clk_out2_pll  {rise@0.000ns fall@2.333ns period=4.667ns})
  Path Group:             clk_out2_pll
  Path Type:              Setup (Max at Slow Process Corner)
  Requirement:            4.667ns  (clk_out2_pll rise@4.667ns - clk_out2_pll rise@0.000ns)
  Data Path Delay:        4.376ns  (logic 2.803ns (64.054%)  route 1.573ns (35.946%))
  Logic Levels:           12  (CARRY4=8 LUT2=1 LUT5=1 LUT6=2)
  Clock Path Skew:        -0.257ns (DCD - SCD + CPR)
    Destination Clock Delay (DCD):    -2.051ns = ( 2.616 - 4.667 ) 
    Source Clock Delay      (SCD):    -2.242ns
    Clock Pessimism Removal (CPR):    -0.448ns
  Clock Uncertainty:      0.055ns  ((TSJ^2 + DJ^2)^1/2) / 2 + PE
    Total System Jitter     (TSJ):    0.071ns
    Discrete Jitter          (DJ):    0.083ns
    Phase Error              (PE):    0.000ns

    Location             Delay type                Incr(ns)  Path(ns)    Netlist Resource(s)
  -------------------------------------------------------------------    -------------------
                         (clock clk_out2_pll rise edge)
                                                      0.000     0.000 r  
    AD12                                              0.000     0.000 r  i_sys_clk_p (IN)
                         net (fo=0)                   0.000     0.000    pll_inst/inst/clk_in1_p
    AD12                 IBUFDS (Prop_ibufds_I_O)     0.906     0.906 r  pll_inst/inst/clkin1_ibufgds/O
                         net (fo=1, routed)           1.098     2.004    pll_inst/inst/clk_in1_pll
    PLLE2_ADV_X1Y1       PLLE2_ADV (Prop_plle2_adv_CLKIN1_CLKOUT1)
                                                     -8.058    -6.054 r  pll_inst/inst/plle2_adv_inst/CLKOUT1
                         net (fo=1, routed)           2.128    -3.926    pll_inst/inst/clk_out2_pll
    BUFGCTRL_X0Y0        BUFG (Prop_bufg_I_O)         0.093    -3.833 r  pll_inst/inst/clkout2_buf/O
                         net (fo=2866, routed)        1.592    -2.242    student_top_inst/Mem_IROM/U0/inst_blk_mem_gen/gnbram.gnativebmg.native_blk_mem_gen/valid.cstr/ramloop[0].ram.r/prim_init.ram/clka
    RAMB36_X2Y17         RAMB36E1                                     r  student_top_inst/Mem_IROM/U0/inst_blk_mem_gen/gnbram.gnativebmg.native_blk_mem_gen/valid.cstr/ramloop[0].ram.r/prim_init.ram/DEVICE_7SERIES.NO_BMM_INFO.SP.SIMPLE_PRIM36.ram/CLKARDCLK
  -------------------------------------------------------------------    -------------------
    RAMB36_X2Y17         RAMB36E1 (Prop_ramb36e1_CLKARDCLK_DOPADOP[0])
                                                      1.800    -0.442 r  student_top_inst/Mem_IROM/U0/inst_blk_mem_gen/gnbram.gnativebmg.native_blk_mem_gen/valid.cstr/ramloop[0].ram.r/prim_init.ram/DEVICE_7SERIES.NO_BMM_INFO.SP.SIMPLE_PRIM36.ram/DOPADOP[0]
                         net (fo=3, routed)           0.558     0.117    student_top_inst/Core_cpu/cpu_core/if_id_inst/D[8]
    SLICE_X49Y92         LUT2 (Prop_lut2_I0_O)        0.043     0.160 r  student_top_inst/Core_cpu/cpu_core/if_id_inst/b_imm_inst__29/O
                         net (fo=1, routed)           0.000     0.160    student_top_inst/Core_cpu/cpu_core/if_id_inst/b_imm_inst__29_n_0
    SLICE_X49Y92         CARRY4 (Prop_carry4_S[1]_CO[3])
                                                      0.267     0.427 r  student_top_inst/Core_cpu/cpu_core/if_id_inst/hold_pred_target_reg_reg[3]_i_2/CO[3]
                         net (fo=1, routed)           0.000     0.427    student_top_inst/Core_cpu/cpu_core/if_id_inst/hold_pred_target_reg_reg[3]_i_2_n_0
    SLICE_X49Y93         CARRY4 (Prop_carry4_CI_CO[3])
                                                      0.053     0.480 r  student_top_inst/Core_cpu/cpu_core/if_id_inst/hold_pred_target_reg_reg[7]_i_2/CO[3]
                         net (fo=1, routed)           0.000     0.480    student_top_inst/Core_cpu/cpu_core/if_id_inst/hold_pred_target_reg_reg[7]_i_2_n_0
    SLICE_X49Y94         CARRY4 (Prop_carry4_CI_CO[3])
                                                      0.053     0.533 r  student_top_inst/Core_cpu/cpu_core/if_id_inst/hold_pred_target_reg_reg[11]_i_2/CO[3]
                         net (fo=1, routed)           0.000     0.533    student_top_inst/Core_cpu/cpu_core/if_id_inst/hold_pred_target_reg_reg[11]_i_2_n_0
    SLICE_X49Y95         CARRY4 (Prop_carry4_CI_CO[3])
                                                      0.053     0.586 r  student_top_inst/Core_cpu/cpu_core/if_id_inst/hold_pred_target_reg_reg[15]_i_2/CO[3]
                         net (fo=1, routed)           0.000     0.586    student_top_inst/Core_cpu/cpu_core/if_id_inst/hold_pred_target_reg_reg[15]_i_2_n_0
    SLICE_X49Y96         CARRY4 (Prop_carry4_CI_CO[3])
                                                      0.053     0.639 r  student_top_inst/Core_cpu/cpu_core/if_id_inst/hold_pred_target_reg_reg[19]_i_2/CO[3]
                         net (fo=1, routed)           0.000     0.639    student_top_inst/Core_cpu/cpu_core/if_id_inst/hold_pred_target_reg_reg[19]_i_2_n_0
    SLICE_X49Y97         CARRY4 (Prop_carry4_CI_CO[3])
                                                      0.053     0.692 r  student_top_inst/Core_cpu/cpu_core/if_id_inst/hold_pred_target_reg_reg[23]_i_2/CO[3]
                         net (fo=1, routed)           0.000     0.692    student_top_inst/Core_cpu/cpu_core/if_id_inst/hold_pred_target_reg_reg[23]_i_2_n_0
    SLICE_X49Y98         CARRY4 (Prop_carry4_CI_CO[3])
                                                      0.053     0.745 r  student_top_inst/Core_cpu/cpu_core/if_id_inst/hold_pred_target_reg_reg[27]_i_2/CO[3]
                         net (fo=1, routed)           0.000     0.745    student_top_inst/Core_cpu/cpu_core/if_id_inst/hold_pred_target_reg_reg[27]_i_2_n_0
    SLICE_X49Y99         CARRY4 (Prop_carry4_CI_O[1])
                                                      0.166     0.911 r  student_top_inst/Core_cpu/cpu_core/if_id_inst/hold_pred_target_reg_reg[31]_i_2/O[1]
                         net (fo=1, routed)           0.355     1.266    student_top_inst/Core_cpu/cpu_core/branch_predictor_inst/in001_out[29]
    SLICE_X43Y99         LUT6 (Prop_lut6_I0_O)        0.123     1.389 r  student_top_inst/Core_cpu/cpu_core/branch_predictor_inst/hold_pred_target_reg[29]_i_1/O
                         net (fo=3, routed)           0.194     1.582    student_top_inst/Core_cpu/cpu_core/if_id_inst/hold_pred_target_reg_reg[31]_0[29]
    SLICE_X45Y99         LUT5 (Prop_lut5_I4_O)        0.043     1.625 r  student_top_inst/Core_cpu/cpu_core/if_id_inst/pc_o[29]_i_4/O
                         net (fo=1, routed)           0.466     2.091    student_top_inst/Core_cpu/cpu_core/id_ex_inst/pc_o_reg[29]_0
    SLICE_X46Y100        LUT6 (Prop_lut6_I3_O)        0.043     2.134 r  student_top_inst/Core_cpu/cpu_core/id_ex_inst/pc_o[29]_i_1/O
                         net (fo=1, routed)           0.000     2.134    student_top_inst/Core_cpu/cpu_core/pc_reg_inst/D[29]
    SLICE_X46Y100        FDRE                                         r  student_top_inst/Core_cpu/cpu_core/pc_reg_inst/pc_o_reg[29]/D
  -------------------------------------------------------------------    -------------------

                         (clock clk_out2_pll rise edge)
                                                      4.667     4.667 r  
    AD12                                              0.000     4.667 r  i_sys_clk_p (IN)
                         net (fo=0)                   0.000     4.667    pll_inst/inst/clk_in1_p
    AD12                 IBUFDS (Prop_ibufds_I_O)     0.803     5.470 r  pll_inst/inst/clkin1_ibufgds/O
                         net (fo=1, routed)           1.001     6.471    pll_inst/inst/clk_in1_pll
    PLLE2_ADV_X1Y1       PLLE2_ADV (Prop_plle2_adv_CLKIN1_CLKOUT1)
                                                     -7.261    -0.790 r  pll_inst/inst/plle2_adv_inst/CLKOUT1
                         net (fo=1, routed)           2.003     1.213    pll_inst/inst/clk_out2_pll
    BUFGCTRL_X0Y0        BUFG (Prop_bufg_I_O)         0.083     1.296 r  pll_inst/inst/clkout2_buf/O
                         net (fo=2866, routed)        1.320     2.616    student_top_inst/Core_cpu/cpu_core/pc_reg_inst/clk_out2
    SLICE_X46Y100        FDRE                                         r  student_top_inst/Core_cpu/cpu_core/pc_reg_inst/pc_o_reg[29]/C
                         clock pessimism             -0.448     2.168    
                         clock uncertainty           -0.055     2.114    
    SLICE_X46Y100        FDRE (Setup_fdre_C_D)        0.064     2.178    student_top_inst/Core_cpu/cpu_core/pc_reg_inst/pc_o_reg[29]
  -------------------------------------------------------------------
                         required time                          2.178    
                         arrival time                          -2.134    
  -------------------------------------------------------------------
                         slack                                  0.044    

Slack (MET) :             0.044ns  (required time - arrival time)
  Source:                 student_top_inst/Mem_IROM/U0/inst_blk_mem_gen/gnbram.gnativebmg.native_blk_mem_gen/valid.cstr/ramloop[0].ram.r/prim_init.ram/DEVICE_7SERIES.NO_BMM_INFO.SP.SIMPLE_PRIM36.ram/CLKARDCLK
                            (rising edge-triggered cell RAMB36E1 clocked by clk_out2_pll  {rise@0.000ns fall@2.333ns period=4.667ns})
  Destination:            student_top_inst/Core_cpu/cpu_core/pc_reg_inst/pc_o_reg[29]/D
                            (rising edge-triggered cell FDRE clocked by clk_out2_pll  {rise@0.000ns fall@2.333ns period=4.667ns})
  Path Group:             clk_out2_pll
  Path Type:              Setup (Max at Slow Process Corner)
  Requirement:            4.667ns  (clk_out2_pll rise@4.667ns - clk_out2_pll rise@0.000ns)
  Data Path Delay:        4.376ns  (logic 2.803ns (64.054%)  route 1.573ns (35.946%))
  Logic Levels:           12  (CARRY4=8 LUT2=1 LUT5=1 LUT6=2)
  Clock Path Skew:        -0.257ns (DCD - SCD + CPR)
    Destination Clock Delay (DCD):    -2.051ns = ( 2.616 - 4.667 ) 
    Source Clock Delay      (SCD):    -2.242ns
    Clock Pessimism Removal (CPR):    -0.448ns
  Clock Uncertainty:      0.055ns  ((TSJ^2 + DJ^2)^1/2) / 2 + PE
    Total System Jitter     (TSJ):    0.071ns
    Discrete Jitter          (DJ):    0.083ns
    Phase Error              (PE):    0.000ns

    Location             Delay type                Incr(ns)  Path(ns)    Netlist Resource(s)
  -------------------------------------------------------------------    -------------------
                         (clock clk_out2_pll rise edge)
                                                      0.000     0.000 r  
    AD12                                              0.000     0.000 r  i_sys_clk_p (IN)
                         net (fo=0)                   0.000     0.000    pll_inst/inst/clk_in1_p
    AD12                 IBUFDS (Prop_ibufds_I_O)     0.906     0.906 r  pll_inst/inst/clkin1_ibufgds/O
                         net (fo=1, routed)           1.098     2.004    pll_inst/inst/clk_in1_pll
    PLLE2_ADV_X1Y1       PLLE2_ADV (Prop_plle2_adv_CLKIN1_CLKOUT1)
                                                     -8.058    -6.054 r  pll_inst/inst/plle2_adv_inst/CLKOUT1
                         net (fo=1, routed)           2.128    -3.926    pll_inst/inst/clk_out2_pll
    BUFGCTRL_X0Y0        BUFG (Prop_bufg_I_O)         0.093    -3.833 r  pll_inst/inst/clkout2_buf/O
                         net (fo=2866, routed)        1.592    -2.242    student_top_inst/Mem_IROM/U0/inst_blk_mem_gen/gnbram.gnativebmg.native_blk_mem_gen/valid.cstr/ramloop[0].ram.r/prim_init.ram/clka
    RAMB36_X2Y17         RAMB36E1                                     r  student_top_inst/Mem_IROM/U0/inst_blk_mem_gen/gnbram.gnativebmg.native_blk_mem_gen/valid.cstr/ramloop[0].ram.r/prim_init.ram/DEVICE_7SERIES.NO_BMM_INFO.SP.SIMPLE_PRIM36.ram/CLKARDCLK
  -------------------------------------------------------------------    -------------------
    RAMB36_X2Y17         RAMB36E1 (Prop_ramb36e1_CLKARDCLK_DOPADOP[0])
                                                      1.800    -0.442 f  student_top_inst/Mem_IROM/U0/inst_blk_mem_gen/gnbram.gnativebmg.native_blk_mem_gen/valid.cstr/ramloop[0].ram.r/prim_init.ram/DEVICE_7SERIES.NO_BMM_INFO.SP.SIMPLE_PRIM36.ram/DOPADOP[0]
                         net (fo=3, routed)           0.558     0.117    student_top_inst/Core_cpu/cpu_core/if_id_inst/D[8]
    SLICE_X49Y92         LUT2 (Prop_lut2_I0_O)        0.043     0.160 r  student_top_inst/Core_cpu/cpu_core/if_id_inst/b_imm_inst__29/O
                         net (fo=1, routed)           0.000     0.160    student_top_inst/Core_cpu/cpu_core/if_id_inst/b_imm_inst__29_n_0
    SLICE_X49Y92         CARRY4 (Prop_carry4_S[1]_CO[3])
                                                      0.267     0.427 r  student_top_inst/Core_cpu/cpu_core/if_id_inst/hold_pred_target_reg_reg[3]_i_2/CO[3]
                         net (fo=1, routed)           0.000     0.427    student_top_inst/Core_cpu/cpu_core/if_id_inst/hold_pred_target_reg_reg[3]_i_2_n_0
    SLICE_X49Y93         CARRY4 (Prop_carry4_CI_CO[3])
                                                      0.053     0.480 r  student_top_inst/Core_cpu/cpu_core/if_id_inst/hold_pred_target_reg_reg[7]_i_2/CO[3]
                         net (fo=1, routed)           0.000     0.480    student_top_inst/Core_cpu/cpu_core/if_id_inst/hold_pred_target_reg_reg[7]_i_2_n_0
    SLICE_X49Y94         CARRY4 (Prop_carry4_CI_CO[3])
                                                      0.053     0.533 r  student_top_inst/Core_cpu/cpu_core/if_id_inst/hold_pred_target_reg_reg[11]_i_2/CO[3]
                         net (fo=1, routed)           0.000     0.533    student_top_inst/Core_cpu/cpu_core/if_id_inst/hold_pred_target_reg_reg[11]_i_2_n_0
    SLICE_X49Y95         CARRY4 (Prop_carry4_CI_CO[3])
                                                      0.053     0.586 r  student_top_inst/Core_cpu/cpu_core/if_id_inst/hold_pred_target_reg_reg[15]_i_2/CO[3]
                         net (fo=1, routed)           0.000     0.586    student_top_inst/Core_cpu/cpu_core/if_id_inst/hold_pred_target_reg_reg[15]_i_2_n_0
    SLICE_X49Y96         CARRY4 (Prop_carry4_CI_CO[3])
                                                      0.053     0.639 r  student_top_inst/Core_cpu/cpu_core/if_id_inst/hold_pred_target_reg_reg[19]_i_2/CO[3]
                         net (fo=1, routed)           0.000     0.639    student_top_inst/Core_cpu/cpu_core/if_id_inst/hold_pred_target_reg_reg[19]_i_2_n_0
    SLICE_X49Y97         CARRY4 (Prop_carry4_CI_CO[3])
                                                      0.053     0.692 r  student_top_inst/Core_cpu/cpu_core/if_id_inst/hold_pred_target_reg_reg[23]_i_2/CO[3]
                         net (fo=1, routed)           0.000     0.692    student_top_inst/Core_cpu/cpu_core/if_id_inst/hold_pred_target_reg_reg[23]_i_2_n_0
    SLICE_X49Y98         CARRY4 (Prop_carry4_CI_CO[3])
                                                      0.053     0.745 r  student_top_inst/Core_cpu/cpu_core/if_id_inst/hold_pred_target_reg_reg[27]_i_2/CO[3]
                         net (fo=1, routed)           0.000     0.745    student_top_inst/Core_cpu/cpu_core/if_id_inst/hold_pred_target_reg_reg[27]_i_2_n_0
    SLICE_X49Y99         CARRY4 (Prop_carry4_CI_O[1])
                                                      0.166     0.911 r  student_top_inst/Core_cpu/cpu_core/if_id_inst/hold_pred_target_reg_reg[31]_i_2/O[1]
                         net (fo=1, routed)           0.355     1.266    student_top_inst/Core_cpu/cpu_core/branch_predictor_inst/in001_out[29]
    SLICE_X43Y99         LUT6 (Prop_lut6_I0_O)        0.123     1.389 r  student_top_inst/Core_cpu/cpu_core/branch_predictor_inst/hold_pred_target_reg[29]_i_1/O
                         net (fo=3, routed)           0.194     1.582    student_top_inst/Core_cpu/cpu_core/if_id_inst/hold_pred_target_reg_reg[31]_0[29]
    SLICE_X45Y99         LUT5 (Prop_lut5_I4_O)        0.043     1.625 r  student_top_inst/Core_cpu/cpu_core/if_id_inst/pc_o[29]_i_4/O
                         net (fo=1, routed)           0.466     2.091    student_top_inst/Core_cpu/cpu_core/id_ex_inst/pc_o_reg[29]_0
    SLICE_X46Y100        LUT6 (Prop_lut6_I3_O)        0.043     2.134 r  student_top_inst/Core_cpu/cpu_core/id_ex_inst/pc_o[29]_i_1/O
                         net (fo=1, routed)           0.000     2.134    student_top_inst/Core_cpu/cpu_core/pc_reg_inst/D[29]
    SLICE_X46Y100        FDRE                                         r  student_top_inst/Core_cpu/cpu_core/pc_reg_inst/pc_o_reg[29]/D
  -------------------------------------------------------------------    -------------------

                         (clock clk_out2_pll rise edge)
                                                      4.667     4.667 r  
    AD12                                              0.000     4.667 r  i_sys_clk_p (IN)
                         net (fo=0)                   0.000     4.667    pll_inst/inst/clk_in1_p
    AD12                 IBUFDS (Prop_ibufds_I_O)     0.803     5.470 r  pll_inst/inst/clkin1_ibufgds/O
                         net (fo=1, routed)           1.001     6.471    pll_inst/inst/clk_in1_pll
    PLLE2_ADV_X1Y1       PLLE2_ADV (Prop_plle2_adv_CLKIN1_CLKOUT1)
                                                     -7.261    -0.790 r  pll_inst/inst/plle2_adv_inst/CLKOUT1
                         net (fo=1, routed)           2.003     1.213    pll_inst/inst/clk_out2_pll
    BUFGCTRL_X0Y0        BUFG (Prop_bufg_I_O)         0.083     1.296 r  pll_inst/inst/clkout2_buf/O
                         net (fo=2866, routed)        1.320     2.616    student_top_inst/Core_cpu/cpu_core/pc_reg_inst/clk_out2
    SLICE_X46Y100        FDRE                                         r  student_top_inst/Core_cpu/cpu_core/pc_reg_inst/pc_o_reg[29]/C
                         clock pessimism             -0.448     2.168    
                         clock uncertainty           -0.055     2.114    
    SLICE_X46Y100        FDRE (Setup_fdre_C_D)        0.064     2.178    student_top_inst/Core_cpu/cpu_core/pc_reg_inst/pc_o_reg[29]
  -------------------------------------------------------------------
                         required time                          2.178    
                         arrival time                          -2.134    
  -------------------------------------------------------------------
                         slack                                  0.044    

Slack (MET) :             0.044ns  (required time - arrival time)
  Source:                 student_top_inst/Mem_IROM/U0/inst_blk_mem_gen/gnbram.gnativebmg.native_blk_mem_gen/valid.cstr/ramloop[0].ram.r/prim_init.ram/DEVICE_7SERIES.NO_BMM_INFO.SP.SIMPLE_PRIM36.ram/CLKARDCLK
                            (rising edge-triggered cell RAMB36E1 clocked by clk_out2_pll  {rise@0.000ns fall@2.333ns period=4.667ns})
  Destination:            student_top_inst/Core_cpu/cpu_core/pc_reg_inst/pc_o_reg[29]/D
                            (rising edge-triggered cell FDRE clocked by clk_out2_pll  {rise@0.000ns fall@2.333ns period=4.667ns})
  Path Group:             clk_out2_pll
  Path Type:              Setup (Max at Slow Process Corner)
  Requirement:            4.667ns  (clk_out2_pll rise@4.667ns - clk_out2_pll rise@0.000ns)
  Data Path Delay:        4.376ns  (logic 2.803ns (64.054%)  route 1.573ns (35.946%))
  Logic Levels:           12  (CARRY4=8 LUT2=1 LUT5=1 LUT6=2)
  Clock Path Skew:        -0.257ns (DCD - SCD + CPR)
    Destination Clock Delay (DCD):    -2.051ns = ( 2.616 - 4.667 ) 
    Source Clock Delay      (SCD):    -2.242ns
    Clock Pessimism Removal (CPR):    -0.448ns
  Clock Uncertainty:      0.055ns  ((TSJ^2 + DJ^2)^1/2) / 2 + PE
    Total System Jitter     (TSJ):    0.071ns
    Discrete Jitter          (DJ):    0.083ns
    Phase Error              (PE):    0.000ns

    Location             Delay type                Incr(ns)  Path(ns)    Netlist Resource(s)
  -------------------------------------------------------------------    -------------------
                         (clock clk_out2_pll rise edge)
                                                      0.000     0.000 r  
    AD12                                              0.000     0.000 r  i_sys_clk_p (IN)
                         net (fo=0)                   0.000     0.000    pll_inst/inst/clk_in1_p
    AD12                 IBUFDS (Prop_ibufds_I_O)     0.906     0.906 r  pll_inst/inst/clkin1_ibufgds/O
                         net (fo=1, routed)           1.098     2.004    pll_inst/inst/clk_in1_pll
    PLLE2_ADV_X1Y1       PLLE2_ADV (Prop_plle2_adv_CLKIN1_CLKOUT1)
                                                     -8.058    -6.054 r  pll_inst/inst/plle2_adv_inst/CLKOUT1
                         net (fo=1, routed)           2.128    -3.926    pll_inst/inst/clk_out2_pll
    BUFGCTRL_X0Y0        BUFG (Prop_bufg_I_O)         0.093    -3.833 r  pll_inst/inst/clkout2_buf/O
                         net (fo=2866, routed)        1.592    -2.242    student_top_inst/Mem_IROM/U0/inst_blk_mem_gen/gnbram.gnativebmg.native_blk_mem_gen/valid.cstr/ramloop[0].ram.r/prim_init.ram/clka
    RAMB36_X2Y17         RAMB36E1                                     r  student_top_inst/Mem_IROM/U0/inst_blk_mem_gen/gnbram.gnativebmg.native_blk_mem_gen/valid.cstr/ramloop[0].ram.r/prim_init.ram/DEVICE_7SERIES.NO_BMM_INFO.SP.SIMPLE_PRIM36.ram/CLKARDCLK
  -------------------------------------------------------------------    -------------------
    RAMB36_X2Y17         RAMB36E1 (Prop_ramb36e1_CLKARDCLK_DOPADOP[0])
                                                      1.800    -0.442 r  student_top_inst/Mem_IROM/U0/inst_blk_mem_gen/gnbram.gnativebmg.native_blk_mem_gen/valid.cstr/ramloop[0].ram.r/prim_init.ram/DEVICE_7SERIES.NO_BMM_INFO.SP.SIMPLE_PRIM36.ram/DOPADOP[0]
                         net (fo=3, routed)           0.558     0.117    student_top_inst/Core_cpu/cpu_core/if_id_inst/D[8]
    SLICE_X49Y92         LUT2 (Prop_lut2_I0_O)        0.043     0.160 r  student_top_inst/Core_cpu/cpu_core/if_id_inst/b_imm_inst__29/O
                         net (fo=1, routed)           0.000     0.160    student_top_inst/Core_cpu/cpu_core/if_id_inst/b_imm_inst__29_n_0
    SLICE_X49Y92         CARRY4 (Prop_carry4_S[1]_CO[3])
                                                      0.267     0.427 r  student_top_inst/Core_cpu/cpu_core/if_id_inst/hold_pred_target_reg_reg[3]_i_2/CO[3]
                         net (fo=1, routed)           0.000     0.427    student_top_inst/Core_cpu/cpu_core/if_id_inst/hold_pred_target_reg_reg[3]_i_2_n_0
    SLICE_X49Y93         CARRY4 (Prop_carry4_CI_CO[3])
                                                      0.053     0.480 f  student_top_inst/Core_cpu/cpu_core/if_id_inst/hold_pred_target_reg_reg[7]_i_2/CO[3]
                         net (fo=1, routed)           0.000     0.480    student_top_inst/Core_cpu/cpu_core/if_id_inst/hold_pred_target_reg_reg[7]_i_2_n_0
    SLICE_X49Y94         CARRY4 (Prop_carry4_CI_CO[3])
                                                      0.053     0.533 r  student_top_inst/Core_cpu/cpu_core/if_id_inst/hold_pred_target_reg_reg[11]_i_2/CO[3]
                         net (fo=1, routed)           0.000     0.533    student_top_inst/Core_cpu/cpu_core/if_id_inst/hold_pred_target_reg_reg[11]_i_2_n_0
    SLICE_X49Y95         CARRY4 (Prop_carry4_CI_CO[3])
                                                      0.053     0.586 r  student_top_inst/Core_cpu/cpu_core/if_id_inst/hold_pred_target_reg_reg[15]_i_2/CO[3]
                         net (fo=1, routed)           0.000     0.586    student_top_inst/Core_cpu/cpu_core/if_id_inst/hold_pred_target_reg_reg[15]_i_2_n_0
    SLICE_X49Y96         CARRY4 (Prop_carry4_CI_CO[3])
                                                      0.053     0.639 r  student_top_inst/Core_cpu/cpu_core/if_id_inst/hold_pred_target_reg_reg[19]_i_2/CO[3]
                         net (fo=1, routed)           0.000     0.639    student_top_inst/Core_cpu/cpu_core/if_id_inst/hold_pred_target_reg_reg[19]_i_2_n_0
    SLICE_X49Y97         CARRY4 (Prop_carry4_CI_CO[3])
                                                      0.053     0.692 r  student_top_inst/Core_cpu/cpu_core/if_id_inst/hold_pred_target_reg_reg[23]_i_2/CO[3]
                         net (fo=1, routed)           0.000     0.692    student_top_inst/Core_cpu/cpu_core/if_id_inst/hold_pred_target_reg_reg[23]_i_2_n_0
    SLICE_X49Y98         CARRY4 (Prop_carry4_CI_CO[3])
                                                      0.053     0.745 r  student_top_inst/Core_cpu/cpu_core/if_id_inst/hold_pred_target_reg_reg[27]_i_2/CO[3]
                         net (fo=1, routed)           0.000     0.745    student_top_inst/Core_cpu/cpu_core/if_id_inst/hold_pred_target_reg_reg[27]_i_2_n_0
    SLICE_X49Y99         CARRY4 (Prop_carry4_CI_O[1])
                                                      0.166     0.911 r  student_top_inst/Core_cpu/cpu_core/if_id_inst/hold_pred_target_reg_reg[31]_i_2/O[1]
                         net (fo=1, routed)           0.355     1.266    student_top_inst/Core_cpu/cpu_core/branch_predictor_inst/in001_out[29]
    SLICE_X43Y99         LUT6 (Prop_lut6_I0_O)        0.123     1.389 r  student_top_inst/Core_cpu/cpu_core/branch_predictor_inst/hold_pred_target_reg[29]_i_1/O
                         net (fo=3, routed)           0.194     1.582    student_top_inst/Core_cpu/cpu_core/if_id_inst/hold_pred_target_reg_reg[31]_0[29]
    SLICE_X45Y99         LUT5 (Prop_lut5_I4_O)        0.043     1.625 r  student_top_inst/Core_cpu/cpu_core/if_id_inst/pc_o[29]_i_4/O
                         net (fo=1, routed)           0.466     2.091    student_top_inst/Core_cpu/cpu_core/id_ex_inst/pc_o_reg[29]_0
    SLICE_X46Y100        LUT6 (Prop_lut6_I3_O)        0.043     2.134 r  student_top_inst/Core_cpu/cpu_core/id_ex_inst/pc_o[29]_i_1/O
                         net (fo=1, routed)           0.000     2.134    student_top_inst/Core_cpu/cpu_core/pc_reg_inst/D[29]
    SLICE_X46Y100        FDRE                                         r  student_top_inst/Core_cpu/cpu_core/pc_reg_inst/pc_o_reg[29]/D
  -------------------------------------------------------------------    -------------------

                         (clock clk_out2_pll rise edge)
                                                      4.667     4.667 r  
    AD12                                              0.000     4.667 r  i_sys_clk_p (IN)
                         net (fo=0)                   0.000     4.667    pll_inst/inst/clk_in1_p
    AD12                 IBUFDS (Prop_ibufds_I_O)     0.803     5.470 r  pll_inst/inst/clkin1_ibufgds/O
                         net (fo=1, routed)           1.001     6.471    pll_inst/inst/clk_in1_pll
    PLLE2_ADV_X1Y1       PLLE2_ADV (Prop_plle2_adv_CLKIN1_CLKOUT1)
                                                     -7.261    -0.790 r  pll_inst/inst/plle2_adv_inst/CLKOUT1
                         net (fo=1, routed)           2.003     1.213    pll_inst/inst/clk_out2_pll
    BUFGCTRL_X0Y0        BUFG (Prop_bufg_I_O)         0.083     1.296 r  pll_inst/inst/clkout2_buf/O
                         net (fo=2866, routed)        1.320     2.616    student_top_inst/Core_cpu/cpu_core/pc_reg_inst/clk_out2
    SLICE_X46Y100        FDRE                                         r  student_top_inst/Core_cpu/cpu_core/pc_reg_inst/pc_o_reg[29]/C
                         clock pessimism             -0.448     2.168    
                         clock uncertainty           -0.055     2.114    
    SLICE_X46Y100        FDRE (Setup_fdre_C_D)        0.064     2.178    student_top_inst/Core_cpu/cpu_core/pc_reg_inst/pc_o_reg[29]
  -------------------------------------------------------------------
                         required time                          2.178    
                         arrival time                          -2.134    
  -------------------------------------------------------------------
                         slack                                  0.044    

Slack (MET) :             0.044ns  (required time - arrival time)
  Source:                 student_top_inst/Mem_IROM/U0/inst_blk_mem_gen/gnbram.gnativebmg.native_blk_mem_gen/valid.cstr/ramloop[0].ram.r/prim_init.ram/DEVICE_7SERIES.NO_BMM_INFO.SP.SIMPLE_PRIM36.ram/CLKARDCLK
                            (rising edge-triggered cell RAMB36E1 clocked by clk_out2_pll  {rise@0.000ns fall@2.333ns period=4.667ns})
  Destination:            student_top_inst/Core_cpu/cpu_core/pc_reg_inst/pc_o_reg[29]/D
                            (rising edge-triggered cell FDRE clocked by clk_out2_pll  {rise@0.000ns fall@2.333ns period=4.667ns})
  Path Group:             clk_out2_pll
  Path Type:              Setup (Max at Slow Process Corner)
  Requirement:            4.667ns  (clk_out2_pll rise@4.667ns - clk_out2_pll rise@0.000ns)
  Data Path Delay:        4.376ns  (logic 2.803ns (64.054%)  route 1.573ns (35.946%))
  Logic Levels:           12  (CARRY4=8 LUT2=1 LUT5=1 LUT6=2)
  Clock Path Skew:        -0.257ns (DCD - SCD + CPR)
    Destination Clock Delay (DCD):    -2.051ns = ( 2.616 - 4.667 ) 
    Source Clock Delay      (SCD):    -2.242ns
    Clock Pessimism Removal (CPR):    -0.448ns
  Clock Uncertainty:      0.055ns  ((TSJ^2 + DJ^2)^1/2) / 2 + PE
    Total System Jitter     (TSJ):    0.071ns
    Discrete Jitter          (DJ):    0.083ns
    Phase Error              (PE):    0.000ns

    Location             Delay type                Incr(ns)  Path(ns)    Netlist Resource(s)
  -------------------------------------------------------------------    -------------------
                         (clock clk_out2_pll rise edge)
                                                      0.000     0.000 r  
    AD12                                              0.000     0.000 r  i_sys_clk_p (IN)
                         net (fo=0)                   0.000     0.000    pll_inst/inst/clk_in1_p
    AD12                 IBUFDS (Prop_ibufds_I_O)     0.906     0.906 r  pll_inst/inst/clkin1_ibufgds/O
                         net (fo=1, routed)           1.098     2.004    pll_inst/inst/clk_in1_pll
    PLLE2_ADV_X1Y1       PLLE2_ADV (Prop_plle2_adv_CLKIN1_CLKOUT1)
                                                     -8.058    -6.054 r  pll_inst/inst/plle2_adv_inst/CLKOUT1
                         net (fo=1, routed)           2.128    -3.926    pll_inst/inst/clk_out2_pll
    BUFGCTRL_X0Y0        BUFG (Prop_bufg_I_O)         0.093    -3.833 r  pll_inst/inst/clkout2_buf/O
                         net (fo=2866, routed)        1.592    -2.242    student_top_inst/Mem_IROM/U0/inst_blk_mem_gen/gnbram.gnativebmg.native_blk_mem_gen/valid.cstr/ramloop[0].ram.r/prim_init.ram/clka
    RAMB36_X2Y17         RAMB36E1                                     r  student_top_inst/Mem_IROM/U0/inst_blk_mem_gen/gnbram.gnativebmg.native_blk_mem_gen/valid.cstr/ramloop[0].ram.r/prim_init.ram/DEVICE_7SERIES.NO_BMM_INFO.SP.SIMPLE_PRIM36.ram/CLKARDCLK
  -------------------------------------------------------------------    -------------------
    RAMB36_X2Y17         RAMB36E1 (Prop_ramb36e1_CLKARDCLK_DOPADOP[0])
                                                      1.800    -0.442 f  student_top_inst/Mem_IROM/U0/inst_blk_mem_gen/gnbram.gnativebmg.native_blk_mem_gen/valid.cstr/ramloop[0].ram.r/prim_init.ram/DEVICE_7SERIES.NO_BMM_INFO.SP.SIMPLE_PRIM36.ram/DOPADOP[0]
                         net (fo=3, routed)           0.558     0.117    student_top_inst/Core_cpu/cpu_core/if_id_inst/D[8]
    SLICE_X49Y92         LUT2 (Prop_lut2_I0_O)        0.043     0.160 r  student_top_inst/Core_cpu/cpu_core/if_id_inst/b_imm_inst__29/O
                         net (fo=1, routed)           0.000     0.160    student_top_inst/Core_cpu/cpu_core/if_id_inst/b_imm_inst__29_n_0
    SLICE_X49Y92         CARRY4 (Prop_carry4_S[1]_CO[3])
                                                      0.267     0.427 r  student_top_inst/Core_cpu/cpu_core/if_id_inst/hold_pred_target_reg_reg[3]_i_2/CO[3]
                         net (fo=1, routed)           0.000     0.427    student_top_inst/Core_cpu/cpu_core/if_id_inst/hold_pred_target_reg_reg[3]_i_2_n_0
    SLICE_X49Y93         CARRY4 (Prop_carry4_CI_CO[3])
                                                      0.053     0.480 f  student_top_inst/Core_cpu/cpu_core/if_id_inst/hold_pred_target_reg_reg[7]_i_2/CO[3]
                         net (fo=1, routed)           0.000     0.480    student_top_inst/Core_cpu/cpu_core/if_id_inst/hold_pred_target_reg_reg[7]_i_2_n_0
    SLICE_X49Y94         CARRY4 (Prop_carry4_CI_CO[3])
                                                      0.053     0.533 r  student_top_inst/Core_cpu/cpu_core/if_id_inst/hold_pred_target_reg_reg[11]_i_2/CO[3]
                         net (fo=1, routed)           0.000     0.533    student_top_inst/Core_cpu/cpu_core/if_id_inst/hold_pred_target_reg_reg[11]_i_2_n_0
    SLICE_X49Y95         CARRY4 (Prop_carry4_CI_CO[3])
                                                      0.053     0.586 r  student_top_inst/Core_cpu/cpu_core/if_id_inst/hold_pred_target_reg_reg[15]_i_2/CO[3]
                         net (fo=1, routed)           0.000     0.586    student_top_inst/Core_cpu/cpu_core/if_id_inst/hold_pred_target_reg_reg[15]_i_2_n_0
    SLICE_X49Y96         CARRY4 (Prop_carry4_CI_CO[3])
                                                      0.053     0.639 r  student_top_inst/Core_cpu/cpu_core/if_id_inst/hold_pred_target_reg_reg[19]_i_2/CO[3]
                         net (fo=1, routed)           0.000     0.639    student_top_inst/Core_cpu/cpu_core/if_id_inst/hold_pred_target_reg_reg[19]_i_2_n_0
    SLICE_X49Y97         CARRY4 (Prop_carry4_CI_CO[3])
                                                      0.053     0.692 r  student_top_inst/Core_cpu/cpu_core/if_id_inst/hold_pred_target_reg_reg[23]_i_2/CO[3]
                         net (fo=1, routed)           0.000     0.692    student_top_inst/Core_cpu/cpu_core/if_id_inst/hold_pred_target_reg_reg[23]_i_2_n_0
    SLICE_X49Y98         CARRY4 (Prop_carry4_CI_CO[3])
                                                      0.053     0.745 r  student_top_inst/Core_cpu/cpu_core/if_id_inst/hold_pred_target_reg_reg[27]_i_2/CO[3]
                         net (fo=1, routed)           0.000     0.745    student_top_inst/Core_cpu/cpu_core/if_id_inst/hold_pred_target_reg_reg[27]_i_2_n_0
    SLICE_X49Y99         CARRY4 (Prop_carry4_CI_O[1])
                                                      0.166     0.911 r  student_top_inst/Core_cpu/cpu_core/if_id_inst/hold_pred_target_reg_reg[31]_i_2/O[1]
                         net (fo=1, routed)           0.355     1.266    student_top_inst/Core_cpu/cpu_core/branch_predictor_inst/in001_out[29]
    SLICE_X43Y99         LUT6 (Prop_lut6_I0_O)        0.123     1.389 r  student_top_inst/Core_cpu/cpu_core/branch_predictor_inst/hold_pred_target_reg[29]_i_1/O
                         net (fo=3, routed)           0.194     1.582    student_top_inst/Core_cpu/cpu_core/if_id_inst/hold_pred_target_reg_reg[31]_0[29]
    SLICE_X45Y99         LUT5 (Prop_lut5_I4_O)        0.043     1.625 r  student_top_inst/Core_cpu/cpu_core/if_id_inst/pc_o[29]_i_4/O
                         net (fo=1, routed)           0.466     2.091    student_top_inst/Core_cpu/cpu_core/id_ex_inst/pc_o_reg[29]_0
    SLICE_X46Y100        LUT6 (Prop_lut6_I3_O)        0.043     2.134 r  student_top_inst/Core_cpu/cpu_core/id_ex_inst/pc_o[29]_i_1/O
                         net (fo=1, routed)           0.000     2.134    student_top_inst/Core_cpu/cpu_core/pc_reg_inst/D[29]
    SLICE_X46Y100        FDRE                                         r  student_top_inst/Core_cpu/cpu_core/pc_reg_inst/pc_o_reg[29]/D
  -------------------------------------------------------------------    -------------------

                         (clock clk_out2_pll rise edge)
                                                      4.667     4.667 r  
    AD12                                              0.000     4.667 r  i_sys_clk_p (IN)
                         net (fo=0)                   0.000     4.667    pll_inst/inst/clk_in1_p
    AD12                 IBUFDS (Prop_ibufds_I_O)     0.803     5.470 r  pll_inst/inst/clkin1_ibufgds/O
                         net (fo=1, routed)           1.001     6.471    pll_inst/inst/clk_in1_pll
    PLLE2_ADV_X1Y1       PLLE2_ADV (Prop_plle2_adv_CLKIN1_CLKOUT1)
                                                     -7.261    -0.790 r  pll_inst/inst/plle2_adv_inst/CLKOUT1
                         net (fo=1, routed)           2.003     1.213    pll_inst/inst/clk_out2_pll
    BUFGCTRL_X0Y0        BUFG (Prop_bufg_I_O)         0.083     1.296 r  pll_inst/inst/clkout2_buf/O
                         net (fo=2866, routed)        1.320     2.616    student_top_inst/Core_cpu/cpu_core/pc_reg_inst/clk_out2
    SLICE_X46Y100        FDRE                                         r  student_top_inst/Core_cpu/cpu_core/pc_reg_inst/pc_o_reg[29]/C
                         clock pessimism             -0.448     2.168    
                         clock uncertainty           -0.055     2.114    
    SLICE_X46Y100        FDRE (Setup_fdre_C_D)        0.064     2.178    student_top_inst/Core_cpu/cpu_core/pc_reg_inst/pc_o_reg[29]
  -------------------------------------------------------------------
                         required time                          2.178    
                         arrival time                          -2.134    
  -------------------------------------------------------------------
                         slack                                  0.044    

Slack (MET) :             0.044ns  (required time - arrival time)
  Source:                 student_top_inst/Mem_IROM/U0/inst_blk_mem_gen/gnbram.gnativebmg.native_blk_mem_gen/valid.cstr/ramloop[0].ram.r/prim_init.ram/DEVICE_7SERIES.NO_BMM_INFO.SP.SIMPLE_PRIM36.ram/CLKARDCLK
                            (rising edge-triggered cell RAMB36E1 clocked by clk_out2_pll  {rise@0.000ns fall@2.333ns period=4.667ns})
  Destination:            student_top_inst/Core_cpu/cpu_core/pc_reg_inst/pc_o_reg[29]/D
                            (rising edge-triggered cell FDRE clocked by clk_out2_pll  {rise@0.000ns fall@2.333ns period=4.667ns})
  Path Group:             clk_out2_pll
  Path Type:              Setup (Max at Slow Process Corner)
  Requirement:            4.667ns  (clk_out2_pll rise@4.667ns - clk_out2_pll rise@0.000ns)
  Data Path Delay:        4.376ns  (logic 2.803ns (64.054%)  route 1.573ns (35.946%))
  Logic Levels:           12  (CARRY4=8 LUT2=1 LUT5=1 LUT6=2)
  Clock Path Skew:        -0.257ns (DCD - SCD + CPR)
    Destination Clock Delay (DCD):    -2.051ns = ( 2.616 - 4.667 ) 
    Source Clock Delay      (SCD):    -2.242ns
    Clock Pessimism Removal (CPR):    -0.448ns
  Clock Uncertainty:      0.055ns  ((TSJ^2 + DJ^2)^1/2) / 2 + PE
    Total System Jitter     (TSJ):    0.071ns
    Discrete Jitter          (DJ):    0.083ns
    Phase Error              (PE):    0.000ns

    Location             Delay type                Incr(ns)  Path(ns)    Netlist Resource(s)
  -------------------------------------------------------------------    -------------------
                         (clock clk_out2_pll rise edge)
                                                      0.000     0.000 r  
    AD12                                              0.000     0.000 r  i_sys_clk_p (IN)
                         net (fo=0)                   0.000     0.000    pll_inst/inst/clk_in1_p
    AD12                 IBUFDS (Prop_ibufds_I_O)     0.906     0.906 r  pll_inst/inst/clkin1_ibufgds/O
                         net (fo=1, routed)           1.098     2.004    pll_inst/inst/clk_in1_pll
    PLLE2_ADV_X1Y1       PLLE2_ADV (Prop_plle2_adv_CLKIN1_CLKOUT1)
                                                     -8.058    -6.054 r  pll_inst/inst/plle2_adv_inst/CLKOUT1
                         net (fo=1, routed)           2.128    -3.926    pll_inst/inst/clk_out2_pll
    BUFGCTRL_X0Y0        BUFG (Prop_bufg_I_O)         0.093    -3.833 r  pll_inst/inst/clkout2_buf/O
                         net (fo=2866, routed)        1.592    -2.242    student_top_inst/Mem_IROM/U0/inst_blk_mem_gen/gnbram.gnativebmg.native_blk_mem_gen/valid.cstr/ramloop[0].ram.r/prim_init.ram/clka
    RAMB36_X2Y17         RAMB36E1                                     r  student_top_inst/Mem_IROM/U0/inst_blk_mem_gen/gnbram.gnativebmg.native_blk_mem_gen/valid.cstr/ramloop[0].ram.r/prim_init.ram/DEVICE_7SERIES.NO_BMM_INFO.SP.SIMPLE_PRIM36.ram/CLKARDCLK
  -------------------------------------------------------------------    -------------------
    RAMB36_X2Y17         RAMB36E1 (Prop_ramb36e1_CLKARDCLK_DOPADOP[0])
                                                      1.800    -0.442 r  student_top_inst/Mem_IROM/U0/inst_blk_mem_gen/gnbram.gnativebmg.native_blk_mem_gen/valid.cstr/ramloop[0].ram.r/prim_init.ram/DEVICE_7SERIES.NO_BMM_INFO.SP.SIMPLE_PRIM36.ram/DOPADOP[0]
                         net (fo=3, routed)           0.558     0.117    student_top_inst/Core_cpu/cpu_core/if_id_inst/D[8]
    SLICE_X49Y92         LUT2 (Prop_lut2_I0_O)        0.043     0.160 r  student_top_inst/Core_cpu/cpu_core/if_id_inst/b_imm_inst__29/O
                         net (fo=1, routed)           0.000     0.160    student_top_inst/Core_cpu/cpu_core/if_id_inst/b_imm_inst__29_n_0
    SLICE_X49Y92         CARRY4 (Prop_carry4_S[1]_CO[3])
                                                      0.267     0.427 r  student_top_inst/Core_cpu/cpu_core/if_id_inst/hold_pred_target_reg_reg[3]_i_2/CO[3]
                         net (fo=1, routed)           0.000     0.427    student_top_inst/Core_cpu/cpu_core/if_id_inst/hold_pred_target_reg_reg[3]_i_2_n_0
    SLICE_X49Y93         CARRY4 (Prop_carry4_CI_CO[3])
                                                      0.053     0.480 r  student_top_inst/Core_cpu/cpu_core/if_id_inst/hold_pred_target_reg_reg[7]_i_2/CO[3]
                         net (fo=1, routed)           0.000     0.480    student_top_inst/Core_cpu/cpu_core/if_id_inst/hold_pred_target_reg_reg[7]_i_2_n_0
    SLICE_X49Y94         CARRY4 (Prop_carry4_CI_CO[3])
                                                      0.053     0.533 f  student_top_inst/Core_cpu/cpu_core/if_id_inst/hold_pred_target_reg_reg[11]_i_2/CO[3]
                         net (fo=1, routed)           0.000     0.533    student_top_inst/Core_cpu/cpu_core/if_id_inst/hold_pred_target_reg_reg[11]_i_2_n_0
    SLICE_X49Y95         CARRY4 (Prop_carry4_CI_CO[3])
                                                      0.053     0.586 r  student_top_inst/Core_cpu/cpu_core/if_id_inst/hold_pred_target_reg_reg[15]_i_2/CO[3]
                         net (fo=1, routed)           0.000     0.586    student_top_inst/Core_cpu/cpu_core/if_id_inst/hold_pred_target_reg_reg[15]_i_2_n_0
    SLICE_X49Y96         CARRY4 (Prop_carry4_CI_CO[3])
                                                      0.053     0.639 r  student_top_inst/Core_cpu/cpu_core/if_id_inst/hold_pred_target_reg_reg[19]_i_2/CO[3]
                         net (fo=1, routed)           0.000     0.639    student_top_inst/Core_cpu/cpu_core/if_id_inst/hold_pred_target_reg_reg[19]_i_2_n_0
    SLICE_X49Y97         CARRY4 (Prop_carry4_CI_CO[3])
                                                      0.053     0.692 r  student_top_inst/Core_cpu/cpu_core/if_id_inst/hold_pred_target_reg_reg[23]_i_2/CO[3]
                         net (fo=1, routed)           0.000     0.692    student_top_inst/Core_cpu/cpu_core/if_id_inst/hold_pred_target_reg_reg[23]_i_2_n_0
    SLICE_X49Y98         CARRY4 (Prop_carry4_CI_CO[3])
                                                      0.053     0.745 r  student_top_inst/Core_cpu/cpu_core/if_id_inst/hold_pred_target_reg_reg[27]_i_2/CO[3]
                         net (fo=1, routed)           0.000     0.745    student_top_inst/Core_cpu/cpu_core/if_id_inst/hold_pred_target_reg_reg[27]_i_2_n_0
    SLICE_X49Y99         CARRY4 (Prop_carry4_CI_O[1])
                                                      0.166     0.911 r  student_top_inst/Core_cpu/cpu_core/if_id_inst/hold_pred_target_reg_reg[31]_i_2/O[1]
                         net (fo=1, routed)           0.355     1.266    student_top_inst/Core_cpu/cpu_core/branch_predictor_inst/in001_out[29]
    SLICE_X43Y99         LUT6 (Prop_lut6_I0_O)        0.123     1.389 r  student_top_inst/Core_cpu/cpu_core/branch_predictor_inst/hold_pred_target_reg[29]_i_1/O
                         net (fo=3, routed)           0.194     1.582    student_top_inst/Core_cpu/cpu_core/if_id_inst/hold_pred_target_reg_reg[31]_0[29]
    SLICE_X45Y99         LUT5 (Prop_lut5_I4_O)        0.043     1.625 r  student_top_inst/Core_cpu/cpu_core/if_id_inst/pc_o[29]_i_4/O
                         net (fo=1, routed)           0.466     2.091    student_top_inst/Core_cpu/cpu_core/id_ex_inst/pc_o_reg[29]_0
    SLICE_X46Y100        LUT6 (Prop_lut6_I3_O)        0.043     2.134 r  student_top_inst/Core_cpu/cpu_core/id_ex_inst/pc_o[29]_i_1/O
                         net (fo=1, routed)           0.000     2.134    student_top_inst/Core_cpu/cpu_core/pc_reg_inst/D[29]
    SLICE_X46Y100        FDRE                                         r  student_top_inst/Core_cpu/cpu_core/pc_reg_inst/pc_o_reg[29]/D
  -------------------------------------------------------------------    -------------------

                         (clock clk_out2_pll rise edge)
                                                      4.667     4.667 r  
    AD12                                              0.000     4.667 r  i_sys_clk_p (IN)
                         net (fo=0)                   0.000     4.667    pll_inst/inst/clk_in1_p
    AD12                 IBUFDS (Prop_ibufds_I_O)     0.803     5.470 r  pll_inst/inst/clkin1_ibufgds/O
                         net (fo=1, routed)           1.001     6.471    pll_inst/inst/clk_in1_pll
    PLLE2_ADV_X1Y1       PLLE2_ADV (Prop_plle2_adv_CLKIN1_CLKOUT1)
                                                     -7.261    -0.790 r  pll_inst/inst/plle2_adv_inst/CLKOUT1
                         net (fo=1, routed)           2.003     1.213    pll_inst/inst/clk_out2_pll
    BUFGCTRL_X0Y0        BUFG (Prop_bufg_I_O)         0.083     1.296 r  pll_inst/inst/clkout2_buf/O
                         net (fo=2866, routed)        1.320     2.616    student_top_inst/Core_cpu/cpu_core/pc_reg_inst/clk_out2
    SLICE_X46Y100        FDRE                                         r  student_top_inst/Core_cpu/cpu_core/pc_reg_inst/pc_o_reg[29]/C
                         clock pessimism             -0.448     2.168    
                         clock uncertainty           -0.055     2.114    
    SLICE_X46Y100        FDRE (Setup_fdre_C_D)        0.064     2.178    student_top_inst/Core_cpu/cpu_core/pc_reg_inst/pc_o_reg[29]
  -------------------------------------------------------------------
                         required time                          2.178    
                         arrival time                          -2.134    
  -------------------------------------------------------------------
                         slack                                  0.044    

Slack (MET) :             0.044ns  (required time - arrival time)
  Source:                 student_top_inst/Core_cpu/cpu_core/ex_mem_inst/dff_mem_rd_addr/data_o_reg[2]/C
                            (rising edge-triggered cell FDRE clocked by clk_out2_pll  {rise@0.000ns fall@2.333ns period=4.667ns})
  Destination:            student_top_inst/bridge_inst/dram_driver_inst/Mem_DRAM/U0/inst_blk_mem_gen/gnbram.gnativebmg.native_blk_mem_gen/valid.cstr/ramloop[32].ram.r/prim_init.ram/DEVICE_7SERIES.NO_BMM_INFO.TRUE_DP.SIMPLE_PRIM36.ram/ADDRBWRADDR[3]
                            (rising edge-triggered cell RAMB36E1 clocked by clk_out2_pll  {rise@0.000ns fall@2.333ns period=4.667ns})
  Path Group:             clk_out2_pll
  Path Type:              Setup (Max at Slow Process Corner)
  Requirement:            4.667ns  (clk_out2_pll rise@4.667ns - clk_out2_pll rise@0.000ns)
  Data Path Delay:        4.299ns  (logic 0.223ns (5.188%)  route 4.076ns (94.812%))
  Logic Levels:           0  
  Clock Path Skew:        0.147ns (DCD - SCD + CPR)
    Destination Clock Delay (DCD):    -1.676ns = ( 2.991 - 4.667 ) 
    Source Clock Delay      (SCD):    -2.268ns
    Clock Pessimism Removal (CPR):    -0.446ns
  Clock Uncertainty:      0.055ns  ((TSJ^2 + DJ^2)^1/2) / 2 + PE
    Total System Jitter     (TSJ):    0.071ns
    Discrete Jitter          (DJ):    0.083ns
    Phase Error              (PE):    0.000ns

    Location             Delay type                Incr(ns)  Path(ns)    Netlist Resource(s)
  -------------------------------------------------------------------    -------------------
                         (clock clk_out2_pll rise edge)
                                                      0.000     0.000 r  
    AD12                                              0.000     0.000 r  i_sys_clk_p (IN)
                         net (fo=0)                   0.000     0.000    pll_inst/inst/clk_in1_p
    AD12                 IBUFDS (Prop_ibufds_I_O)     0.906     0.906 r  pll_inst/inst/clkin1_ibufgds/O
                         net (fo=1, routed)           1.098     2.004    pll_inst/inst/clk_in1_pll
    PLLE2_ADV_X1Y1       PLLE2_ADV (Prop_plle2_adv_CLKIN1_CLKOUT1)
                                                     -8.058    -6.054 r  pll_inst/inst/plle2_adv_inst/CLKOUT1
                         net (fo=1, routed)           2.128    -3.926    pll_inst/inst/clk_out2_pll
    BUFGCTRL_X0Y0        BUFG (Prop_bufg_I_O)         0.093    -3.833 r  pll_inst/inst/clkout2_buf/O
                         net (fo=2866, routed)        1.565    -2.268    student_top_inst/Core_cpu/cpu_core/ex_mem_inst/dff_mem_rd_addr/clk_out2
    SLICE_X64Y95         FDRE                                         r  student_top_inst/Core_cpu/cpu_core/ex_mem_inst/dff_mem_rd_addr/data_o_reg[2]/C
  -------------------------------------------------------------------    -------------------
    SLICE_X64Y95         FDRE (Prop_fdre_C_Q)         0.223    -2.045 r  student_top_inst/Core_cpu/cpu_core/ex_mem_inst/dff_mem_rd_addr/data_o_reg[2]/Q
                         net (fo=69, routed)          4.076     2.030    student_top_inst/bridge_inst/dram_driver_inst/Mem_DRAM/U0/inst_blk_mem_gen/gnbram.gnativebmg.native_blk_mem_gen/valid.cstr/ramloop[32].ram.r/prim_init.ram/addrb[0]
    RAMB36_X0Y4          RAMB36E1                                     r  student_top_inst/bridge_inst/dram_driver_inst/Mem_DRAM/U0/inst_blk_mem_gen/gnbram.gnativebmg.native_blk_mem_gen/valid.cstr/ramloop[32].ram.r/prim_init.ram/DEVICE_7SERIES.NO_BMM_INFO.TRUE_DP.SIMPLE_PRIM36.ram/ADDRBWRADDR[3]
  -------------------------------------------------------------------    -------------------

                         (clock clk_out2_pll rise edge)
                                                      4.667     4.667 r  
    AD12                                              0.000     4.667 r  i_sys_clk_p (IN)
                         net (fo=0)                   0.000     4.667    pll_inst/inst/clk_in1_p
    AD12                 IBUFDS (Prop_ibufds_I_O)     0.803     5.470 r  pll_inst/inst/clkin1_ibufgds/O
                         net (fo=1, routed)           1.001     6.471    pll_inst/inst/clk_in1_pll
    PLLE2_ADV_X1Y1       PLLE2_ADV (Prop_plle2_adv_CLKIN1_CLKOUT1)
                                                     -7.261    -0.790 r  pll_inst/inst/plle2_adv_inst/CLKOUT1
                         net (fo=1, routed)           2.003     1.213    pll_inst/inst/clk_out2_pll
    BUFGCTRL_X0Y0        BUFG (Prop_bufg_I_O)         0.083     1.296 r  pll_inst/inst/clkout2_buf/O
                         net (fo=2866, routed)        1.695     2.991    student_top_inst/bridge_inst/dram_driver_inst/Mem_DRAM/U0/inst_blk_mem_gen/gnbram.gnativebmg.native_blk_mem_gen/valid.cstr/ramloop[32].ram.r/prim_init.ram/clka
    RAMB36_X0Y4          RAMB36E1                                     r  student_top_inst/bridge_inst/dram_driver_inst/Mem_DRAM/U0/inst_blk_mem_gen/gnbram.gnativebmg.native_blk_mem_gen/valid.cstr/ramloop[32].ram.r/prim_init.ram/DEVICE_7SERIES.NO_BMM_INFO.TRUE_DP.SIMPLE_PRIM36.ram/CLKBWRCLK
                         clock pessimism             -0.446     2.545    
                         clock uncertainty           -0.055     2.490    
    RAMB36_X0Y4          RAMB36E1 (Setup_ramb36e1_CLKBWRCLK_ADDRBWRADDR[3])
                                                     -0.416     2.074    student_top_inst/bridge_inst/dram_driver_inst/Mem_DRAM/U0/inst_blk_mem_gen/gnbram.gnativebmg.native_blk_mem_gen/valid.cstr/ramloop[32].ram.r/prim_init.ram/DEVICE_7SERIES.NO_BMM_INFO.TRUE_DP.SIMPLE_PRIM36.ram
  -------------------------------------------------------------------
                         required time                          2.074    
                         arrival time                          -2.030    
  -------------------------------------------------------------------
                         slack                                  0.044    

Slack (MET) :             0.044ns  (required time - arrival time)
  Source:                 student_top_inst/Core_cpu/cpu_core/ex_mem_inst/dff_mem_rd_addr/data_o_reg[2]/C
                            (rising edge-triggered cell FDRE clocked by clk_out2_pll  {rise@0.000ns fall@2.333ns period=4.667ns})
  Destination:            student_top_inst/bridge_inst/dram_driver_inst/Mem_DRAM/U0/inst_blk_mem_gen/gnbram.gnativebmg.native_blk_mem_gen/valid.cstr/ramloop[32].ram.r/prim_init.ram/DEVICE_7SERIES.NO_BMM_INFO.TRUE_DP.SIMPLE_PRIM36.ram/ADDRBWRADDR[3]
                            (rising edge-triggered cell RAMB36E1 clocked by clk_out2_pll  {rise@0.000ns fall@2.333ns period=4.667ns})
  Path Group:             clk_out2_pll
  Path Type:              Setup (Max at Slow Process Corner)
  Requirement:            4.667ns  (clk_out2_pll rise@4.667ns - clk_out2_pll rise@0.000ns)
  Data Path Delay:        4.299ns  (logic 0.223ns (5.188%)  route 4.076ns (94.812%))
  Logic Levels:           0  
  Clock Path Skew:        0.147ns (DCD - SCD + CPR)
    Destination Clock Delay (DCD):    -1.676ns = ( 2.991 - 4.667 ) 
    Source Clock Delay      (SCD):    -2.268ns
    Clock Pessimism Removal (CPR):    -0.446ns
  Clock Uncertainty:      0.055ns  ((TSJ^2 + DJ^2)^1/2) / 2 + PE
    Total System Jitter     (TSJ):    0.071ns
    Discrete Jitter          (DJ):    0.083ns
    Phase Error              (PE):    0.000ns

    Location             Delay type                Incr(ns)  Path(ns)    Netlist Resource(s)
  -------------------------------------------------------------------    -------------------
                         (clock clk_out2_pll rise edge)
                                                      0.000     0.000 r  
    AD12                                              0.000     0.000 r  i_sys_clk_p (IN)
                         net (fo=0)                   0.000     0.000    pll_inst/inst/clk_in1_p
    AD12                 IBUFDS (Prop_ibufds_I_O)     0.906     0.906 r  pll_inst/inst/clkin1_ibufgds/O
                         net (fo=1, routed)           1.098     2.004    pll_inst/inst/clk_in1_pll
    PLLE2_ADV_X1Y1       PLLE2_ADV (Prop_plle2_adv_CLKIN1_CLKOUT1)
                                                     -8.058    -6.054 r  pll_inst/inst/plle2_adv_inst/CLKOUT1
                         net (fo=1, routed)           2.128    -3.926    pll_inst/inst/clk_out2_pll
    BUFGCTRL_X0Y0        BUFG (Prop_bufg_I_O)         0.093    -3.833 r  pll_inst/inst/clkout2_buf/O
                         net (fo=2866, routed)        1.565    -2.268    student_top_inst/Core_cpu/cpu_core/ex_mem_inst/dff_mem_rd_addr/clk_out2
    SLICE_X64Y95         FDRE                                         r  student_top_inst/Core_cpu/cpu_core/ex_mem_inst/dff_mem_rd_addr/data_o_reg[2]/C
  -------------------------------------------------------------------    -------------------
    SLICE_X64Y95         FDRE (Prop_fdre_C_Q)         0.223    -2.045 f  student_top_inst/Core_cpu/cpu_core/ex_mem_inst/dff_mem_rd_addr/data_o_reg[2]/Q
                         net (fo=69, routed)          4.076     2.030    student_top_inst/bridge_inst/dram_driver_inst/Mem_DRAM/U0/inst_blk_mem_gen/gnbram.gnativebmg.native_blk_mem_gen/valid.cstr/ramloop[32].ram.r/prim_init.ram/addrb[0]
    RAMB36_X0Y4          RAMB36E1                                     f  student_top_inst/bridge_inst/dram_driver_inst/Mem_DRAM/U0/inst_blk_mem_gen/gnbram.gnativebmg.native_blk_mem_gen/valid.cstr/ramloop[32].ram.r/prim_init.ram/DEVICE_7SERIES.NO_BMM_INFO.TRUE_DP.SIMPLE_PRIM36.ram/ADDRBWRADDR[3]
  -------------------------------------------------------------------    -------------------

                         (clock clk_out2_pll rise edge)
                                                      4.667     4.667 r  
    AD12                                              0.000     4.667 r  i_sys_clk_p (IN)
                         net (fo=0)                   0.000     4.667    pll_inst/inst/clk_in1_p
    AD12                 IBUFDS (Prop_ibufds_I_O)     0.803     5.470 r  pll_inst/inst/clkin1_ibufgds/O
                         net (fo=1, routed)           1.001     6.471    pll_inst/inst/clk_in1_pll
    PLLE2_ADV_X1Y1       PLLE2_ADV (Prop_plle2_adv_CLKIN1_CLKOUT1)
                                                     -7.261    -0.790 r  pll_inst/inst/plle2_adv_inst/CLKOUT1
                         net (fo=1, routed)           2.003     1.213    pll_inst/inst/clk_out2_pll
    BUFGCTRL_X0Y0        BUFG (Prop_bufg_I_O)         0.083     1.296 r  pll_inst/inst/clkout2_buf/O
                         net (fo=2866, routed)        1.695     2.991    student_top_inst/bridge_inst/dram_driver_inst/Mem_DRAM/U0/inst_blk_mem_gen/gnbram.gnativebmg.native_blk_mem_gen/valid.cstr/ramloop[32].ram.r/prim_init.ram/clka
    RAMB36_X0Y4          RAMB36E1                                     r  student_top_inst/bridge_inst/dram_driver_inst/Mem_DRAM/U0/inst_blk_mem_gen/gnbram.gnativebmg.native_blk_mem_gen/valid.cstr/ramloop[32].ram.r/prim_init.ram/DEVICE_7SERIES.NO_BMM_INFO.TRUE_DP.SIMPLE_PRIM36.ram/CLKBWRCLK
                         clock pessimism             -0.446     2.545    
                         clock uncertainty           -0.055     2.490    
    RAMB36_X0Y4          RAMB36E1 (Setup_ramb36e1_CLKBWRCLK_ADDRBWRADDR[3])
                                                     -0.416     2.074    student_top_inst/bridge_inst/dram_driver_inst/Mem_DRAM/U0/inst_blk_mem_gen/gnbram.gnativebmg.native_blk_mem_gen/valid.cstr/ramloop[32].ram.r/prim_init.ram/DEVICE_7SERIES.NO_BMM_INFO.TRUE_DP.SIMPLE_PRIM36.ram
  -------------------------------------------------------------------
                         required time                          2.074    
                         arrival time                          -2.030    
  -------------------------------------------------------------------
                         slack                                  0.044    

Slack (MET) :             0.059ns  (required time - arrival time)
  Source:                 student_top_inst/Core_cpu/cpu_core/ex_mem_inst/dff_mem_rd_addr/data_o_reg[9]/C
                            (rising edge-triggered cell FDRE clocked by clk_out2_pll  {rise@0.000ns fall@2.333ns period=4.667ns})
  Destination:            student_top_inst/bridge_inst/dram_driver_inst/Mem_DRAM/U0/inst_blk_mem_gen/gnbram.gnativebmg.native_blk_mem_gen/valid.cstr/ramloop[61].ram.r/prim_init.ram/DEVICE_7SERIES.NO_BMM_INFO.TRUE_DP.SIMPLE_PRIM36.ram/ADDRBWRADDR[10]
                            (rising edge-triggered cell RAMB36E1 clocked by clk_out2_pll  {rise@0.000ns fall@2.333ns period=4.667ns})
  Path Group:             clk_out2_pll
  Path Type:              Setup (Max at Slow Process Corner)
  Requirement:            4.667ns  (clk_out2_pll rise@4.667ns - clk_out2_pll rise@0.000ns)
  Data Path Delay:        4.289ns  (logic 0.223ns (5.199%)  route 4.066ns (94.801%))
  Logic Levels:           0  
  Clock Path Skew:        0.153ns (DCD - SCD + CPR)
    Destination Clock Delay (DCD):    -1.670ns = ( 2.997 - 4.667 ) 
    Source Clock Delay      (SCD):    -2.268ns
    Clock Pessimism Removal (CPR):    -0.446ns
  Clock Uncertainty:      0.055ns  ((TSJ^2 + DJ^2)^1/2) / 2 + PE
    Total System Jitter     (TSJ):    0.071ns
    Discrete Jitter          (DJ):    0.083ns
    Phase Error              (PE):    0.000ns

    Location             Delay type                Incr(ns)  Path(ns)    Netlist Resource(s)
  -------------------------------------------------------------------    -------------------
                         (clock clk_out2_pll rise edge)
                                                      0.000     0.000 r  
    AD12                                              0.000     0.000 r  i_sys_clk_p (IN)
                         net (fo=0)                   0.000     0.000    pll_inst/inst/clk_in1_p
    AD12                 IBUFDS (Prop_ibufds_I_O)     0.906     0.906 r  pll_inst/inst/clkin1_ibufgds/O
                         net (fo=1, routed)           1.098     2.004    pll_inst/inst/clk_in1_pll
    PLLE2_ADV_X1Y1       PLLE2_ADV (Prop_plle2_adv_CLKIN1_CLKOUT1)
                                                     -8.058    -6.054 r  pll_inst/inst/plle2_adv_inst/CLKOUT1
                         net (fo=1, routed)           2.128    -3.926    pll_inst/inst/clk_out2_pll
    BUFGCTRL_X0Y0        BUFG (Prop_bufg_I_O)         0.093    -3.833 r  pll_inst/inst/clkout2_buf/O
                         net (fo=2866, routed)        1.565    -2.268    student_top_inst/Core_cpu/cpu_core/ex_mem_inst/dff_mem_rd_addr/clk_out2
    SLICE_X64Y97         FDRE                                         r  student_top_inst/Core_cpu/cpu_core/ex_mem_inst/dff_mem_rd_addr/data_o_reg[9]/C
  -------------------------------------------------------------------    -------------------
    SLICE_X64Y97         FDRE (Prop_fdre_C_Q)         0.223    -2.045 r  student_top_inst/Core_cpu/cpu_core/ex_mem_inst/dff_mem_rd_addr/data_o_reg[9]/Q
                         net (fo=65, routed)          4.066     2.021    student_top_inst/bridge_inst/dram_driver_inst/Mem_DRAM/U0/inst_blk_mem_gen/gnbram.gnativebmg.native_blk_mem_gen/valid.cstr/ramloop[61].ram.r/prim_init.ram/addrb[7]
    RAMB36_X4Y8          RAMB36E1                                     r  student_top_inst/bridge_inst/dram_driver_inst/Mem_DRAM/U0/inst_blk_mem_gen/gnbram.gnativebmg.native_blk_mem_gen/valid.cstr/ramloop[61].ram.r/prim_init.ram/DEVICE_7SERIES.NO_BMM_INFO.TRUE_DP.SIMPLE_PRIM36.ram/ADDRBWRADDR[10]
  -------------------------------------------------------------------    -------------------

                         (clock clk_out2_pll rise edge)
                                                      4.667     4.667 r  
    AD12                                              0.000     4.667 r  i_sys_clk_p (IN)
                         net (fo=0)                   0.000     4.667    pll_inst/inst/clk_in1_p
    AD12                 IBUFDS (Prop_ibufds_I_O)     0.803     5.470 r  pll_inst/inst/clkin1_ibufgds/O
                         net (fo=1, routed)           1.001     6.471    pll_inst/inst/clk_in1_pll
    PLLE2_ADV_X1Y1       PLLE2_ADV (Prop_plle2_adv_CLKIN1_CLKOUT1)
                                                     -7.261    -0.790 r  pll_inst/inst/plle2_adv_inst/CLKOUT1
                         net (fo=1, routed)           2.003     1.213    pll_inst/inst/clk_out2_pll
    BUFGCTRL_X0Y0        BUFG (Prop_bufg_I_O)         0.083     1.296 r  pll_inst/inst/clkout2_buf/O
                         net (fo=2866, routed)        1.701     2.997    student_top_inst/bridge_inst/dram_driver_inst/Mem_DRAM/U0/inst_blk_mem_gen/gnbram.gnativebmg.native_blk_mem_gen/valid.cstr/ramloop[61].ram.r/prim_init.ram/clka
    RAMB36_X4Y8          RAMB36E1                                     r  student_top_inst/bridge_inst/dram_driver_inst/Mem_DRAM/U0/inst_blk_mem_gen/gnbram.gnativebmg.native_blk_mem_gen/valid.cstr/ramloop[61].ram.r/prim_init.ram/DEVICE_7SERIES.NO_BMM_INFO.TRUE_DP.SIMPLE_PRIM36.ram/CLKBWRCLK
                         clock pessimism             -0.446     2.551    
                         clock uncertainty           -0.055     2.496    
    RAMB36_X4Y8          RAMB36E1 (Setup_ramb36e1_CLKBWRCLK_ADDRBWRADDR[10])
                                                     -0.416     2.080    student_top_inst/bridge_inst/dram_driver_inst/Mem_DRAM/U0/inst_blk_mem_gen/gnbram.gnativebmg.native_blk_mem_gen/valid.cstr/ramloop[61].ram.r/prim_init.ram/DEVICE_7SERIES.NO_BMM_INFO.TRUE_DP.SIMPLE_PRIM36.ram
  -------------------------------------------------------------------
                         required time                          2.080    
                         arrival time                          -2.021    
  -------------------------------------------------------------------
                         slack                                  0.059    

Slack (MET) :             0.059ns  (required time - arrival time)
  Source:                 student_top_inst/Core_cpu/cpu_core/ex_mem_inst/dff_mem_rd_addr/data_o_reg[9]/C
                            (rising edge-triggered cell FDRE clocked by clk_out2_pll  {rise@0.000ns fall@2.333ns period=4.667ns})
  Destination:            student_top_inst/bridge_inst/dram_driver_inst/Mem_DRAM/U0/inst_blk_mem_gen/gnbram.gnativebmg.native_blk_mem_gen/valid.cstr/ramloop[61].ram.r/prim_init.ram/DEVICE_7SERIES.NO_BMM_INFO.TRUE_DP.SIMPLE_PRIM36.ram/ADDRBWRADDR[10]
                            (rising edge-triggered cell RAMB36E1 clocked by clk_out2_pll  {rise@0.000ns fall@2.333ns period=4.667ns})
  Path Group:             clk_out2_pll
  Path Type:              Setup (Max at Slow Process Corner)
  Requirement:            4.667ns  (clk_out2_pll rise@4.667ns - clk_out2_pll rise@0.000ns)
  Data Path Delay:        4.289ns  (logic 0.223ns (5.199%)  route 4.066ns (94.801%))
  Logic Levels:           0  
  Clock Path Skew:        0.153ns (DCD - SCD + CPR)
    Destination Clock Delay (DCD):    -1.670ns = ( 2.997 - 4.667 ) 
    Source Clock Delay      (SCD):    -2.268ns
    Clock Pessimism Removal (CPR):    -0.446ns
  Clock Uncertainty:      0.055ns  ((TSJ^2 + DJ^2)^1/2) / 2 + PE
    Total System Jitter     (TSJ):    0.071ns
    Discrete Jitter          (DJ):    0.083ns
    Phase Error              (PE):    0.000ns

    Location             Delay type                Incr(ns)  Path(ns)    Netlist Resource(s)
  -------------------------------------------------------------------    -------------------
                         (clock clk_out2_pll rise edge)
                                                      0.000     0.000 r  
    AD12                                              0.000     0.000 r  i_sys_clk_p (IN)
                         net (fo=0)                   0.000     0.000    pll_inst/inst/clk_in1_p
    AD12                 IBUFDS (Prop_ibufds_I_O)     0.906     0.906 r  pll_inst/inst/clkin1_ibufgds/O
                         net (fo=1, routed)           1.098     2.004    pll_inst/inst/clk_in1_pll
    PLLE2_ADV_X1Y1       PLLE2_ADV (Prop_plle2_adv_CLKIN1_CLKOUT1)
                                                     -8.058    -6.054 r  pll_inst/inst/plle2_adv_inst/CLKOUT1
                         net (fo=1, routed)           2.128    -3.926    pll_inst/inst/clk_out2_pll
    BUFGCTRL_X0Y0        BUFG (Prop_bufg_I_O)         0.093    -3.833 r  pll_inst/inst/clkout2_buf/O
                         net (fo=2866, routed)        1.565    -2.268    student_top_inst/Core_cpu/cpu_core/ex_mem_inst/dff_mem_rd_addr/clk_out2
    SLICE_X64Y97         FDRE                                         r  student_top_inst/Core_cpu/cpu_core/ex_mem_inst/dff_mem_rd_addr/data_o_reg[9]/C
  -------------------------------------------------------------------    -------------------
    SLICE_X64Y97         FDRE (Prop_fdre_C_Q)         0.223    -2.045 f  student_top_inst/Core_cpu/cpu_core/ex_mem_inst/dff_mem_rd_addr/data_o_reg[9]/Q
                         net (fo=65, routed)          4.066     2.021    student_top_inst/bridge_inst/dram_driver_inst/Mem_DRAM/U0/inst_blk_mem_gen/gnbram.gnativebmg.native_blk_mem_gen/valid.cstr/ramloop[61].ram.r/prim_init.ram/addrb[7]
    RAMB36_X4Y8          RAMB36E1                                     f  student_top_inst/bridge_inst/dram_driver_inst/Mem_DRAM/U0/inst_blk_mem_gen/gnbram.gnativebmg.native_blk_mem_gen/valid.cstr/ramloop[61].ram.r/prim_init.ram/DEVICE_7SERIES.NO_BMM_INFO.TRUE_DP.SIMPLE_PRIM36.ram/ADDRBWRADDR[10]
  -------------------------------------------------------------------    -------------------

                         (clock clk_out2_pll rise edge)
                                                      4.667     4.667 r  
    AD12                                              0.000     4.667 r  i_sys_clk_p (IN)
                         net (fo=0)                   0.000     4.667    pll_inst/inst/clk_in1_p
    AD12                 IBUFDS (Prop_ibufds_I_O)     0.803     5.470 r  pll_inst/inst/clkin1_ibufgds/O
                         net (fo=1, routed)           1.001     6.471    pll_inst/inst/clk_in1_pll
    PLLE2_ADV_X1Y1       PLLE2_ADV (Prop_plle2_adv_CLKIN1_CLKOUT1)
                                                     -7.261    -0.790 r  pll_inst/inst/plle2_adv_inst/CLKOUT1
                         net (fo=1, routed)           2.003     1.213    pll_inst/inst/clk_out2_pll
    BUFGCTRL_X0Y0        BUFG (Prop_bufg_I_O)         0.083     1.296 r  pll_inst/inst/clkout2_buf/O
                         net (fo=2866, routed)        1.701     2.997    student_top_inst/bridge_inst/dram_driver_inst/Mem_DRAM/U0/inst_blk_mem_gen/gnbram.gnativebmg.native_blk_mem_gen/valid.cstr/ramloop[61].ram.r/prim_init.ram/clka
    RAMB36_X4Y8          RAMB36E1                                     r  student_top_inst/bridge_inst/dram_driver_inst/Mem_DRAM/U0/inst_blk_mem_gen/gnbram.gnativebmg.native_blk_mem_gen/valid.cstr/ramloop[61].ram.r/prim_init.ram/DEVICE_7SERIES.NO_BMM_INFO.TRUE_DP.SIMPLE_PRIM36.ram/CLKBWRCLK
                         clock pessimism             -0.446     2.551    
                         clock uncertainty           -0.055     2.496    
    RAMB36_X4Y8          RAMB36E1 (Setup_ramb36e1_CLKBWRCLK_ADDRBWRADDR[10])
                                                     -0.416     2.080    student_top_inst/bridge_inst/dram_driver_inst/Mem_DRAM/U0/inst_blk_mem_gen/gnbram.gnativebmg.native_blk_mem_gen/valid.cstr/ramloop[61].ram.r/prim_init.ram/DEVICE_7SERIES.NO_BMM_INFO.TRUE_DP.SIMPLE_PRIM36.ram
  -------------------------------------------------------------------
                         required time                          2.080    
                         arrival time                          -2.021    
  -------------------------------------------------------------------
                         slack                                  0.059    

Slack (MET) :             0.066ns  (required time - arrival time)
  Source:                 student_top_inst/Core_cpu/cpu_core/ex_mem_inst/dff_mem_wd_addr/data_o_reg[8]/C
                            (rising edge-triggered cell FDRE clocked by clk_out2_pll  {rise@0.000ns fall@2.333ns period=4.667ns})
  Destination:            student_top_inst/bridge_inst/dram_driver_inst/Mem_DRAM/U0/inst_blk_mem_gen/gnbram.gnativebmg.native_blk_mem_gen/valid.cstr/ramloop[46].ram.r/prim_init.ram/DEVICE_7SERIES.NO_BMM_INFO.TRUE_DP.SIMPLE_PRIM36.ram/ADDRARDADDR[9]
                            (rising edge-triggered cell RAMB36E1 clocked by clk_out2_pll  {rise@0.000ns fall@2.333ns period=4.667ns})
  Path Group:             clk_out2_pll
  Path Type:              Setup (Max at Slow Process Corner)
  Requirement:            4.667ns  (clk_out2_pll rise@4.667ns - clk_out2_pll rise@0.000ns)
  Data Path Delay:        4.283ns  (logic 0.259ns (6.047%)  route 4.024ns (93.953%))
  Logic Levels:           0  
  Clock Path Skew:        0.153ns (DCD - SCD + CPR)
    Destination Clock Delay (DCD):    -1.670ns = ( 2.997 - 4.667 ) 
    Source Clock Delay      (SCD):    -2.268ns
    Clock Pessimism Removal (CPR):    -0.446ns
  Clock Uncertainty:      0.055ns  ((TSJ^2 + DJ^2)^1/2) / 2 + PE
    Total System Jitter     (TSJ):    0.071ns
    Discrete Jitter          (DJ):    0.083ns
    Phase Error              (PE):    0.000ns

    Location             Delay type                Incr(ns)  Path(ns)    Netlist Resource(s)
  -------------------------------------------------------------------    -------------------
                         (clock clk_out2_pll rise edge)
                                                      0.000     0.000 r  
    AD12                                              0.000     0.000 r  i_sys_clk_p (IN)
                         net (fo=0)                   0.000     0.000    pll_inst/inst/clk_in1_p
    AD12                 IBUFDS (Prop_ibufds_I_O)     0.906     0.906 r  pll_inst/inst/clkin1_ibufgds/O
                         net (fo=1, routed)           1.098     2.004    pll_inst/inst/clk_in1_pll
    PLLE2_ADV_X1Y1       PLLE2_ADV (Prop_plle2_adv_CLKIN1_CLKOUT1)
                                                     -8.058    -6.054 r  pll_inst/inst/plle2_adv_inst/CLKOUT1
                         net (fo=1, routed)           2.128    -3.926    pll_inst/inst/clk_out2_pll
    BUFGCTRL_X0Y0        BUFG (Prop_bufg_I_O)         0.093    -3.833 r  pll_inst/inst/clkout2_buf/O
                         net (fo=2866, routed)        1.565    -2.268    student_top_inst/Core_cpu/cpu_core/ex_mem_inst/dff_mem_wd_addr/clk_out2
    SLICE_X66Y96         FDRE                                         r  student_top_inst/Core_cpu/cpu_core/ex_mem_inst/dff_mem_wd_addr/data_o_reg[8]/C
  -------------------------------------------------------------------    -------------------
    SLICE_X66Y96         FDRE (Prop_fdre_C_Q)         0.259    -2.009 r  student_top_inst/Core_cpu/cpu_core/ex_mem_inst/dff_mem_wd_addr/data_o_reg[8]/Q
                         net (fo=65, routed)          4.024     2.015    student_top_inst/bridge_inst/dram_driver_inst/Mem_DRAM/U0/inst_blk_mem_gen/gnbram.gnativebmg.native_blk_mem_gen/valid.cstr/ramloop[46].ram.r/prim_init.ram/addra[6]
    RAMB36_X1Y7          RAMB36E1                                     r  student_top_inst/bridge_inst/dram_driver_inst/Mem_DRAM/U0/inst_blk_mem_gen/gnbram.gnativebmg.native_blk_mem_gen/valid.cstr/ramloop[46].ram.r/prim_init.ram/DEVICE_7SERIES.NO_BMM_INFO.TRUE_DP.SIMPLE_PRIM36.ram/ADDRARDADDR[9]
  -------------------------------------------------------------------    -------------------

                         (clock clk_out2_pll rise edge)
                                                      4.667     4.667 r  
    AD12                                              0.000     4.667 r  i_sys_clk_p (IN)
                         net (fo=0)                   0.000     4.667    pll_inst/inst/clk_in1_p
    AD12                 IBUFDS (Prop_ibufds_I_O)     0.803     5.470 r  pll_inst/inst/clkin1_ibufgds/O
                         net (fo=1, routed)           1.001     6.471    pll_inst/inst/clk_in1_pll
    PLLE2_ADV_X1Y1       PLLE2_ADV (Prop_plle2_adv_CLKIN1_CLKOUT1)
                                                     -7.261    -0.790 r  pll_inst/inst/plle2_adv_inst/CLKOUT1
                         net (fo=1, routed)           2.003     1.213    pll_inst/inst/clk_out2_pll
    BUFGCTRL_X0Y0        BUFG (Prop_bufg_I_O)         0.083     1.296 r  pll_inst/inst/clkout2_buf/O
                         net (fo=2866, routed)        1.701     2.997    student_top_inst/bridge_inst/dram_driver_inst/Mem_DRAM/U0/inst_blk_mem_gen/gnbram.gnativebmg.native_blk_mem_gen/valid.cstr/ramloop[46].ram.r/prim_init.ram/clka
    RAMB36_X1Y7          RAMB36E1                                     r  student_top_inst/bridge_inst/dram_driver_inst/Mem_DRAM/U0/inst_blk_mem_gen/gnbram.gnativebmg.native_blk_mem_gen/valid.cstr/ramloop[46].ram.r/prim_init.ram/DEVICE_7SERIES.NO_BMM_INFO.TRUE_DP.SIMPLE_PRIM36.ram/CLKARDCLK
                         clock pessimism             -0.446     2.551    
                         clock uncertainty           -0.055     2.496    
    RAMB36_X1Y7          RAMB36E1 (Setup_ramb36e1_CLKARDCLK_ADDRARDADDR[9])
                                                     -0.416     2.080    student_top_inst/bridge_inst/dram_driver_inst/Mem_DRAM/U0/inst_blk_mem_gen/gnbram.gnativebmg.native_blk_mem_gen/valid.cstr/ramloop[46].ram.r/prim_init.ram/DEVICE_7SERIES.NO_BMM_INFO.TRUE_DP.SIMPLE_PRIM36.ram
  -------------------------------------------------------------------
                         required time                          2.080    
                         arrival time                          -2.015    
  -------------------------------------------------------------------
                         slack                                  0.066    

Slack (MET) :             0.066ns  (required time - arrival time)
  Source:                 student_top_inst/Core_cpu/cpu_core/ex_mem_inst/dff_mem_wd_addr/data_o_reg[8]/C
                            (rising edge-triggered cell FDRE clocked by clk_out2_pll  {rise@0.000ns fall@2.333ns period=4.667ns})
  Destination:            student_top_inst/bridge_inst/dram_driver_inst/Mem_DRAM/U0/inst_blk_mem_gen/gnbram.gnativebmg.native_blk_mem_gen/valid.cstr/ramloop[46].ram.r/prim_init.ram/DEVICE_7SERIES.NO_BMM_INFO.TRUE_DP.SIMPLE_PRIM36.ram/ADDRARDADDR[9]
                            (rising edge-triggered cell RAMB36E1 clocked by clk_out2_pll  {rise@0.000ns fall@2.333ns period=4.667ns})
  Path Group:             clk_out2_pll
  Path Type:              Setup (Max at Slow Process Corner)
  Requirement:            4.667ns  (clk_out2_pll rise@4.667ns - clk_out2_pll rise@0.000ns)
  Data Path Delay:        4.283ns  (logic 0.259ns (6.047%)  route 4.024ns (93.953%))
  Logic Levels:           0  
  Clock Path Skew:        0.153ns (DCD - SCD + CPR)
    Destination Clock Delay (DCD):    -1.670ns = ( 2.997 - 4.667 ) 
    Source Clock Delay      (SCD):    -2.268ns
    Clock Pessimism Removal (CPR):    -0.446ns
  Clock Uncertainty:      0.055ns  ((TSJ^2 + DJ^2)^1/2) / 2 + PE
    Total System Jitter     (TSJ):    0.071ns
    Discrete Jitter          (DJ):    0.083ns
    Phase Error              (PE):    0.000ns

    Location             Delay type                Incr(ns)  Path(ns)    Netlist Resource(s)
  -------------------------------------------------------------------    -------------------
                         (clock clk_out2_pll rise edge)
                                                      0.000     0.000 r  
    AD12                                              0.000     0.000 r  i_sys_clk_p (IN)
                         net (fo=0)                   0.000     0.000    pll_inst/inst/clk_in1_p
    AD12                 IBUFDS (Prop_ibufds_I_O)     0.906     0.906 r  pll_inst/inst/clkin1_ibufgds/O
                         net (fo=1, routed)           1.098     2.004    pll_inst/inst/clk_in1_pll
    PLLE2_ADV_X1Y1       PLLE2_ADV (Prop_plle2_adv_CLKIN1_CLKOUT1)
                                                     -8.058    -6.054 r  pll_inst/inst/plle2_adv_inst/CLKOUT1
                         net (fo=1, routed)           2.128    -3.926    pll_inst/inst/clk_out2_pll
    BUFGCTRL_X0Y0        BUFG (Prop_bufg_I_O)         0.093    -3.833 r  pll_inst/inst/clkout2_buf/O
                         net (fo=2866, routed)        1.565    -2.268    student_top_inst/Core_cpu/cpu_core/ex_mem_inst/dff_mem_wd_addr/clk_out2
    SLICE_X66Y96         FDRE                                         r  student_top_inst/Core_cpu/cpu_core/ex_mem_inst/dff_mem_wd_addr/data_o_reg[8]/C
  -------------------------------------------------------------------    -------------------
    SLICE_X66Y96         FDRE (Prop_fdre_C_Q)         0.259    -2.009 f  student_top_inst/Core_cpu/cpu_core/ex_mem_inst/dff_mem_wd_addr/data_o_reg[8]/Q
                         net (fo=65, routed)          4.024     2.015    student_top_inst/bridge_inst/dram_driver_inst/Mem_DRAM/U0/inst_blk_mem_gen/gnbram.gnativebmg.native_blk_mem_gen/valid.cstr/ramloop[46].ram.r/prim_init.ram/addra[6]
    RAMB36_X1Y7          RAMB36E1                                     f  student_top_inst/bridge_inst/dram_driver_inst/Mem_DRAM/U0/inst_blk_mem_gen/gnbram.gnativebmg.native_blk_mem_gen/valid.cstr/ramloop[46].ram.r/prim_init.ram/DEVICE_7SERIES.NO_BMM_INFO.TRUE_DP.SIMPLE_PRIM36.ram/ADDRARDADDR[9]
  -------------------------------------------------------------------    -------------------

                         (clock clk_out2_pll rise edge)
                                                      4.667     4.667 r  
    AD12                                              0.000     4.667 r  i_sys_clk_p (IN)
                         net (fo=0)                   0.000     4.667    pll_inst/inst/clk_in1_p
    AD12                 IBUFDS (Prop_ibufds_I_O)     0.803     5.470 r  pll_inst/inst/clkin1_ibufgds/O
                         net (fo=1, routed)           1.001     6.471    pll_inst/inst/clk_in1_pll
    PLLE2_ADV_X1Y1       PLLE2_ADV (Prop_plle2_adv_CLKIN1_CLKOUT1)
                                                     -7.261    -0.790 r  pll_inst/inst/plle2_adv_inst/CLKOUT1
                         net (fo=1, routed)           2.003     1.213    pll_inst/inst/clk_out2_pll
    BUFGCTRL_X0Y0        BUFG (Prop_bufg_I_O)         0.083     1.296 r  pll_inst/inst/clkout2_buf/O
                         net (fo=2866, routed)        1.701     2.997    student_top_inst/bridge_inst/dram_driver_inst/Mem_DRAM/U0/inst_blk_mem_gen/gnbram.gnativebmg.native_blk_mem_gen/valid.cstr/ramloop[46].ram.r/prim_init.ram/clka
    RAMB36_X1Y7          RAMB36E1                                     r  student_top_inst/bridge_inst/dram_driver_inst/Mem_DRAM/U0/inst_blk_mem_gen/gnbram.gnativebmg.native_blk_mem_gen/valid.cstr/ramloop[46].ram.r/prim_init.ram/DEVICE_7SERIES.NO_BMM_INFO.TRUE_DP.SIMPLE_PRIM36.ram/CLKARDCLK
                         clock pessimism             -0.446     2.551    
                         clock uncertainty           -0.055     2.496    
    RAMB36_X1Y7          RAMB36E1 (Setup_ramb36e1_CLKARDCLK_ADDRARDADDR[9])
                                                     -0.416     2.080    student_top_inst/bridge_inst/dram_driver_inst/Mem_DRAM/U0/inst_blk_mem_gen/gnbram.gnativebmg.native_blk_mem_gen/valid.cstr/ramloop[46].ram.r/prim_init.ram/DEVICE_7SERIES.NO_BMM_INFO.TRUE_DP.SIMPLE_PRIM36.ram
  -------------------------------------------------------------------
                         required time                          2.080    
                         arrival time                          -2.015    
  -------------------------------------------------------------------
                         slack                                  0.066    

Slack (MET) :             0.066ns  (required time - arrival time)
  Source:                 student_top_inst/Core_cpu/cpu_core/ex_mem_inst/dff_mem_wd_addr/data_o_reg[8]/C
                            (rising edge-triggered cell FDRE clocked by clk_out2_pll  {rise@0.000ns fall@2.333ns period=4.667ns})
  Destination:            student_top_inst/bridge_inst/dram_driver_inst/Mem_DRAM/U0/inst_blk_mem_gen/gnbram.gnativebmg.native_blk_mem_gen/valid.cstr/ramloop[36].ram.r/prim_init.ram/DEVICE_7SERIES.NO_BMM_INFO.TRUE_DP.SIMPLE_PRIM36.ram/ADDRARDADDR[9]
                            (rising edge-triggered cell RAMB36E1 clocked by clk_out2_pll  {rise@0.000ns fall@2.333ns period=4.667ns})
  Path Group:             clk_out2_pll
  Path Type:              Setup (Max at Slow Process Corner)
  Requirement:            4.667ns  (clk_out2_pll rise@4.667ns - clk_out2_pll rise@0.000ns)
  Data Path Delay:        4.288ns  (logic 0.259ns (6.040%)  route 4.029ns (93.960%))
  Logic Levels:           0  
  Clock Path Skew:        0.158ns (DCD - SCD + CPR)
    Destination Clock Delay (DCD):    -1.665ns = ( 3.002 - 4.667 ) 
    Source Clock Delay      (SCD):    -2.268ns
    Clock Pessimism Removal (CPR):    -0.446ns
  Clock Uncertainty:      0.055ns  ((TSJ^2 + DJ^2)^1/2) / 2 + PE
    Total System Jitter     (TSJ):    0.071ns
    Discrete Jitter          (DJ):    0.083ns
    Phase Error              (PE):    0.000ns

    Location             Delay type                Incr(ns)  Path(ns)    Netlist Resource(s)
  -------------------------------------------------------------------    -------------------
                         (clock clk_out2_pll rise edge)
                                                      0.000     0.000 r  
    AD12                                              0.000     0.000 r  i_sys_clk_p (IN)
                         net (fo=0)                   0.000     0.000    pll_inst/inst/clk_in1_p
    AD12                 IBUFDS (Prop_ibufds_I_O)     0.906     0.906 r  pll_inst/inst/clkin1_ibufgds/O
                         net (fo=1, routed)           1.098     2.004    pll_inst/inst/clk_in1_pll
    PLLE2_ADV_X1Y1       PLLE2_ADV (Prop_plle2_adv_CLKIN1_CLKOUT1)
                                                     -8.058    -6.054 r  pll_inst/inst/plle2_adv_inst/CLKOUT1
                         net (fo=1, routed)           2.128    -3.926    pll_inst/inst/clk_out2_pll
    BUFGCTRL_X0Y0        BUFG (Prop_bufg_I_O)         0.093    -3.833 r  pll_inst/inst/clkout2_buf/O
                         net (fo=2866, routed)        1.565    -2.268    student_top_inst/Core_cpu/cpu_core/ex_mem_inst/dff_mem_wd_addr/clk_out2
    SLICE_X66Y96         FDRE                                         r  student_top_inst/Core_cpu/cpu_core/ex_mem_inst/dff_mem_wd_addr/data_o_reg[8]/C
  -------------------------------------------------------------------    -------------------
    SLICE_X66Y96         FDRE (Prop_fdre_C_Q)         0.259    -2.009 r  student_top_inst/Core_cpu/cpu_core/ex_mem_inst/dff_mem_wd_addr/data_o_reg[8]/Q
                         net (fo=65, routed)          4.029     2.020    student_top_inst/bridge_inst/dram_driver_inst/Mem_DRAM/U0/inst_blk_mem_gen/gnbram.gnativebmg.native_blk_mem_gen/valid.cstr/ramloop[36].ram.r/prim_init.ram/addra[6]
    RAMB36_X0Y8          RAMB36E1                                     r  student_top_inst/bridge_inst/dram_driver_inst/Mem_DRAM/U0/inst_blk_mem_gen/gnbram.gnativebmg.native_blk_mem_gen/valid.cstr/ramloop[36].ram.r/prim_init.ram/DEVICE_7SERIES.NO_BMM_INFO.TRUE_DP.SIMPLE_PRIM36.ram/ADDRARDADDR[9]
  -------------------------------------------------------------------    -------------------

                         (clock clk_out2_pll rise edge)
                                                      4.667     4.667 r  
    AD12                                              0.000     4.667 r  i_sys_clk_p (IN)
                         net (fo=0)                   0.000     4.667    pll_inst/inst/clk_in1_p
    AD12                 IBUFDS (Prop_ibufds_I_O)     0.803     5.470 r  pll_inst/inst/clkin1_ibufgds/O
                         net (fo=1, routed)           1.001     6.471    pll_inst/inst/clk_in1_pll
    PLLE2_ADV_X1Y1       PLLE2_ADV (Prop_plle2_adv_CLKIN1_CLKOUT1)
                                                     -7.261    -0.790 r  pll_inst/inst/plle2_adv_inst/CLKOUT1
                         net (fo=1, routed)           2.003     1.213    pll_inst/inst/clk_out2_pll
    BUFGCTRL_X0Y0        BUFG (Prop_bufg_I_O)         0.083     1.296 r  pll_inst/inst/clkout2_buf/O
                         net (fo=2866, routed)        1.706     3.002    student_top_inst/bridge_inst/dram_driver_inst/Mem_DRAM/U0/inst_blk_mem_gen/gnbram.gnativebmg.native_blk_mem_gen/valid.cstr/ramloop[36].ram.r/prim_init.ram/clka
    RAMB36_X0Y8          RAMB36E1                                     r  student_top_inst/bridge_inst/dram_driver_inst/Mem_DRAM/U0/inst_blk_mem_gen/gnbram.gnativebmg.native_blk_mem_gen/valid.cstr/ramloop[36].ram.r/prim_init.ram/DEVICE_7SERIES.NO_BMM_INFO.TRUE_DP.SIMPLE_PRIM36.ram/CLKARDCLK
                         clock pessimism             -0.446     2.556    
                         clock uncertainty           -0.055     2.501    
    RAMB36_X0Y8          RAMB36E1 (Setup_ramb36e1_CLKARDCLK_ADDRARDADDR[9])
                                                     -0.416     2.085    student_top_inst/bridge_inst/dram_driver_inst/Mem_DRAM/U0/inst_blk_mem_gen/gnbram.gnativebmg.native_blk_mem_gen/valid.cstr/ramloop[36].ram.r/prim_init.ram/DEVICE_7SERIES.NO_BMM_INFO.TRUE_DP.SIMPLE_PRIM36.ram
  -------------------------------------------------------------------
                         required time                          2.085    
                         arrival time                          -2.020    
  -------------------------------------------------------------------
                         slack                                  0.066    

Slack (MET) :             0.066ns  (required time - arrival time)
  Source:                 student_top_inst/Core_cpu/cpu_core/ex_mem_inst/dff_mem_wd_addr/data_o_reg[8]/C
                            (rising edge-triggered cell FDRE clocked by clk_out2_pll  {rise@0.000ns fall@2.333ns period=4.667ns})
  Destination:            student_top_inst/bridge_inst/dram_driver_inst/Mem_DRAM/U0/inst_blk_mem_gen/gnbram.gnativebmg.native_blk_mem_gen/valid.cstr/ramloop[36].ram.r/prim_init.ram/DEVICE_7SERIES.NO_BMM_INFO.TRUE_DP.SIMPLE_PRIM36.ram/ADDRARDADDR[9]
                            (rising edge-triggered cell RAMB36E1 clocked by clk_out2_pll  {rise@0.000ns fall@2.333ns period=4.667ns})
  Path Group:             clk_out2_pll
  Path Type:              Setup (Max at Slow Process Corner)
  Requirement:            4.667ns  (clk_out2_pll rise@4.667ns - clk_out2_pll rise@0.000ns)
  Data Path Delay:        4.288ns  (logic 0.259ns (6.040%)  route 4.029ns (93.960%))
  Logic Levels:           0  
  Clock Path Skew:        0.158ns (DCD - SCD + CPR)
    Destination Clock Delay (DCD):    -1.665ns = ( 3.002 - 4.667 ) 
    Source Clock Delay      (SCD):    -2.268ns
    Clock Pessimism Removal (CPR):    -0.446ns
  Clock Uncertainty:      0.055ns  ((TSJ^2 + DJ^2)^1/2) / 2 + PE
    Total System Jitter     (TSJ):    0.071ns
    Discrete Jitter          (DJ):    0.083ns
    Phase Error              (PE):    0.000ns

    Location             Delay type                Incr(ns)  Path(ns)    Netlist Resource(s)
  -------------------------------------------------------------------    -------------------
                         (clock clk_out2_pll rise edge)
                                                      0.000     0.000 r  
    AD12                                              0.000     0.000 r  i_sys_clk_p (IN)
                         net (fo=0)                   0.000     0.000    pll_inst/inst/clk_in1_p
    AD12                 IBUFDS (Prop_ibufds_I_O)     0.906     0.906 r  pll_inst/inst/clkin1_ibufgds/O
                         net (fo=1, routed)           1.098     2.004    pll_inst/inst/clk_in1_pll
    PLLE2_ADV_X1Y1       PLLE2_ADV (Prop_plle2_adv_CLKIN1_CLKOUT1)
                                                     -8.058    -6.054 r  pll_inst/inst/plle2_adv_inst/CLKOUT1
                         net (fo=1, routed)           2.128    -3.926    pll_inst/inst/clk_out2_pll
    BUFGCTRL_X0Y0        BUFG (Prop_bufg_I_O)         0.093    -3.833 r  pll_inst/inst/clkout2_buf/O
                         net (fo=2866, routed)        1.565    -2.268    student_top_inst/Core_cpu/cpu_core/ex_mem_inst/dff_mem_wd_addr/clk_out2
    SLICE_X66Y96         FDRE                                         r  student_top_inst/Core_cpu/cpu_core/ex_mem_inst/dff_mem_wd_addr/data_o_reg[8]/C
  -------------------------------------------------------------------    -------------------
    SLICE_X66Y96         FDRE (Prop_fdre_C_Q)         0.259    -2.009 f  student_top_inst/Core_cpu/cpu_core/ex_mem_inst/dff_mem_wd_addr/data_o_reg[8]/Q
                         net (fo=65, routed)          4.029     2.020    student_top_inst/bridge_inst/dram_driver_inst/Mem_DRAM/U0/inst_blk_mem_gen/gnbram.gnativebmg.native_blk_mem_gen/valid.cstr/ramloop[36].ram.r/prim_init.ram/addra[6]
    RAMB36_X0Y8          RAMB36E1                                     f  student_top_inst/bridge_inst/dram_driver_inst/Mem_DRAM/U0/inst_blk_mem_gen/gnbram.gnativebmg.native_blk_mem_gen/valid.cstr/ramloop[36].ram.r/prim_init.ram/DEVICE_7SERIES.NO_BMM_INFO.TRUE_DP.SIMPLE_PRIM36.ram/ADDRARDADDR[9]
  -------------------------------------------------------------------    -------------------

                         (clock clk_out2_pll rise edge)
                                                      4.667     4.667 r  
    AD12                                              0.000     4.667 r  i_sys_clk_p (IN)
                         net (fo=0)                   0.000     4.667    pll_inst/inst/clk_in1_p
    AD12                 IBUFDS (Prop_ibufds_I_O)     0.803     5.470 r  pll_inst/inst/clkin1_ibufgds/O
                         net (fo=1, routed)           1.001     6.471    pll_inst/inst/clk_in1_pll
    PLLE2_ADV_X1Y1       PLLE2_ADV (Prop_plle2_adv_CLKIN1_CLKOUT1)
                                                     -7.261    -0.790 r  pll_inst/inst/plle2_adv_inst/CLKOUT1
                         net (fo=1, routed)           2.003     1.213    pll_inst/inst/clk_out2_pll
    BUFGCTRL_X0Y0        BUFG (Prop_bufg_I_O)         0.083     1.296 r  pll_inst/inst/clkout2_buf/O
                         net (fo=2866, routed)        1.706     3.002    student_top_inst/bridge_inst/dram_driver_inst/Mem_DRAM/U0/inst_blk_mem_gen/gnbram.gnativebmg.native_blk_mem_gen/valid.cstr/ramloop[36].ram.r/prim_init.ram/clka
    RAMB36_X0Y8          RAMB36E1                                     r  student_top_inst/bridge_inst/dram_driver_inst/Mem_DRAM/U0/inst_blk_mem_gen/gnbram.gnativebmg.native_blk_mem_gen/valid.cstr/ramloop[36].ram.r/prim_init.ram/DEVICE_7SERIES.NO_BMM_INFO.TRUE_DP.SIMPLE_PRIM36.ram/CLKARDCLK
                         clock pessimism             -0.446     2.556    
                         clock uncertainty           -0.055     2.501    
    RAMB36_X0Y8          RAMB36E1 (Setup_ramb36e1_CLKARDCLK_ADDRARDADDR[9])
                                                     -0.416     2.085    student_top_inst/bridge_inst/dram_driver_inst/Mem_DRAM/U0/inst_blk_mem_gen/gnbram.gnativebmg.native_blk_mem_gen/valid.cstr/ramloop[36].ram.r/prim_init.ram/DEVICE_7SERIES.NO_BMM_INFO.TRUE_DP.SIMPLE_PRIM36.ram
  -------------------------------------------------------------------
                         required time                          2.085    
                         arrival time                          -2.020    
  -------------------------------------------------------------------
                         slack                                  0.066    

Slack (MET) :             0.067ns  (required time - arrival time)
  Source:                 student_top_inst/Core_cpu/cpu_core/ex_mem_inst/dff_mem_rd_addr/data_o_reg[3]/C
                            (rising edge-triggered cell FDRE clocked by clk_out2_pll  {rise@0.000ns fall@2.333ns period=4.667ns})
  Destination:            student_top_inst/bridge_inst/dram_driver_inst/Mem_DRAM/U0/inst_blk_mem_gen/gnbram.gnativebmg.native_blk_mem_gen/valid.cstr/ramloop[41].ram.r/prim_init.ram/DEVICE_7SERIES.NO_BMM_INFO.TRUE_DP.SIMPLE_PRIM36.ram/ADDRBWRADDR[4]
                            (rising edge-triggered cell RAMB36E1 clocked by clk_out2_pll  {rise@0.000ns fall@2.333ns period=4.667ns})
  Path Group:             clk_out2_pll
  Path Type:              Setup (Max at Slow Process Corner)
  Requirement:            4.667ns  (clk_out2_pll rise@4.667ns - clk_out2_pll rise@0.000ns)
  Data Path Delay:        4.274ns  (logic 0.223ns (5.217%)  route 4.051ns (94.783%))
  Logic Levels:           0  
  Clock Path Skew:        0.145ns (DCD - SCD + CPR)
    Destination Clock Delay (DCD):    -1.678ns = ( 2.989 - 4.667 ) 
    Source Clock Delay      (SCD):    -2.268ns
    Clock Pessimism Removal (CPR):    -0.446ns
  Clock Uncertainty:      0.055ns  ((TSJ^2 + DJ^2)^1/2) / 2 + PE
    Total System Jitter     (TSJ):    0.071ns
    Discrete Jitter          (DJ):    0.083ns
    Phase Error              (PE):    0.000ns

    Location             Delay type                Incr(ns)  Path(ns)    Netlist Resource(s)
  -------------------------------------------------------------------    -------------------
                         (clock clk_out2_pll rise edge)
                                                      0.000     0.000 r  
    AD12                                              0.000     0.000 r  i_sys_clk_p (IN)
                         net (fo=0)                   0.000     0.000    pll_inst/inst/clk_in1_p
    AD12                 IBUFDS (Prop_ibufds_I_O)     0.906     0.906 r  pll_inst/inst/clkin1_ibufgds/O
                         net (fo=1, routed)           1.098     2.004    pll_inst/inst/clk_in1_pll
    PLLE2_ADV_X1Y1       PLLE2_ADV (Prop_plle2_adv_CLKIN1_CLKOUT1)
                                                     -8.058    -6.054 r  pll_inst/inst/plle2_adv_inst/CLKOUT1
                         net (fo=1, routed)           2.128    -3.926    pll_inst/inst/clk_out2_pll
    BUFGCTRL_X0Y0        BUFG (Prop_bufg_I_O)         0.093    -3.833 r  pll_inst/inst/clkout2_buf/O
                         net (fo=2866, routed)        1.565    -2.268    student_top_inst/Core_cpu/cpu_core/ex_mem_inst/dff_mem_rd_addr/clk_out2
    SLICE_X64Y95         FDRE                                         r  student_top_inst/Core_cpu/cpu_core/ex_mem_inst/dff_mem_rd_addr/data_o_reg[3]/C
  -------------------------------------------------------------------    -------------------
    SLICE_X64Y95         FDRE (Prop_fdre_C_Q)         0.223    -2.045 r  student_top_inst/Core_cpu/cpu_core/ex_mem_inst/dff_mem_rd_addr/data_o_reg[3]/Q
                         net (fo=65, routed)          4.051     2.006    student_top_inst/bridge_inst/dram_driver_inst/Mem_DRAM/U0/inst_blk_mem_gen/gnbram.gnativebmg.native_blk_mem_gen/valid.cstr/ramloop[41].ram.r/prim_init.ram/addrb[1]
    RAMB36_X0Y5          RAMB36E1                                     r  student_top_inst/bridge_inst/dram_driver_inst/Mem_DRAM/U0/inst_blk_mem_gen/gnbram.gnativebmg.native_blk_mem_gen/valid.cstr/ramloop[41].ram.r/prim_init.ram/DEVICE_7SERIES.NO_BMM_INFO.TRUE_DP.SIMPLE_PRIM36.ram/ADDRBWRADDR[4]
  -------------------------------------------------------------------    -------------------

                         (clock clk_out2_pll rise edge)
                                                      4.667     4.667 r  
    AD12                                              0.000     4.667 r  i_sys_clk_p (IN)
                         net (fo=0)                   0.000     4.667    pll_inst/inst/clk_in1_p
    AD12                 IBUFDS (Prop_ibufds_I_O)     0.803     5.470 r  pll_inst/inst/clkin1_ibufgds/O
                         net (fo=1, routed)           1.001     6.471    pll_inst/inst/clk_in1_pll
    PLLE2_ADV_X1Y1       PLLE2_ADV (Prop_plle2_adv_CLKIN1_CLKOUT1)
                                                     -7.261    -0.790 r  pll_inst/inst/plle2_adv_inst/CLKOUT1
                         net (fo=1, routed)           2.003     1.213    pll_inst/inst/clk_out2_pll
    BUFGCTRL_X0Y0        BUFG (Prop_bufg_I_O)         0.083     1.296 r  pll_inst/inst/clkout2_buf/O
                         net (fo=2866, routed)        1.693     2.989    student_top_inst/bridge_inst/dram_driver_inst/Mem_DRAM/U0/inst_blk_mem_gen/gnbram.gnativebmg.native_blk_mem_gen/valid.cstr/ramloop[41].ram.r/prim_init.ram/clka
    RAMB36_X0Y5          RAMB36E1                                     r  student_top_inst/bridge_inst/dram_driver_inst/Mem_DRAM/U0/inst_blk_mem_gen/gnbram.gnativebmg.native_blk_mem_gen/valid.cstr/ramloop[41].ram.r/prim_init.ram/DEVICE_7SERIES.NO_BMM_INFO.TRUE_DP.SIMPLE_PRIM36.ram/CLKBWRCLK
                         clock pessimism             -0.446     2.543    
                         clock uncertainty           -0.055     2.488    
    RAMB36_X0Y5          RAMB36E1 (Setup_ramb36e1_CLKBWRCLK_ADDRBWRADDR[4])
                                                     -0.416     2.072    student_top_inst/bridge_inst/dram_driver_inst/Mem_DRAM/U0/inst_blk_mem_gen/gnbram.gnativebmg.native_blk_mem_gen/valid.cstr/ramloop[41].ram.r/prim_init.ram/DEVICE_7SERIES.NO_BMM_INFO.TRUE_DP.SIMPLE_PRIM36.ram
  -------------------------------------------------------------------
                         required time                          2.072    
                         arrival time                          -2.006    
  -------------------------------------------------------------------
                         slack                                  0.067    

Slack (MET) :             16.563ns  (required time - arrival time)
  Source:                 uart_inst/rx_data_reg[1]/C
                            (rising edge-triggered cell FDCE clocked by clk_out1_pll  {rise@0.000ns fall@10.000ns period=20.000ns})
  Destination:            twin_controller_inst/sw_reg[30]/D
                            (rising edge-triggered cell FDCE clocked by clk_out1_pll  {rise@0.000ns fall@10.000ns period=20.000ns})
  Path Group:             clk_out1_pll
  Path Type:              Setup (Max at Slow Process Corner)
  Requirement:            20.000ns  (clk_out1_pll rise@20.000ns - clk_out1_pll rise@0.000ns)
  Data Path Delay:        3.364ns  (logic 0.530ns (15.755%)  route 2.834ns (84.245%))
  Logic Levels:           4  (LUT2=1 LUT3=1 LUT6=2)
  Clock Path Skew:        -0.042ns (DCD - SCD + CPR)
    Destination Clock Delay (DCD):    -1.945ns = ( 18.055 - 20.000 ) 
    Source Clock Delay      (SCD):    -2.275ns
    Clock Pessimism Removal (CPR):    -0.373ns
  Clock Uncertainty:      0.065ns  ((TSJ^2 + DJ^2)^1/2) / 2 + PE
    Total System Jitter     (TSJ):    0.071ns
    Discrete Jitter          (DJ):    0.108ns
    Phase Error              (PE):    0.000ns

    Location             Delay type                Incr(ns)  Path(ns)    Netlist Resource(s)
  -------------------------------------------------------------------    -------------------
                         (clock clk_out1_pll rise edge)
                                                      0.000     0.000 r  
    AD12                                              0.000     0.000 r  i_sys_clk_p (IN)
                         net (fo=0)                   0.000     0.000    pll_inst/inst/clk_in1_p
    AD12                 IBUFDS (Prop_ibufds_I_O)     0.906     0.906 r  pll_inst/inst/clkin1_ibufgds/O
                         net (fo=1, routed)           1.098     2.004    pll_inst/inst/clk_in1_pll
    PLLE2_ADV_X1Y1       PLLE2_ADV (Prop_plle2_adv_CLKIN1_CLKOUT0)
                                                     -8.058    -6.054 r  pll_inst/inst/plle2_adv_inst/CLKOUT0
                         net (fo=1, routed)           2.128    -3.926    pll_inst/inst/clk_out1_pll
    BUFGCTRL_X0Y1        BUFG (Prop_bufg_I_O)         0.093    -3.833 r  pll_inst/inst/clkout1_buf/O
                         net (fo=546, routed)         1.558    -2.275    uart_inst/clk_out1
    SLICE_X74Y86         FDCE                                         r  uart_inst/rx_data_reg[1]/C
  -------------------------------------------------------------------    -------------------
    SLICE_X74Y86         FDCE (Prop_fdce_C_Q)         0.259    -2.016 f  uart_inst/rx_data_reg[1]/Q
                         net (fo=47, routed)          0.874    -1.142    uart_inst/rx_data[1]
    SLICE_X69Y84         LUT3 (Prop_lut3_I2_O)        0.049    -1.093 r  uart_inst/sw[63]_i_4/O
                         net (fo=3, routed)           0.251    -0.842    uart_inst/sw[63]_i_4_n_0
    SLICE_X69Y84         LUT6 (Prop_lut6_I1_O)        0.136    -0.706 r  uart_inst/sw[62]_i_4/O
                         net (fo=4, routed)           0.546    -0.160    uart_inst/sw[62]_i_4_n_0
    SLICE_X69Y83         LUT2 (Prop_lut2_I0_O)        0.043    -0.117 r  uart_inst/sw[62]_i_3/O
                         net (fo=32, routed)          1.163     1.046    uart_inst/sw[62]_i_3_n_0
    SLICE_X64Y86         LUT6 (Prop_lut6_I2_O)        0.043     1.089 r  uart_inst/sw[30]_i_1/O
                         net (fo=1, routed)           0.000     1.089    twin_controller_inst/sw_reg[30]_0
    SLICE_X64Y86         FDCE                                         r  twin_controller_inst/sw_reg[30]/D
  -------------------------------------------------------------------    -------------------

                         (clock clk_out1_pll rise edge)
                                                     20.000    20.000 r  
    AD12                                              0.000    20.000 r  i_sys_clk_p (IN)
                         net (fo=0)                   0.000    20.000    pll_inst/inst/clk_in1_p
    AD12                 IBUFDS (Prop_ibufds_I_O)     0.803    20.803 r  pll_inst/inst/clkin1_ibufgds/O
                         net (fo=1, routed)           1.001    21.804    pll_inst/inst/clk_in1_pll
    PLLE2_ADV_X1Y1       PLLE2_ADV (Prop_plle2_adv_CLKIN1_CLKOUT0)
                                                     -7.261    14.543 r  pll_inst/inst/plle2_adv_inst/CLKOUT0
                         net (fo=1, routed)           2.003    16.546    pll_inst/inst/clk_out1_pll
    BUFGCTRL_X0Y1        BUFG (Prop_bufg_I_O)         0.083    16.629 r  pll_inst/inst/clkout1_buf/O
                         net (fo=546, routed)         1.426    18.055    twin_controller_inst/CLK
    SLICE_X64Y86         FDCE                                         r  twin_controller_inst/sw_reg[30]/C
                         clock pessimism             -0.373    17.683    
                         clock uncertainty           -0.065    17.618    
    SLICE_X64Y86         FDCE (Setup_fdce_C_D)        0.034    17.652    twin_controller_inst/sw_reg[30]
  -------------------------------------------------------------------
                         required time                         17.652    
                         arrival time                          -1.089    
  -------------------------------------------------------------------
                         slack                                 16.563    

Slack (MET) :             16.563ns  (required time - arrival time)
  Source:                 uart_inst/rx_data_reg[1]/C
                            (rising edge-triggered cell FDCE clocked by clk_out1_pll  {rise@0.000ns fall@10.000ns period=20.000ns})
  Destination:            twin_controller_inst/sw_reg[30]/D
                            (rising edge-triggered cell FDCE clocked by clk_out1_pll  {rise@0.000ns fall@10.000ns period=20.000ns})
  Path Group:             clk_out1_pll
  Path Type:              Setup (Max at Slow Process Corner)
  Requirement:            20.000ns  (clk_out1_pll rise@20.000ns - clk_out1_pll rise@0.000ns)
  Data Path Delay:        3.364ns  (logic 0.530ns (15.755%)  route 2.834ns (84.245%))
  Logic Levels:           4  (LUT2=1 LUT3=1 LUT6=2)
  Clock Path Skew:        -0.042ns (DCD - SCD + CPR)
    Destination Clock Delay (DCD):    -1.945ns = ( 18.055 - 20.000 ) 
    Source Clock Delay      (SCD):    -2.275ns
    Clock Pessimism Removal (CPR):    -0.373ns
  Clock Uncertainty:      0.065ns  ((TSJ^2 + DJ^2)^1/2) / 2 + PE
    Total System Jitter     (TSJ):    0.071ns
    Discrete Jitter          (DJ):    0.108ns
    Phase Error              (PE):    0.000ns

    Location             Delay type                Incr(ns)  Path(ns)    Netlist Resource(s)
  -------------------------------------------------------------------    -------------------
                         (clock clk_out1_pll rise edge)
                                                      0.000     0.000 r  
    AD12                                              0.000     0.000 r  i_sys_clk_p (IN)
                         net (fo=0)                   0.000     0.000    pll_inst/inst/clk_in1_p
    AD12                 IBUFDS (Prop_ibufds_I_O)     0.906     0.906 r  pll_inst/inst/clkin1_ibufgds/O
                         net (fo=1, routed)           1.098     2.004    pll_inst/inst/clk_in1_pll
    PLLE2_ADV_X1Y1       PLLE2_ADV (Prop_plle2_adv_CLKIN1_CLKOUT0)
                                                     -8.058    -6.054 r  pll_inst/inst/plle2_adv_inst/CLKOUT0
                         net (fo=1, routed)           2.128    -3.926    pll_inst/inst/clk_out1_pll
    BUFGCTRL_X0Y1        BUFG (Prop_bufg_I_O)         0.093    -3.833 r  pll_inst/inst/clkout1_buf/O
                         net (fo=546, routed)         1.558    -2.275    uart_inst/clk_out1
    SLICE_X74Y86         FDCE                                         r  uart_inst/rx_data_reg[1]/C
  -------------------------------------------------------------------    -------------------
    SLICE_X74Y86         FDCE (Prop_fdce_C_Q)         0.259    -2.016 r  uart_inst/rx_data_reg[1]/Q
                         net (fo=47, routed)          0.874    -1.142    uart_inst/rx_data[1]
    SLICE_X69Y84         LUT3 (Prop_lut3_I2_O)        0.049    -1.093 f  uart_inst/sw[63]_i_4/O
                         net (fo=3, routed)           0.251    -0.842    uart_inst/sw[63]_i_4_n_0
    SLICE_X69Y84         LUT6 (Prop_lut6_I1_O)        0.136    -0.706 r  uart_inst/sw[62]_i_4/O
                         net (fo=4, routed)           0.546    -0.160    uart_inst/sw[62]_i_4_n_0
    SLICE_X69Y83         LUT2 (Prop_lut2_I0_O)        0.043    -0.117 r  uart_inst/sw[62]_i_3/O
                         net (fo=32, routed)          1.163     1.046    uart_inst/sw[62]_i_3_n_0
    SLICE_X64Y86         LUT6 (Prop_lut6_I2_O)        0.043     1.089 r  uart_inst/sw[30]_i_1/O
                         net (fo=1, routed)           0.000     1.089    twin_controller_inst/sw_reg[30]_0
    SLICE_X64Y86         FDCE                                         r  twin_controller_inst/sw_reg[30]/D
  -------------------------------------------------------------------    -------------------

                         (clock clk_out1_pll rise edge)
                                                     20.000    20.000 r  
    AD12                                              0.000    20.000 r  i_sys_clk_p (IN)
                         net (fo=0)                   0.000    20.000    pll_inst/inst/clk_in1_p
    AD12                 IBUFDS (Prop_ibufds_I_O)     0.803    20.803 r  pll_inst/inst/clkin1_ibufgds/O
                         net (fo=1, routed)           1.001    21.804    pll_inst/inst/clk_in1_pll
    PLLE2_ADV_X1Y1       PLLE2_ADV (Prop_plle2_adv_CLKIN1_CLKOUT0)
                                                     -7.261    14.543 r  pll_inst/inst/plle2_adv_inst/CLKOUT0
                         net (fo=1, routed)           2.003    16.546    pll_inst/inst/clk_out1_pll
    BUFGCTRL_X0Y1        BUFG (Prop_bufg_I_O)         0.083    16.629 r  pll_inst/inst/clkout1_buf/O
                         net (fo=546, routed)         1.426    18.055    twin_controller_inst/CLK
    SLICE_X64Y86         FDCE                                         r  twin_controller_inst/sw_reg[30]/C
                         clock pessimism             -0.373    17.683    
                         clock uncertainty           -0.065    17.618    
    SLICE_X64Y86         FDCE (Setup_fdce_C_D)        0.034    17.652    twin_controller_inst/sw_reg[30]
  -------------------------------------------------------------------
                         required time                         17.652    
                         arrival time                          -1.089    
  -------------------------------------------------------------------
                         slack                                 16.563    

Slack (MET) :             16.563ns  (required time - arrival time)
  Source:                 uart_inst/rx_data_reg[1]/C
                            (rising edge-triggered cell FDCE clocked by clk_out1_pll  {rise@0.000ns fall@10.000ns period=20.000ns})
  Destination:            twin_controller_inst/sw_reg[30]/D
                            (rising edge-triggered cell FDCE clocked by clk_out1_pll  {rise@0.000ns fall@10.000ns period=20.000ns})
  Path Group:             clk_out1_pll
  Path Type:              Setup (Max at Slow Process Corner)
  Requirement:            20.000ns  (clk_out1_pll rise@20.000ns - clk_out1_pll rise@0.000ns)
  Data Path Delay:        3.364ns  (logic 0.530ns (15.755%)  route 2.834ns (84.245%))
  Logic Levels:           4  (LUT2=1 LUT3=1 LUT6=2)
  Clock Path Skew:        -0.042ns (DCD - SCD + CPR)
    Destination Clock Delay (DCD):    -1.945ns = ( 18.055 - 20.000 ) 
    Source Clock Delay      (SCD):    -2.275ns
    Clock Pessimism Removal (CPR):    -0.373ns
  Clock Uncertainty:      0.065ns  ((TSJ^2 + DJ^2)^1/2) / 2 + PE
    Total System Jitter     (TSJ):    0.071ns
    Discrete Jitter          (DJ):    0.108ns
    Phase Error              (PE):    0.000ns

    Location             Delay type                Incr(ns)  Path(ns)    Netlist Resource(s)
  -------------------------------------------------------------------    -------------------
                         (clock clk_out1_pll rise edge)
                                                      0.000     0.000 r  
    AD12                                              0.000     0.000 r  i_sys_clk_p (IN)
                         net (fo=0)                   0.000     0.000    pll_inst/inst/clk_in1_p
    AD12                 IBUFDS (Prop_ibufds_I_O)     0.906     0.906 r  pll_inst/inst/clkin1_ibufgds/O
                         net (fo=1, routed)           1.098     2.004    pll_inst/inst/clk_in1_pll
    PLLE2_ADV_X1Y1       PLLE2_ADV (Prop_plle2_adv_CLKIN1_CLKOUT0)
                                                     -8.058    -6.054 r  pll_inst/inst/plle2_adv_inst/CLKOUT0
                         net (fo=1, routed)           2.128    -3.926    pll_inst/inst/clk_out1_pll
    BUFGCTRL_X0Y1        BUFG (Prop_bufg_I_O)         0.093    -3.833 r  pll_inst/inst/clkout1_buf/O
                         net (fo=546, routed)         1.558    -2.275    uart_inst/clk_out1
    SLICE_X74Y86         FDCE                                         r  uart_inst/rx_data_reg[1]/C
  -------------------------------------------------------------------    -------------------
    SLICE_X74Y86         FDCE (Prop_fdce_C_Q)         0.259    -2.016 f  uart_inst/rx_data_reg[1]/Q
                         net (fo=47, routed)          0.874    -1.142    uart_inst/rx_data[1]
    SLICE_X69Y84         LUT3 (Prop_lut3_I2_O)        0.049    -1.093 r  uart_inst/sw[63]_i_4/O
                         net (fo=3, routed)           0.251    -0.842    uart_inst/sw[63]_i_4_n_0
    SLICE_X69Y84         LUT6 (Prop_lut6_I1_O)        0.136    -0.706 f  uart_inst/sw[62]_i_4/O
                         net (fo=4, routed)           0.546    -0.160    uart_inst/sw[62]_i_4_n_0
    SLICE_X69Y83         LUT2 (Prop_lut2_I0_O)        0.043    -0.117 f  uart_inst/sw[62]_i_3/O
                         net (fo=32, routed)          1.163     1.046    uart_inst/sw[62]_i_3_n_0
    SLICE_X64Y86         LUT6 (Prop_lut6_I2_O)        0.043     1.089 r  uart_inst/sw[30]_i_1/O
                         net (fo=1, routed)           0.000     1.089    twin_controller_inst/sw_reg[30]_0
    SLICE_X64Y86         FDCE                                         r  twin_controller_inst/sw_reg[30]/D
  -------------------------------------------------------------------    -------------------

                         (clock clk_out1_pll rise edge)
                                                     20.000    20.000 r  
    AD12                                              0.000    20.000 r  i_sys_clk_p (IN)
                         net (fo=0)                   0.000    20.000    pll_inst/inst/clk_in1_p
    AD12                 IBUFDS (Prop_ibufds_I_O)     0.803    20.803 r  pll_inst/inst/clkin1_ibufgds/O
                         net (fo=1, routed)           1.001    21.804    pll_inst/inst/clk_in1_pll
    PLLE2_ADV_X1Y1       PLLE2_ADV (Prop_plle2_adv_CLKIN1_CLKOUT0)
                                                     -7.261    14.543 r  pll_inst/inst/plle2_adv_inst/CLKOUT0
                         net (fo=1, routed)           2.003    16.546    pll_inst/inst/clk_out1_pll
    BUFGCTRL_X0Y1        BUFG (Prop_bufg_I_O)         0.083    16.629 r  pll_inst/inst/clkout1_buf/O
                         net (fo=546, routed)         1.426    18.055    twin_controller_inst/CLK
    SLICE_X64Y86         FDCE                                         r  twin_controller_inst/sw_reg[30]/C
                         clock pessimism             -0.373    17.683    
                         clock uncertainty           -0.065    17.618    
    SLICE_X64Y86         FDCE (Setup_fdce_C_D)        0.034    17.652    twin_controller_inst/sw_reg[30]
  -------------------------------------------------------------------
                         required time                         17.652    
                         arrival time                          -1.089    
  -------------------------------------------------------------------
                         slack                                 16.563    

Slack (MET) :             16.563ns  (required time - arrival time)
  Source:                 uart_inst/rx_data_reg[1]/C
                            (rising edge-triggered cell FDCE clocked by clk_out1_pll  {rise@0.000ns fall@10.000ns period=20.000ns})
  Destination:            twin_controller_inst/sw_reg[30]/D
                            (rising edge-triggered cell FDCE clocked by clk_out1_pll  {rise@0.000ns fall@10.000ns period=20.000ns})
  Path Group:             clk_out1_pll
  Path Type:              Setup (Max at Slow Process Corner)
  Requirement:            20.000ns  (clk_out1_pll rise@20.000ns - clk_out1_pll rise@0.000ns)
  Data Path Delay:        3.364ns  (logic 0.530ns (15.755%)  route 2.834ns (84.245%))
  Logic Levels:           4  (LUT2=1 LUT3=1 LUT6=2)
  Clock Path Skew:        -0.042ns (DCD - SCD + CPR)
    Destination Clock Delay (DCD):    -1.945ns = ( 18.055 - 20.000 ) 
    Source Clock Delay      (SCD):    -2.275ns
    Clock Pessimism Removal (CPR):    -0.373ns
  Clock Uncertainty:      0.065ns  ((TSJ^2 + DJ^2)^1/2) / 2 + PE
    Total System Jitter     (TSJ):    0.071ns
    Discrete Jitter          (DJ):    0.108ns
    Phase Error              (PE):    0.000ns

    Location             Delay type                Incr(ns)  Path(ns)    Netlist Resource(s)
  -------------------------------------------------------------------    -------------------
                         (clock clk_out1_pll rise edge)
                                                      0.000     0.000 r  
    AD12                                              0.000     0.000 r  i_sys_clk_p (IN)
                         net (fo=0)                   0.000     0.000    pll_inst/inst/clk_in1_p
    AD12                 IBUFDS (Prop_ibufds_I_O)     0.906     0.906 r  pll_inst/inst/clkin1_ibufgds/O
                         net (fo=1, routed)           1.098     2.004    pll_inst/inst/clk_in1_pll
    PLLE2_ADV_X1Y1       PLLE2_ADV (Prop_plle2_adv_CLKIN1_CLKOUT0)
                                                     -8.058    -6.054 r  pll_inst/inst/plle2_adv_inst/CLKOUT0
                         net (fo=1, routed)           2.128    -3.926    pll_inst/inst/clk_out1_pll
    BUFGCTRL_X0Y1        BUFG (Prop_bufg_I_O)         0.093    -3.833 r  pll_inst/inst/clkout1_buf/O
                         net (fo=546, routed)         1.558    -2.275    uart_inst/clk_out1
    SLICE_X74Y86         FDCE                                         r  uart_inst/rx_data_reg[1]/C
  -------------------------------------------------------------------    -------------------
    SLICE_X74Y86         FDCE (Prop_fdce_C_Q)         0.259    -2.016 r  uart_inst/rx_data_reg[1]/Q
                         net (fo=47, routed)          0.874    -1.142    uart_inst/rx_data[1]
    SLICE_X69Y84         LUT3 (Prop_lut3_I2_O)        0.049    -1.093 f  uart_inst/sw[63]_i_4/O
                         net (fo=3, routed)           0.251    -0.842    uart_inst/sw[63]_i_4_n_0
    SLICE_X69Y84         LUT6 (Prop_lut6_I1_O)        0.136    -0.706 f  uart_inst/sw[62]_i_4/O
                         net (fo=4, routed)           0.546    -0.160    uart_inst/sw[62]_i_4_n_0
    SLICE_X69Y83         LUT2 (Prop_lut2_I0_O)        0.043    -0.117 f  uart_inst/sw[62]_i_3/O
                         net (fo=32, routed)          1.163     1.046    uart_inst/sw[62]_i_3_n_0
    SLICE_X64Y86         LUT6 (Prop_lut6_I2_O)        0.043     1.089 r  uart_inst/sw[30]_i_1/O
                         net (fo=1, routed)           0.000     1.089    twin_controller_inst/sw_reg[30]_0
    SLICE_X64Y86         FDCE                                         r  twin_controller_inst/sw_reg[30]/D
  -------------------------------------------------------------------    -------------------

                         (clock clk_out1_pll rise edge)
                                                     20.000    20.000 r  
    AD12                                              0.000    20.000 r  i_sys_clk_p (IN)
                         net (fo=0)                   0.000    20.000    pll_inst/inst/clk_in1_p
    AD12                 IBUFDS (Prop_ibufds_I_O)     0.803    20.803 r  pll_inst/inst/clkin1_ibufgds/O
                         net (fo=1, routed)           1.001    21.804    pll_inst/inst/clk_in1_pll
    PLLE2_ADV_X1Y1       PLLE2_ADV (Prop_plle2_adv_CLKIN1_CLKOUT0)
                                                     -7.261    14.543 r  pll_inst/inst/plle2_adv_inst/CLKOUT0
                         net (fo=1, routed)           2.003    16.546    pll_inst/inst/clk_out1_pll
    BUFGCTRL_X0Y1        BUFG (Prop_bufg_I_O)         0.083    16.629 r  pll_inst/inst/clkout1_buf/O
                         net (fo=546, routed)         1.426    18.055    twin_controller_inst/CLK
    SLICE_X64Y86         FDCE                                         r  twin_controller_inst/sw_reg[30]/C
                         clock pessimism             -0.373    17.683    
                         clock uncertainty           -0.065    17.618    
    SLICE_X64Y86         FDCE (Setup_fdce_C_D)        0.034    17.652    twin_controller_inst/sw_reg[30]
  -------------------------------------------------------------------
                         required time                         17.652    
                         arrival time                          -1.089    
  -------------------------------------------------------------------
                         slack                                 16.563    

Slack (MET) :             16.563ns  (required time - arrival time)
  Source:                 uart_inst/rx_data_reg[1]/C
                            (rising edge-triggered cell FDCE clocked by clk_out1_pll  {rise@0.000ns fall@10.000ns period=20.000ns})
  Destination:            twin_controller_inst/sw_reg[30]/D
                            (rising edge-triggered cell FDCE clocked by clk_out1_pll  {rise@0.000ns fall@10.000ns period=20.000ns})
  Path Group:             clk_out1_pll
  Path Type:              Setup (Max at Slow Process Corner)
  Requirement:            20.000ns  (clk_out1_pll rise@20.000ns - clk_out1_pll rise@0.000ns)
  Data Path Delay:        3.364ns  (logic 0.530ns (15.755%)  route 2.834ns (84.245%))
  Logic Levels:           4  (LUT2=1 LUT3=1 LUT6=2)
  Clock Path Skew:        -0.042ns (DCD - SCD + CPR)
    Destination Clock Delay (DCD):    -1.945ns = ( 18.055 - 20.000 ) 
    Source Clock Delay      (SCD):    -2.275ns
    Clock Pessimism Removal (CPR):    -0.373ns
  Clock Uncertainty:      0.065ns  ((TSJ^2 + DJ^2)^1/2) / 2 + PE
    Total System Jitter     (TSJ):    0.071ns
    Discrete Jitter          (DJ):    0.108ns
    Phase Error              (PE):    0.000ns

    Location             Delay type                Incr(ns)  Path(ns)    Netlist Resource(s)
  -------------------------------------------------------------------    -------------------
                         (clock clk_out1_pll rise edge)
                                                      0.000     0.000 r  
    AD12                                              0.000     0.000 r  i_sys_clk_p (IN)
                         net (fo=0)                   0.000     0.000    pll_inst/inst/clk_in1_p
    AD12                 IBUFDS (Prop_ibufds_I_O)     0.906     0.906 r  pll_inst/inst/clkin1_ibufgds/O
                         net (fo=1, routed)           1.098     2.004    pll_inst/inst/clk_in1_pll
    PLLE2_ADV_X1Y1       PLLE2_ADV (Prop_plle2_adv_CLKIN1_CLKOUT0)
                                                     -8.058    -6.054 r  pll_inst/inst/plle2_adv_inst/CLKOUT0
                         net (fo=1, routed)           2.128    -3.926    pll_inst/inst/clk_out1_pll
    BUFGCTRL_X0Y1        BUFG (Prop_bufg_I_O)         0.093    -3.833 r  pll_inst/inst/clkout1_buf/O
                         net (fo=546, routed)         1.558    -2.275    uart_inst/clk_out1
    SLICE_X74Y86         FDCE                                         r  uart_inst/rx_data_reg[1]/C
  -------------------------------------------------------------------    -------------------
    SLICE_X74Y86         FDCE (Prop_fdce_C_Q)         0.259    -2.016 f  uart_inst/rx_data_reg[1]/Q
                         net (fo=47, routed)          0.874    -1.142    uart_inst/rx_data[1]
    SLICE_X69Y84         LUT3 (Prop_lut3_I2_O)        0.049    -1.093 r  uart_inst/sw[63]_i_4/O
                         net (fo=3, routed)           0.251    -0.842    uart_inst/sw[63]_i_4_n_0
    SLICE_X69Y84         LUT6 (Prop_lut6_I1_O)        0.136    -0.706 r  uart_inst/sw[62]_i_4/O
                         net (fo=4, routed)           0.546    -0.160    uart_inst/sw[62]_i_4_n_0
    SLICE_X69Y83         LUT2 (Prop_lut2_I0_O)        0.043    -0.117 r  uart_inst/sw[62]_i_3/O
                         net (fo=32, routed)          1.163     1.046    uart_inst/sw[62]_i_3_n_0
    SLICE_X64Y86         LUT6 (Prop_lut6_I2_O)        0.043     1.089 f  uart_inst/sw[30]_i_1/O
                         net (fo=1, routed)           0.000     1.089    twin_controller_inst/sw_reg[30]_0
    SLICE_X64Y86         FDCE                                         f  twin_controller_inst/sw_reg[30]/D
  -------------------------------------------------------------------    -------------------

                         (clock clk_out1_pll rise edge)
                                                     20.000    20.000 r  
    AD12                                              0.000    20.000 r  i_sys_clk_p (IN)
                         net (fo=0)                   0.000    20.000    pll_inst/inst/clk_in1_p
    AD12                 IBUFDS (Prop_ibufds_I_O)     0.803    20.803 r  pll_inst/inst/clkin1_ibufgds/O
                         net (fo=1, routed)           1.001    21.804    pll_inst/inst/clk_in1_pll
    PLLE2_ADV_X1Y1       PLLE2_ADV (Prop_plle2_adv_CLKIN1_CLKOUT0)
                                                     -7.261    14.543 r  pll_inst/inst/plle2_adv_inst/CLKOUT0
                         net (fo=1, routed)           2.003    16.546    pll_inst/inst/clk_out1_pll
    BUFGCTRL_X0Y1        BUFG (Prop_bufg_I_O)         0.083    16.629 r  pll_inst/inst/clkout1_buf/O
                         net (fo=546, routed)         1.426    18.055    twin_controller_inst/CLK
    SLICE_X64Y86         FDCE                                         r  twin_controller_inst/sw_reg[30]/C
                         clock pessimism             -0.373    17.683    
                         clock uncertainty           -0.065    17.618    
    SLICE_X64Y86         FDCE (Setup_fdce_C_D)        0.034    17.652    twin_controller_inst/sw_reg[30]
  -------------------------------------------------------------------
                         required time                         17.652    
                         arrival time                          -1.089    
  -------------------------------------------------------------------
                         slack                                 16.563    

Slack (MET) :             16.578ns  (required time - arrival time)
  Source:                 uart_inst/rx_data_reg[1]/C
                            (rising edge-triggered cell FDCE clocked by clk_out1_pll  {rise@0.000ns fall@10.000ns period=20.000ns})
  Destination:            twin_controller_inst/sw_reg[45]/D
                            (rising edge-triggered cell FDCE clocked by clk_out1_pll  {rise@0.000ns fall@10.000ns period=20.000ns})
  Path Group:             clk_out1_pll
  Path Type:              Setup (Max at Slow Process Corner)
  Requirement:            20.000ns  (clk_out1_pll rise@20.000ns - clk_out1_pll rise@0.000ns)
  Data Path Delay:        3.346ns  (logic 0.530ns (15.839%)  route 2.816ns (84.161%))
  Logic Levels:           4  (LUT2=1 LUT3=1 LUT6=2)
  Clock Path Skew:        -0.045ns (DCD - SCD + CPR)
    Destination Clock Delay (DCD):    -1.948ns = ( 18.052 - 20.000 ) 
    Source Clock Delay      (SCD):    -2.275ns
    Clock Pessimism Removal (CPR):    -0.373ns
  Clock Uncertainty:      0.065ns  ((TSJ^2 + DJ^2)^1/2) / 2 + PE
    Total System Jitter     (TSJ):    0.071ns
    Discrete Jitter          (DJ):    0.108ns
    Phase Error              (PE):    0.000ns

    Location             Delay type                Incr(ns)  Path(ns)    Netlist Resource(s)
  -------------------------------------------------------------------    -------------------
                         (clock clk_out1_pll rise edge)
                                                      0.000     0.000 r  
    AD12                                              0.000     0.000 r  i_sys_clk_p (IN)
                         net (fo=0)                   0.000     0.000    pll_inst/inst/clk_in1_p
    AD12                 IBUFDS (Prop_ibufds_I_O)     0.906     0.906 r  pll_inst/inst/clkin1_ibufgds/O
                         net (fo=1, routed)           1.098     2.004    pll_inst/inst/clk_in1_pll
    PLLE2_ADV_X1Y1       PLLE2_ADV (Prop_plle2_adv_CLKIN1_CLKOUT0)
                                                     -8.058    -6.054 r  pll_inst/inst/plle2_adv_inst/CLKOUT0
                         net (fo=1, routed)           2.128    -3.926    pll_inst/inst/clk_out1_pll
    BUFGCTRL_X0Y1        BUFG (Prop_bufg_I_O)         0.093    -3.833 r  pll_inst/inst/clkout1_buf/O
                         net (fo=546, routed)         1.558    -2.275    uart_inst/clk_out1
    SLICE_X74Y86         FDCE                                         r  uart_inst/rx_data_reg[1]/C
  -------------------------------------------------------------------    -------------------
    SLICE_X74Y86         FDCE (Prop_fdce_C_Q)         0.259    -2.016 f  uart_inst/rx_data_reg[1]/Q
                         net (fo=47, routed)          0.874    -1.142    uart_inst/rx_data[1]
    SLICE_X69Y84         LUT3 (Prop_lut3_I2_O)        0.049    -1.093 r  uart_inst/sw[63]_i_4/O
                         net (fo=3, routed)           0.251    -0.842    uart_inst/sw[63]_i_4_n_0
    SLICE_X69Y84         LUT6 (Prop_lut6_I1_O)        0.136    -0.706 r  uart_inst/sw[62]_i_4/O
                         net (fo=4, routed)           0.546    -0.160    uart_inst/sw[62]_i_4_n_0
    SLICE_X69Y83         LUT2 (Prop_lut2_I0_O)        0.043    -0.117 r  uart_inst/sw[62]_i_3/O
                         net (fo=32, routed)          1.145     1.028    uart_inst/sw[62]_i_3_n_0
    SLICE_X60Y82         LUT6 (Prop_lut6_I2_O)        0.043     1.071 r  uart_inst/sw[45]_i_1/O
                         net (fo=1, routed)           0.000     1.071    twin_controller_inst/sw_reg[45]_0
    SLICE_X60Y82         FDCE                                         r  twin_controller_inst/sw_reg[45]/D
  -------------------------------------------------------------------    -------------------

                         (clock clk_out1_pll rise edge)
                                                     20.000    20.000 r  
    AD12                                              0.000    20.000 r  i_sys_clk_p (IN)
                         net (fo=0)                   0.000    20.000    pll_inst/inst/clk_in1_p
    AD12                 IBUFDS (Prop_ibufds_I_O)     0.803    20.803 r  pll_inst/inst/clkin1_ibufgds/O
                         net (fo=1, routed)           1.001    21.804    pll_inst/inst/clk_in1_pll
    PLLE2_ADV_X1Y1       PLLE2_ADV (Prop_plle2_adv_CLKIN1_CLKOUT0)
                                                     -7.261    14.543 r  pll_inst/inst/plle2_adv_inst/CLKOUT0
                         net (fo=1, routed)           2.003    16.546    pll_inst/inst/clk_out1_pll
    BUFGCTRL_X0Y1        BUFG (Prop_bufg_I_O)         0.083    16.629 r  pll_inst/inst/clkout1_buf/O
                         net (fo=546, routed)         1.423    18.052    twin_controller_inst/CLK
    SLICE_X60Y82         FDCE                                         r  twin_controller_inst/sw_reg[45]/C
                         clock pessimism             -0.373    17.680    
                         clock uncertainty           -0.065    17.615    
    SLICE_X60Y82         FDCE (Setup_fdce_C_D)        0.034    17.649    twin_controller_inst/sw_reg[45]
  -------------------------------------------------------------------
                         required time                         17.649    
                         arrival time                          -1.071    
  -------------------------------------------------------------------
                         slack                                 16.578    

Slack (MET) :             16.578ns  (required time - arrival time)
  Source:                 uart_inst/rx_data_reg[1]/C
                            (rising edge-triggered cell FDCE clocked by clk_out1_pll  {rise@0.000ns fall@10.000ns period=20.000ns})
  Destination:            twin_controller_inst/sw_reg[45]/D
                            (rising edge-triggered cell FDCE clocked by clk_out1_pll  {rise@0.000ns fall@10.000ns period=20.000ns})
  Path Group:             clk_out1_pll
  Path Type:              Setup (Max at Slow Process Corner)
  Requirement:            20.000ns  (clk_out1_pll rise@20.000ns - clk_out1_pll rise@0.000ns)
  Data Path Delay:        3.346ns  (logic 0.530ns (15.839%)  route 2.816ns (84.161%))
  Logic Levels:           4  (LUT2=1 LUT3=1 LUT6=2)
  Clock Path Skew:        -0.045ns (DCD - SCD + CPR)
    Destination Clock Delay (DCD):    -1.948ns = ( 18.052 - 20.000 ) 
    Source Clock Delay      (SCD):    -2.275ns
    Clock Pessimism Removal (CPR):    -0.373ns
  Clock Uncertainty:      0.065ns  ((TSJ^2 + DJ^2)^1/2) / 2 + PE
    Total System Jitter     (TSJ):    0.071ns
    Discrete Jitter          (DJ):    0.108ns
    Phase Error              (PE):    0.000ns

    Location             Delay type                Incr(ns)  Path(ns)    Netlist Resource(s)
  -------------------------------------------------------------------    -------------------
                         (clock clk_out1_pll rise edge)
                                                      0.000     0.000 r  
    AD12                                              0.000     0.000 r  i_sys_clk_p (IN)
                         net (fo=0)                   0.000     0.000    pll_inst/inst/clk_in1_p
    AD12                 IBUFDS (Prop_ibufds_I_O)     0.906     0.906 r  pll_inst/inst/clkin1_ibufgds/O
                         net (fo=1, routed)           1.098     2.004    pll_inst/inst/clk_in1_pll
    PLLE2_ADV_X1Y1       PLLE2_ADV (Prop_plle2_adv_CLKIN1_CLKOUT0)
                                                     -8.058    -6.054 r  pll_inst/inst/plle2_adv_inst/CLKOUT0
                         net (fo=1, routed)           2.128    -3.926    pll_inst/inst/clk_out1_pll
    BUFGCTRL_X0Y1        BUFG (Prop_bufg_I_O)         0.093    -3.833 r  pll_inst/inst/clkout1_buf/O
                         net (fo=546, routed)         1.558    -2.275    uart_inst/clk_out1
    SLICE_X74Y86         FDCE                                         r  uart_inst/rx_data_reg[1]/C
  -------------------------------------------------------------------    -------------------
    SLICE_X74Y86         FDCE (Prop_fdce_C_Q)         0.259    -2.016 r  uart_inst/rx_data_reg[1]/Q
                         net (fo=47, routed)          0.874    -1.142    uart_inst/rx_data[1]
    SLICE_X69Y84         LUT3 (Prop_lut3_I2_O)        0.049    -1.093 f  uart_inst/sw[63]_i_4/O
                         net (fo=3, routed)           0.251    -0.842    uart_inst/sw[63]_i_4_n_0
    SLICE_X69Y84         LUT6 (Prop_lut6_I1_O)        0.136    -0.706 r  uart_inst/sw[62]_i_4/O
                         net (fo=4, routed)           0.546    -0.160    uart_inst/sw[62]_i_4_n_0
    SLICE_X69Y83         LUT2 (Prop_lut2_I0_O)        0.043    -0.117 r  uart_inst/sw[62]_i_3/O
                         net (fo=32, routed)          1.145     1.028    uart_inst/sw[62]_i_3_n_0
    SLICE_X60Y82         LUT6 (Prop_lut6_I2_O)        0.043     1.071 r  uart_inst/sw[45]_i_1/O
                         net (fo=1, routed)           0.000     1.071    twin_controller_inst/sw_reg[45]_0
    SLICE_X60Y82         FDCE                                         r  twin_controller_inst/sw_reg[45]/D
  -------------------------------------------------------------------    -------------------

                         (clock clk_out1_pll rise edge)
                                                     20.000    20.000 r  
    AD12                                              0.000    20.000 r  i_sys_clk_p (IN)
                         net (fo=0)                   0.000    20.000    pll_inst/inst/clk_in1_p
    AD12                 IBUFDS (Prop_ibufds_I_O)     0.803    20.803 r  pll_inst/inst/clkin1_ibufgds/O
                         net (fo=1, routed)           1.001    21.804    pll_inst/inst/clk_in1_pll
    PLLE2_ADV_X1Y1       PLLE2_ADV (Prop_plle2_adv_CLKIN1_CLKOUT0)
                                                     -7.261    14.543 r  pll_inst/inst/plle2_adv_inst/CLKOUT0
                         net (fo=1, routed)           2.003    16.546    pll_inst/inst/clk_out1_pll
    BUFGCTRL_X0Y1        BUFG (Prop_bufg_I_O)         0.083    16.629 r  pll_inst/inst/clkout1_buf/O
                         net (fo=546, routed)         1.423    18.052    twin_controller_inst/CLK
    SLICE_X60Y82         FDCE                                         r  twin_controller_inst/sw_reg[45]/C
                         clock pessimism             -0.373    17.680    
                         clock uncertainty           -0.065    17.615    
    SLICE_X60Y82         FDCE (Setup_fdce_C_D)        0.034    17.649    twin_controller_inst/sw_reg[45]
  -------------------------------------------------------------------
                         required time                         17.649    
                         arrival time                          -1.071    
  -------------------------------------------------------------------
                         slack                                 16.578    

Slack (MET) :             16.578ns  (required time - arrival time)
  Source:                 uart_inst/rx_data_reg[1]/C
                            (rising edge-triggered cell FDCE clocked by clk_out1_pll  {rise@0.000ns fall@10.000ns period=20.000ns})
  Destination:            twin_controller_inst/sw_reg[45]/D
                            (rising edge-triggered cell FDCE clocked by clk_out1_pll  {rise@0.000ns fall@10.000ns period=20.000ns})
  Path Group:             clk_out1_pll
  Path Type:              Setup (Max at Slow Process Corner)
  Requirement:            20.000ns  (clk_out1_pll rise@20.000ns - clk_out1_pll rise@0.000ns)
  Data Path Delay:        3.346ns  (logic 0.530ns (15.839%)  route 2.816ns (84.161%))
  Logic Levels:           4  (LUT2=1 LUT3=1 LUT6=2)
  Clock Path Skew:        -0.045ns (DCD - SCD + CPR)
    Destination Clock Delay (DCD):    -1.948ns = ( 18.052 - 20.000 ) 
    Source Clock Delay      (SCD):    -2.275ns
    Clock Pessimism Removal (CPR):    -0.373ns
  Clock Uncertainty:      0.065ns  ((TSJ^2 + DJ^2)^1/2) / 2 + PE
    Total System Jitter     (TSJ):    0.071ns
    Discrete Jitter          (DJ):    0.108ns
    Phase Error              (PE):    0.000ns

    Location             Delay type                Incr(ns)  Path(ns)    Netlist Resource(s)
  -------------------------------------------------------------------    -------------------
                         (clock clk_out1_pll rise edge)
                                                      0.000     0.000 r  
    AD12                                              0.000     0.000 r  i_sys_clk_p (IN)
                         net (fo=0)                   0.000     0.000    pll_inst/inst/clk_in1_p
    AD12                 IBUFDS (Prop_ibufds_I_O)     0.906     0.906 r  pll_inst/inst/clkin1_ibufgds/O
                         net (fo=1, routed)           1.098     2.004    pll_inst/inst/clk_in1_pll
    PLLE2_ADV_X1Y1       PLLE2_ADV (Prop_plle2_adv_CLKIN1_CLKOUT0)
                                                     -8.058    -6.054 r  pll_inst/inst/plle2_adv_inst/CLKOUT0
                         net (fo=1, routed)           2.128    -3.926    pll_inst/inst/clk_out1_pll
    BUFGCTRL_X0Y1        BUFG (Prop_bufg_I_O)         0.093    -3.833 r  pll_inst/inst/clkout1_buf/O
                         net (fo=546, routed)         1.558    -2.275    uart_inst/clk_out1
    SLICE_X74Y86         FDCE                                         r  uart_inst/rx_data_reg[1]/C
  -------------------------------------------------------------------    -------------------
    SLICE_X74Y86         FDCE (Prop_fdce_C_Q)         0.259    -2.016 f  uart_inst/rx_data_reg[1]/Q
                         net (fo=47, routed)          0.874    -1.142    uart_inst/rx_data[1]
    SLICE_X69Y84         LUT3 (Prop_lut3_I2_O)        0.049    -1.093 r  uart_inst/sw[63]_i_4/O
                         net (fo=3, routed)           0.251    -0.842    uart_inst/sw[63]_i_4_n_0
    SLICE_X69Y84         LUT6 (Prop_lut6_I1_O)        0.136    -0.706 f  uart_inst/sw[62]_i_4/O
                         net (fo=4, routed)           0.546    -0.160    uart_inst/sw[62]_i_4_n_0
    SLICE_X69Y83         LUT2 (Prop_lut2_I0_O)        0.043    -0.117 f  uart_inst/sw[62]_i_3/O
                         net (fo=32, routed)          1.145     1.028    uart_inst/sw[62]_i_3_n_0
    SLICE_X60Y82         LUT6 (Prop_lut6_I2_O)        0.043     1.071 r  uart_inst/sw[45]_i_1/O
                         net (fo=1, routed)           0.000     1.071    twin_controller_inst/sw_reg[45]_0
    SLICE_X60Y82         FDCE                                         r  twin_controller_inst/sw_reg[45]/D
  -------------------------------------------------------------------    -------------------

                         (clock clk_out1_pll rise edge)
                                                     20.000    20.000 r  
    AD12                                              0.000    20.000 r  i_sys_clk_p (IN)
                         net (fo=0)                   0.000    20.000    pll_inst/inst/clk_in1_p
    AD12                 IBUFDS (Prop_ibufds_I_O)     0.803    20.803 r  pll_inst/inst/clkin1_ibufgds/O
                         net (fo=1, routed)           1.001    21.804    pll_inst/inst/clk_in1_pll
    PLLE2_ADV_X1Y1       PLLE2_ADV (Prop_plle2_adv_CLKIN1_CLKOUT0)
                                                     -7.261    14.543 r  pll_inst/inst/plle2_adv_inst/CLKOUT0
                         net (fo=1, routed)           2.003    16.546    pll_inst/inst/clk_out1_pll
    BUFGCTRL_X0Y1        BUFG (Prop_bufg_I_O)         0.083    16.629 r  pll_inst/inst/clkout1_buf/O
                         net (fo=546, routed)         1.423    18.052    twin_controller_inst/CLK
    SLICE_X60Y82         FDCE                                         r  twin_controller_inst/sw_reg[45]/C
                         clock pessimism             -0.373    17.680    
                         clock uncertainty           -0.065    17.615    
    SLICE_X60Y82         FDCE (Setup_fdce_C_D)        0.034    17.649    twin_controller_inst/sw_reg[45]
  -------------------------------------------------------------------
                         required time                         17.649    
                         arrival time                          -1.071    
  -------------------------------------------------------------------
                         slack                                 16.578    

Slack (MET) :             16.578ns  (required time - arrival time)
  Source:                 uart_inst/rx_data_reg[1]/C
                            (rising edge-triggered cell FDCE clocked by clk_out1_pll  {rise@0.000ns fall@10.000ns period=20.000ns})
  Destination:            twin_controller_inst/sw_reg[45]/D
                            (rising edge-triggered cell FDCE clocked by clk_out1_pll  {rise@0.000ns fall@10.000ns period=20.000ns})
  Path Group:             clk_out1_pll
  Path Type:              Setup (Max at Slow Process Corner)
  Requirement:            20.000ns  (clk_out1_pll rise@20.000ns - clk_out1_pll rise@0.000ns)
  Data Path Delay:        3.346ns  (logic 0.530ns (15.839%)  route 2.816ns (84.161%))
  Logic Levels:           4  (LUT2=1 LUT3=1 LUT6=2)
  Clock Path Skew:        -0.045ns (DCD - SCD + CPR)
    Destination Clock Delay (DCD):    -1.948ns = ( 18.052 - 20.000 ) 
    Source Clock Delay      (SCD):    -2.275ns
    Clock Pessimism Removal (CPR):    -0.373ns
  Clock Uncertainty:      0.065ns  ((TSJ^2 + DJ^2)^1/2) / 2 + PE
    Total System Jitter     (TSJ):    0.071ns
    Discrete Jitter          (DJ):    0.108ns
    Phase Error              (PE):    0.000ns

    Location             Delay type                Incr(ns)  Path(ns)    Netlist Resource(s)
  -------------------------------------------------------------------    -------------------
                         (clock clk_out1_pll rise edge)
                                                      0.000     0.000 r  
    AD12                                              0.000     0.000 r  i_sys_clk_p (IN)
                         net (fo=0)                   0.000     0.000    pll_inst/inst/clk_in1_p
    AD12                 IBUFDS (Prop_ibufds_I_O)     0.906     0.906 r  pll_inst/inst/clkin1_ibufgds/O
                         net (fo=1, routed)           1.098     2.004    pll_inst/inst/clk_in1_pll
    PLLE2_ADV_X1Y1       PLLE2_ADV (Prop_plle2_adv_CLKIN1_CLKOUT0)
                                                     -8.058    -6.054 r  pll_inst/inst/plle2_adv_inst/CLKOUT0
                         net (fo=1, routed)           2.128    -3.926    pll_inst/inst/clk_out1_pll
    BUFGCTRL_X0Y1        BUFG (Prop_bufg_I_O)         0.093    -3.833 r  pll_inst/inst/clkout1_buf/O
                         net (fo=546, routed)         1.558    -2.275    uart_inst/clk_out1
    SLICE_X74Y86         FDCE                                         r  uart_inst/rx_data_reg[1]/C
  -------------------------------------------------------------------    -------------------
    SLICE_X74Y86         FDCE (Prop_fdce_C_Q)         0.259    -2.016 r  uart_inst/rx_data_reg[1]/Q
                         net (fo=47, routed)          0.874    -1.142    uart_inst/rx_data[1]
    SLICE_X69Y84         LUT3 (Prop_lut3_I2_O)        0.049    -1.093 f  uart_inst/sw[63]_i_4/O
                         net (fo=3, routed)           0.251    -0.842    uart_inst/sw[63]_i_4_n_0
    SLICE_X69Y84         LUT6 (Prop_lut6_I1_O)        0.136    -0.706 f  uart_inst/sw[62]_i_4/O
                         net (fo=4, routed)           0.546    -0.160    uart_inst/sw[62]_i_4_n_0
    SLICE_X69Y83         LUT2 (Prop_lut2_I0_O)        0.043    -0.117 f  uart_inst/sw[62]_i_3/O
                         net (fo=32, routed)          1.145     1.028    uart_inst/sw[62]_i_3_n_0
    SLICE_X60Y82         LUT6 (Prop_lut6_I2_O)        0.043     1.071 r  uart_inst/sw[45]_i_1/O
                         net (fo=1, routed)           0.000     1.071    twin_controller_inst/sw_reg[45]_0
    SLICE_X60Y82         FDCE                                         r  twin_controller_inst/sw_reg[45]/D
  -------------------------------------------------------------------    -------------------

                         (clock clk_out1_pll rise edge)
                                                     20.000    20.000 r  
    AD12                                              0.000    20.000 r  i_sys_clk_p (IN)
                         net (fo=0)                   0.000    20.000    pll_inst/inst/clk_in1_p
    AD12                 IBUFDS (Prop_ibufds_I_O)     0.803    20.803 r  pll_inst/inst/clkin1_ibufgds/O
                         net (fo=1, routed)           1.001    21.804    pll_inst/inst/clk_in1_pll
    PLLE2_ADV_X1Y1       PLLE2_ADV (Prop_plle2_adv_CLKIN1_CLKOUT0)
                                                     -7.261    14.543 r  pll_inst/inst/plle2_adv_inst/CLKOUT0
                         net (fo=1, routed)           2.003    16.546    pll_inst/inst/clk_out1_pll
    BUFGCTRL_X0Y1        BUFG (Prop_bufg_I_O)         0.083    16.629 r  pll_inst/inst/clkout1_buf/O
                         net (fo=546, routed)         1.423    18.052    twin_controller_inst/CLK
    SLICE_X60Y82         FDCE                                         r  twin_controller_inst/sw_reg[45]/C
                         clock pessimism             -0.373    17.680    
                         clock uncertainty           -0.065    17.615    
    SLICE_X60Y82         FDCE (Setup_fdce_C_D)        0.034    17.649    twin_controller_inst/sw_reg[45]
  -------------------------------------------------------------------
                         required time                         17.649    
                         arrival time                          -1.071    
  -------------------------------------------------------------------
                         slack                                 16.578    

Slack (MET) :             16.578ns  (required time - arrival time)
  Source:                 uart_inst/rx_data_reg[1]/C
                            (rising edge-triggered cell FDCE clocked by clk_out1_pll  {rise@0.000ns fall@10.000ns period=20.000ns})
  Destination:            twin_controller_inst/sw_reg[45]/D
                            (rising edge-triggered cell FDCE clocked by clk_out1_pll  {rise@0.000ns fall@10.000ns period=20.000ns})
  Path Group:             clk_out1_pll
  Path Type:              Setup (Max at Slow Process Corner)
  Requirement:            20.000ns  (clk_out1_pll rise@20.000ns - clk_out1_pll rise@0.000ns)
  Data Path Delay:        3.346ns  (logic 0.530ns (15.839%)  route 2.816ns (84.161%))
  Logic Levels:           4  (LUT2=1 LUT3=1 LUT6=2)
  Clock Path Skew:        -0.045ns (DCD - SCD + CPR)
    Destination Clock Delay (DCD):    -1.948ns = ( 18.052 - 20.000 ) 
    Source Clock Delay      (SCD):    -2.275ns
    Clock Pessimism Removal (CPR):    -0.373ns
  Clock Uncertainty:      0.065ns  ((TSJ^2 + DJ^2)^1/2) / 2 + PE
    Total System Jitter     (TSJ):    0.071ns
    Discrete Jitter          (DJ):    0.108ns
    Phase Error              (PE):    0.000ns

    Location             Delay type                Incr(ns)  Path(ns)    Netlist Resource(s)
  -------------------------------------------------------------------    -------------------
                         (clock clk_out1_pll rise edge)
                                                      0.000     0.000 r  
    AD12                                              0.000     0.000 r  i_sys_clk_p (IN)
                         net (fo=0)                   0.000     0.000    pll_inst/inst/clk_in1_p
    AD12                 IBUFDS (Prop_ibufds_I_O)     0.906     0.906 r  pll_inst/inst/clkin1_ibufgds/O
                         net (fo=1, routed)           1.098     2.004    pll_inst/inst/clk_in1_pll
    PLLE2_ADV_X1Y1       PLLE2_ADV (Prop_plle2_adv_CLKIN1_CLKOUT0)
                                                     -8.058    -6.054 r  pll_inst/inst/plle2_adv_inst/CLKOUT0
                         net (fo=1, routed)           2.128    -3.926    pll_inst/inst/clk_out1_pll
    BUFGCTRL_X0Y1        BUFG (Prop_bufg_I_O)         0.093    -3.833 r  pll_inst/inst/clkout1_buf/O
                         net (fo=546, routed)         1.558    -2.275    uart_inst/clk_out1
    SLICE_X74Y86         FDCE                                         r  uart_inst/rx_data_reg[1]/C
  -------------------------------------------------------------------    -------------------
    SLICE_X74Y86         FDCE (Prop_fdce_C_Q)         0.259    -2.016 f  uart_inst/rx_data_reg[1]/Q
                         net (fo=47, routed)          0.874    -1.142    uart_inst/rx_data[1]
    SLICE_X69Y84         LUT3 (Prop_lut3_I2_O)        0.049    -1.093 r  uart_inst/sw[63]_i_4/O
                         net (fo=3, routed)           0.251    -0.842    uart_inst/sw[63]_i_4_n_0
    SLICE_X69Y84         LUT6 (Prop_lut6_I1_O)        0.136    -0.706 r  uart_inst/sw[62]_i_4/O
                         net (fo=4, routed)           0.546    -0.160    uart_inst/sw[62]_i_4_n_0
    SLICE_X69Y83         LUT2 (Prop_lut2_I0_O)        0.043    -0.117 r  uart_inst/sw[62]_i_3/O
                         net (fo=32, routed)          1.145     1.028    uart_inst/sw[62]_i_3_n_0
    SLICE_X60Y82         LUT6 (Prop_lut6_I2_O)        0.043     1.071 f  uart_inst/sw[45]_i_1/O
                         net (fo=1, routed)           0.000     1.071    twin_controller_inst/sw_reg[45]_0
    SLICE_X60Y82         FDCE                                         f  twin_controller_inst/sw_reg[45]/D
  -------------------------------------------------------------------    -------------------

                         (clock clk_out1_pll rise edge)
                                                     20.000    20.000 r  
    AD12                                              0.000    20.000 r  i_sys_clk_p (IN)
                         net (fo=0)                   0.000    20.000    pll_inst/inst/clk_in1_p
    AD12                 IBUFDS (Prop_ibufds_I_O)     0.803    20.803 r  pll_inst/inst/clkin1_ibufgds/O
                         net (fo=1, routed)           1.001    21.804    pll_inst/inst/clk_in1_pll
    PLLE2_ADV_X1Y1       PLLE2_ADV (Prop_plle2_adv_CLKIN1_CLKOUT0)
                                                     -7.261    14.543 r  pll_inst/inst/plle2_adv_inst/CLKOUT0
                         net (fo=1, routed)           2.003    16.546    pll_inst/inst/clk_out1_pll
    BUFGCTRL_X0Y1        BUFG (Prop_bufg_I_O)         0.083    16.629 r  pll_inst/inst/clkout1_buf/O
                         net (fo=546, routed)         1.423    18.052    twin_controller_inst/CLK
    SLICE_X60Y82         FDCE                                         r  twin_controller_inst/sw_reg[45]/C
                         clock pessimism             -0.373    17.680    
                         clock uncertainty           -0.065    17.615    
    SLICE_X60Y82         FDCE (Setup_fdce_C_D)        0.034    17.649    twin_controller_inst/sw_reg[45]
  -------------------------------------------------------------------
                         required time                         17.649    
                         arrival time                          -1.071    
  -------------------------------------------------------------------
                         slack                                 16.578    

Slack (MET) :             16.579ns  (required time - arrival time)
  Source:                 uart_inst/rx_data_reg[1]/C
                            (rising edge-triggered cell FDCE clocked by clk_out1_pll  {rise@0.000ns fall@10.000ns period=20.000ns})
  Destination:            twin_controller_inst/sw_reg[28]/D
                            (rising edge-triggered cell FDCE clocked by clk_out1_pll  {rise@0.000ns fall@10.000ns period=20.000ns})
  Path Group:             clk_out1_pll
  Path Type:              Setup (Max at Slow Process Corner)
  Requirement:            20.000ns  (clk_out1_pll rise@20.000ns - clk_out1_pll rise@0.000ns)
  Data Path Delay:        3.347ns  (logic 0.530ns (15.833%)  route 2.817ns (84.167%))
  Logic Levels:           4  (LUT2=1 LUT3=1 LUT6=2)
  Clock Path Skew:        -0.043ns (DCD - SCD + CPR)
    Destination Clock Delay (DCD):    -1.946ns = ( 18.054 - 20.000 ) 
    Source Clock Delay      (SCD):    -2.275ns
    Clock Pessimism Removal (CPR):    -0.373ns
  Clock Uncertainty:      0.065ns  ((TSJ^2 + DJ^2)^1/2) / 2 + PE
    Total System Jitter     (TSJ):    0.071ns
    Discrete Jitter          (DJ):    0.108ns
    Phase Error              (PE):    0.000ns

    Location             Delay type                Incr(ns)  Path(ns)    Netlist Resource(s)
  -------------------------------------------------------------------    -------------------
                         (clock clk_out1_pll rise edge)
                                                      0.000     0.000 r  
    AD12                                              0.000     0.000 r  i_sys_clk_p (IN)
                         net (fo=0)                   0.000     0.000    pll_inst/inst/clk_in1_p
    AD12                 IBUFDS (Prop_ibufds_I_O)     0.906     0.906 r  pll_inst/inst/clkin1_ibufgds/O
                         net (fo=1, routed)           1.098     2.004    pll_inst/inst/clk_in1_pll
    PLLE2_ADV_X1Y1       PLLE2_ADV (Prop_plle2_adv_CLKIN1_CLKOUT0)
                                                     -8.058    -6.054 r  pll_inst/inst/plle2_adv_inst/CLKOUT0
                         net (fo=1, routed)           2.128    -3.926    pll_inst/inst/clk_out1_pll
    BUFGCTRL_X0Y1        BUFG (Prop_bufg_I_O)         0.093    -3.833 r  pll_inst/inst/clkout1_buf/O
                         net (fo=546, routed)         1.558    -2.275    uart_inst/clk_out1
    SLICE_X74Y86         FDCE                                         r  uart_inst/rx_data_reg[1]/C
  -------------------------------------------------------------------    -------------------
    SLICE_X74Y86         FDCE (Prop_fdce_C_Q)         0.259    -2.016 f  uart_inst/rx_data_reg[1]/Q
                         net (fo=47, routed)          0.874    -1.142    uart_inst/rx_data[1]
    SLICE_X69Y84         LUT3 (Prop_lut3_I2_O)        0.049    -1.093 r  uart_inst/sw[63]_i_4/O
                         net (fo=3, routed)           0.251    -0.842    uart_inst/sw[63]_i_4_n_0
    SLICE_X69Y84         LUT6 (Prop_lut6_I1_O)        0.136    -0.706 r  uart_inst/sw[62]_i_4/O
                         net (fo=4, routed)           0.546    -0.160    uart_inst/sw[62]_i_4_n_0
    SLICE_X69Y83         LUT2 (Prop_lut2_I0_O)        0.043    -0.117 r  uart_inst/sw[62]_i_3/O
                         net (fo=32, routed)          1.146     1.029    uart_inst/sw[62]_i_3_n_0
    SLICE_X67Y86         LUT6 (Prop_lut6_I2_O)        0.043     1.072 r  uart_inst/sw[28]_i_1/O
                         net (fo=1, routed)           0.000     1.072    twin_controller_inst/sw_reg[28]_0
    SLICE_X67Y86         FDCE                                         r  twin_controller_inst/sw_reg[28]/D
  -------------------------------------------------------------------    -------------------

                         (clock clk_out1_pll rise edge)
                                                     20.000    20.000 r  
    AD12                                              0.000    20.000 r  i_sys_clk_p (IN)
                         net (fo=0)                   0.000    20.000    pll_inst/inst/clk_in1_p
    AD12                 IBUFDS (Prop_ibufds_I_O)     0.803    20.803 r  pll_inst/inst/clkin1_ibufgds/O
                         net (fo=1, routed)           1.001    21.804    pll_inst/inst/clk_in1_pll
    PLLE2_ADV_X1Y1       PLLE2_ADV (Prop_plle2_adv_CLKIN1_CLKOUT0)
                                                     -7.261    14.543 r  pll_inst/inst/plle2_adv_inst/CLKOUT0
                         net (fo=1, routed)           2.003    16.546    pll_inst/inst/clk_out1_pll
    BUFGCTRL_X0Y1        BUFG (Prop_bufg_I_O)         0.083    16.629 r  pll_inst/inst/clkout1_buf/O
                         net (fo=546, routed)         1.425    18.054    twin_controller_inst/CLK
    SLICE_X67Y86         FDCE                                         r  twin_controller_inst/sw_reg[28]/C
                         clock pessimism             -0.373    17.682    
                         clock uncertainty           -0.065    17.617    
    SLICE_X67Y86         FDCE (Setup_fdce_C_D)        0.034    17.651    twin_controller_inst/sw_reg[28]
  -------------------------------------------------------------------
                         required time                         17.651    
                         arrival time                          -1.072    
  -------------------------------------------------------------------
                         slack                                 16.579    

Slack (MET) :             16.579ns  (required time - arrival time)
  Source:                 uart_inst/rx_data_reg[1]/C
                            (rising edge-triggered cell FDCE clocked by clk_out1_pll  {rise@0.000ns fall@10.000ns period=20.000ns})
  Destination:            twin_controller_inst/sw_reg[28]/D
                            (rising edge-triggered cell FDCE clocked by clk_out1_pll  {rise@0.000ns fall@10.000ns period=20.000ns})
  Path Group:             clk_out1_pll
  Path Type:              Setup (Max at Slow Process Corner)
  Requirement:            20.000ns  (clk_out1_pll rise@20.000ns - clk_out1_pll rise@0.000ns)
  Data Path Delay:        3.347ns  (logic 0.530ns (15.833%)  route 2.817ns (84.167%))
  Logic Levels:           4  (LUT2=1 LUT3=1 LUT6=2)
  Clock Path Skew:        -0.043ns (DCD - SCD + CPR)
    Destination Clock Delay (DCD):    -1.946ns = ( 18.054 - 20.000 ) 
    Source Clock Delay      (SCD):    -2.275ns
    Clock Pessimism Removal (CPR):    -0.373ns
  Clock Uncertainty:      0.065ns  ((TSJ^2 + DJ^2)^1/2) / 2 + PE
    Total System Jitter     (TSJ):    0.071ns
    Discrete Jitter          (DJ):    0.108ns
    Phase Error              (PE):    0.000ns

    Location             Delay type                Incr(ns)  Path(ns)    Netlist Resource(s)
  -------------------------------------------------------------------    -------------------
                         (clock clk_out1_pll rise edge)
                                                      0.000     0.000 r  
    AD12                                              0.000     0.000 r  i_sys_clk_p (IN)
                         net (fo=0)                   0.000     0.000    pll_inst/inst/clk_in1_p
    AD12                 IBUFDS (Prop_ibufds_I_O)     0.906     0.906 r  pll_inst/inst/clkin1_ibufgds/O
                         net (fo=1, routed)           1.098     2.004    pll_inst/inst/clk_in1_pll
    PLLE2_ADV_X1Y1       PLLE2_ADV (Prop_plle2_adv_CLKIN1_CLKOUT0)
                                                     -8.058    -6.054 r  pll_inst/inst/plle2_adv_inst/CLKOUT0
                         net (fo=1, routed)           2.128    -3.926    pll_inst/inst/clk_out1_pll
    BUFGCTRL_X0Y1        BUFG (Prop_bufg_I_O)         0.093    -3.833 r  pll_inst/inst/clkout1_buf/O
                         net (fo=546, routed)         1.558    -2.275    uart_inst/clk_out1
    SLICE_X74Y86         FDCE                                         r  uart_inst/rx_data_reg[1]/C
  -------------------------------------------------------------------    -------------------
    SLICE_X74Y86         FDCE (Prop_fdce_C_Q)         0.259    -2.016 r  uart_inst/rx_data_reg[1]/Q
                         net (fo=47, routed)          0.874    -1.142    uart_inst/rx_data[1]
    SLICE_X69Y84         LUT3 (Prop_lut3_I2_O)        0.049    -1.093 f  uart_inst/sw[63]_i_4/O
                         net (fo=3, routed)           0.251    -0.842    uart_inst/sw[63]_i_4_n_0
    SLICE_X69Y84         LUT6 (Prop_lut6_I1_O)        0.136    -0.706 r  uart_inst/sw[62]_i_4/O
                         net (fo=4, routed)           0.546    -0.160    uart_inst/sw[62]_i_4_n_0
    SLICE_X69Y83         LUT2 (Prop_lut2_I0_O)        0.043    -0.117 r  uart_inst/sw[62]_i_3/O
                         net (fo=32, routed)          1.146     1.029    uart_inst/sw[62]_i_3_n_0
    SLICE_X67Y86         LUT6 (Prop_lut6_I2_O)        0.043     1.072 r  uart_inst/sw[28]_i_1/O
                         net (fo=1, routed)           0.000     1.072    twin_controller_inst/sw_reg[28]_0
    SLICE_X67Y86         FDCE                                         r  twin_controller_inst/sw_reg[28]/D
  -------------------------------------------------------------------    -------------------

                         (clock clk_out1_pll rise edge)
                                                     20.000    20.000 r  
    AD12                                              0.000    20.000 r  i_sys_clk_p (IN)
                         net (fo=0)                   0.000    20.000    pll_inst/inst/clk_in1_p
    AD12                 IBUFDS (Prop_ibufds_I_O)     0.803    20.803 r  pll_inst/inst/clkin1_ibufgds/O
                         net (fo=1, routed)           1.001    21.804    pll_inst/inst/clk_in1_pll
    PLLE2_ADV_X1Y1       PLLE2_ADV (Prop_plle2_adv_CLKIN1_CLKOUT0)
                                                     -7.261    14.543 r  pll_inst/inst/plle2_adv_inst/CLKOUT0
                         net (fo=1, routed)           2.003    16.546    pll_inst/inst/clk_out1_pll
    BUFGCTRL_X0Y1        BUFG (Prop_bufg_I_O)         0.083    16.629 r  pll_inst/inst/clkout1_buf/O
                         net (fo=546, routed)         1.425    18.054    twin_controller_inst/CLK
    SLICE_X67Y86         FDCE                                         r  twin_controller_inst/sw_reg[28]/C
                         clock pessimism             -0.373    17.682    
                         clock uncertainty           -0.065    17.617    
    SLICE_X67Y86         FDCE (Setup_fdce_C_D)        0.034    17.651    twin_controller_inst/sw_reg[28]
  -------------------------------------------------------------------
                         required time                         17.651    
                         arrival time                          -1.072    
  -------------------------------------------------------------------
                         slack                                 16.579    

Slack (MET) :             16.579ns  (required time - arrival time)
  Source:                 uart_inst/rx_data_reg[1]/C
                            (rising edge-triggered cell FDCE clocked by clk_out1_pll  {rise@0.000ns fall@10.000ns period=20.000ns})
  Destination:            twin_controller_inst/sw_reg[28]/D
                            (rising edge-triggered cell FDCE clocked by clk_out1_pll  {rise@0.000ns fall@10.000ns period=20.000ns})
  Path Group:             clk_out1_pll
  Path Type:              Setup (Max at Slow Process Corner)
  Requirement:            20.000ns  (clk_out1_pll rise@20.000ns - clk_out1_pll rise@0.000ns)
  Data Path Delay:        3.347ns  (logic 0.530ns (15.833%)  route 2.817ns (84.167%))
  Logic Levels:           4  (LUT2=1 LUT3=1 LUT6=2)
  Clock Path Skew:        -0.043ns (DCD - SCD + CPR)
    Destination Clock Delay (DCD):    -1.946ns = ( 18.054 - 20.000 ) 
    Source Clock Delay      (SCD):    -2.275ns
    Clock Pessimism Removal (CPR):    -0.373ns
  Clock Uncertainty:      0.065ns  ((TSJ^2 + DJ^2)^1/2) / 2 + PE
    Total System Jitter     (TSJ):    0.071ns
    Discrete Jitter          (DJ):    0.108ns
    Phase Error              (PE):    0.000ns

    Location             Delay type                Incr(ns)  Path(ns)    Netlist Resource(s)
  -------------------------------------------------------------------    -------------------
                         (clock clk_out1_pll rise edge)
                                                      0.000     0.000 r  
    AD12                                              0.000     0.000 r  i_sys_clk_p (IN)
                         net (fo=0)                   0.000     0.000    pll_inst/inst/clk_in1_p
    AD12                 IBUFDS (Prop_ibufds_I_O)     0.906     0.906 r  pll_inst/inst/clkin1_ibufgds/O
                         net (fo=1, routed)           1.098     2.004    pll_inst/inst/clk_in1_pll
    PLLE2_ADV_X1Y1       PLLE2_ADV (Prop_plle2_adv_CLKIN1_CLKOUT0)
                                                     -8.058    -6.054 r  pll_inst/inst/plle2_adv_inst/CLKOUT0
                         net (fo=1, routed)           2.128    -3.926    pll_inst/inst/clk_out1_pll
    BUFGCTRL_X0Y1        BUFG (Prop_bufg_I_O)         0.093    -3.833 r  pll_inst/inst/clkout1_buf/O
                         net (fo=546, routed)         1.558    -2.275    uart_inst/clk_out1
    SLICE_X74Y86         FDCE                                         r  uart_inst/rx_data_reg[1]/C
  -------------------------------------------------------------------    -------------------
    SLICE_X74Y86         FDCE (Prop_fdce_C_Q)         0.259    -2.016 f  uart_inst/rx_data_reg[1]/Q
                         net (fo=47, routed)          0.874    -1.142    uart_inst/rx_data[1]
    SLICE_X69Y84         LUT3 (Prop_lut3_I2_O)        0.049    -1.093 r  uart_inst/sw[63]_i_4/O
                         net (fo=3, routed)           0.251    -0.842    uart_inst/sw[63]_i_4_n_0
    SLICE_X69Y84         LUT6 (Prop_lut6_I1_O)        0.136    -0.706 f  uart_inst/sw[62]_i_4/O
                         net (fo=4, routed)           0.546    -0.160    uart_inst/sw[62]_i_4_n_0
    SLICE_X69Y83         LUT2 (Prop_lut2_I0_O)        0.043    -0.117 f  uart_inst/sw[62]_i_3/O
                         net (fo=32, routed)          1.146     1.029    uart_inst/sw[62]_i_3_n_0
    SLICE_X67Y86         LUT6 (Prop_lut6_I2_O)        0.043     1.072 r  uart_inst/sw[28]_i_1/O
                         net (fo=1, routed)           0.000     1.072    twin_controller_inst/sw_reg[28]_0
    SLICE_X67Y86         FDCE                                         r  twin_controller_inst/sw_reg[28]/D
  -------------------------------------------------------------------    -------------------

                         (clock clk_out1_pll rise edge)
                                                     20.000    20.000 r  
    AD12                                              0.000    20.000 r  i_sys_clk_p (IN)
                         net (fo=0)                   0.000    20.000    pll_inst/inst/clk_in1_p
    AD12                 IBUFDS (Prop_ibufds_I_O)     0.803    20.803 r  pll_inst/inst/clkin1_ibufgds/O
                         net (fo=1, routed)           1.001    21.804    pll_inst/inst/clk_in1_pll
    PLLE2_ADV_X1Y1       PLLE2_ADV (Prop_plle2_adv_CLKIN1_CLKOUT0)
                                                     -7.261    14.543 r  pll_inst/inst/plle2_adv_inst/CLKOUT0
                         net (fo=1, routed)           2.003    16.546    pll_inst/inst/clk_out1_pll
    BUFGCTRL_X0Y1        BUFG (Prop_bufg_I_O)         0.083    16.629 r  pll_inst/inst/clkout1_buf/O
                         net (fo=546, routed)         1.425    18.054    twin_controller_inst/CLK
    SLICE_X67Y86         FDCE                                         r  twin_controller_inst/sw_reg[28]/C
                         clock pessimism             -0.373    17.682    
                         clock uncertainty           -0.065    17.617    
    SLICE_X67Y86         FDCE (Setup_fdce_C_D)        0.034    17.651    twin_controller_inst/sw_reg[28]
  -------------------------------------------------------------------
                         required time                         17.651    
                         arrival time                          -1.072    
  -------------------------------------------------------------------
                         slack                                 16.579    

Slack (MET) :             16.579ns  (required time - arrival time)
  Source:                 uart_inst/rx_data_reg[1]/C
                            (rising edge-triggered cell FDCE clocked by clk_out1_pll  {rise@0.000ns fall@10.000ns period=20.000ns})
  Destination:            twin_controller_inst/sw_reg[28]/D
                            (rising edge-triggered cell FDCE clocked by clk_out1_pll  {rise@0.000ns fall@10.000ns period=20.000ns})
  Path Group:             clk_out1_pll
  Path Type:              Setup (Max at Slow Process Corner)
  Requirement:            20.000ns  (clk_out1_pll rise@20.000ns - clk_out1_pll rise@0.000ns)
  Data Path Delay:        3.347ns  (logic 0.530ns (15.833%)  route 2.817ns (84.167%))
  Logic Levels:           4  (LUT2=1 LUT3=1 LUT6=2)
  Clock Path Skew:        -0.043ns (DCD - SCD + CPR)
    Destination Clock Delay (DCD):    -1.946ns = ( 18.054 - 20.000 ) 
    Source Clock Delay      (SCD):    -2.275ns
    Clock Pessimism Removal (CPR):    -0.373ns
  Clock Uncertainty:      0.065ns  ((TSJ^2 + DJ^2)^1/2) / 2 + PE
    Total System Jitter     (TSJ):    0.071ns
    Discrete Jitter          (DJ):    0.108ns
    Phase Error              (PE):    0.000ns

    Location             Delay type                Incr(ns)  Path(ns)    Netlist Resource(s)
  -------------------------------------------------------------------    -------------------
                         (clock clk_out1_pll rise edge)
                                                      0.000     0.000 r  
    AD12                                              0.000     0.000 r  i_sys_clk_p (IN)
                         net (fo=0)                   0.000     0.000    pll_inst/inst/clk_in1_p
    AD12                 IBUFDS (Prop_ibufds_I_O)     0.906     0.906 r  pll_inst/inst/clkin1_ibufgds/O
                         net (fo=1, routed)           1.098     2.004    pll_inst/inst/clk_in1_pll
    PLLE2_ADV_X1Y1       PLLE2_ADV (Prop_plle2_adv_CLKIN1_CLKOUT0)
                                                     -8.058    -6.054 r  pll_inst/inst/plle2_adv_inst/CLKOUT0
                         net (fo=1, routed)           2.128    -3.926    pll_inst/inst/clk_out1_pll
    BUFGCTRL_X0Y1        BUFG (Prop_bufg_I_O)         0.093    -3.833 r  pll_inst/inst/clkout1_buf/O
                         net (fo=546, routed)         1.558    -2.275    uart_inst/clk_out1
    SLICE_X74Y86         FDCE                                         r  uart_inst/rx_data_reg[1]/C
  -------------------------------------------------------------------    -------------------
    SLICE_X74Y86         FDCE (Prop_fdce_C_Q)         0.259    -2.016 r  uart_inst/rx_data_reg[1]/Q
                         net (fo=47, routed)          0.874    -1.142    uart_inst/rx_data[1]
    SLICE_X69Y84         LUT3 (Prop_lut3_I2_O)        0.049    -1.093 f  uart_inst/sw[63]_i_4/O
                         net (fo=3, routed)           0.251    -0.842    uart_inst/sw[63]_i_4_n_0
    SLICE_X69Y84         LUT6 (Prop_lut6_I1_O)        0.136    -0.706 f  uart_inst/sw[62]_i_4/O
                         net (fo=4, routed)           0.546    -0.160    uart_inst/sw[62]_i_4_n_0
    SLICE_X69Y83         LUT2 (Prop_lut2_I0_O)        0.043    -0.117 f  uart_inst/sw[62]_i_3/O
                         net (fo=32, routed)          1.146     1.029    uart_inst/sw[62]_i_3_n_0
    SLICE_X67Y86         LUT6 (Prop_lut6_I2_O)        0.043     1.072 r  uart_inst/sw[28]_i_1/O
                         net (fo=1, routed)           0.000     1.072    twin_controller_inst/sw_reg[28]_0
    SLICE_X67Y86         FDCE                                         r  twin_controller_inst/sw_reg[28]/D
  -------------------------------------------------------------------    -------------------

                         (clock clk_out1_pll rise edge)
                                                     20.000    20.000 r  
    AD12                                              0.000    20.000 r  i_sys_clk_p (IN)
                         net (fo=0)                   0.000    20.000    pll_inst/inst/clk_in1_p
    AD12                 IBUFDS (Prop_ibufds_I_O)     0.803    20.803 r  pll_inst/inst/clkin1_ibufgds/O
                         net (fo=1, routed)           1.001    21.804    pll_inst/inst/clk_in1_pll
    PLLE2_ADV_X1Y1       PLLE2_ADV (Prop_plle2_adv_CLKIN1_CLKOUT0)
                                                     -7.261    14.543 r  pll_inst/inst/plle2_adv_inst/CLKOUT0
                         net (fo=1, routed)           2.003    16.546    pll_inst/inst/clk_out1_pll
    BUFGCTRL_X0Y1        BUFG (Prop_bufg_I_O)         0.083    16.629 r  pll_inst/inst/clkout1_buf/O
                         net (fo=546, routed)         1.425    18.054    twin_controller_inst/CLK
    SLICE_X67Y86         FDCE                                         r  twin_controller_inst/sw_reg[28]/C
                         clock pessimism             -0.373    17.682    
                         clock uncertainty           -0.065    17.617    
    SLICE_X67Y86         FDCE (Setup_fdce_C_D)        0.034    17.651    twin_controller_inst/sw_reg[28]
  -------------------------------------------------------------------
                         required time                         17.651    
                         arrival time                          -1.072    
  -------------------------------------------------------------------
                         slack                                 16.579    

Slack (MET) :             16.579ns  (required time - arrival time)
  Source:                 uart_inst/rx_data_reg[1]/C
                            (rising edge-triggered cell FDCE clocked by clk_out1_pll  {rise@0.000ns fall@10.000ns period=20.000ns})
  Destination:            twin_controller_inst/sw_reg[28]/D
                            (rising edge-triggered cell FDCE clocked by clk_out1_pll  {rise@0.000ns fall@10.000ns period=20.000ns})
  Path Group:             clk_out1_pll
  Path Type:              Setup (Max at Slow Process Corner)
  Requirement:            20.000ns  (clk_out1_pll rise@20.000ns - clk_out1_pll rise@0.000ns)
  Data Path Delay:        3.347ns  (logic 0.530ns (15.833%)  route 2.817ns (84.167%))
  Logic Levels:           4  (LUT2=1 LUT3=1 LUT6=2)
  Clock Path Skew:        -0.043ns (DCD - SCD + CPR)
    Destination Clock Delay (DCD):    -1.946ns = ( 18.054 - 20.000 ) 
    Source Clock Delay      (SCD):    -2.275ns
    Clock Pessimism Removal (CPR):    -0.373ns
  Clock Uncertainty:      0.065ns  ((TSJ^2 + DJ^2)^1/2) / 2 + PE
    Total System Jitter     (TSJ):    0.071ns
    Discrete Jitter          (DJ):    0.108ns
    Phase Error              (PE):    0.000ns

    Location             Delay type                Incr(ns)  Path(ns)    Netlist Resource(s)
  -------------------------------------------------------------------    -------------------
                         (clock clk_out1_pll rise edge)
                                                      0.000     0.000 r  
    AD12                                              0.000     0.000 r  i_sys_clk_p (IN)
                         net (fo=0)                   0.000     0.000    pll_inst/inst/clk_in1_p
    AD12                 IBUFDS (Prop_ibufds_I_O)     0.906     0.906 r  pll_inst/inst/clkin1_ibufgds/O
                         net (fo=1, routed)           1.098     2.004    pll_inst/inst/clk_in1_pll
    PLLE2_ADV_X1Y1       PLLE2_ADV (Prop_plle2_adv_CLKIN1_CLKOUT0)
                                                     -8.058    -6.054 r  pll_inst/inst/plle2_adv_inst/CLKOUT0
                         net (fo=1, routed)           2.128    -3.926    pll_inst/inst/clk_out1_pll
    BUFGCTRL_X0Y1        BUFG (Prop_bufg_I_O)         0.093    -3.833 r  pll_inst/inst/clkout1_buf/O
                         net (fo=546, routed)         1.558    -2.275    uart_inst/clk_out1
    SLICE_X74Y86         FDCE                                         r  uart_inst/rx_data_reg[1]/C
  -------------------------------------------------------------------    -------------------
    SLICE_X74Y86         FDCE (Prop_fdce_C_Q)         0.259    -2.016 f  uart_inst/rx_data_reg[1]/Q
                         net (fo=47, routed)          0.874    -1.142    uart_inst/rx_data[1]
    SLICE_X69Y84         LUT3 (Prop_lut3_I2_O)        0.049    -1.093 r  uart_inst/sw[63]_i_4/O
                         net (fo=3, routed)           0.251    -0.842    uart_inst/sw[63]_i_4_n_0
    SLICE_X69Y84         LUT6 (Prop_lut6_I1_O)        0.136    -0.706 r  uart_inst/sw[62]_i_4/O
                         net (fo=4, routed)           0.546    -0.160    uart_inst/sw[62]_i_4_n_0
    SLICE_X69Y83         LUT2 (Prop_lut2_I0_O)        0.043    -0.117 r  uart_inst/sw[62]_i_3/O
                         net (fo=32, routed)          1.146     1.029    uart_inst/sw[62]_i_3_n_0
    SLICE_X67Y86         LUT6 (Prop_lut6_I2_O)        0.043     1.072 f  uart_inst/sw[28]_i_1/O
                         net (fo=1, routed)           0.000     1.072    twin_controller_inst/sw_reg[28]_0
    SLICE_X67Y86         FDCE                                         f  twin_controller_inst/sw_reg[28]/D
  -------------------------------------------------------------------    -------------------

                         (clock clk_out1_pll rise edge)
                                                     20.000    20.000 r  
    AD12                                              0.000    20.000 r  i_sys_clk_p (IN)
                         net (fo=0)                   0.000    20.000    pll_inst/inst/clk_in1_p
    AD12                 IBUFDS (Prop_ibufds_I_O)     0.803    20.803 r  pll_inst/inst/clkin1_ibufgds/O
                         net (fo=1, routed)           1.001    21.804    pll_inst/inst/clk_in1_pll
    PLLE2_ADV_X1Y1       PLLE2_ADV (Prop_plle2_adv_CLKIN1_CLKOUT0)
                                                     -7.261    14.543 r  pll_inst/inst/plle2_adv_inst/CLKOUT0
                         net (fo=1, routed)           2.003    16.546    pll_inst/inst/clk_out1_pll
    BUFGCTRL_X0Y1        BUFG (Prop_bufg_I_O)         0.083    16.629 r  pll_inst/inst/clkout1_buf/O
                         net (fo=546, routed)         1.425    18.054    twin_controller_inst/CLK
    SLICE_X67Y86         FDCE                                         r  twin_controller_inst/sw_reg[28]/C
                         clock pessimism             -0.373    17.682    
                         clock uncertainty           -0.065    17.617    
    SLICE_X67Y86         FDCE (Setup_fdce_C_D)        0.034    17.651    twin_controller_inst/sw_reg[28]
  -------------------------------------------------------------------
                         required time                         17.651    
                         arrival time                          -1.072    
  -------------------------------------------------------------------
                         slack                                 16.579    

Slack (MET) :             16.668ns  (required time - arrival time)
  Source:                 student_top_inst/bridge_inst/counter_inst/cnt_1ms_reg[10]/C
                            (rising edge-triggered cell FDRE clocked by clk_out1_pll  {rise@0.000ns fall@10.000ns period=20.000ns})
  Destination:            student_top_inst/bridge_inst/counter_inst/cnt_ms_bin_reg[4]/CE
                            (rising edge-triggered cell FDRE clocked by clk_out1_pll  {rise@0.000ns fall@10.000ns period=20.000ns})
  Path Group:             clk_out1_pll
  Path Type:              Setup (Max at Slow Process Corner)
  Requirement:            20.000ns  (clk_out1_pll rise@20.000ns - clk_out1_pll rise@0.000ns)
  Data Path Delay:        2.947ns  (logic 0.405ns (13.742%)  route 2.542ns (86.258%))
  Logic Levels:           4  (LUT2=1 LUT4=1 LUT5=1 LUT6=1)
  Clock Path Skew:        -0.047ns (DCD - SCD + CPR)
    Destination Clock Delay (DCD):    -1.944ns = ( 18.056 - 20.000 ) 
    Source Clock Delay      (SCD):    -2.269ns
    Clock Pessimism Removal (CPR):    -0.373ns
  Clock Uncertainty:      0.065ns  ((TSJ^2 + DJ^2)^1/2) / 2 + PE
    Total System Jitter     (TSJ):    0.071ns
    Discrete Jitter          (DJ):    0.108ns
    Phase Error              (PE):    0.000ns

    Location             Delay type                Incr(ns)  Path(ns)    Netlist Resource(s)
  -------------------------------------------------------------------    -------------------
                         (clock clk_out1_pll rise edge)
                                                      0.000     0.000 r  
    AD12                                              0.000     0.000 r  i_sys_clk_p (IN)
                         net (fo=0)                   0.000     0.000    pll_inst/inst/clk_in1_p
    AD12                 IBUFDS (Prop_ibufds_I_O)     0.906     0.906 r  pll_inst/inst/clkin1_ibufgds/O
                         net (fo=1, routed)           1.098     2.004    pll_inst/inst/clk_in1_pll
    PLLE2_ADV_X1Y1       PLLE2_ADV (Prop_plle2_adv_CLKIN1_CLKOUT0)
                                                     -8.058    -6.054 r  pll_inst/inst/plle2_adv_inst/CLKOUT0
                         net (fo=1, routed)           2.128    -3.926    pll_inst/inst/clk_out1_pll
    BUFGCTRL_X0Y1        BUFG (Prop_bufg_I_O)         0.093    -3.833 r  pll_inst/inst/clkout1_buf/O
                         net (fo=546, routed)         1.564    -2.269    student_top_inst/bridge_inst/counter_inst/clk_out1
    SLICE_X68Y92         FDRE                                         r  student_top_inst/bridge_inst/counter_inst/cnt_1ms_reg[10]/C
  -------------------------------------------------------------------    -------------------
    SLICE_X68Y92         FDRE (Prop_fdre_C_Q)         0.223    -2.046 f  student_top_inst/bridge_inst/counter_inst/cnt_1ms_reg[10]/Q
                         net (fo=2, routed)           0.494    -1.552    student_top_inst/bridge_inst/counter_inst/cnt_1ms_reg[10]
    SLICE_X69Y92         LUT4 (Prop_lut4_I2_O)        0.043    -1.509 f  student_top_inst/bridge_inst/counter_inst/cnt_1ms[0]_i_7/O
                         net (fo=1, routed)           0.433    -1.077    student_top_inst/bridge_inst/counter_inst/cnt_1ms[0]_i_7_n_0
    SLICE_X69Y91         LUT5 (Prop_lut5_I4_O)        0.043    -1.034 f  student_top_inst/bridge_inst/counter_inst/cnt_1ms[0]_i_6/O
                         net (fo=1, routed)           0.232    -0.802    student_top_inst/bridge_inst/counter_inst/cnt_1ms[0]_i_6_n_0
    SLICE_X69Y91         LUT6 (Prop_lut6_I5_O)        0.043    -0.759 r  student_top_inst/bridge_inst/counter_inst/cnt_1ms[0]_i_3/O
                         net (fo=2, routed)           0.364    -0.395    student_top_inst/bridge_inst/counter_inst/cnt_1ms[0]_i_3_n_0
    SLICE_X66Y90         LUT2 (Prop_lut2_I1_O)        0.053    -0.342 r  student_top_inst/bridge_inst/counter_inst/cnt_ms_bin[0]_i_2/O
                         net (fo=32, routed)          1.020     0.678    student_top_inst/bridge_inst/counter_inst/cnt_ms_bin[0]_i_2_n_0
    SLICE_X52Y85         FDRE                                         r  student_top_inst/bridge_inst/counter_inst/cnt_ms_bin_reg[4]/CE
  -------------------------------------------------------------------    -------------------

                         (clock clk_out1_pll rise edge)
                                                     20.000    20.000 r  
    AD12                                              0.000    20.000 r  i_sys_clk_p (IN)
                         net (fo=0)                   0.000    20.000    pll_inst/inst/clk_in1_p
    AD12                 IBUFDS (Prop_ibufds_I_O)     0.803    20.803 r  pll_inst/inst/clkin1_ibufgds/O
                         net (fo=1, routed)           1.001    21.804    pll_inst/inst/clk_in1_pll
    PLLE2_ADV_X1Y1       PLLE2_ADV (Prop_plle2_adv_CLKIN1_CLKOUT0)
                                                     -7.261    14.543 r  pll_inst/inst/plle2_adv_inst/CLKOUT0
                         net (fo=1, routed)           2.003    16.546    pll_inst/inst/clk_out1_pll
    BUFGCTRL_X0Y1        BUFG (Prop_bufg_I_O)         0.083    16.629 r  pll_inst/inst/clkout1_buf/O
                         net (fo=546, routed)         1.427    18.056    student_top_inst/bridge_inst/counter_inst/clk_out1
    SLICE_X52Y85         FDRE                                         r  student_top_inst/bridge_inst/counter_inst/cnt_ms_bin_reg[4]/C
                         clock pessimism             -0.373    17.684    
                         clock uncertainty           -0.065    17.619    
    SLICE_X52Y85         FDRE (Setup_fdre_C_CE)      -0.273    17.346    student_top_inst/bridge_inst/counter_inst/cnt_ms_bin_reg[4]
  -------------------------------------------------------------------
                         required time                         17.346    
                         arrival time                          -0.678    
  -------------------------------------------------------------------
                         slack                                 16.668    

Slack (MET) :             16.668ns  (required time - arrival time)
  Source:                 student_top_inst/bridge_inst/counter_inst/cnt_1ms_reg[10]/C
                            (rising edge-triggered cell FDRE clocked by clk_out1_pll  {rise@0.000ns fall@10.000ns period=20.000ns})
  Destination:            student_top_inst/bridge_inst/counter_inst/cnt_ms_bin_reg[4]/CE
                            (rising edge-triggered cell FDRE clocked by clk_out1_pll  {rise@0.000ns fall@10.000ns period=20.000ns})
  Path Group:             clk_out1_pll
  Path Type:              Setup (Max at Slow Process Corner)
  Requirement:            20.000ns  (clk_out1_pll rise@20.000ns - clk_out1_pll rise@0.000ns)
  Data Path Delay:        2.947ns  (logic 0.405ns (13.742%)  route 2.542ns (86.258%))
  Logic Levels:           4  (LUT2=1 LUT4=1 LUT5=1 LUT6=1)
  Clock Path Skew:        -0.047ns (DCD - SCD + CPR)
    Destination Clock Delay (DCD):    -1.944ns = ( 18.056 - 20.000 ) 
    Source Clock Delay      (SCD):    -2.269ns
    Clock Pessimism Removal (CPR):    -0.373ns
  Clock Uncertainty:      0.065ns  ((TSJ^2 + DJ^2)^1/2) / 2 + PE
    Total System Jitter     (TSJ):    0.071ns
    Discrete Jitter          (DJ):    0.108ns
    Phase Error              (PE):    0.000ns

    Location             Delay type                Incr(ns)  Path(ns)    Netlist Resource(s)
  -------------------------------------------------------------------    -------------------
                         (clock clk_out1_pll rise edge)
                                                      0.000     0.000 r  
    AD12                                              0.000     0.000 r  i_sys_clk_p (IN)
                         net (fo=0)                   0.000     0.000    pll_inst/inst/clk_in1_p
    AD12                 IBUFDS (Prop_ibufds_I_O)     0.906     0.906 r  pll_inst/inst/clkin1_ibufgds/O
                         net (fo=1, routed)           1.098     2.004    pll_inst/inst/clk_in1_pll
    PLLE2_ADV_X1Y1       PLLE2_ADV (Prop_plle2_adv_CLKIN1_CLKOUT0)
                                                     -8.058    -6.054 r  pll_inst/inst/plle2_adv_inst/CLKOUT0
                         net (fo=1, routed)           2.128    -3.926    pll_inst/inst/clk_out1_pll
    BUFGCTRL_X0Y1        BUFG (Prop_bufg_I_O)         0.093    -3.833 r  pll_inst/inst/clkout1_buf/O
                         net (fo=546, routed)         1.564    -2.269    student_top_inst/bridge_inst/counter_inst/clk_out1
    SLICE_X68Y92         FDRE                                         r  student_top_inst/bridge_inst/counter_inst/cnt_1ms_reg[10]/C
  -------------------------------------------------------------------    -------------------
    SLICE_X68Y92         FDRE (Prop_fdre_C_Q)         0.223    -2.046 r  student_top_inst/bridge_inst/counter_inst/cnt_1ms_reg[10]/Q
                         net (fo=2, routed)           0.494    -1.552    student_top_inst/bridge_inst/counter_inst/cnt_1ms_reg[10]
    SLICE_X69Y92         LUT4 (Prop_lut4_I2_O)        0.043    -1.509 r  student_top_inst/bridge_inst/counter_inst/cnt_1ms[0]_i_7/O
                         net (fo=1, routed)           0.433    -1.077    student_top_inst/bridge_inst/counter_inst/cnt_1ms[0]_i_7_n_0
    SLICE_X69Y91         LUT5 (Prop_lut5_I4_O)        0.043    -1.034 r  student_top_inst/bridge_inst/counter_inst/cnt_1ms[0]_i_6/O
                         net (fo=1, routed)           0.232    -0.802    student_top_inst/bridge_inst/counter_inst/cnt_1ms[0]_i_6_n_0
    SLICE_X69Y91         LUT6 (Prop_lut6_I5_O)        0.043    -0.759 f  student_top_inst/bridge_inst/counter_inst/cnt_1ms[0]_i_3/O
                         net (fo=2, routed)           0.364    -0.395    student_top_inst/bridge_inst/counter_inst/cnt_1ms[0]_i_3_n_0
    SLICE_X66Y90         LUT2 (Prop_lut2_I1_O)        0.053    -0.342 f  student_top_inst/bridge_inst/counter_inst/cnt_ms_bin[0]_i_2/O
                         net (fo=32, routed)          1.020     0.678    student_top_inst/bridge_inst/counter_inst/cnt_ms_bin[0]_i_2_n_0
    SLICE_X52Y85         FDRE                                         f  student_top_inst/bridge_inst/counter_inst/cnt_ms_bin_reg[4]/CE
  -------------------------------------------------------------------    -------------------

                         (clock clk_out1_pll rise edge)
                                                     20.000    20.000 r  
    AD12                                              0.000    20.000 r  i_sys_clk_p (IN)
                         net (fo=0)                   0.000    20.000    pll_inst/inst/clk_in1_p
    AD12                 IBUFDS (Prop_ibufds_I_O)     0.803    20.803 r  pll_inst/inst/clkin1_ibufgds/O
                         net (fo=1, routed)           1.001    21.804    pll_inst/inst/clk_in1_pll
    PLLE2_ADV_X1Y1       PLLE2_ADV (Prop_plle2_adv_CLKIN1_CLKOUT0)
                                                     -7.261    14.543 r  pll_inst/inst/plle2_adv_inst/CLKOUT0
                         net (fo=1, routed)           2.003    16.546    pll_inst/inst/clk_out1_pll
    BUFGCTRL_X0Y1        BUFG (Prop_bufg_I_O)         0.083    16.629 r  pll_inst/inst/clkout1_buf/O
                         net (fo=546, routed)         1.427    18.056    student_top_inst/bridge_inst/counter_inst/clk_out1
    SLICE_X52Y85         FDRE                                         r  student_top_inst/bridge_inst/counter_inst/cnt_ms_bin_reg[4]/C
                         clock pessimism             -0.373    17.684    
                         clock uncertainty           -0.065    17.619    
    SLICE_X52Y85         FDRE (Setup_fdre_C_CE)      -0.273    17.346    student_top_inst/bridge_inst/counter_inst/cnt_ms_bin_reg[4]
  -------------------------------------------------------------------
                         required time                         17.346    
                         arrival time                          -0.678    
  -------------------------------------------------------------------
                         slack                                 16.668    

Slack (MET) :             16.686ns  (required time - arrival time)
  Source:                 uart_inst/rx_data_reg[1]/C
                            (rising edge-triggered cell FDCE clocked by clk_out1_pll  {rise@0.000ns fall@10.000ns period=20.000ns})
  Destination:            twin_controller_inst/sw_reg[3]/D
                            (rising edge-triggered cell FDCE clocked by clk_out1_pll  {rise@0.000ns fall@10.000ns period=20.000ns})
  Path Group:             clk_out1_pll
  Path Type:              Setup (Max at Slow Process Corner)
  Requirement:            20.000ns  (clk_out1_pll rise@20.000ns - clk_out1_pll rise@0.000ns)
  Data Path Delay:        3.240ns  (logic 0.530ns (16.360%)  route 2.710ns (83.640%))
  Logic Levels:           4  (LUT2=1 LUT3=1 LUT6=2)
  Clock Path Skew:        -0.044ns (DCD - SCD + CPR)
    Destination Clock Delay (DCD):    -1.947ns = ( 18.053 - 20.000 ) 
    Source Clock Delay      (SCD):    -2.275ns
    Clock Pessimism Removal (CPR):    -0.373ns
  Clock Uncertainty:      0.065ns  ((TSJ^2 + DJ^2)^1/2) / 2 + PE
    Total System Jitter     (TSJ):    0.071ns
    Discrete Jitter          (DJ):    0.108ns
    Phase Error              (PE):    0.000ns

    Location             Delay type                Incr(ns)  Path(ns)    Netlist Resource(s)
  -------------------------------------------------------------------    -------------------
                         (clock clk_out1_pll rise edge)
                                                      0.000     0.000 r  
    AD12                                              0.000     0.000 r  i_sys_clk_p (IN)
                         net (fo=0)                   0.000     0.000    pll_inst/inst/clk_in1_p
    AD12                 IBUFDS (Prop_ibufds_I_O)     0.906     0.906 r  pll_inst/inst/clkin1_ibufgds/O
                         net (fo=1, routed)           1.098     2.004    pll_inst/inst/clk_in1_pll
    PLLE2_ADV_X1Y1       PLLE2_ADV (Prop_plle2_adv_CLKIN1_CLKOUT0)
                                                     -8.058    -6.054 r  pll_inst/inst/plle2_adv_inst/CLKOUT0
                         net (fo=1, routed)           2.128    -3.926    pll_inst/inst/clk_out1_pll
    BUFGCTRL_X0Y1        BUFG (Prop_bufg_I_O)         0.093    -3.833 r  pll_inst/inst/clkout1_buf/O
                         net (fo=546, routed)         1.558    -2.275    uart_inst/clk_out1
    SLICE_X74Y86         FDCE                                         r  uart_inst/rx_data_reg[1]/C
  -------------------------------------------------------------------    -------------------
    SLICE_X74Y86         FDCE (Prop_fdce_C_Q)         0.259    -2.016 f  uart_inst/rx_data_reg[1]/Q
                         net (fo=47, routed)          0.874    -1.142    uart_inst/rx_data[1]
    SLICE_X69Y84         LUT3 (Prop_lut3_I2_O)        0.049    -1.093 r  uart_inst/sw[63]_i_4/O
                         net (fo=3, routed)           0.251    -0.842    uart_inst/sw[63]_i_4_n_0
    SLICE_X69Y84         LUT6 (Prop_lut6_I1_O)        0.136    -0.706 r  uart_inst/sw[62]_i_4/O
                         net (fo=4, routed)           0.546    -0.160    uart_inst/sw[62]_i_4_n_0
    SLICE_X69Y83         LUT2 (Prop_lut2_I0_O)        0.043    -0.117 r  uart_inst/sw[62]_i_3/O
                         net (fo=32, routed)          1.038     0.921    uart_inst/sw[62]_i_3_n_0
    SLICE_X59Y83         LUT6 (Prop_lut6_I2_O)        0.043     0.964 r  uart_inst/sw[3]_i_1/O
                         net (fo=1, routed)           0.000     0.964    twin_controller_inst/sw_reg[3]_0
    SLICE_X59Y83         FDCE                                         r  twin_controller_inst/sw_reg[3]/D
  -------------------------------------------------------------------    -------------------

                         (clock clk_out1_pll rise edge)
                                                     20.000    20.000 r  
    AD12                                              0.000    20.000 r  i_sys_clk_p (IN)
                         net (fo=0)                   0.000    20.000    pll_inst/inst/clk_in1_p
    AD12                 IBUFDS (Prop_ibufds_I_O)     0.803    20.803 r  pll_inst/inst/clkin1_ibufgds/O
                         net (fo=1, routed)           1.001    21.804    pll_inst/inst/clk_in1_pll
    PLLE2_ADV_X1Y1       PLLE2_ADV (Prop_plle2_adv_CLKIN1_CLKOUT0)
                                                     -7.261    14.543 r  pll_inst/inst/plle2_adv_inst/CLKOUT0
                         net (fo=1, routed)           2.003    16.546    pll_inst/inst/clk_out1_pll
    BUFGCTRL_X0Y1        BUFG (Prop_bufg_I_O)         0.083    16.629 r  pll_inst/inst/clkout1_buf/O
                         net (fo=546, routed)         1.424    18.053    twin_controller_inst/CLK
    SLICE_X59Y83         FDCE                                         r  twin_controller_inst/sw_reg[3]/C
                         clock pessimism             -0.373    17.681    
                         clock uncertainty           -0.065    17.616    
    SLICE_X59Y83         FDCE (Setup_fdce_C_D)        0.034    17.650    twin_controller_inst/sw_reg[3]
  -------------------------------------------------------------------
                         required time                         17.650    
                         arrival time                          -0.964    
  -------------------------------------------------------------------
                         slack                                 16.686    

Slack (MET) :             16.686ns  (required time - arrival time)
  Source:                 uart_inst/rx_data_reg[1]/C
                            (rising edge-triggered cell FDCE clocked by clk_out1_pll  {rise@0.000ns fall@10.000ns period=20.000ns})
  Destination:            twin_controller_inst/sw_reg[3]/D
                            (rising edge-triggered cell FDCE clocked by clk_out1_pll  {rise@0.000ns fall@10.000ns period=20.000ns})
  Path Group:             clk_out1_pll
  Path Type:              Setup (Max at Slow Process Corner)
  Requirement:            20.000ns  (clk_out1_pll rise@20.000ns - clk_out1_pll rise@0.000ns)
  Data Path Delay:        3.240ns  (logic 0.530ns (16.360%)  route 2.710ns (83.640%))
  Logic Levels:           4  (LUT2=1 LUT3=1 LUT6=2)
  Clock Path Skew:        -0.044ns (DCD - SCD + CPR)
    Destination Clock Delay (DCD):    -1.947ns = ( 18.053 - 20.000 ) 
    Source Clock Delay      (SCD):    -2.275ns
    Clock Pessimism Removal (CPR):    -0.373ns
  Clock Uncertainty:      0.065ns  ((TSJ^2 + DJ^2)^1/2) / 2 + PE
    Total System Jitter     (TSJ):    0.071ns
    Discrete Jitter          (DJ):    0.108ns
    Phase Error              (PE):    0.000ns

    Location             Delay type                Incr(ns)  Path(ns)    Netlist Resource(s)
  -------------------------------------------------------------------    -------------------
                         (clock clk_out1_pll rise edge)
                                                      0.000     0.000 r  
    AD12                                              0.000     0.000 r  i_sys_clk_p (IN)
                         net (fo=0)                   0.000     0.000    pll_inst/inst/clk_in1_p
    AD12                 IBUFDS (Prop_ibufds_I_O)     0.906     0.906 r  pll_inst/inst/clkin1_ibufgds/O
                         net (fo=1, routed)           1.098     2.004    pll_inst/inst/clk_in1_pll
    PLLE2_ADV_X1Y1       PLLE2_ADV (Prop_plle2_adv_CLKIN1_CLKOUT0)
                                                     -8.058    -6.054 r  pll_inst/inst/plle2_adv_inst/CLKOUT0
                         net (fo=1, routed)           2.128    -3.926    pll_inst/inst/clk_out1_pll
    BUFGCTRL_X0Y1        BUFG (Prop_bufg_I_O)         0.093    -3.833 r  pll_inst/inst/clkout1_buf/O
                         net (fo=546, routed)         1.558    -2.275    uart_inst/clk_out1
    SLICE_X74Y86         FDCE                                         r  uart_inst/rx_data_reg[1]/C
  -------------------------------------------------------------------    -------------------
    SLICE_X74Y86         FDCE (Prop_fdce_C_Q)         0.259    -2.016 r  uart_inst/rx_data_reg[1]/Q
                         net (fo=47, routed)          0.874    -1.142    uart_inst/rx_data[1]
    SLICE_X69Y84         LUT3 (Prop_lut3_I2_O)        0.049    -1.093 f  uart_inst/sw[63]_i_4/O
                         net (fo=3, routed)           0.251    -0.842    uart_inst/sw[63]_i_4_n_0
    SLICE_X69Y84         LUT6 (Prop_lut6_I1_O)        0.136    -0.706 r  uart_inst/sw[62]_i_4/O
                         net (fo=4, routed)           0.546    -0.160    uart_inst/sw[62]_i_4_n_0
    SLICE_X69Y83         LUT2 (Prop_lut2_I0_O)        0.043    -0.117 r  uart_inst/sw[62]_i_3/O
                         net (fo=32, routed)          1.038     0.921    uart_inst/sw[62]_i_3_n_0
    SLICE_X59Y83         LUT6 (Prop_lut6_I2_O)        0.043     0.964 r  uart_inst/sw[3]_i_1/O
                         net (fo=1, routed)           0.000     0.964    twin_controller_inst/sw_reg[3]_0
    SLICE_X59Y83         FDCE                                         r  twin_controller_inst/sw_reg[3]/D
  -------------------------------------------------------------------    -------------------

                         (clock clk_out1_pll rise edge)
                                                     20.000    20.000 r  
    AD12                                              0.000    20.000 r  i_sys_clk_p (IN)
                         net (fo=0)                   0.000    20.000    pll_inst/inst/clk_in1_p
    AD12                 IBUFDS (Prop_ibufds_I_O)     0.803    20.803 r  pll_inst/inst/clkin1_ibufgds/O
                         net (fo=1, routed)           1.001    21.804    pll_inst/inst/clk_in1_pll
    PLLE2_ADV_X1Y1       PLLE2_ADV (Prop_plle2_adv_CLKIN1_CLKOUT0)
                                                     -7.261    14.543 r  pll_inst/inst/plle2_adv_inst/CLKOUT0
                         net (fo=1, routed)           2.003    16.546    pll_inst/inst/clk_out1_pll
    BUFGCTRL_X0Y1        BUFG (Prop_bufg_I_O)         0.083    16.629 r  pll_inst/inst/clkout1_buf/O
                         net (fo=546, routed)         1.424    18.053    twin_controller_inst/CLK
    SLICE_X59Y83         FDCE                                         r  twin_controller_inst/sw_reg[3]/C
                         clock pessimism             -0.373    17.681    
                         clock uncertainty           -0.065    17.616    
    SLICE_X59Y83         FDCE (Setup_fdce_C_D)        0.034    17.650    twin_controller_inst/sw_reg[3]
  -------------------------------------------------------------------
                         required time                         17.650    
                         arrival time                          -0.964    
  -------------------------------------------------------------------
                         slack                                 16.686    

Slack (MET) :             16.686ns  (required time - arrival time)
  Source:                 uart_inst/rx_data_reg[1]/C
                            (rising edge-triggered cell FDCE clocked by clk_out1_pll  {rise@0.000ns fall@10.000ns period=20.000ns})
  Destination:            twin_controller_inst/sw_reg[3]/D
                            (rising edge-triggered cell FDCE clocked by clk_out1_pll  {rise@0.000ns fall@10.000ns period=20.000ns})
  Path Group:             clk_out1_pll
  Path Type:              Setup (Max at Slow Process Corner)
  Requirement:            20.000ns  (clk_out1_pll rise@20.000ns - clk_out1_pll rise@0.000ns)
  Data Path Delay:        3.240ns  (logic 0.530ns (16.360%)  route 2.710ns (83.640%))
  Logic Levels:           4  (LUT2=1 LUT3=1 LUT6=2)
  Clock Path Skew:        -0.044ns (DCD - SCD + CPR)
    Destination Clock Delay (DCD):    -1.947ns = ( 18.053 - 20.000 ) 
    Source Clock Delay      (SCD):    -2.275ns
    Clock Pessimism Removal (CPR):    -0.373ns
  Clock Uncertainty:      0.065ns  ((TSJ^2 + DJ^2)^1/2) / 2 + PE
    Total System Jitter     (TSJ):    0.071ns
    Discrete Jitter          (DJ):    0.108ns
    Phase Error              (PE):    0.000ns

    Location             Delay type                Incr(ns)  Path(ns)    Netlist Resource(s)
  -------------------------------------------------------------------    -------------------
                         (clock clk_out1_pll rise edge)
                                                      0.000     0.000 r  
    AD12                                              0.000     0.000 r  i_sys_clk_p (IN)
                         net (fo=0)                   0.000     0.000    pll_inst/inst/clk_in1_p
    AD12                 IBUFDS (Prop_ibufds_I_O)     0.906     0.906 r  pll_inst/inst/clkin1_ibufgds/O
                         net (fo=1, routed)           1.098     2.004    pll_inst/inst/clk_in1_pll
    PLLE2_ADV_X1Y1       PLLE2_ADV (Prop_plle2_adv_CLKIN1_CLKOUT0)
                                                     -8.058    -6.054 r  pll_inst/inst/plle2_adv_inst/CLKOUT0
                         net (fo=1, routed)           2.128    -3.926    pll_inst/inst/clk_out1_pll
    BUFGCTRL_X0Y1        BUFG (Prop_bufg_I_O)         0.093    -3.833 r  pll_inst/inst/clkout1_buf/O
                         net (fo=546, routed)         1.558    -2.275    uart_inst/clk_out1
    SLICE_X74Y86         FDCE                                         r  uart_inst/rx_data_reg[1]/C
  -------------------------------------------------------------------    -------------------
    SLICE_X74Y86         FDCE (Prop_fdce_C_Q)         0.259    -2.016 f  uart_inst/rx_data_reg[1]/Q
                         net (fo=47, routed)          0.874    -1.142    uart_inst/rx_data[1]
    SLICE_X69Y84         LUT3 (Prop_lut3_I2_O)        0.049    -1.093 r  uart_inst/sw[63]_i_4/O
                         net (fo=3, routed)           0.251    -0.842    uart_inst/sw[63]_i_4_n_0
    SLICE_X69Y84         LUT6 (Prop_lut6_I1_O)        0.136    -0.706 f  uart_inst/sw[62]_i_4/O
                         net (fo=4, routed)           0.546    -0.160    uart_inst/sw[62]_i_4_n_0
    SLICE_X69Y83         LUT2 (Prop_lut2_I0_O)        0.043    -0.117 f  uart_inst/sw[62]_i_3/O
                         net (fo=32, routed)          1.038     0.921    uart_inst/sw[62]_i_3_n_0
    SLICE_X59Y83         LUT6 (Prop_lut6_I2_O)        0.043     0.964 r  uart_inst/sw[3]_i_1/O
                         net (fo=1, routed)           0.000     0.964    twin_controller_inst/sw_reg[3]_0
    SLICE_X59Y83         FDCE                                         r  twin_controller_inst/sw_reg[3]/D
  -------------------------------------------------------------------    -------------------

                         (clock clk_out1_pll rise edge)
                                                     20.000    20.000 r  
    AD12                                              0.000    20.000 r  i_sys_clk_p (IN)
                         net (fo=0)                   0.000    20.000    pll_inst/inst/clk_in1_p
    AD12                 IBUFDS (Prop_ibufds_I_O)     0.803    20.803 r  pll_inst/inst/clkin1_ibufgds/O
                         net (fo=1, routed)           1.001    21.804    pll_inst/inst/clk_in1_pll
    PLLE2_ADV_X1Y1       PLLE2_ADV (Prop_plle2_adv_CLKIN1_CLKOUT0)
                                                     -7.261    14.543 r  pll_inst/inst/plle2_adv_inst/CLKOUT0
                         net (fo=1, routed)           2.003    16.546    pll_inst/inst/clk_out1_pll
    BUFGCTRL_X0Y1        BUFG (Prop_bufg_I_O)         0.083    16.629 r  pll_inst/inst/clkout1_buf/O
                         net (fo=546, routed)         1.424    18.053    twin_controller_inst/CLK
    SLICE_X59Y83         FDCE                                         r  twin_controller_inst/sw_reg[3]/C
                         clock pessimism             -0.373    17.681    
                         clock uncertainty           -0.065    17.616    
    SLICE_X59Y83         FDCE (Setup_fdce_C_D)        0.034    17.650    twin_controller_inst/sw_reg[3]
  -------------------------------------------------------------------
                         required time                         17.650    
                         arrival time                          -0.964    
  -------------------------------------------------------------------
                         slack                                 16.686    




