Copyright 1986-2022 Xilinx, Inc. All Rights Reserved. Copyright 2022-2023 Advanced Micro Devices, Inc. All Rights Reserved.
----------------------------------------------------------------------------------------------------------------------------------------------------------------------------------------------------------------------------------------
| Tool Version : Vivado v.2023.2 (win64) Build 4029153 Fri Oct 13 20:14:34 MDT 2023
| Date         : Wed Jun  3 19:21:47 2026
| Host         : LAPTOP-5UF1FH4A running 64-bit major release  (build 9200)
| Command      : report_timing -delay_type min -sort_by group -max_paths 20 -nworst 5 -path_type full_clock_expanded -file C:/Users/hp/Downloads/digital_twin/digital_twin.srcs/sources_1/vivado_clk2_sweep/top_timing_min_clk2_224.rpt
| Design       : top
| Device       : 7k325t-ffg900
| Speed File   : -2  PRODUCTION 1.12 2017-02-17
| Design State : Routed
----------------------------------------------------------------------------------------------------------------------------------------------------------------------------------------------------------------------------------------

Timing Report

Slack (MET) :             0.025ns  (arrival time - required time)
  Source:                 student_top_inst/bridge_inst/led_sync_d1_reg[17]/C
                            (rising edge-triggered cell FDRE clocked by clk_out1_pll  {rise@0.000ns fall@10.000ns period=20.000ns})
  Destination:            student_top_inst/bridge_inst/led_sync_d2_reg[17]_lopt_replica/D
                            (rising edge-triggered cell FDRE clocked by clk_out1_pll  {rise@0.000ns fall@10.000ns period=20.000ns})
  Path Group:             clk_out1_pll
  Path Type:              Hold (Min at Fast Process Corner)
  Requirement:            0.000ns  (clk_out1_pll rise@0.000ns - clk_out1_pll rise@0.000ns)
  Data Path Delay:        0.208ns  (logic 0.100ns (48.018%)  route 0.108ns (51.982%))
  Logic Levels:           0  
  Clock Path Skew:        0.140ns (DCD - SCD - CPR)
    Destination Clock Delay (DCD):    -0.630ns
    Source Clock Delay      (SCD):    -0.388ns
    Clock Pessimism Removal (CPR):    -0.383ns

    Location             Delay type                Incr(ns)  Path(ns)    Netlist Resource(s)
  -------------------------------------------------------------------    -------------------
                         (clock clk_out1_pll rise edge)
                                                      0.000     0.000 r  
    AD12                                              0.000     0.000 r  i_sys_clk_p (IN)
                         net (fo=0)                   0.000     0.000    pll_inst/inst/clk_in1_p
    AD12                 IBUFDS (Prop_ibufds_I_O)     0.388     0.388 r  pll_inst/inst/clkin1_ibufgds/O
                         net (fo=1, routed)           0.503     0.891    pll_inst/inst/clk_in1_pll
    PLLE2_ADV_X1Y1       PLLE2_ADV (Prop_plle2_adv_CLKIN1_CLKOUT0)
                                                     -2.908    -2.017 r  pll_inst/inst/plle2_adv_inst/CLKOUT0
                         net (fo=1, routed)           0.958    -1.059    pll_inst/inst/clk_out1_pll
    BUFGCTRL_X0Y1        BUFG (Prop_bufg_I_O)         0.026    -1.033 r  pll_inst/inst/clkout1_buf/O
                         net (fo=546, routed)         0.645    -0.388    student_top_inst/bridge_inst/clk_out1
    SLICE_X73Y99         FDRE                                         r  student_top_inst/bridge_inst/led_sync_d1_reg[17]/C
  -------------------------------------------------------------------    -------------------
    SLICE_X73Y99         FDRE (Prop_fdre_C_Q)         0.100    -0.288 r  student_top_inst/bridge_inst/led_sync_d1_reg[17]/Q
                         net (fo=2, routed)           0.108    -0.179    student_top_inst/bridge_inst/led_sync_d1[17]
    SLICE_X73Y100        FDRE                                         r  student_top_inst/bridge_inst/led_sync_d2_reg[17]_lopt_replica/D
  -------------------------------------------------------------------    -------------------

                         (clock clk_out1_pll rise edge)
                                                      0.000     0.000 r  
    AD12                                              0.000     0.000 r  i_sys_clk_p (IN)
                         net (fo=0)                   0.000     0.000    pll_inst/inst/clk_in1_p
    AD12                 IBUFDS (Prop_ibufds_I_O)     0.470     0.470 r  pll_inst/inst/clkin1_ibufgds/O
                         net (fo=1, routed)           0.554     1.024    pll_inst/inst/clk_in1_pll
    PLLE2_ADV_X1Y1       PLLE2_ADV (Prop_plle2_adv_CLKIN1_CLKOUT0)
                                                     -3.524    -2.500 r  pll_inst/inst/plle2_adv_inst/CLKOUT0
                         net (fo=1, routed)           1.027    -1.473    pll_inst/inst/clk_out1_pll
    BUFGCTRL_X0Y1        BUFG (Prop_bufg_I_O)         0.030    -1.443 r  pll_inst/inst/clkout1_buf/O
                         net (fo=546, routed)         0.813    -0.630    student_top_inst/bridge_inst/clk_out1
    SLICE_X73Y100        FDRE                                         r  student_top_inst/bridge_inst/led_sync_d2_reg[17]_lopt_replica/C
                         clock pessimism              0.383    -0.248    
    SLICE_X73Y100        FDRE (Hold_fdre_C_D)         0.043    -0.205    student_top_inst/bridge_inst/led_sync_d2_reg[17]_lopt_replica
  -------------------------------------------------------------------
                         required time                          0.205    
                         arrival time                          -0.179    
  -------------------------------------------------------------------
                         slack                                  0.025    

Slack (MET) :             0.025ns  (arrival time - required time)
  Source:                 student_top_inst/bridge_inst/led_sync_d1_reg[17]/C
                            (rising edge-triggered cell FDRE clocked by clk_out1_pll  {rise@0.000ns fall@10.000ns period=20.000ns})
  Destination:            student_top_inst/bridge_inst/led_sync_d2_reg[17]_lopt_replica/D
                            (rising edge-triggered cell FDRE clocked by clk_out1_pll  {rise@0.000ns fall@10.000ns period=20.000ns})
  Path Group:             clk_out1_pll
  Path Type:              Hold (Min at Fast Process Corner)
  Requirement:            0.000ns  (clk_out1_pll rise@0.000ns - clk_out1_pll rise@0.000ns)
  Data Path Delay:        0.208ns  (logic 0.100ns (48.018%)  route 0.108ns (51.982%))
  Logic Levels:           0  
  Clock Path Skew:        0.140ns (DCD - SCD - CPR)
    Destination Clock Delay (DCD):    -0.630ns
    Source Clock Delay      (SCD):    -0.388ns
    Clock Pessimism Removal (CPR):    -0.383ns

    Location             Delay type                Incr(ns)  Path(ns)    Netlist Resource(s)
  -------------------------------------------------------------------    -------------------
                         (clock clk_out1_pll rise edge)
                                                      0.000     0.000 r  
    AD12                                              0.000     0.000 r  i_sys_clk_p (IN)
                         net (fo=0)                   0.000     0.000    pll_inst/inst/clk_in1_p
    AD12                 IBUFDS (Prop_ibufds_I_O)     0.388     0.388 r  pll_inst/inst/clkin1_ibufgds/O
                         net (fo=1, routed)           0.503     0.891    pll_inst/inst/clk_in1_pll
    PLLE2_ADV_X1Y1       PLLE2_ADV (Prop_plle2_adv_CLKIN1_CLKOUT0)
                                                     -2.908    -2.017 r  pll_inst/inst/plle2_adv_inst/CLKOUT0
                         net (fo=1, routed)           0.958    -1.059    pll_inst/inst/clk_out1_pll
    BUFGCTRL_X0Y1        BUFG (Prop_bufg_I_O)         0.026    -1.033 r  pll_inst/inst/clkout1_buf/O
                         net (fo=546, routed)         0.645    -0.388    student_top_inst/bridge_inst/clk_out1
    SLICE_X73Y99         FDRE                                         r  student_top_inst/bridge_inst/led_sync_d1_reg[17]/C
  -------------------------------------------------------------------    -------------------
    SLICE_X73Y99         FDRE (Prop_fdre_C_Q)         0.100    -0.288 f  student_top_inst/bridge_inst/led_sync_d1_reg[17]/Q
                         net (fo=2, routed)           0.108    -0.179    student_top_inst/bridge_inst/led_sync_d1[17]
    SLICE_X73Y100        FDRE                                         f  student_top_inst/bridge_inst/led_sync_d2_reg[17]_lopt_replica/D
  -------------------------------------------------------------------    -------------------

                         (clock clk_out1_pll rise edge)
                                                      0.000     0.000 r  
    AD12                                              0.000     0.000 r  i_sys_clk_p (IN)
                         net (fo=0)                   0.000     0.000    pll_inst/inst/clk_in1_p
    AD12                 IBUFDS (Prop_ibufds_I_O)     0.470     0.470 r  pll_inst/inst/clkin1_ibufgds/O
                         net (fo=1, routed)           0.554     1.024    pll_inst/inst/clk_in1_pll
    PLLE2_ADV_X1Y1       PLLE2_ADV (Prop_plle2_adv_CLKIN1_CLKOUT0)
                                                     -3.524    -2.500 r  pll_inst/inst/plle2_adv_inst/CLKOUT0
                         net (fo=1, routed)           1.027    -1.473    pll_inst/inst/clk_out1_pll
    BUFGCTRL_X0Y1        BUFG (Prop_bufg_I_O)         0.030    -1.443 r  pll_inst/inst/clkout1_buf/O
                         net (fo=546, routed)         0.813    -0.630    student_top_inst/bridge_inst/clk_out1
    SLICE_X73Y100        FDRE                                         r  student_top_inst/bridge_inst/led_sync_d2_reg[17]_lopt_replica/C
                         clock pessimism              0.383    -0.248    
    SLICE_X73Y100        FDRE (Hold_fdre_C_D)         0.043    -0.205    student_top_inst/bridge_inst/led_sync_d2_reg[17]_lopt_replica
  -------------------------------------------------------------------
                         required time                          0.205    
                         arrival time                          -0.179    
  -------------------------------------------------------------------
                         slack                                  0.025    

Slack (MET) :             0.051ns  (arrival time - required time)
  Source:                 twin_controller_inst/sw_reg[40]/C
                            (rising edge-triggered cell FDCE clocked by clk_out1_pll  {rise@0.000ns fall@10.000ns period=20.000ns})
  Destination:            twin_controller_inst/status_buffer_reg[11][0]/D
                            (rising edge-triggered cell FDCE clocked by clk_out1_pll  {rise@0.000ns fall@10.000ns period=20.000ns})
  Path Group:             clk_out1_pll
  Path Type:              Hold (Min at Fast Process Corner)
  Requirement:            0.000ns  (clk_out1_pll rise@0.000ns - clk_out1_pll rise@0.000ns)
  Data Path Delay:        0.230ns  (logic 0.100ns (43.484%)  route 0.130ns (56.516%))
  Logic Levels:           0  
  Clock Path Skew:        0.139ns (DCD - SCD - CPR)
    Destination Clock Delay (DCD):    -0.628ns
    Source Clock Delay      (SCD):    -0.385ns
    Clock Pessimism Removal (CPR):    -0.383ns

    Location             Delay type                Incr(ns)  Path(ns)    Netlist Resource(s)
  -------------------------------------------------------------------    -------------------
                         (clock clk_out1_pll rise edge)
                                                      0.000     0.000 r  
    AD12                                              0.000     0.000 r  i_sys_clk_p (IN)
                         net (fo=0)                   0.000     0.000    pll_inst/inst/clk_in1_p
    AD12                 IBUFDS (Prop_ibufds_I_O)     0.388     0.388 r  pll_inst/inst/clkin1_ibufgds/O
                         net (fo=1, routed)           0.503     0.891    pll_inst/inst/clk_in1_pll
    PLLE2_ADV_X1Y1       PLLE2_ADV (Prop_plle2_adv_CLKIN1_CLKOUT0)
                                                     -2.908    -2.017 r  pll_inst/inst/plle2_adv_inst/CLKOUT0
                         net (fo=1, routed)           0.958    -1.059    pll_inst/inst/clk_out1_pll
    BUFGCTRL_X0Y1        BUFG (Prop_bufg_I_O)         0.026    -1.033 r  pll_inst/inst/clkout1_buf/O
                         net (fo=546, routed)         0.648    -0.385    twin_controller_inst/CLK
    SLICE_X60Y99         FDCE                                         r  twin_controller_inst/sw_reg[40]/C
  -------------------------------------------------------------------    -------------------
    SLICE_X60Y99         FDCE (Prop_fdce_C_Q)         0.100    -0.285 r  twin_controller_inst/sw_reg[40]/Q
                         net (fo=3, routed)           0.130    -0.155    twin_controller_inst/sw_reg[63]_0[40]
    SLICE_X60Y100        FDCE                                         r  twin_controller_inst/status_buffer_reg[11][0]/D
  -------------------------------------------------------------------    -------------------

                         (clock clk_out1_pll rise edge)
                                                      0.000     0.000 r  
    AD12                                              0.000     0.000 r  i_sys_clk_p (IN)
                         net (fo=0)                   0.000     0.000    pll_inst/inst/clk_in1_p
    AD12                 IBUFDS (Prop_ibufds_I_O)     0.470     0.470 r  pll_inst/inst/clkin1_ibufgds/O
                         net (fo=1, routed)           0.554     1.024    pll_inst/inst/clk_in1_pll
    PLLE2_ADV_X1Y1       PLLE2_ADV (Prop_plle2_adv_CLKIN1_CLKOUT0)
                                                     -3.524    -2.500 r  pll_inst/inst/plle2_adv_inst/CLKOUT0
                         net (fo=1, routed)           1.027    -1.473    pll_inst/inst/clk_out1_pll
    BUFGCTRL_X0Y1        BUFG (Prop_bufg_I_O)         0.030    -1.443 r  pll_inst/inst/clkout1_buf/O
                         net (fo=546, routed)         0.815    -0.628    twin_controller_inst/CLK
    SLICE_X60Y100        FDCE                                         r  twin_controller_inst/status_buffer_reg[11][0]/C
                         clock pessimism              0.383    -0.246    
    SLICE_X60Y100        FDCE (Hold_fdce_C_D)         0.040    -0.206    twin_controller_inst/status_buffer_reg[11][0]
  -------------------------------------------------------------------
                         required time                          0.206    
                         arrival time                          -0.155    
  -------------------------------------------------------------------
                         slack                                  0.051    

Slack (MET) :             0.051ns  (arrival time - required time)
  Source:                 twin_controller_inst/sw_reg[40]/C
                            (rising edge-triggered cell FDCE clocked by clk_out1_pll  {rise@0.000ns fall@10.000ns period=20.000ns})
  Destination:            twin_controller_inst/status_buffer_reg[11][0]/D
                            (rising edge-triggered cell FDCE clocked by clk_out1_pll  {rise@0.000ns fall@10.000ns period=20.000ns})
  Path Group:             clk_out1_pll
  Path Type:              Hold (Min at Fast Process Corner)
  Requirement:            0.000ns  (clk_out1_pll rise@0.000ns - clk_out1_pll rise@0.000ns)
  Data Path Delay:        0.230ns  (logic 0.100ns (43.484%)  route 0.130ns (56.516%))
  Logic Levels:           0  
  Clock Path Skew:        0.139ns (DCD - SCD - CPR)
    Destination Clock Delay (DCD):    -0.628ns
    Source Clock Delay      (SCD):    -0.385ns
    Clock Pessimism Removal (CPR):    -0.383ns

    Location             Delay type                Incr(ns)  Path(ns)    Netlist Resource(s)
  -------------------------------------------------------------------    -------------------
                         (clock clk_out1_pll rise edge)
                                                      0.000     0.000 r  
    AD12                                              0.000     0.000 r  i_sys_clk_p (IN)
                         net (fo=0)                   0.000     0.000    pll_inst/inst/clk_in1_p
    AD12                 IBUFDS (Prop_ibufds_I_O)     0.388     0.388 r  pll_inst/inst/clkin1_ibufgds/O
                         net (fo=1, routed)           0.503     0.891    pll_inst/inst/clk_in1_pll
    PLLE2_ADV_X1Y1       PLLE2_ADV (Prop_plle2_adv_CLKIN1_CLKOUT0)
                                                     -2.908    -2.017 r  pll_inst/inst/plle2_adv_inst/CLKOUT0
                         net (fo=1, routed)           0.958    -1.059    pll_inst/inst/clk_out1_pll
    BUFGCTRL_X0Y1        BUFG (Prop_bufg_I_O)         0.026    -1.033 r  pll_inst/inst/clkout1_buf/O
                         net (fo=546, routed)         0.648    -0.385    twin_controller_inst/CLK
    SLICE_X60Y99         FDCE                                         r  twin_controller_inst/sw_reg[40]/C
  -------------------------------------------------------------------    -------------------
    SLICE_X60Y99         FDCE (Prop_fdce_C_Q)         0.100    -0.285 f  twin_controller_inst/sw_reg[40]/Q
                         net (fo=3, routed)           0.130    -0.155    twin_controller_inst/sw_reg[63]_0[40]
    SLICE_X60Y100        FDCE                                         f  twin_controller_inst/status_buffer_reg[11][0]/D
  -------------------------------------------------------------------    -------------------

                         (clock clk_out1_pll rise edge)
                                                      0.000     0.000 r  
    AD12                                              0.000     0.000 r  i_sys_clk_p (IN)
                         net (fo=0)                   0.000     0.000    pll_inst/inst/clk_in1_p
    AD12                 IBUFDS (Prop_ibufds_I_O)     0.470     0.470 r  pll_inst/inst/clkin1_ibufgds/O
                         net (fo=1, routed)           0.554     1.024    pll_inst/inst/clk_in1_pll
    PLLE2_ADV_X1Y1       PLLE2_ADV (Prop_plle2_adv_CLKIN1_CLKOUT0)
                                                     -3.524    -2.500 r  pll_inst/inst/plle2_adv_inst/CLKOUT0
                         net (fo=1, routed)           1.027    -1.473    pll_inst/inst/clk_out1_pll
    BUFGCTRL_X0Y1        BUFG (Prop_bufg_I_O)         0.030    -1.443 r  pll_inst/inst/clkout1_buf/O
                         net (fo=546, routed)         0.815    -0.628    twin_controller_inst/CLK
    SLICE_X60Y100        FDCE                                         r  twin_controller_inst/status_buffer_reg[11][0]/C
                         clock pessimism              0.383    -0.246    
    SLICE_X60Y100        FDCE (Hold_fdce_C_D)         0.040    -0.206    twin_controller_inst/status_buffer_reg[11][0]
  -------------------------------------------------------------------
                         required time                          0.206    
                         arrival time                          -0.155    
  -------------------------------------------------------------------
                         slack                                  0.051    

Slack (MET) :             0.080ns  (arrival time - required time)
  Source:                 student_top_inst/bridge_inst/led_sync_d1_reg[17]/C
                            (rising edge-triggered cell FDRE clocked by clk_out1_pll  {rise@0.000ns fall@10.000ns period=20.000ns})
  Destination:            student_top_inst/bridge_inst/led_sync_d2_reg[17]/D
                            (rising edge-triggered cell FDRE clocked by clk_out1_pll  {rise@0.000ns fall@10.000ns period=20.000ns})
  Path Group:             clk_out1_pll
  Path Type:              Hold (Min at Fast Process Corner)
  Requirement:            0.000ns  (clk_out1_pll rise@0.000ns - clk_out1_pll rise@0.000ns)
  Data Path Delay:        0.261ns  (logic 0.100ns (38.371%)  route 0.161ns (61.629%))
  Logic Levels:           0  
  Clock Path Skew:        0.140ns (DCD - SCD - CPR)
    Destination Clock Delay (DCD):    -0.630ns
    Source Clock Delay      (SCD):    -0.388ns
    Clock Pessimism Removal (CPR):    -0.383ns

    Location             Delay type                Incr(ns)  Path(ns)    Netlist Resource(s)
  -------------------------------------------------------------------    -------------------
                         (clock clk_out1_pll rise edge)
                                                      0.000     0.000 r  
    AD12                                              0.000     0.000 r  i_sys_clk_p (IN)
                         net (fo=0)                   0.000     0.000    pll_inst/inst/clk_in1_p
    AD12                 IBUFDS (Prop_ibufds_I_O)     0.388     0.388 r  pll_inst/inst/clkin1_ibufgds/O
                         net (fo=1, routed)           0.503     0.891    pll_inst/inst/clk_in1_pll
    PLLE2_ADV_X1Y1       PLLE2_ADV (Prop_plle2_adv_CLKIN1_CLKOUT0)
                                                     -2.908    -2.017 r  pll_inst/inst/plle2_adv_inst/CLKOUT0
                         net (fo=1, routed)           0.958    -1.059    pll_inst/inst/clk_out1_pll
    BUFGCTRL_X0Y1        BUFG (Prop_bufg_I_O)         0.026    -1.033 r  pll_inst/inst/clkout1_buf/O
                         net (fo=546, routed)         0.645    -0.388    student_top_inst/bridge_inst/clk_out1
    SLICE_X73Y99         FDRE                                         r  student_top_inst/bridge_inst/led_sync_d1_reg[17]/C
  -------------------------------------------------------------------    -------------------
    SLICE_X73Y99         FDRE (Prop_fdre_C_Q)         0.100    -0.288 r  student_top_inst/bridge_inst/led_sync_d1_reg[17]/Q
                         net (fo=2, routed)           0.161    -0.127    student_top_inst/bridge_inst/led_sync_d1[17]
    SLICE_X73Y100        FDRE                                         r  student_top_inst/bridge_inst/led_sync_d2_reg[17]/D
  -------------------------------------------------------------------    -------------------

                         (clock clk_out1_pll rise edge)
                                                      0.000     0.000 r  
    AD12                                              0.000     0.000 r  i_sys_clk_p (IN)
                         net (fo=0)                   0.000     0.000    pll_inst/inst/clk_in1_p
    AD12                 IBUFDS (Prop_ibufds_I_O)     0.470     0.470 r  pll_inst/inst/clkin1_ibufgds/O
                         net (fo=1, routed)           0.554     1.024    pll_inst/inst/clk_in1_pll
    PLLE2_ADV_X1Y1       PLLE2_ADV (Prop_plle2_adv_CLKIN1_CLKOUT0)
                                                     -3.524    -2.500 r  pll_inst/inst/plle2_adv_inst/CLKOUT0
                         net (fo=1, routed)           1.027    -1.473    pll_inst/inst/clk_out1_pll
    BUFGCTRL_X0Y1        BUFG (Prop_bufg_I_O)         0.030    -1.443 r  pll_inst/inst/clkout1_buf/O
                         net (fo=546, routed)         0.813    -0.630    student_top_inst/bridge_inst/clk_out1
    SLICE_X73Y100        FDRE                                         r  student_top_inst/bridge_inst/led_sync_d2_reg[17]/C
                         clock pessimism              0.383    -0.248    
    SLICE_X73Y100        FDRE (Hold_fdre_C_D)         0.041    -0.207    student_top_inst/bridge_inst/led_sync_d2_reg[17]
  -------------------------------------------------------------------
                         required time                          0.207    
                         arrival time                          -0.127    
  -------------------------------------------------------------------
                         slack                                  0.080    

Slack (MET) :             0.080ns  (arrival time - required time)
  Source:                 student_top_inst/bridge_inst/led_sync_d1_reg[17]/C
                            (rising edge-triggered cell FDRE clocked by clk_out1_pll  {rise@0.000ns fall@10.000ns period=20.000ns})
  Destination:            student_top_inst/bridge_inst/led_sync_d2_reg[17]/D
                            (rising edge-triggered cell FDRE clocked by clk_out1_pll  {rise@0.000ns fall@10.000ns period=20.000ns})
  Path Group:             clk_out1_pll
  Path Type:              Hold (Min at Fast Process Corner)
  Requirement:            0.000ns  (clk_out1_pll rise@0.000ns - clk_out1_pll rise@0.000ns)
  Data Path Delay:        0.261ns  (logic 0.100ns (38.371%)  route 0.161ns (61.629%))
  Logic Levels:           0  
  Clock Path Skew:        0.140ns (DCD - SCD - CPR)
    Destination Clock Delay (DCD):    -0.630ns
    Source Clock Delay      (SCD):    -0.388ns
    Clock Pessimism Removal (CPR):    -0.383ns

    Location             Delay type                Incr(ns)  Path(ns)    Netlist Resource(s)
  -------------------------------------------------------------------    -------------------
                         (clock clk_out1_pll rise edge)
                                                      0.000     0.000 r  
    AD12                                              0.000     0.000 r  i_sys_clk_p (IN)
                         net (fo=0)                   0.000     0.000    pll_inst/inst/clk_in1_p
    AD12                 IBUFDS (Prop_ibufds_I_O)     0.388     0.388 r  pll_inst/inst/clkin1_ibufgds/O
                         net (fo=1, routed)           0.503     0.891    pll_inst/inst/clk_in1_pll
    PLLE2_ADV_X1Y1       PLLE2_ADV (Prop_plle2_adv_CLKIN1_CLKOUT0)
                                                     -2.908    -2.017 r  pll_inst/inst/plle2_adv_inst/CLKOUT0
                         net (fo=1, routed)           0.958    -1.059    pll_inst/inst/clk_out1_pll
    BUFGCTRL_X0Y1        BUFG (Prop_bufg_I_O)         0.026    -1.033 r  pll_inst/inst/clkout1_buf/O
                         net (fo=546, routed)         0.645    -0.388    student_top_inst/bridge_inst/clk_out1
    SLICE_X73Y99         FDRE                                         r  student_top_inst/bridge_inst/led_sync_d1_reg[17]/C
  -------------------------------------------------------------------    -------------------
    SLICE_X73Y99         FDRE (Prop_fdre_C_Q)         0.100    -0.288 f  student_top_inst/bridge_inst/led_sync_d1_reg[17]/Q
                         net (fo=2, routed)           0.161    -0.127    student_top_inst/bridge_inst/led_sync_d1[17]
    SLICE_X73Y100        FDRE                                         f  student_top_inst/bridge_inst/led_sync_d2_reg[17]/D
  -------------------------------------------------------------------    -------------------

                         (clock clk_out1_pll rise edge)
                                                      0.000     0.000 r  
    AD12                                              0.000     0.000 r  i_sys_clk_p (IN)
                         net (fo=0)                   0.000     0.000    pll_inst/inst/clk_in1_p
    AD12                 IBUFDS (Prop_ibufds_I_O)     0.470     0.470 r  pll_inst/inst/clkin1_ibufgds/O
                         net (fo=1, routed)           0.554     1.024    pll_inst/inst/clk_in1_pll
    PLLE2_ADV_X1Y1       PLLE2_ADV (Prop_plle2_adv_CLKIN1_CLKOUT0)
                                                     -3.524    -2.500 r  pll_inst/inst/plle2_adv_inst/CLKOUT0
                         net (fo=1, routed)           1.027    -1.473    pll_inst/inst/clk_out1_pll
    BUFGCTRL_X0Y1        BUFG (Prop_bufg_I_O)         0.030    -1.443 r  pll_inst/inst/clkout1_buf/O
                         net (fo=546, routed)         0.813    -0.630    student_top_inst/bridge_inst/clk_out1
    SLICE_X73Y100        FDRE                                         r  student_top_inst/bridge_inst/led_sync_d2_reg[17]/C
                         clock pessimism              0.383    -0.248    
    SLICE_X73Y100        FDRE (Hold_fdre_C_D)         0.041    -0.207    student_top_inst/bridge_inst/led_sync_d2_reg[17]
  -------------------------------------------------------------------
                         required time                          0.207    
                         arrival time                          -0.127    
  -------------------------------------------------------------------
                         slack                                  0.080    

Slack (MET) :             0.084ns  (arrival time - required time)
  Source:                 student_top_inst/bridge_inst/sw_sync_d1_reg[35]/C
                            (rising edge-triggered cell FDRE clocked by clk_out2_pll  {rise@0.000ns fall@2.222ns period=4.444ns})
  Destination:            student_top_inst/bridge_inst/sw_sync_d2_reg[35]/D
                            (rising edge-triggered cell FDRE clocked by clk_out2_pll  {rise@0.000ns fall@2.222ns period=4.444ns})
  Path Group:             clk_out2_pll
  Path Type:              Hold (Min at Fast Process Corner)
  Requirement:            0.000ns  (clk_out2_pll rise@0.000ns - clk_out2_pll rise@0.000ns)
  Data Path Delay:        0.263ns  (logic 0.118ns (44.849%)  route 0.145ns (55.151%))
  Logic Levels:           0  
  Clock Path Skew:        0.139ns (DCD - SCD - CPR)
    Destination Clock Delay (DCD):    -0.628ns
    Source Clock Delay      (SCD):    -0.385ns
    Clock Pessimism Removal (CPR):    -0.383ns

    Location             Delay type                Incr(ns)  Path(ns)    Netlist Resource(s)
  -------------------------------------------------------------------    -------------------
                         (clock clk_out2_pll rise edge)
                                                      0.000     0.000 r  
    AD12                                              0.000     0.000 r  i_sys_clk_p (IN)
                         net (fo=0)                   0.000     0.000    pll_inst/inst/clk_in1_p
    AD12                 IBUFDS (Prop_ibufds_I_O)     0.388     0.388 r  pll_inst/inst/clkin1_ibufgds/O
                         net (fo=1, routed)           0.503     0.891    pll_inst/inst/clk_in1_pll
    PLLE2_ADV_X1Y1       PLLE2_ADV (Prop_plle2_adv_CLKIN1_CLKOUT1)
                                                     -2.908    -2.017 r  pll_inst/inst/plle2_adv_inst/CLKOUT1
                         net (fo=1, routed)           0.958    -1.059    pll_inst/inst/clk_out2_pll
    BUFGCTRL_X0Y0        BUFG (Prop_bufg_I_O)         0.026    -1.033 r  pll_inst/inst/clkout2_buf/O
                         net (fo=2865, routed)        0.648    -0.385    student_top_inst/bridge_inst/clk_out2
    SLICE_X56Y99         FDRE                                         r  student_top_inst/bridge_inst/sw_sync_d1_reg[35]/C
  -------------------------------------------------------------------    -------------------
    SLICE_X56Y99         FDRE (Prop_fdre_C_Q)         0.118    -0.267 r  student_top_inst/bridge_inst/sw_sync_d1_reg[35]/Q
                         net (fo=1, routed)           0.145    -0.121    student_top_inst/bridge_inst/sw_sync_d1[35]
    SLICE_X56Y101        FDRE                                         r  student_top_inst/bridge_inst/sw_sync_d2_reg[35]/D
  -------------------------------------------------------------------    -------------------

                         (clock clk_out2_pll rise edge)
                                                      0.000     0.000 r  
    AD12                                              0.000     0.000 r  i_sys_clk_p (IN)
                         net (fo=0)                   0.000     0.000    pll_inst/inst/clk_in1_p
    AD12                 IBUFDS (Prop_ibufds_I_O)     0.470     0.470 r  pll_inst/inst/clkin1_ibufgds/O
                         net (fo=1, routed)           0.554     1.024    pll_inst/inst/clk_in1_pll
    PLLE2_ADV_X1Y1       PLLE2_ADV (Prop_plle2_adv_CLKIN1_CLKOUT1)
                                                     -3.524    -2.500 r  pll_inst/inst/plle2_adv_inst/CLKOUT1
                         net (fo=1, routed)           1.027    -1.473    pll_inst/inst/clk_out2_pll
    BUFGCTRL_X0Y0        BUFG (Prop_bufg_I_O)         0.030    -1.443 r  pll_inst/inst/clkout2_buf/O
                         net (fo=2865, routed)        0.815    -0.628    student_top_inst/bridge_inst/clk_out2
    SLICE_X56Y101        FDRE                                         r  student_top_inst/bridge_inst/sw_sync_d2_reg[35]/C
                         clock pessimism              0.383    -0.246    
    SLICE_X56Y101        FDRE (Hold_fdre_C_D)         0.040    -0.206    student_top_inst/bridge_inst/sw_sync_d2_reg[35]
  -------------------------------------------------------------------
                         required time                          0.206    
                         arrival time                          -0.121    
  -------------------------------------------------------------------
                         slack                                  0.084    

Slack (MET) :             0.084ns  (arrival time - required time)
  Source:                 student_top_inst/bridge_inst/sw_sync_d1_reg[35]/C
                            (rising edge-triggered cell FDRE clocked by clk_out2_pll  {rise@0.000ns fall@2.222ns period=4.444ns})
  Destination:            student_top_inst/bridge_inst/sw_sync_d2_reg[35]/D
                            (rising edge-triggered cell FDRE clocked by clk_out2_pll  {rise@0.000ns fall@2.222ns period=4.444ns})
  Path Group:             clk_out2_pll
  Path Type:              Hold (Min at Fast Process Corner)
  Requirement:            0.000ns  (clk_out2_pll rise@0.000ns - clk_out2_pll rise@0.000ns)
  Data Path Delay:        0.263ns  (logic 0.118ns (44.849%)  route 0.145ns (55.151%))
  Logic Levels:           0  
  Clock Path Skew:        0.139ns (DCD - SCD - CPR)
    Destination Clock Delay (DCD):    -0.628ns
    Source Clock Delay      (SCD):    -0.385ns
    Clock Pessimism Removal (CPR):    -0.383ns

    Location             Delay type                Incr(ns)  Path(ns)    Netlist Resource(s)
  -------------------------------------------------------------------    -------------------
                         (clock clk_out2_pll rise edge)
                                                      0.000     0.000 r  
    AD12                                              0.000     0.000 r  i_sys_clk_p (IN)
                         net (fo=0)                   0.000     0.000    pll_inst/inst/clk_in1_p
    AD12                 IBUFDS (Prop_ibufds_I_O)     0.388     0.388 r  pll_inst/inst/clkin1_ibufgds/O
                         net (fo=1, routed)           0.503     0.891    pll_inst/inst/clk_in1_pll
    PLLE2_ADV_X1Y1       PLLE2_ADV (Prop_plle2_adv_CLKIN1_CLKOUT1)
                                                     -2.908    -2.017 r  pll_inst/inst/plle2_adv_inst/CLKOUT1
                         net (fo=1, routed)           0.958    -1.059    pll_inst/inst/clk_out2_pll
    BUFGCTRL_X0Y0        BUFG (Prop_bufg_I_O)         0.026    -1.033 r  pll_inst/inst/clkout2_buf/O
                         net (fo=2865, routed)        0.648    -0.385    student_top_inst/bridge_inst/clk_out2
    SLICE_X56Y99         FDRE                                         r  student_top_inst/bridge_inst/sw_sync_d1_reg[35]/C
  -------------------------------------------------------------------    -------------------
    SLICE_X56Y99         FDRE (Prop_fdre_C_Q)         0.118    -0.267 f  student_top_inst/bridge_inst/sw_sync_d1_reg[35]/Q
                         net (fo=1, routed)           0.145    -0.121    student_top_inst/bridge_inst/sw_sync_d1[35]
    SLICE_X56Y101        FDRE                                         f  student_top_inst/bridge_inst/sw_sync_d2_reg[35]/D
  -------------------------------------------------------------------    -------------------

                         (clock clk_out2_pll rise edge)
                                                      0.000     0.000 r  
    AD12                                              0.000     0.000 r  i_sys_clk_p (IN)
                         net (fo=0)                   0.000     0.000    pll_inst/inst/clk_in1_p
    AD12                 IBUFDS (Prop_ibufds_I_O)     0.470     0.470 r  pll_inst/inst/clkin1_ibufgds/O
                         net (fo=1, routed)           0.554     1.024    pll_inst/inst/clk_in1_pll
    PLLE2_ADV_X1Y1       PLLE2_ADV (Prop_plle2_adv_CLKIN1_CLKOUT1)
                                                     -3.524    -2.500 r  pll_inst/inst/plle2_adv_inst/CLKOUT1
                         net (fo=1, routed)           1.027    -1.473    pll_inst/inst/clk_out2_pll
    BUFGCTRL_X0Y0        BUFG (Prop_bufg_I_O)         0.030    -1.443 r  pll_inst/inst/clkout2_buf/O
                         net (fo=2865, routed)        0.815    -0.628    student_top_inst/bridge_inst/clk_out2
    SLICE_X56Y101        FDRE                                         r  student_top_inst/bridge_inst/sw_sync_d2_reg[35]/C
                         clock pessimism              0.383    -0.246    
    SLICE_X56Y101        FDRE (Hold_fdre_C_D)         0.040    -0.206    student_top_inst/bridge_inst/sw_sync_d2_reg[35]
  -------------------------------------------------------------------
                         required time                          0.206    
                         arrival time                          -0.121    
  -------------------------------------------------------------------
                         slack                                  0.084    

Slack (MET) :             0.085ns  (arrival time - required time)
  Source:                 twin_controller_inst/status_buffer_reg[17][2]/C
                            (rising edge-triggered cell FDCE clocked by clk_out1_pll  {rise@0.000ns fall@10.000ns period=20.000ns})
  Destination:            twin_controller_inst/tx_data_reg[2]/D
                            (rising edge-triggered cell FDCE clocked by clk_out1_pll  {rise@0.000ns fall@10.000ns period=20.000ns})
  Path Group:             clk_out1_pll
  Path Type:              Hold (Min at Fast Process Corner)
  Requirement:            0.000ns  (clk_out1_pll rise@0.000ns - clk_out1_pll rise@0.000ns)
  Data Path Delay:        0.183ns  (logic 0.128ns (70.125%)  route 0.055ns (29.875%))
  Logic Levels:           1  (LUT5=1)
  Clock Path Skew:        0.011ns (DCD - SCD - CPR)
    Destination Clock Delay (DCD):    -0.630ns
    Source Clock Delay      (SCD):    -0.440ns
    Clock Pessimism Removal (CPR):    -0.202ns

    Location             Delay type                Incr(ns)  Path(ns)    Netlist Resource(s)
  -------------------------------------------------------------------    -------------------
                         (clock clk_out1_pll rise edge)
                                                      0.000     0.000 r  
    AD12                                              0.000     0.000 r  i_sys_clk_p (IN)
                         net (fo=0)                   0.000     0.000    pll_inst/inst/clk_in1_p
    AD12                 IBUFDS (Prop_ibufds_I_O)     0.388     0.388 r  pll_inst/inst/clkin1_ibufgds/O
                         net (fo=1, routed)           0.503     0.891    pll_inst/inst/clk_in1_pll
    PLLE2_ADV_X1Y1       PLLE2_ADV (Prop_plle2_adv_CLKIN1_CLKOUT0)
                                                     -2.908    -2.017 r  pll_inst/inst/plle2_adv_inst/CLKOUT0
                         net (fo=1, routed)           0.958    -1.059    pll_inst/inst/clk_out1_pll
    BUFGCTRL_X0Y1        BUFG (Prop_bufg_I_O)         0.026    -1.033 r  pll_inst/inst/clkout1_buf/O
                         net (fo=546, routed)         0.593    -0.440    twin_controller_inst/CLK
    SLICE_X71Y100        FDCE                                         r  twin_controller_inst/status_buffer_reg[17][2]/C
  -------------------------------------------------------------------    -------------------
    SLICE_X71Y100        FDCE (Prop_fdce_C_Q)         0.100    -0.340 r  twin_controller_inst/status_buffer_reg[17][2]/Q
                         net (fo=1, routed)           0.055    -0.285    twin_controller_inst/status_buffer_reg[17]_17[2]
    SLICE_X70Y100        LUT5 (Prop_lut5_I0_O)        0.028    -0.257 r  twin_controller_inst/tx_data[2]_i_1/O
                         net (fo=1, routed)           0.000    -0.257    twin_controller_inst/status_buffer[2]
    SLICE_X70Y100        FDCE                                         r  twin_controller_inst/tx_data_reg[2]/D
  -------------------------------------------------------------------    -------------------

                         (clock clk_out1_pll rise edge)
                                                      0.000     0.000 r  
    AD12                                              0.000     0.000 r  i_sys_clk_p (IN)
                         net (fo=0)                   0.000     0.000    pll_inst/inst/clk_in1_p
    AD12                 IBUFDS (Prop_ibufds_I_O)     0.470     0.470 r  pll_inst/inst/clkin1_ibufgds/O
                         net (fo=1, routed)           0.554     1.024    pll_inst/inst/clk_in1_pll
    PLLE2_ADV_X1Y1       PLLE2_ADV (Prop_plle2_adv_CLKIN1_CLKOUT0)
                                                     -3.524    -2.500 r  pll_inst/inst/plle2_adv_inst/CLKOUT0
                         net (fo=1, routed)           1.027    -1.473    pll_inst/inst/clk_out1_pll
    BUFGCTRL_X0Y1        BUFG (Prop_bufg_I_O)         0.030    -1.443 r  pll_inst/inst/clkout1_buf/O
                         net (fo=546, routed)         0.813    -0.630    twin_controller_inst/CLK
    SLICE_X70Y100        FDCE                                         r  twin_controller_inst/tx_data_reg[2]/C
                         clock pessimism              0.202    -0.429    
    SLICE_X70Y100        FDCE (Hold_fdce_C_D)         0.087    -0.342    twin_controller_inst/tx_data_reg[2]
  -------------------------------------------------------------------
                         required time                          0.342    
                         arrival time                          -0.257    
  -------------------------------------------------------------------
                         slack                                  0.085    

Slack (MET) :             0.085ns  (arrival time - required time)
  Source:                 twin_controller_inst/status_buffer_reg[17][2]/C
                            (rising edge-triggered cell FDCE clocked by clk_out1_pll  {rise@0.000ns fall@10.000ns period=20.000ns})
  Destination:            twin_controller_inst/tx_data_reg[2]/D
                            (rising edge-triggered cell FDCE clocked by clk_out1_pll  {rise@0.000ns fall@10.000ns period=20.000ns})
  Path Group:             clk_out1_pll
  Path Type:              Hold (Min at Fast Process Corner)
  Requirement:            0.000ns  (clk_out1_pll rise@0.000ns - clk_out1_pll rise@0.000ns)
  Data Path Delay:        0.183ns  (logic 0.128ns (70.125%)  route 0.055ns (29.875%))
  Logic Levels:           1  (LUT5=1)
  Clock Path Skew:        0.011ns (DCD - SCD - CPR)
    Destination Clock Delay (DCD):    -0.630ns
    Source Clock Delay      (SCD):    -0.440ns
    Clock Pessimism Removal (CPR):    -0.202ns

    Location             Delay type                Incr(ns)  Path(ns)    Netlist Resource(s)
  -------------------------------------------------------------------    -------------------
                         (clock clk_out1_pll rise edge)
                                                      0.000     0.000 r  
    AD12                                              0.000     0.000 r  i_sys_clk_p (IN)
                         net (fo=0)                   0.000     0.000    pll_inst/inst/clk_in1_p
    AD12                 IBUFDS (Prop_ibufds_I_O)     0.388     0.388 r  pll_inst/inst/clkin1_ibufgds/O
                         net (fo=1, routed)           0.503     0.891    pll_inst/inst/clk_in1_pll
    PLLE2_ADV_X1Y1       PLLE2_ADV (Prop_plle2_adv_CLKIN1_CLKOUT0)
                                                     -2.908    -2.017 r  pll_inst/inst/plle2_adv_inst/CLKOUT0
                         net (fo=1, routed)           0.958    -1.059    pll_inst/inst/clk_out1_pll
    BUFGCTRL_X0Y1        BUFG (Prop_bufg_I_O)         0.026    -1.033 r  pll_inst/inst/clkout1_buf/O
                         net (fo=546, routed)         0.593    -0.440    twin_controller_inst/CLK
    SLICE_X71Y100        FDCE                                         r  twin_controller_inst/status_buffer_reg[17][2]/C
  -------------------------------------------------------------------    -------------------
    SLICE_X71Y100        FDCE (Prop_fdce_C_Q)         0.100    -0.340 f  twin_controller_inst/status_buffer_reg[17][2]/Q
                         net (fo=1, routed)           0.055    -0.285    twin_controller_inst/status_buffer_reg[17]_17[2]
    SLICE_X70Y100        LUT5 (Prop_lut5_I0_O)        0.028    -0.257 f  twin_controller_inst/tx_data[2]_i_1/O
                         net (fo=1, routed)           0.000    -0.257    twin_controller_inst/status_buffer[2]
    SLICE_X70Y100        FDCE                                         f  twin_controller_inst/tx_data_reg[2]/D
  -------------------------------------------------------------------    -------------------

                         (clock clk_out1_pll rise edge)
                                                      0.000     0.000 r  
    AD12                                              0.000     0.000 r  i_sys_clk_p (IN)
                         net (fo=0)                   0.000     0.000    pll_inst/inst/clk_in1_p
    AD12                 IBUFDS (Prop_ibufds_I_O)     0.470     0.470 r  pll_inst/inst/clkin1_ibufgds/O
                         net (fo=1, routed)           0.554     1.024    pll_inst/inst/clk_in1_pll
    PLLE2_ADV_X1Y1       PLLE2_ADV (Prop_plle2_adv_CLKIN1_CLKOUT0)
                                                     -3.524    -2.500 r  pll_inst/inst/plle2_adv_inst/CLKOUT0
                         net (fo=1, routed)           1.027    -1.473    pll_inst/inst/clk_out1_pll
    BUFGCTRL_X0Y1        BUFG (Prop_bufg_I_O)         0.030    -1.443 r  pll_inst/inst/clkout1_buf/O
                         net (fo=546, routed)         0.813    -0.630    twin_controller_inst/CLK
    SLICE_X70Y100        FDCE                                         r  twin_controller_inst/tx_data_reg[2]/C
                         clock pessimism              0.202    -0.429    
    SLICE_X70Y100        FDCE (Hold_fdce_C_D)         0.087    -0.342    twin_controller_inst/tx_data_reg[2]
  -------------------------------------------------------------------
                         required time                          0.342    
                         arrival time                          -0.257    
  -------------------------------------------------------------------
                         slack                                  0.085    

Slack (MET) :             0.093ns  (arrival time - required time)
  Source:                 twin_controller_inst/status_buffer_reg[17][2]/C
                            (rising edge-triggered cell FDCE clocked by clk_out1_pll  {rise@0.000ns fall@10.000ns period=20.000ns})
  Destination:            twin_controller_inst/tx_data_reg[2]/D
                            (rising edge-triggered cell FDCE clocked by clk_out1_pll  {rise@0.000ns fall@10.000ns period=20.000ns})
  Path Group:             clk_out1_pll
  Path Type:              Hold (Min at Slow Process Corner)
  Requirement:            0.000ns  (clk_out1_pll rise@0.000ns - clk_out1_pll rise@0.000ns)
  Data Path Delay:        0.303ns  (logic 0.214ns (70.737%)  route 0.089ns (29.263%))
  Logic Levels:           1  (LUT5=1)
  Clock Path Skew:        0.021ns (DCD - SCD - CPR)
    Destination Clock Delay (DCD):    -2.441ns
    Source Clock Delay      (SCD):    -2.112ns
    Clock Pessimism Removal (CPR):    -0.351ns

    Location             Delay type                Incr(ns)  Path(ns)    Netlist Resource(s)
  -------------------------------------------------------------------    -------------------
                         (clock clk_out1_pll rise edge)
                                                      0.000     0.000 r  
    AD12                                              0.000     0.000 r  i_sys_clk_p (IN)
                         net (fo=0)                   0.000     0.000    pll_inst/inst/clk_in1_p
    AD12                 IBUFDS (Prop_ibufds_I_O)     0.803     0.803 r  pll_inst/inst/clkin1_ibufgds/O
                         net (fo=1, routed)           1.001     1.804    pll_inst/inst/clk_in1_pll
    PLLE2_ADV_X1Y1       PLLE2_ADV (Prop_plle2_adv_CLKIN1_CLKOUT0)
                                                     -7.261    -5.457 r  pll_inst/inst/plle2_adv_inst/CLKOUT0
                         net (fo=1, routed)           2.003    -3.454    pll_inst/inst/clk_out1_pll
    BUFGCTRL_X0Y1        BUFG (Prop_bufg_I_O)         0.083    -3.371 r  pll_inst/inst/clkout1_buf/O
                         net (fo=546, routed)         1.259    -2.112    twin_controller_inst/CLK
    SLICE_X71Y100        FDCE                                         r  twin_controller_inst/status_buffer_reg[17][2]/C
  -------------------------------------------------------------------    -------------------
    SLICE_X71Y100        FDCE (Prop_fdce_C_Q)         0.178    -1.934 r  twin_controller_inst/status_buffer_reg[17][2]/Q
                         net (fo=1, routed)           0.089    -1.845    twin_controller_inst/status_buffer_reg[17]_17[2]
    SLICE_X70Y100        LUT5 (Prop_lut5_I0_O)        0.036    -1.809 r  twin_controller_inst/tx_data[2]_i_1/O
                         net (fo=1, routed)           0.000    -1.809    twin_controller_inst/status_buffer[2]
    SLICE_X70Y100        FDCE                                         r  twin_controller_inst/tx_data_reg[2]/D
  -------------------------------------------------------------------    -------------------

                         (clock clk_out1_pll rise edge)
                                                      0.000     0.000 r  
    AD12                                              0.000     0.000 r  i_sys_clk_p (IN)
                         net (fo=0)                   0.000     0.000    pll_inst/inst/clk_in1_p
    AD12                 IBUFDS (Prop_ibufds_I_O)     0.906     0.906 r  pll_inst/inst/clkin1_ibufgds/O
                         net (fo=1, routed)           1.098     2.004    pll_inst/inst/clk_in1_pll
    PLLE2_ADV_X1Y1       PLLE2_ADV (Prop_plle2_adv_CLKIN1_CLKOUT0)
                                                     -8.058    -6.054 r  pll_inst/inst/plle2_adv_inst/CLKOUT0
                         net (fo=1, routed)           2.128    -3.926    pll_inst/inst/clk_out1_pll
    BUFGCTRL_X0Y1        BUFG (Prop_bufg_I_O)         0.093    -3.833 r  pll_inst/inst/clkout1_buf/O
                         net (fo=546, routed)         1.392    -2.441    twin_controller_inst/CLK
    SLICE_X70Y100        FDCE                                         r  twin_controller_inst/tx_data_reg[2]/C
                         clock pessimism              0.351    -2.091    
    SLICE_X70Y100        FDCE (Hold_fdce_C_D)         0.189    -1.902    twin_controller_inst/tx_data_reg[2]
  -------------------------------------------------------------------
                         required time                          1.902    
                         arrival time                          -1.809    
  -------------------------------------------------------------------
                         slack                                  0.093    

Slack (MET) :             0.093ns  (arrival time - required time)
  Source:                 twin_controller_inst/status_buffer_reg[17][2]/C
                            (rising edge-triggered cell FDCE clocked by clk_out1_pll  {rise@0.000ns fall@10.000ns period=20.000ns})
  Destination:            twin_controller_inst/tx_data_reg[2]/D
                            (rising edge-triggered cell FDCE clocked by clk_out1_pll  {rise@0.000ns fall@10.000ns period=20.000ns})
  Path Group:             clk_out1_pll
  Path Type:              Hold (Min at Slow Process Corner)
  Requirement:            0.000ns  (clk_out1_pll rise@0.000ns - clk_out1_pll rise@0.000ns)
  Data Path Delay:        0.303ns  (logic 0.214ns (70.737%)  route 0.089ns (29.263%))
  Logic Levels:           1  (LUT5=1)
  Clock Path Skew:        0.021ns (DCD - SCD - CPR)
    Destination Clock Delay (DCD):    -2.441ns
    Source Clock Delay      (SCD):    -2.112ns
    Clock Pessimism Removal (CPR):    -0.351ns

    Location             Delay type                Incr(ns)  Path(ns)    Netlist Resource(s)
  -------------------------------------------------------------------    -------------------
                         (clock clk_out1_pll rise edge)
                                                      0.000     0.000 r  
    AD12                                              0.000     0.000 r  i_sys_clk_p (IN)
                         net (fo=0)                   0.000     0.000    pll_inst/inst/clk_in1_p
    AD12                 IBUFDS (Prop_ibufds_I_O)     0.803     0.803 r  pll_inst/inst/clkin1_ibufgds/O
                         net (fo=1, routed)           1.001     1.804    pll_inst/inst/clk_in1_pll
    PLLE2_ADV_X1Y1       PLLE2_ADV (Prop_plle2_adv_CLKIN1_CLKOUT0)
                                                     -7.261    -5.457 r  pll_inst/inst/plle2_adv_inst/CLKOUT0
                         net (fo=1, routed)           2.003    -3.454    pll_inst/inst/clk_out1_pll
    BUFGCTRL_X0Y1        BUFG (Prop_bufg_I_O)         0.083    -3.371 r  pll_inst/inst/clkout1_buf/O
                         net (fo=546, routed)         1.259    -2.112    twin_controller_inst/CLK
    SLICE_X71Y100        FDCE                                         r  twin_controller_inst/status_buffer_reg[17][2]/C
  -------------------------------------------------------------------    -------------------
    SLICE_X71Y100        FDCE (Prop_fdce_C_Q)         0.178    -1.934 f  twin_controller_inst/status_buffer_reg[17][2]/Q
                         net (fo=1, routed)           0.089    -1.845    twin_controller_inst/status_buffer_reg[17]_17[2]
    SLICE_X70Y100        LUT5 (Prop_lut5_I0_O)        0.036    -1.809 f  twin_controller_inst/tx_data[2]_i_1/O
                         net (fo=1, routed)           0.000    -1.809    twin_controller_inst/status_buffer[2]
    SLICE_X70Y100        FDCE                                         f  twin_controller_inst/tx_data_reg[2]/D
  -------------------------------------------------------------------    -------------------

                         (clock clk_out1_pll rise edge)
                                                      0.000     0.000 r  
    AD12                                              0.000     0.000 r  i_sys_clk_p (IN)
                         net (fo=0)                   0.000     0.000    pll_inst/inst/clk_in1_p
    AD12                 IBUFDS (Prop_ibufds_I_O)     0.906     0.906 r  pll_inst/inst/clkin1_ibufgds/O
                         net (fo=1, routed)           1.098     2.004    pll_inst/inst/clk_in1_pll
    PLLE2_ADV_X1Y1       PLLE2_ADV (Prop_plle2_adv_CLKIN1_CLKOUT0)
                                                     -8.058    -6.054 r  pll_inst/inst/plle2_adv_inst/CLKOUT0
                         net (fo=1, routed)           2.128    -3.926    pll_inst/inst/clk_out1_pll
    BUFGCTRL_X0Y1        BUFG (Prop_bufg_I_O)         0.093    -3.833 r  pll_inst/inst/clkout1_buf/O
                         net (fo=546, routed)         1.392    -2.441    twin_controller_inst/CLK
    SLICE_X70Y100        FDCE                                         r  twin_controller_inst/tx_data_reg[2]/C
                         clock pessimism              0.351    -2.091    
    SLICE_X70Y100        FDCE (Hold_fdce_C_D)         0.189    -1.902    twin_controller_inst/tx_data_reg[2]
  -------------------------------------------------------------------
                         required time                          1.902    
                         arrival time                          -1.809    
  -------------------------------------------------------------------
                         slack                                  0.093    

Slack (MET) :             0.098ns  (arrival time - required time)
  Source:                 student_top_inst/Core_cpu/cpu_core/mem2_align_inst/dff_inst/data_o_reg[12]_rep__2/C
                            (rising edge-triggered cell FDRE clocked by clk_out2_pll  {rise@0.000ns fall@2.222ns period=4.444ns})
  Destination:            student_top_inst/Core_cpu/cpu_core/mem_wb_inst/dff_inst/data_o_reg[12]/D
                            (rising edge-triggered cell FDRE clocked by clk_out2_pll  {rise@0.000ns fall@2.222ns period=4.444ns})
  Path Group:             clk_out2_pll
  Path Type:              Hold (Min at Fast Process Corner)
  Requirement:            0.000ns  (clk_out2_pll rise@0.000ns - clk_out2_pll rise@0.000ns)
  Data Path Delay:        0.321ns  (logic 0.118ns (36.714%)  route 0.203ns (63.286%))
  Logic Levels:           0  
  Clock Path Skew:        0.186ns (DCD - SCD - CPR)
    Destination Clock Delay (DCD):    -0.634ns
    Source Clock Delay      (SCD):    -0.438ns
    Clock Pessimism Removal (CPR):    -0.383ns

    Location             Delay type                Incr(ns)  Path(ns)    Netlist Resource(s)
  -------------------------------------------------------------------    -------------------
                         (clock clk_out2_pll rise edge)
                                                      0.000     0.000 r  
    AD12                                              0.000     0.000 r  i_sys_clk_p (IN)
                         net (fo=0)                   0.000     0.000    pll_inst/inst/clk_in1_p
    AD12                 IBUFDS (Prop_ibufds_I_O)     0.388     0.388 r  pll_inst/inst/clkin1_ibufgds/O
                         net (fo=1, routed)           0.503     0.891    pll_inst/inst/clk_in1_pll
    PLLE2_ADV_X1Y1       PLLE2_ADV (Prop_plle2_adv_CLKIN1_CLKOUT1)
                                                     -2.908    -2.017 r  pll_inst/inst/plle2_adv_inst/CLKOUT1
                         net (fo=1, routed)           0.958    -1.059    pll_inst/inst/clk_out2_pll
    BUFGCTRL_X0Y0        BUFG (Prop_bufg_I_O)         0.026    -1.033 r  pll_inst/inst/clkout2_buf/O
                         net (fo=2865, routed)        0.595    -0.438    student_top_inst/Core_cpu/cpu_core/mem2_align_inst/dff_inst/clk_out2
    SLICE_X86Y110        FDRE                                         r  student_top_inst/Core_cpu/cpu_core/mem2_align_inst/dff_inst/data_o_reg[12]_rep__2/C
  -------------------------------------------------------------------    -------------------
    SLICE_X86Y110        FDRE (Prop_fdre_C_Q)         0.118    -0.320 r  student_top_inst/Core_cpu/cpu_core/mem2_align_inst/dff_inst/data_o_reg[12]_rep__2/Q
                         net (fo=4, routed)           0.203    -0.116    student_top_inst/Core_cpu/cpu_core/mem_wb_inst/dff_inst/data_o_reg[12]_1
    SLICE_X78Y108        FDRE                                         r  student_top_inst/Core_cpu/cpu_core/mem_wb_inst/dff_inst/data_o_reg[12]/D
  -------------------------------------------------------------------    -------------------

                         (clock clk_out2_pll rise edge)
                                                      0.000     0.000 r  
    AD12                                              0.000     0.000 r  i_sys_clk_p (IN)
                         net (fo=0)                   0.000     0.000    pll_inst/inst/clk_in1_p
    AD12                 IBUFDS (Prop_ibufds_I_O)     0.470     0.470 r  pll_inst/inst/clkin1_ibufgds/O
                         net (fo=1, routed)           0.554     1.024    pll_inst/inst/clk_in1_pll
    PLLE2_ADV_X1Y1       PLLE2_ADV (Prop_plle2_adv_CLKIN1_CLKOUT1)
                                                     -3.524    -2.500 r  pll_inst/inst/plle2_adv_inst/CLKOUT1
                         net (fo=1, routed)           1.027    -1.473    pll_inst/inst/clk_out2_pll
    BUFGCTRL_X0Y0        BUFG (Prop_bufg_I_O)         0.030    -1.443 r  pll_inst/inst/clkout2_buf/O
                         net (fo=2865, routed)        0.809    -0.634    student_top_inst/Core_cpu/cpu_core/mem_wb_inst/dff_inst/clk_out2
    SLICE_X78Y108        FDRE                                         r  student_top_inst/Core_cpu/cpu_core/mem_wb_inst/dff_inst/data_o_reg[12]/C
                         clock pessimism              0.383    -0.252    
    SLICE_X78Y108        FDRE (Hold_fdre_C_D)         0.037    -0.215    student_top_inst/Core_cpu/cpu_core/mem_wb_inst/dff_inst/data_o_reg[12]
  -------------------------------------------------------------------
                         required time                          0.215    
                         arrival time                          -0.116    
  -------------------------------------------------------------------
                         slack                                  0.098    

Slack (MET) :             0.098ns  (arrival time - required time)
  Source:                 student_top_inst/Core_cpu/cpu_core/mem2_align_inst/dff_inst/data_o_reg[12]_rep__2/C
                            (rising edge-triggered cell FDRE clocked by clk_out2_pll  {rise@0.000ns fall@2.222ns period=4.444ns})
  Destination:            student_top_inst/Core_cpu/cpu_core/mem_wb_inst/dff_inst/data_o_reg[12]/D
                            (rising edge-triggered cell FDRE clocked by clk_out2_pll  {rise@0.000ns fall@2.222ns period=4.444ns})
  Path Group:             clk_out2_pll
  Path Type:              Hold (Min at Fast Process Corner)
  Requirement:            0.000ns  (clk_out2_pll rise@0.000ns - clk_out2_pll rise@0.000ns)
  Data Path Delay:        0.321ns  (logic 0.118ns (36.714%)  route 0.203ns (63.286%))
  Logic Levels:           0  
  Clock Path Skew:        0.186ns (DCD - SCD - CPR)
    Destination Clock Delay (DCD):    -0.634ns
    Source Clock Delay      (SCD):    -0.438ns
    Clock Pessimism Removal (CPR):    -0.383ns

    Location             Delay type                Incr(ns)  Path(ns)    Netlist Resource(s)
  -------------------------------------------------------------------    -------------------
                         (clock clk_out2_pll rise edge)
                                                      0.000     0.000 r  
    AD12                                              0.000     0.000 r  i_sys_clk_p (IN)
                         net (fo=0)                   0.000     0.000    pll_inst/inst/clk_in1_p
    AD12                 IBUFDS (Prop_ibufds_I_O)     0.388     0.388 r  pll_inst/inst/clkin1_ibufgds/O
                         net (fo=1, routed)           0.503     0.891    pll_inst/inst/clk_in1_pll
    PLLE2_ADV_X1Y1       PLLE2_ADV (Prop_plle2_adv_CLKIN1_CLKOUT1)
                                                     -2.908    -2.017 r  pll_inst/inst/plle2_adv_inst/CLKOUT1
                         net (fo=1, routed)           0.958    -1.059    pll_inst/inst/clk_out2_pll
    BUFGCTRL_X0Y0        BUFG (Prop_bufg_I_O)         0.026    -1.033 r  pll_inst/inst/clkout2_buf/O
                         net (fo=2865, routed)        0.595    -0.438    student_top_inst/Core_cpu/cpu_core/mem2_align_inst/dff_inst/clk_out2
    SLICE_X86Y110        FDRE                                         r  student_top_inst/Core_cpu/cpu_core/mem2_align_inst/dff_inst/data_o_reg[12]_rep__2/C
  -------------------------------------------------------------------    -------------------
    SLICE_X86Y110        FDRE (Prop_fdre_C_Q)         0.118    -0.320 f  student_top_inst/Core_cpu/cpu_core/mem2_align_inst/dff_inst/data_o_reg[12]_rep__2/Q
                         net (fo=4, routed)           0.203    -0.116    student_top_inst/Core_cpu/cpu_core/mem_wb_inst/dff_inst/data_o_reg[12]_1
    SLICE_X78Y108        FDRE                                         f  student_top_inst/Core_cpu/cpu_core/mem_wb_inst/dff_inst/data_o_reg[12]/D
  -------------------------------------------------------------------    -------------------

                         (clock clk_out2_pll rise edge)
                                                      0.000     0.000 r  
    AD12                                              0.000     0.000 r  i_sys_clk_p (IN)
                         net (fo=0)                   0.000     0.000    pll_inst/inst/clk_in1_p
    AD12                 IBUFDS (Prop_ibufds_I_O)     0.470     0.470 r  pll_inst/inst/clkin1_ibufgds/O
                         net (fo=1, routed)           0.554     1.024    pll_inst/inst/clk_in1_pll
    PLLE2_ADV_X1Y1       PLLE2_ADV (Prop_plle2_adv_CLKIN1_CLKOUT1)
                                                     -3.524    -2.500 r  pll_inst/inst/plle2_adv_inst/CLKOUT1
                         net (fo=1, routed)           1.027    -1.473    pll_inst/inst/clk_out2_pll
    BUFGCTRL_X0Y0        BUFG (Prop_bufg_I_O)         0.030    -1.443 r  pll_inst/inst/clkout2_buf/O
                         net (fo=2865, routed)        0.809    -0.634    student_top_inst/Core_cpu/cpu_core/mem_wb_inst/dff_inst/clk_out2
    SLICE_X78Y108        FDRE                                         r  student_top_inst/Core_cpu/cpu_core/mem_wb_inst/dff_inst/data_o_reg[12]/C
                         clock pessimism              0.383    -0.252    
    SLICE_X78Y108        FDRE (Hold_fdre_C_D)         0.037    -0.215    student_top_inst/Core_cpu/cpu_core/mem_wb_inst/dff_inst/data_o_reg[12]
  -------------------------------------------------------------------
                         required time                          0.215    
                         arrival time                          -0.116    
  -------------------------------------------------------------------
                         slack                                  0.098    

Slack (MET) :             0.103ns  (arrival time - required time)
  Source:                 student_top_inst/Core_cpu/cpu_core/pc_reg_inst/pc_o_reg[13]/C
                            (rising edge-triggered cell FDRE clocked by clk_out2_pll  {rise@0.000ns fall@2.222ns period=4.444ns})
  Destination:            student_top_inst/Mem_IROM/U0/inst_blk_mem_gen/gnbram.gnativebmg.native_blk_mem_gen/valid.cstr/ramloop[0].ram.r/prim_init.ram/DEVICE_7SERIES.NO_BMM_INFO.SP.SIMPLE_PRIM36.ram/ADDRARDADDR[14]
                            (rising edge-triggered cell RAMB36E1 clocked by clk_out2_pll  {rise@0.000ns fall@2.222ns period=4.444ns})
  Path Group:             clk_out2_pll
  Path Type:              Hold (Min at Fast Process Corner)
  Requirement:            0.000ns  (clk_out2_pll rise@0.000ns - clk_out2_pll rise@0.000ns)
  Data Path Delay:        0.314ns  (logic 0.100ns (31.838%)  route 0.214ns (68.162%))
  Logic Levels:           0  
  Clock Path Skew:        0.029ns (DCD - SCD - CPR)
    Destination Clock Delay (DCD):    -0.600ns
    Source Clock Delay      (SCD):    -0.406ns
    Clock Pessimism Removal (CPR):    -0.223ns

    Location             Delay type                Incr(ns)  Path(ns)    Netlist Resource(s)
  -------------------------------------------------------------------    -------------------
                         (clock clk_out2_pll rise edge)
                                                      0.000     0.000 r  
    AD12                                              0.000     0.000 r  i_sys_clk_p (IN)
                         net (fo=0)                   0.000     0.000    pll_inst/inst/clk_in1_p
    AD12                 IBUFDS (Prop_ibufds_I_O)     0.388     0.388 r  pll_inst/inst/clkin1_ibufgds/O
                         net (fo=1, routed)           0.503     0.891    pll_inst/inst/clk_in1_pll
    PLLE2_ADV_X1Y1       PLLE2_ADV (Prop_plle2_adv_CLKIN1_CLKOUT1)
                                                     -2.908    -2.017 r  pll_inst/inst/plle2_adv_inst/CLKOUT1
                         net (fo=1, routed)           0.958    -1.059    pll_inst/inst/clk_out2_pll
    BUFGCTRL_X0Y0        BUFG (Prop_bufg_I_O)         0.026    -1.033 r  pll_inst/inst/clkout2_buf/O
                         net (fo=2865, routed)        0.627    -0.406    student_top_inst/Core_cpu/cpu_core/pc_reg_inst/clk_out2
    SLICE_X48Y109        FDRE                                         r  student_top_inst/Core_cpu/cpu_core/pc_reg_inst/pc_o_reg[13]/C
  -------------------------------------------------------------------    -------------------
    SLICE_X48Y109        FDRE (Prop_fdre_C_Q)         0.100    -0.306 r  student_top_inst/Core_cpu/cpu_core/pc_reg_inst/pc_o_reg[13]/Q
                         net (fo=6, routed)           0.214    -0.091    student_top_inst/Mem_IROM/U0/inst_blk_mem_gen/gnbram.gnativebmg.native_blk_mem_gen/valid.cstr/ramloop[0].ram.r/prim_init.ram/addra[11]
    RAMB36_X2Y21         RAMB36E1                                     r  student_top_inst/Mem_IROM/U0/inst_blk_mem_gen/gnbram.gnativebmg.native_blk_mem_gen/valid.cstr/ramloop[0].ram.r/prim_init.ram/DEVICE_7SERIES.NO_BMM_INFO.SP.SIMPLE_PRIM36.ram/ADDRARDADDR[14]
  -------------------------------------------------------------------    -------------------

                         (clock clk_out2_pll rise edge)
                                                      0.000     0.000 r  
    AD12                                              0.000     0.000 r  i_sys_clk_p (IN)
                         net (fo=0)                   0.000     0.000    pll_inst/inst/clk_in1_p
    AD12                 IBUFDS (Prop_ibufds_I_O)     0.470     0.470 r  pll_inst/inst/clkin1_ibufgds/O
                         net (fo=1, routed)           0.554     1.024    pll_inst/inst/clk_in1_pll
    PLLE2_ADV_X1Y1       PLLE2_ADV (Prop_plle2_adv_CLKIN1_CLKOUT1)
                                                     -3.524    -2.500 r  pll_inst/inst/plle2_adv_inst/CLKOUT1
                         net (fo=1, routed)           1.027    -1.473    pll_inst/inst/clk_out2_pll
    BUFGCTRL_X0Y0        BUFG (Prop_bufg_I_O)         0.030    -1.443 r  pll_inst/inst/clkout2_buf/O
                         net (fo=2865, routed)        0.844    -0.600    student_top_inst/Mem_IROM/U0/inst_blk_mem_gen/gnbram.gnativebmg.native_blk_mem_gen/valid.cstr/ramloop[0].ram.r/prim_init.ram/clka
    RAMB36_X2Y21         RAMB36E1                                     r  student_top_inst/Mem_IROM/U0/inst_blk_mem_gen/gnbram.gnativebmg.native_blk_mem_gen/valid.cstr/ramloop[0].ram.r/prim_init.ram/DEVICE_7SERIES.NO_BMM_INFO.SP.SIMPLE_PRIM36.ram/CLKARDCLK
                         clock pessimism              0.223    -0.377    
    RAMB36_X2Y21         RAMB36E1 (Hold_ramb36e1_CLKARDCLK_ADDRARDADDR[14])
                                                      0.183    -0.194    student_top_inst/Mem_IROM/U0/inst_blk_mem_gen/gnbram.gnativebmg.native_blk_mem_gen/valid.cstr/ramloop[0].ram.r/prim_init.ram/DEVICE_7SERIES.NO_BMM_INFO.SP.SIMPLE_PRIM36.ram
  -------------------------------------------------------------------
                         required time                          0.194    
                         arrival time                          -0.091    
  -------------------------------------------------------------------
                         slack                                  0.103    

Slack (MET) :             0.103ns  (arrival time - required time)
  Source:                 student_top_inst/Core_cpu/cpu_core/pc_reg_inst/pc_o_reg[13]/C
                            (rising edge-triggered cell FDRE clocked by clk_out2_pll  {rise@0.000ns fall@2.222ns period=4.444ns})
  Destination:            student_top_inst/Mem_IROM/U0/inst_blk_mem_gen/gnbram.gnativebmg.native_blk_mem_gen/valid.cstr/ramloop[0].ram.r/prim_init.ram/DEVICE_7SERIES.NO_BMM_INFO.SP.SIMPLE_PRIM36.ram/ADDRARDADDR[14]
                            (rising edge-triggered cell RAMB36E1 clocked by clk_out2_pll  {rise@0.000ns fall@2.222ns period=4.444ns})
  Path Group:             clk_out2_pll
  Path Type:              Hold (Min at Fast Process Corner)
  Requirement:            0.000ns  (clk_out2_pll rise@0.000ns - clk_out2_pll rise@0.000ns)
  Data Path Delay:        0.314ns  (logic 0.100ns (31.838%)  route 0.214ns (68.162%))
  Logic Levels:           0  
  Clock Path Skew:        0.029ns (DCD - SCD - CPR)
    Destination Clock Delay (DCD):    -0.600ns
    Source Clock Delay      (SCD):    -0.406ns
    Clock Pessimism Removal (CPR):    -0.223ns

    Location             Delay type                Incr(ns)  Path(ns)    Netlist Resource(s)
  -------------------------------------------------------------------    -------------------
                         (clock clk_out2_pll rise edge)
                                                      0.000     0.000 r  
    AD12                                              0.000     0.000 r  i_sys_clk_p (IN)
                         net (fo=0)                   0.000     0.000    pll_inst/inst/clk_in1_p
    AD12                 IBUFDS (Prop_ibufds_I_O)     0.388     0.388 r  pll_inst/inst/clkin1_ibufgds/O
                         net (fo=1, routed)           0.503     0.891    pll_inst/inst/clk_in1_pll
    PLLE2_ADV_X1Y1       PLLE2_ADV (Prop_plle2_adv_CLKIN1_CLKOUT1)
                                                     -2.908    -2.017 r  pll_inst/inst/plle2_adv_inst/CLKOUT1
                         net (fo=1, routed)           0.958    -1.059    pll_inst/inst/clk_out2_pll
    BUFGCTRL_X0Y0        BUFG (Prop_bufg_I_O)         0.026    -1.033 r  pll_inst/inst/clkout2_buf/O
                         net (fo=2865, routed)        0.627    -0.406    student_top_inst/Core_cpu/cpu_core/pc_reg_inst/clk_out2
    SLICE_X48Y109        FDRE                                         r  student_top_inst/Core_cpu/cpu_core/pc_reg_inst/pc_o_reg[13]/C
  -------------------------------------------------------------------    -------------------
    SLICE_X48Y109        FDRE (Prop_fdre_C_Q)         0.100    -0.306 f  student_top_inst/Core_cpu/cpu_core/pc_reg_inst/pc_o_reg[13]/Q
                         net (fo=6, routed)           0.214    -0.091    student_top_inst/Mem_IROM/U0/inst_blk_mem_gen/gnbram.gnativebmg.native_blk_mem_gen/valid.cstr/ramloop[0].ram.r/prim_init.ram/addra[11]
    RAMB36_X2Y21         RAMB36E1                                     f  student_top_inst/Mem_IROM/U0/inst_blk_mem_gen/gnbram.gnativebmg.native_blk_mem_gen/valid.cstr/ramloop[0].ram.r/prim_init.ram/DEVICE_7SERIES.NO_BMM_INFO.SP.SIMPLE_PRIM36.ram/ADDRARDADDR[14]
  -------------------------------------------------------------------    -------------------

                         (clock clk_out2_pll rise edge)
                                                      0.000     0.000 r  
    AD12                                              0.000     0.000 r  i_sys_clk_p (IN)
                         net (fo=0)                   0.000     0.000    pll_inst/inst/clk_in1_p
    AD12                 IBUFDS (Prop_ibufds_I_O)     0.470     0.470 r  pll_inst/inst/clkin1_ibufgds/O
                         net (fo=1, routed)           0.554     1.024    pll_inst/inst/clk_in1_pll
    PLLE2_ADV_X1Y1       PLLE2_ADV (Prop_plle2_adv_CLKIN1_CLKOUT1)
                                                     -3.524    -2.500 r  pll_inst/inst/plle2_adv_inst/CLKOUT1
                         net (fo=1, routed)           1.027    -1.473    pll_inst/inst/clk_out2_pll
    BUFGCTRL_X0Y0        BUFG (Prop_bufg_I_O)         0.030    -1.443 r  pll_inst/inst/clkout2_buf/O
                         net (fo=2865, routed)        0.844    -0.600    student_top_inst/Mem_IROM/U0/inst_blk_mem_gen/gnbram.gnativebmg.native_blk_mem_gen/valid.cstr/ramloop[0].ram.r/prim_init.ram/clka
    RAMB36_X2Y21         RAMB36E1                                     r  student_top_inst/Mem_IROM/U0/inst_blk_mem_gen/gnbram.gnativebmg.native_blk_mem_gen/valid.cstr/ramloop[0].ram.r/prim_init.ram/DEVICE_7SERIES.NO_BMM_INFO.SP.SIMPLE_PRIM36.ram/CLKARDCLK
                         clock pessimism              0.223    -0.377    
    RAMB36_X2Y21         RAMB36E1 (Hold_ramb36e1_CLKARDCLK_ADDRARDADDR[14])
                                                      0.183    -0.194    student_top_inst/Mem_IROM/U0/inst_blk_mem_gen/gnbram.gnativebmg.native_blk_mem_gen/valid.cstr/ramloop[0].ram.r/prim_init.ram/DEVICE_7SERIES.NO_BMM_INFO.SP.SIMPLE_PRIM36.ram
  -------------------------------------------------------------------
                         required time                          0.194    
                         arrival time                          -0.091    
  -------------------------------------------------------------------
                         slack                                  0.103    

Slack (MET) :             0.106ns  (arrival time - required time)
  Source:                 student_top_inst/Core_cpu/cpu_core/mem_wb_inst/dff_bp_update_en/data_o_reg[0]/C
                            (rising edge-triggered cell FDRE clocked by clk_out2_pll  {rise@0.000ns fall@2.222ns period=4.444ns})
  Destination:            student_top_inst/Core_cpu/cpu_core/branch_predictor_inst/bht_valid_reg_128_255_0_0/SP.LOW/I
                            (rising edge-triggered cell RAMD64E clocked by clk_out2_pll  {rise@0.000ns fall@2.222ns period=4.444ns})
  Path Group:             clk_out2_pll
  Path Type:              Hold (Min at Fast Process Corner)
  Requirement:            0.000ns  (clk_out2_pll rise@0.000ns - clk_out2_pll rise@0.000ns)
  Data Path Delay:        0.248ns  (logic 0.100ns (40.370%)  route 0.148ns (59.630%))
  Logic Levels:           0  
  Clock Path Skew:        0.013ns (DCD - SCD - CPR)
    Destination Clock Delay (DCD):    -0.596ns
    Source Clock Delay      (SCD):    -0.405ns
    Clock Pessimism Removal (CPR):    -0.205ns

    Location             Delay type                Incr(ns)  Path(ns)    Netlist Resource(s)
  -------------------------------------------------------------------    -------------------
                         (clock clk_out2_pll rise edge)
                                                      0.000     0.000 r  
    AD12                                              0.000     0.000 r  i_sys_clk_p (IN)
                         net (fo=0)                   0.000     0.000    pll_inst/inst/clk_in1_p
    AD12                 IBUFDS (Prop_ibufds_I_O)     0.388     0.388 r  pll_inst/inst/clkin1_ibufgds/O
                         net (fo=1, routed)           0.503     0.891    pll_inst/inst/clk_in1_pll
    PLLE2_ADV_X1Y1       PLLE2_ADV (Prop_plle2_adv_CLKIN1_CLKOUT1)
                                                     -2.908    -2.017 r  pll_inst/inst/plle2_adv_inst/CLKOUT1
                         net (fo=1, routed)           0.958    -1.059    pll_inst/inst/clk_out2_pll
    BUFGCTRL_X0Y0        BUFG (Prop_bufg_I_O)         0.026    -1.033 r  pll_inst/inst/clkout2_buf/O
                         net (fo=2865, routed)        0.628    -0.405    student_top_inst/Core_cpu/cpu_core/mem_wb_inst/dff_bp_update_en/clk_out2
    SLICE_X41Y112        FDRE                                         r  student_top_inst/Core_cpu/cpu_core/mem_wb_inst/dff_bp_update_en/data_o_reg[0]/C
  -------------------------------------------------------------------    -------------------
    SLICE_X41Y112        FDRE (Prop_fdre_C_Q)         0.100    -0.305 r  student_top_inst/Core_cpu/cpu_core/mem_wb_inst/dff_bp_update_en/data_o_reg[0]/Q
                         net (fo=29, routed)          0.148    -0.157    student_top_inst/Core_cpu/cpu_core/branch_predictor_inst/bht_valid_reg_128_255_0_0/D
    SLICE_X38Y112        RAMD64E                                      r  student_top_inst/Core_cpu/cpu_core/branch_predictor_inst/bht_valid_reg_128_255_0_0/SP.LOW/I
  -------------------------------------------------------------------    -------------------

                         (clock clk_out2_pll rise edge)
                                                      0.000     0.000 r  
    AD12                                              0.000     0.000 r  i_sys_clk_p (IN)
                         net (fo=0)                   0.000     0.000    pll_inst/inst/clk_in1_p
    AD12                 IBUFDS (Prop_ibufds_I_O)     0.470     0.470 r  pll_inst/inst/clkin1_ibufgds/O
                         net (fo=1, routed)           0.554     1.024    pll_inst/inst/clk_in1_pll
    PLLE2_ADV_X1Y1       PLLE2_ADV (Prop_plle2_adv_CLKIN1_CLKOUT1)
                                                     -3.524    -2.500 r  pll_inst/inst/plle2_adv_inst/CLKOUT1
                         net (fo=1, routed)           1.027    -1.473    pll_inst/inst/clk_out2_pll
    BUFGCTRL_X0Y0        BUFG (Prop_bufg_I_O)         0.030    -1.443 r  pll_inst/inst/clkout2_buf/O
                         net (fo=2865, routed)        0.847    -0.596    student_top_inst/Core_cpu/cpu_core/branch_predictor_inst/bht_valid_reg_128_255_0_0/WCLK
    SLICE_X38Y112        RAMD64E                                      r  student_top_inst/Core_cpu/cpu_core/branch_predictor_inst/bht_valid_reg_128_255_0_0/SP.LOW/CLK
                         clock pessimism              0.205    -0.392    
    SLICE_X38Y112        RAMD64E (Hold_ramd64e_CLK_I)
                                                      0.129    -0.263    student_top_inst/Core_cpu/cpu_core/branch_predictor_inst/bht_valid_reg_128_255_0_0/SP.LOW
  -------------------------------------------------------------------
                         required time                          0.263    
                         arrival time                          -0.157    
  -------------------------------------------------------------------
                         slack                                  0.106    

Slack (MET) :             0.106ns  (arrival time - required time)
  Source:                 student_top_inst/Core_cpu/cpu_core/mem_wb_inst/dff_bp_update_en/data_o_reg[0]/C
                            (rising edge-triggered cell FDRE clocked by clk_out2_pll  {rise@0.000ns fall@2.222ns period=4.444ns})
  Destination:            student_top_inst/Core_cpu/cpu_core/branch_predictor_inst/bht_valid_reg_128_255_0_0/SP.LOW/I
                            (rising edge-triggered cell RAMD64E clocked by clk_out2_pll  {rise@0.000ns fall@2.222ns period=4.444ns})
  Path Group:             clk_out2_pll
  Path Type:              Hold (Min at Fast Process Corner)
  Requirement:            0.000ns  (clk_out2_pll rise@0.000ns - clk_out2_pll rise@0.000ns)
  Data Path Delay:        0.248ns  (logic 0.100ns (40.370%)  route 0.148ns (59.630%))
  Logic Levels:           0  
  Clock Path Skew:        0.013ns (DCD - SCD - CPR)
    Destination Clock Delay (DCD):    -0.596ns
    Source Clock Delay      (SCD):    -0.405ns
    Clock Pessimism Removal (CPR):    -0.205ns

    Location             Delay type                Incr(ns)  Path(ns)    Netlist Resource(s)
  -------------------------------------------------------------------    -------------------
                         (clock clk_out2_pll rise edge)
                                                      0.000     0.000 r  
    AD12                                              0.000     0.000 r  i_sys_clk_p (IN)
                         net (fo=0)                   0.000     0.000    pll_inst/inst/clk_in1_p
    AD12                 IBUFDS (Prop_ibufds_I_O)     0.388     0.388 r  pll_inst/inst/clkin1_ibufgds/O
                         net (fo=1, routed)           0.503     0.891    pll_inst/inst/clk_in1_pll
    PLLE2_ADV_X1Y1       PLLE2_ADV (Prop_plle2_adv_CLKIN1_CLKOUT1)
                                                     -2.908    -2.017 r  pll_inst/inst/plle2_adv_inst/CLKOUT1
                         net (fo=1, routed)           0.958    -1.059    pll_inst/inst/clk_out2_pll
    BUFGCTRL_X0Y0        BUFG (Prop_bufg_I_O)         0.026    -1.033 r  pll_inst/inst/clkout2_buf/O
                         net (fo=2865, routed)        0.628    -0.405    student_top_inst/Core_cpu/cpu_core/mem_wb_inst/dff_bp_update_en/clk_out2
    SLICE_X41Y112        FDRE                                         r  student_top_inst/Core_cpu/cpu_core/mem_wb_inst/dff_bp_update_en/data_o_reg[0]/C
  -------------------------------------------------------------------    -------------------
    SLICE_X41Y112        FDRE (Prop_fdre_C_Q)         0.100    -0.305 f  student_top_inst/Core_cpu/cpu_core/mem_wb_inst/dff_bp_update_en/data_o_reg[0]/Q
                         net (fo=29, routed)          0.148    -0.157    student_top_inst/Core_cpu/cpu_core/branch_predictor_inst/bht_valid_reg_128_255_0_0/D
    SLICE_X38Y112        RAMD64E                                      f  student_top_inst/Core_cpu/cpu_core/branch_predictor_inst/bht_valid_reg_128_255_0_0/SP.LOW/I
  -------------------------------------------------------------------    -------------------

                         (clock clk_out2_pll rise edge)
                                                      0.000     0.000 r  
    AD12                                              0.000     0.000 r  i_sys_clk_p (IN)
                         net (fo=0)                   0.000     0.000    pll_inst/inst/clk_in1_p
    AD12                 IBUFDS (Prop_ibufds_I_O)     0.470     0.470 r  pll_inst/inst/clkin1_ibufgds/O
                         net (fo=1, routed)           0.554     1.024    pll_inst/inst/clk_in1_pll
    PLLE2_ADV_X1Y1       PLLE2_ADV (Prop_plle2_adv_CLKIN1_CLKOUT1)
                                                     -3.524    -2.500 r  pll_inst/inst/plle2_adv_inst/CLKOUT1
                         net (fo=1, routed)           1.027    -1.473    pll_inst/inst/clk_out2_pll
    BUFGCTRL_X0Y0        BUFG (Prop_bufg_I_O)         0.030    -1.443 r  pll_inst/inst/clkout2_buf/O
                         net (fo=2865, routed)        0.847    -0.596    student_top_inst/Core_cpu/cpu_core/branch_predictor_inst/bht_valid_reg_128_255_0_0/WCLK
    SLICE_X38Y112        RAMD64E                                      r  student_top_inst/Core_cpu/cpu_core/branch_predictor_inst/bht_valid_reg_128_255_0_0/SP.LOW/CLK
                         clock pessimism              0.205    -0.392    
    SLICE_X38Y112        RAMD64E (Hold_ramd64e_CLK_I)
                                                      0.129    -0.263    student_top_inst/Core_cpu/cpu_core/branch_predictor_inst/bht_valid_reg_128_255_0_0/SP.LOW
  -------------------------------------------------------------------
                         required time                          0.263    
                         arrival time                          -0.157    
  -------------------------------------------------------------------
                         slack                                  0.106    

Slack (MET) :             0.110ns  (arrival time - required time)
  Source:                 student_top_inst/bridge_inst/led_sync_d1_reg[24]/C
                            (rising edge-triggered cell FDRE clocked by clk_out1_pll  {rise@0.000ns fall@10.000ns period=20.000ns})
  Destination:            student_top_inst/bridge_inst/led_sync_d2_reg[24]_lopt_replica/D
                            (rising edge-triggered cell FDRE clocked by clk_out1_pll  {rise@0.000ns fall@10.000ns period=20.000ns})
  Path Group:             clk_out1_pll
  Path Type:              Hold (Min at Fast Process Corner)
  Requirement:            0.000ns  (clk_out1_pll rise@0.000ns - clk_out1_pll rise@0.000ns)
  Data Path Delay:        0.258ns  (logic 0.091ns (35.335%)  route 0.167ns (64.666%))
  Logic Levels:           0  
  Clock Path Skew:        0.141ns (DCD - SCD - CPR)
    Destination Clock Delay (DCD):    -0.629ns
    Source Clock Delay      (SCD):    -0.388ns
    Clock Pessimism Removal (CPR):    -0.383ns

    Location             Delay type                Incr(ns)  Path(ns)    Netlist Resource(s)
  -------------------------------------------------------------------    -------------------
                         (clock clk_out1_pll rise edge)
                                                      0.000     0.000 r  
    AD12                                              0.000     0.000 r  i_sys_clk_p (IN)
                         net (fo=0)                   0.000     0.000    pll_inst/inst/clk_in1_p
    AD12                 IBUFDS (Prop_ibufds_I_O)     0.388     0.388 r  pll_inst/inst/clkin1_ibufgds/O
                         net (fo=1, routed)           0.503     0.891    pll_inst/inst/clk_in1_pll
    PLLE2_ADV_X1Y1       PLLE2_ADV (Prop_plle2_adv_CLKIN1_CLKOUT0)
                                                     -2.908    -2.017 r  pll_inst/inst/plle2_adv_inst/CLKOUT0
                         net (fo=1, routed)           0.958    -1.059    pll_inst/inst/clk_out1_pll
    BUFGCTRL_X0Y1        BUFG (Prop_bufg_I_O)         0.026    -1.033 r  pll_inst/inst/clkout1_buf/O
                         net (fo=546, routed)         0.645    -0.388    student_top_inst/bridge_inst/clk_out1
    SLICE_X71Y99         FDRE                                         r  student_top_inst/bridge_inst/led_sync_d1_reg[24]/C
  -------------------------------------------------------------------    -------------------
    SLICE_X71Y99         FDRE (Prop_fdre_C_Q)         0.091    -0.297 r  student_top_inst/bridge_inst/led_sync_d1_reg[24]/Q
                         net (fo=2, routed)           0.167    -0.130    student_top_inst/bridge_inst/led_sync_d1[24]
    SLICE_X69Y100        FDRE                                         r  student_top_inst/bridge_inst/led_sync_d2_reg[24]_lopt_replica/D
  -------------------------------------------------------------------    -------------------

                         (clock clk_out1_pll rise edge)
                                                      0.000     0.000 r  
    AD12                                              0.000     0.000 r  i_sys_clk_p (IN)
                         net (fo=0)                   0.000     0.000    pll_inst/inst/clk_in1_p
    AD12                 IBUFDS (Prop_ibufds_I_O)     0.470     0.470 r  pll_inst/inst/clkin1_ibufgds/O
                         net (fo=1, routed)           0.554     1.024    pll_inst/inst/clk_in1_pll
    PLLE2_ADV_X1Y1       PLLE2_ADV (Prop_plle2_adv_CLKIN1_CLKOUT0)
                                                     -3.524    -2.500 r  pll_inst/inst/plle2_adv_inst/CLKOUT0
                         net (fo=1, routed)           1.027    -1.473    pll_inst/inst/clk_out1_pll
    BUFGCTRL_X0Y1        BUFG (Prop_bufg_I_O)         0.030    -1.443 r  pll_inst/inst/clkout1_buf/O
                         net (fo=546, routed)         0.814    -0.629    student_top_inst/bridge_inst/clk_out1
    SLICE_X69Y100        FDRE                                         r  student_top_inst/bridge_inst/led_sync_d2_reg[24]_lopt_replica/C
                         clock pessimism              0.383    -0.247    
    SLICE_X69Y100        FDRE (Hold_fdre_C_D)         0.007    -0.240    student_top_inst/bridge_inst/led_sync_d2_reg[24]_lopt_replica
  -------------------------------------------------------------------
                         required time                          0.240    
                         arrival time                          -0.130    
  -------------------------------------------------------------------
                         slack                                  0.110    

Slack (MET) :             0.110ns  (arrival time - required time)
  Source:                 student_top_inst/bridge_inst/led_sync_d1_reg[24]/C
                            (rising edge-triggered cell FDRE clocked by clk_out1_pll  {rise@0.000ns fall@10.000ns period=20.000ns})
  Destination:            student_top_inst/bridge_inst/led_sync_d2_reg[24]_lopt_replica/D
                            (rising edge-triggered cell FDRE clocked by clk_out1_pll  {rise@0.000ns fall@10.000ns period=20.000ns})
  Path Group:             clk_out1_pll
  Path Type:              Hold (Min at Fast Process Corner)
  Requirement:            0.000ns  (clk_out1_pll rise@0.000ns - clk_out1_pll rise@0.000ns)
  Data Path Delay:        0.258ns  (logic 0.091ns (35.335%)  route 0.167ns (64.666%))
  Logic Levels:           0  
  Clock Path Skew:        0.141ns (DCD - SCD - CPR)
    Destination Clock Delay (DCD):    -0.629ns
    Source Clock Delay      (SCD):    -0.388ns
    Clock Pessimism Removal (CPR):    -0.383ns

    Location             Delay type                Incr(ns)  Path(ns)    Netlist Resource(s)
  -------------------------------------------------------------------    -------------------
                         (clock clk_out1_pll rise edge)
                                                      0.000     0.000 r  
    AD12                                              0.000     0.000 r  i_sys_clk_p (IN)
                         net (fo=0)                   0.000     0.000    pll_inst/inst/clk_in1_p
    AD12                 IBUFDS (Prop_ibufds_I_O)     0.388     0.388 r  pll_inst/inst/clkin1_ibufgds/O
                         net (fo=1, routed)           0.503     0.891    pll_inst/inst/clk_in1_pll
    PLLE2_ADV_X1Y1       PLLE2_ADV (Prop_plle2_adv_CLKIN1_CLKOUT0)
                                                     -2.908    -2.017 r  pll_inst/inst/plle2_adv_inst/CLKOUT0
                         net (fo=1, routed)           0.958    -1.059    pll_inst/inst/clk_out1_pll
    BUFGCTRL_X0Y1        BUFG (Prop_bufg_I_O)         0.026    -1.033 r  pll_inst/inst/clkout1_buf/O
                         net (fo=546, routed)         0.645    -0.388    student_top_inst/bridge_inst/clk_out1
    SLICE_X71Y99         FDRE                                         r  student_top_inst/bridge_inst/led_sync_d1_reg[24]/C
  -------------------------------------------------------------------    -------------------
    SLICE_X71Y99         FDRE (Prop_fdre_C_Q)         0.091    -0.297 f  student_top_inst/bridge_inst/led_sync_d1_reg[24]/Q
                         net (fo=2, routed)           0.167    -0.130    student_top_inst/bridge_inst/led_sync_d1[24]
    SLICE_X69Y100        FDRE                                         f  student_top_inst/bridge_inst/led_sync_d2_reg[24]_lopt_replica/D
  -------------------------------------------------------------------    -------------------

                         (clock clk_out1_pll rise edge)
                                                      0.000     0.000 r  
    AD12                                              0.000     0.000 r  i_sys_clk_p (IN)
                         net (fo=0)                   0.000     0.000    pll_inst/inst/clk_in1_p
    AD12                 IBUFDS (Prop_ibufds_I_O)     0.470     0.470 r  pll_inst/inst/clkin1_ibufgds/O
                         net (fo=1, routed)           0.554     1.024    pll_inst/inst/clk_in1_pll
    PLLE2_ADV_X1Y1       PLLE2_ADV (Prop_plle2_adv_CLKIN1_CLKOUT0)
                                                     -3.524    -2.500 r  pll_inst/inst/plle2_adv_inst/CLKOUT0
                         net (fo=1, routed)           1.027    -1.473    pll_inst/inst/clk_out1_pll
    BUFGCTRL_X0Y1        BUFG (Prop_bufg_I_O)         0.030    -1.443 r  pll_inst/inst/clkout1_buf/O
                         net (fo=546, routed)         0.814    -0.629    student_top_inst/bridge_inst/clk_out1
    SLICE_X69Y100        FDRE                                         r  student_top_inst/bridge_inst/led_sync_d2_reg[24]_lopt_replica/C
                         clock pessimism              0.383    -0.247    
    SLICE_X69Y100        FDRE (Hold_fdre_C_D)         0.007    -0.240    student_top_inst/bridge_inst/led_sync_d2_reg[24]_lopt_replica
  -------------------------------------------------------------------
                         required time                          0.240    
                         arrival time                          -0.130    
  -------------------------------------------------------------------
                         slack                                  0.110    

Slack (MET) :             0.111ns  (arrival time - required time)
  Source:                 student_top_inst/bridge_inst/sw_sync_d2_reg[29]/C
                            (rising edge-triggered cell FDRE clocked by clk_out2_pll  {rise@0.000ns fall@2.222ns period=4.444ns})
  Destination:            student_top_inst/bridge_inst/mmio_rdata_r_reg[29]/D
                            (rising edge-triggered cell FDRE clocked by clk_out2_pll  {rise@0.000ns fall@2.222ns period=4.444ns})
  Path Group:             clk_out2_pll
  Path Type:              Hold (Min at Fast Process Corner)
  Requirement:            0.000ns  (clk_out2_pll rise@0.000ns - clk_out2_pll rise@0.000ns)
  Data Path Delay:        0.209ns  (logic 0.128ns (61.382%)  route 0.081ns (38.618%))
  Logic Levels:           1  (LUT5=1)
  Clock Path Skew:        0.011ns (DCD - SCD - CPR)
    Destination Clock Delay (DCD):    -0.629ns
    Source Clock Delay      (SCD):    -0.438ns
    Clock Pessimism Removal (CPR):    -0.203ns

    Location             Delay type                Incr(ns)  Path(ns)    Netlist Resource(s)
  -------------------------------------------------------------------    -------------------
                         (clock clk_out2_pll rise edge)
                                                      0.000     0.000 r  
    AD12                                              0.000     0.000 r  i_sys_clk_p (IN)
                         net (fo=0)                   0.000     0.000    pll_inst/inst/clk_in1_p
    AD12                 IBUFDS (Prop_ibufds_I_O)     0.388     0.388 r  pll_inst/inst/clkin1_ibufgds/O
                         net (fo=1, routed)           0.503     0.891    pll_inst/inst/clk_in1_pll
    PLLE2_ADV_X1Y1       PLLE2_ADV (Prop_plle2_adv_CLKIN1_CLKOUT1)
                                                     -2.908    -2.017 r  pll_inst/inst/plle2_adv_inst/CLKOUT1
                         net (fo=1, routed)           0.958    -1.059    pll_inst/inst/clk_out2_pll
    BUFGCTRL_X0Y0        BUFG (Prop_bufg_I_O)         0.026    -1.033 r  pll_inst/inst/clkout2_buf/O
                         net (fo=2865, routed)        0.595    -0.438    student_top_inst/bridge_inst/clk_out2
    SLICE_X59Y104        FDRE                                         r  student_top_inst/bridge_inst/sw_sync_d2_reg[29]/C
  -------------------------------------------------------------------    -------------------
    SLICE_X59Y104        FDRE (Prop_fdre_C_Q)         0.100    -0.338 r  student_top_inst/bridge_inst/sw_sync_d2_reg[29]/Q
                         net (fo=1, routed)           0.081    -0.257    student_top_inst/bridge_inst/counter_inst/Q[29]
    SLICE_X58Y104        LUT5 (Prop_lut5_I1_O)        0.028    -0.229 r  student_top_inst/bridge_inst/counter_inst/mmio_rdata_r[29]_i_1/O
                         net (fo=1, routed)           0.000    -0.229    student_top_inst/bridge_inst/mmio_rdata_next[29]
    SLICE_X58Y104        FDRE                                         r  student_top_inst/bridge_inst/mmio_rdata_r_reg[29]/D
  -------------------------------------------------------------------    -------------------

                         (clock clk_out2_pll rise edge)
                                                      0.000     0.000 r  
    AD12                                              0.000     0.000 r  i_sys_clk_p (IN)
                         net (fo=0)                   0.000     0.000    pll_inst/inst/clk_in1_p
    AD12                 IBUFDS (Prop_ibufds_I_O)     0.470     0.470 r  pll_inst/inst/clkin1_ibufgds/O
                         net (fo=1, routed)           0.554     1.024    pll_inst/inst/clk_in1_pll
    PLLE2_ADV_X1Y1       PLLE2_ADV (Prop_plle2_adv_CLKIN1_CLKOUT1)
                                                     -3.524    -2.500 r  pll_inst/inst/plle2_adv_inst/CLKOUT1
                         net (fo=1, routed)           1.027    -1.473    pll_inst/inst/clk_out2_pll
    BUFGCTRL_X0Y0        BUFG (Prop_bufg_I_O)         0.030    -1.443 r  pll_inst/inst/clkout2_buf/O
                         net (fo=2865, routed)        0.814    -0.629    student_top_inst/bridge_inst/clk_out2
    SLICE_X58Y104        FDRE                                         r  student_top_inst/bridge_inst/mmio_rdata_r_reg[29]/C
                         clock pessimism              0.203    -0.427    
    SLICE_X58Y104        FDRE (Hold_fdre_C_D)         0.087    -0.340    student_top_inst/bridge_inst/mmio_rdata_r_reg[29]
  -------------------------------------------------------------------
                         required time                          0.340    
                         arrival time                          -0.229    
  -------------------------------------------------------------------
                         slack                                  0.111    

Slack (MET) :             0.111ns  (arrival time - required time)
  Source:                 student_top_inst/bridge_inst/sw_sync_d2_reg[29]/C
                            (rising edge-triggered cell FDRE clocked by clk_out2_pll  {rise@0.000ns fall@2.222ns period=4.444ns})
  Destination:            student_top_inst/bridge_inst/mmio_rdata_r_reg[29]/D
                            (rising edge-triggered cell FDRE clocked by clk_out2_pll  {rise@0.000ns fall@2.222ns period=4.444ns})
  Path Group:             clk_out2_pll
  Path Type:              Hold (Min at Fast Process Corner)
  Requirement:            0.000ns  (clk_out2_pll rise@0.000ns - clk_out2_pll rise@0.000ns)
  Data Path Delay:        0.209ns  (logic 0.128ns (61.382%)  route 0.081ns (38.618%))
  Logic Levels:           1  (LUT5=1)
  Clock Path Skew:        0.011ns (DCD - SCD - CPR)
    Destination Clock Delay (DCD):    -0.629ns
    Source Clock Delay      (SCD):    -0.438ns
    Clock Pessimism Removal (CPR):    -0.203ns

    Location             Delay type                Incr(ns)  Path(ns)    Netlist Resource(s)
  -------------------------------------------------------------------    -------------------
                         (clock clk_out2_pll rise edge)
                                                      0.000     0.000 r  
    AD12                                              0.000     0.000 r  i_sys_clk_p (IN)
                         net (fo=0)                   0.000     0.000    pll_inst/inst/clk_in1_p
    AD12                 IBUFDS (Prop_ibufds_I_O)     0.388     0.388 r  pll_inst/inst/clkin1_ibufgds/O
                         net (fo=1, routed)           0.503     0.891    pll_inst/inst/clk_in1_pll
    PLLE2_ADV_X1Y1       PLLE2_ADV (Prop_plle2_adv_CLKIN1_CLKOUT1)
                                                     -2.908    -2.017 r  pll_inst/inst/plle2_adv_inst/CLKOUT1
                         net (fo=1, routed)           0.958    -1.059    pll_inst/inst/clk_out2_pll
    BUFGCTRL_X0Y0        BUFG (Prop_bufg_I_O)         0.026    -1.033 r  pll_inst/inst/clkout2_buf/O
                         net (fo=2865, routed)        0.595    -0.438    student_top_inst/bridge_inst/clk_out2
    SLICE_X59Y104        FDRE                                         r  student_top_inst/bridge_inst/sw_sync_d2_reg[29]/C
  -------------------------------------------------------------------    -------------------
    SLICE_X59Y104        FDRE (Prop_fdre_C_Q)         0.100    -0.338 f  student_top_inst/bridge_inst/sw_sync_d2_reg[29]/Q
                         net (fo=1, routed)           0.081    -0.257    student_top_inst/bridge_inst/counter_inst/Q[29]
    SLICE_X58Y104        LUT5 (Prop_lut5_I1_O)        0.028    -0.229 f  student_top_inst/bridge_inst/counter_inst/mmio_rdata_r[29]_i_1/O
                         net (fo=1, routed)           0.000    -0.229    student_top_inst/bridge_inst/mmio_rdata_next[29]
    SLICE_X58Y104        FDRE                                         f  student_top_inst/bridge_inst/mmio_rdata_r_reg[29]/D
  -------------------------------------------------------------------    -------------------

                         (clock clk_out2_pll rise edge)
                                                      0.000     0.000 r  
    AD12                                              0.000     0.000 r  i_sys_clk_p (IN)
                         net (fo=0)                   0.000     0.000    pll_inst/inst/clk_in1_p
    AD12                 IBUFDS (Prop_ibufds_I_O)     0.470     0.470 r  pll_inst/inst/clkin1_ibufgds/O
                         net (fo=1, routed)           0.554     1.024    pll_inst/inst/clk_in1_pll
    PLLE2_ADV_X1Y1       PLLE2_ADV (Prop_plle2_adv_CLKIN1_CLKOUT1)
                                                     -3.524    -2.500 r  pll_inst/inst/plle2_adv_inst/CLKOUT1
                         net (fo=1, routed)           1.027    -1.473    pll_inst/inst/clk_out2_pll
    BUFGCTRL_X0Y0        BUFG (Prop_bufg_I_O)         0.030    -1.443 r  pll_inst/inst/clkout2_buf/O
                         net (fo=2865, routed)        0.814    -0.629    student_top_inst/bridge_inst/clk_out2
    SLICE_X58Y104        FDRE                                         r  student_top_inst/bridge_inst/mmio_rdata_r_reg[29]/C
                         clock pessimism              0.203    -0.427    
    SLICE_X58Y104        FDRE (Hold_fdre_C_D)         0.087    -0.340    student_top_inst/bridge_inst/mmio_rdata_r_reg[29]
  -------------------------------------------------------------------
                         required time                          0.340    
                         arrival time                          -0.229    
  -------------------------------------------------------------------
                         slack                                  0.111    

Slack (MET) :             0.112ns  (arrival time - required time)
  Source:                 student_top_inst/bridge_inst/led_sync_d1_reg[24]/C
                            (rising edge-triggered cell FDRE clocked by clk_out1_pll  {rise@0.000ns fall@10.000ns period=20.000ns})
  Destination:            student_top_inst/bridge_inst/led_sync_d2_reg[24]/D
                            (rising edge-triggered cell FDRE clocked by clk_out1_pll  {rise@0.000ns fall@10.000ns period=20.000ns})
  Path Group:             clk_out1_pll
  Path Type:              Hold (Min at Fast Process Corner)
  Requirement:            0.000ns  (clk_out1_pll rise@0.000ns - clk_out1_pll rise@0.000ns)
  Data Path Delay:        0.258ns  (logic 0.091ns (35.335%)  route 0.167ns (64.666%))
  Logic Levels:           0  
  Clock Path Skew:        0.141ns (DCD - SCD - CPR)
    Destination Clock Delay (DCD):    -0.629ns
    Source Clock Delay      (SCD):    -0.388ns
    Clock Pessimism Removal (CPR):    -0.383ns

    Location             Delay type                Incr(ns)  Path(ns)    Netlist Resource(s)
  -------------------------------------------------------------------    -------------------
                         (clock clk_out1_pll rise edge)
                                                      0.000     0.000 r  
    AD12                                              0.000     0.000 r  i_sys_clk_p (IN)
                         net (fo=0)                   0.000     0.000    pll_inst/inst/clk_in1_p
    AD12                 IBUFDS (Prop_ibufds_I_O)     0.388     0.388 r  pll_inst/inst/clkin1_ibufgds/O
                         net (fo=1, routed)           0.503     0.891    pll_inst/inst/clk_in1_pll
    PLLE2_ADV_X1Y1       PLLE2_ADV (Prop_plle2_adv_CLKIN1_CLKOUT0)
                                                     -2.908    -2.017 r  pll_inst/inst/plle2_adv_inst/CLKOUT0
                         net (fo=1, routed)           0.958    -1.059    pll_inst/inst/clk_out1_pll
    BUFGCTRL_X0Y1        BUFG (Prop_bufg_I_O)         0.026    -1.033 r  pll_inst/inst/clkout1_buf/O
                         net (fo=546, routed)         0.645    -0.388    student_top_inst/bridge_inst/clk_out1
    SLICE_X71Y99         FDRE                                         r  student_top_inst/bridge_inst/led_sync_d1_reg[24]/C
  -------------------------------------------------------------------    -------------------
    SLICE_X71Y99         FDRE (Prop_fdre_C_Q)         0.091    -0.297 r  student_top_inst/bridge_inst/led_sync_d1_reg[24]/Q
                         net (fo=2, routed)           0.167    -0.130    student_top_inst/bridge_inst/led_sync_d1[24]
    SLICE_X69Y100        FDRE                                         r  student_top_inst/bridge_inst/led_sync_d2_reg[24]/D
  -------------------------------------------------------------------    -------------------

                         (clock clk_out1_pll rise edge)
                                                      0.000     0.000 r  
    AD12                                              0.000     0.000 r  i_sys_clk_p (IN)
                         net (fo=0)                   0.000     0.000    pll_inst/inst/clk_in1_p
    AD12                 IBUFDS (Prop_ibufds_I_O)     0.470     0.470 r  pll_inst/inst/clkin1_ibufgds/O
                         net (fo=1, routed)           0.554     1.024    pll_inst/inst/clk_in1_pll
    PLLE2_ADV_X1Y1       PLLE2_ADV (Prop_plle2_adv_CLKIN1_CLKOUT0)
                                                     -3.524    -2.500 r  pll_inst/inst/plle2_adv_inst/CLKOUT0
                         net (fo=1, routed)           1.027    -1.473    pll_inst/inst/clk_out1_pll
    BUFGCTRL_X0Y1        BUFG (Prop_bufg_I_O)         0.030    -1.443 r  pll_inst/inst/clkout1_buf/O
                         net (fo=546, routed)         0.814    -0.629    student_top_inst/bridge_inst/clk_out1
    SLICE_X69Y100        FDRE                                         r  student_top_inst/bridge_inst/led_sync_d2_reg[24]/C
                         clock pessimism              0.383    -0.247    
    SLICE_X69Y100        FDRE (Hold_fdre_C_D)         0.005    -0.242    student_top_inst/bridge_inst/led_sync_d2_reg[24]
  -------------------------------------------------------------------
                         required time                          0.242    
                         arrival time                          -0.130    
  -------------------------------------------------------------------
                         slack                                  0.112    

Slack (MET) :             0.112ns  (arrival time - required time)
  Source:                 student_top_inst/bridge_inst/led_sync_d1_reg[24]/C
                            (rising edge-triggered cell FDRE clocked by clk_out1_pll  {rise@0.000ns fall@10.000ns period=20.000ns})
  Destination:            student_top_inst/bridge_inst/led_sync_d2_reg[24]/D
                            (rising edge-triggered cell FDRE clocked by clk_out1_pll  {rise@0.000ns fall@10.000ns period=20.000ns})
  Path Group:             clk_out1_pll
  Path Type:              Hold (Min at Fast Process Corner)
  Requirement:            0.000ns  (clk_out1_pll rise@0.000ns - clk_out1_pll rise@0.000ns)
  Data Path Delay:        0.258ns  (logic 0.091ns (35.335%)  route 0.167ns (64.666%))
  Logic Levels:           0  
  Clock Path Skew:        0.141ns (DCD - SCD - CPR)
    Destination Clock Delay (DCD):    -0.629ns
    Source Clock Delay      (SCD):    -0.388ns
    Clock Pessimism Removal (CPR):    -0.383ns

    Location             Delay type                Incr(ns)  Path(ns)    Netlist Resource(s)
  -------------------------------------------------------------------    -------------------
                         (clock clk_out1_pll rise edge)
                                                      0.000     0.000 r  
    AD12                                              0.000     0.000 r  i_sys_clk_p (IN)
                         net (fo=0)                   0.000     0.000    pll_inst/inst/clk_in1_p
    AD12                 IBUFDS (Prop_ibufds_I_O)     0.388     0.388 r  pll_inst/inst/clkin1_ibufgds/O
                         net (fo=1, routed)           0.503     0.891    pll_inst/inst/clk_in1_pll
    PLLE2_ADV_X1Y1       PLLE2_ADV (Prop_plle2_adv_CLKIN1_CLKOUT0)
                                                     -2.908    -2.017 r  pll_inst/inst/plle2_adv_inst/CLKOUT0
                         net (fo=1, routed)           0.958    -1.059    pll_inst/inst/clk_out1_pll
    BUFGCTRL_X0Y1        BUFG (Prop_bufg_I_O)         0.026    -1.033 r  pll_inst/inst/clkout1_buf/O
                         net (fo=546, routed)         0.645    -0.388    student_top_inst/bridge_inst/clk_out1
    SLICE_X71Y99         FDRE                                         r  student_top_inst/bridge_inst/led_sync_d1_reg[24]/C
  -------------------------------------------------------------------    -------------------
    SLICE_X71Y99         FDRE (Prop_fdre_C_Q)         0.091    -0.297 f  student_top_inst/bridge_inst/led_sync_d1_reg[24]/Q
                         net (fo=2, routed)           0.167    -0.130    student_top_inst/bridge_inst/led_sync_d1[24]
    SLICE_X69Y100        FDRE                                         f  student_top_inst/bridge_inst/led_sync_d2_reg[24]/D
  -------------------------------------------------------------------    -------------------

                         (clock clk_out1_pll rise edge)
                                                      0.000     0.000 r  
    AD12                                              0.000     0.000 r  i_sys_clk_p (IN)
                         net (fo=0)                   0.000     0.000    pll_inst/inst/clk_in1_p
    AD12                 IBUFDS (Prop_ibufds_I_O)     0.470     0.470 r  pll_inst/inst/clkin1_ibufgds/O
                         net (fo=1, routed)           0.554     1.024    pll_inst/inst/clk_in1_pll
    PLLE2_ADV_X1Y1       PLLE2_ADV (Prop_plle2_adv_CLKIN1_CLKOUT0)
                                                     -3.524    -2.500 r  pll_inst/inst/plle2_adv_inst/CLKOUT0
                         net (fo=1, routed)           1.027    -1.473    pll_inst/inst/clk_out1_pll
    BUFGCTRL_X0Y1        BUFG (Prop_bufg_I_O)         0.030    -1.443 r  pll_inst/inst/clkout1_buf/O
                         net (fo=546, routed)         0.814    -0.629    student_top_inst/bridge_inst/clk_out1
    SLICE_X69Y100        FDRE                                         r  student_top_inst/bridge_inst/led_sync_d2_reg[24]/C
                         clock pessimism              0.383    -0.247    
    SLICE_X69Y100        FDRE (Hold_fdre_C_D)         0.005    -0.242    student_top_inst/bridge_inst/led_sync_d2_reg[24]
  -------------------------------------------------------------------
                         required time                          0.242    
                         arrival time                          -0.130    
  -------------------------------------------------------------------
                         slack                                  0.112    

Slack (MET) :             0.112ns  (arrival time - required time)
  Source:                 student_top_inst/bridge_inst/led_sync_d2_reg[5]/C
                            (rising edge-triggered cell FDRE clocked by clk_out1_pll  {rise@0.000ns fall@10.000ns period=20.000ns})
  Destination:            twin_controller_inst/status_buffer_reg[14][5]/D
                            (rising edge-triggered cell FDCE clocked by clk_out1_pll  {rise@0.000ns fall@10.000ns period=20.000ns})
  Path Group:             clk_out1_pll
  Path Type:              Hold (Min at Fast Process Corner)
  Requirement:            0.000ns  (clk_out1_pll rise@0.000ns - clk_out1_pll rise@0.000ns)
  Data Path Delay:        0.375ns  (logic 0.091ns (24.284%)  route 0.284ns (75.716%))
  Logic Levels:           0  
  Clock Path Skew:        0.263ns (DCD - SCD - CPR)
    Destination Clock Delay (DCD):    -0.558ns
    Source Clock Delay      (SCD):    -0.439ns
    Clock Pessimism Removal (CPR):    -0.383ns

    Location             Delay type                Incr(ns)  Path(ns)    Netlist Resource(s)
  -------------------------------------------------------------------    -------------------
                         (clock clk_out1_pll rise edge)
                                                      0.000     0.000 r  
    AD12                                              0.000     0.000 r  i_sys_clk_p (IN)
                         net (fo=0)                   0.000     0.000    pll_inst/inst/clk_in1_p
    AD12                 IBUFDS (Prop_ibufds_I_O)     0.388     0.388 r  pll_inst/inst/clkin1_ibufgds/O
                         net (fo=1, routed)           0.503     0.891    pll_inst/inst/clk_in1_pll
    PLLE2_ADV_X1Y1       PLLE2_ADV (Prop_plle2_adv_CLKIN1_CLKOUT0)
                                                     -2.908    -2.017 r  pll_inst/inst/plle2_adv_inst/CLKOUT0
                         net (fo=1, routed)           0.958    -1.059    pll_inst/inst/clk_out1_pll
    BUFGCTRL_X0Y1        BUFG (Prop_bufg_I_O)         0.026    -1.033 r  pll_inst/inst/clkout1_buf/O
                         net (fo=546, routed)         0.594    -0.439    student_top_inst/bridge_inst/clk_out1
    SLICE_X63Y105        FDRE                                         r  student_top_inst/bridge_inst/led_sync_d2_reg[5]/C
  -------------------------------------------------------------------    -------------------
    SLICE_X63Y105        FDRE (Prop_fdre_C_Q)         0.091    -0.348 r  student_top_inst/bridge_inst/led_sync_d2_reg[5]/Q
                         net (fo=1, routed)           0.284    -0.064    twin_controller_inst/status_buffer_reg[17][7]_0[5]
    SLICE_X63Y96         FDCE                                         r  twin_controller_inst/status_buffer_reg[14][5]/D
  -------------------------------------------------------------------    -------------------

                         (clock clk_out1_pll rise edge)
                                                      0.000     0.000 r  
    AD12                                              0.000     0.000 r  i_sys_clk_p (IN)
                         net (fo=0)                   0.000     0.000    pll_inst/inst/clk_in1_p
    AD12                 IBUFDS (Prop_ibufds_I_O)     0.470     0.470 r  pll_inst/inst/clkin1_ibufgds/O
                         net (fo=1, routed)           0.554     1.024    pll_inst/inst/clk_in1_pll
    PLLE2_ADV_X1Y1       PLLE2_ADV (Prop_plle2_adv_CLKIN1_CLKOUT0)
                                                     -3.524    -2.500 r  pll_inst/inst/plle2_adv_inst/CLKOUT0
                         net (fo=1, routed)           1.027    -1.473    pll_inst/inst/clk_out1_pll
    BUFGCTRL_X0Y1        BUFG (Prop_bufg_I_O)         0.030    -1.443 r  pll_inst/inst/clkout1_buf/O
                         net (fo=546, routed)         0.885    -0.558    twin_controller_inst/CLK
    SLICE_X63Y96         FDCE                                         r  twin_controller_inst/status_buffer_reg[14][5]/C
                         clock pessimism              0.383    -0.176    
    SLICE_X63Y96         FDCE (Hold_fdce_C_D)         0.000    -0.176    twin_controller_inst/status_buffer_reg[14][5]
  -------------------------------------------------------------------
                         required time                          0.176    
                         arrival time                          -0.064    
  -------------------------------------------------------------------
                         slack                                  0.112    

Slack (MET) :             0.112ns  (arrival time - required time)
  Source:                 student_top_inst/bridge_inst/led_sync_d2_reg[5]/C
                            (rising edge-triggered cell FDRE clocked by clk_out1_pll  {rise@0.000ns fall@10.000ns period=20.000ns})
  Destination:            twin_controller_inst/status_buffer_reg[14][5]/D
                            (rising edge-triggered cell FDCE clocked by clk_out1_pll  {rise@0.000ns fall@10.000ns period=20.000ns})
  Path Group:             clk_out1_pll
  Path Type:              Hold (Min at Fast Process Corner)
  Requirement:            0.000ns  (clk_out1_pll rise@0.000ns - clk_out1_pll rise@0.000ns)
  Data Path Delay:        0.375ns  (logic 0.091ns (24.284%)  route 0.284ns (75.716%))
  Logic Levels:           0  
  Clock Path Skew:        0.263ns (DCD - SCD - CPR)
    Destination Clock Delay (DCD):    -0.558ns
    Source Clock Delay      (SCD):    -0.439ns
    Clock Pessimism Removal (CPR):    -0.383ns

    Location             Delay type                Incr(ns)  Path(ns)    Netlist Resource(s)
  -------------------------------------------------------------------    -------------------
                         (clock clk_out1_pll rise edge)
                                                      0.000     0.000 r  
    AD12                                              0.000     0.000 r  i_sys_clk_p (IN)
                         net (fo=0)                   0.000     0.000    pll_inst/inst/clk_in1_p
    AD12                 IBUFDS (Prop_ibufds_I_O)     0.388     0.388 r  pll_inst/inst/clkin1_ibufgds/O
                         net (fo=1, routed)           0.503     0.891    pll_inst/inst/clk_in1_pll
    PLLE2_ADV_X1Y1       PLLE2_ADV (Prop_plle2_adv_CLKIN1_CLKOUT0)
                                                     -2.908    -2.017 r  pll_inst/inst/plle2_adv_inst/CLKOUT0
                         net (fo=1, routed)           0.958    -1.059    pll_inst/inst/clk_out1_pll
    BUFGCTRL_X0Y1        BUFG (Prop_bufg_I_O)         0.026    -1.033 r  pll_inst/inst/clkout1_buf/O
                         net (fo=546, routed)         0.594    -0.439    student_top_inst/bridge_inst/clk_out1
    SLICE_X63Y105        FDRE                                         r  student_top_inst/bridge_inst/led_sync_d2_reg[5]/C
  -------------------------------------------------------------------    -------------------
    SLICE_X63Y105        FDRE (Prop_fdre_C_Q)         0.091    -0.348 f  student_top_inst/bridge_inst/led_sync_d2_reg[5]/Q
                         net (fo=1, routed)           0.284    -0.064    twin_controller_inst/status_buffer_reg[17][7]_0[5]
    SLICE_X63Y96         FDCE                                         f  twin_controller_inst/status_buffer_reg[14][5]/D
  -------------------------------------------------------------------    -------------------

                         (clock clk_out1_pll rise edge)
                                                      0.000     0.000 r  
    AD12                                              0.000     0.000 r  i_sys_clk_p (IN)
                         net (fo=0)                   0.000     0.000    pll_inst/inst/clk_in1_p
    AD12                 IBUFDS (Prop_ibufds_I_O)     0.470     0.470 r  pll_inst/inst/clkin1_ibufgds/O
                         net (fo=1, routed)           0.554     1.024    pll_inst/inst/clk_in1_pll
    PLLE2_ADV_X1Y1       PLLE2_ADV (Prop_plle2_adv_CLKIN1_CLKOUT0)
                                                     -3.524    -2.500 r  pll_inst/inst/plle2_adv_inst/CLKOUT0
                         net (fo=1, routed)           1.027    -1.473    pll_inst/inst/clk_out1_pll
    BUFGCTRL_X0Y1        BUFG (Prop_bufg_I_O)         0.030    -1.443 r  pll_inst/inst/clkout1_buf/O
                         net (fo=546, routed)         0.885    -0.558    twin_controller_inst/CLK
    SLICE_X63Y96         FDCE                                         r  twin_controller_inst/status_buffer_reg[14][5]/C
                         clock pessimism              0.383    -0.176    
    SLICE_X63Y96         FDCE (Hold_fdce_C_D)         0.000    -0.176    twin_controller_inst/status_buffer_reg[14][5]
  -------------------------------------------------------------------
                         required time                          0.176    
                         arrival time                          -0.064    
  -------------------------------------------------------------------
                         slack                                  0.112    

Slack (MET) :             0.116ns  (arrival time - required time)
  Source:                 student_top_inst/bridge_inst/sw_sync_d1_reg[36]/C
                            (rising edge-triggered cell FDRE clocked by clk_out2_pll  {rise@0.000ns fall@2.222ns period=4.444ns})
  Destination:            student_top_inst/bridge_inst/sw_sync_d2_reg[36]/D
                            (rising edge-triggered cell FDRE clocked by clk_out2_pll  {rise@0.000ns fall@2.222ns period=4.444ns})
  Path Group:             clk_out2_pll
  Path Type:              Hold (Min at Fast Process Corner)
  Requirement:            0.000ns  (clk_out2_pll rise@0.000ns - clk_out2_pll rise@0.000ns)
  Data Path Delay:        0.297ns  (logic 0.118ns (39.768%)  route 0.179ns (60.232%))
  Logic Levels:           0  
  Clock Path Skew:        0.139ns (DCD - SCD - CPR)
    Destination Clock Delay (DCD):    -0.628ns
    Source Clock Delay      (SCD):    -0.385ns
    Clock Pessimism Removal (CPR):    -0.383ns

    Location             Delay type                Incr(ns)  Path(ns)    Netlist Resource(s)
  -------------------------------------------------------------------    -------------------
                         (clock clk_out2_pll rise edge)
                                                      0.000     0.000 r  
    AD12                                              0.000     0.000 r  i_sys_clk_p (IN)
                         net (fo=0)                   0.000     0.000    pll_inst/inst/clk_in1_p
    AD12                 IBUFDS (Prop_ibufds_I_O)     0.388     0.388 r  pll_inst/inst/clkin1_ibufgds/O
                         net (fo=1, routed)           0.503     0.891    pll_inst/inst/clk_in1_pll
    PLLE2_ADV_X1Y1       PLLE2_ADV (Prop_plle2_adv_CLKIN1_CLKOUT1)
                                                     -2.908    -2.017 r  pll_inst/inst/plle2_adv_inst/CLKOUT1
                         net (fo=1, routed)           0.958    -1.059    pll_inst/inst/clk_out2_pll
    BUFGCTRL_X0Y0        BUFG (Prop_bufg_I_O)         0.026    -1.033 r  pll_inst/inst/clkout2_buf/O
                         net (fo=2865, routed)        0.648    -0.385    student_top_inst/bridge_inst/clk_out2
    SLICE_X56Y99         FDRE                                         r  student_top_inst/bridge_inst/sw_sync_d1_reg[36]/C
  -------------------------------------------------------------------    -------------------
    SLICE_X56Y99         FDRE (Prop_fdre_C_Q)         0.118    -0.267 r  student_top_inst/bridge_inst/sw_sync_d1_reg[36]/Q
                         net (fo=1, routed)           0.179    -0.088    student_top_inst/bridge_inst/sw_sync_d1[36]
    SLICE_X56Y101        FDRE                                         r  student_top_inst/bridge_inst/sw_sync_d2_reg[36]/D
  -------------------------------------------------------------------    -------------------

                         (clock clk_out2_pll rise edge)
                                                      0.000     0.000 r  
    AD12                                              0.000     0.000 r  i_sys_clk_p (IN)
                         net (fo=0)                   0.000     0.000    pll_inst/inst/clk_in1_p
    AD12                 IBUFDS (Prop_ibufds_I_O)     0.470     0.470 r  pll_inst/inst/clkin1_ibufgds/O
                         net (fo=1, routed)           0.554     1.024    pll_inst/inst/clk_in1_pll
    PLLE2_ADV_X1Y1       PLLE2_ADV (Prop_plle2_adv_CLKIN1_CLKOUT1)
                                                     -3.524    -2.500 r  pll_inst/inst/plle2_adv_inst/CLKOUT1
                         net (fo=1, routed)           1.027    -1.473    pll_inst/inst/clk_out2_pll
    BUFGCTRL_X0Y0        BUFG (Prop_bufg_I_O)         0.030    -1.443 r  pll_inst/inst/clkout2_buf/O
                         net (fo=2865, routed)        0.815    -0.628    student_top_inst/bridge_inst/clk_out2
    SLICE_X56Y101        FDRE                                         r  student_top_inst/bridge_inst/sw_sync_d2_reg[36]/C
                         clock pessimism              0.383    -0.246    
    SLICE_X56Y101        FDRE (Hold_fdre_C_D)         0.042    -0.204    student_top_inst/bridge_inst/sw_sync_d2_reg[36]
  -------------------------------------------------------------------
                         required time                          0.204    
                         arrival time                          -0.088    
  -------------------------------------------------------------------
                         slack                                  0.116    

Slack (MET) :             0.116ns  (arrival time - required time)
  Source:                 student_top_inst/bridge_inst/sw_sync_d1_reg[36]/C
                            (rising edge-triggered cell FDRE clocked by clk_out2_pll  {rise@0.000ns fall@2.222ns period=4.444ns})
  Destination:            student_top_inst/bridge_inst/sw_sync_d2_reg[36]/D
                            (rising edge-triggered cell FDRE clocked by clk_out2_pll  {rise@0.000ns fall@2.222ns period=4.444ns})
  Path Group:             clk_out2_pll
  Path Type:              Hold (Min at Fast Process Corner)
  Requirement:            0.000ns  (clk_out2_pll rise@0.000ns - clk_out2_pll rise@0.000ns)
  Data Path Delay:        0.297ns  (logic 0.118ns (39.768%)  route 0.179ns (60.232%))
  Logic Levels:           0  
  Clock Path Skew:        0.139ns (DCD - SCD - CPR)
    Destination Clock Delay (DCD):    -0.628ns
    Source Clock Delay      (SCD):    -0.385ns
    Clock Pessimism Removal (CPR):    -0.383ns

    Location             Delay type                Incr(ns)  Path(ns)    Netlist Resource(s)
  -------------------------------------------------------------------    -------------------
                         (clock clk_out2_pll rise edge)
                                                      0.000     0.000 r  
    AD12                                              0.000     0.000 r  i_sys_clk_p (IN)
                         net (fo=0)                   0.000     0.000    pll_inst/inst/clk_in1_p
    AD12                 IBUFDS (Prop_ibufds_I_O)     0.388     0.388 r  pll_inst/inst/clkin1_ibufgds/O
                         net (fo=1, routed)           0.503     0.891    pll_inst/inst/clk_in1_pll
    PLLE2_ADV_X1Y1       PLLE2_ADV (Prop_plle2_adv_CLKIN1_CLKOUT1)
                                                     -2.908    -2.017 r  pll_inst/inst/plle2_adv_inst/CLKOUT1
                         net (fo=1, routed)           0.958    -1.059    pll_inst/inst/clk_out2_pll
    BUFGCTRL_X0Y0        BUFG (Prop_bufg_I_O)         0.026    -1.033 r  pll_inst/inst/clkout2_buf/O
                         net (fo=2865, routed)        0.648    -0.385    student_top_inst/bridge_inst/clk_out2
    SLICE_X56Y99         FDRE                                         r  student_top_inst/bridge_inst/sw_sync_d1_reg[36]/C
  -------------------------------------------------------------------    -------------------
    SLICE_X56Y99         FDRE (Prop_fdre_C_Q)         0.118    -0.267 f  student_top_inst/bridge_inst/sw_sync_d1_reg[36]/Q
                         net (fo=1, routed)           0.179    -0.088    student_top_inst/bridge_inst/sw_sync_d1[36]
    SLICE_X56Y101        FDRE                                         f  student_top_inst/bridge_inst/sw_sync_d2_reg[36]/D
  -------------------------------------------------------------------    -------------------

                         (clock clk_out2_pll rise edge)
                                                      0.000     0.000 r  
    AD12                                              0.000     0.000 r  i_sys_clk_p (IN)
                         net (fo=0)                   0.000     0.000    pll_inst/inst/clk_in1_p
    AD12                 IBUFDS (Prop_ibufds_I_O)     0.470     0.470 r  pll_inst/inst/clkin1_ibufgds/O
                         net (fo=1, routed)           0.554     1.024    pll_inst/inst/clk_in1_pll
    PLLE2_ADV_X1Y1       PLLE2_ADV (Prop_plle2_adv_CLKIN1_CLKOUT1)
                                                     -3.524    -2.500 r  pll_inst/inst/plle2_adv_inst/CLKOUT1
                         net (fo=1, routed)           1.027    -1.473    pll_inst/inst/clk_out2_pll
    BUFGCTRL_X0Y0        BUFG (Prop_bufg_I_O)         0.030    -1.443 r  pll_inst/inst/clkout2_buf/O
                         net (fo=2865, routed)        0.815    -0.628    student_top_inst/bridge_inst/clk_out2
    SLICE_X56Y101        FDRE                                         r  student_top_inst/bridge_inst/sw_sync_d2_reg[36]/C
                         clock pessimism              0.383    -0.246    
    SLICE_X56Y101        FDRE (Hold_fdre_C_D)         0.042    -0.204    student_top_inst/bridge_inst/sw_sync_d2_reg[36]
  -------------------------------------------------------------------
                         required time                          0.204    
                         arrival time                          -0.088    
  -------------------------------------------------------------------
                         slack                                  0.116    

Slack (MET) :             0.119ns  (arrival time - required time)
  Source:                 student_top_inst/bridge_inst/key_sync_d1_reg[3]/C
                            (rising edge-triggered cell FDRE clocked by clk_out2_pll  {rise@0.000ns fall@2.222ns period=4.444ns})
  Destination:            student_top_inst/bridge_inst/key_sync_d2_reg[3]/D
                            (rising edge-triggered cell FDRE clocked by clk_out2_pll  {rise@0.000ns fall@2.222ns period=4.444ns})
  Path Group:             clk_out2_pll
  Path Type:              Hold (Min at Fast Process Corner)
  Requirement:            0.000ns  (clk_out2_pll rise@0.000ns - clk_out2_pll rise@0.000ns)
  Data Path Delay:        0.192ns  (logic 0.100ns (52.169%)  route 0.092ns (47.831%))
  Logic Levels:           0  
  Clock Path Skew:        0.014ns (DCD - SCD - CPR)
    Destination Clock Delay (DCD):    -0.556ns
    Source Clock Delay      (SCD):    -0.385ns
    Clock Pessimism Removal (CPR):    -0.186ns

    Location             Delay type                Incr(ns)  Path(ns)    Netlist Resource(s)
  -------------------------------------------------------------------    -------------------
                         (clock clk_out2_pll rise edge)
                                                      0.000     0.000 r  
    AD12                                              0.000     0.000 r  i_sys_clk_p (IN)
                         net (fo=0)                   0.000     0.000    pll_inst/inst/clk_in1_p
    AD12                 IBUFDS (Prop_ibufds_I_O)     0.388     0.388 r  pll_inst/inst/clkin1_ibufgds/O
                         net (fo=1, routed)           0.503     0.891    pll_inst/inst/clk_in1_pll
    PLLE2_ADV_X1Y1       PLLE2_ADV (Prop_plle2_adv_CLKIN1_CLKOUT1)
                                                     -2.908    -2.017 r  pll_inst/inst/plle2_adv_inst/CLKOUT1
                         net (fo=1, routed)           0.958    -1.059    pll_inst/inst/clk_out2_pll
    BUFGCTRL_X0Y0        BUFG (Prop_bufg_I_O)         0.026    -1.033 r  pll_inst/inst/clkout2_buf/O
                         net (fo=2865, routed)        0.648    -0.385    student_top_inst/bridge_inst/clk_out2
    SLICE_X55Y98         FDRE                                         r  student_top_inst/bridge_inst/key_sync_d1_reg[3]/C
  -------------------------------------------------------------------    -------------------
    SLICE_X55Y98         FDRE (Prop_fdre_C_Q)         0.100    -0.285 r  student_top_inst/bridge_inst/key_sync_d1_reg[3]/Q
                         net (fo=1, routed)           0.092    -0.193    student_top_inst/bridge_inst/key_sync_d1[3]
    SLICE_X56Y98         FDRE                                         r  student_top_inst/bridge_inst/key_sync_d2_reg[3]/D
  -------------------------------------------------------------------    -------------------

                         (clock clk_out2_pll rise edge)
                                                      0.000     0.000 r  
    AD12                                              0.000     0.000 r  i_sys_clk_p (IN)
                         net (fo=0)                   0.000     0.000    pll_inst/inst/clk_in1_p
    AD12                 IBUFDS (Prop_ibufds_I_O)     0.470     0.470 r  pll_inst/inst/clkin1_ibufgds/O
                         net (fo=1, routed)           0.554     1.024    pll_inst/inst/clk_in1_pll
    PLLE2_ADV_X1Y1       PLLE2_ADV (Prop_plle2_adv_CLKIN1_CLKOUT1)
                                                     -3.524    -2.500 r  pll_inst/inst/plle2_adv_inst/CLKOUT1
                         net (fo=1, routed)           1.027    -1.473    pll_inst/inst/clk_out2_pll
    BUFGCTRL_X0Y0        BUFG (Prop_bufg_I_O)         0.030    -1.443 r  pll_inst/inst/clkout2_buf/O
                         net (fo=2865, routed)        0.887    -0.556    student_top_inst/bridge_inst/clk_out2
    SLICE_X56Y98         FDRE                                         r  student_top_inst/bridge_inst/key_sync_d2_reg[3]/C
                         clock pessimism              0.186    -0.371    
    SLICE_X56Y98         FDRE (Hold_fdre_C_D)         0.059    -0.312    student_top_inst/bridge_inst/key_sync_d2_reg[3]
  -------------------------------------------------------------------
                         required time                          0.312    
                         arrival time                          -0.193    
  -------------------------------------------------------------------
                         slack                                  0.119    

Slack (MET) :             0.119ns  (arrival time - required time)
  Source:                 student_top_inst/bridge_inst/key_sync_d1_reg[3]/C
                            (rising edge-triggered cell FDRE clocked by clk_out2_pll  {rise@0.000ns fall@2.222ns period=4.444ns})
  Destination:            student_top_inst/bridge_inst/key_sync_d2_reg[3]/D
                            (rising edge-triggered cell FDRE clocked by clk_out2_pll  {rise@0.000ns fall@2.222ns period=4.444ns})
  Path Group:             clk_out2_pll
  Path Type:              Hold (Min at Fast Process Corner)
  Requirement:            0.000ns  (clk_out2_pll rise@0.000ns - clk_out2_pll rise@0.000ns)
  Data Path Delay:        0.192ns  (logic 0.100ns (52.169%)  route 0.092ns (47.831%))
  Logic Levels:           0  
  Clock Path Skew:        0.014ns (DCD - SCD - CPR)
    Destination Clock Delay (DCD):    -0.556ns
    Source Clock Delay      (SCD):    -0.385ns
    Clock Pessimism Removal (CPR):    -0.186ns

    Location             Delay type                Incr(ns)  Path(ns)    Netlist Resource(s)
  -------------------------------------------------------------------    -------------------
                         (clock clk_out2_pll rise edge)
                                                      0.000     0.000 r  
    AD12                                              0.000     0.000 r  i_sys_clk_p (IN)
                         net (fo=0)                   0.000     0.000    pll_inst/inst/clk_in1_p
    AD12                 IBUFDS (Prop_ibufds_I_O)     0.388     0.388 r  pll_inst/inst/clkin1_ibufgds/O
                         net (fo=1, routed)           0.503     0.891    pll_inst/inst/clk_in1_pll
    PLLE2_ADV_X1Y1       PLLE2_ADV (Prop_plle2_adv_CLKIN1_CLKOUT1)
                                                     -2.908    -2.017 r  pll_inst/inst/plle2_adv_inst/CLKOUT1
                         net (fo=1, routed)           0.958    -1.059    pll_inst/inst/clk_out2_pll
    BUFGCTRL_X0Y0        BUFG (Prop_bufg_I_O)         0.026    -1.033 r  pll_inst/inst/clkout2_buf/O
                         net (fo=2865, routed)        0.648    -0.385    student_top_inst/bridge_inst/clk_out2
    SLICE_X55Y98         FDRE                                         r  student_top_inst/bridge_inst/key_sync_d1_reg[3]/C
  -------------------------------------------------------------------    -------------------
    SLICE_X55Y98         FDRE (Prop_fdre_C_Q)         0.100    -0.285 f  student_top_inst/bridge_inst/key_sync_d1_reg[3]/Q
                         net (fo=1, routed)           0.092    -0.193    student_top_inst/bridge_inst/key_sync_d1[3]
    SLICE_X56Y98         FDRE                                         f  student_top_inst/bridge_inst/key_sync_d2_reg[3]/D
  -------------------------------------------------------------------    -------------------

                         (clock clk_out2_pll rise edge)
                                                      0.000     0.000 r  
    AD12                                              0.000     0.000 r  i_sys_clk_p (IN)
                         net (fo=0)                   0.000     0.000    pll_inst/inst/clk_in1_p
    AD12                 IBUFDS (Prop_ibufds_I_O)     0.470     0.470 r  pll_inst/inst/clkin1_ibufgds/O
                         net (fo=1, routed)           0.554     1.024    pll_inst/inst/clk_in1_pll
    PLLE2_ADV_X1Y1       PLLE2_ADV (Prop_plle2_adv_CLKIN1_CLKOUT1)
                                                     -3.524    -2.500 r  pll_inst/inst/plle2_adv_inst/CLKOUT1
                         net (fo=1, routed)           1.027    -1.473    pll_inst/inst/clk_out2_pll
    BUFGCTRL_X0Y0        BUFG (Prop_bufg_I_O)         0.030    -1.443 r  pll_inst/inst/clkout2_buf/O
                         net (fo=2865, routed)        0.887    -0.556    student_top_inst/bridge_inst/clk_out2
    SLICE_X56Y98         FDRE                                         r  student_top_inst/bridge_inst/key_sync_d2_reg[3]/C
                         clock pessimism              0.186    -0.371    
    SLICE_X56Y98         FDRE (Hold_fdre_C_D)         0.059    -0.312    student_top_inst/bridge_inst/key_sync_d2_reg[3]
  -------------------------------------------------------------------
                         required time                          0.312    
                         arrival time                          -0.193    
  -------------------------------------------------------------------
                         slack                                  0.119    

Slack (MET) :             0.121ns  (arrival time - required time)
  Source:                 student_top_inst/Core_cpu/cpu_core/mem2_align_inst/dff_is_load/data_o_reg[0]_rep__4/C
                            (rising edge-triggered cell FDRE clocked by clk_out2_pll  {rise@0.000ns fall@2.222ns period=4.444ns})
  Destination:            student_top_inst/Core_cpu/cpu_core/mem_wb_inst/dff_rd_data/data_o_reg[7]/D
                            (rising edge-triggered cell FDRE clocked by clk_out2_pll  {rise@0.000ns fall@2.222ns period=4.444ns})
  Path Group:             clk_out2_pll
  Path Type:              Hold (Min at Fast Process Corner)
  Requirement:            0.000ns  (clk_out2_pll rise@0.000ns - clk_out2_pll rise@0.000ns)
  Data Path Delay:        0.192ns  (logic 0.128ns (66.630%)  route 0.064ns (33.370%))
  Logic Levels:           1  (LUT6=1)
  Clock Path Skew:        0.011ns (DCD - SCD - CPR)
    Destination Clock Delay (DCD):    -0.628ns
    Source Clock Delay      (SCD):    -0.437ns
    Clock Pessimism Removal (CPR):    -0.203ns

    Location             Delay type                Incr(ns)  Path(ns)    Netlist Resource(s)
  -------------------------------------------------------------------    -------------------
                         (clock clk_out2_pll rise edge)
                                                      0.000     0.000 r  
    AD12                                              0.000     0.000 r  i_sys_clk_p (IN)
                         net (fo=0)                   0.000     0.000    pll_inst/inst/clk_in1_p
    AD12                 IBUFDS (Prop_ibufds_I_O)     0.388     0.388 r  pll_inst/inst/clkin1_ibufgds/O
                         net (fo=1, routed)           0.503     0.891    pll_inst/inst/clk_in1_pll
    PLLE2_ADV_X1Y1       PLLE2_ADV (Prop_plle2_adv_CLKIN1_CLKOUT1)
                                                     -2.908    -2.017 r  pll_inst/inst/plle2_adv_inst/CLKOUT1
                         net (fo=1, routed)           0.958    -1.059    pll_inst/inst/clk_out2_pll
    BUFGCTRL_X0Y0        BUFG (Prop_bufg_I_O)         0.026    -1.033 r  pll_inst/inst/clkout2_buf/O
                         net (fo=2865, routed)        0.596    -0.437    student_top_inst/Core_cpu/cpu_core/mem2_align_inst/dff_is_load/clk_out2
    SLICE_X85Y108        FDRE                                         r  student_top_inst/Core_cpu/cpu_core/mem2_align_inst/dff_is_load/data_o_reg[0]_rep__4/C
  -------------------------------------------------------------------    -------------------
    SLICE_X85Y108        FDRE (Prop_fdre_C_Q)         0.100    -0.337 r  student_top_inst/Core_cpu/cpu_core/mem2_align_inst/dff_is_load/data_o_reg[0]_rep__4/Q
                         net (fo=4, routed)           0.064    -0.272    student_top_inst/Core_cpu/cpu_core/mem2_align_inst/dff_inst/data_o_reg[10]_0
    SLICE_X84Y108        LUT6 (Prop_lut6_I5_O)        0.028    -0.244 r  student_top_inst/Core_cpu/cpu_core/mem2_align_inst/dff_inst/data_o[7]_i_1__4/O
                         net (fo=1, routed)           0.000    -0.244    student_top_inst/Core_cpu/cpu_core/mem_wb_inst/dff_rd_data/mem2_rd_data_o[7]
    SLICE_X84Y108        FDRE                                         r  student_top_inst/Core_cpu/cpu_core/mem_wb_inst/dff_rd_data/data_o_reg[7]/D
  -------------------------------------------------------------------    -------------------

                         (clock clk_out2_pll rise edge)
                                                      0.000     0.000 r  
    AD12                                              0.000     0.000 r  i_sys_clk_p (IN)
                         net (fo=0)                   0.000     0.000    pll_inst/inst/clk_in1_p
    AD12                 IBUFDS (Prop_ibufds_I_O)     0.470     0.470 r  pll_inst/inst/clkin1_ibufgds/O
                         net (fo=1, routed)           0.554     1.024    pll_inst/inst/clk_in1_pll
    PLLE2_ADV_X1Y1       PLLE2_ADV (Prop_plle2_adv_CLKIN1_CLKOUT1)
                                                     -3.524    -2.500 r  pll_inst/inst/plle2_adv_inst/CLKOUT1
                         net (fo=1, routed)           1.027    -1.473    pll_inst/inst/clk_out2_pll
    BUFGCTRL_X0Y0        BUFG (Prop_bufg_I_O)         0.030    -1.443 r  pll_inst/inst/clkout2_buf/O
                         net (fo=2865, routed)        0.815    -0.628    student_top_inst/Core_cpu/cpu_core/mem_wb_inst/dff_rd_data/clk_out2
    SLICE_X84Y108        FDRE                                         r  student_top_inst/Core_cpu/cpu_core/mem_wb_inst/dff_rd_data/data_o_reg[7]/C
                         clock pessimism              0.203    -0.426    
    SLICE_X84Y108        FDRE (Hold_fdre_C_D)         0.060    -0.366    student_top_inst/Core_cpu/cpu_core/mem_wb_inst/dff_rd_data/data_o_reg[7]
  -------------------------------------------------------------------
                         required time                          0.366    
                         arrival time                          -0.244    
  -------------------------------------------------------------------
                         slack                                  0.121    

Slack (MET) :             0.121ns  (arrival time - required time)
  Source:                 student_top_inst/Core_cpu/cpu_core/mem2_align_inst/dff_is_load/data_o_reg[0]_rep__4/C
                            (rising edge-triggered cell FDRE clocked by clk_out2_pll  {rise@0.000ns fall@2.222ns period=4.444ns})
  Destination:            student_top_inst/Core_cpu/cpu_core/mem_wb_inst/dff_rd_data/data_o_reg[7]/D
                            (rising edge-triggered cell FDRE clocked by clk_out2_pll  {rise@0.000ns fall@2.222ns period=4.444ns})
  Path Group:             clk_out2_pll
  Path Type:              Hold (Min at Fast Process Corner)
  Requirement:            0.000ns  (clk_out2_pll rise@0.000ns - clk_out2_pll rise@0.000ns)
  Data Path Delay:        0.192ns  (logic 0.128ns (66.630%)  route 0.064ns (33.370%))
  Logic Levels:           1  (LUT6=1)
  Clock Path Skew:        0.011ns (DCD - SCD - CPR)
    Destination Clock Delay (DCD):    -0.628ns
    Source Clock Delay      (SCD):    -0.437ns
    Clock Pessimism Removal (CPR):    -0.203ns

    Location             Delay type                Incr(ns)  Path(ns)    Netlist Resource(s)
  -------------------------------------------------------------------    -------------------
                         (clock clk_out2_pll rise edge)
                                                      0.000     0.000 r  
    AD12                                              0.000     0.000 r  i_sys_clk_p (IN)
                         net (fo=0)                   0.000     0.000    pll_inst/inst/clk_in1_p
    AD12                 IBUFDS (Prop_ibufds_I_O)     0.388     0.388 r  pll_inst/inst/clkin1_ibufgds/O
                         net (fo=1, routed)           0.503     0.891    pll_inst/inst/clk_in1_pll
    PLLE2_ADV_X1Y1       PLLE2_ADV (Prop_plle2_adv_CLKIN1_CLKOUT1)
                                                     -2.908    -2.017 r  pll_inst/inst/plle2_adv_inst/CLKOUT1
                         net (fo=1, routed)           0.958    -1.059    pll_inst/inst/clk_out2_pll
    BUFGCTRL_X0Y0        BUFG (Prop_bufg_I_O)         0.026    -1.033 r  pll_inst/inst/clkout2_buf/O
                         net (fo=2865, routed)        0.596    -0.437    student_top_inst/Core_cpu/cpu_core/mem2_align_inst/dff_is_load/clk_out2
    SLICE_X85Y108        FDRE                                         r  student_top_inst/Core_cpu/cpu_core/mem2_align_inst/dff_is_load/data_o_reg[0]_rep__4/C
  -------------------------------------------------------------------    -------------------
    SLICE_X85Y108        FDRE (Prop_fdre_C_Q)         0.100    -0.337 f  student_top_inst/Core_cpu/cpu_core/mem2_align_inst/dff_is_load/data_o_reg[0]_rep__4/Q
                         net (fo=4, routed)           0.064    -0.272    student_top_inst/Core_cpu/cpu_core/mem2_align_inst/dff_inst/data_o_reg[10]_0
    SLICE_X84Y108        LUT6 (Prop_lut6_I5_O)        0.028    -0.244 r  student_top_inst/Core_cpu/cpu_core/mem2_align_inst/dff_inst/data_o[7]_i_1__4/O
                         net (fo=1, routed)           0.000    -0.244    student_top_inst/Core_cpu/cpu_core/mem_wb_inst/dff_rd_data/mem2_rd_data_o[7]
    SLICE_X84Y108        FDRE                                         r  student_top_inst/Core_cpu/cpu_core/mem_wb_inst/dff_rd_data/data_o_reg[7]/D
  -------------------------------------------------------------------    -------------------

                         (clock clk_out2_pll rise edge)
                                                      0.000     0.000 r  
    AD12                                              0.000     0.000 r  i_sys_clk_p (IN)
                         net (fo=0)                   0.000     0.000    pll_inst/inst/clk_in1_p
    AD12                 IBUFDS (Prop_ibufds_I_O)     0.470     0.470 r  pll_inst/inst/clkin1_ibufgds/O
                         net (fo=1, routed)           0.554     1.024    pll_inst/inst/clk_in1_pll
    PLLE2_ADV_X1Y1       PLLE2_ADV (Prop_plle2_adv_CLKIN1_CLKOUT1)
                                                     -3.524    -2.500 r  pll_inst/inst/plle2_adv_inst/CLKOUT1
                         net (fo=1, routed)           1.027    -1.473    pll_inst/inst/clk_out2_pll
    BUFGCTRL_X0Y0        BUFG (Prop_bufg_I_O)         0.030    -1.443 r  pll_inst/inst/clkout2_buf/O
                         net (fo=2865, routed)        0.815    -0.628    student_top_inst/Core_cpu/cpu_core/mem_wb_inst/dff_rd_data/clk_out2
    SLICE_X84Y108        FDRE                                         r  student_top_inst/Core_cpu/cpu_core/mem_wb_inst/dff_rd_data/data_o_reg[7]/C
                         clock pessimism              0.203    -0.426    
    SLICE_X84Y108        FDRE (Hold_fdre_C_D)         0.060    -0.366    student_top_inst/Core_cpu/cpu_core/mem_wb_inst/dff_rd_data/data_o_reg[7]
  -------------------------------------------------------------------
                         required time                          0.366    
                         arrival time                          -0.244    
  -------------------------------------------------------------------
                         slack                                  0.121    

Slack (MET) :             0.121ns  (arrival time - required time)
  Source:                 student_top_inst/Core_cpu/cpu_core/mem2_align_inst/dff_is_load/data_o_reg[0]_rep__4/C
                            (rising edge-triggered cell FDRE clocked by clk_out2_pll  {rise@0.000ns fall@2.222ns period=4.444ns})
  Destination:            student_top_inst/Core_cpu/cpu_core/mem_wb_inst/dff_rd_data/data_o_reg[7]/D
                            (rising edge-triggered cell FDRE clocked by clk_out2_pll  {rise@0.000ns fall@2.222ns period=4.444ns})
  Path Group:             clk_out2_pll
  Path Type:              Hold (Min at Fast Process Corner)
  Requirement:            0.000ns  (clk_out2_pll rise@0.000ns - clk_out2_pll rise@0.000ns)
  Data Path Delay:        0.192ns  (logic 0.128ns (66.630%)  route 0.064ns (33.370%))
  Logic Levels:           1  (LUT6=1)
  Clock Path Skew:        0.011ns (DCD - SCD - CPR)
    Destination Clock Delay (DCD):    -0.628ns
    Source Clock Delay      (SCD):    -0.437ns
    Clock Pessimism Removal (CPR):    -0.203ns

    Location             Delay type                Incr(ns)  Path(ns)    Netlist Resource(s)
  -------------------------------------------------------------------    -------------------
                         (clock clk_out2_pll rise edge)
                                                      0.000     0.000 r  
    AD12                                              0.000     0.000 r  i_sys_clk_p (IN)
                         net (fo=0)                   0.000     0.000    pll_inst/inst/clk_in1_p
    AD12                 IBUFDS (Prop_ibufds_I_O)     0.388     0.388 r  pll_inst/inst/clkin1_ibufgds/O
                         net (fo=1, routed)           0.503     0.891    pll_inst/inst/clk_in1_pll
    PLLE2_ADV_X1Y1       PLLE2_ADV (Prop_plle2_adv_CLKIN1_CLKOUT1)
                                                     -2.908    -2.017 r  pll_inst/inst/plle2_adv_inst/CLKOUT1
                         net (fo=1, routed)           0.958    -1.059    pll_inst/inst/clk_out2_pll
    BUFGCTRL_X0Y0        BUFG (Prop_bufg_I_O)         0.026    -1.033 r  pll_inst/inst/clkout2_buf/O
                         net (fo=2865, routed)        0.596    -0.437    student_top_inst/Core_cpu/cpu_core/mem2_align_inst/dff_is_load/clk_out2
    SLICE_X85Y108        FDRE                                         r  student_top_inst/Core_cpu/cpu_core/mem2_align_inst/dff_is_load/data_o_reg[0]_rep__4/C
  -------------------------------------------------------------------    -------------------
    SLICE_X85Y108        FDRE (Prop_fdre_C_Q)         0.100    -0.337 r  student_top_inst/Core_cpu/cpu_core/mem2_align_inst/dff_is_load/data_o_reg[0]_rep__4/Q
                         net (fo=4, routed)           0.064    -0.272    student_top_inst/Core_cpu/cpu_core/mem2_align_inst/dff_inst/data_o_reg[10]_0
    SLICE_X84Y108        LUT6 (Prop_lut6_I5_O)        0.028    -0.244 f  student_top_inst/Core_cpu/cpu_core/mem2_align_inst/dff_inst/data_o[7]_i_1__4/O
                         net (fo=1, routed)           0.000    -0.244    student_top_inst/Core_cpu/cpu_core/mem_wb_inst/dff_rd_data/mem2_rd_data_o[7]
    SLICE_X84Y108        FDRE                                         f  student_top_inst/Core_cpu/cpu_core/mem_wb_inst/dff_rd_data/data_o_reg[7]/D
  -------------------------------------------------------------------    -------------------

                         (clock clk_out2_pll rise edge)
                                                      0.000     0.000 r  
    AD12                                              0.000     0.000 r  i_sys_clk_p (IN)
                         net (fo=0)                   0.000     0.000    pll_inst/inst/clk_in1_p
    AD12                 IBUFDS (Prop_ibufds_I_O)     0.470     0.470 r  pll_inst/inst/clkin1_ibufgds/O
                         net (fo=1, routed)           0.554     1.024    pll_inst/inst/clk_in1_pll
    PLLE2_ADV_X1Y1       PLLE2_ADV (Prop_plle2_adv_CLKIN1_CLKOUT1)
                                                     -3.524    -2.500 r  pll_inst/inst/plle2_adv_inst/CLKOUT1
                         net (fo=1, routed)           1.027    -1.473    pll_inst/inst/clk_out2_pll
    BUFGCTRL_X0Y0        BUFG (Prop_bufg_I_O)         0.030    -1.443 r  pll_inst/inst/clkout2_buf/O
                         net (fo=2865, routed)        0.815    -0.628    student_top_inst/Core_cpu/cpu_core/mem_wb_inst/dff_rd_data/clk_out2
    SLICE_X84Y108        FDRE                                         r  student_top_inst/Core_cpu/cpu_core/mem_wb_inst/dff_rd_data/data_o_reg[7]/C
                         clock pessimism              0.203    -0.426    
    SLICE_X84Y108        FDRE (Hold_fdre_C_D)         0.060    -0.366    student_top_inst/Core_cpu/cpu_core/mem_wb_inst/dff_rd_data/data_o_reg[7]
  -------------------------------------------------------------------
                         required time                          0.366    
                         arrival time                          -0.244    
  -------------------------------------------------------------------
                         slack                                  0.121    

Slack (MET) :             0.121ns  (arrival time - required time)
  Source:                 student_top_inst/Core_cpu/cpu_core/mem2_align_inst/dff_is_load/data_o_reg[0]_rep__4/C
                            (rising edge-triggered cell FDRE clocked by clk_out2_pll  {rise@0.000ns fall@2.222ns period=4.444ns})
  Destination:            student_top_inst/Core_cpu/cpu_core/mem_wb_inst/dff_rd_data/data_o_reg[7]/D
                            (rising edge-triggered cell FDRE clocked by clk_out2_pll  {rise@0.000ns fall@2.222ns period=4.444ns})
  Path Group:             clk_out2_pll
  Path Type:              Hold (Min at Fast Process Corner)
  Requirement:            0.000ns  (clk_out2_pll rise@0.000ns - clk_out2_pll rise@0.000ns)
  Data Path Delay:        0.192ns  (logic 0.128ns (66.630%)  route 0.064ns (33.370%))
  Logic Levels:           1  (LUT6=1)
  Clock Path Skew:        0.011ns (DCD - SCD - CPR)
    Destination Clock Delay (DCD):    -0.628ns
    Source Clock Delay      (SCD):    -0.437ns
    Clock Pessimism Removal (CPR):    -0.203ns

    Location             Delay type                Incr(ns)  Path(ns)    Netlist Resource(s)
  -------------------------------------------------------------------    -------------------
                         (clock clk_out2_pll rise edge)
                                                      0.000     0.000 r  
    AD12                                              0.000     0.000 r  i_sys_clk_p (IN)
                         net (fo=0)                   0.000     0.000    pll_inst/inst/clk_in1_p
    AD12                 IBUFDS (Prop_ibufds_I_O)     0.388     0.388 r  pll_inst/inst/clkin1_ibufgds/O
                         net (fo=1, routed)           0.503     0.891    pll_inst/inst/clk_in1_pll
    PLLE2_ADV_X1Y1       PLLE2_ADV (Prop_plle2_adv_CLKIN1_CLKOUT1)
                                                     -2.908    -2.017 r  pll_inst/inst/plle2_adv_inst/CLKOUT1
                         net (fo=1, routed)           0.958    -1.059    pll_inst/inst/clk_out2_pll
    BUFGCTRL_X0Y0        BUFG (Prop_bufg_I_O)         0.026    -1.033 r  pll_inst/inst/clkout2_buf/O
                         net (fo=2865, routed)        0.596    -0.437    student_top_inst/Core_cpu/cpu_core/mem2_align_inst/dff_is_load/clk_out2
    SLICE_X85Y108        FDRE                                         r  student_top_inst/Core_cpu/cpu_core/mem2_align_inst/dff_is_load/data_o_reg[0]_rep__4/C
  -------------------------------------------------------------------    -------------------
    SLICE_X85Y108        FDRE (Prop_fdre_C_Q)         0.100    -0.337 f  student_top_inst/Core_cpu/cpu_core/mem2_align_inst/dff_is_load/data_o_reg[0]_rep__4/Q
                         net (fo=4, routed)           0.064    -0.272    student_top_inst/Core_cpu/cpu_core/mem2_align_inst/dff_inst/data_o_reg[10]_0
    SLICE_X84Y108        LUT6 (Prop_lut6_I5_O)        0.028    -0.244 f  student_top_inst/Core_cpu/cpu_core/mem2_align_inst/dff_inst/data_o[7]_i_1__4/O
                         net (fo=1, routed)           0.000    -0.244    student_top_inst/Core_cpu/cpu_core/mem_wb_inst/dff_rd_data/mem2_rd_data_o[7]
    SLICE_X84Y108        FDRE                                         f  student_top_inst/Core_cpu/cpu_core/mem_wb_inst/dff_rd_data/data_o_reg[7]/D
  -------------------------------------------------------------------    -------------------

                         (clock clk_out2_pll rise edge)
                                                      0.000     0.000 r  
    AD12                                              0.000     0.000 r  i_sys_clk_p (IN)
                         net (fo=0)                   0.000     0.000    pll_inst/inst/clk_in1_p
    AD12                 IBUFDS (Prop_ibufds_I_O)     0.470     0.470 r  pll_inst/inst/clkin1_ibufgds/O
                         net (fo=1, routed)           0.554     1.024    pll_inst/inst/clk_in1_pll
    PLLE2_ADV_X1Y1       PLLE2_ADV (Prop_plle2_adv_CLKIN1_CLKOUT1)
                                                     -3.524    -2.500 r  pll_inst/inst/plle2_adv_inst/CLKOUT1
                         net (fo=1, routed)           1.027    -1.473    pll_inst/inst/clk_out2_pll
    BUFGCTRL_X0Y0        BUFG (Prop_bufg_I_O)         0.030    -1.443 r  pll_inst/inst/clkout2_buf/O
                         net (fo=2865, routed)        0.815    -0.628    student_top_inst/Core_cpu/cpu_core/mem_wb_inst/dff_rd_data/clk_out2
    SLICE_X84Y108        FDRE                                         r  student_top_inst/Core_cpu/cpu_core/mem_wb_inst/dff_rd_data/data_o_reg[7]/C
                         clock pessimism              0.203    -0.426    
    SLICE_X84Y108        FDRE (Hold_fdre_C_D)         0.060    -0.366    student_top_inst/Core_cpu/cpu_core/mem_wb_inst/dff_rd_data/data_o_reg[7]
  -------------------------------------------------------------------
                         required time                          0.366    
                         arrival time                          -0.244    
  -------------------------------------------------------------------
                         slack                                  0.121    

Slack (MET) :             0.122ns  (arrival time - required time)
  Source:                 student_top_inst/bridge_inst/key_sync_d1_reg[0]/C
                            (rising edge-triggered cell FDRE clocked by clk_out2_pll  {rise@0.000ns fall@2.222ns period=4.444ns})
  Destination:            student_top_inst/bridge_inst/key_sync_d2_reg[0]/D
                            (rising edge-triggered cell FDRE clocked by clk_out2_pll  {rise@0.000ns fall@2.222ns period=4.444ns})
  Path Group:             clk_out2_pll
  Path Type:              Hold (Min at Fast Process Corner)
  Requirement:            0.000ns  (clk_out2_pll rise@0.000ns - clk_out2_pll rise@0.000ns)
  Data Path Delay:        0.195ns  (logic 0.100ns (51.365%)  route 0.095ns (48.635%))
  Logic Levels:           0  
  Clock Path Skew:        0.014ns (DCD - SCD - CPR)
    Destination Clock Delay (DCD):    -0.556ns
    Source Clock Delay      (SCD):    -0.385ns
    Clock Pessimism Removal (CPR):    -0.186ns

    Location             Delay type                Incr(ns)  Path(ns)    Netlist Resource(s)
  -------------------------------------------------------------------    -------------------
                         (clock clk_out2_pll rise edge)
                                                      0.000     0.000 r  
    AD12                                              0.000     0.000 r  i_sys_clk_p (IN)
                         net (fo=0)                   0.000     0.000    pll_inst/inst/clk_in1_p
    AD12                 IBUFDS (Prop_ibufds_I_O)     0.388     0.388 r  pll_inst/inst/clkin1_ibufgds/O
                         net (fo=1, routed)           0.503     0.891    pll_inst/inst/clk_in1_pll
    PLLE2_ADV_X1Y1       PLLE2_ADV (Prop_plle2_adv_CLKIN1_CLKOUT1)
                                                     -2.908    -2.017 r  pll_inst/inst/plle2_adv_inst/CLKOUT1
                         net (fo=1, routed)           0.958    -1.059    pll_inst/inst/clk_out2_pll
    BUFGCTRL_X0Y0        BUFG (Prop_bufg_I_O)         0.026    -1.033 r  pll_inst/inst/clkout2_buf/O
                         net (fo=2865, routed)        0.648    -0.385    student_top_inst/bridge_inst/clk_out2
    SLICE_X55Y98         FDRE                                         r  student_top_inst/bridge_inst/key_sync_d1_reg[0]/C
  -------------------------------------------------------------------    -------------------
    SLICE_X55Y98         FDRE (Prop_fdre_C_Q)         0.100    -0.285 r  student_top_inst/bridge_inst/key_sync_d1_reg[0]/Q
                         net (fo=1, routed)           0.095    -0.190    student_top_inst/bridge_inst/key_sync_d1[0]
    SLICE_X56Y98         FDRE                                         r  student_top_inst/bridge_inst/key_sync_d2_reg[0]/D
  -------------------------------------------------------------------    -------------------

                         (clock clk_out2_pll rise edge)
                                                      0.000     0.000 r  
    AD12                                              0.000     0.000 r  i_sys_clk_p (IN)
                         net (fo=0)                   0.000     0.000    pll_inst/inst/clk_in1_p
    AD12                 IBUFDS (Prop_ibufds_I_O)     0.470     0.470 r  pll_inst/inst/clkin1_ibufgds/O
                         net (fo=1, routed)           0.554     1.024    pll_inst/inst/clk_in1_pll
    PLLE2_ADV_X1Y1       PLLE2_ADV (Prop_plle2_adv_CLKIN1_CLKOUT1)
                                                     -3.524    -2.500 r  pll_inst/inst/plle2_adv_inst/CLKOUT1
                         net (fo=1, routed)           1.027    -1.473    pll_inst/inst/clk_out2_pll
    BUFGCTRL_X0Y0        BUFG (Prop_bufg_I_O)         0.030    -1.443 r  pll_inst/inst/clkout2_buf/O
                         net (fo=2865, routed)        0.887    -0.556    student_top_inst/bridge_inst/clk_out2
    SLICE_X56Y98         FDRE                                         r  student_top_inst/bridge_inst/key_sync_d2_reg[0]/C
                         clock pessimism              0.186    -0.371    
    SLICE_X56Y98         FDRE (Hold_fdre_C_D)         0.059    -0.312    student_top_inst/bridge_inst/key_sync_d2_reg[0]
  -------------------------------------------------------------------
                         required time                          0.312    
                         arrival time                          -0.190    
  -------------------------------------------------------------------
                         slack                                  0.122    

Slack (MET) :             0.122ns  (arrival time - required time)
  Source:                 student_top_inst/bridge_inst/key_sync_d1_reg[0]/C
                            (rising edge-triggered cell FDRE clocked by clk_out2_pll  {rise@0.000ns fall@2.222ns period=4.444ns})
  Destination:            student_top_inst/bridge_inst/key_sync_d2_reg[0]/D
                            (rising edge-triggered cell FDRE clocked by clk_out2_pll  {rise@0.000ns fall@2.222ns period=4.444ns})
  Path Group:             clk_out2_pll
  Path Type:              Hold (Min at Fast Process Corner)
  Requirement:            0.000ns  (clk_out2_pll rise@0.000ns - clk_out2_pll rise@0.000ns)
  Data Path Delay:        0.195ns  (logic 0.100ns (51.365%)  route 0.095ns (48.635%))
  Logic Levels:           0  
  Clock Path Skew:        0.014ns (DCD - SCD - CPR)
    Destination Clock Delay (DCD):    -0.556ns
    Source Clock Delay      (SCD):    -0.385ns
    Clock Pessimism Removal (CPR):    -0.186ns

    Location             Delay type                Incr(ns)  Path(ns)    Netlist Resource(s)
  -------------------------------------------------------------------    -------------------
                         (clock clk_out2_pll rise edge)
                                                      0.000     0.000 r  
    AD12                                              0.000     0.000 r  i_sys_clk_p (IN)
                         net (fo=0)                   0.000     0.000    pll_inst/inst/clk_in1_p
    AD12                 IBUFDS (Prop_ibufds_I_O)     0.388     0.388 r  pll_inst/inst/clkin1_ibufgds/O
                         net (fo=1, routed)           0.503     0.891    pll_inst/inst/clk_in1_pll
    PLLE2_ADV_X1Y1       PLLE2_ADV (Prop_plle2_adv_CLKIN1_CLKOUT1)
                                                     -2.908    -2.017 r  pll_inst/inst/plle2_adv_inst/CLKOUT1
                         net (fo=1, routed)           0.958    -1.059    pll_inst/inst/clk_out2_pll
    BUFGCTRL_X0Y0        BUFG (Prop_bufg_I_O)         0.026    -1.033 r  pll_inst/inst/clkout2_buf/O
                         net (fo=2865, routed)        0.648    -0.385    student_top_inst/bridge_inst/clk_out2
    SLICE_X55Y98         FDRE                                         r  student_top_inst/bridge_inst/key_sync_d1_reg[0]/C
  -------------------------------------------------------------------    -------------------
    SLICE_X55Y98         FDRE (Prop_fdre_C_Q)         0.100    -0.285 f  student_top_inst/bridge_inst/key_sync_d1_reg[0]/Q
                         net (fo=1, routed)           0.095    -0.190    student_top_inst/bridge_inst/key_sync_d1[0]
    SLICE_X56Y98         FDRE                                         f  student_top_inst/bridge_inst/key_sync_d2_reg[0]/D
  -------------------------------------------------------------------    -------------------

                         (clock clk_out2_pll rise edge)
                                                      0.000     0.000 r  
    AD12                                              0.000     0.000 r  i_sys_clk_p (IN)
                         net (fo=0)                   0.000     0.000    pll_inst/inst/clk_in1_p
    AD12                 IBUFDS (Prop_ibufds_I_O)     0.470     0.470 r  pll_inst/inst/clkin1_ibufgds/O
                         net (fo=1, routed)           0.554     1.024    pll_inst/inst/clk_in1_pll
    PLLE2_ADV_X1Y1       PLLE2_ADV (Prop_plle2_adv_CLKIN1_CLKOUT1)
                                                     -3.524    -2.500 r  pll_inst/inst/plle2_adv_inst/CLKOUT1
                         net (fo=1, routed)           1.027    -1.473    pll_inst/inst/clk_out2_pll
    BUFGCTRL_X0Y0        BUFG (Prop_bufg_I_O)         0.030    -1.443 r  pll_inst/inst/clkout2_buf/O
                         net (fo=2865, routed)        0.887    -0.556    student_top_inst/bridge_inst/clk_out2
    SLICE_X56Y98         FDRE                                         r  student_top_inst/bridge_inst/key_sync_d2_reg[0]/C
                         clock pessimism              0.186    -0.371    
    SLICE_X56Y98         FDRE (Hold_fdre_C_D)         0.059    -0.312    student_top_inst/bridge_inst/key_sync_d2_reg[0]
  -------------------------------------------------------------------
                         required time                          0.312    
                         arrival time                          -0.190    
  -------------------------------------------------------------------
                         slack                                  0.122    

Slack (MET) :             0.128ns  (arrival time - required time)
  Source:                 student_top_inst/bridge_inst/led_sync_d1_reg[22]/C
                            (rising edge-triggered cell FDRE clocked by clk_out1_pll  {rise@0.000ns fall@10.000ns period=20.000ns})
  Destination:            student_top_inst/bridge_inst/led_sync_d2_reg[22]_lopt_replica/D
                            (rising edge-triggered cell FDRE clocked by clk_out1_pll  {rise@0.000ns fall@10.000ns period=20.000ns})
  Path Group:             clk_out1_pll
  Path Type:              Hold (Min at Fast Process Corner)
  Requirement:            0.000ns  (clk_out1_pll rise@0.000ns - clk_out1_pll rise@0.000ns)
  Data Path Delay:        0.208ns  (logic 0.100ns (47.984%)  route 0.108ns (52.016%))
  Logic Levels:           0  
  Clock Path Skew:        0.033ns (DCD - SCD - CPR)
    Destination Clock Delay (DCD):    -0.557ns
    Source Clock Delay      (SCD):    -0.388ns
    Clock Pessimism Removal (CPR):    -0.203ns

    Location             Delay type                Incr(ns)  Path(ns)    Netlist Resource(s)
  -------------------------------------------------------------------    -------------------
                         (clock clk_out1_pll rise edge)
                                                      0.000     0.000 r  
    AD12                                              0.000     0.000 r  i_sys_clk_p (IN)
                         net (fo=0)                   0.000     0.000    pll_inst/inst/clk_in1_p
    AD12                 IBUFDS (Prop_ibufds_I_O)     0.388     0.388 r  pll_inst/inst/clkin1_ibufgds/O
                         net (fo=1, routed)           0.503     0.891    pll_inst/inst/clk_in1_pll
    PLLE2_ADV_X1Y1       PLLE2_ADV (Prop_plle2_adv_CLKIN1_CLKOUT0)
                                                     -2.908    -2.017 r  pll_inst/inst/plle2_adv_inst/CLKOUT0
                         net (fo=1, routed)           0.958    -1.059    pll_inst/inst/clk_out1_pll
    BUFGCTRL_X0Y1        BUFG (Prop_bufg_I_O)         0.026    -1.033 r  pll_inst/inst/clkout1_buf/O
                         net (fo=546, routed)         0.645    -0.388    student_top_inst/bridge_inst/clk_out1
    SLICE_X71Y99         FDRE                                         r  student_top_inst/bridge_inst/led_sync_d1_reg[22]/C
  -------------------------------------------------------------------    -------------------
    SLICE_X71Y99         FDRE (Prop_fdre_C_Q)         0.100    -0.288 r  student_top_inst/bridge_inst/led_sync_d1_reg[22]/Q
                         net (fo=2, routed)           0.108    -0.179    student_top_inst/bridge_inst/led_sync_d1[22]
    SLICE_X69Y99         FDRE                                         r  student_top_inst/bridge_inst/led_sync_d2_reg[22]_lopt_replica/D
  -------------------------------------------------------------------    -------------------

                         (clock clk_out1_pll rise edge)
                                                      0.000     0.000 r  
    AD12                                              0.000     0.000 r  i_sys_clk_p (IN)
                         net (fo=0)                   0.000     0.000    pll_inst/inst/clk_in1_p
    AD12                 IBUFDS (Prop_ibufds_I_O)     0.470     0.470 r  pll_inst/inst/clkin1_ibufgds/O
                         net (fo=1, routed)           0.554     1.024    pll_inst/inst/clk_in1_pll
    PLLE2_ADV_X1Y1       PLLE2_ADV (Prop_plle2_adv_CLKIN1_CLKOUT0)
                                                     -3.524    -2.500 r  pll_inst/inst/plle2_adv_inst/CLKOUT0
                         net (fo=1, routed)           1.027    -1.473    pll_inst/inst/clk_out1_pll
    BUFGCTRL_X0Y1        BUFG (Prop_bufg_I_O)         0.030    -1.443 r  pll_inst/inst/clkout1_buf/O
                         net (fo=546, routed)         0.886    -0.557    student_top_inst/bridge_inst/clk_out1
    SLICE_X69Y99         FDRE                                         r  student_top_inst/bridge_inst/led_sync_d2_reg[22]_lopt_replica/C
                         clock pessimism              0.203    -0.355    
    SLICE_X69Y99         FDRE (Hold_fdre_C_D)         0.047    -0.308    student_top_inst/bridge_inst/led_sync_d2_reg[22]_lopt_replica
  -------------------------------------------------------------------
                         required time                          0.308    
                         arrival time                          -0.179    
  -------------------------------------------------------------------
                         slack                                  0.128    

Slack (MET) :             0.128ns  (arrival time - required time)
  Source:                 student_top_inst/bridge_inst/led_sync_d1_reg[22]/C
                            (rising edge-triggered cell FDRE clocked by clk_out1_pll  {rise@0.000ns fall@10.000ns period=20.000ns})
  Destination:            student_top_inst/bridge_inst/led_sync_d2_reg[22]_lopt_replica/D
                            (rising edge-triggered cell FDRE clocked by clk_out1_pll  {rise@0.000ns fall@10.000ns period=20.000ns})
  Path Group:             clk_out1_pll
  Path Type:              Hold (Min at Fast Process Corner)
  Requirement:            0.000ns  (clk_out1_pll rise@0.000ns - clk_out1_pll rise@0.000ns)
  Data Path Delay:        0.208ns  (logic 0.100ns (47.984%)  route 0.108ns (52.016%))
  Logic Levels:           0  
  Clock Path Skew:        0.033ns (DCD - SCD - CPR)
    Destination Clock Delay (DCD):    -0.557ns
    Source Clock Delay      (SCD):    -0.388ns
    Clock Pessimism Removal (CPR):    -0.203ns

    Location             Delay type                Incr(ns)  Path(ns)    Netlist Resource(s)
  -------------------------------------------------------------------    -------------------
                         (clock clk_out1_pll rise edge)
                                                      0.000     0.000 r  
    AD12                                              0.000     0.000 r  i_sys_clk_p (IN)
                         net (fo=0)                   0.000     0.000    pll_inst/inst/clk_in1_p
    AD12                 IBUFDS (Prop_ibufds_I_O)     0.388     0.388 r  pll_inst/inst/clkin1_ibufgds/O
                         net (fo=1, routed)           0.503     0.891    pll_inst/inst/clk_in1_pll
    PLLE2_ADV_X1Y1       PLLE2_ADV (Prop_plle2_adv_CLKIN1_CLKOUT0)
                                                     -2.908    -2.017 r  pll_inst/inst/plle2_adv_inst/CLKOUT0
                         net (fo=1, routed)           0.958    -1.059    pll_inst/inst/clk_out1_pll
    BUFGCTRL_X0Y1        BUFG (Prop_bufg_I_O)         0.026    -1.033 r  pll_inst/inst/clkout1_buf/O
                         net (fo=546, routed)         0.645    -0.388    student_top_inst/bridge_inst/clk_out1
    SLICE_X71Y99         FDRE                                         r  student_top_inst/bridge_inst/led_sync_d1_reg[22]/C
  -------------------------------------------------------------------    -------------------
    SLICE_X71Y99         FDRE (Prop_fdre_C_Q)         0.100    -0.288 f  student_top_inst/bridge_inst/led_sync_d1_reg[22]/Q
                         net (fo=2, routed)           0.108    -0.179    student_top_inst/bridge_inst/led_sync_d1[22]
    SLICE_X69Y99         FDRE                                         f  student_top_inst/bridge_inst/led_sync_d2_reg[22]_lopt_replica/D
  -------------------------------------------------------------------    -------------------

                         (clock clk_out1_pll rise edge)
                                                      0.000     0.000 r  
    AD12                                              0.000     0.000 r  i_sys_clk_p (IN)
                         net (fo=0)                   0.000     0.000    pll_inst/inst/clk_in1_p
    AD12                 IBUFDS (Prop_ibufds_I_O)     0.470     0.470 r  pll_inst/inst/clkin1_ibufgds/O
                         net (fo=1, routed)           0.554     1.024    pll_inst/inst/clk_in1_pll
    PLLE2_ADV_X1Y1       PLLE2_ADV (Prop_plle2_adv_CLKIN1_CLKOUT0)
                                                     -3.524    -2.500 r  pll_inst/inst/plle2_adv_inst/CLKOUT0
                         net (fo=1, routed)           1.027    -1.473    pll_inst/inst/clk_out1_pll
    BUFGCTRL_X0Y1        BUFG (Prop_bufg_I_O)         0.030    -1.443 r  pll_inst/inst/clkout1_buf/O
                         net (fo=546, routed)         0.886    -0.557    student_top_inst/bridge_inst/clk_out1
    SLICE_X69Y99         FDRE                                         r  student_top_inst/bridge_inst/led_sync_d2_reg[22]_lopt_replica/C
                         clock pessimism              0.203    -0.355    
    SLICE_X69Y99         FDRE (Hold_fdre_C_D)         0.047    -0.308    student_top_inst/bridge_inst/led_sync_d2_reg[22]_lopt_replica
  -------------------------------------------------------------------
                         required time                          0.308    
                         arrival time                          -0.179    
  -------------------------------------------------------------------
                         slack                                  0.128    

Slack (MET) :             0.132ns  (arrival time - required time)
  Source:                 twin_controller_inst/tx_data_reg[7]/C
                            (rising edge-triggered cell FDCE clocked by clk_out1_pll  {rise@0.000ns fall@10.000ns period=20.000ns})
  Destination:            uart_inst/tx_shift_reg[8]/D
                            (rising edge-triggered cell FDPE clocked by clk_out1_pll  {rise@0.000ns fall@10.000ns period=20.000ns})
  Path Group:             clk_out1_pll
  Path Type:              Hold (Min at Fast Process Corner)
  Requirement:            0.000ns  (clk_out1_pll rise@0.000ns - clk_out1_pll rise@0.000ns)
  Data Path Delay:        0.346ns  (logic 0.130ns (37.581%)  route 0.216ns (62.419%))
  Logic Levels:           1  (LUT2=1)
  Clock Path Skew:        0.139ns (DCD - SCD - CPR)
    Destination Clock Delay (DCD):    -0.630ns
    Source Clock Delay      (SCD):    -0.387ns
    Clock Pessimism Removal (CPR):    -0.383ns

    Location             Delay type                Incr(ns)  Path(ns)    Netlist Resource(s)
  -------------------------------------------------------------------    -------------------
                         (clock clk_out1_pll rise edge)
                                                      0.000     0.000 r  
    AD12                                              0.000     0.000 r  i_sys_clk_p (IN)
                         net (fo=0)                   0.000     0.000    pll_inst/inst/clk_in1_p
    AD12                 IBUFDS (Prop_ibufds_I_O)     0.388     0.388 r  pll_inst/inst/clkin1_ibufgds/O
                         net (fo=1, routed)           0.503     0.891    pll_inst/inst/clk_in1_pll
    PLLE2_ADV_X1Y1       PLLE2_ADV (Prop_plle2_adv_CLKIN1_CLKOUT0)
                                                     -2.908    -2.017 r  pll_inst/inst/plle2_adv_inst/CLKOUT0
                         net (fo=1, routed)           0.958    -1.059    pll_inst/inst/clk_out1_pll
    BUFGCTRL_X0Y1        BUFG (Prop_bufg_I_O)         0.026    -1.033 r  pll_inst/inst/clkout1_buf/O
                         net (fo=546, routed)         0.646    -0.387    twin_controller_inst/CLK
    SLICE_X68Y98         FDCE                                         r  twin_controller_inst/tx_data_reg[7]/C
  -------------------------------------------------------------------    -------------------
    SLICE_X68Y98         FDCE (Prop_fdce_C_Q)         0.100    -0.287 r  twin_controller_inst/tx_data_reg[7]/Q
                         net (fo=1, routed)           0.216    -0.071    uart_inst/tx_shift_reg[8]_0[7]
    SLICE_X72Y100        LUT2 (Prop_lut2_I1_O)        0.030    -0.041 r  uart_inst/tx_shift[8]_i_2/O
                         net (fo=1, routed)           0.000    -0.041    uart_inst/tx_shift0_in[8]
    SLICE_X72Y100        FDPE                                         r  uart_inst/tx_shift_reg[8]/D
  -------------------------------------------------------------------    -------------------

                         (clock clk_out1_pll rise edge)
                                                      0.000     0.000 r  
    AD12                                              0.000     0.000 r  i_sys_clk_p (IN)
                         net (fo=0)                   0.000     0.000    pll_inst/inst/clk_in1_p
    AD12                 IBUFDS (Prop_ibufds_I_O)     0.470     0.470 r  pll_inst/inst/clkin1_ibufgds/O
                         net (fo=1, routed)           0.554     1.024    pll_inst/inst/clk_in1_pll
    PLLE2_ADV_X1Y1       PLLE2_ADV (Prop_plle2_adv_CLKIN1_CLKOUT0)
                                                     -3.524    -2.500 r  pll_inst/inst/plle2_adv_inst/CLKOUT0
                         net (fo=1, routed)           1.027    -1.473    pll_inst/inst/clk_out1_pll
    BUFGCTRL_X0Y1        BUFG (Prop_bufg_I_O)         0.030    -1.443 r  pll_inst/inst/clkout1_buf/O
                         net (fo=546, routed)         0.813    -0.630    uart_inst/clk_out1
    SLICE_X72Y100        FDPE                                         r  uart_inst/tx_shift_reg[8]/C
                         clock pessimism              0.383    -0.248    
    SLICE_X72Y100        FDPE (Hold_fdpe_C_D)         0.075    -0.173    uart_inst/tx_shift_reg[8]
  -------------------------------------------------------------------
                         required time                          0.173    
                         arrival time                          -0.041    
  -------------------------------------------------------------------
                         slack                                  0.132    

Slack (MET) :             0.132ns  (arrival time - required time)
  Source:                 twin_controller_inst/tx_data_reg[7]/C
                            (rising edge-triggered cell FDCE clocked by clk_out1_pll  {rise@0.000ns fall@10.000ns period=20.000ns})
  Destination:            uart_inst/tx_shift_reg[8]/D
                            (rising edge-triggered cell FDPE clocked by clk_out1_pll  {rise@0.000ns fall@10.000ns period=20.000ns})
  Path Group:             clk_out1_pll
  Path Type:              Hold (Min at Fast Process Corner)
  Requirement:            0.000ns  (clk_out1_pll rise@0.000ns - clk_out1_pll rise@0.000ns)
  Data Path Delay:        0.346ns  (logic 0.130ns (37.581%)  route 0.216ns (62.419%))
  Logic Levels:           1  (LUT2=1)
  Clock Path Skew:        0.139ns (DCD - SCD - CPR)
    Destination Clock Delay (DCD):    -0.630ns
    Source Clock Delay      (SCD):    -0.387ns
    Clock Pessimism Removal (CPR):    -0.383ns

    Location             Delay type                Incr(ns)  Path(ns)    Netlist Resource(s)
  -------------------------------------------------------------------    -------------------
                         (clock clk_out1_pll rise edge)
                                                      0.000     0.000 r  
    AD12                                              0.000     0.000 r  i_sys_clk_p (IN)
                         net (fo=0)                   0.000     0.000    pll_inst/inst/clk_in1_p
    AD12                 IBUFDS (Prop_ibufds_I_O)     0.388     0.388 r  pll_inst/inst/clkin1_ibufgds/O
                         net (fo=1, routed)           0.503     0.891    pll_inst/inst/clk_in1_pll
    PLLE2_ADV_X1Y1       PLLE2_ADV (Prop_plle2_adv_CLKIN1_CLKOUT0)
                                                     -2.908    -2.017 r  pll_inst/inst/plle2_adv_inst/CLKOUT0
                         net (fo=1, routed)           0.958    -1.059    pll_inst/inst/clk_out1_pll
    BUFGCTRL_X0Y1        BUFG (Prop_bufg_I_O)         0.026    -1.033 r  pll_inst/inst/clkout1_buf/O
                         net (fo=546, routed)         0.646    -0.387    twin_controller_inst/CLK
    SLICE_X68Y98         FDCE                                         r  twin_controller_inst/tx_data_reg[7]/C
  -------------------------------------------------------------------    -------------------
    SLICE_X68Y98         FDCE (Prop_fdce_C_Q)         0.100    -0.287 f  twin_controller_inst/tx_data_reg[7]/Q
                         net (fo=1, routed)           0.216    -0.071    uart_inst/tx_shift_reg[8]_0[7]
    SLICE_X72Y100        LUT2 (Prop_lut2_I1_O)        0.030    -0.041 f  uart_inst/tx_shift[8]_i_2/O
                         net (fo=1, routed)           0.000    -0.041    uart_inst/tx_shift0_in[8]
    SLICE_X72Y100        FDPE                                         f  uart_inst/tx_shift_reg[8]/D
  -------------------------------------------------------------------    -------------------

                         (clock clk_out1_pll rise edge)
                                                      0.000     0.000 r  
    AD12                                              0.000     0.000 r  i_sys_clk_p (IN)
                         net (fo=0)                   0.000     0.000    pll_inst/inst/clk_in1_p
    AD12                 IBUFDS (Prop_ibufds_I_O)     0.470     0.470 r  pll_inst/inst/clkin1_ibufgds/O
                         net (fo=1, routed)           0.554     1.024    pll_inst/inst/clk_in1_pll
    PLLE2_ADV_X1Y1       PLLE2_ADV (Prop_plle2_adv_CLKIN1_CLKOUT0)
                                                     -3.524    -2.500 r  pll_inst/inst/plle2_adv_inst/CLKOUT0
                         net (fo=1, routed)           1.027    -1.473    pll_inst/inst/clk_out1_pll
    BUFGCTRL_X0Y1        BUFG (Prop_bufg_I_O)         0.030    -1.443 r  pll_inst/inst/clkout1_buf/O
                         net (fo=546, routed)         0.813    -0.630    uart_inst/clk_out1
    SLICE_X72Y100        FDPE                                         r  uart_inst/tx_shift_reg[8]/C
                         clock pessimism              0.383    -0.248    
    SLICE_X72Y100        FDPE (Hold_fdpe_C_D)         0.075    -0.173    uart_inst/tx_shift_reg[8]
  -------------------------------------------------------------------
                         required time                          0.173    
                         arrival time                          -0.041    
  -------------------------------------------------------------------
                         slack                                  0.132    




