Copyright 1986-2022 Xilinx, Inc. All Rights Reserved. Copyright 2022-2023 Advanced Micro Devices, Inc. All Rights Reserved.
----------------------------------------------------------------------------------------------------------------------------------------------------------------------------------------------------------------------------------------
| Tool Version : Vivado v.2023.2 (win64) Build 4029153 Fri Oct 13 20:14:34 MDT 2023
| Date         : Tue Jun  2 22:44:53 2026
| Host         : LAPTOP-5UF1FH4A running 64-bit major release  (build 9200)
| Command      : report_timing -delay_type max -sort_by group -max_paths 20 -nworst 5 -path_type full_clock_expanded -file C:/Users/hp/Downloads/digital_twin/digital_twin.srcs/sources_1/vivado_clk2_sweep/top_timing_max_clk2_220.rpt
| Design       : top
| Device       : 7k325t-ffg900
| Speed File   : -2  PRODUCTION 1.12 2017-02-17
| Design State : Routed
----------------------------------------------------------------------------------------------------------------------------------------------------------------------------------------------------------------------------------------

Timing Report

Slack (MET) :             0.017ns  (required time - arrival time)
  Source:                 student_top_inst/Core_cpu/cpu_core/id_ex_inst/jump_offset_o_reg[0]/C
                            (rising edge-triggered cell FDRE clocked by clk_out2_pll  {rise@0.000ns fall@2.273ns period=4.545ns})
  Destination:            student_top_inst/Core_cpu/cpu_core/if_id_inst/pred_target_o_reg[25]/R
                            (rising edge-triggered cell FDRE clocked by clk_out2_pll  {rise@0.000ns fall@2.273ns period=4.545ns})
  Path Group:             clk_out2_pll
  Path Type:              Setup (Max at Slow Process Corner)
  Requirement:            4.545ns  (clk_out2_pll rise@4.545ns - clk_out2_pll rise@0.000ns)
  Data Path Delay:        4.186ns  (logic 1.637ns (39.107%)  route 2.549ns (60.893%))
  Logic Levels:           14  (CARRY4=9 LUT2=1 LUT4=1 LUT6=3)
  Clock Path Skew:        0.025ns (DCD - SCD + CPR)
    Destination Clock Delay (DCD):    -2.045ns = ( 2.501 - 4.545 ) 
    Source Clock Delay      (SCD):    -2.444ns
    Clock Pessimism Removal (CPR):    -0.375ns
  Clock Uncertainty:      0.064ns  ((TSJ^2 + DJ^2)^1/2) / 2 + PE
    Total System Jitter     (TSJ):    0.071ns
    Discrete Jitter          (DJ):    0.106ns
    Phase Error              (PE):    0.000ns

    Location             Delay type                Incr(ns)  Path(ns)    Netlist Resource(s)
  -------------------------------------------------------------------    -------------------
                         (clock clk_out2_pll rise edge)
                                                      0.000     0.000 r  
    AD12                                              0.000     0.000 r  i_sys_clk_p (IN)
                         net (fo=0)                   0.000     0.000    pll_inst/inst/clk_in1_p
    AD12                 IBUFDS (Prop_ibufds_I_O)     0.906     0.906 r  pll_inst/inst/clkin1_ibufgds/O
                         net (fo=1, routed)           1.098     2.004    pll_inst/inst/clk_in1_pll
    PLLE2_ADV_X1Y1       PLLE2_ADV (Prop_plle2_adv_CLKIN1_CLKOUT1)
                                                     -8.058    -6.054 r  pll_inst/inst/plle2_adv_inst/CLKOUT1
                         net (fo=1, routed)           2.128    -3.926    pll_inst/inst/clk_out2_pll
    BUFGCTRL_X0Y0        BUFG (Prop_bufg_I_O)         0.093    -3.833 r  pll_inst/inst/clkout2_buf/O
                         net (fo=2869, routed)        1.389    -2.444    student_top_inst/Core_cpu/cpu_core/id_ex_inst/clk_out2
    SLICE_X59Y113        FDRE                                         r  student_top_inst/Core_cpu/cpu_core/id_ex_inst/jump_offset_o_reg[0]/C
  -------------------------------------------------------------------    -------------------
    SLICE_X59Y113        FDRE (Prop_fdre_C_Q)         0.204    -2.240 r  student_top_inst/Core_cpu/cpu_core/id_ex_inst/jump_offset_o_reg[0]/Q
                         net (fo=3, routed)           0.453    -1.788    student_top_inst/Core_cpu/cpu_core/id_ex_inst/jump_offset_o_reg[31]_0[0]
    SLICE_X58Y116        LUT2 (Prop_lut2_I1_O)        0.126    -1.662 r  student_top_inst/Core_cpu/cpu_core/id_ex_inst/pc_o[3]_i_11/O
                         net (fo=1, routed)           0.000    -1.662    student_top_inst/Core_cpu/cpu_core/id_ex_inst/pc_o[3]_i_11_n_0
    SLICE_X58Y116        CARRY4 (Prop_carry4_S[0]_CO[3])
                                                      0.246    -1.416 r  student_top_inst/Core_cpu/cpu_core/id_ex_inst/pc_o_reg[3]_i_5/CO[3]
                         net (fo=1, routed)           0.000    -1.416    student_top_inst/Core_cpu/cpu_core/id_ex_inst/pc_o_reg[3]_i_5_n_0
    SLICE_X58Y117        CARRY4 (Prop_carry4_CI_CO[3])
                                                      0.054    -1.362 r  student_top_inst/Core_cpu/cpu_core/id_ex_inst/pc_o_reg[7]_i_5/CO[3]
                         net (fo=1, routed)           0.000    -1.362    student_top_inst/Core_cpu/cpu_core/id_ex_inst/pc_o_reg[7]_i_5_n_0
    SLICE_X58Y118        CARRY4 (Prop_carry4_CI_CO[3])
                                                      0.054    -1.308 r  student_top_inst/Core_cpu/cpu_core/id_ex_inst/pc_o_reg[11]_i_5/CO[3]
                         net (fo=1, routed)           0.000    -1.308    student_top_inst/Core_cpu/cpu_core/id_ex_inst/pc_o_reg[11]_i_5_n_0
    SLICE_X58Y119        CARRY4 (Prop_carry4_CI_CO[3])
                                                      0.054    -1.254 r  student_top_inst/Core_cpu/cpu_core/id_ex_inst/pc_o_reg[15]_i_5/CO[3]
                         net (fo=1, routed)           0.000    -1.254    student_top_inst/Core_cpu/cpu_core/id_ex_inst/pc_o_reg[15]_i_5_n_0
    SLICE_X58Y120        CARRY4 (Prop_carry4_CI_CO[3])
                                                      0.054    -1.200 r  student_top_inst/Core_cpu/cpu_core/id_ex_inst/pc_o_reg[19]_i_5/CO[3]
                         net (fo=1, routed)           0.000    -1.200    student_top_inst/Core_cpu/cpu_core/id_ex_inst/pc_o_reg[19]_i_5_n_0
    SLICE_X58Y121        CARRY4 (Prop_carry4_CI_CO[3])
                                                      0.054    -1.146 r  student_top_inst/Core_cpu/cpu_core/id_ex_inst/pc_o_reg[23]_i_5/CO[3]
                         net (fo=1, routed)           0.000    -1.146    student_top_inst/Core_cpu/cpu_core/id_ex_inst/pc_o_reg[23]_i_5_n_0
    SLICE_X58Y122        CARRY4 (Prop_carry4_CI_CO[3])
                                                      0.054    -1.092 r  student_top_inst/Core_cpu/cpu_core/id_ex_inst/pc_o_reg[27]_i_5/CO[3]
                         net (fo=1, routed)           0.000    -1.092    student_top_inst/Core_cpu/cpu_core/id_ex_inst/pc_o_reg[27]_i_5_n_0
    SLICE_X58Y123        CARRY4 (Prop_carry4_CI_O[0])
                                                      0.108    -0.984 r  student_top_inst/Core_cpu/cpu_core/id_ex_inst/pc_o_reg[31]_i_7/O[0]
                         net (fo=2, routed)           0.410    -0.573    student_top_inst/Core_cpu/cpu_core/id_ex_inst/ex_inst/jalr_target_addr[28]
    SLICE_X55Y122        LUT6 (Prop_lut6_I1_O)        0.123    -0.450 r  student_top_inst/Core_cpu/cpu_core/id_ex_inst/jump_en_d1_i_9/O
                         net (fo=1, routed)           0.000    -0.450    student_top_inst/Core_cpu/cpu_core/id_ex_inst/jump_en_d1_i_9_n_0
    SLICE_X55Y122        CARRY4 (Prop_carry4_S[1]_CO[2])
                                                      0.291    -0.159 r  student_top_inst/Core_cpu/cpu_core/id_ex_inst/jump_en_d1_reg_i_6/CO[2]
                         net (fo=1, routed)           0.336     0.177    student_top_inst/Core_cpu/cpu_core/id_ex_inst/ex_inst/jump_en_o2
    SLICE_X53Y120        LUT6 (Prop_lut6_I4_O)        0.129     0.306 f  student_top_inst/Core_cpu/cpu_core/id_ex_inst/jump_en_d1_i_2/O
                         net (fo=1, routed)           0.190     0.496    student_top_inst/Core_cpu/cpu_core/id_ex_inst/jump_en_d1_i_2_n_0
    SLICE_X53Y118        LUT6 (Prop_lut6_I3_O)        0.043     0.539 r  student_top_inst/Core_cpu/cpu_core/id_ex_inst/jump_en_d1_i_1/O
                         net (fo=44, routed)          0.224     0.763    student_top_inst/Core_cpu/cpu_core/ctrl_inst/ex_jump_en_o
    SLICE_X50Y118        LUT4 (Prop_lut4_I2_O)        0.043     0.806 r  student_top_inst/Core_cpu/cpu_core/ctrl_inst/flush_ifid_o_inst__0/O
                         net (fo=215, routed)         0.935     1.742    student_top_inst/Core_cpu/cpu_core/if_id_inst/inst_o_reg[2]_0
    SLICE_X23Y117        FDRE                                         r  student_top_inst/Core_cpu/cpu_core/if_id_inst/pred_target_o_reg[25]/R
  -------------------------------------------------------------------    -------------------

                         (clock clk_out2_pll rise edge)
                                                      4.545     4.545 r  
    AD12                                              0.000     4.545 r  i_sys_clk_p (IN)
                         net (fo=0)                   0.000     4.545    pll_inst/inst/clk_in1_p
    AD12                 IBUFDS (Prop_ibufds_I_O)     0.803     5.349 r  pll_inst/inst/clkin1_ibufgds/O
                         net (fo=1, routed)           1.001     6.350    pll_inst/inst/clk_in1_pll
    PLLE2_ADV_X1Y1       PLLE2_ADV (Prop_plle2_adv_CLKIN1_CLKOUT1)
                                                     -7.261    -0.911 r  pll_inst/inst/plle2_adv_inst/CLKOUT1
                         net (fo=1, routed)           2.003     1.092    pll_inst/inst/clk_out2_pll
    BUFGCTRL_X0Y0        BUFG (Prop_bufg_I_O)         0.083     1.175 r  pll_inst/inst/clkout2_buf/O
                         net (fo=2869, routed)        1.326     2.501    student_top_inst/Core_cpu/cpu_core/if_id_inst/clk_out2
    SLICE_X23Y117        FDRE                                         r  student_top_inst/Core_cpu/cpu_core/if_id_inst/pred_target_o_reg[25]/C
                         clock pessimism             -0.375     2.126    
                         clock uncertainty           -0.064     2.062    
    SLICE_X23Y117        FDRE (Setup_fdre_C_R)       -0.304     1.758    student_top_inst/Core_cpu/cpu_core/if_id_inst/pred_target_o_reg[25]
  -------------------------------------------------------------------
                         required time                          1.758    
                         arrival time                          -1.742    
  -------------------------------------------------------------------
                         slack                                  0.017    

Slack (MET) :             0.017ns  (required time - arrival time)
  Source:                 student_top_inst/Core_cpu/cpu_core/id_ex_inst/jump_offset_o_reg[0]/C
                            (rising edge-triggered cell FDRE clocked by clk_out2_pll  {rise@0.000ns fall@2.273ns period=4.545ns})
  Destination:            student_top_inst/Core_cpu/cpu_core/if_id_inst/pred_target_o_reg[25]/R
                            (rising edge-triggered cell FDRE clocked by clk_out2_pll  {rise@0.000ns fall@2.273ns period=4.545ns})
  Path Group:             clk_out2_pll
  Path Type:              Setup (Max at Slow Process Corner)
  Requirement:            4.545ns  (clk_out2_pll rise@4.545ns - clk_out2_pll rise@0.000ns)
  Data Path Delay:        4.186ns  (logic 1.637ns (39.107%)  route 2.549ns (60.893%))
  Logic Levels:           14  (CARRY4=9 LUT2=1 LUT4=1 LUT6=3)
  Clock Path Skew:        0.025ns (DCD - SCD + CPR)
    Destination Clock Delay (DCD):    -2.045ns = ( 2.501 - 4.545 ) 
    Source Clock Delay      (SCD):    -2.444ns
    Clock Pessimism Removal (CPR):    -0.375ns
  Clock Uncertainty:      0.064ns  ((TSJ^2 + DJ^2)^1/2) / 2 + PE
    Total System Jitter     (TSJ):    0.071ns
    Discrete Jitter          (DJ):    0.106ns
    Phase Error              (PE):    0.000ns

    Location             Delay type                Incr(ns)  Path(ns)    Netlist Resource(s)
  -------------------------------------------------------------------    -------------------
                         (clock clk_out2_pll rise edge)
                                                      0.000     0.000 r  
    AD12                                              0.000     0.000 r  i_sys_clk_p (IN)
                         net (fo=0)                   0.000     0.000    pll_inst/inst/clk_in1_p
    AD12                 IBUFDS (Prop_ibufds_I_O)     0.906     0.906 r  pll_inst/inst/clkin1_ibufgds/O
                         net (fo=1, routed)           1.098     2.004    pll_inst/inst/clk_in1_pll
    PLLE2_ADV_X1Y1       PLLE2_ADV (Prop_plle2_adv_CLKIN1_CLKOUT1)
                                                     -8.058    -6.054 r  pll_inst/inst/plle2_adv_inst/CLKOUT1
                         net (fo=1, routed)           2.128    -3.926    pll_inst/inst/clk_out2_pll
    BUFGCTRL_X0Y0        BUFG (Prop_bufg_I_O)         0.093    -3.833 r  pll_inst/inst/clkout2_buf/O
                         net (fo=2869, routed)        1.389    -2.444    student_top_inst/Core_cpu/cpu_core/id_ex_inst/clk_out2
    SLICE_X59Y113        FDRE                                         r  student_top_inst/Core_cpu/cpu_core/id_ex_inst/jump_offset_o_reg[0]/C
  -------------------------------------------------------------------    -------------------
    SLICE_X59Y113        FDRE (Prop_fdre_C_Q)         0.204    -2.240 r  student_top_inst/Core_cpu/cpu_core/id_ex_inst/jump_offset_o_reg[0]/Q
                         net (fo=3, routed)           0.453    -1.788    student_top_inst/Core_cpu/cpu_core/id_ex_inst/jump_offset_o_reg[31]_0[0]
    SLICE_X58Y116        LUT2 (Prop_lut2_I1_O)        0.126    -1.662 r  student_top_inst/Core_cpu/cpu_core/id_ex_inst/pc_o[3]_i_11/O
                         net (fo=1, routed)           0.000    -1.662    student_top_inst/Core_cpu/cpu_core/id_ex_inst/pc_o[3]_i_11_n_0
    SLICE_X58Y116        CARRY4 (Prop_carry4_S[0]_CO[3])
                                                      0.246    -1.416 r  student_top_inst/Core_cpu/cpu_core/id_ex_inst/pc_o_reg[3]_i_5/CO[3]
                         net (fo=1, routed)           0.000    -1.416    student_top_inst/Core_cpu/cpu_core/id_ex_inst/pc_o_reg[3]_i_5_n_0
    SLICE_X58Y117        CARRY4 (Prop_carry4_CI_CO[3])
                                                      0.054    -1.362 r  student_top_inst/Core_cpu/cpu_core/id_ex_inst/pc_o_reg[7]_i_5/CO[3]
                         net (fo=1, routed)           0.000    -1.362    student_top_inst/Core_cpu/cpu_core/id_ex_inst/pc_o_reg[7]_i_5_n_0
    SLICE_X58Y118        CARRY4 (Prop_carry4_CI_CO[3])
                                                      0.054    -1.308 r  student_top_inst/Core_cpu/cpu_core/id_ex_inst/pc_o_reg[11]_i_5/CO[3]
                         net (fo=1, routed)           0.000    -1.308    student_top_inst/Core_cpu/cpu_core/id_ex_inst/pc_o_reg[11]_i_5_n_0
    SLICE_X58Y119        CARRY4 (Prop_carry4_CI_CO[3])
                                                      0.054    -1.254 r  student_top_inst/Core_cpu/cpu_core/id_ex_inst/pc_o_reg[15]_i_5/CO[3]
                         net (fo=1, routed)           0.000    -1.254    student_top_inst/Core_cpu/cpu_core/id_ex_inst/pc_o_reg[15]_i_5_n_0
    SLICE_X58Y120        CARRY4 (Prop_carry4_CI_CO[3])
                                                      0.054    -1.200 r  student_top_inst/Core_cpu/cpu_core/id_ex_inst/pc_o_reg[19]_i_5/CO[3]
                         net (fo=1, routed)           0.000    -1.200    student_top_inst/Core_cpu/cpu_core/id_ex_inst/pc_o_reg[19]_i_5_n_0
    SLICE_X58Y121        CARRY4 (Prop_carry4_CI_CO[3])
                                                      0.054    -1.146 r  student_top_inst/Core_cpu/cpu_core/id_ex_inst/pc_o_reg[23]_i_5/CO[3]
                         net (fo=1, routed)           0.000    -1.146    student_top_inst/Core_cpu/cpu_core/id_ex_inst/pc_o_reg[23]_i_5_n_0
    SLICE_X58Y122        CARRY4 (Prop_carry4_CI_CO[3])
                                                      0.054    -1.092 r  student_top_inst/Core_cpu/cpu_core/id_ex_inst/pc_o_reg[27]_i_5/CO[3]
                         net (fo=1, routed)           0.000    -1.092    student_top_inst/Core_cpu/cpu_core/id_ex_inst/pc_o_reg[27]_i_5_n_0
    SLICE_X58Y123        CARRY4 (Prop_carry4_CI_O[0])
                                                      0.108    -0.984 f  student_top_inst/Core_cpu/cpu_core/id_ex_inst/pc_o_reg[31]_i_7/O[0]
                         net (fo=2, routed)           0.410    -0.573    student_top_inst/Core_cpu/cpu_core/id_ex_inst/ex_inst/jalr_target_addr[28]
    SLICE_X55Y122        LUT6 (Prop_lut6_I1_O)        0.123    -0.450 r  student_top_inst/Core_cpu/cpu_core/id_ex_inst/jump_en_d1_i_9/O
                         net (fo=1, routed)           0.000    -0.450    student_top_inst/Core_cpu/cpu_core/id_ex_inst/jump_en_d1_i_9_n_0
    SLICE_X55Y122        CARRY4 (Prop_carry4_S[1]_CO[2])
                                                      0.291    -0.159 r  student_top_inst/Core_cpu/cpu_core/id_ex_inst/jump_en_d1_reg_i_6/CO[2]
                         net (fo=1, routed)           0.336     0.177    student_top_inst/Core_cpu/cpu_core/id_ex_inst/ex_inst/jump_en_o2
    SLICE_X53Y120        LUT6 (Prop_lut6_I4_O)        0.129     0.306 f  student_top_inst/Core_cpu/cpu_core/id_ex_inst/jump_en_d1_i_2/O
                         net (fo=1, routed)           0.190     0.496    student_top_inst/Core_cpu/cpu_core/id_ex_inst/jump_en_d1_i_2_n_0
    SLICE_X53Y118        LUT6 (Prop_lut6_I3_O)        0.043     0.539 r  student_top_inst/Core_cpu/cpu_core/id_ex_inst/jump_en_d1_i_1/O
                         net (fo=44, routed)          0.224     0.763    student_top_inst/Core_cpu/cpu_core/ctrl_inst/ex_jump_en_o
    SLICE_X50Y118        LUT4 (Prop_lut4_I2_O)        0.043     0.806 r  student_top_inst/Core_cpu/cpu_core/ctrl_inst/flush_ifid_o_inst__0/O
                         net (fo=215, routed)         0.935     1.742    student_top_inst/Core_cpu/cpu_core/if_id_inst/inst_o_reg[2]_0
    SLICE_X23Y117        FDRE                                         r  student_top_inst/Core_cpu/cpu_core/if_id_inst/pred_target_o_reg[25]/R
  -------------------------------------------------------------------    -------------------

                         (clock clk_out2_pll rise edge)
                                                      4.545     4.545 r  
    AD12                                              0.000     4.545 r  i_sys_clk_p (IN)
                         net (fo=0)                   0.000     4.545    pll_inst/inst/clk_in1_p
    AD12                 IBUFDS (Prop_ibufds_I_O)     0.803     5.349 r  pll_inst/inst/clkin1_ibufgds/O
                         net (fo=1, routed)           1.001     6.350    pll_inst/inst/clk_in1_pll
    PLLE2_ADV_X1Y1       PLLE2_ADV (Prop_plle2_adv_CLKIN1_CLKOUT1)
                                                     -7.261    -0.911 r  pll_inst/inst/plle2_adv_inst/CLKOUT1
                         net (fo=1, routed)           2.003     1.092    pll_inst/inst/clk_out2_pll
    BUFGCTRL_X0Y0        BUFG (Prop_bufg_I_O)         0.083     1.175 r  pll_inst/inst/clkout2_buf/O
                         net (fo=2869, routed)        1.326     2.501    student_top_inst/Core_cpu/cpu_core/if_id_inst/clk_out2
    SLICE_X23Y117        FDRE                                         r  student_top_inst/Core_cpu/cpu_core/if_id_inst/pred_target_o_reg[25]/C
                         clock pessimism             -0.375     2.126    
                         clock uncertainty           -0.064     2.062    
    SLICE_X23Y117        FDRE (Setup_fdre_C_R)       -0.304     1.758    student_top_inst/Core_cpu/cpu_core/if_id_inst/pred_target_o_reg[25]
  -------------------------------------------------------------------
                         required time                          1.758    
                         arrival time                          -1.742    
  -------------------------------------------------------------------
                         slack                                  0.017    

Slack (MET) :             0.017ns  (required time - arrival time)
  Source:                 student_top_inst/Core_cpu/cpu_core/id_ex_inst/jump_offset_o_reg[0]/C
                            (rising edge-triggered cell FDRE clocked by clk_out2_pll  {rise@0.000ns fall@2.273ns period=4.545ns})
  Destination:            student_top_inst/Core_cpu/cpu_core/if_id_inst/pred_target_o_reg[25]/R
                            (rising edge-triggered cell FDRE clocked by clk_out2_pll  {rise@0.000ns fall@2.273ns period=4.545ns})
  Path Group:             clk_out2_pll
  Path Type:              Setup (Max at Slow Process Corner)
  Requirement:            4.545ns  (clk_out2_pll rise@4.545ns - clk_out2_pll rise@0.000ns)
  Data Path Delay:        4.186ns  (logic 1.637ns (39.107%)  route 2.549ns (60.893%))
  Logic Levels:           14  (CARRY4=9 LUT2=1 LUT4=1 LUT6=3)
  Clock Path Skew:        0.025ns (DCD - SCD + CPR)
    Destination Clock Delay (DCD):    -2.045ns = ( 2.501 - 4.545 ) 
    Source Clock Delay      (SCD):    -2.444ns
    Clock Pessimism Removal (CPR):    -0.375ns
  Clock Uncertainty:      0.064ns  ((TSJ^2 + DJ^2)^1/2) / 2 + PE
    Total System Jitter     (TSJ):    0.071ns
    Discrete Jitter          (DJ):    0.106ns
    Phase Error              (PE):    0.000ns

    Location             Delay type                Incr(ns)  Path(ns)    Netlist Resource(s)
  -------------------------------------------------------------------    -------------------
                         (clock clk_out2_pll rise edge)
                                                      0.000     0.000 r  
    AD12                                              0.000     0.000 r  i_sys_clk_p (IN)
                         net (fo=0)                   0.000     0.000    pll_inst/inst/clk_in1_p
    AD12                 IBUFDS (Prop_ibufds_I_O)     0.906     0.906 r  pll_inst/inst/clkin1_ibufgds/O
                         net (fo=1, routed)           1.098     2.004    pll_inst/inst/clk_in1_pll
    PLLE2_ADV_X1Y1       PLLE2_ADV (Prop_plle2_adv_CLKIN1_CLKOUT1)
                                                     -8.058    -6.054 r  pll_inst/inst/plle2_adv_inst/CLKOUT1
                         net (fo=1, routed)           2.128    -3.926    pll_inst/inst/clk_out2_pll
    BUFGCTRL_X0Y0        BUFG (Prop_bufg_I_O)         0.093    -3.833 r  pll_inst/inst/clkout2_buf/O
                         net (fo=2869, routed)        1.389    -2.444    student_top_inst/Core_cpu/cpu_core/id_ex_inst/clk_out2
    SLICE_X59Y113        FDRE                                         r  student_top_inst/Core_cpu/cpu_core/id_ex_inst/jump_offset_o_reg[0]/C
  -------------------------------------------------------------------    -------------------
    SLICE_X59Y113        FDRE (Prop_fdre_C_Q)         0.204    -2.240 f  student_top_inst/Core_cpu/cpu_core/id_ex_inst/jump_offset_o_reg[0]/Q
                         net (fo=3, routed)           0.453    -1.788    student_top_inst/Core_cpu/cpu_core/id_ex_inst/jump_offset_o_reg[31]_0[0]
    SLICE_X58Y116        LUT2 (Prop_lut2_I1_O)        0.126    -1.662 r  student_top_inst/Core_cpu/cpu_core/id_ex_inst/pc_o[3]_i_11/O
                         net (fo=1, routed)           0.000    -1.662    student_top_inst/Core_cpu/cpu_core/id_ex_inst/pc_o[3]_i_11_n_0
    SLICE_X58Y116        CARRY4 (Prop_carry4_S[0]_CO[3])
                                                      0.246    -1.416 r  student_top_inst/Core_cpu/cpu_core/id_ex_inst/pc_o_reg[3]_i_5/CO[3]
                         net (fo=1, routed)           0.000    -1.416    student_top_inst/Core_cpu/cpu_core/id_ex_inst/pc_o_reg[3]_i_5_n_0
    SLICE_X58Y117        CARRY4 (Prop_carry4_CI_CO[3])
                                                      0.054    -1.362 r  student_top_inst/Core_cpu/cpu_core/id_ex_inst/pc_o_reg[7]_i_5/CO[3]
                         net (fo=1, routed)           0.000    -1.362    student_top_inst/Core_cpu/cpu_core/id_ex_inst/pc_o_reg[7]_i_5_n_0
    SLICE_X58Y118        CARRY4 (Prop_carry4_CI_CO[3])
                                                      0.054    -1.308 r  student_top_inst/Core_cpu/cpu_core/id_ex_inst/pc_o_reg[11]_i_5/CO[3]
                         net (fo=1, routed)           0.000    -1.308    student_top_inst/Core_cpu/cpu_core/id_ex_inst/pc_o_reg[11]_i_5_n_0
    SLICE_X58Y119        CARRY4 (Prop_carry4_CI_CO[3])
                                                      0.054    -1.254 r  student_top_inst/Core_cpu/cpu_core/id_ex_inst/pc_o_reg[15]_i_5/CO[3]
                         net (fo=1, routed)           0.000    -1.254    student_top_inst/Core_cpu/cpu_core/id_ex_inst/pc_o_reg[15]_i_5_n_0
    SLICE_X58Y120        CARRY4 (Prop_carry4_CI_CO[3])
                                                      0.054    -1.200 r  student_top_inst/Core_cpu/cpu_core/id_ex_inst/pc_o_reg[19]_i_5/CO[3]
                         net (fo=1, routed)           0.000    -1.200    student_top_inst/Core_cpu/cpu_core/id_ex_inst/pc_o_reg[19]_i_5_n_0
    SLICE_X58Y121        CARRY4 (Prop_carry4_CI_CO[3])
                                                      0.054    -1.146 r  student_top_inst/Core_cpu/cpu_core/id_ex_inst/pc_o_reg[23]_i_5/CO[3]
                         net (fo=1, routed)           0.000    -1.146    student_top_inst/Core_cpu/cpu_core/id_ex_inst/pc_o_reg[23]_i_5_n_0
    SLICE_X58Y122        CARRY4 (Prop_carry4_CI_CO[3])
                                                      0.054    -1.092 r  student_top_inst/Core_cpu/cpu_core/id_ex_inst/pc_o_reg[27]_i_5/CO[3]
                         net (fo=1, routed)           0.000    -1.092    student_top_inst/Core_cpu/cpu_core/id_ex_inst/pc_o_reg[27]_i_5_n_0
    SLICE_X58Y123        CARRY4 (Prop_carry4_CI_O[0])
                                                      0.108    -0.984 f  student_top_inst/Core_cpu/cpu_core/id_ex_inst/pc_o_reg[31]_i_7/O[0]
                         net (fo=2, routed)           0.410    -0.573    student_top_inst/Core_cpu/cpu_core/id_ex_inst/ex_inst/jalr_target_addr[28]
    SLICE_X55Y122        LUT6 (Prop_lut6_I1_O)        0.123    -0.450 r  student_top_inst/Core_cpu/cpu_core/id_ex_inst/jump_en_d1_i_9/O
                         net (fo=1, routed)           0.000    -0.450    student_top_inst/Core_cpu/cpu_core/id_ex_inst/jump_en_d1_i_9_n_0
    SLICE_X55Y122        CARRY4 (Prop_carry4_S[1]_CO[2])
                                                      0.291    -0.159 r  student_top_inst/Core_cpu/cpu_core/id_ex_inst/jump_en_d1_reg_i_6/CO[2]
                         net (fo=1, routed)           0.336     0.177    student_top_inst/Core_cpu/cpu_core/id_ex_inst/ex_inst/jump_en_o2
    SLICE_X53Y120        LUT6 (Prop_lut6_I4_O)        0.129     0.306 f  student_top_inst/Core_cpu/cpu_core/id_ex_inst/jump_en_d1_i_2/O
                         net (fo=1, routed)           0.190     0.496    student_top_inst/Core_cpu/cpu_core/id_ex_inst/jump_en_d1_i_2_n_0
    SLICE_X53Y118        LUT6 (Prop_lut6_I3_O)        0.043     0.539 r  student_top_inst/Core_cpu/cpu_core/id_ex_inst/jump_en_d1_i_1/O
                         net (fo=44, routed)          0.224     0.763    student_top_inst/Core_cpu/cpu_core/ctrl_inst/ex_jump_en_o
    SLICE_X50Y118        LUT4 (Prop_lut4_I2_O)        0.043     0.806 r  student_top_inst/Core_cpu/cpu_core/ctrl_inst/flush_ifid_o_inst__0/O
                         net (fo=215, routed)         0.935     1.742    student_top_inst/Core_cpu/cpu_core/if_id_inst/inst_o_reg[2]_0
    SLICE_X23Y117        FDRE                                         r  student_top_inst/Core_cpu/cpu_core/if_id_inst/pred_target_o_reg[25]/R
  -------------------------------------------------------------------    -------------------

                         (clock clk_out2_pll rise edge)
                                                      4.545     4.545 r  
    AD12                                              0.000     4.545 r  i_sys_clk_p (IN)
                         net (fo=0)                   0.000     4.545    pll_inst/inst/clk_in1_p
    AD12                 IBUFDS (Prop_ibufds_I_O)     0.803     5.349 r  pll_inst/inst/clkin1_ibufgds/O
                         net (fo=1, routed)           1.001     6.350    pll_inst/inst/clk_in1_pll
    PLLE2_ADV_X1Y1       PLLE2_ADV (Prop_plle2_adv_CLKIN1_CLKOUT1)
                                                     -7.261    -0.911 r  pll_inst/inst/plle2_adv_inst/CLKOUT1
                         net (fo=1, routed)           2.003     1.092    pll_inst/inst/clk_out2_pll
    BUFGCTRL_X0Y0        BUFG (Prop_bufg_I_O)         0.083     1.175 r  pll_inst/inst/clkout2_buf/O
                         net (fo=2869, routed)        1.326     2.501    student_top_inst/Core_cpu/cpu_core/if_id_inst/clk_out2
    SLICE_X23Y117        FDRE                                         r  student_top_inst/Core_cpu/cpu_core/if_id_inst/pred_target_o_reg[25]/C
                         clock pessimism             -0.375     2.126    
                         clock uncertainty           -0.064     2.062    
    SLICE_X23Y117        FDRE (Setup_fdre_C_R)       -0.304     1.758    student_top_inst/Core_cpu/cpu_core/if_id_inst/pred_target_o_reg[25]
  -------------------------------------------------------------------
                         required time                          1.758    
                         arrival time                          -1.742    
  -------------------------------------------------------------------
                         slack                                  0.017    

Slack (MET) :             0.017ns  (required time - arrival time)
  Source:                 student_top_inst/Core_cpu/cpu_core/id_ex_inst/jump_offset_o_reg[0]/C
                            (rising edge-triggered cell FDRE clocked by clk_out2_pll  {rise@0.000ns fall@2.273ns period=4.545ns})
  Destination:            student_top_inst/Core_cpu/cpu_core/if_id_inst/pred_target_o_reg[25]/R
                            (rising edge-triggered cell FDRE clocked by clk_out2_pll  {rise@0.000ns fall@2.273ns period=4.545ns})
  Path Group:             clk_out2_pll
  Path Type:              Setup (Max at Slow Process Corner)
  Requirement:            4.545ns  (clk_out2_pll rise@4.545ns - clk_out2_pll rise@0.000ns)
  Data Path Delay:        4.186ns  (logic 1.637ns (39.107%)  route 2.549ns (60.893%))
  Logic Levels:           14  (CARRY4=9 LUT2=1 LUT4=1 LUT6=3)
  Clock Path Skew:        0.025ns (DCD - SCD + CPR)
    Destination Clock Delay (DCD):    -2.045ns = ( 2.501 - 4.545 ) 
    Source Clock Delay      (SCD):    -2.444ns
    Clock Pessimism Removal (CPR):    -0.375ns
  Clock Uncertainty:      0.064ns  ((TSJ^2 + DJ^2)^1/2) / 2 + PE
    Total System Jitter     (TSJ):    0.071ns
    Discrete Jitter          (DJ):    0.106ns
    Phase Error              (PE):    0.000ns

    Location             Delay type                Incr(ns)  Path(ns)    Netlist Resource(s)
  -------------------------------------------------------------------    -------------------
                         (clock clk_out2_pll rise edge)
                                                      0.000     0.000 r  
    AD12                                              0.000     0.000 r  i_sys_clk_p (IN)
                         net (fo=0)                   0.000     0.000    pll_inst/inst/clk_in1_p
    AD12                 IBUFDS (Prop_ibufds_I_O)     0.906     0.906 r  pll_inst/inst/clkin1_ibufgds/O
                         net (fo=1, routed)           1.098     2.004    pll_inst/inst/clk_in1_pll
    PLLE2_ADV_X1Y1       PLLE2_ADV (Prop_plle2_adv_CLKIN1_CLKOUT1)
                                                     -8.058    -6.054 r  pll_inst/inst/plle2_adv_inst/CLKOUT1
                         net (fo=1, routed)           2.128    -3.926    pll_inst/inst/clk_out2_pll
    BUFGCTRL_X0Y0        BUFG (Prop_bufg_I_O)         0.093    -3.833 r  pll_inst/inst/clkout2_buf/O
                         net (fo=2869, routed)        1.389    -2.444    student_top_inst/Core_cpu/cpu_core/id_ex_inst/clk_out2
    SLICE_X59Y113        FDRE                                         r  student_top_inst/Core_cpu/cpu_core/id_ex_inst/jump_offset_o_reg[0]/C
  -------------------------------------------------------------------    -------------------
    SLICE_X59Y113        FDRE (Prop_fdre_C_Q)         0.204    -2.240 r  student_top_inst/Core_cpu/cpu_core/id_ex_inst/jump_offset_o_reg[0]/Q
                         net (fo=3, routed)           0.453    -1.788    student_top_inst/Core_cpu/cpu_core/id_ex_inst/jump_offset_o_reg[31]_0[0]
    SLICE_X58Y116        LUT2 (Prop_lut2_I1_O)        0.126    -1.662 r  student_top_inst/Core_cpu/cpu_core/id_ex_inst/pc_o[3]_i_11/O
                         net (fo=1, routed)           0.000    -1.662    student_top_inst/Core_cpu/cpu_core/id_ex_inst/pc_o[3]_i_11_n_0
    SLICE_X58Y116        CARRY4 (Prop_carry4_S[0]_CO[3])
                                                      0.246    -1.416 r  student_top_inst/Core_cpu/cpu_core/id_ex_inst/pc_o_reg[3]_i_5/CO[3]
                         net (fo=1, routed)           0.000    -1.416    student_top_inst/Core_cpu/cpu_core/id_ex_inst/pc_o_reg[3]_i_5_n_0
    SLICE_X58Y117        CARRY4 (Prop_carry4_CI_CO[3])
                                                      0.054    -1.362 r  student_top_inst/Core_cpu/cpu_core/id_ex_inst/pc_o_reg[7]_i_5/CO[3]
                         net (fo=1, routed)           0.000    -1.362    student_top_inst/Core_cpu/cpu_core/id_ex_inst/pc_o_reg[7]_i_5_n_0
    SLICE_X58Y118        CARRY4 (Prop_carry4_CI_CO[3])
                                                      0.054    -1.308 r  student_top_inst/Core_cpu/cpu_core/id_ex_inst/pc_o_reg[11]_i_5/CO[3]
                         net (fo=1, routed)           0.000    -1.308    student_top_inst/Core_cpu/cpu_core/id_ex_inst/pc_o_reg[11]_i_5_n_0
    SLICE_X58Y119        CARRY4 (Prop_carry4_CI_CO[3])
                                                      0.054    -1.254 r  student_top_inst/Core_cpu/cpu_core/id_ex_inst/pc_o_reg[15]_i_5/CO[3]
                         net (fo=1, routed)           0.000    -1.254    student_top_inst/Core_cpu/cpu_core/id_ex_inst/pc_o_reg[15]_i_5_n_0
    SLICE_X58Y120        CARRY4 (Prop_carry4_CI_CO[3])
                                                      0.054    -1.200 r  student_top_inst/Core_cpu/cpu_core/id_ex_inst/pc_o_reg[19]_i_5/CO[3]
                         net (fo=1, routed)           0.000    -1.200    student_top_inst/Core_cpu/cpu_core/id_ex_inst/pc_o_reg[19]_i_5_n_0
    SLICE_X58Y121        CARRY4 (Prop_carry4_CI_CO[3])
                                                      0.054    -1.146 r  student_top_inst/Core_cpu/cpu_core/id_ex_inst/pc_o_reg[23]_i_5/CO[3]
                         net (fo=1, routed)           0.000    -1.146    student_top_inst/Core_cpu/cpu_core/id_ex_inst/pc_o_reg[23]_i_5_n_0
    SLICE_X58Y122        CARRY4 (Prop_carry4_CI_CO[3])
                                                      0.054    -1.092 r  student_top_inst/Core_cpu/cpu_core/id_ex_inst/pc_o_reg[27]_i_5/CO[3]
                         net (fo=1, routed)           0.000    -1.092    student_top_inst/Core_cpu/cpu_core/id_ex_inst/pc_o_reg[27]_i_5_n_0
    SLICE_X58Y123        CARRY4 (Prop_carry4_CI_O[0])
                                                      0.108    -0.984 r  student_top_inst/Core_cpu/cpu_core/id_ex_inst/pc_o_reg[31]_i_7/O[0]
                         net (fo=2, routed)           0.410    -0.573    student_top_inst/Core_cpu/cpu_core/id_ex_inst/ex_inst/jalr_target_addr[28]
    SLICE_X55Y122        LUT6 (Prop_lut6_I1_O)        0.123    -0.450 f  student_top_inst/Core_cpu/cpu_core/id_ex_inst/jump_en_d1_i_9/O
                         net (fo=1, routed)           0.000    -0.450    student_top_inst/Core_cpu/cpu_core/id_ex_inst/jump_en_d1_i_9_n_0
    SLICE_X55Y122        CARRY4 (Prop_carry4_S[1]_CO[2])
                                                      0.291    -0.159 r  student_top_inst/Core_cpu/cpu_core/id_ex_inst/jump_en_d1_reg_i_6/CO[2]
                         net (fo=1, routed)           0.336     0.177    student_top_inst/Core_cpu/cpu_core/id_ex_inst/ex_inst/jump_en_o2
    SLICE_X53Y120        LUT6 (Prop_lut6_I4_O)        0.129     0.306 f  student_top_inst/Core_cpu/cpu_core/id_ex_inst/jump_en_d1_i_2/O
                         net (fo=1, routed)           0.190     0.496    student_top_inst/Core_cpu/cpu_core/id_ex_inst/jump_en_d1_i_2_n_0
    SLICE_X53Y118        LUT6 (Prop_lut6_I3_O)        0.043     0.539 r  student_top_inst/Core_cpu/cpu_core/id_ex_inst/jump_en_d1_i_1/O
                         net (fo=44, routed)          0.224     0.763    student_top_inst/Core_cpu/cpu_core/ctrl_inst/ex_jump_en_o
    SLICE_X50Y118        LUT4 (Prop_lut4_I2_O)        0.043     0.806 r  student_top_inst/Core_cpu/cpu_core/ctrl_inst/flush_ifid_o_inst__0/O
                         net (fo=215, routed)         0.935     1.742    student_top_inst/Core_cpu/cpu_core/if_id_inst/inst_o_reg[2]_0
    SLICE_X23Y117        FDRE                                         r  student_top_inst/Core_cpu/cpu_core/if_id_inst/pred_target_o_reg[25]/R
  -------------------------------------------------------------------    -------------------

                         (clock clk_out2_pll rise edge)
                                                      4.545     4.545 r  
    AD12                                              0.000     4.545 r  i_sys_clk_p (IN)
                         net (fo=0)                   0.000     4.545    pll_inst/inst/clk_in1_p
    AD12                 IBUFDS (Prop_ibufds_I_O)     0.803     5.349 r  pll_inst/inst/clkin1_ibufgds/O
                         net (fo=1, routed)           1.001     6.350    pll_inst/inst/clk_in1_pll
    PLLE2_ADV_X1Y1       PLLE2_ADV (Prop_plle2_adv_CLKIN1_CLKOUT1)
                                                     -7.261    -0.911 r  pll_inst/inst/plle2_adv_inst/CLKOUT1
                         net (fo=1, routed)           2.003     1.092    pll_inst/inst/clk_out2_pll
    BUFGCTRL_X0Y0        BUFG (Prop_bufg_I_O)         0.083     1.175 r  pll_inst/inst/clkout2_buf/O
                         net (fo=2869, routed)        1.326     2.501    student_top_inst/Core_cpu/cpu_core/if_id_inst/clk_out2
    SLICE_X23Y117        FDRE                                         r  student_top_inst/Core_cpu/cpu_core/if_id_inst/pred_target_o_reg[25]/C
                         clock pessimism             -0.375     2.126    
                         clock uncertainty           -0.064     2.062    
    SLICE_X23Y117        FDRE (Setup_fdre_C_R)       -0.304     1.758    student_top_inst/Core_cpu/cpu_core/if_id_inst/pred_target_o_reg[25]
  -------------------------------------------------------------------
                         required time                          1.758    
                         arrival time                          -1.742    
  -------------------------------------------------------------------
                         slack                                  0.017    

Slack (MET) :             0.017ns  (required time - arrival time)
  Source:                 student_top_inst/Core_cpu/cpu_core/id_ex_inst/jump_offset_o_reg[0]/C
                            (rising edge-triggered cell FDRE clocked by clk_out2_pll  {rise@0.000ns fall@2.273ns period=4.545ns})
  Destination:            student_top_inst/Core_cpu/cpu_core/if_id_inst/pred_target_o_reg[25]/R
                            (rising edge-triggered cell FDRE clocked by clk_out2_pll  {rise@0.000ns fall@2.273ns period=4.545ns})
  Path Group:             clk_out2_pll
  Path Type:              Setup (Max at Slow Process Corner)
  Requirement:            4.545ns  (clk_out2_pll rise@4.545ns - clk_out2_pll rise@0.000ns)
  Data Path Delay:        4.186ns  (logic 1.637ns (39.107%)  route 2.549ns (60.893%))
  Logic Levels:           14  (CARRY4=9 LUT2=1 LUT4=1 LUT6=3)
  Clock Path Skew:        0.025ns (DCD - SCD + CPR)
    Destination Clock Delay (DCD):    -2.045ns = ( 2.501 - 4.545 ) 
    Source Clock Delay      (SCD):    -2.444ns
    Clock Pessimism Removal (CPR):    -0.375ns
  Clock Uncertainty:      0.064ns  ((TSJ^2 + DJ^2)^1/2) / 2 + PE
    Total System Jitter     (TSJ):    0.071ns
    Discrete Jitter          (DJ):    0.106ns
    Phase Error              (PE):    0.000ns

    Location             Delay type                Incr(ns)  Path(ns)    Netlist Resource(s)
  -------------------------------------------------------------------    -------------------
                         (clock clk_out2_pll rise edge)
                                                      0.000     0.000 r  
    AD12                                              0.000     0.000 r  i_sys_clk_p (IN)
                         net (fo=0)                   0.000     0.000    pll_inst/inst/clk_in1_p
    AD12                 IBUFDS (Prop_ibufds_I_O)     0.906     0.906 r  pll_inst/inst/clkin1_ibufgds/O
                         net (fo=1, routed)           1.098     2.004    pll_inst/inst/clk_in1_pll
    PLLE2_ADV_X1Y1       PLLE2_ADV (Prop_plle2_adv_CLKIN1_CLKOUT1)
                                                     -8.058    -6.054 r  pll_inst/inst/plle2_adv_inst/CLKOUT1
                         net (fo=1, routed)           2.128    -3.926    pll_inst/inst/clk_out2_pll
    BUFGCTRL_X0Y0        BUFG (Prop_bufg_I_O)         0.093    -3.833 r  pll_inst/inst/clkout2_buf/O
                         net (fo=2869, routed)        1.389    -2.444    student_top_inst/Core_cpu/cpu_core/id_ex_inst/clk_out2
    SLICE_X59Y113        FDRE                                         r  student_top_inst/Core_cpu/cpu_core/id_ex_inst/jump_offset_o_reg[0]/C
  -------------------------------------------------------------------    -------------------
    SLICE_X59Y113        FDRE (Prop_fdre_C_Q)         0.204    -2.240 r  student_top_inst/Core_cpu/cpu_core/id_ex_inst/jump_offset_o_reg[0]/Q
                         net (fo=3, routed)           0.453    -1.788    student_top_inst/Core_cpu/cpu_core/id_ex_inst/jump_offset_o_reg[31]_0[0]
    SLICE_X58Y116        LUT2 (Prop_lut2_I1_O)        0.126    -1.662 r  student_top_inst/Core_cpu/cpu_core/id_ex_inst/pc_o[3]_i_11/O
                         net (fo=1, routed)           0.000    -1.662    student_top_inst/Core_cpu/cpu_core/id_ex_inst/pc_o[3]_i_11_n_0
    SLICE_X58Y116        CARRY4 (Prop_carry4_S[0]_CO[3])
                                                      0.246    -1.416 r  student_top_inst/Core_cpu/cpu_core/id_ex_inst/pc_o_reg[3]_i_5/CO[3]
                         net (fo=1, routed)           0.000    -1.416    student_top_inst/Core_cpu/cpu_core/id_ex_inst/pc_o_reg[3]_i_5_n_0
    SLICE_X58Y117        CARRY4 (Prop_carry4_CI_CO[3])
                                                      0.054    -1.362 r  student_top_inst/Core_cpu/cpu_core/id_ex_inst/pc_o_reg[7]_i_5/CO[3]
                         net (fo=1, routed)           0.000    -1.362    student_top_inst/Core_cpu/cpu_core/id_ex_inst/pc_o_reg[7]_i_5_n_0
    SLICE_X58Y118        CARRY4 (Prop_carry4_CI_CO[3])
                                                      0.054    -1.308 r  student_top_inst/Core_cpu/cpu_core/id_ex_inst/pc_o_reg[11]_i_5/CO[3]
                         net (fo=1, routed)           0.000    -1.308    student_top_inst/Core_cpu/cpu_core/id_ex_inst/pc_o_reg[11]_i_5_n_0
    SLICE_X58Y119        CARRY4 (Prop_carry4_CI_CO[3])
                                                      0.054    -1.254 r  student_top_inst/Core_cpu/cpu_core/id_ex_inst/pc_o_reg[15]_i_5/CO[3]
                         net (fo=1, routed)           0.000    -1.254    student_top_inst/Core_cpu/cpu_core/id_ex_inst/pc_o_reg[15]_i_5_n_0
    SLICE_X58Y120        CARRY4 (Prop_carry4_CI_CO[3])
                                                      0.054    -1.200 r  student_top_inst/Core_cpu/cpu_core/id_ex_inst/pc_o_reg[19]_i_5/CO[3]
                         net (fo=1, routed)           0.000    -1.200    student_top_inst/Core_cpu/cpu_core/id_ex_inst/pc_o_reg[19]_i_5_n_0
    SLICE_X58Y121        CARRY4 (Prop_carry4_CI_CO[3])
                                                      0.054    -1.146 r  student_top_inst/Core_cpu/cpu_core/id_ex_inst/pc_o_reg[23]_i_5/CO[3]
                         net (fo=1, routed)           0.000    -1.146    student_top_inst/Core_cpu/cpu_core/id_ex_inst/pc_o_reg[23]_i_5_n_0
    SLICE_X58Y122        CARRY4 (Prop_carry4_CI_CO[3])
                                                      0.054    -1.092 r  student_top_inst/Core_cpu/cpu_core/id_ex_inst/pc_o_reg[27]_i_5/CO[3]
                         net (fo=1, routed)           0.000    -1.092    student_top_inst/Core_cpu/cpu_core/id_ex_inst/pc_o_reg[27]_i_5_n_0
    SLICE_X58Y123        CARRY4 (Prop_carry4_CI_O[0])
                                                      0.108    -0.984 f  student_top_inst/Core_cpu/cpu_core/id_ex_inst/pc_o_reg[31]_i_7/O[0]
                         net (fo=2, routed)           0.410    -0.573    student_top_inst/Core_cpu/cpu_core/id_ex_inst/ex_inst/jalr_target_addr[28]
    SLICE_X55Y122        LUT6 (Prop_lut6_I1_O)        0.123    -0.450 f  student_top_inst/Core_cpu/cpu_core/id_ex_inst/jump_en_d1_i_9/O
                         net (fo=1, routed)           0.000    -0.450    student_top_inst/Core_cpu/cpu_core/id_ex_inst/jump_en_d1_i_9_n_0
    SLICE_X55Y122        CARRY4 (Prop_carry4_S[1]_CO[2])
                                                      0.291    -0.159 r  student_top_inst/Core_cpu/cpu_core/id_ex_inst/jump_en_d1_reg_i_6/CO[2]
                         net (fo=1, routed)           0.336     0.177    student_top_inst/Core_cpu/cpu_core/id_ex_inst/ex_inst/jump_en_o2
    SLICE_X53Y120        LUT6 (Prop_lut6_I4_O)        0.129     0.306 f  student_top_inst/Core_cpu/cpu_core/id_ex_inst/jump_en_d1_i_2/O
                         net (fo=1, routed)           0.190     0.496    student_top_inst/Core_cpu/cpu_core/id_ex_inst/jump_en_d1_i_2_n_0
    SLICE_X53Y118        LUT6 (Prop_lut6_I3_O)        0.043     0.539 r  student_top_inst/Core_cpu/cpu_core/id_ex_inst/jump_en_d1_i_1/O
                         net (fo=44, routed)          0.224     0.763    student_top_inst/Core_cpu/cpu_core/ctrl_inst/ex_jump_en_o
    SLICE_X50Y118        LUT4 (Prop_lut4_I2_O)        0.043     0.806 r  student_top_inst/Core_cpu/cpu_core/ctrl_inst/flush_ifid_o_inst__0/O
                         net (fo=215, routed)         0.935     1.742    student_top_inst/Core_cpu/cpu_core/if_id_inst/inst_o_reg[2]_0
    SLICE_X23Y117        FDRE                                         r  student_top_inst/Core_cpu/cpu_core/if_id_inst/pred_target_o_reg[25]/R
  -------------------------------------------------------------------    -------------------

                         (clock clk_out2_pll rise edge)
                                                      4.545     4.545 r  
    AD12                                              0.000     4.545 r  i_sys_clk_p (IN)
                         net (fo=0)                   0.000     4.545    pll_inst/inst/clk_in1_p
    AD12                 IBUFDS (Prop_ibufds_I_O)     0.803     5.349 r  pll_inst/inst/clkin1_ibufgds/O
                         net (fo=1, routed)           1.001     6.350    pll_inst/inst/clk_in1_pll
    PLLE2_ADV_X1Y1       PLLE2_ADV (Prop_plle2_adv_CLKIN1_CLKOUT1)
                                                     -7.261    -0.911 r  pll_inst/inst/plle2_adv_inst/CLKOUT1
                         net (fo=1, routed)           2.003     1.092    pll_inst/inst/clk_out2_pll
    BUFGCTRL_X0Y0        BUFG (Prop_bufg_I_O)         0.083     1.175 r  pll_inst/inst/clkout2_buf/O
                         net (fo=2869, routed)        1.326     2.501    student_top_inst/Core_cpu/cpu_core/if_id_inst/clk_out2
    SLICE_X23Y117        FDRE                                         r  student_top_inst/Core_cpu/cpu_core/if_id_inst/pred_target_o_reg[25]/C
                         clock pessimism             -0.375     2.126    
                         clock uncertainty           -0.064     2.062    
    SLICE_X23Y117        FDRE (Setup_fdre_C_R)       -0.304     1.758    student_top_inst/Core_cpu/cpu_core/if_id_inst/pred_target_o_reg[25]
  -------------------------------------------------------------------
                         required time                          1.758    
                         arrival time                          -1.742    
  -------------------------------------------------------------------
                         slack                                  0.017    

Slack (MET) :             0.017ns  (required time - arrival time)
  Source:                 student_top_inst/Core_cpu/cpu_core/id_ex_inst/jump_offset_o_reg[0]/C
                            (rising edge-triggered cell FDRE clocked by clk_out2_pll  {rise@0.000ns fall@2.273ns period=4.545ns})
  Destination:            student_top_inst/Core_cpu/cpu_core/if_id_inst/pred_target_o_reg[27]/R
                            (rising edge-triggered cell FDRE clocked by clk_out2_pll  {rise@0.000ns fall@2.273ns period=4.545ns})
  Path Group:             clk_out2_pll
  Path Type:              Setup (Max at Slow Process Corner)
  Requirement:            4.545ns  (clk_out2_pll rise@4.545ns - clk_out2_pll rise@0.000ns)
  Data Path Delay:        4.186ns  (logic 1.637ns (39.107%)  route 2.549ns (60.893%))
  Logic Levels:           14  (CARRY4=9 LUT2=1 LUT4=1 LUT6=3)
  Clock Path Skew:        0.025ns (DCD - SCD + CPR)
    Destination Clock Delay (DCD):    -2.045ns = ( 2.501 - 4.545 ) 
    Source Clock Delay      (SCD):    -2.444ns
    Clock Pessimism Removal (CPR):    -0.375ns
  Clock Uncertainty:      0.064ns  ((TSJ^2 + DJ^2)^1/2) / 2 + PE
    Total System Jitter     (TSJ):    0.071ns
    Discrete Jitter          (DJ):    0.106ns
    Phase Error              (PE):    0.000ns

    Location             Delay type                Incr(ns)  Path(ns)    Netlist Resource(s)
  -------------------------------------------------------------------    -------------------
                         (clock clk_out2_pll rise edge)
                                                      0.000     0.000 r  
    AD12                                              0.000     0.000 r  i_sys_clk_p (IN)
                         net (fo=0)                   0.000     0.000    pll_inst/inst/clk_in1_p
    AD12                 IBUFDS (Prop_ibufds_I_O)     0.906     0.906 r  pll_inst/inst/clkin1_ibufgds/O
                         net (fo=1, routed)           1.098     2.004    pll_inst/inst/clk_in1_pll
    PLLE2_ADV_X1Y1       PLLE2_ADV (Prop_plle2_adv_CLKIN1_CLKOUT1)
                                                     -8.058    -6.054 r  pll_inst/inst/plle2_adv_inst/CLKOUT1
                         net (fo=1, routed)           2.128    -3.926    pll_inst/inst/clk_out2_pll
    BUFGCTRL_X0Y0        BUFG (Prop_bufg_I_O)         0.093    -3.833 r  pll_inst/inst/clkout2_buf/O
                         net (fo=2869, routed)        1.389    -2.444    student_top_inst/Core_cpu/cpu_core/id_ex_inst/clk_out2
    SLICE_X59Y113        FDRE                                         r  student_top_inst/Core_cpu/cpu_core/id_ex_inst/jump_offset_o_reg[0]/C
  -------------------------------------------------------------------    -------------------
    SLICE_X59Y113        FDRE (Prop_fdre_C_Q)         0.204    -2.240 r  student_top_inst/Core_cpu/cpu_core/id_ex_inst/jump_offset_o_reg[0]/Q
                         net (fo=3, routed)           0.453    -1.788    student_top_inst/Core_cpu/cpu_core/id_ex_inst/jump_offset_o_reg[31]_0[0]
    SLICE_X58Y116        LUT2 (Prop_lut2_I1_O)        0.126    -1.662 r  student_top_inst/Core_cpu/cpu_core/id_ex_inst/pc_o[3]_i_11/O
                         net (fo=1, routed)           0.000    -1.662    student_top_inst/Core_cpu/cpu_core/id_ex_inst/pc_o[3]_i_11_n_0
    SLICE_X58Y116        CARRY4 (Prop_carry4_S[0]_CO[3])
                                                      0.246    -1.416 r  student_top_inst/Core_cpu/cpu_core/id_ex_inst/pc_o_reg[3]_i_5/CO[3]
                         net (fo=1, routed)           0.000    -1.416    student_top_inst/Core_cpu/cpu_core/id_ex_inst/pc_o_reg[3]_i_5_n_0
    SLICE_X58Y117        CARRY4 (Prop_carry4_CI_CO[3])
                                                      0.054    -1.362 r  student_top_inst/Core_cpu/cpu_core/id_ex_inst/pc_o_reg[7]_i_5/CO[3]
                         net (fo=1, routed)           0.000    -1.362    student_top_inst/Core_cpu/cpu_core/id_ex_inst/pc_o_reg[7]_i_5_n_0
    SLICE_X58Y118        CARRY4 (Prop_carry4_CI_CO[3])
                                                      0.054    -1.308 r  student_top_inst/Core_cpu/cpu_core/id_ex_inst/pc_o_reg[11]_i_5/CO[3]
                         net (fo=1, routed)           0.000    -1.308    student_top_inst/Core_cpu/cpu_core/id_ex_inst/pc_o_reg[11]_i_5_n_0
    SLICE_X58Y119        CARRY4 (Prop_carry4_CI_CO[3])
                                                      0.054    -1.254 r  student_top_inst/Core_cpu/cpu_core/id_ex_inst/pc_o_reg[15]_i_5/CO[3]
                         net (fo=1, routed)           0.000    -1.254    student_top_inst/Core_cpu/cpu_core/id_ex_inst/pc_o_reg[15]_i_5_n_0
    SLICE_X58Y120        CARRY4 (Prop_carry4_CI_CO[3])
                                                      0.054    -1.200 r  student_top_inst/Core_cpu/cpu_core/id_ex_inst/pc_o_reg[19]_i_5/CO[3]
                         net (fo=1, routed)           0.000    -1.200    student_top_inst/Core_cpu/cpu_core/id_ex_inst/pc_o_reg[19]_i_5_n_0
    SLICE_X58Y121        CARRY4 (Prop_carry4_CI_CO[3])
                                                      0.054    -1.146 r  student_top_inst/Core_cpu/cpu_core/id_ex_inst/pc_o_reg[23]_i_5/CO[3]
                         net (fo=1, routed)           0.000    -1.146    student_top_inst/Core_cpu/cpu_core/id_ex_inst/pc_o_reg[23]_i_5_n_0
    SLICE_X58Y122        CARRY4 (Prop_carry4_CI_CO[3])
                                                      0.054    -1.092 r  student_top_inst/Core_cpu/cpu_core/id_ex_inst/pc_o_reg[27]_i_5/CO[3]
                         net (fo=1, routed)           0.000    -1.092    student_top_inst/Core_cpu/cpu_core/id_ex_inst/pc_o_reg[27]_i_5_n_0
    SLICE_X58Y123        CARRY4 (Prop_carry4_CI_O[0])
                                                      0.108    -0.984 r  student_top_inst/Core_cpu/cpu_core/id_ex_inst/pc_o_reg[31]_i_7/O[0]
                         net (fo=2, routed)           0.410    -0.573    student_top_inst/Core_cpu/cpu_core/id_ex_inst/ex_inst/jalr_target_addr[28]
    SLICE_X55Y122        LUT6 (Prop_lut6_I1_O)        0.123    -0.450 r  student_top_inst/Core_cpu/cpu_core/id_ex_inst/jump_en_d1_i_9/O
                         net (fo=1, routed)           0.000    -0.450    student_top_inst/Core_cpu/cpu_core/id_ex_inst/jump_en_d1_i_9_n_0
    SLICE_X55Y122        CARRY4 (Prop_carry4_S[1]_CO[2])
                                                      0.291    -0.159 r  student_top_inst/Core_cpu/cpu_core/id_ex_inst/jump_en_d1_reg_i_6/CO[2]
                         net (fo=1, routed)           0.336     0.177    student_top_inst/Core_cpu/cpu_core/id_ex_inst/ex_inst/jump_en_o2
    SLICE_X53Y120        LUT6 (Prop_lut6_I4_O)        0.129     0.306 f  student_top_inst/Core_cpu/cpu_core/id_ex_inst/jump_en_d1_i_2/O
                         net (fo=1, routed)           0.190     0.496    student_top_inst/Core_cpu/cpu_core/id_ex_inst/jump_en_d1_i_2_n_0
    SLICE_X53Y118        LUT6 (Prop_lut6_I3_O)        0.043     0.539 r  student_top_inst/Core_cpu/cpu_core/id_ex_inst/jump_en_d1_i_1/O
                         net (fo=44, routed)          0.224     0.763    student_top_inst/Core_cpu/cpu_core/ctrl_inst/ex_jump_en_o
    SLICE_X50Y118        LUT4 (Prop_lut4_I2_O)        0.043     0.806 r  student_top_inst/Core_cpu/cpu_core/ctrl_inst/flush_ifid_o_inst__0/O
                         net (fo=215, routed)         0.935     1.742    student_top_inst/Core_cpu/cpu_core/if_id_inst/inst_o_reg[2]_0
    SLICE_X23Y117        FDRE                                         r  student_top_inst/Core_cpu/cpu_core/if_id_inst/pred_target_o_reg[27]/R
  -------------------------------------------------------------------    -------------------

                         (clock clk_out2_pll rise edge)
                                                      4.545     4.545 r  
    AD12                                              0.000     4.545 r  i_sys_clk_p (IN)
                         net (fo=0)                   0.000     4.545    pll_inst/inst/clk_in1_p
    AD12                 IBUFDS (Prop_ibufds_I_O)     0.803     5.349 r  pll_inst/inst/clkin1_ibufgds/O
                         net (fo=1, routed)           1.001     6.350    pll_inst/inst/clk_in1_pll
    PLLE2_ADV_X1Y1       PLLE2_ADV (Prop_plle2_adv_CLKIN1_CLKOUT1)
                                                     -7.261    -0.911 r  pll_inst/inst/plle2_adv_inst/CLKOUT1
                         net (fo=1, routed)           2.003     1.092    pll_inst/inst/clk_out2_pll
    BUFGCTRL_X0Y0        BUFG (Prop_bufg_I_O)         0.083     1.175 r  pll_inst/inst/clkout2_buf/O
                         net (fo=2869, routed)        1.326     2.501    student_top_inst/Core_cpu/cpu_core/if_id_inst/clk_out2
    SLICE_X23Y117        FDRE                                         r  student_top_inst/Core_cpu/cpu_core/if_id_inst/pred_target_o_reg[27]/C
                         clock pessimism             -0.375     2.126    
                         clock uncertainty           -0.064     2.062    
    SLICE_X23Y117        FDRE (Setup_fdre_C_R)       -0.304     1.758    student_top_inst/Core_cpu/cpu_core/if_id_inst/pred_target_o_reg[27]
  -------------------------------------------------------------------
                         required time                          1.758    
                         arrival time                          -1.742    
  -------------------------------------------------------------------
                         slack                                  0.017    

Slack (MET) :             0.017ns  (required time - arrival time)
  Source:                 student_top_inst/Core_cpu/cpu_core/id_ex_inst/jump_offset_o_reg[0]/C
                            (rising edge-triggered cell FDRE clocked by clk_out2_pll  {rise@0.000ns fall@2.273ns period=4.545ns})
  Destination:            student_top_inst/Core_cpu/cpu_core/if_id_inst/pred_target_o_reg[27]/R
                            (rising edge-triggered cell FDRE clocked by clk_out2_pll  {rise@0.000ns fall@2.273ns period=4.545ns})
  Path Group:             clk_out2_pll
  Path Type:              Setup (Max at Slow Process Corner)
  Requirement:            4.545ns  (clk_out2_pll rise@4.545ns - clk_out2_pll rise@0.000ns)
  Data Path Delay:        4.186ns  (logic 1.637ns (39.107%)  route 2.549ns (60.893%))
  Logic Levels:           14  (CARRY4=9 LUT2=1 LUT4=1 LUT6=3)
  Clock Path Skew:        0.025ns (DCD - SCD + CPR)
    Destination Clock Delay (DCD):    -2.045ns = ( 2.501 - 4.545 ) 
    Source Clock Delay      (SCD):    -2.444ns
    Clock Pessimism Removal (CPR):    -0.375ns
  Clock Uncertainty:      0.064ns  ((TSJ^2 + DJ^2)^1/2) / 2 + PE
    Total System Jitter     (TSJ):    0.071ns
    Discrete Jitter          (DJ):    0.106ns
    Phase Error              (PE):    0.000ns

    Location             Delay type                Incr(ns)  Path(ns)    Netlist Resource(s)
  -------------------------------------------------------------------    -------------------
                         (clock clk_out2_pll rise edge)
                                                      0.000     0.000 r  
    AD12                                              0.000     0.000 r  i_sys_clk_p (IN)
                         net (fo=0)                   0.000     0.000    pll_inst/inst/clk_in1_p
    AD12                 IBUFDS (Prop_ibufds_I_O)     0.906     0.906 r  pll_inst/inst/clkin1_ibufgds/O
                         net (fo=1, routed)           1.098     2.004    pll_inst/inst/clk_in1_pll
    PLLE2_ADV_X1Y1       PLLE2_ADV (Prop_plle2_adv_CLKIN1_CLKOUT1)
                                                     -8.058    -6.054 r  pll_inst/inst/plle2_adv_inst/CLKOUT1
                         net (fo=1, routed)           2.128    -3.926    pll_inst/inst/clk_out2_pll
    BUFGCTRL_X0Y0        BUFG (Prop_bufg_I_O)         0.093    -3.833 r  pll_inst/inst/clkout2_buf/O
                         net (fo=2869, routed)        1.389    -2.444    student_top_inst/Core_cpu/cpu_core/id_ex_inst/clk_out2
    SLICE_X59Y113        FDRE                                         r  student_top_inst/Core_cpu/cpu_core/id_ex_inst/jump_offset_o_reg[0]/C
  -------------------------------------------------------------------    -------------------
    SLICE_X59Y113        FDRE (Prop_fdre_C_Q)         0.204    -2.240 r  student_top_inst/Core_cpu/cpu_core/id_ex_inst/jump_offset_o_reg[0]/Q
                         net (fo=3, routed)           0.453    -1.788    student_top_inst/Core_cpu/cpu_core/id_ex_inst/jump_offset_o_reg[31]_0[0]
    SLICE_X58Y116        LUT2 (Prop_lut2_I1_O)        0.126    -1.662 r  student_top_inst/Core_cpu/cpu_core/id_ex_inst/pc_o[3]_i_11/O
                         net (fo=1, routed)           0.000    -1.662    student_top_inst/Core_cpu/cpu_core/id_ex_inst/pc_o[3]_i_11_n_0
    SLICE_X58Y116        CARRY4 (Prop_carry4_S[0]_CO[3])
                                                      0.246    -1.416 r  student_top_inst/Core_cpu/cpu_core/id_ex_inst/pc_o_reg[3]_i_5/CO[3]
                         net (fo=1, routed)           0.000    -1.416    student_top_inst/Core_cpu/cpu_core/id_ex_inst/pc_o_reg[3]_i_5_n_0
    SLICE_X58Y117        CARRY4 (Prop_carry4_CI_CO[3])
                                                      0.054    -1.362 r  student_top_inst/Core_cpu/cpu_core/id_ex_inst/pc_o_reg[7]_i_5/CO[3]
                         net (fo=1, routed)           0.000    -1.362    student_top_inst/Core_cpu/cpu_core/id_ex_inst/pc_o_reg[7]_i_5_n_0
    SLICE_X58Y118        CARRY4 (Prop_carry4_CI_CO[3])
                                                      0.054    -1.308 r  student_top_inst/Core_cpu/cpu_core/id_ex_inst/pc_o_reg[11]_i_5/CO[3]
                         net (fo=1, routed)           0.000    -1.308    student_top_inst/Core_cpu/cpu_core/id_ex_inst/pc_o_reg[11]_i_5_n_0
    SLICE_X58Y119        CARRY4 (Prop_carry4_CI_CO[3])
                                                      0.054    -1.254 r  student_top_inst/Core_cpu/cpu_core/id_ex_inst/pc_o_reg[15]_i_5/CO[3]
                         net (fo=1, routed)           0.000    -1.254    student_top_inst/Core_cpu/cpu_core/id_ex_inst/pc_o_reg[15]_i_5_n_0
    SLICE_X58Y120        CARRY4 (Prop_carry4_CI_CO[3])
                                                      0.054    -1.200 r  student_top_inst/Core_cpu/cpu_core/id_ex_inst/pc_o_reg[19]_i_5/CO[3]
                         net (fo=1, routed)           0.000    -1.200    student_top_inst/Core_cpu/cpu_core/id_ex_inst/pc_o_reg[19]_i_5_n_0
    SLICE_X58Y121        CARRY4 (Prop_carry4_CI_CO[3])
                                                      0.054    -1.146 r  student_top_inst/Core_cpu/cpu_core/id_ex_inst/pc_o_reg[23]_i_5/CO[3]
                         net (fo=1, routed)           0.000    -1.146    student_top_inst/Core_cpu/cpu_core/id_ex_inst/pc_o_reg[23]_i_5_n_0
    SLICE_X58Y122        CARRY4 (Prop_carry4_CI_CO[3])
                                                      0.054    -1.092 r  student_top_inst/Core_cpu/cpu_core/id_ex_inst/pc_o_reg[27]_i_5/CO[3]
                         net (fo=1, routed)           0.000    -1.092    student_top_inst/Core_cpu/cpu_core/id_ex_inst/pc_o_reg[27]_i_5_n_0
    SLICE_X58Y123        CARRY4 (Prop_carry4_CI_O[0])
                                                      0.108    -0.984 f  student_top_inst/Core_cpu/cpu_core/id_ex_inst/pc_o_reg[31]_i_7/O[0]
                         net (fo=2, routed)           0.410    -0.573    student_top_inst/Core_cpu/cpu_core/id_ex_inst/ex_inst/jalr_target_addr[28]
    SLICE_X55Y122        LUT6 (Prop_lut6_I1_O)        0.123    -0.450 r  student_top_inst/Core_cpu/cpu_core/id_ex_inst/jump_en_d1_i_9/O
                         net (fo=1, routed)           0.000    -0.450    student_top_inst/Core_cpu/cpu_core/id_ex_inst/jump_en_d1_i_9_n_0
    SLICE_X55Y122        CARRY4 (Prop_carry4_S[1]_CO[2])
                                                      0.291    -0.159 r  student_top_inst/Core_cpu/cpu_core/id_ex_inst/jump_en_d1_reg_i_6/CO[2]
                         net (fo=1, routed)           0.336     0.177    student_top_inst/Core_cpu/cpu_core/id_ex_inst/ex_inst/jump_en_o2
    SLICE_X53Y120        LUT6 (Prop_lut6_I4_O)        0.129     0.306 f  student_top_inst/Core_cpu/cpu_core/id_ex_inst/jump_en_d1_i_2/O
                         net (fo=1, routed)           0.190     0.496    student_top_inst/Core_cpu/cpu_core/id_ex_inst/jump_en_d1_i_2_n_0
    SLICE_X53Y118        LUT6 (Prop_lut6_I3_O)        0.043     0.539 r  student_top_inst/Core_cpu/cpu_core/id_ex_inst/jump_en_d1_i_1/O
                         net (fo=44, routed)          0.224     0.763    student_top_inst/Core_cpu/cpu_core/ctrl_inst/ex_jump_en_o
    SLICE_X50Y118        LUT4 (Prop_lut4_I2_O)        0.043     0.806 r  student_top_inst/Core_cpu/cpu_core/ctrl_inst/flush_ifid_o_inst__0/O
                         net (fo=215, routed)         0.935     1.742    student_top_inst/Core_cpu/cpu_core/if_id_inst/inst_o_reg[2]_0
    SLICE_X23Y117        FDRE                                         r  student_top_inst/Core_cpu/cpu_core/if_id_inst/pred_target_o_reg[27]/R
  -------------------------------------------------------------------    -------------------

                         (clock clk_out2_pll rise edge)
                                                      4.545     4.545 r  
    AD12                                              0.000     4.545 r  i_sys_clk_p (IN)
                         net (fo=0)                   0.000     4.545    pll_inst/inst/clk_in1_p
    AD12                 IBUFDS (Prop_ibufds_I_O)     0.803     5.349 r  pll_inst/inst/clkin1_ibufgds/O
                         net (fo=1, routed)           1.001     6.350    pll_inst/inst/clk_in1_pll
    PLLE2_ADV_X1Y1       PLLE2_ADV (Prop_plle2_adv_CLKIN1_CLKOUT1)
                                                     -7.261    -0.911 r  pll_inst/inst/plle2_adv_inst/CLKOUT1
                         net (fo=1, routed)           2.003     1.092    pll_inst/inst/clk_out2_pll
    BUFGCTRL_X0Y0        BUFG (Prop_bufg_I_O)         0.083     1.175 r  pll_inst/inst/clkout2_buf/O
                         net (fo=2869, routed)        1.326     2.501    student_top_inst/Core_cpu/cpu_core/if_id_inst/clk_out2
    SLICE_X23Y117        FDRE                                         r  student_top_inst/Core_cpu/cpu_core/if_id_inst/pred_target_o_reg[27]/C
                         clock pessimism             -0.375     2.126    
                         clock uncertainty           -0.064     2.062    
    SLICE_X23Y117        FDRE (Setup_fdre_C_R)       -0.304     1.758    student_top_inst/Core_cpu/cpu_core/if_id_inst/pred_target_o_reg[27]
  -------------------------------------------------------------------
                         required time                          1.758    
                         arrival time                          -1.742    
  -------------------------------------------------------------------
                         slack                                  0.017    

Slack (MET) :             0.017ns  (required time - arrival time)
  Source:                 student_top_inst/Core_cpu/cpu_core/id_ex_inst/jump_offset_o_reg[0]/C
                            (rising edge-triggered cell FDRE clocked by clk_out2_pll  {rise@0.000ns fall@2.273ns period=4.545ns})
  Destination:            student_top_inst/Core_cpu/cpu_core/if_id_inst/pred_target_o_reg[27]/R
                            (rising edge-triggered cell FDRE clocked by clk_out2_pll  {rise@0.000ns fall@2.273ns period=4.545ns})
  Path Group:             clk_out2_pll
  Path Type:              Setup (Max at Slow Process Corner)
  Requirement:            4.545ns  (clk_out2_pll rise@4.545ns - clk_out2_pll rise@0.000ns)
  Data Path Delay:        4.186ns  (logic 1.637ns (39.107%)  route 2.549ns (60.893%))
  Logic Levels:           14  (CARRY4=9 LUT2=1 LUT4=1 LUT6=3)
  Clock Path Skew:        0.025ns (DCD - SCD + CPR)
    Destination Clock Delay (DCD):    -2.045ns = ( 2.501 - 4.545 ) 
    Source Clock Delay      (SCD):    -2.444ns
    Clock Pessimism Removal (CPR):    -0.375ns
  Clock Uncertainty:      0.064ns  ((TSJ^2 + DJ^2)^1/2) / 2 + PE
    Total System Jitter     (TSJ):    0.071ns
    Discrete Jitter          (DJ):    0.106ns
    Phase Error              (PE):    0.000ns

    Location             Delay type                Incr(ns)  Path(ns)    Netlist Resource(s)
  -------------------------------------------------------------------    -------------------
                         (clock clk_out2_pll rise edge)
                                                      0.000     0.000 r  
    AD12                                              0.000     0.000 r  i_sys_clk_p (IN)
                         net (fo=0)                   0.000     0.000    pll_inst/inst/clk_in1_p
    AD12                 IBUFDS (Prop_ibufds_I_O)     0.906     0.906 r  pll_inst/inst/clkin1_ibufgds/O
                         net (fo=1, routed)           1.098     2.004    pll_inst/inst/clk_in1_pll
    PLLE2_ADV_X1Y1       PLLE2_ADV (Prop_plle2_adv_CLKIN1_CLKOUT1)
                                                     -8.058    -6.054 r  pll_inst/inst/plle2_adv_inst/CLKOUT1
                         net (fo=1, routed)           2.128    -3.926    pll_inst/inst/clk_out2_pll
    BUFGCTRL_X0Y0        BUFG (Prop_bufg_I_O)         0.093    -3.833 r  pll_inst/inst/clkout2_buf/O
                         net (fo=2869, routed)        1.389    -2.444    student_top_inst/Core_cpu/cpu_core/id_ex_inst/clk_out2
    SLICE_X59Y113        FDRE                                         r  student_top_inst/Core_cpu/cpu_core/id_ex_inst/jump_offset_o_reg[0]/C
  -------------------------------------------------------------------    -------------------
    SLICE_X59Y113        FDRE (Prop_fdre_C_Q)         0.204    -2.240 f  student_top_inst/Core_cpu/cpu_core/id_ex_inst/jump_offset_o_reg[0]/Q
                         net (fo=3, routed)           0.453    -1.788    student_top_inst/Core_cpu/cpu_core/id_ex_inst/jump_offset_o_reg[31]_0[0]
    SLICE_X58Y116        LUT2 (Prop_lut2_I1_O)        0.126    -1.662 r  student_top_inst/Core_cpu/cpu_core/id_ex_inst/pc_o[3]_i_11/O
                         net (fo=1, routed)           0.000    -1.662    student_top_inst/Core_cpu/cpu_core/id_ex_inst/pc_o[3]_i_11_n_0
    SLICE_X58Y116        CARRY4 (Prop_carry4_S[0]_CO[3])
                                                      0.246    -1.416 r  student_top_inst/Core_cpu/cpu_core/id_ex_inst/pc_o_reg[3]_i_5/CO[3]
                         net (fo=1, routed)           0.000    -1.416    student_top_inst/Core_cpu/cpu_core/id_ex_inst/pc_o_reg[3]_i_5_n_0
    SLICE_X58Y117        CARRY4 (Prop_carry4_CI_CO[3])
                                                      0.054    -1.362 r  student_top_inst/Core_cpu/cpu_core/id_ex_inst/pc_o_reg[7]_i_5/CO[3]
                         net (fo=1, routed)           0.000    -1.362    student_top_inst/Core_cpu/cpu_core/id_ex_inst/pc_o_reg[7]_i_5_n_0
    SLICE_X58Y118        CARRY4 (Prop_carry4_CI_CO[3])
                                                      0.054    -1.308 r  student_top_inst/Core_cpu/cpu_core/id_ex_inst/pc_o_reg[11]_i_5/CO[3]
                         net (fo=1, routed)           0.000    -1.308    student_top_inst/Core_cpu/cpu_core/id_ex_inst/pc_o_reg[11]_i_5_n_0
    SLICE_X58Y119        CARRY4 (Prop_carry4_CI_CO[3])
                                                      0.054    -1.254 r  student_top_inst/Core_cpu/cpu_core/id_ex_inst/pc_o_reg[15]_i_5/CO[3]
                         net (fo=1, routed)           0.000    -1.254    student_top_inst/Core_cpu/cpu_core/id_ex_inst/pc_o_reg[15]_i_5_n_0
    SLICE_X58Y120        CARRY4 (Prop_carry4_CI_CO[3])
                                                      0.054    -1.200 r  student_top_inst/Core_cpu/cpu_core/id_ex_inst/pc_o_reg[19]_i_5/CO[3]
                         net (fo=1, routed)           0.000    -1.200    student_top_inst/Core_cpu/cpu_core/id_ex_inst/pc_o_reg[19]_i_5_n_0
    SLICE_X58Y121        CARRY4 (Prop_carry4_CI_CO[3])
                                                      0.054    -1.146 r  student_top_inst/Core_cpu/cpu_core/id_ex_inst/pc_o_reg[23]_i_5/CO[3]
                         net (fo=1, routed)           0.000    -1.146    student_top_inst/Core_cpu/cpu_core/id_ex_inst/pc_o_reg[23]_i_5_n_0
    SLICE_X58Y122        CARRY4 (Prop_carry4_CI_CO[3])
                                                      0.054    -1.092 r  student_top_inst/Core_cpu/cpu_core/id_ex_inst/pc_o_reg[27]_i_5/CO[3]
                         net (fo=1, routed)           0.000    -1.092    student_top_inst/Core_cpu/cpu_core/id_ex_inst/pc_o_reg[27]_i_5_n_0
    SLICE_X58Y123        CARRY4 (Prop_carry4_CI_O[0])
                                                      0.108    -0.984 f  student_top_inst/Core_cpu/cpu_core/id_ex_inst/pc_o_reg[31]_i_7/O[0]
                         net (fo=2, routed)           0.410    -0.573    student_top_inst/Core_cpu/cpu_core/id_ex_inst/ex_inst/jalr_target_addr[28]
    SLICE_X55Y122        LUT6 (Prop_lut6_I1_O)        0.123    -0.450 r  student_top_inst/Core_cpu/cpu_core/id_ex_inst/jump_en_d1_i_9/O
                         net (fo=1, routed)           0.000    -0.450    student_top_inst/Core_cpu/cpu_core/id_ex_inst/jump_en_d1_i_9_n_0
    SLICE_X55Y122        CARRY4 (Prop_carry4_S[1]_CO[2])
                                                      0.291    -0.159 r  student_top_inst/Core_cpu/cpu_core/id_ex_inst/jump_en_d1_reg_i_6/CO[2]
                         net (fo=1, routed)           0.336     0.177    student_top_inst/Core_cpu/cpu_core/id_ex_inst/ex_inst/jump_en_o2
    SLICE_X53Y120        LUT6 (Prop_lut6_I4_O)        0.129     0.306 f  student_top_inst/Core_cpu/cpu_core/id_ex_inst/jump_en_d1_i_2/O
                         net (fo=1, routed)           0.190     0.496    student_top_inst/Core_cpu/cpu_core/id_ex_inst/jump_en_d1_i_2_n_0
    SLICE_X53Y118        LUT6 (Prop_lut6_I3_O)        0.043     0.539 r  student_top_inst/Core_cpu/cpu_core/id_ex_inst/jump_en_d1_i_1/O
                         net (fo=44, routed)          0.224     0.763    student_top_inst/Core_cpu/cpu_core/ctrl_inst/ex_jump_en_o
    SLICE_X50Y118        LUT4 (Prop_lut4_I2_O)        0.043     0.806 r  student_top_inst/Core_cpu/cpu_core/ctrl_inst/flush_ifid_o_inst__0/O
                         net (fo=215, routed)         0.935     1.742    student_top_inst/Core_cpu/cpu_core/if_id_inst/inst_o_reg[2]_0
    SLICE_X23Y117        FDRE                                         r  student_top_inst/Core_cpu/cpu_core/if_id_inst/pred_target_o_reg[27]/R
  -------------------------------------------------------------------    -------------------

                         (clock clk_out2_pll rise edge)
                                                      4.545     4.545 r  
    AD12                                              0.000     4.545 r  i_sys_clk_p (IN)
                         net (fo=0)                   0.000     4.545    pll_inst/inst/clk_in1_p
    AD12                 IBUFDS (Prop_ibufds_I_O)     0.803     5.349 r  pll_inst/inst/clkin1_ibufgds/O
                         net (fo=1, routed)           1.001     6.350    pll_inst/inst/clk_in1_pll
    PLLE2_ADV_X1Y1       PLLE2_ADV (Prop_plle2_adv_CLKIN1_CLKOUT1)
                                                     -7.261    -0.911 r  pll_inst/inst/plle2_adv_inst/CLKOUT1
                         net (fo=1, routed)           2.003     1.092    pll_inst/inst/clk_out2_pll
    BUFGCTRL_X0Y0        BUFG (Prop_bufg_I_O)         0.083     1.175 r  pll_inst/inst/clkout2_buf/O
                         net (fo=2869, routed)        1.326     2.501    student_top_inst/Core_cpu/cpu_core/if_id_inst/clk_out2
    SLICE_X23Y117        FDRE                                         r  student_top_inst/Core_cpu/cpu_core/if_id_inst/pred_target_o_reg[27]/C
                         clock pessimism             -0.375     2.126    
                         clock uncertainty           -0.064     2.062    
    SLICE_X23Y117        FDRE (Setup_fdre_C_R)       -0.304     1.758    student_top_inst/Core_cpu/cpu_core/if_id_inst/pred_target_o_reg[27]
  -------------------------------------------------------------------
                         required time                          1.758    
                         arrival time                          -1.742    
  -------------------------------------------------------------------
                         slack                                  0.017    

Slack (MET) :             0.017ns  (required time - arrival time)
  Source:                 student_top_inst/Core_cpu/cpu_core/id_ex_inst/jump_offset_o_reg[0]/C
                            (rising edge-triggered cell FDRE clocked by clk_out2_pll  {rise@0.000ns fall@2.273ns period=4.545ns})
  Destination:            student_top_inst/Core_cpu/cpu_core/if_id_inst/pred_target_o_reg[27]/R
                            (rising edge-triggered cell FDRE clocked by clk_out2_pll  {rise@0.000ns fall@2.273ns period=4.545ns})
  Path Group:             clk_out2_pll
  Path Type:              Setup (Max at Slow Process Corner)
  Requirement:            4.545ns  (clk_out2_pll rise@4.545ns - clk_out2_pll rise@0.000ns)
  Data Path Delay:        4.186ns  (logic 1.637ns (39.107%)  route 2.549ns (60.893%))
  Logic Levels:           14  (CARRY4=9 LUT2=1 LUT4=1 LUT6=3)
  Clock Path Skew:        0.025ns (DCD - SCD + CPR)
    Destination Clock Delay (DCD):    -2.045ns = ( 2.501 - 4.545 ) 
    Source Clock Delay      (SCD):    -2.444ns
    Clock Pessimism Removal (CPR):    -0.375ns
  Clock Uncertainty:      0.064ns  ((TSJ^2 + DJ^2)^1/2) / 2 + PE
    Total System Jitter     (TSJ):    0.071ns
    Discrete Jitter          (DJ):    0.106ns
    Phase Error              (PE):    0.000ns

    Location             Delay type                Incr(ns)  Path(ns)    Netlist Resource(s)
  -------------------------------------------------------------------    -------------------
                         (clock clk_out2_pll rise edge)
                                                      0.000     0.000 r  
    AD12                                              0.000     0.000 r  i_sys_clk_p (IN)
                         net (fo=0)                   0.000     0.000    pll_inst/inst/clk_in1_p
    AD12                 IBUFDS (Prop_ibufds_I_O)     0.906     0.906 r  pll_inst/inst/clkin1_ibufgds/O
                         net (fo=1, routed)           1.098     2.004    pll_inst/inst/clk_in1_pll
    PLLE2_ADV_X1Y1       PLLE2_ADV (Prop_plle2_adv_CLKIN1_CLKOUT1)
                                                     -8.058    -6.054 r  pll_inst/inst/plle2_adv_inst/CLKOUT1
                         net (fo=1, routed)           2.128    -3.926    pll_inst/inst/clk_out2_pll
    BUFGCTRL_X0Y0        BUFG (Prop_bufg_I_O)         0.093    -3.833 r  pll_inst/inst/clkout2_buf/O
                         net (fo=2869, routed)        1.389    -2.444    student_top_inst/Core_cpu/cpu_core/id_ex_inst/clk_out2
    SLICE_X59Y113        FDRE                                         r  student_top_inst/Core_cpu/cpu_core/id_ex_inst/jump_offset_o_reg[0]/C
  -------------------------------------------------------------------    -------------------
    SLICE_X59Y113        FDRE (Prop_fdre_C_Q)         0.204    -2.240 r  student_top_inst/Core_cpu/cpu_core/id_ex_inst/jump_offset_o_reg[0]/Q
                         net (fo=3, routed)           0.453    -1.788    student_top_inst/Core_cpu/cpu_core/id_ex_inst/jump_offset_o_reg[31]_0[0]
    SLICE_X58Y116        LUT2 (Prop_lut2_I1_O)        0.126    -1.662 r  student_top_inst/Core_cpu/cpu_core/id_ex_inst/pc_o[3]_i_11/O
                         net (fo=1, routed)           0.000    -1.662    student_top_inst/Core_cpu/cpu_core/id_ex_inst/pc_o[3]_i_11_n_0
    SLICE_X58Y116        CARRY4 (Prop_carry4_S[0]_CO[3])
                                                      0.246    -1.416 r  student_top_inst/Core_cpu/cpu_core/id_ex_inst/pc_o_reg[3]_i_5/CO[3]
                         net (fo=1, routed)           0.000    -1.416    student_top_inst/Core_cpu/cpu_core/id_ex_inst/pc_o_reg[3]_i_5_n_0
    SLICE_X58Y117        CARRY4 (Prop_carry4_CI_CO[3])
                                                      0.054    -1.362 r  student_top_inst/Core_cpu/cpu_core/id_ex_inst/pc_o_reg[7]_i_5/CO[3]
                         net (fo=1, routed)           0.000    -1.362    student_top_inst/Core_cpu/cpu_core/id_ex_inst/pc_o_reg[7]_i_5_n_0
    SLICE_X58Y118        CARRY4 (Prop_carry4_CI_CO[3])
                                                      0.054    -1.308 r  student_top_inst/Core_cpu/cpu_core/id_ex_inst/pc_o_reg[11]_i_5/CO[3]
                         net (fo=1, routed)           0.000    -1.308    student_top_inst/Core_cpu/cpu_core/id_ex_inst/pc_o_reg[11]_i_5_n_0
    SLICE_X58Y119        CARRY4 (Prop_carry4_CI_CO[3])
                                                      0.054    -1.254 r  student_top_inst/Core_cpu/cpu_core/id_ex_inst/pc_o_reg[15]_i_5/CO[3]
                         net (fo=1, routed)           0.000    -1.254    student_top_inst/Core_cpu/cpu_core/id_ex_inst/pc_o_reg[15]_i_5_n_0
    SLICE_X58Y120        CARRY4 (Prop_carry4_CI_CO[3])
                                                      0.054    -1.200 r  student_top_inst/Core_cpu/cpu_core/id_ex_inst/pc_o_reg[19]_i_5/CO[3]
                         net (fo=1, routed)           0.000    -1.200    student_top_inst/Core_cpu/cpu_core/id_ex_inst/pc_o_reg[19]_i_5_n_0
    SLICE_X58Y121        CARRY4 (Prop_carry4_CI_CO[3])
                                                      0.054    -1.146 r  student_top_inst/Core_cpu/cpu_core/id_ex_inst/pc_o_reg[23]_i_5/CO[3]
                         net (fo=1, routed)           0.000    -1.146    student_top_inst/Core_cpu/cpu_core/id_ex_inst/pc_o_reg[23]_i_5_n_0
    SLICE_X58Y122        CARRY4 (Prop_carry4_CI_CO[3])
                                                      0.054    -1.092 r  student_top_inst/Core_cpu/cpu_core/id_ex_inst/pc_o_reg[27]_i_5/CO[3]
                         net (fo=1, routed)           0.000    -1.092    student_top_inst/Core_cpu/cpu_core/id_ex_inst/pc_o_reg[27]_i_5_n_0
    SLICE_X58Y123        CARRY4 (Prop_carry4_CI_O[0])
                                                      0.108    -0.984 r  student_top_inst/Core_cpu/cpu_core/id_ex_inst/pc_o_reg[31]_i_7/O[0]
                         net (fo=2, routed)           0.410    -0.573    student_top_inst/Core_cpu/cpu_core/id_ex_inst/ex_inst/jalr_target_addr[28]
    SLICE_X55Y122        LUT6 (Prop_lut6_I1_O)        0.123    -0.450 f  student_top_inst/Core_cpu/cpu_core/id_ex_inst/jump_en_d1_i_9/O
                         net (fo=1, routed)           0.000    -0.450    student_top_inst/Core_cpu/cpu_core/id_ex_inst/jump_en_d1_i_9_n_0
    SLICE_X55Y122        CARRY4 (Prop_carry4_S[1]_CO[2])
                                                      0.291    -0.159 r  student_top_inst/Core_cpu/cpu_core/id_ex_inst/jump_en_d1_reg_i_6/CO[2]
                         net (fo=1, routed)           0.336     0.177    student_top_inst/Core_cpu/cpu_core/id_ex_inst/ex_inst/jump_en_o2
    SLICE_X53Y120        LUT6 (Prop_lut6_I4_O)        0.129     0.306 f  student_top_inst/Core_cpu/cpu_core/id_ex_inst/jump_en_d1_i_2/O
                         net (fo=1, routed)           0.190     0.496    student_top_inst/Core_cpu/cpu_core/id_ex_inst/jump_en_d1_i_2_n_0
    SLICE_X53Y118        LUT6 (Prop_lut6_I3_O)        0.043     0.539 r  student_top_inst/Core_cpu/cpu_core/id_ex_inst/jump_en_d1_i_1/O
                         net (fo=44, routed)          0.224     0.763    student_top_inst/Core_cpu/cpu_core/ctrl_inst/ex_jump_en_o
    SLICE_X50Y118        LUT4 (Prop_lut4_I2_O)        0.043     0.806 r  student_top_inst/Core_cpu/cpu_core/ctrl_inst/flush_ifid_o_inst__0/O
                         net (fo=215, routed)         0.935     1.742    student_top_inst/Core_cpu/cpu_core/if_id_inst/inst_o_reg[2]_0
    SLICE_X23Y117        FDRE                                         r  student_top_inst/Core_cpu/cpu_core/if_id_inst/pred_target_o_reg[27]/R
  -------------------------------------------------------------------    -------------------

                         (clock clk_out2_pll rise edge)
                                                      4.545     4.545 r  
    AD12                                              0.000     4.545 r  i_sys_clk_p (IN)
                         net (fo=0)                   0.000     4.545    pll_inst/inst/clk_in1_p
    AD12                 IBUFDS (Prop_ibufds_I_O)     0.803     5.349 r  pll_inst/inst/clkin1_ibufgds/O
                         net (fo=1, routed)           1.001     6.350    pll_inst/inst/clk_in1_pll
    PLLE2_ADV_X1Y1       PLLE2_ADV (Prop_plle2_adv_CLKIN1_CLKOUT1)
                                                     -7.261    -0.911 r  pll_inst/inst/plle2_adv_inst/CLKOUT1
                         net (fo=1, routed)           2.003     1.092    pll_inst/inst/clk_out2_pll
    BUFGCTRL_X0Y0        BUFG (Prop_bufg_I_O)         0.083     1.175 r  pll_inst/inst/clkout2_buf/O
                         net (fo=2869, routed)        1.326     2.501    student_top_inst/Core_cpu/cpu_core/if_id_inst/clk_out2
    SLICE_X23Y117        FDRE                                         r  student_top_inst/Core_cpu/cpu_core/if_id_inst/pred_target_o_reg[27]/C
                         clock pessimism             -0.375     2.126    
                         clock uncertainty           -0.064     2.062    
    SLICE_X23Y117        FDRE (Setup_fdre_C_R)       -0.304     1.758    student_top_inst/Core_cpu/cpu_core/if_id_inst/pred_target_o_reg[27]
  -------------------------------------------------------------------
                         required time                          1.758    
                         arrival time                          -1.742    
  -------------------------------------------------------------------
                         slack                                  0.017    

Slack (MET) :             0.017ns  (required time - arrival time)
  Source:                 student_top_inst/Core_cpu/cpu_core/id_ex_inst/jump_offset_o_reg[0]/C
                            (rising edge-triggered cell FDRE clocked by clk_out2_pll  {rise@0.000ns fall@2.273ns period=4.545ns})
  Destination:            student_top_inst/Core_cpu/cpu_core/if_id_inst/pred_target_o_reg[27]/R
                            (rising edge-triggered cell FDRE clocked by clk_out2_pll  {rise@0.000ns fall@2.273ns period=4.545ns})
  Path Group:             clk_out2_pll
  Path Type:              Setup (Max at Slow Process Corner)
  Requirement:            4.545ns  (clk_out2_pll rise@4.545ns - clk_out2_pll rise@0.000ns)
  Data Path Delay:        4.186ns  (logic 1.637ns (39.107%)  route 2.549ns (60.893%))
  Logic Levels:           14  (CARRY4=9 LUT2=1 LUT4=1 LUT6=3)
  Clock Path Skew:        0.025ns (DCD - SCD + CPR)
    Destination Clock Delay (DCD):    -2.045ns = ( 2.501 - 4.545 ) 
    Source Clock Delay      (SCD):    -2.444ns
    Clock Pessimism Removal (CPR):    -0.375ns
  Clock Uncertainty:      0.064ns  ((TSJ^2 + DJ^2)^1/2) / 2 + PE
    Total System Jitter     (TSJ):    0.071ns
    Discrete Jitter          (DJ):    0.106ns
    Phase Error              (PE):    0.000ns

    Location             Delay type                Incr(ns)  Path(ns)    Netlist Resource(s)
  -------------------------------------------------------------------    -------------------
                         (clock clk_out2_pll rise edge)
                                                      0.000     0.000 r  
    AD12                                              0.000     0.000 r  i_sys_clk_p (IN)
                         net (fo=0)                   0.000     0.000    pll_inst/inst/clk_in1_p
    AD12                 IBUFDS (Prop_ibufds_I_O)     0.906     0.906 r  pll_inst/inst/clkin1_ibufgds/O
                         net (fo=1, routed)           1.098     2.004    pll_inst/inst/clk_in1_pll
    PLLE2_ADV_X1Y1       PLLE2_ADV (Prop_plle2_adv_CLKIN1_CLKOUT1)
                                                     -8.058    -6.054 r  pll_inst/inst/plle2_adv_inst/CLKOUT1
                         net (fo=1, routed)           2.128    -3.926    pll_inst/inst/clk_out2_pll
    BUFGCTRL_X0Y0        BUFG (Prop_bufg_I_O)         0.093    -3.833 r  pll_inst/inst/clkout2_buf/O
                         net (fo=2869, routed)        1.389    -2.444    student_top_inst/Core_cpu/cpu_core/id_ex_inst/clk_out2
    SLICE_X59Y113        FDRE                                         r  student_top_inst/Core_cpu/cpu_core/id_ex_inst/jump_offset_o_reg[0]/C
  -------------------------------------------------------------------    -------------------
    SLICE_X59Y113        FDRE (Prop_fdre_C_Q)         0.204    -2.240 r  student_top_inst/Core_cpu/cpu_core/id_ex_inst/jump_offset_o_reg[0]/Q
                         net (fo=3, routed)           0.453    -1.788    student_top_inst/Core_cpu/cpu_core/id_ex_inst/jump_offset_o_reg[31]_0[0]
    SLICE_X58Y116        LUT2 (Prop_lut2_I1_O)        0.126    -1.662 r  student_top_inst/Core_cpu/cpu_core/id_ex_inst/pc_o[3]_i_11/O
                         net (fo=1, routed)           0.000    -1.662    student_top_inst/Core_cpu/cpu_core/id_ex_inst/pc_o[3]_i_11_n_0
    SLICE_X58Y116        CARRY4 (Prop_carry4_S[0]_CO[3])
                                                      0.246    -1.416 r  student_top_inst/Core_cpu/cpu_core/id_ex_inst/pc_o_reg[3]_i_5/CO[3]
                         net (fo=1, routed)           0.000    -1.416    student_top_inst/Core_cpu/cpu_core/id_ex_inst/pc_o_reg[3]_i_5_n_0
    SLICE_X58Y117        CARRY4 (Prop_carry4_CI_CO[3])
                                                      0.054    -1.362 r  student_top_inst/Core_cpu/cpu_core/id_ex_inst/pc_o_reg[7]_i_5/CO[3]
                         net (fo=1, routed)           0.000    -1.362    student_top_inst/Core_cpu/cpu_core/id_ex_inst/pc_o_reg[7]_i_5_n_0
    SLICE_X58Y118        CARRY4 (Prop_carry4_CI_CO[3])
                                                      0.054    -1.308 r  student_top_inst/Core_cpu/cpu_core/id_ex_inst/pc_o_reg[11]_i_5/CO[3]
                         net (fo=1, routed)           0.000    -1.308    student_top_inst/Core_cpu/cpu_core/id_ex_inst/pc_o_reg[11]_i_5_n_0
    SLICE_X58Y119        CARRY4 (Prop_carry4_CI_CO[3])
                                                      0.054    -1.254 r  student_top_inst/Core_cpu/cpu_core/id_ex_inst/pc_o_reg[15]_i_5/CO[3]
                         net (fo=1, routed)           0.000    -1.254    student_top_inst/Core_cpu/cpu_core/id_ex_inst/pc_o_reg[15]_i_5_n_0
    SLICE_X58Y120        CARRY4 (Prop_carry4_CI_CO[3])
                                                      0.054    -1.200 r  student_top_inst/Core_cpu/cpu_core/id_ex_inst/pc_o_reg[19]_i_5/CO[3]
                         net (fo=1, routed)           0.000    -1.200    student_top_inst/Core_cpu/cpu_core/id_ex_inst/pc_o_reg[19]_i_5_n_0
    SLICE_X58Y121        CARRY4 (Prop_carry4_CI_CO[3])
                                                      0.054    -1.146 r  student_top_inst/Core_cpu/cpu_core/id_ex_inst/pc_o_reg[23]_i_5/CO[3]
                         net (fo=1, routed)           0.000    -1.146    student_top_inst/Core_cpu/cpu_core/id_ex_inst/pc_o_reg[23]_i_5_n_0
    SLICE_X58Y122        CARRY4 (Prop_carry4_CI_CO[3])
                                                      0.054    -1.092 r  student_top_inst/Core_cpu/cpu_core/id_ex_inst/pc_o_reg[27]_i_5/CO[3]
                         net (fo=1, routed)           0.000    -1.092    student_top_inst/Core_cpu/cpu_core/id_ex_inst/pc_o_reg[27]_i_5_n_0
    SLICE_X58Y123        CARRY4 (Prop_carry4_CI_O[0])
                                                      0.108    -0.984 f  student_top_inst/Core_cpu/cpu_core/id_ex_inst/pc_o_reg[31]_i_7/O[0]
                         net (fo=2, routed)           0.410    -0.573    student_top_inst/Core_cpu/cpu_core/id_ex_inst/ex_inst/jalr_target_addr[28]
    SLICE_X55Y122        LUT6 (Prop_lut6_I1_O)        0.123    -0.450 f  student_top_inst/Core_cpu/cpu_core/id_ex_inst/jump_en_d1_i_9/O
                         net (fo=1, routed)           0.000    -0.450    student_top_inst/Core_cpu/cpu_core/id_ex_inst/jump_en_d1_i_9_n_0
    SLICE_X55Y122        CARRY4 (Prop_carry4_S[1]_CO[2])
                                                      0.291    -0.159 r  student_top_inst/Core_cpu/cpu_core/id_ex_inst/jump_en_d1_reg_i_6/CO[2]
                         net (fo=1, routed)           0.336     0.177    student_top_inst/Core_cpu/cpu_core/id_ex_inst/ex_inst/jump_en_o2
    SLICE_X53Y120        LUT6 (Prop_lut6_I4_O)        0.129     0.306 f  student_top_inst/Core_cpu/cpu_core/id_ex_inst/jump_en_d1_i_2/O
                         net (fo=1, routed)           0.190     0.496    student_top_inst/Core_cpu/cpu_core/id_ex_inst/jump_en_d1_i_2_n_0
    SLICE_X53Y118        LUT6 (Prop_lut6_I3_O)        0.043     0.539 r  student_top_inst/Core_cpu/cpu_core/id_ex_inst/jump_en_d1_i_1/O
                         net (fo=44, routed)          0.224     0.763    student_top_inst/Core_cpu/cpu_core/ctrl_inst/ex_jump_en_o
    SLICE_X50Y118        LUT4 (Prop_lut4_I2_O)        0.043     0.806 r  student_top_inst/Core_cpu/cpu_core/ctrl_inst/flush_ifid_o_inst__0/O
                         net (fo=215, routed)         0.935     1.742    student_top_inst/Core_cpu/cpu_core/if_id_inst/inst_o_reg[2]_0
    SLICE_X23Y117        FDRE                                         r  student_top_inst/Core_cpu/cpu_core/if_id_inst/pred_target_o_reg[27]/R
  -------------------------------------------------------------------    -------------------

                         (clock clk_out2_pll rise edge)
                                                      4.545     4.545 r  
    AD12                                              0.000     4.545 r  i_sys_clk_p (IN)
                         net (fo=0)                   0.000     4.545    pll_inst/inst/clk_in1_p
    AD12                 IBUFDS (Prop_ibufds_I_O)     0.803     5.349 r  pll_inst/inst/clkin1_ibufgds/O
                         net (fo=1, routed)           1.001     6.350    pll_inst/inst/clk_in1_pll
    PLLE2_ADV_X1Y1       PLLE2_ADV (Prop_plle2_adv_CLKIN1_CLKOUT1)
                                                     -7.261    -0.911 r  pll_inst/inst/plle2_adv_inst/CLKOUT1
                         net (fo=1, routed)           2.003     1.092    pll_inst/inst/clk_out2_pll
    BUFGCTRL_X0Y0        BUFG (Prop_bufg_I_O)         0.083     1.175 r  pll_inst/inst/clkout2_buf/O
                         net (fo=2869, routed)        1.326     2.501    student_top_inst/Core_cpu/cpu_core/if_id_inst/clk_out2
    SLICE_X23Y117        FDRE                                         r  student_top_inst/Core_cpu/cpu_core/if_id_inst/pred_target_o_reg[27]/C
                         clock pessimism             -0.375     2.126    
                         clock uncertainty           -0.064     2.062    
    SLICE_X23Y117        FDRE (Setup_fdre_C_R)       -0.304     1.758    student_top_inst/Core_cpu/cpu_core/if_id_inst/pred_target_o_reg[27]
  -------------------------------------------------------------------
                         required time                          1.758    
                         arrival time                          -1.742    
  -------------------------------------------------------------------
                         slack                                  0.017    

Slack (MET) :             0.037ns  (required time - arrival time)
  Source:                 student_top_inst/Core_cpu/cpu_core/if_id_inst/inst_o_reg[0]/C
                            (rising edge-triggered cell FDSE clocked by clk_out2_pll  {rise@0.000ns fall@2.273ns period=4.545ns})
  Destination:            student_top_inst/Core_cpu/cpu_core/pc_reg_inst/pc_o_reg[25]/D
                            (rising edge-triggered cell FDRE clocked by clk_out2_pll  {rise@0.000ns fall@2.273ns period=4.545ns})
  Path Group:             clk_out2_pll
  Path Type:              Setup (Max at Slow Process Corner)
  Requirement:            4.545ns  (clk_out2_pll rise@4.545ns - clk_out2_pll rise@0.000ns)
  Data Path Delay:        4.542ns  (logic 0.689ns (15.171%)  route 3.853ns (84.829%))
  Logic Levels:           10  (LUT3=1 LUT4=2 LUT5=1 LUT6=6)
  Clock Path Skew:        0.031ns (DCD - SCD + CPR)
    Destination Clock Delay (DCD):    -2.046ns = ( 2.500 - 4.545 ) 
    Source Clock Delay      (SCD):    -2.451ns
    Clock Pessimism Removal (CPR):    -0.375ns
  Clock Uncertainty:      0.064ns  ((TSJ^2 + DJ^2)^1/2) / 2 + PE
    Total System Jitter     (TSJ):    0.071ns
    Discrete Jitter          (DJ):    0.106ns
    Phase Error              (PE):    0.000ns

    Location             Delay type                Incr(ns)  Path(ns)    Netlist Resource(s)
  -------------------------------------------------------------------    -------------------
                         (clock clk_out2_pll rise edge)
                                                      0.000     0.000 r  
    AD12                                              0.000     0.000 r  i_sys_clk_p (IN)
                         net (fo=0)                   0.000     0.000    pll_inst/inst/clk_in1_p
    AD12                 IBUFDS (Prop_ibufds_I_O)     0.906     0.906 r  pll_inst/inst/clkin1_ibufgds/O
                         net (fo=1, routed)           1.098     2.004    pll_inst/inst/clk_in1_pll
    PLLE2_ADV_X1Y1       PLLE2_ADV (Prop_plle2_adv_CLKIN1_CLKOUT1)
                                                     -8.058    -6.054 r  pll_inst/inst/plle2_adv_inst/CLKOUT1
                         net (fo=1, routed)           2.128    -3.926    pll_inst/inst/clk_out2_pll
    BUFGCTRL_X0Y0        BUFG (Prop_bufg_I_O)         0.093    -3.833 r  pll_inst/inst/clkout2_buf/O
                         net (fo=2869, routed)        1.382    -2.451    student_top_inst/Core_cpu/cpu_core/if_id_inst/clk_out2
    SLICE_X50Y119        FDSE                                         r  student_top_inst/Core_cpu/cpu_core/if_id_inst/inst_o_reg[0]/C
  -------------------------------------------------------------------    -------------------
    SLICE_X50Y119        FDSE (Prop_fdse_C_Q)         0.259    -2.192 f  student_top_inst/Core_cpu/cpu_core/if_id_inst/inst_o_reg[0]/Q
                         net (fo=8, routed)           0.371    -1.822    student_top_inst/Core_cpu/cpu_core/if_id_inst/if_id_inst_o[0]
    SLICE_X51Y117        LUT3 (Prop_lut3_I1_O)        0.043    -1.779 f  student_top_inst/Core_cpu/cpu_core/if_id_inst/op1_o[31]_i_8/O
                         net (fo=10, routed)          0.375    -1.404    student_top_inst/Core_cpu/cpu_core/if_id_inst/op1_o[31]_i_8_n_0
    SLICE_X50Y117        LUT6 (Prop_lut6_I2_O)        0.043    -1.361 f  student_top_inst/Core_cpu/cpu_core/if_id_inst/use_rs1_o_i_4/O
                         net (fo=1, routed)           0.108    -1.254    student_top_inst/Core_cpu/cpu_core/if_id_inst/use_rs1_o_i_4_n_0
    SLICE_X50Y117        LUT6 (Prop_lut6_I2_O)        0.043    -1.211 f  student_top_inst/Core_cpu/cpu_core/if_id_inst/use_rs1_o_i_2/O
                         net (fo=6, routed)           0.356    -0.855    student_top_inst/Core_cpu/cpu_core/if_id_inst/id_use_rs1_o
    SLICE_X52Y117        LUT4 (Prop_lut4_I1_O)        0.043    -0.812 f  student_top_inst/Core_cpu/cpu_core/if_id_inst/flush_ifid_o_inst_i_20/O
                         net (fo=2, routed)           0.217    -0.595    student_top_inst/Core_cpu/cpu_core/mem1_mem2_inst/dff_inst/inst_o[31]_i_6
    SLICE_X53Y117        LUT6 (Prop_lut6_I0_O)        0.043    -0.552 f  student_top_inst/Core_cpu/cpu_core/mem1_mem2_inst/dff_inst/flush_ifid_o_inst_i_19/O
                         net (fo=2, routed)           0.289    -0.263    student_top_inst/Core_cpu/cpu_core/ex_mem_inst/dff_inst/inst_o[31]_i_5_1
    SLICE_X50Y115        LUT6 (Prop_lut6_I5_O)        0.043    -0.220 f  student_top_inst/Core_cpu/cpu_core/ex_mem_inst/dff_inst/flush_ifid_o_inst_i_4/O
                         net (fo=58, routed)          0.654     0.434    student_top_inst/Core_cpu/cpu_core/if_id_inst/branch_offset_o_reg[12]_1
    SLICE_X37Y113        LUT6 (Prop_lut6_I2_O)        0.043     0.477 f  student_top_inst/Core_cpu/cpu_core/if_id_inst/flush_ifid_o_inst_i_1/O
                         net (fo=9, routed)           0.361     0.838    student_top_inst/Core_cpu/cpu_core/if_id_inst/data_o_reg[6]_0
    SLICE_X36Y112        LUT4 (Prop_lut4_I2_O)        0.043     0.881 r  student_top_inst/Core_cpu/cpu_core/if_id_inst/pc_o[31]_i_11/O
                         net (fo=33, routed)          0.769     1.650    student_top_inst/Core_cpu/cpu_core/if_id_inst/bp_fetch_redirect
    SLICE_X23Y119        LUT5 (Prop_lut5_I1_O)        0.043     1.693 r  student_top_inst/Core_cpu/cpu_core/if_id_inst/pc_o[25]_i_4_comp/O
                         net (fo=1, routed)           0.354     2.047    student_top_inst/Core_cpu/cpu_core/id_ex_inst/pc_o_reg[25]_0
    SLICE_X22Y119        LUT6 (Prop_lut6_I3_O)        0.043     2.090 r  student_top_inst/Core_cpu/cpu_core/id_ex_inst/pc_o[25]_i_1/O
                         net (fo=1, routed)           0.000     2.090    student_top_inst/Core_cpu/cpu_core/pc_reg_inst/D[25]
    SLICE_X22Y119        FDRE                                         r  student_top_inst/Core_cpu/cpu_core/pc_reg_inst/pc_o_reg[25]/D
  -------------------------------------------------------------------    -------------------

                         (clock clk_out2_pll rise edge)
                                                      4.545     4.545 r  
    AD12                                              0.000     4.545 r  i_sys_clk_p (IN)
                         net (fo=0)                   0.000     4.545    pll_inst/inst/clk_in1_p
    AD12                 IBUFDS (Prop_ibufds_I_O)     0.803     5.349 r  pll_inst/inst/clkin1_ibufgds/O
                         net (fo=1, routed)           1.001     6.350    pll_inst/inst/clk_in1_pll
    PLLE2_ADV_X1Y1       PLLE2_ADV (Prop_plle2_adv_CLKIN1_CLKOUT1)
                                                     -7.261    -0.911 r  pll_inst/inst/plle2_adv_inst/CLKOUT1
                         net (fo=1, routed)           2.003     1.092    pll_inst/inst/clk_out2_pll
    BUFGCTRL_X0Y0        BUFG (Prop_bufg_I_O)         0.083     1.175 r  pll_inst/inst/clkout2_buf/O
                         net (fo=2869, routed)        1.325     2.500    student_top_inst/Core_cpu/cpu_core/pc_reg_inst/clk_out2
    SLICE_X22Y119        FDRE                                         r  student_top_inst/Core_cpu/cpu_core/pc_reg_inst/pc_o_reg[25]/C
                         clock pessimism             -0.375     2.125    
                         clock uncertainty           -0.064     2.061    
    SLICE_X22Y119        FDRE (Setup_fdre_C_D)        0.066     2.127    student_top_inst/Core_cpu/cpu_core/pc_reg_inst/pc_o_reg[25]
  -------------------------------------------------------------------
                         required time                          2.127    
                         arrival time                          -2.090    
  -------------------------------------------------------------------
                         slack                                  0.037    

Slack (MET) :             0.037ns  (required time - arrival time)
  Source:                 student_top_inst/Core_cpu/cpu_core/if_id_inst/inst_o_reg[0]/C
                            (rising edge-triggered cell FDSE clocked by clk_out2_pll  {rise@0.000ns fall@2.273ns period=4.545ns})
  Destination:            student_top_inst/Core_cpu/cpu_core/pc_reg_inst/pc_o_reg[25]/D
                            (rising edge-triggered cell FDRE clocked by clk_out2_pll  {rise@0.000ns fall@2.273ns period=4.545ns})
  Path Group:             clk_out2_pll
  Path Type:              Setup (Max at Slow Process Corner)
  Requirement:            4.545ns  (clk_out2_pll rise@4.545ns - clk_out2_pll rise@0.000ns)
  Data Path Delay:        4.542ns  (logic 0.689ns (15.171%)  route 3.853ns (84.829%))
  Logic Levels:           10  (LUT3=1 LUT4=2 LUT5=1 LUT6=6)
  Clock Path Skew:        0.031ns (DCD - SCD + CPR)
    Destination Clock Delay (DCD):    -2.046ns = ( 2.500 - 4.545 ) 
    Source Clock Delay      (SCD):    -2.451ns
    Clock Pessimism Removal (CPR):    -0.375ns
  Clock Uncertainty:      0.064ns  ((TSJ^2 + DJ^2)^1/2) / 2 + PE
    Total System Jitter     (TSJ):    0.071ns
    Discrete Jitter          (DJ):    0.106ns
    Phase Error              (PE):    0.000ns

    Location             Delay type                Incr(ns)  Path(ns)    Netlist Resource(s)
  -------------------------------------------------------------------    -------------------
                         (clock clk_out2_pll rise edge)
                                                      0.000     0.000 r  
    AD12                                              0.000     0.000 r  i_sys_clk_p (IN)
                         net (fo=0)                   0.000     0.000    pll_inst/inst/clk_in1_p
    AD12                 IBUFDS (Prop_ibufds_I_O)     0.906     0.906 r  pll_inst/inst/clkin1_ibufgds/O
                         net (fo=1, routed)           1.098     2.004    pll_inst/inst/clk_in1_pll
    PLLE2_ADV_X1Y1       PLLE2_ADV (Prop_plle2_adv_CLKIN1_CLKOUT1)
                                                     -8.058    -6.054 r  pll_inst/inst/plle2_adv_inst/CLKOUT1
                         net (fo=1, routed)           2.128    -3.926    pll_inst/inst/clk_out2_pll
    BUFGCTRL_X0Y0        BUFG (Prop_bufg_I_O)         0.093    -3.833 r  pll_inst/inst/clkout2_buf/O
                         net (fo=2869, routed)        1.382    -2.451    student_top_inst/Core_cpu/cpu_core/if_id_inst/clk_out2
    SLICE_X50Y119        FDSE                                         r  student_top_inst/Core_cpu/cpu_core/if_id_inst/inst_o_reg[0]/C
  -------------------------------------------------------------------    -------------------
    SLICE_X50Y119        FDSE (Prop_fdse_C_Q)         0.259    -2.192 r  student_top_inst/Core_cpu/cpu_core/if_id_inst/inst_o_reg[0]/Q
                         net (fo=8, routed)           0.371    -1.822    student_top_inst/Core_cpu/cpu_core/if_id_inst/if_id_inst_o[0]
    SLICE_X51Y117        LUT3 (Prop_lut3_I1_O)        0.043    -1.779 r  student_top_inst/Core_cpu/cpu_core/if_id_inst/op1_o[31]_i_8/O
                         net (fo=10, routed)          0.375    -1.404    student_top_inst/Core_cpu/cpu_core/if_id_inst/op1_o[31]_i_8_n_0
    SLICE_X50Y117        LUT6 (Prop_lut6_I2_O)        0.043    -1.361 r  student_top_inst/Core_cpu/cpu_core/if_id_inst/use_rs1_o_i_4/O
                         net (fo=1, routed)           0.108    -1.254    student_top_inst/Core_cpu/cpu_core/if_id_inst/use_rs1_o_i_4_n_0
    SLICE_X50Y117        LUT6 (Prop_lut6_I2_O)        0.043    -1.211 r  student_top_inst/Core_cpu/cpu_core/if_id_inst/use_rs1_o_i_2/O
                         net (fo=6, routed)           0.356    -0.855    student_top_inst/Core_cpu/cpu_core/if_id_inst/id_use_rs1_o
    SLICE_X52Y117        LUT4 (Prop_lut4_I1_O)        0.043    -0.812 r  student_top_inst/Core_cpu/cpu_core/if_id_inst/flush_ifid_o_inst_i_20/O
                         net (fo=2, routed)           0.217    -0.595    student_top_inst/Core_cpu/cpu_core/mem1_mem2_inst/dff_inst/inst_o[31]_i_6
    SLICE_X53Y117        LUT6 (Prop_lut6_I0_O)        0.043    -0.552 r  student_top_inst/Core_cpu/cpu_core/mem1_mem2_inst/dff_inst/flush_ifid_o_inst_i_19/O
                         net (fo=2, routed)           0.289    -0.263    student_top_inst/Core_cpu/cpu_core/ex_mem_inst/dff_inst/inst_o[31]_i_5_1
    SLICE_X50Y115        LUT6 (Prop_lut6_I5_O)        0.043    -0.220 r  student_top_inst/Core_cpu/cpu_core/ex_mem_inst/dff_inst/flush_ifid_o_inst_i_4/O
                         net (fo=58, routed)          0.654     0.434    student_top_inst/Core_cpu/cpu_core/if_id_inst/branch_offset_o_reg[12]_1
    SLICE_X37Y113        LUT6 (Prop_lut6_I2_O)        0.043     0.477 r  student_top_inst/Core_cpu/cpu_core/if_id_inst/flush_ifid_o_inst_i_1/O
                         net (fo=9, routed)           0.361     0.838    student_top_inst/Core_cpu/cpu_core/if_id_inst/data_o_reg[6]_0
    SLICE_X36Y112        LUT4 (Prop_lut4_I2_O)        0.043     0.881 f  student_top_inst/Core_cpu/cpu_core/if_id_inst/pc_o[31]_i_11/O
                         net (fo=33, routed)          0.769     1.650    student_top_inst/Core_cpu/cpu_core/if_id_inst/bp_fetch_redirect
    SLICE_X23Y119        LUT5 (Prop_lut5_I1_O)        0.043     1.693 f  student_top_inst/Core_cpu/cpu_core/if_id_inst/pc_o[25]_i_4_comp/O
                         net (fo=1, routed)           0.354     2.047    student_top_inst/Core_cpu/cpu_core/id_ex_inst/pc_o_reg[25]_0
    SLICE_X22Y119        LUT6 (Prop_lut6_I3_O)        0.043     2.090 f  student_top_inst/Core_cpu/cpu_core/id_ex_inst/pc_o[25]_i_1/O
                         net (fo=1, routed)           0.000     2.090    student_top_inst/Core_cpu/cpu_core/pc_reg_inst/D[25]
    SLICE_X22Y119        FDRE                                         f  student_top_inst/Core_cpu/cpu_core/pc_reg_inst/pc_o_reg[25]/D
  -------------------------------------------------------------------    -------------------

                         (clock clk_out2_pll rise edge)
                                                      4.545     4.545 r  
    AD12                                              0.000     4.545 r  i_sys_clk_p (IN)
                         net (fo=0)                   0.000     4.545    pll_inst/inst/clk_in1_p
    AD12                 IBUFDS (Prop_ibufds_I_O)     0.803     5.349 r  pll_inst/inst/clkin1_ibufgds/O
                         net (fo=1, routed)           1.001     6.350    pll_inst/inst/clk_in1_pll
    PLLE2_ADV_X1Y1       PLLE2_ADV (Prop_plle2_adv_CLKIN1_CLKOUT1)
                                                     -7.261    -0.911 r  pll_inst/inst/plle2_adv_inst/CLKOUT1
                         net (fo=1, routed)           2.003     1.092    pll_inst/inst/clk_out2_pll
    BUFGCTRL_X0Y0        BUFG (Prop_bufg_I_O)         0.083     1.175 r  pll_inst/inst/clkout2_buf/O
                         net (fo=2869, routed)        1.325     2.500    student_top_inst/Core_cpu/cpu_core/pc_reg_inst/clk_out2
    SLICE_X22Y119        FDRE                                         r  student_top_inst/Core_cpu/cpu_core/pc_reg_inst/pc_o_reg[25]/C
                         clock pessimism             -0.375     2.125    
                         clock uncertainty           -0.064     2.061    
    SLICE_X22Y119        FDRE (Setup_fdre_C_D)        0.066     2.127    student_top_inst/Core_cpu/cpu_core/pc_reg_inst/pc_o_reg[25]
  -------------------------------------------------------------------
                         required time                          2.127    
                         arrival time                          -2.090    
  -------------------------------------------------------------------
                         slack                                  0.037    

Slack (MET) :             0.040ns  (required time - arrival time)
  Source:                 student_top_inst/Core_cpu/cpu_core/id_ex_inst/jump_offset_o_reg[0]/C
                            (rising edge-triggered cell FDRE clocked by clk_out2_pll  {rise@0.000ns fall@2.273ns period=4.545ns})
  Destination:            student_top_inst/Core_cpu/cpu_core/if_id_inst/hold_pred_target_reg_reg[25]/R
                            (rising edge-triggered cell FDRE clocked by clk_out2_pll  {rise@0.000ns fall@2.273ns period=4.545ns})
  Path Group:             clk_out2_pll
  Path Type:              Setup (Max at Slow Process Corner)
  Requirement:            4.545ns  (clk_out2_pll rise@4.545ns - clk_out2_pll rise@0.000ns)
  Data Path Delay:        4.186ns  (logic 1.637ns (39.107%)  route 2.549ns (60.893%))
  Logic Levels:           14  (CARRY4=9 LUT2=1 LUT4=1 LUT6=3)
  Clock Path Skew:        0.025ns (DCD - SCD + CPR)
    Destination Clock Delay (DCD):    -2.045ns = ( 2.501 - 4.545 ) 
    Source Clock Delay      (SCD):    -2.444ns
    Clock Pessimism Removal (CPR):    -0.375ns
  Clock Uncertainty:      0.064ns  ((TSJ^2 + DJ^2)^1/2) / 2 + PE
    Total System Jitter     (TSJ):    0.071ns
    Discrete Jitter          (DJ):    0.106ns
    Phase Error              (PE):    0.000ns

    Location             Delay type                Incr(ns)  Path(ns)    Netlist Resource(s)
  -------------------------------------------------------------------    -------------------
                         (clock clk_out2_pll rise edge)
                                                      0.000     0.000 r  
    AD12                                              0.000     0.000 r  i_sys_clk_p (IN)
                         net (fo=0)                   0.000     0.000    pll_inst/inst/clk_in1_p
    AD12                 IBUFDS (Prop_ibufds_I_O)     0.906     0.906 r  pll_inst/inst/clkin1_ibufgds/O
                         net (fo=1, routed)           1.098     2.004    pll_inst/inst/clk_in1_pll
    PLLE2_ADV_X1Y1       PLLE2_ADV (Prop_plle2_adv_CLKIN1_CLKOUT1)
                                                     -8.058    -6.054 r  pll_inst/inst/plle2_adv_inst/CLKOUT1
                         net (fo=1, routed)           2.128    -3.926    pll_inst/inst/clk_out2_pll
    BUFGCTRL_X0Y0        BUFG (Prop_bufg_I_O)         0.093    -3.833 r  pll_inst/inst/clkout2_buf/O
                         net (fo=2869, routed)        1.389    -2.444    student_top_inst/Core_cpu/cpu_core/id_ex_inst/clk_out2
    SLICE_X59Y113        FDRE                                         r  student_top_inst/Core_cpu/cpu_core/id_ex_inst/jump_offset_o_reg[0]/C
  -------------------------------------------------------------------    -------------------
    SLICE_X59Y113        FDRE (Prop_fdre_C_Q)         0.204    -2.240 r  student_top_inst/Core_cpu/cpu_core/id_ex_inst/jump_offset_o_reg[0]/Q
                         net (fo=3, routed)           0.453    -1.788    student_top_inst/Core_cpu/cpu_core/id_ex_inst/jump_offset_o_reg[31]_0[0]
    SLICE_X58Y116        LUT2 (Prop_lut2_I1_O)        0.126    -1.662 r  student_top_inst/Core_cpu/cpu_core/id_ex_inst/pc_o[3]_i_11/O
                         net (fo=1, routed)           0.000    -1.662    student_top_inst/Core_cpu/cpu_core/id_ex_inst/pc_o[3]_i_11_n_0
    SLICE_X58Y116        CARRY4 (Prop_carry4_S[0]_CO[3])
                                                      0.246    -1.416 r  student_top_inst/Core_cpu/cpu_core/id_ex_inst/pc_o_reg[3]_i_5/CO[3]
                         net (fo=1, routed)           0.000    -1.416    student_top_inst/Core_cpu/cpu_core/id_ex_inst/pc_o_reg[3]_i_5_n_0
    SLICE_X58Y117        CARRY4 (Prop_carry4_CI_CO[3])
                                                      0.054    -1.362 r  student_top_inst/Core_cpu/cpu_core/id_ex_inst/pc_o_reg[7]_i_5/CO[3]
                         net (fo=1, routed)           0.000    -1.362    student_top_inst/Core_cpu/cpu_core/id_ex_inst/pc_o_reg[7]_i_5_n_0
    SLICE_X58Y118        CARRY4 (Prop_carry4_CI_CO[3])
                                                      0.054    -1.308 r  student_top_inst/Core_cpu/cpu_core/id_ex_inst/pc_o_reg[11]_i_5/CO[3]
                         net (fo=1, routed)           0.000    -1.308    student_top_inst/Core_cpu/cpu_core/id_ex_inst/pc_o_reg[11]_i_5_n_0
    SLICE_X58Y119        CARRY4 (Prop_carry4_CI_CO[3])
                                                      0.054    -1.254 r  student_top_inst/Core_cpu/cpu_core/id_ex_inst/pc_o_reg[15]_i_5/CO[3]
                         net (fo=1, routed)           0.000    -1.254    student_top_inst/Core_cpu/cpu_core/id_ex_inst/pc_o_reg[15]_i_5_n_0
    SLICE_X58Y120        CARRY4 (Prop_carry4_CI_CO[3])
                                                      0.054    -1.200 r  student_top_inst/Core_cpu/cpu_core/id_ex_inst/pc_o_reg[19]_i_5/CO[3]
                         net (fo=1, routed)           0.000    -1.200    student_top_inst/Core_cpu/cpu_core/id_ex_inst/pc_o_reg[19]_i_5_n_0
    SLICE_X58Y121        CARRY4 (Prop_carry4_CI_CO[3])
                                                      0.054    -1.146 r  student_top_inst/Core_cpu/cpu_core/id_ex_inst/pc_o_reg[23]_i_5/CO[3]
                         net (fo=1, routed)           0.000    -1.146    student_top_inst/Core_cpu/cpu_core/id_ex_inst/pc_o_reg[23]_i_5_n_0
    SLICE_X58Y122        CARRY4 (Prop_carry4_CI_CO[3])
                                                      0.054    -1.092 r  student_top_inst/Core_cpu/cpu_core/id_ex_inst/pc_o_reg[27]_i_5/CO[3]
                         net (fo=1, routed)           0.000    -1.092    student_top_inst/Core_cpu/cpu_core/id_ex_inst/pc_o_reg[27]_i_5_n_0
    SLICE_X58Y123        CARRY4 (Prop_carry4_CI_O[0])
                                                      0.108    -0.984 r  student_top_inst/Core_cpu/cpu_core/id_ex_inst/pc_o_reg[31]_i_7/O[0]
                         net (fo=2, routed)           0.410    -0.573    student_top_inst/Core_cpu/cpu_core/id_ex_inst/ex_inst/jalr_target_addr[28]
    SLICE_X55Y122        LUT6 (Prop_lut6_I1_O)        0.123    -0.450 r  student_top_inst/Core_cpu/cpu_core/id_ex_inst/jump_en_d1_i_9/O
                         net (fo=1, routed)           0.000    -0.450    student_top_inst/Core_cpu/cpu_core/id_ex_inst/jump_en_d1_i_9_n_0
    SLICE_X55Y122        CARRY4 (Prop_carry4_S[1]_CO[2])
                                                      0.291    -0.159 r  student_top_inst/Core_cpu/cpu_core/id_ex_inst/jump_en_d1_reg_i_6/CO[2]
                         net (fo=1, routed)           0.336     0.177    student_top_inst/Core_cpu/cpu_core/id_ex_inst/ex_inst/jump_en_o2
    SLICE_X53Y120        LUT6 (Prop_lut6_I4_O)        0.129     0.306 f  student_top_inst/Core_cpu/cpu_core/id_ex_inst/jump_en_d1_i_2/O
                         net (fo=1, routed)           0.190     0.496    student_top_inst/Core_cpu/cpu_core/id_ex_inst/jump_en_d1_i_2_n_0
    SLICE_X53Y118        LUT6 (Prop_lut6_I3_O)        0.043     0.539 r  student_top_inst/Core_cpu/cpu_core/id_ex_inst/jump_en_d1_i_1/O
                         net (fo=44, routed)          0.224     0.763    student_top_inst/Core_cpu/cpu_core/ctrl_inst/ex_jump_en_o
    SLICE_X50Y118        LUT4 (Prop_lut4_I2_O)        0.043     0.806 r  student_top_inst/Core_cpu/cpu_core/ctrl_inst/flush_ifid_o_inst__0/O
                         net (fo=215, routed)         0.935     1.742    student_top_inst/Core_cpu/cpu_core/if_id_inst/inst_o_reg[2]_0
    SLICE_X22Y117        FDRE                                         r  student_top_inst/Core_cpu/cpu_core/if_id_inst/hold_pred_target_reg_reg[25]/R
  -------------------------------------------------------------------    -------------------

                         (clock clk_out2_pll rise edge)
                                                      4.545     4.545 r  
    AD12                                              0.000     4.545 r  i_sys_clk_p (IN)
                         net (fo=0)                   0.000     4.545    pll_inst/inst/clk_in1_p
    AD12                 IBUFDS (Prop_ibufds_I_O)     0.803     5.349 r  pll_inst/inst/clkin1_ibufgds/O
                         net (fo=1, routed)           1.001     6.350    pll_inst/inst/clk_in1_pll
    PLLE2_ADV_X1Y1       PLLE2_ADV (Prop_plle2_adv_CLKIN1_CLKOUT1)
                                                     -7.261    -0.911 r  pll_inst/inst/plle2_adv_inst/CLKOUT1
                         net (fo=1, routed)           2.003     1.092    pll_inst/inst/clk_out2_pll
    BUFGCTRL_X0Y0        BUFG (Prop_bufg_I_O)         0.083     1.175 r  pll_inst/inst/clkout2_buf/O
                         net (fo=2869, routed)        1.326     2.501    student_top_inst/Core_cpu/cpu_core/if_id_inst/clk_out2
    SLICE_X22Y117        FDRE                                         r  student_top_inst/Core_cpu/cpu_core/if_id_inst/hold_pred_target_reg_reg[25]/C
                         clock pessimism             -0.375     2.126    
                         clock uncertainty           -0.064     2.062    
    SLICE_X22Y117        FDRE (Setup_fdre_C_R)       -0.281     1.781    student_top_inst/Core_cpu/cpu_core/if_id_inst/hold_pred_target_reg_reg[25]
  -------------------------------------------------------------------
                         required time                          1.781    
                         arrival time                          -1.742    
  -------------------------------------------------------------------
                         slack                                  0.040    

Slack (MET) :             0.040ns  (required time - arrival time)
  Source:                 student_top_inst/Core_cpu/cpu_core/id_ex_inst/jump_offset_o_reg[0]/C
                            (rising edge-triggered cell FDRE clocked by clk_out2_pll  {rise@0.000ns fall@2.273ns period=4.545ns})
  Destination:            student_top_inst/Core_cpu/cpu_core/if_id_inst/hold_pred_target_reg_reg[25]/R
                            (rising edge-triggered cell FDRE clocked by clk_out2_pll  {rise@0.000ns fall@2.273ns period=4.545ns})
  Path Group:             clk_out2_pll
  Path Type:              Setup (Max at Slow Process Corner)
  Requirement:            4.545ns  (clk_out2_pll rise@4.545ns - clk_out2_pll rise@0.000ns)
  Data Path Delay:        4.186ns  (logic 1.637ns (39.107%)  route 2.549ns (60.893%))
  Logic Levels:           14  (CARRY4=9 LUT2=1 LUT4=1 LUT6=3)
  Clock Path Skew:        0.025ns (DCD - SCD + CPR)
    Destination Clock Delay (DCD):    -2.045ns = ( 2.501 - 4.545 ) 
    Source Clock Delay      (SCD):    -2.444ns
    Clock Pessimism Removal (CPR):    -0.375ns
  Clock Uncertainty:      0.064ns  ((TSJ^2 + DJ^2)^1/2) / 2 + PE
    Total System Jitter     (TSJ):    0.071ns
    Discrete Jitter          (DJ):    0.106ns
    Phase Error              (PE):    0.000ns

    Location             Delay type                Incr(ns)  Path(ns)    Netlist Resource(s)
  -------------------------------------------------------------------    -------------------
                         (clock clk_out2_pll rise edge)
                                                      0.000     0.000 r  
    AD12                                              0.000     0.000 r  i_sys_clk_p (IN)
                         net (fo=0)                   0.000     0.000    pll_inst/inst/clk_in1_p
    AD12                 IBUFDS (Prop_ibufds_I_O)     0.906     0.906 r  pll_inst/inst/clkin1_ibufgds/O
                         net (fo=1, routed)           1.098     2.004    pll_inst/inst/clk_in1_pll
    PLLE2_ADV_X1Y1       PLLE2_ADV (Prop_plle2_adv_CLKIN1_CLKOUT1)
                                                     -8.058    -6.054 r  pll_inst/inst/plle2_adv_inst/CLKOUT1
                         net (fo=1, routed)           2.128    -3.926    pll_inst/inst/clk_out2_pll
    BUFGCTRL_X0Y0        BUFG (Prop_bufg_I_O)         0.093    -3.833 r  pll_inst/inst/clkout2_buf/O
                         net (fo=2869, routed)        1.389    -2.444    student_top_inst/Core_cpu/cpu_core/id_ex_inst/clk_out2
    SLICE_X59Y113        FDRE                                         r  student_top_inst/Core_cpu/cpu_core/id_ex_inst/jump_offset_o_reg[0]/C
  -------------------------------------------------------------------    -------------------
    SLICE_X59Y113        FDRE (Prop_fdre_C_Q)         0.204    -2.240 r  student_top_inst/Core_cpu/cpu_core/id_ex_inst/jump_offset_o_reg[0]/Q
                         net (fo=3, routed)           0.453    -1.788    student_top_inst/Core_cpu/cpu_core/id_ex_inst/jump_offset_o_reg[31]_0[0]
    SLICE_X58Y116        LUT2 (Prop_lut2_I1_O)        0.126    -1.662 r  student_top_inst/Core_cpu/cpu_core/id_ex_inst/pc_o[3]_i_11/O
                         net (fo=1, routed)           0.000    -1.662    student_top_inst/Core_cpu/cpu_core/id_ex_inst/pc_o[3]_i_11_n_0
    SLICE_X58Y116        CARRY4 (Prop_carry4_S[0]_CO[3])
                                                      0.246    -1.416 r  student_top_inst/Core_cpu/cpu_core/id_ex_inst/pc_o_reg[3]_i_5/CO[3]
                         net (fo=1, routed)           0.000    -1.416    student_top_inst/Core_cpu/cpu_core/id_ex_inst/pc_o_reg[3]_i_5_n_0
    SLICE_X58Y117        CARRY4 (Prop_carry4_CI_CO[3])
                                                      0.054    -1.362 r  student_top_inst/Core_cpu/cpu_core/id_ex_inst/pc_o_reg[7]_i_5/CO[3]
                         net (fo=1, routed)           0.000    -1.362    student_top_inst/Core_cpu/cpu_core/id_ex_inst/pc_o_reg[7]_i_5_n_0
    SLICE_X58Y118        CARRY4 (Prop_carry4_CI_CO[3])
                                                      0.054    -1.308 r  student_top_inst/Core_cpu/cpu_core/id_ex_inst/pc_o_reg[11]_i_5/CO[3]
                         net (fo=1, routed)           0.000    -1.308    student_top_inst/Core_cpu/cpu_core/id_ex_inst/pc_o_reg[11]_i_5_n_0
    SLICE_X58Y119        CARRY4 (Prop_carry4_CI_CO[3])
                                                      0.054    -1.254 r  student_top_inst/Core_cpu/cpu_core/id_ex_inst/pc_o_reg[15]_i_5/CO[3]
                         net (fo=1, routed)           0.000    -1.254    student_top_inst/Core_cpu/cpu_core/id_ex_inst/pc_o_reg[15]_i_5_n_0
    SLICE_X58Y120        CARRY4 (Prop_carry4_CI_CO[3])
                                                      0.054    -1.200 r  student_top_inst/Core_cpu/cpu_core/id_ex_inst/pc_o_reg[19]_i_5/CO[3]
                         net (fo=1, routed)           0.000    -1.200    student_top_inst/Core_cpu/cpu_core/id_ex_inst/pc_o_reg[19]_i_5_n_0
    SLICE_X58Y121        CARRY4 (Prop_carry4_CI_CO[3])
                                                      0.054    -1.146 r  student_top_inst/Core_cpu/cpu_core/id_ex_inst/pc_o_reg[23]_i_5/CO[3]
                         net (fo=1, routed)           0.000    -1.146    student_top_inst/Core_cpu/cpu_core/id_ex_inst/pc_o_reg[23]_i_5_n_0
    SLICE_X58Y122        CARRY4 (Prop_carry4_CI_CO[3])
                                                      0.054    -1.092 r  student_top_inst/Core_cpu/cpu_core/id_ex_inst/pc_o_reg[27]_i_5/CO[3]
                         net (fo=1, routed)           0.000    -1.092    student_top_inst/Core_cpu/cpu_core/id_ex_inst/pc_o_reg[27]_i_5_n_0
    SLICE_X58Y123        CARRY4 (Prop_carry4_CI_O[0])
                                                      0.108    -0.984 f  student_top_inst/Core_cpu/cpu_core/id_ex_inst/pc_o_reg[31]_i_7/O[0]
                         net (fo=2, routed)           0.410    -0.573    student_top_inst/Core_cpu/cpu_core/id_ex_inst/ex_inst/jalr_target_addr[28]
    SLICE_X55Y122        LUT6 (Prop_lut6_I1_O)        0.123    -0.450 r  student_top_inst/Core_cpu/cpu_core/id_ex_inst/jump_en_d1_i_9/O
                         net (fo=1, routed)           0.000    -0.450    student_top_inst/Core_cpu/cpu_core/id_ex_inst/jump_en_d1_i_9_n_0
    SLICE_X55Y122        CARRY4 (Prop_carry4_S[1]_CO[2])
                                                      0.291    -0.159 r  student_top_inst/Core_cpu/cpu_core/id_ex_inst/jump_en_d1_reg_i_6/CO[2]
                         net (fo=1, routed)           0.336     0.177    student_top_inst/Core_cpu/cpu_core/id_ex_inst/ex_inst/jump_en_o2
    SLICE_X53Y120        LUT6 (Prop_lut6_I4_O)        0.129     0.306 f  student_top_inst/Core_cpu/cpu_core/id_ex_inst/jump_en_d1_i_2/O
                         net (fo=1, routed)           0.190     0.496    student_top_inst/Core_cpu/cpu_core/id_ex_inst/jump_en_d1_i_2_n_0
    SLICE_X53Y118        LUT6 (Prop_lut6_I3_O)        0.043     0.539 r  student_top_inst/Core_cpu/cpu_core/id_ex_inst/jump_en_d1_i_1/O
                         net (fo=44, routed)          0.224     0.763    student_top_inst/Core_cpu/cpu_core/ctrl_inst/ex_jump_en_o
    SLICE_X50Y118        LUT4 (Prop_lut4_I2_O)        0.043     0.806 r  student_top_inst/Core_cpu/cpu_core/ctrl_inst/flush_ifid_o_inst__0/O
                         net (fo=215, routed)         0.935     1.742    student_top_inst/Core_cpu/cpu_core/if_id_inst/inst_o_reg[2]_0
    SLICE_X22Y117        FDRE                                         r  student_top_inst/Core_cpu/cpu_core/if_id_inst/hold_pred_target_reg_reg[25]/R
  -------------------------------------------------------------------    -------------------

                         (clock clk_out2_pll rise edge)
                                                      4.545     4.545 r  
    AD12                                              0.000     4.545 r  i_sys_clk_p (IN)
                         net (fo=0)                   0.000     4.545    pll_inst/inst/clk_in1_p
    AD12                 IBUFDS (Prop_ibufds_I_O)     0.803     5.349 r  pll_inst/inst/clkin1_ibufgds/O
                         net (fo=1, routed)           1.001     6.350    pll_inst/inst/clk_in1_pll
    PLLE2_ADV_X1Y1       PLLE2_ADV (Prop_plle2_adv_CLKIN1_CLKOUT1)
                                                     -7.261    -0.911 r  pll_inst/inst/plle2_adv_inst/CLKOUT1
                         net (fo=1, routed)           2.003     1.092    pll_inst/inst/clk_out2_pll
    BUFGCTRL_X0Y0        BUFG (Prop_bufg_I_O)         0.083     1.175 r  pll_inst/inst/clkout2_buf/O
                         net (fo=2869, routed)        1.326     2.501    student_top_inst/Core_cpu/cpu_core/if_id_inst/clk_out2
    SLICE_X22Y117        FDRE                                         r  student_top_inst/Core_cpu/cpu_core/if_id_inst/hold_pred_target_reg_reg[25]/C
                         clock pessimism             -0.375     2.126    
                         clock uncertainty           -0.064     2.062    
    SLICE_X22Y117        FDRE (Setup_fdre_C_R)       -0.281     1.781    student_top_inst/Core_cpu/cpu_core/if_id_inst/hold_pred_target_reg_reg[25]
  -------------------------------------------------------------------
                         required time                          1.781    
                         arrival time                          -1.742    
  -------------------------------------------------------------------
                         slack                                  0.040    

Slack (MET) :             0.040ns  (required time - arrival time)
  Source:                 student_top_inst/Core_cpu/cpu_core/id_ex_inst/jump_offset_o_reg[0]/C
                            (rising edge-triggered cell FDRE clocked by clk_out2_pll  {rise@0.000ns fall@2.273ns period=4.545ns})
  Destination:            student_top_inst/Core_cpu/cpu_core/if_id_inst/hold_pred_target_reg_reg[25]/R
                            (rising edge-triggered cell FDRE clocked by clk_out2_pll  {rise@0.000ns fall@2.273ns period=4.545ns})
  Path Group:             clk_out2_pll
  Path Type:              Setup (Max at Slow Process Corner)
  Requirement:            4.545ns  (clk_out2_pll rise@4.545ns - clk_out2_pll rise@0.000ns)
  Data Path Delay:        4.186ns  (logic 1.637ns (39.107%)  route 2.549ns (60.893%))
  Logic Levels:           14  (CARRY4=9 LUT2=1 LUT4=1 LUT6=3)
  Clock Path Skew:        0.025ns (DCD - SCD + CPR)
    Destination Clock Delay (DCD):    -2.045ns = ( 2.501 - 4.545 ) 
    Source Clock Delay      (SCD):    -2.444ns
    Clock Pessimism Removal (CPR):    -0.375ns
  Clock Uncertainty:      0.064ns  ((TSJ^2 + DJ^2)^1/2) / 2 + PE
    Total System Jitter     (TSJ):    0.071ns
    Discrete Jitter          (DJ):    0.106ns
    Phase Error              (PE):    0.000ns

    Location             Delay type                Incr(ns)  Path(ns)    Netlist Resource(s)
  -------------------------------------------------------------------    -------------------
                         (clock clk_out2_pll rise edge)
                                                      0.000     0.000 r  
    AD12                                              0.000     0.000 r  i_sys_clk_p (IN)
                         net (fo=0)                   0.000     0.000    pll_inst/inst/clk_in1_p
    AD12                 IBUFDS (Prop_ibufds_I_O)     0.906     0.906 r  pll_inst/inst/clkin1_ibufgds/O
                         net (fo=1, routed)           1.098     2.004    pll_inst/inst/clk_in1_pll
    PLLE2_ADV_X1Y1       PLLE2_ADV (Prop_plle2_adv_CLKIN1_CLKOUT1)
                                                     -8.058    -6.054 r  pll_inst/inst/plle2_adv_inst/CLKOUT1
                         net (fo=1, routed)           2.128    -3.926    pll_inst/inst/clk_out2_pll
    BUFGCTRL_X0Y0        BUFG (Prop_bufg_I_O)         0.093    -3.833 r  pll_inst/inst/clkout2_buf/O
                         net (fo=2869, routed)        1.389    -2.444    student_top_inst/Core_cpu/cpu_core/id_ex_inst/clk_out2
    SLICE_X59Y113        FDRE                                         r  student_top_inst/Core_cpu/cpu_core/id_ex_inst/jump_offset_o_reg[0]/C
  -------------------------------------------------------------------    -------------------
    SLICE_X59Y113        FDRE (Prop_fdre_C_Q)         0.204    -2.240 f  student_top_inst/Core_cpu/cpu_core/id_ex_inst/jump_offset_o_reg[0]/Q
                         net (fo=3, routed)           0.453    -1.788    student_top_inst/Core_cpu/cpu_core/id_ex_inst/jump_offset_o_reg[31]_0[0]
    SLICE_X58Y116        LUT2 (Prop_lut2_I1_O)        0.126    -1.662 r  student_top_inst/Core_cpu/cpu_core/id_ex_inst/pc_o[3]_i_11/O
                         net (fo=1, routed)           0.000    -1.662    student_top_inst/Core_cpu/cpu_core/id_ex_inst/pc_o[3]_i_11_n_0
    SLICE_X58Y116        CARRY4 (Prop_carry4_S[0]_CO[3])
                                                      0.246    -1.416 r  student_top_inst/Core_cpu/cpu_core/id_ex_inst/pc_o_reg[3]_i_5/CO[3]
                         net (fo=1, routed)           0.000    -1.416    student_top_inst/Core_cpu/cpu_core/id_ex_inst/pc_o_reg[3]_i_5_n_0
    SLICE_X58Y117        CARRY4 (Prop_carry4_CI_CO[3])
                                                      0.054    -1.362 r  student_top_inst/Core_cpu/cpu_core/id_ex_inst/pc_o_reg[7]_i_5/CO[3]
                         net (fo=1, routed)           0.000    -1.362    student_top_inst/Core_cpu/cpu_core/id_ex_inst/pc_o_reg[7]_i_5_n_0
    SLICE_X58Y118        CARRY4 (Prop_carry4_CI_CO[3])
                                                      0.054    -1.308 r  student_top_inst/Core_cpu/cpu_core/id_ex_inst/pc_o_reg[11]_i_5/CO[3]
                         net (fo=1, routed)           0.000    -1.308    student_top_inst/Core_cpu/cpu_core/id_ex_inst/pc_o_reg[11]_i_5_n_0
    SLICE_X58Y119        CARRY4 (Prop_carry4_CI_CO[3])
                                                      0.054    -1.254 r  student_top_inst/Core_cpu/cpu_core/id_ex_inst/pc_o_reg[15]_i_5/CO[3]
                         net (fo=1, routed)           0.000    -1.254    student_top_inst/Core_cpu/cpu_core/id_ex_inst/pc_o_reg[15]_i_5_n_0
    SLICE_X58Y120        CARRY4 (Prop_carry4_CI_CO[3])
                                                      0.054    -1.200 r  student_top_inst/Core_cpu/cpu_core/id_ex_inst/pc_o_reg[19]_i_5/CO[3]
                         net (fo=1, routed)           0.000    -1.200    student_top_inst/Core_cpu/cpu_core/id_ex_inst/pc_o_reg[19]_i_5_n_0
    SLICE_X58Y121        CARRY4 (Prop_carry4_CI_CO[3])
                                                      0.054    -1.146 r  student_top_inst/Core_cpu/cpu_core/id_ex_inst/pc_o_reg[23]_i_5/CO[3]
                         net (fo=1, routed)           0.000    -1.146    student_top_inst/Core_cpu/cpu_core/id_ex_inst/pc_o_reg[23]_i_5_n_0
    SLICE_X58Y122        CARRY4 (Prop_carry4_CI_CO[3])
                                                      0.054    -1.092 r  student_top_inst/Core_cpu/cpu_core/id_ex_inst/pc_o_reg[27]_i_5/CO[3]
                         net (fo=1, routed)           0.000    -1.092    student_top_inst/Core_cpu/cpu_core/id_ex_inst/pc_o_reg[27]_i_5_n_0
    SLICE_X58Y123        CARRY4 (Prop_carry4_CI_O[0])
                                                      0.108    -0.984 f  student_top_inst/Core_cpu/cpu_core/id_ex_inst/pc_o_reg[31]_i_7/O[0]
                         net (fo=2, routed)           0.410    -0.573    student_top_inst/Core_cpu/cpu_core/id_ex_inst/ex_inst/jalr_target_addr[28]
    SLICE_X55Y122        LUT6 (Prop_lut6_I1_O)        0.123    -0.450 r  student_top_inst/Core_cpu/cpu_core/id_ex_inst/jump_en_d1_i_9/O
                         net (fo=1, routed)           0.000    -0.450    student_top_inst/Core_cpu/cpu_core/id_ex_inst/jump_en_d1_i_9_n_0
    SLICE_X55Y122        CARRY4 (Prop_carry4_S[1]_CO[2])
                                                      0.291    -0.159 r  student_top_inst/Core_cpu/cpu_core/id_ex_inst/jump_en_d1_reg_i_6/CO[2]
                         net (fo=1, routed)           0.336     0.177    student_top_inst/Core_cpu/cpu_core/id_ex_inst/ex_inst/jump_en_o2
    SLICE_X53Y120        LUT6 (Prop_lut6_I4_O)        0.129     0.306 f  student_top_inst/Core_cpu/cpu_core/id_ex_inst/jump_en_d1_i_2/O
                         net (fo=1, routed)           0.190     0.496    student_top_inst/Core_cpu/cpu_core/id_ex_inst/jump_en_d1_i_2_n_0
    SLICE_X53Y118        LUT6 (Prop_lut6_I3_O)        0.043     0.539 r  student_top_inst/Core_cpu/cpu_core/id_ex_inst/jump_en_d1_i_1/O
                         net (fo=44, routed)          0.224     0.763    student_top_inst/Core_cpu/cpu_core/ctrl_inst/ex_jump_en_o
    SLICE_X50Y118        LUT4 (Prop_lut4_I2_O)        0.043     0.806 r  student_top_inst/Core_cpu/cpu_core/ctrl_inst/flush_ifid_o_inst__0/O
                         net (fo=215, routed)         0.935     1.742    student_top_inst/Core_cpu/cpu_core/if_id_inst/inst_o_reg[2]_0
    SLICE_X22Y117        FDRE                                         r  student_top_inst/Core_cpu/cpu_core/if_id_inst/hold_pred_target_reg_reg[25]/R
  -------------------------------------------------------------------    -------------------

                         (clock clk_out2_pll rise edge)
                                                      4.545     4.545 r  
    AD12                                              0.000     4.545 r  i_sys_clk_p (IN)
                         net (fo=0)                   0.000     4.545    pll_inst/inst/clk_in1_p
    AD12                 IBUFDS (Prop_ibufds_I_O)     0.803     5.349 r  pll_inst/inst/clkin1_ibufgds/O
                         net (fo=1, routed)           1.001     6.350    pll_inst/inst/clk_in1_pll
    PLLE2_ADV_X1Y1       PLLE2_ADV (Prop_plle2_adv_CLKIN1_CLKOUT1)
                                                     -7.261    -0.911 r  pll_inst/inst/plle2_adv_inst/CLKOUT1
                         net (fo=1, routed)           2.003     1.092    pll_inst/inst/clk_out2_pll
    BUFGCTRL_X0Y0        BUFG (Prop_bufg_I_O)         0.083     1.175 r  pll_inst/inst/clkout2_buf/O
                         net (fo=2869, routed)        1.326     2.501    student_top_inst/Core_cpu/cpu_core/if_id_inst/clk_out2
    SLICE_X22Y117        FDRE                                         r  student_top_inst/Core_cpu/cpu_core/if_id_inst/hold_pred_target_reg_reg[25]/C
                         clock pessimism             -0.375     2.126    
                         clock uncertainty           -0.064     2.062    
    SLICE_X22Y117        FDRE (Setup_fdre_C_R)       -0.281     1.781    student_top_inst/Core_cpu/cpu_core/if_id_inst/hold_pred_target_reg_reg[25]
  -------------------------------------------------------------------
                         required time                          1.781    
                         arrival time                          -1.742    
  -------------------------------------------------------------------
                         slack                                  0.040    

Slack (MET) :             0.040ns  (required time - arrival time)
  Source:                 student_top_inst/Core_cpu/cpu_core/id_ex_inst/jump_offset_o_reg[0]/C
                            (rising edge-triggered cell FDRE clocked by clk_out2_pll  {rise@0.000ns fall@2.273ns period=4.545ns})
  Destination:            student_top_inst/Core_cpu/cpu_core/if_id_inst/hold_pred_target_reg_reg[25]/R
                            (rising edge-triggered cell FDRE clocked by clk_out2_pll  {rise@0.000ns fall@2.273ns period=4.545ns})
  Path Group:             clk_out2_pll
  Path Type:              Setup (Max at Slow Process Corner)
  Requirement:            4.545ns  (clk_out2_pll rise@4.545ns - clk_out2_pll rise@0.000ns)
  Data Path Delay:        4.186ns  (logic 1.637ns (39.107%)  route 2.549ns (60.893%))
  Logic Levels:           14  (CARRY4=9 LUT2=1 LUT4=1 LUT6=3)
  Clock Path Skew:        0.025ns (DCD - SCD + CPR)
    Destination Clock Delay (DCD):    -2.045ns = ( 2.501 - 4.545 ) 
    Source Clock Delay      (SCD):    -2.444ns
    Clock Pessimism Removal (CPR):    -0.375ns
  Clock Uncertainty:      0.064ns  ((TSJ^2 + DJ^2)^1/2) / 2 + PE
    Total System Jitter     (TSJ):    0.071ns
    Discrete Jitter          (DJ):    0.106ns
    Phase Error              (PE):    0.000ns

    Location             Delay type                Incr(ns)  Path(ns)    Netlist Resource(s)
  -------------------------------------------------------------------    -------------------
                         (clock clk_out2_pll rise edge)
                                                      0.000     0.000 r  
    AD12                                              0.000     0.000 r  i_sys_clk_p (IN)
                         net (fo=0)                   0.000     0.000    pll_inst/inst/clk_in1_p
    AD12                 IBUFDS (Prop_ibufds_I_O)     0.906     0.906 r  pll_inst/inst/clkin1_ibufgds/O
                         net (fo=1, routed)           1.098     2.004    pll_inst/inst/clk_in1_pll
    PLLE2_ADV_X1Y1       PLLE2_ADV (Prop_plle2_adv_CLKIN1_CLKOUT1)
                                                     -8.058    -6.054 r  pll_inst/inst/plle2_adv_inst/CLKOUT1
                         net (fo=1, routed)           2.128    -3.926    pll_inst/inst/clk_out2_pll
    BUFGCTRL_X0Y0        BUFG (Prop_bufg_I_O)         0.093    -3.833 r  pll_inst/inst/clkout2_buf/O
                         net (fo=2869, routed)        1.389    -2.444    student_top_inst/Core_cpu/cpu_core/id_ex_inst/clk_out2
    SLICE_X59Y113        FDRE                                         r  student_top_inst/Core_cpu/cpu_core/id_ex_inst/jump_offset_o_reg[0]/C
  -------------------------------------------------------------------    -------------------
    SLICE_X59Y113        FDRE (Prop_fdre_C_Q)         0.204    -2.240 r  student_top_inst/Core_cpu/cpu_core/id_ex_inst/jump_offset_o_reg[0]/Q
                         net (fo=3, routed)           0.453    -1.788    student_top_inst/Core_cpu/cpu_core/id_ex_inst/jump_offset_o_reg[31]_0[0]
    SLICE_X58Y116        LUT2 (Prop_lut2_I1_O)        0.126    -1.662 r  student_top_inst/Core_cpu/cpu_core/id_ex_inst/pc_o[3]_i_11/O
                         net (fo=1, routed)           0.000    -1.662    student_top_inst/Core_cpu/cpu_core/id_ex_inst/pc_o[3]_i_11_n_0
    SLICE_X58Y116        CARRY4 (Prop_carry4_S[0]_CO[3])
                                                      0.246    -1.416 r  student_top_inst/Core_cpu/cpu_core/id_ex_inst/pc_o_reg[3]_i_5/CO[3]
                         net (fo=1, routed)           0.000    -1.416    student_top_inst/Core_cpu/cpu_core/id_ex_inst/pc_o_reg[3]_i_5_n_0
    SLICE_X58Y117        CARRY4 (Prop_carry4_CI_CO[3])
                                                      0.054    -1.362 r  student_top_inst/Core_cpu/cpu_core/id_ex_inst/pc_o_reg[7]_i_5/CO[3]
                         net (fo=1, routed)           0.000    -1.362    student_top_inst/Core_cpu/cpu_core/id_ex_inst/pc_o_reg[7]_i_5_n_0
    SLICE_X58Y118        CARRY4 (Prop_carry4_CI_CO[3])
                                                      0.054    -1.308 r  student_top_inst/Core_cpu/cpu_core/id_ex_inst/pc_o_reg[11]_i_5/CO[3]
                         net (fo=1, routed)           0.000    -1.308    student_top_inst/Core_cpu/cpu_core/id_ex_inst/pc_o_reg[11]_i_5_n_0
    SLICE_X58Y119        CARRY4 (Prop_carry4_CI_CO[3])
                                                      0.054    -1.254 r  student_top_inst/Core_cpu/cpu_core/id_ex_inst/pc_o_reg[15]_i_5/CO[3]
                         net (fo=1, routed)           0.000    -1.254    student_top_inst/Core_cpu/cpu_core/id_ex_inst/pc_o_reg[15]_i_5_n_0
    SLICE_X58Y120        CARRY4 (Prop_carry4_CI_CO[3])
                                                      0.054    -1.200 r  student_top_inst/Core_cpu/cpu_core/id_ex_inst/pc_o_reg[19]_i_5/CO[3]
                         net (fo=1, routed)           0.000    -1.200    student_top_inst/Core_cpu/cpu_core/id_ex_inst/pc_o_reg[19]_i_5_n_0
    SLICE_X58Y121        CARRY4 (Prop_carry4_CI_CO[3])
                                                      0.054    -1.146 r  student_top_inst/Core_cpu/cpu_core/id_ex_inst/pc_o_reg[23]_i_5/CO[3]
                         net (fo=1, routed)           0.000    -1.146    student_top_inst/Core_cpu/cpu_core/id_ex_inst/pc_o_reg[23]_i_5_n_0
    SLICE_X58Y122        CARRY4 (Prop_carry4_CI_CO[3])
                                                      0.054    -1.092 r  student_top_inst/Core_cpu/cpu_core/id_ex_inst/pc_o_reg[27]_i_5/CO[3]
                         net (fo=1, routed)           0.000    -1.092    student_top_inst/Core_cpu/cpu_core/id_ex_inst/pc_o_reg[27]_i_5_n_0
    SLICE_X58Y123        CARRY4 (Prop_carry4_CI_O[0])
                                                      0.108    -0.984 r  student_top_inst/Core_cpu/cpu_core/id_ex_inst/pc_o_reg[31]_i_7/O[0]
                         net (fo=2, routed)           0.410    -0.573    student_top_inst/Core_cpu/cpu_core/id_ex_inst/ex_inst/jalr_target_addr[28]
    SLICE_X55Y122        LUT6 (Prop_lut6_I1_O)        0.123    -0.450 f  student_top_inst/Core_cpu/cpu_core/id_ex_inst/jump_en_d1_i_9/O
                         net (fo=1, routed)           0.000    -0.450    student_top_inst/Core_cpu/cpu_core/id_ex_inst/jump_en_d1_i_9_n_0
    SLICE_X55Y122        CARRY4 (Prop_carry4_S[1]_CO[2])
                                                      0.291    -0.159 r  student_top_inst/Core_cpu/cpu_core/id_ex_inst/jump_en_d1_reg_i_6/CO[2]
                         net (fo=1, routed)           0.336     0.177    student_top_inst/Core_cpu/cpu_core/id_ex_inst/ex_inst/jump_en_o2
    SLICE_X53Y120        LUT6 (Prop_lut6_I4_O)        0.129     0.306 f  student_top_inst/Core_cpu/cpu_core/id_ex_inst/jump_en_d1_i_2/O
                         net (fo=1, routed)           0.190     0.496    student_top_inst/Core_cpu/cpu_core/id_ex_inst/jump_en_d1_i_2_n_0
    SLICE_X53Y118        LUT6 (Prop_lut6_I3_O)        0.043     0.539 r  student_top_inst/Core_cpu/cpu_core/id_ex_inst/jump_en_d1_i_1/O
                         net (fo=44, routed)          0.224     0.763    student_top_inst/Core_cpu/cpu_core/ctrl_inst/ex_jump_en_o
    SLICE_X50Y118        LUT4 (Prop_lut4_I2_O)        0.043     0.806 r  student_top_inst/Core_cpu/cpu_core/ctrl_inst/flush_ifid_o_inst__0/O
                         net (fo=215, routed)         0.935     1.742    student_top_inst/Core_cpu/cpu_core/if_id_inst/inst_o_reg[2]_0
    SLICE_X22Y117        FDRE                                         r  student_top_inst/Core_cpu/cpu_core/if_id_inst/hold_pred_target_reg_reg[25]/R
  -------------------------------------------------------------------    -------------------

                         (clock clk_out2_pll rise edge)
                                                      4.545     4.545 r  
    AD12                                              0.000     4.545 r  i_sys_clk_p (IN)
                         net (fo=0)                   0.000     4.545    pll_inst/inst/clk_in1_p
    AD12                 IBUFDS (Prop_ibufds_I_O)     0.803     5.349 r  pll_inst/inst/clkin1_ibufgds/O
                         net (fo=1, routed)           1.001     6.350    pll_inst/inst/clk_in1_pll
    PLLE2_ADV_X1Y1       PLLE2_ADV (Prop_plle2_adv_CLKIN1_CLKOUT1)
                                                     -7.261    -0.911 r  pll_inst/inst/plle2_adv_inst/CLKOUT1
                         net (fo=1, routed)           2.003     1.092    pll_inst/inst/clk_out2_pll
    BUFGCTRL_X0Y0        BUFG (Prop_bufg_I_O)         0.083     1.175 r  pll_inst/inst/clkout2_buf/O
                         net (fo=2869, routed)        1.326     2.501    student_top_inst/Core_cpu/cpu_core/if_id_inst/clk_out2
    SLICE_X22Y117        FDRE                                         r  student_top_inst/Core_cpu/cpu_core/if_id_inst/hold_pred_target_reg_reg[25]/C
                         clock pessimism             -0.375     2.126    
                         clock uncertainty           -0.064     2.062    
    SLICE_X22Y117        FDRE (Setup_fdre_C_R)       -0.281     1.781    student_top_inst/Core_cpu/cpu_core/if_id_inst/hold_pred_target_reg_reg[25]
  -------------------------------------------------------------------
                         required time                          1.781    
                         arrival time                          -1.742    
  -------------------------------------------------------------------
                         slack                                  0.040    

Slack (MET) :             0.040ns  (required time - arrival time)
  Source:                 student_top_inst/Core_cpu/cpu_core/id_ex_inst/jump_offset_o_reg[0]/C
                            (rising edge-triggered cell FDRE clocked by clk_out2_pll  {rise@0.000ns fall@2.273ns period=4.545ns})
  Destination:            student_top_inst/Core_cpu/cpu_core/if_id_inst/hold_pred_target_reg_reg[25]/R
                            (rising edge-triggered cell FDRE clocked by clk_out2_pll  {rise@0.000ns fall@2.273ns period=4.545ns})
  Path Group:             clk_out2_pll
  Path Type:              Setup (Max at Slow Process Corner)
  Requirement:            4.545ns  (clk_out2_pll rise@4.545ns - clk_out2_pll rise@0.000ns)
  Data Path Delay:        4.186ns  (logic 1.637ns (39.107%)  route 2.549ns (60.893%))
  Logic Levels:           14  (CARRY4=9 LUT2=1 LUT4=1 LUT6=3)
  Clock Path Skew:        0.025ns (DCD - SCD + CPR)
    Destination Clock Delay (DCD):    -2.045ns = ( 2.501 - 4.545 ) 
    Source Clock Delay      (SCD):    -2.444ns
    Clock Pessimism Removal (CPR):    -0.375ns
  Clock Uncertainty:      0.064ns  ((TSJ^2 + DJ^2)^1/2) / 2 + PE
    Total System Jitter     (TSJ):    0.071ns
    Discrete Jitter          (DJ):    0.106ns
    Phase Error              (PE):    0.000ns

    Location             Delay type                Incr(ns)  Path(ns)    Netlist Resource(s)
  -------------------------------------------------------------------    -------------------
                         (clock clk_out2_pll rise edge)
                                                      0.000     0.000 r  
    AD12                                              0.000     0.000 r  i_sys_clk_p (IN)
                         net (fo=0)                   0.000     0.000    pll_inst/inst/clk_in1_p
    AD12                 IBUFDS (Prop_ibufds_I_O)     0.906     0.906 r  pll_inst/inst/clkin1_ibufgds/O
                         net (fo=1, routed)           1.098     2.004    pll_inst/inst/clk_in1_pll
    PLLE2_ADV_X1Y1       PLLE2_ADV (Prop_plle2_adv_CLKIN1_CLKOUT1)
                                                     -8.058    -6.054 r  pll_inst/inst/plle2_adv_inst/CLKOUT1
                         net (fo=1, routed)           2.128    -3.926    pll_inst/inst/clk_out2_pll
    BUFGCTRL_X0Y0        BUFG (Prop_bufg_I_O)         0.093    -3.833 r  pll_inst/inst/clkout2_buf/O
                         net (fo=2869, routed)        1.389    -2.444    student_top_inst/Core_cpu/cpu_core/id_ex_inst/clk_out2
    SLICE_X59Y113        FDRE                                         r  student_top_inst/Core_cpu/cpu_core/id_ex_inst/jump_offset_o_reg[0]/C
  -------------------------------------------------------------------    -------------------
    SLICE_X59Y113        FDRE (Prop_fdre_C_Q)         0.204    -2.240 r  student_top_inst/Core_cpu/cpu_core/id_ex_inst/jump_offset_o_reg[0]/Q
                         net (fo=3, routed)           0.453    -1.788    student_top_inst/Core_cpu/cpu_core/id_ex_inst/jump_offset_o_reg[31]_0[0]
    SLICE_X58Y116        LUT2 (Prop_lut2_I1_O)        0.126    -1.662 r  student_top_inst/Core_cpu/cpu_core/id_ex_inst/pc_o[3]_i_11/O
                         net (fo=1, routed)           0.000    -1.662    student_top_inst/Core_cpu/cpu_core/id_ex_inst/pc_o[3]_i_11_n_0
    SLICE_X58Y116        CARRY4 (Prop_carry4_S[0]_CO[3])
                                                      0.246    -1.416 r  student_top_inst/Core_cpu/cpu_core/id_ex_inst/pc_o_reg[3]_i_5/CO[3]
                         net (fo=1, routed)           0.000    -1.416    student_top_inst/Core_cpu/cpu_core/id_ex_inst/pc_o_reg[3]_i_5_n_0
    SLICE_X58Y117        CARRY4 (Prop_carry4_CI_CO[3])
                                                      0.054    -1.362 r  student_top_inst/Core_cpu/cpu_core/id_ex_inst/pc_o_reg[7]_i_5/CO[3]
                         net (fo=1, routed)           0.000    -1.362    student_top_inst/Core_cpu/cpu_core/id_ex_inst/pc_o_reg[7]_i_5_n_0
    SLICE_X58Y118        CARRY4 (Prop_carry4_CI_CO[3])
                                                      0.054    -1.308 r  student_top_inst/Core_cpu/cpu_core/id_ex_inst/pc_o_reg[11]_i_5/CO[3]
                         net (fo=1, routed)           0.000    -1.308    student_top_inst/Core_cpu/cpu_core/id_ex_inst/pc_o_reg[11]_i_5_n_0
    SLICE_X58Y119        CARRY4 (Prop_carry4_CI_CO[3])
                                                      0.054    -1.254 r  student_top_inst/Core_cpu/cpu_core/id_ex_inst/pc_o_reg[15]_i_5/CO[3]
                         net (fo=1, routed)           0.000    -1.254    student_top_inst/Core_cpu/cpu_core/id_ex_inst/pc_o_reg[15]_i_5_n_0
    SLICE_X58Y120        CARRY4 (Prop_carry4_CI_CO[3])
                                                      0.054    -1.200 r  student_top_inst/Core_cpu/cpu_core/id_ex_inst/pc_o_reg[19]_i_5/CO[3]
                         net (fo=1, routed)           0.000    -1.200    student_top_inst/Core_cpu/cpu_core/id_ex_inst/pc_o_reg[19]_i_5_n_0
    SLICE_X58Y121        CARRY4 (Prop_carry4_CI_CO[3])
                                                      0.054    -1.146 r  student_top_inst/Core_cpu/cpu_core/id_ex_inst/pc_o_reg[23]_i_5/CO[3]
                         net (fo=1, routed)           0.000    -1.146    student_top_inst/Core_cpu/cpu_core/id_ex_inst/pc_o_reg[23]_i_5_n_0
    SLICE_X58Y122        CARRY4 (Prop_carry4_CI_CO[3])
                                                      0.054    -1.092 r  student_top_inst/Core_cpu/cpu_core/id_ex_inst/pc_o_reg[27]_i_5/CO[3]
                         net (fo=1, routed)           0.000    -1.092    student_top_inst/Core_cpu/cpu_core/id_ex_inst/pc_o_reg[27]_i_5_n_0
    SLICE_X58Y123        CARRY4 (Prop_carry4_CI_O[0])
                                                      0.108    -0.984 f  student_top_inst/Core_cpu/cpu_core/id_ex_inst/pc_o_reg[31]_i_7/O[0]
                         net (fo=2, routed)           0.410    -0.573    student_top_inst/Core_cpu/cpu_core/id_ex_inst/ex_inst/jalr_target_addr[28]
    SLICE_X55Y122        LUT6 (Prop_lut6_I1_O)        0.123    -0.450 f  student_top_inst/Core_cpu/cpu_core/id_ex_inst/jump_en_d1_i_9/O
                         net (fo=1, routed)           0.000    -0.450    student_top_inst/Core_cpu/cpu_core/id_ex_inst/jump_en_d1_i_9_n_0
    SLICE_X55Y122        CARRY4 (Prop_carry4_S[1]_CO[2])
                                                      0.291    -0.159 r  student_top_inst/Core_cpu/cpu_core/id_ex_inst/jump_en_d1_reg_i_6/CO[2]
                         net (fo=1, routed)           0.336     0.177    student_top_inst/Core_cpu/cpu_core/id_ex_inst/ex_inst/jump_en_o2
    SLICE_X53Y120        LUT6 (Prop_lut6_I4_O)        0.129     0.306 f  student_top_inst/Core_cpu/cpu_core/id_ex_inst/jump_en_d1_i_2/O
                         net (fo=1, routed)           0.190     0.496    student_top_inst/Core_cpu/cpu_core/id_ex_inst/jump_en_d1_i_2_n_0
    SLICE_X53Y118        LUT6 (Prop_lut6_I3_O)        0.043     0.539 r  student_top_inst/Core_cpu/cpu_core/id_ex_inst/jump_en_d1_i_1/O
                         net (fo=44, routed)          0.224     0.763    student_top_inst/Core_cpu/cpu_core/ctrl_inst/ex_jump_en_o
    SLICE_X50Y118        LUT4 (Prop_lut4_I2_O)        0.043     0.806 r  student_top_inst/Core_cpu/cpu_core/ctrl_inst/flush_ifid_o_inst__0/O
                         net (fo=215, routed)         0.935     1.742    student_top_inst/Core_cpu/cpu_core/if_id_inst/inst_o_reg[2]_0
    SLICE_X22Y117        FDRE                                         r  student_top_inst/Core_cpu/cpu_core/if_id_inst/hold_pred_target_reg_reg[25]/R
  -------------------------------------------------------------------    -------------------

                         (clock clk_out2_pll rise edge)
                                                      4.545     4.545 r  
    AD12                                              0.000     4.545 r  i_sys_clk_p (IN)
                         net (fo=0)                   0.000     4.545    pll_inst/inst/clk_in1_p
    AD12                 IBUFDS (Prop_ibufds_I_O)     0.803     5.349 r  pll_inst/inst/clkin1_ibufgds/O
                         net (fo=1, routed)           1.001     6.350    pll_inst/inst/clk_in1_pll
    PLLE2_ADV_X1Y1       PLLE2_ADV (Prop_plle2_adv_CLKIN1_CLKOUT1)
                                                     -7.261    -0.911 r  pll_inst/inst/plle2_adv_inst/CLKOUT1
                         net (fo=1, routed)           2.003     1.092    pll_inst/inst/clk_out2_pll
    BUFGCTRL_X0Y0        BUFG (Prop_bufg_I_O)         0.083     1.175 r  pll_inst/inst/clkout2_buf/O
                         net (fo=2869, routed)        1.326     2.501    student_top_inst/Core_cpu/cpu_core/if_id_inst/clk_out2
    SLICE_X22Y117        FDRE                                         r  student_top_inst/Core_cpu/cpu_core/if_id_inst/hold_pred_target_reg_reg[25]/C
                         clock pessimism             -0.375     2.126    
                         clock uncertainty           -0.064     2.062    
    SLICE_X22Y117        FDRE (Setup_fdre_C_R)       -0.281     1.781    student_top_inst/Core_cpu/cpu_core/if_id_inst/hold_pred_target_reg_reg[25]
  -------------------------------------------------------------------
                         required time                          1.781    
                         arrival time                          -1.742    
  -------------------------------------------------------------------
                         slack                                  0.040    

Slack (MET) :             0.040ns  (required time - arrival time)
  Source:                 student_top_inst/Core_cpu/cpu_core/if_id_inst/inst_o_reg[0]/C
                            (rising edge-triggered cell FDSE clocked by clk_out2_pll  {rise@0.000ns fall@2.273ns period=4.545ns})
  Destination:            student_top_inst/Core_cpu/cpu_core/pc_reg_inst/pc_o_reg[25]/D
                            (rising edge-triggered cell FDRE clocked by clk_out2_pll  {rise@0.000ns fall@2.273ns period=4.545ns})
  Path Group:             clk_out2_pll
  Path Type:              Setup (Max at Slow Process Corner)
  Requirement:            4.545ns  (clk_out2_pll rise@4.545ns - clk_out2_pll rise@0.000ns)
  Data Path Delay:        4.539ns  (logic 0.646ns (14.234%)  route 3.893ns (85.766%))
  Logic Levels:           9  (LUT3=1 LUT4=2 LUT5=1 LUT6=5)
  Clock Path Skew:        0.031ns (DCD - SCD + CPR)
    Destination Clock Delay (DCD):    -2.046ns = ( 2.500 - 4.545 ) 
    Source Clock Delay      (SCD):    -2.451ns
    Clock Pessimism Removal (CPR):    -0.375ns
  Clock Uncertainty:      0.064ns  ((TSJ^2 + DJ^2)^1/2) / 2 + PE
    Total System Jitter     (TSJ):    0.071ns
    Discrete Jitter          (DJ):    0.106ns
    Phase Error              (PE):    0.000ns

    Location             Delay type                Incr(ns)  Path(ns)    Netlist Resource(s)
  -------------------------------------------------------------------    -------------------
                         (clock clk_out2_pll rise edge)
                                                      0.000     0.000 r  
    AD12                                              0.000     0.000 r  i_sys_clk_p (IN)
                         net (fo=0)                   0.000     0.000    pll_inst/inst/clk_in1_p
    AD12                 IBUFDS (Prop_ibufds_I_O)     0.906     0.906 r  pll_inst/inst/clkin1_ibufgds/O
                         net (fo=1, routed)           1.098     2.004    pll_inst/inst/clk_in1_pll
    PLLE2_ADV_X1Y1       PLLE2_ADV (Prop_plle2_adv_CLKIN1_CLKOUT1)
                                                     -8.058    -6.054 r  pll_inst/inst/plle2_adv_inst/CLKOUT1
                         net (fo=1, routed)           2.128    -3.926    pll_inst/inst/clk_out2_pll
    BUFGCTRL_X0Y0        BUFG (Prop_bufg_I_O)         0.093    -3.833 r  pll_inst/inst/clkout2_buf/O
                         net (fo=2869, routed)        1.382    -2.451    student_top_inst/Core_cpu/cpu_core/if_id_inst/clk_out2
    SLICE_X50Y119        FDSE                                         r  student_top_inst/Core_cpu/cpu_core/if_id_inst/inst_o_reg[0]/C
  -------------------------------------------------------------------    -------------------
    SLICE_X50Y119        FDSE (Prop_fdse_C_Q)         0.259    -2.192 f  student_top_inst/Core_cpu/cpu_core/if_id_inst/inst_o_reg[0]/Q
                         net (fo=8, routed)           0.371    -1.822    student_top_inst/Core_cpu/cpu_core/if_id_inst/if_id_inst_o[0]
    SLICE_X51Y117        LUT3 (Prop_lut3_I1_O)        0.043    -1.779 f  student_top_inst/Core_cpu/cpu_core/if_id_inst/op1_o[31]_i_8/O
                         net (fo=10, routed)          0.375    -1.404    student_top_inst/Core_cpu/cpu_core/if_id_inst/op1_o[31]_i_8_n_0
    SLICE_X50Y117        LUT6 (Prop_lut6_I2_O)        0.043    -1.361 f  student_top_inst/Core_cpu/cpu_core/if_id_inst/use_rs1_o_i_4/O
                         net (fo=1, routed)           0.108    -1.254    student_top_inst/Core_cpu/cpu_core/if_id_inst/use_rs1_o_i_4_n_0
    SLICE_X50Y117        LUT6 (Prop_lut6_I2_O)        0.043    -1.211 f  student_top_inst/Core_cpu/cpu_core/if_id_inst/use_rs1_o_i_2/O
                         net (fo=6, routed)           0.371    -0.840    student_top_inst/Core_cpu/cpu_core/if_id_inst/id_use_rs1_o
    SLICE_X53Y117        LUT6 (Prop_lut6_I0_O)        0.043    -0.797 f  student_top_inst/Core_cpu/cpu_core/if_id_inst/flush_ifid_o_inst_i_10/O
                         net (fo=1, routed)           0.328    -0.469    student_top_inst/Core_cpu/cpu_core/if_id_inst/flush_ifid_o_inst_i_10_n_0
    SLICE_X52Y116        LUT4 (Prop_lut4_I2_O)        0.043    -0.426 f  student_top_inst/Core_cpu/cpu_core/if_id_inst/flush_ifid_o_inst_i_2/O
                         net (fo=59, routed)          0.857     0.431    student_top_inst/Core_cpu/cpu_core/if_id_inst/flush_ifid_o_inst_i_2_n_0
    SLICE_X37Y113        LUT6 (Prop_lut6_I0_O)        0.043     0.474 f  student_top_inst/Core_cpu/cpu_core/if_id_inst/flush_ifid_o_inst_i_1/O
                         net (fo=9, routed)           0.361     0.835    student_top_inst/Core_cpu/cpu_core/if_id_inst/data_o_reg[6]_0
    SLICE_X36Y112        LUT4 (Prop_lut4_I2_O)        0.043     0.878 r  student_top_inst/Core_cpu/cpu_core/if_id_inst/pc_o[31]_i_11/O
                         net (fo=33, routed)          0.769     1.647    student_top_inst/Core_cpu/cpu_core/if_id_inst/bp_fetch_redirect
    SLICE_X23Y119        LUT5 (Prop_lut5_I1_O)        0.043     1.690 r  student_top_inst/Core_cpu/cpu_core/if_id_inst/pc_o[25]_i_4_comp/O
                         net (fo=1, routed)           0.354     2.044    student_top_inst/Core_cpu/cpu_core/id_ex_inst/pc_o_reg[25]_0
    SLICE_X22Y119        LUT6 (Prop_lut6_I3_O)        0.043     2.087 r  student_top_inst/Core_cpu/cpu_core/id_ex_inst/pc_o[25]_i_1/O
                         net (fo=1, routed)           0.000     2.087    student_top_inst/Core_cpu/cpu_core/pc_reg_inst/D[25]
    SLICE_X22Y119        FDRE                                         r  student_top_inst/Core_cpu/cpu_core/pc_reg_inst/pc_o_reg[25]/D
  -------------------------------------------------------------------    -------------------

                         (clock clk_out2_pll rise edge)
                                                      4.545     4.545 r  
    AD12                                              0.000     4.545 r  i_sys_clk_p (IN)
                         net (fo=0)                   0.000     4.545    pll_inst/inst/clk_in1_p
    AD12                 IBUFDS (Prop_ibufds_I_O)     0.803     5.349 r  pll_inst/inst/clkin1_ibufgds/O
                         net (fo=1, routed)           1.001     6.350    pll_inst/inst/clk_in1_pll
    PLLE2_ADV_X1Y1       PLLE2_ADV (Prop_plle2_adv_CLKIN1_CLKOUT1)
                                                     -7.261    -0.911 r  pll_inst/inst/plle2_adv_inst/CLKOUT1
                         net (fo=1, routed)           2.003     1.092    pll_inst/inst/clk_out2_pll
    BUFGCTRL_X0Y0        BUFG (Prop_bufg_I_O)         0.083     1.175 r  pll_inst/inst/clkout2_buf/O
                         net (fo=2869, routed)        1.325     2.500    student_top_inst/Core_cpu/cpu_core/pc_reg_inst/clk_out2
    SLICE_X22Y119        FDRE                                         r  student_top_inst/Core_cpu/cpu_core/pc_reg_inst/pc_o_reg[25]/C
                         clock pessimism             -0.375     2.125    
                         clock uncertainty           -0.064     2.061    
    SLICE_X22Y119        FDRE (Setup_fdre_C_D)        0.066     2.127    student_top_inst/Core_cpu/cpu_core/pc_reg_inst/pc_o_reg[25]
  -------------------------------------------------------------------
                         required time                          2.127    
                         arrival time                          -2.087    
  -------------------------------------------------------------------
                         slack                                  0.040    

Slack (MET) :             0.040ns  (required time - arrival time)
  Source:                 student_top_inst/Core_cpu/cpu_core/if_id_inst/inst_o_reg[0]/C
                            (rising edge-triggered cell FDSE clocked by clk_out2_pll  {rise@0.000ns fall@2.273ns period=4.545ns})
  Destination:            student_top_inst/Core_cpu/cpu_core/pc_reg_inst/pc_o_reg[25]/D
                            (rising edge-triggered cell FDRE clocked by clk_out2_pll  {rise@0.000ns fall@2.273ns period=4.545ns})
  Path Group:             clk_out2_pll
  Path Type:              Setup (Max at Slow Process Corner)
  Requirement:            4.545ns  (clk_out2_pll rise@4.545ns - clk_out2_pll rise@0.000ns)
  Data Path Delay:        4.539ns  (logic 0.646ns (14.234%)  route 3.893ns (85.766%))
  Logic Levels:           9  (LUT3=1 LUT4=2 LUT5=1 LUT6=5)
  Clock Path Skew:        0.031ns (DCD - SCD + CPR)
    Destination Clock Delay (DCD):    -2.046ns = ( 2.500 - 4.545 ) 
    Source Clock Delay      (SCD):    -2.451ns
    Clock Pessimism Removal (CPR):    -0.375ns
  Clock Uncertainty:      0.064ns  ((TSJ^2 + DJ^2)^1/2) / 2 + PE
    Total System Jitter     (TSJ):    0.071ns
    Discrete Jitter          (DJ):    0.106ns
    Phase Error              (PE):    0.000ns

    Location             Delay type                Incr(ns)  Path(ns)    Netlist Resource(s)
  -------------------------------------------------------------------    -------------------
                         (clock clk_out2_pll rise edge)
                                                      0.000     0.000 r  
    AD12                                              0.000     0.000 r  i_sys_clk_p (IN)
                         net (fo=0)                   0.000     0.000    pll_inst/inst/clk_in1_p
    AD12                 IBUFDS (Prop_ibufds_I_O)     0.906     0.906 r  pll_inst/inst/clkin1_ibufgds/O
                         net (fo=1, routed)           1.098     2.004    pll_inst/inst/clk_in1_pll
    PLLE2_ADV_X1Y1       PLLE2_ADV (Prop_plle2_adv_CLKIN1_CLKOUT1)
                                                     -8.058    -6.054 r  pll_inst/inst/plle2_adv_inst/CLKOUT1
                         net (fo=1, routed)           2.128    -3.926    pll_inst/inst/clk_out2_pll
    BUFGCTRL_X0Y0        BUFG (Prop_bufg_I_O)         0.093    -3.833 r  pll_inst/inst/clkout2_buf/O
                         net (fo=2869, routed)        1.382    -2.451    student_top_inst/Core_cpu/cpu_core/if_id_inst/clk_out2
    SLICE_X50Y119        FDSE                                         r  student_top_inst/Core_cpu/cpu_core/if_id_inst/inst_o_reg[0]/C
  -------------------------------------------------------------------    -------------------
    SLICE_X50Y119        FDSE (Prop_fdse_C_Q)         0.259    -2.192 r  student_top_inst/Core_cpu/cpu_core/if_id_inst/inst_o_reg[0]/Q
                         net (fo=8, routed)           0.371    -1.822    student_top_inst/Core_cpu/cpu_core/if_id_inst/if_id_inst_o[0]
    SLICE_X51Y117        LUT3 (Prop_lut3_I1_O)        0.043    -1.779 r  student_top_inst/Core_cpu/cpu_core/if_id_inst/op1_o[31]_i_8/O
                         net (fo=10, routed)          0.375    -1.404    student_top_inst/Core_cpu/cpu_core/if_id_inst/op1_o[31]_i_8_n_0
    SLICE_X50Y117        LUT6 (Prop_lut6_I2_O)        0.043    -1.361 r  student_top_inst/Core_cpu/cpu_core/if_id_inst/use_rs1_o_i_4/O
                         net (fo=1, routed)           0.108    -1.254    student_top_inst/Core_cpu/cpu_core/if_id_inst/use_rs1_o_i_4_n_0
    SLICE_X50Y117        LUT6 (Prop_lut6_I2_O)        0.043    -1.211 r  student_top_inst/Core_cpu/cpu_core/if_id_inst/use_rs1_o_i_2/O
                         net (fo=6, routed)           0.371    -0.840    student_top_inst/Core_cpu/cpu_core/if_id_inst/id_use_rs1_o
    SLICE_X53Y117        LUT6 (Prop_lut6_I0_O)        0.043    -0.797 r  student_top_inst/Core_cpu/cpu_core/if_id_inst/flush_ifid_o_inst_i_10/O
                         net (fo=1, routed)           0.328    -0.469    student_top_inst/Core_cpu/cpu_core/if_id_inst/flush_ifid_o_inst_i_10_n_0
    SLICE_X52Y116        LUT4 (Prop_lut4_I2_O)        0.043    -0.426 r  student_top_inst/Core_cpu/cpu_core/if_id_inst/flush_ifid_o_inst_i_2/O
                         net (fo=59, routed)          0.857     0.431    student_top_inst/Core_cpu/cpu_core/if_id_inst/flush_ifid_o_inst_i_2_n_0
    SLICE_X37Y113        LUT6 (Prop_lut6_I0_O)        0.043     0.474 r  student_top_inst/Core_cpu/cpu_core/if_id_inst/flush_ifid_o_inst_i_1/O
                         net (fo=9, routed)           0.361     0.835    student_top_inst/Core_cpu/cpu_core/if_id_inst/data_o_reg[6]_0
    SLICE_X36Y112        LUT4 (Prop_lut4_I2_O)        0.043     0.878 f  student_top_inst/Core_cpu/cpu_core/if_id_inst/pc_o[31]_i_11/O
                         net (fo=33, routed)          0.769     1.647    student_top_inst/Core_cpu/cpu_core/if_id_inst/bp_fetch_redirect
    SLICE_X23Y119        LUT5 (Prop_lut5_I1_O)        0.043     1.690 f  student_top_inst/Core_cpu/cpu_core/if_id_inst/pc_o[25]_i_4_comp/O
                         net (fo=1, routed)           0.354     2.044    student_top_inst/Core_cpu/cpu_core/id_ex_inst/pc_o_reg[25]_0
    SLICE_X22Y119        LUT6 (Prop_lut6_I3_O)        0.043     2.087 f  student_top_inst/Core_cpu/cpu_core/id_ex_inst/pc_o[25]_i_1/O
                         net (fo=1, routed)           0.000     2.087    student_top_inst/Core_cpu/cpu_core/pc_reg_inst/D[25]
    SLICE_X22Y119        FDRE                                         f  student_top_inst/Core_cpu/cpu_core/pc_reg_inst/pc_o_reg[25]/D
  -------------------------------------------------------------------    -------------------

                         (clock clk_out2_pll rise edge)
                                                      4.545     4.545 r  
    AD12                                              0.000     4.545 r  i_sys_clk_p (IN)
                         net (fo=0)                   0.000     4.545    pll_inst/inst/clk_in1_p
    AD12                 IBUFDS (Prop_ibufds_I_O)     0.803     5.349 r  pll_inst/inst/clkin1_ibufgds/O
                         net (fo=1, routed)           1.001     6.350    pll_inst/inst/clk_in1_pll
    PLLE2_ADV_X1Y1       PLLE2_ADV (Prop_plle2_adv_CLKIN1_CLKOUT1)
                                                     -7.261    -0.911 r  pll_inst/inst/plle2_adv_inst/CLKOUT1
                         net (fo=1, routed)           2.003     1.092    pll_inst/inst/clk_out2_pll
    BUFGCTRL_X0Y0        BUFG (Prop_bufg_I_O)         0.083     1.175 r  pll_inst/inst/clkout2_buf/O
                         net (fo=2869, routed)        1.325     2.500    student_top_inst/Core_cpu/cpu_core/pc_reg_inst/clk_out2
    SLICE_X22Y119        FDRE                                         r  student_top_inst/Core_cpu/cpu_core/pc_reg_inst/pc_o_reg[25]/C
                         clock pessimism             -0.375     2.125    
                         clock uncertainty           -0.064     2.061    
    SLICE_X22Y119        FDRE (Setup_fdre_C_D)        0.066     2.127    student_top_inst/Core_cpu/cpu_core/pc_reg_inst/pc_o_reg[25]
  -------------------------------------------------------------------
                         required time                          2.127    
                         arrival time                          -2.087    
  -------------------------------------------------------------------
                         slack                                  0.040    

Slack (MET) :             0.045ns  (required time - arrival time)
  Source:                 student_top_inst/Core_cpu/cpu_core/id_ex_inst/rs1_addr_o_reg[4]/C
                            (rising edge-triggered cell FDRE clocked by clk_out2_pll  {rise@0.000ns fall@2.273ns period=4.545ns})
  Destination:            student_top_inst/Core_cpu/cpu_core/ex_mem_inst/dff_rd_data/data_o_reg[13]/D
                            (rising edge-triggered cell FDRE clocked by clk_out2_pll  {rise@0.000ns fall@2.273ns period=4.545ns})
  Path Group:             clk_out2_pll
  Path Type:              Setup (Max at Slow Process Corner)
  Requirement:            4.545ns  (clk_out2_pll rise@4.545ns - clk_out2_pll rise@0.000ns)
  Data Path Delay:        4.425ns  (logic 0.739ns (16.700%)  route 3.686ns (83.300%))
  Logic Levels:           12  (LUT3=1 LUT4=2 LUT5=1 LUT6=8)
  Clock Path Skew:        -0.046ns (DCD - SCD + CPR)
    Destination Clock Delay (DCD):    -2.124ns = ( 2.422 - 4.545 ) 
    Source Clock Delay      (SCD):    -2.452ns
    Clock Pessimism Removal (CPR):    -0.375ns
  Clock Uncertainty:      0.064ns  ((TSJ^2 + DJ^2)^1/2) / 2 + PE
    Total System Jitter     (TSJ):    0.071ns
    Discrete Jitter          (DJ):    0.106ns
    Phase Error              (PE):    0.000ns

    Location             Delay type                Incr(ns)  Path(ns)    Netlist Resource(s)
  -------------------------------------------------------------------    -------------------
                         (clock clk_out2_pll rise edge)
                                                      0.000     0.000 r  
    AD12                                              0.000     0.000 r  i_sys_clk_p (IN)
                         net (fo=0)                   0.000     0.000    pll_inst/inst/clk_in1_p
    AD12                 IBUFDS (Prop_ibufds_I_O)     0.906     0.906 r  pll_inst/inst/clkin1_ibufgds/O
                         net (fo=1, routed)           1.098     2.004    pll_inst/inst/clk_in1_pll
    PLLE2_ADV_X1Y1       PLLE2_ADV (Prop_plle2_adv_CLKIN1_CLKOUT1)
                                                     -8.058    -6.054 r  pll_inst/inst/plle2_adv_inst/CLKOUT1
                         net (fo=1, routed)           2.128    -3.926    pll_inst/inst/clk_out2_pll
    BUFGCTRL_X0Y0        BUFG (Prop_bufg_I_O)         0.093    -3.833 r  pll_inst/inst/clkout2_buf/O
                         net (fo=2869, routed)        1.381    -2.452    student_top_inst/Core_cpu/cpu_core/id_ex_inst/clk_out2
    SLICE_X71Y118        FDRE                                         r  student_top_inst/Core_cpu/cpu_core/id_ex_inst/rs1_addr_o_reg[4]/C
  -------------------------------------------------------------------    -------------------
    SLICE_X71Y118        FDRE (Prop_fdre_C_Q)         0.223    -2.229 r  student_top_inst/Core_cpu/cpu_core/id_ex_inst/rs1_addr_o_reg[4]/Q
                         net (fo=3, routed)           0.473    -1.756    student_top_inst/Core_cpu/cpu_core/id_ex_inst/rs1_addr_o_reg[4]_0[4]
    SLICE_X70Y120        LUT6 (Prop_lut6_I0_O)        0.043    -1.713 r  student_top_inst/Core_cpu/cpu_core/id_ex_inst/rs1_match_ex_mem_inst_i_6/O
                         net (fo=1, routed)           0.105    -1.608    student_top_inst/Core_cpu/cpu_core/id_ex_inst/rs1_match_ex_mem_inst_i_6_n_0
    SLICE_X70Y120        LUT5 (Prop_lut5_I0_O)        0.043    -1.565 r  student_top_inst/Core_cpu/cpu_core/id_ex_inst/rs1_match_ex_mem_inst_i_4/O
                         net (fo=57, routed)          0.471    -1.094    student_top_inst/Core_cpu/cpu_core/id_ex_inst/forwarding_inst/in020_out
    SLICE_X71Y120        LUT6 (Prop_lut6_I5_O)        0.043    -1.051 r  student_top_inst/Core_cpu/cpu_core/id_ex_inst/rs1_match_ex_mem_inst_rep__10_i_1/O
                         net (fo=4, routed)           0.205    -0.846    student_top_inst/Core_cpu/cpu_core/id_ex_inst/rs1_match_ex_mem_inst_rep__10_i_1_n_0
    SLICE_X70Y121        LUT3 (Prop_lut3_I1_O)        0.043    -0.803 r  student_top_inst/Core_cpu/cpu_core/id_ex_inst/data_o[29]_i_27/O
                         net (fo=4, routed)           0.544    -0.259    student_top_inst/Core_cpu/cpu_core/id_ex_inst/data_o_reg[24]_1
    SLICE_X72Y119        LUT4 (Prop_lut4_I0_O)        0.043    -0.216 r  student_top_inst/Core_cpu/cpu_core/id_ex_inst/data_o[16]_i_22/O
                         net (fo=1, routed)           0.498     0.282    student_top_inst/Core_cpu/cpu_core/id_ex_inst/data_o[16]_i_22_n_0
    SLICE_X71Y127        LUT6 (Prop_lut6_I5_O)        0.043     0.325 r  student_top_inst/Core_cpu/cpu_core/id_ex_inst/data_o[16]_i_21/O
                         net (fo=4, routed)           0.378     0.703    student_top_inst/Core_cpu/cpu_core/id_ex_inst/data_o[16]_i_21_n_0
    SLICE_X69Y127        LUT6 (Prop_lut6_I3_O)        0.043     0.746 r  student_top_inst/Core_cpu/cpu_core/id_ex_inst/data_o[13]_i_17/O
                         net (fo=1, routed)           0.226     0.972    student_top_inst/Core_cpu/cpu_core/id_ex_inst/ex_inst/op1_i_shift_right_op2_i[13]
    SLICE_X67Y127        LUT6 (Prop_lut6_I3_O)        0.043     1.015 f  student_top_inst/Core_cpu/cpu_core/id_ex_inst/data_o[13]_i_11/O
                         net (fo=1, routed)           0.263     1.279    student_top_inst/Core_cpu/cpu_core/id_ex_inst/data_o[13]_i_11_n_0
    SLICE_X67Y128        LUT6 (Prop_lut6_I0_O)        0.043     1.322 f  student_top_inst/Core_cpu/cpu_core/id_ex_inst/data_o[13]_i_7/O
                         net (fo=1, routed)           0.149     1.471    student_top_inst/Core_cpu/cpu_core/id_ex_inst/data_o[13]_i_7_n_0
    SLICE_X67Y128        LUT6 (Prop_lut6_I0_O)        0.043     1.514 f  student_top_inst/Core_cpu/cpu_core/id_ex_inst/data_o[13]_i_5/O
                         net (fo=1, routed)           0.098     1.612    student_top_inst/Core_cpu/cpu_core/id_ex_inst/data_o[13]_i_5_n_0
    SLICE_X67Y128        LUT6 (Prop_lut6_I1_O)        0.043     1.655 r  student_top_inst/Core_cpu/cpu_core/id_ex_inst/data_o[13]_i_3/O
                         net (fo=1, routed)           0.275     1.930    student_top_inst/Core_cpu/cpu_core/ex_inst/rv32m_iter_inst/data_o_reg[13]
    SLICE_X68Y128        LUT4 (Prop_lut4_I1_O)        0.043     1.973 r  student_top_inst/Core_cpu/cpu_core/ex_inst/rv32m_iter_inst/data_o[13]_i_1__3/O
                         net (fo=1, routed)           0.000     1.973    student_top_inst/Core_cpu/cpu_core/ex_mem_inst/dff_rd_data/data_o_reg[13]_1
    SLICE_X68Y128        FDRE                                         r  student_top_inst/Core_cpu/cpu_core/ex_mem_inst/dff_rd_data/data_o_reg[13]/D
  -------------------------------------------------------------------    -------------------

                         (clock clk_out2_pll rise edge)
                                                      4.545     4.545 r  
    AD12                                              0.000     4.545 r  i_sys_clk_p (IN)
                         net (fo=0)                   0.000     4.545    pll_inst/inst/clk_in1_p
    AD12                 IBUFDS (Prop_ibufds_I_O)     0.803     5.349 r  pll_inst/inst/clkin1_ibufgds/O
                         net (fo=1, routed)           1.001     6.350    pll_inst/inst/clk_in1_pll
    PLLE2_ADV_X1Y1       PLLE2_ADV (Prop_plle2_adv_CLKIN1_CLKOUT1)
                                                     -7.261    -0.911 r  pll_inst/inst/plle2_adv_inst/CLKOUT1
                         net (fo=1, routed)           2.003     1.092    pll_inst/inst/clk_out2_pll
    BUFGCTRL_X0Y0        BUFG (Prop_bufg_I_O)         0.083     1.175 r  pll_inst/inst/clkout2_buf/O
                         net (fo=2869, routed)        1.247     2.422    student_top_inst/Core_cpu/cpu_core/ex_mem_inst/dff_rd_data/clk_out2
    SLICE_X68Y128        FDRE                                         r  student_top_inst/Core_cpu/cpu_core/ex_mem_inst/dff_rd_data/data_o_reg[13]/C
                         clock pessimism             -0.375     2.047    
                         clock uncertainty           -0.064     1.983    
    SLICE_X68Y128        FDRE (Setup_fdre_C_D)        0.034     2.017    student_top_inst/Core_cpu/cpu_core/ex_mem_inst/dff_rd_data/data_o_reg[13]
  -------------------------------------------------------------------
                         required time                          2.017    
                         arrival time                          -1.973    
  -------------------------------------------------------------------
                         slack                                  0.045    

Slack (MET) :             16.591ns  (required time - arrival time)
  Source:                 uart_inst/rx_data_reg[2]/C
                            (rising edge-triggered cell FDCE clocked by clk_out1_pll  {rise@0.000ns fall@10.000ns period=20.000ns})
  Destination:            twin_controller_inst/sw_reg[37]/D
                            (rising edge-triggered cell FDCE clocked by clk_out1_pll  {rise@0.000ns fall@10.000ns period=20.000ns})
  Path Group:             clk_out1_pll
  Path Type:              Setup (Max at Slow Process Corner)
  Requirement:            20.000ns  (clk_out1_pll rise@20.000ns - clk_out1_pll rise@0.000ns)
  Data Path Delay:        3.239ns  (logic 0.496ns (15.314%)  route 2.743ns (84.686%))
  Logic Levels:           4  (LUT2=1 LUT3=1 LUT6=2)
  Clock Path Skew:        -0.125ns (DCD - SCD + CPR)
    Destination Clock Delay (DCD):    -2.110ns = ( 17.890 - 20.000 ) 
    Source Clock Delay      (SCD):    -2.432ns
    Clock Pessimism Removal (CPR):    -0.448ns
  Clock Uncertainty:      0.079ns  ((TSJ^2 + DJ^2)^1/2) / 2 + PE
    Total System Jitter     (TSJ):    0.071ns
    Discrete Jitter          (DJ):    0.141ns
    Phase Error              (PE):    0.000ns

    Location             Delay type                Incr(ns)  Path(ns)    Netlist Resource(s)
  -------------------------------------------------------------------    -------------------
                         (clock clk_out1_pll rise edge)
                                                      0.000     0.000 r  
    AD12                                              0.000     0.000 r  i_sys_clk_p (IN)
                         net (fo=0)                   0.000     0.000    pll_inst/inst/clk_in1_p
    AD12                 IBUFDS (Prop_ibufds_I_O)     0.906     0.906 r  pll_inst/inst/clkin1_ibufgds/O
                         net (fo=1, routed)           1.098     2.004    pll_inst/inst/clk_in1_pll
    PLLE2_ADV_X1Y1       PLLE2_ADV (Prop_plle2_adv_CLKIN1_CLKOUT0)
                                                     -8.058    -6.054 r  pll_inst/inst/plle2_adv_inst/CLKOUT0
                         net (fo=1, routed)           2.128    -3.926    pll_inst/inst/clk_out1_pll
    BUFGCTRL_X0Y1        BUFG (Prop_bufg_I_O)         0.093    -3.833 r  pll_inst/inst/clkout1_buf/O
                         net (fo=546, routed)         1.401    -2.432    uart_inst/clk_out1
    SLICE_X87Y108        FDCE                                         r  uart_inst/rx_data_reg[2]/C
  -------------------------------------------------------------------    -------------------
    SLICE_X87Y108        FDCE (Prop_fdce_C_Q)         0.223    -2.209 f  uart_inst/rx_data_reg[2]/Q
                         net (fo=17, routed)          0.899    -1.310    uart_inst/rx_data[2]
    SLICE_X72Y104        LUT3 (Prop_lut3_I0_O)        0.051    -1.259 r  uart_inst/sw[63]_i_4/O
                         net (fo=3, routed)           0.256    -1.004    uart_inst/sw[63]_i_4_n_0
    SLICE_X72Y104        LUT6 (Prop_lut6_I1_O)        0.136    -0.868 r  uart_inst/sw[62]_i_3/O
                         net (fo=4, routed)           0.559    -0.309    uart_inst/sw[62]_i_3_n_0
    SLICE_X69Y104        LUT2 (Prop_lut2_I0_O)        0.043    -0.266 r  uart_inst/sw[62]_i_2/O
                         net (fo=32, routed)          1.029     0.763    uart_inst/sw[62]_i_2_n_0
    SLICE_X55Y102        LUT6 (Prop_lut6_I2_O)        0.043     0.806 r  uart_inst/sw[37]_i_1/O
                         net (fo=1, routed)           0.000     0.806    twin_controller_inst/sw_reg[37]_0
    SLICE_X55Y102        FDCE                                         r  twin_controller_inst/sw_reg[37]/D
  -------------------------------------------------------------------    -------------------

                         (clock clk_out1_pll rise edge)
                                                     20.000    20.000 r  
    AD12                                              0.000    20.000 r  i_sys_clk_p (IN)
                         net (fo=0)                   0.000    20.000    pll_inst/inst/clk_in1_p
    AD12                 IBUFDS (Prop_ibufds_I_O)     0.803    20.803 r  pll_inst/inst/clkin1_ibufgds/O
                         net (fo=1, routed)           1.001    21.804    pll_inst/inst/clk_in1_pll
    PLLE2_ADV_X1Y1       PLLE2_ADV (Prop_plle2_adv_CLKIN1_CLKOUT0)
                                                     -7.261    14.543 r  pll_inst/inst/plle2_adv_inst/CLKOUT0
                         net (fo=1, routed)           2.003    16.546    pll_inst/inst/clk_out1_pll
    BUFGCTRL_X0Y1        BUFG (Prop_bufg_I_O)         0.083    16.629 r  pll_inst/inst/clkout1_buf/O
                         net (fo=546, routed)         1.261    17.890    twin_controller_inst/CLK
    SLICE_X55Y102        FDCE                                         r  twin_controller_inst/sw_reg[37]/C
                         clock pessimism             -0.448    17.443    
                         clock uncertainty           -0.079    17.364    
    SLICE_X55Y102        FDCE (Setup_fdce_C_D)        0.034    17.398    twin_controller_inst/sw_reg[37]
  -------------------------------------------------------------------
                         required time                         17.398    
                         arrival time                          -0.806    
  -------------------------------------------------------------------
                         slack                                 16.591    

Slack (MET) :             16.591ns  (required time - arrival time)
  Source:                 uart_inst/rx_data_reg[2]/C
                            (rising edge-triggered cell FDCE clocked by clk_out1_pll  {rise@0.000ns fall@10.000ns period=20.000ns})
  Destination:            twin_controller_inst/sw_reg[37]/D
                            (rising edge-triggered cell FDCE clocked by clk_out1_pll  {rise@0.000ns fall@10.000ns period=20.000ns})
  Path Group:             clk_out1_pll
  Path Type:              Setup (Max at Slow Process Corner)
  Requirement:            20.000ns  (clk_out1_pll rise@20.000ns - clk_out1_pll rise@0.000ns)
  Data Path Delay:        3.239ns  (logic 0.496ns (15.314%)  route 2.743ns (84.686%))
  Logic Levels:           4  (LUT2=1 LUT3=1 LUT6=2)
  Clock Path Skew:        -0.125ns (DCD - SCD + CPR)
    Destination Clock Delay (DCD):    -2.110ns = ( 17.890 - 20.000 ) 
    Source Clock Delay      (SCD):    -2.432ns
    Clock Pessimism Removal (CPR):    -0.448ns
  Clock Uncertainty:      0.079ns  ((TSJ^2 + DJ^2)^1/2) / 2 + PE
    Total System Jitter     (TSJ):    0.071ns
    Discrete Jitter          (DJ):    0.141ns
    Phase Error              (PE):    0.000ns

    Location             Delay type                Incr(ns)  Path(ns)    Netlist Resource(s)
  -------------------------------------------------------------------    -------------------
                         (clock clk_out1_pll rise edge)
                                                      0.000     0.000 r  
    AD12                                              0.000     0.000 r  i_sys_clk_p (IN)
                         net (fo=0)                   0.000     0.000    pll_inst/inst/clk_in1_p
    AD12                 IBUFDS (Prop_ibufds_I_O)     0.906     0.906 r  pll_inst/inst/clkin1_ibufgds/O
                         net (fo=1, routed)           1.098     2.004    pll_inst/inst/clk_in1_pll
    PLLE2_ADV_X1Y1       PLLE2_ADV (Prop_plle2_adv_CLKIN1_CLKOUT0)
                                                     -8.058    -6.054 r  pll_inst/inst/plle2_adv_inst/CLKOUT0
                         net (fo=1, routed)           2.128    -3.926    pll_inst/inst/clk_out1_pll
    BUFGCTRL_X0Y1        BUFG (Prop_bufg_I_O)         0.093    -3.833 r  pll_inst/inst/clkout1_buf/O
                         net (fo=546, routed)         1.401    -2.432    uart_inst/clk_out1
    SLICE_X87Y108        FDCE                                         r  uart_inst/rx_data_reg[2]/C
  -------------------------------------------------------------------    -------------------
    SLICE_X87Y108        FDCE (Prop_fdce_C_Q)         0.223    -2.209 r  uart_inst/rx_data_reg[2]/Q
                         net (fo=17, routed)          0.899    -1.310    uart_inst/rx_data[2]
    SLICE_X72Y104        LUT3 (Prop_lut3_I0_O)        0.051    -1.259 f  uart_inst/sw[63]_i_4/O
                         net (fo=3, routed)           0.256    -1.004    uart_inst/sw[63]_i_4_n_0
    SLICE_X72Y104        LUT6 (Prop_lut6_I1_O)        0.136    -0.868 r  uart_inst/sw[62]_i_3/O
                         net (fo=4, routed)           0.559    -0.309    uart_inst/sw[62]_i_3_n_0
    SLICE_X69Y104        LUT2 (Prop_lut2_I0_O)        0.043    -0.266 r  uart_inst/sw[62]_i_2/O
                         net (fo=32, routed)          1.029     0.763    uart_inst/sw[62]_i_2_n_0
    SLICE_X55Y102        LUT6 (Prop_lut6_I2_O)        0.043     0.806 r  uart_inst/sw[37]_i_1/O
                         net (fo=1, routed)           0.000     0.806    twin_controller_inst/sw_reg[37]_0
    SLICE_X55Y102        FDCE                                         r  twin_controller_inst/sw_reg[37]/D
  -------------------------------------------------------------------    -------------------

                         (clock clk_out1_pll rise edge)
                                                     20.000    20.000 r  
    AD12                                              0.000    20.000 r  i_sys_clk_p (IN)
                         net (fo=0)                   0.000    20.000    pll_inst/inst/clk_in1_p
    AD12                 IBUFDS (Prop_ibufds_I_O)     0.803    20.803 r  pll_inst/inst/clkin1_ibufgds/O
                         net (fo=1, routed)           1.001    21.804    pll_inst/inst/clk_in1_pll
    PLLE2_ADV_X1Y1       PLLE2_ADV (Prop_plle2_adv_CLKIN1_CLKOUT0)
                                                     -7.261    14.543 r  pll_inst/inst/plle2_adv_inst/CLKOUT0
                         net (fo=1, routed)           2.003    16.546    pll_inst/inst/clk_out1_pll
    BUFGCTRL_X0Y1        BUFG (Prop_bufg_I_O)         0.083    16.629 r  pll_inst/inst/clkout1_buf/O
                         net (fo=546, routed)         1.261    17.890    twin_controller_inst/CLK
    SLICE_X55Y102        FDCE                                         r  twin_controller_inst/sw_reg[37]/C
                         clock pessimism             -0.448    17.443    
                         clock uncertainty           -0.079    17.364    
    SLICE_X55Y102        FDCE (Setup_fdce_C_D)        0.034    17.398    twin_controller_inst/sw_reg[37]
  -------------------------------------------------------------------
                         required time                         17.398    
                         arrival time                          -0.806    
  -------------------------------------------------------------------
                         slack                                 16.591    

Slack (MET) :             16.591ns  (required time - arrival time)
  Source:                 uart_inst/rx_data_reg[2]/C
                            (rising edge-triggered cell FDCE clocked by clk_out1_pll  {rise@0.000ns fall@10.000ns period=20.000ns})
  Destination:            twin_controller_inst/sw_reg[37]/D
                            (rising edge-triggered cell FDCE clocked by clk_out1_pll  {rise@0.000ns fall@10.000ns period=20.000ns})
  Path Group:             clk_out1_pll
  Path Type:              Setup (Max at Slow Process Corner)
  Requirement:            20.000ns  (clk_out1_pll rise@20.000ns - clk_out1_pll rise@0.000ns)
  Data Path Delay:        3.239ns  (logic 0.496ns (15.314%)  route 2.743ns (84.686%))
  Logic Levels:           4  (LUT2=1 LUT3=1 LUT6=2)
  Clock Path Skew:        -0.125ns (DCD - SCD + CPR)
    Destination Clock Delay (DCD):    -2.110ns = ( 17.890 - 20.000 ) 
    Source Clock Delay      (SCD):    -2.432ns
    Clock Pessimism Removal (CPR):    -0.448ns
  Clock Uncertainty:      0.079ns  ((TSJ^2 + DJ^2)^1/2) / 2 + PE
    Total System Jitter     (TSJ):    0.071ns
    Discrete Jitter          (DJ):    0.141ns
    Phase Error              (PE):    0.000ns

    Location             Delay type                Incr(ns)  Path(ns)    Netlist Resource(s)
  -------------------------------------------------------------------    -------------------
                         (clock clk_out1_pll rise edge)
                                                      0.000     0.000 r  
    AD12                                              0.000     0.000 r  i_sys_clk_p (IN)
                         net (fo=0)                   0.000     0.000    pll_inst/inst/clk_in1_p
    AD12                 IBUFDS (Prop_ibufds_I_O)     0.906     0.906 r  pll_inst/inst/clkin1_ibufgds/O
                         net (fo=1, routed)           1.098     2.004    pll_inst/inst/clk_in1_pll
    PLLE2_ADV_X1Y1       PLLE2_ADV (Prop_plle2_adv_CLKIN1_CLKOUT0)
                                                     -8.058    -6.054 r  pll_inst/inst/plle2_adv_inst/CLKOUT0
                         net (fo=1, routed)           2.128    -3.926    pll_inst/inst/clk_out1_pll
    BUFGCTRL_X0Y1        BUFG (Prop_bufg_I_O)         0.093    -3.833 r  pll_inst/inst/clkout1_buf/O
                         net (fo=546, routed)         1.401    -2.432    uart_inst/clk_out1
    SLICE_X87Y108        FDCE                                         r  uart_inst/rx_data_reg[2]/C
  -------------------------------------------------------------------    -------------------
    SLICE_X87Y108        FDCE (Prop_fdce_C_Q)         0.223    -2.209 f  uart_inst/rx_data_reg[2]/Q
                         net (fo=17, routed)          0.899    -1.310    uart_inst/rx_data[2]
    SLICE_X72Y104        LUT3 (Prop_lut3_I0_O)        0.051    -1.259 r  uart_inst/sw[63]_i_4/O
                         net (fo=3, routed)           0.256    -1.004    uart_inst/sw[63]_i_4_n_0
    SLICE_X72Y104        LUT6 (Prop_lut6_I1_O)        0.136    -0.868 f  uart_inst/sw[62]_i_3/O
                         net (fo=4, routed)           0.559    -0.309    uart_inst/sw[62]_i_3_n_0
    SLICE_X69Y104        LUT2 (Prop_lut2_I0_O)        0.043    -0.266 f  uart_inst/sw[62]_i_2/O
                         net (fo=32, routed)          1.029     0.763    uart_inst/sw[62]_i_2_n_0
    SLICE_X55Y102        LUT6 (Prop_lut6_I2_O)        0.043     0.806 r  uart_inst/sw[37]_i_1/O
                         net (fo=1, routed)           0.000     0.806    twin_controller_inst/sw_reg[37]_0
    SLICE_X55Y102        FDCE                                         r  twin_controller_inst/sw_reg[37]/D
  -------------------------------------------------------------------    -------------------

                         (clock clk_out1_pll rise edge)
                                                     20.000    20.000 r  
    AD12                                              0.000    20.000 r  i_sys_clk_p (IN)
                         net (fo=0)                   0.000    20.000    pll_inst/inst/clk_in1_p
    AD12                 IBUFDS (Prop_ibufds_I_O)     0.803    20.803 r  pll_inst/inst/clkin1_ibufgds/O
                         net (fo=1, routed)           1.001    21.804    pll_inst/inst/clk_in1_pll
    PLLE2_ADV_X1Y1       PLLE2_ADV (Prop_plle2_adv_CLKIN1_CLKOUT0)
                                                     -7.261    14.543 r  pll_inst/inst/plle2_adv_inst/CLKOUT0
                         net (fo=1, routed)           2.003    16.546    pll_inst/inst/clk_out1_pll
    BUFGCTRL_X0Y1        BUFG (Prop_bufg_I_O)         0.083    16.629 r  pll_inst/inst/clkout1_buf/O
                         net (fo=546, routed)         1.261    17.890    twin_controller_inst/CLK
    SLICE_X55Y102        FDCE                                         r  twin_controller_inst/sw_reg[37]/C
                         clock pessimism             -0.448    17.443    
                         clock uncertainty           -0.079    17.364    
    SLICE_X55Y102        FDCE (Setup_fdce_C_D)        0.034    17.398    twin_controller_inst/sw_reg[37]
  -------------------------------------------------------------------
                         required time                         17.398    
                         arrival time                          -0.806    
  -------------------------------------------------------------------
                         slack                                 16.591    

Slack (MET) :             16.591ns  (required time - arrival time)
  Source:                 uart_inst/rx_data_reg[2]/C
                            (rising edge-triggered cell FDCE clocked by clk_out1_pll  {rise@0.000ns fall@10.000ns period=20.000ns})
  Destination:            twin_controller_inst/sw_reg[37]/D
                            (rising edge-triggered cell FDCE clocked by clk_out1_pll  {rise@0.000ns fall@10.000ns period=20.000ns})
  Path Group:             clk_out1_pll
  Path Type:              Setup (Max at Slow Process Corner)
  Requirement:            20.000ns  (clk_out1_pll rise@20.000ns - clk_out1_pll rise@0.000ns)
  Data Path Delay:        3.239ns  (logic 0.496ns (15.314%)  route 2.743ns (84.686%))
  Logic Levels:           4  (LUT2=1 LUT3=1 LUT6=2)
  Clock Path Skew:        -0.125ns (DCD - SCD + CPR)
    Destination Clock Delay (DCD):    -2.110ns = ( 17.890 - 20.000 ) 
    Source Clock Delay      (SCD):    -2.432ns
    Clock Pessimism Removal (CPR):    -0.448ns
  Clock Uncertainty:      0.079ns  ((TSJ^2 + DJ^2)^1/2) / 2 + PE
    Total System Jitter     (TSJ):    0.071ns
    Discrete Jitter          (DJ):    0.141ns
    Phase Error              (PE):    0.000ns

    Location             Delay type                Incr(ns)  Path(ns)    Netlist Resource(s)
  -------------------------------------------------------------------    -------------------
                         (clock clk_out1_pll rise edge)
                                                      0.000     0.000 r  
    AD12                                              0.000     0.000 r  i_sys_clk_p (IN)
                         net (fo=0)                   0.000     0.000    pll_inst/inst/clk_in1_p
    AD12                 IBUFDS (Prop_ibufds_I_O)     0.906     0.906 r  pll_inst/inst/clkin1_ibufgds/O
                         net (fo=1, routed)           1.098     2.004    pll_inst/inst/clk_in1_pll
    PLLE2_ADV_X1Y1       PLLE2_ADV (Prop_plle2_adv_CLKIN1_CLKOUT0)
                                                     -8.058    -6.054 r  pll_inst/inst/plle2_adv_inst/CLKOUT0
                         net (fo=1, routed)           2.128    -3.926    pll_inst/inst/clk_out1_pll
    BUFGCTRL_X0Y1        BUFG (Prop_bufg_I_O)         0.093    -3.833 r  pll_inst/inst/clkout1_buf/O
                         net (fo=546, routed)         1.401    -2.432    uart_inst/clk_out1
    SLICE_X87Y108        FDCE                                         r  uart_inst/rx_data_reg[2]/C
  -------------------------------------------------------------------    -------------------
    SLICE_X87Y108        FDCE (Prop_fdce_C_Q)         0.223    -2.209 r  uart_inst/rx_data_reg[2]/Q
                         net (fo=17, routed)          0.899    -1.310    uart_inst/rx_data[2]
    SLICE_X72Y104        LUT3 (Prop_lut3_I0_O)        0.051    -1.259 f  uart_inst/sw[63]_i_4/O
                         net (fo=3, routed)           0.256    -1.004    uart_inst/sw[63]_i_4_n_0
    SLICE_X72Y104        LUT6 (Prop_lut6_I1_O)        0.136    -0.868 f  uart_inst/sw[62]_i_3/O
                         net (fo=4, routed)           0.559    -0.309    uart_inst/sw[62]_i_3_n_0
    SLICE_X69Y104        LUT2 (Prop_lut2_I0_O)        0.043    -0.266 f  uart_inst/sw[62]_i_2/O
                         net (fo=32, routed)          1.029     0.763    uart_inst/sw[62]_i_2_n_0
    SLICE_X55Y102        LUT6 (Prop_lut6_I2_O)        0.043     0.806 r  uart_inst/sw[37]_i_1/O
                         net (fo=1, routed)           0.000     0.806    twin_controller_inst/sw_reg[37]_0
    SLICE_X55Y102        FDCE                                         r  twin_controller_inst/sw_reg[37]/D
  -------------------------------------------------------------------    -------------------

                         (clock clk_out1_pll rise edge)
                                                     20.000    20.000 r  
    AD12                                              0.000    20.000 r  i_sys_clk_p (IN)
                         net (fo=0)                   0.000    20.000    pll_inst/inst/clk_in1_p
    AD12                 IBUFDS (Prop_ibufds_I_O)     0.803    20.803 r  pll_inst/inst/clkin1_ibufgds/O
                         net (fo=1, routed)           1.001    21.804    pll_inst/inst/clk_in1_pll
    PLLE2_ADV_X1Y1       PLLE2_ADV (Prop_plle2_adv_CLKIN1_CLKOUT0)
                                                     -7.261    14.543 r  pll_inst/inst/plle2_adv_inst/CLKOUT0
                         net (fo=1, routed)           2.003    16.546    pll_inst/inst/clk_out1_pll
    BUFGCTRL_X0Y1        BUFG (Prop_bufg_I_O)         0.083    16.629 r  pll_inst/inst/clkout1_buf/O
                         net (fo=546, routed)         1.261    17.890    twin_controller_inst/CLK
    SLICE_X55Y102        FDCE                                         r  twin_controller_inst/sw_reg[37]/C
                         clock pessimism             -0.448    17.443    
                         clock uncertainty           -0.079    17.364    
    SLICE_X55Y102        FDCE (Setup_fdce_C_D)        0.034    17.398    twin_controller_inst/sw_reg[37]
  -------------------------------------------------------------------
                         required time                         17.398    
                         arrival time                          -0.806    
  -------------------------------------------------------------------
                         slack                                 16.591    

Slack (MET) :             16.591ns  (required time - arrival time)
  Source:                 uart_inst/rx_data_reg[2]/C
                            (rising edge-triggered cell FDCE clocked by clk_out1_pll  {rise@0.000ns fall@10.000ns period=20.000ns})
  Destination:            twin_controller_inst/sw_reg[37]/D
                            (rising edge-triggered cell FDCE clocked by clk_out1_pll  {rise@0.000ns fall@10.000ns period=20.000ns})
  Path Group:             clk_out1_pll
  Path Type:              Setup (Max at Slow Process Corner)
  Requirement:            20.000ns  (clk_out1_pll rise@20.000ns - clk_out1_pll rise@0.000ns)
  Data Path Delay:        3.239ns  (logic 0.496ns (15.314%)  route 2.743ns (84.686%))
  Logic Levels:           4  (LUT2=1 LUT3=1 LUT6=2)
  Clock Path Skew:        -0.125ns (DCD - SCD + CPR)
    Destination Clock Delay (DCD):    -2.110ns = ( 17.890 - 20.000 ) 
    Source Clock Delay      (SCD):    -2.432ns
    Clock Pessimism Removal (CPR):    -0.448ns
  Clock Uncertainty:      0.079ns  ((TSJ^2 + DJ^2)^1/2) / 2 + PE
    Total System Jitter     (TSJ):    0.071ns
    Discrete Jitter          (DJ):    0.141ns
    Phase Error              (PE):    0.000ns

    Location             Delay type                Incr(ns)  Path(ns)    Netlist Resource(s)
  -------------------------------------------------------------------    -------------------
                         (clock clk_out1_pll rise edge)
                                                      0.000     0.000 r  
    AD12                                              0.000     0.000 r  i_sys_clk_p (IN)
                         net (fo=0)                   0.000     0.000    pll_inst/inst/clk_in1_p
    AD12                 IBUFDS (Prop_ibufds_I_O)     0.906     0.906 r  pll_inst/inst/clkin1_ibufgds/O
                         net (fo=1, routed)           1.098     2.004    pll_inst/inst/clk_in1_pll
    PLLE2_ADV_X1Y1       PLLE2_ADV (Prop_plle2_adv_CLKIN1_CLKOUT0)
                                                     -8.058    -6.054 r  pll_inst/inst/plle2_adv_inst/CLKOUT0
                         net (fo=1, routed)           2.128    -3.926    pll_inst/inst/clk_out1_pll
    BUFGCTRL_X0Y1        BUFG (Prop_bufg_I_O)         0.093    -3.833 r  pll_inst/inst/clkout1_buf/O
                         net (fo=546, routed)         1.401    -2.432    uart_inst/clk_out1
    SLICE_X87Y108        FDCE                                         r  uart_inst/rx_data_reg[2]/C
  -------------------------------------------------------------------    -------------------
    SLICE_X87Y108        FDCE (Prop_fdce_C_Q)         0.223    -2.209 f  uart_inst/rx_data_reg[2]/Q
                         net (fo=17, routed)          0.899    -1.310    uart_inst/rx_data[2]
    SLICE_X72Y104        LUT3 (Prop_lut3_I0_O)        0.051    -1.259 r  uart_inst/sw[63]_i_4/O
                         net (fo=3, routed)           0.256    -1.004    uart_inst/sw[63]_i_4_n_0
    SLICE_X72Y104        LUT6 (Prop_lut6_I1_O)        0.136    -0.868 r  uart_inst/sw[62]_i_3/O
                         net (fo=4, routed)           0.559    -0.309    uart_inst/sw[62]_i_3_n_0
    SLICE_X69Y104        LUT2 (Prop_lut2_I0_O)        0.043    -0.266 r  uart_inst/sw[62]_i_2/O
                         net (fo=32, routed)          1.029     0.763    uart_inst/sw[62]_i_2_n_0
    SLICE_X55Y102        LUT6 (Prop_lut6_I2_O)        0.043     0.806 f  uart_inst/sw[37]_i_1/O
                         net (fo=1, routed)           0.000     0.806    twin_controller_inst/sw_reg[37]_0
    SLICE_X55Y102        FDCE                                         f  twin_controller_inst/sw_reg[37]/D
  -------------------------------------------------------------------    -------------------

                         (clock clk_out1_pll rise edge)
                                                     20.000    20.000 r  
    AD12                                              0.000    20.000 r  i_sys_clk_p (IN)
                         net (fo=0)                   0.000    20.000    pll_inst/inst/clk_in1_p
    AD12                 IBUFDS (Prop_ibufds_I_O)     0.803    20.803 r  pll_inst/inst/clkin1_ibufgds/O
                         net (fo=1, routed)           1.001    21.804    pll_inst/inst/clk_in1_pll
    PLLE2_ADV_X1Y1       PLLE2_ADV (Prop_plle2_adv_CLKIN1_CLKOUT0)
                                                     -7.261    14.543 r  pll_inst/inst/plle2_adv_inst/CLKOUT0
                         net (fo=1, routed)           2.003    16.546    pll_inst/inst/clk_out1_pll
    BUFGCTRL_X0Y1        BUFG (Prop_bufg_I_O)         0.083    16.629 r  pll_inst/inst/clkout1_buf/O
                         net (fo=546, routed)         1.261    17.890    twin_controller_inst/CLK
    SLICE_X55Y102        FDCE                                         r  twin_controller_inst/sw_reg[37]/C
                         clock pessimism             -0.448    17.443    
                         clock uncertainty           -0.079    17.364    
    SLICE_X55Y102        FDCE (Setup_fdce_C_D)        0.034    17.398    twin_controller_inst/sw_reg[37]
  -------------------------------------------------------------------
                         required time                         17.398    
                         arrival time                          -0.806    
  -------------------------------------------------------------------
                         slack                                 16.591    

Slack (MET) :             16.633ns  (required time - arrival time)
  Source:                 uart_inst/rx_data_reg[2]/C
                            (rising edge-triggered cell FDCE clocked by clk_out1_pll  {rise@0.000ns fall@10.000ns period=20.000ns})
  Destination:            twin_controller_inst/sw_reg[43]/D
                            (rising edge-triggered cell FDCE clocked by clk_out1_pll  {rise@0.000ns fall@10.000ns period=20.000ns})
  Path Group:             clk_out1_pll
  Path Type:              Setup (Max at Slow Process Corner)
  Requirement:            20.000ns  (clk_out1_pll rise@20.000ns - clk_out1_pll rise@0.000ns)
  Data Path Delay:        3.196ns  (logic 0.496ns (15.521%)  route 2.700ns (84.479%))
  Logic Levels:           4  (LUT2=1 LUT3=1 LUT6=2)
  Clock Path Skew:        -0.125ns (DCD - SCD + CPR)
    Destination Clock Delay (DCD):    -2.110ns = ( 17.890 - 20.000 ) 
    Source Clock Delay      (SCD):    -2.432ns
    Clock Pessimism Removal (CPR):    -0.448ns
  Clock Uncertainty:      0.079ns  ((TSJ^2 + DJ^2)^1/2) / 2 + PE
    Total System Jitter     (TSJ):    0.071ns
    Discrete Jitter          (DJ):    0.141ns
    Phase Error              (PE):    0.000ns

    Location             Delay type                Incr(ns)  Path(ns)    Netlist Resource(s)
  -------------------------------------------------------------------    -------------------
                         (clock clk_out1_pll rise edge)
                                                      0.000     0.000 r  
    AD12                                              0.000     0.000 r  i_sys_clk_p (IN)
                         net (fo=0)                   0.000     0.000    pll_inst/inst/clk_in1_p
    AD12                 IBUFDS (Prop_ibufds_I_O)     0.906     0.906 r  pll_inst/inst/clkin1_ibufgds/O
                         net (fo=1, routed)           1.098     2.004    pll_inst/inst/clk_in1_pll
    PLLE2_ADV_X1Y1       PLLE2_ADV (Prop_plle2_adv_CLKIN1_CLKOUT0)
                                                     -8.058    -6.054 r  pll_inst/inst/plle2_adv_inst/CLKOUT0
                         net (fo=1, routed)           2.128    -3.926    pll_inst/inst/clk_out1_pll
    BUFGCTRL_X0Y1        BUFG (Prop_bufg_I_O)         0.093    -3.833 r  pll_inst/inst/clkout1_buf/O
                         net (fo=546, routed)         1.401    -2.432    uart_inst/clk_out1
    SLICE_X87Y108        FDCE                                         r  uart_inst/rx_data_reg[2]/C
  -------------------------------------------------------------------    -------------------
    SLICE_X87Y108        FDCE (Prop_fdce_C_Q)         0.223    -2.209 f  uart_inst/rx_data_reg[2]/Q
                         net (fo=17, routed)          0.899    -1.310    uart_inst/rx_data[2]
    SLICE_X72Y104        LUT3 (Prop_lut3_I0_O)        0.051    -1.259 r  uart_inst/sw[63]_i_4/O
                         net (fo=3, routed)           0.256    -1.004    uart_inst/sw[63]_i_4_n_0
    SLICE_X72Y104        LUT6 (Prop_lut6_I1_O)        0.136    -0.868 r  uart_inst/sw[62]_i_3/O
                         net (fo=4, routed)           0.559    -0.309    uart_inst/sw[62]_i_3_n_0
    SLICE_X69Y104        LUT2 (Prop_lut2_I0_O)        0.043    -0.266 r  uart_inst/sw[62]_i_2/O
                         net (fo=32, routed)          0.986     0.720    uart_inst/sw[62]_i_2_n_0
    SLICE_X57Y103        LUT6 (Prop_lut6_I2_O)        0.043     0.763 r  uart_inst/sw[43]_i_1/O
                         net (fo=1, routed)           0.000     0.763    twin_controller_inst/sw_reg[43]_0
    SLICE_X57Y103        FDCE                                         r  twin_controller_inst/sw_reg[43]/D
  -------------------------------------------------------------------    -------------------

                         (clock clk_out1_pll rise edge)
                                                     20.000    20.000 r  
    AD12                                              0.000    20.000 r  i_sys_clk_p (IN)
                         net (fo=0)                   0.000    20.000    pll_inst/inst/clk_in1_p
    AD12                 IBUFDS (Prop_ibufds_I_O)     0.803    20.803 r  pll_inst/inst/clkin1_ibufgds/O
                         net (fo=1, routed)           1.001    21.804    pll_inst/inst/clk_in1_pll
    PLLE2_ADV_X1Y1       PLLE2_ADV (Prop_plle2_adv_CLKIN1_CLKOUT0)
                                                     -7.261    14.543 r  pll_inst/inst/plle2_adv_inst/CLKOUT0
                         net (fo=1, routed)           2.003    16.546    pll_inst/inst/clk_out1_pll
    BUFGCTRL_X0Y1        BUFG (Prop_bufg_I_O)         0.083    16.629 r  pll_inst/inst/clkout1_buf/O
                         net (fo=546, routed)         1.261    17.890    twin_controller_inst/CLK
    SLICE_X57Y103        FDCE                                         r  twin_controller_inst/sw_reg[43]/C
                         clock pessimism             -0.448    17.443    
                         clock uncertainty           -0.079    17.364    
    SLICE_X57Y103        FDCE (Setup_fdce_C_D)        0.033    17.397    twin_controller_inst/sw_reg[43]
  -------------------------------------------------------------------
                         required time                         17.397    
                         arrival time                          -0.763    
  -------------------------------------------------------------------
                         slack                                 16.633    

Slack (MET) :             16.633ns  (required time - arrival time)
  Source:                 uart_inst/rx_data_reg[2]/C
                            (rising edge-triggered cell FDCE clocked by clk_out1_pll  {rise@0.000ns fall@10.000ns period=20.000ns})
  Destination:            twin_controller_inst/sw_reg[43]/D
                            (rising edge-triggered cell FDCE clocked by clk_out1_pll  {rise@0.000ns fall@10.000ns period=20.000ns})
  Path Group:             clk_out1_pll
  Path Type:              Setup (Max at Slow Process Corner)
  Requirement:            20.000ns  (clk_out1_pll rise@20.000ns - clk_out1_pll rise@0.000ns)
  Data Path Delay:        3.196ns  (logic 0.496ns (15.521%)  route 2.700ns (84.479%))
  Logic Levels:           4  (LUT2=1 LUT3=1 LUT6=2)
  Clock Path Skew:        -0.125ns (DCD - SCD + CPR)
    Destination Clock Delay (DCD):    -2.110ns = ( 17.890 - 20.000 ) 
    Source Clock Delay      (SCD):    -2.432ns
    Clock Pessimism Removal (CPR):    -0.448ns
  Clock Uncertainty:      0.079ns  ((TSJ^2 + DJ^2)^1/2) / 2 + PE
    Total System Jitter     (TSJ):    0.071ns
    Discrete Jitter          (DJ):    0.141ns
    Phase Error              (PE):    0.000ns

    Location             Delay type                Incr(ns)  Path(ns)    Netlist Resource(s)
  -------------------------------------------------------------------    -------------------
                         (clock clk_out1_pll rise edge)
                                                      0.000     0.000 r  
    AD12                                              0.000     0.000 r  i_sys_clk_p (IN)
                         net (fo=0)                   0.000     0.000    pll_inst/inst/clk_in1_p
    AD12                 IBUFDS (Prop_ibufds_I_O)     0.906     0.906 r  pll_inst/inst/clkin1_ibufgds/O
                         net (fo=1, routed)           1.098     2.004    pll_inst/inst/clk_in1_pll
    PLLE2_ADV_X1Y1       PLLE2_ADV (Prop_plle2_adv_CLKIN1_CLKOUT0)
                                                     -8.058    -6.054 r  pll_inst/inst/plle2_adv_inst/CLKOUT0
                         net (fo=1, routed)           2.128    -3.926    pll_inst/inst/clk_out1_pll
    BUFGCTRL_X0Y1        BUFG (Prop_bufg_I_O)         0.093    -3.833 r  pll_inst/inst/clkout1_buf/O
                         net (fo=546, routed)         1.401    -2.432    uart_inst/clk_out1
    SLICE_X87Y108        FDCE                                         r  uart_inst/rx_data_reg[2]/C
  -------------------------------------------------------------------    -------------------
    SLICE_X87Y108        FDCE (Prop_fdce_C_Q)         0.223    -2.209 r  uart_inst/rx_data_reg[2]/Q
                         net (fo=17, routed)          0.899    -1.310    uart_inst/rx_data[2]
    SLICE_X72Y104        LUT3 (Prop_lut3_I0_O)        0.051    -1.259 f  uart_inst/sw[63]_i_4/O
                         net (fo=3, routed)           0.256    -1.004    uart_inst/sw[63]_i_4_n_0
    SLICE_X72Y104        LUT6 (Prop_lut6_I1_O)        0.136    -0.868 r  uart_inst/sw[62]_i_3/O
                         net (fo=4, routed)           0.559    -0.309    uart_inst/sw[62]_i_3_n_0
    SLICE_X69Y104        LUT2 (Prop_lut2_I0_O)        0.043    -0.266 r  uart_inst/sw[62]_i_2/O
                         net (fo=32, routed)          0.986     0.720    uart_inst/sw[62]_i_2_n_0
    SLICE_X57Y103        LUT6 (Prop_lut6_I2_O)        0.043     0.763 r  uart_inst/sw[43]_i_1/O
                         net (fo=1, routed)           0.000     0.763    twin_controller_inst/sw_reg[43]_0
    SLICE_X57Y103        FDCE                                         r  twin_controller_inst/sw_reg[43]/D
  -------------------------------------------------------------------    -------------------

                         (clock clk_out1_pll rise edge)
                                                     20.000    20.000 r  
    AD12                                              0.000    20.000 r  i_sys_clk_p (IN)
                         net (fo=0)                   0.000    20.000    pll_inst/inst/clk_in1_p
    AD12                 IBUFDS (Prop_ibufds_I_O)     0.803    20.803 r  pll_inst/inst/clkin1_ibufgds/O
                         net (fo=1, routed)           1.001    21.804    pll_inst/inst/clk_in1_pll
    PLLE2_ADV_X1Y1       PLLE2_ADV (Prop_plle2_adv_CLKIN1_CLKOUT0)
                                                     -7.261    14.543 r  pll_inst/inst/plle2_adv_inst/CLKOUT0
                         net (fo=1, routed)           2.003    16.546    pll_inst/inst/clk_out1_pll
    BUFGCTRL_X0Y1        BUFG (Prop_bufg_I_O)         0.083    16.629 r  pll_inst/inst/clkout1_buf/O
                         net (fo=546, routed)         1.261    17.890    twin_controller_inst/CLK
    SLICE_X57Y103        FDCE                                         r  twin_controller_inst/sw_reg[43]/C
                         clock pessimism             -0.448    17.443    
                         clock uncertainty           -0.079    17.364    
    SLICE_X57Y103        FDCE (Setup_fdce_C_D)        0.033    17.397    twin_controller_inst/sw_reg[43]
  -------------------------------------------------------------------
                         required time                         17.397    
                         arrival time                          -0.763    
  -------------------------------------------------------------------
                         slack                                 16.633    

Slack (MET) :             16.633ns  (required time - arrival time)
  Source:                 uart_inst/rx_data_reg[2]/C
                            (rising edge-triggered cell FDCE clocked by clk_out1_pll  {rise@0.000ns fall@10.000ns period=20.000ns})
  Destination:            twin_controller_inst/sw_reg[43]/D
                            (rising edge-triggered cell FDCE clocked by clk_out1_pll  {rise@0.000ns fall@10.000ns period=20.000ns})
  Path Group:             clk_out1_pll
  Path Type:              Setup (Max at Slow Process Corner)
  Requirement:            20.000ns  (clk_out1_pll rise@20.000ns - clk_out1_pll rise@0.000ns)
  Data Path Delay:        3.196ns  (logic 0.496ns (15.521%)  route 2.700ns (84.479%))
  Logic Levels:           4  (LUT2=1 LUT3=1 LUT6=2)
  Clock Path Skew:        -0.125ns (DCD - SCD + CPR)
    Destination Clock Delay (DCD):    -2.110ns = ( 17.890 - 20.000 ) 
    Source Clock Delay      (SCD):    -2.432ns
    Clock Pessimism Removal (CPR):    -0.448ns
  Clock Uncertainty:      0.079ns  ((TSJ^2 + DJ^2)^1/2) / 2 + PE
    Total System Jitter     (TSJ):    0.071ns
    Discrete Jitter          (DJ):    0.141ns
    Phase Error              (PE):    0.000ns

    Location             Delay type                Incr(ns)  Path(ns)    Netlist Resource(s)
  -------------------------------------------------------------------    -------------------
                         (clock clk_out1_pll rise edge)
                                                      0.000     0.000 r  
    AD12                                              0.000     0.000 r  i_sys_clk_p (IN)
                         net (fo=0)                   0.000     0.000    pll_inst/inst/clk_in1_p
    AD12                 IBUFDS (Prop_ibufds_I_O)     0.906     0.906 r  pll_inst/inst/clkin1_ibufgds/O
                         net (fo=1, routed)           1.098     2.004    pll_inst/inst/clk_in1_pll
    PLLE2_ADV_X1Y1       PLLE2_ADV (Prop_plle2_adv_CLKIN1_CLKOUT0)
                                                     -8.058    -6.054 r  pll_inst/inst/plle2_adv_inst/CLKOUT0
                         net (fo=1, routed)           2.128    -3.926    pll_inst/inst/clk_out1_pll
    BUFGCTRL_X0Y1        BUFG (Prop_bufg_I_O)         0.093    -3.833 r  pll_inst/inst/clkout1_buf/O
                         net (fo=546, routed)         1.401    -2.432    uart_inst/clk_out1
    SLICE_X87Y108        FDCE                                         r  uart_inst/rx_data_reg[2]/C
  -------------------------------------------------------------------    -------------------
    SLICE_X87Y108        FDCE (Prop_fdce_C_Q)         0.223    -2.209 f  uart_inst/rx_data_reg[2]/Q
                         net (fo=17, routed)          0.899    -1.310    uart_inst/rx_data[2]
    SLICE_X72Y104        LUT3 (Prop_lut3_I0_O)        0.051    -1.259 r  uart_inst/sw[63]_i_4/O
                         net (fo=3, routed)           0.256    -1.004    uart_inst/sw[63]_i_4_n_0
    SLICE_X72Y104        LUT6 (Prop_lut6_I1_O)        0.136    -0.868 f  uart_inst/sw[62]_i_3/O
                         net (fo=4, routed)           0.559    -0.309    uart_inst/sw[62]_i_3_n_0
    SLICE_X69Y104        LUT2 (Prop_lut2_I0_O)        0.043    -0.266 f  uart_inst/sw[62]_i_2/O
                         net (fo=32, routed)          0.986     0.720    uart_inst/sw[62]_i_2_n_0
    SLICE_X57Y103        LUT6 (Prop_lut6_I2_O)        0.043     0.763 r  uart_inst/sw[43]_i_1/O
                         net (fo=1, routed)           0.000     0.763    twin_controller_inst/sw_reg[43]_0
    SLICE_X57Y103        FDCE                                         r  twin_controller_inst/sw_reg[43]/D
  -------------------------------------------------------------------    -------------------

                         (clock clk_out1_pll rise edge)
                                                     20.000    20.000 r  
    AD12                                              0.000    20.000 r  i_sys_clk_p (IN)
                         net (fo=0)                   0.000    20.000    pll_inst/inst/clk_in1_p
    AD12                 IBUFDS (Prop_ibufds_I_O)     0.803    20.803 r  pll_inst/inst/clkin1_ibufgds/O
                         net (fo=1, routed)           1.001    21.804    pll_inst/inst/clk_in1_pll
    PLLE2_ADV_X1Y1       PLLE2_ADV (Prop_plle2_adv_CLKIN1_CLKOUT0)
                                                     -7.261    14.543 r  pll_inst/inst/plle2_adv_inst/CLKOUT0
                         net (fo=1, routed)           2.003    16.546    pll_inst/inst/clk_out1_pll
    BUFGCTRL_X0Y1        BUFG (Prop_bufg_I_O)         0.083    16.629 r  pll_inst/inst/clkout1_buf/O
                         net (fo=546, routed)         1.261    17.890    twin_controller_inst/CLK
    SLICE_X57Y103        FDCE                                         r  twin_controller_inst/sw_reg[43]/C
                         clock pessimism             -0.448    17.443    
                         clock uncertainty           -0.079    17.364    
    SLICE_X57Y103        FDCE (Setup_fdce_C_D)        0.033    17.397    twin_controller_inst/sw_reg[43]
  -------------------------------------------------------------------
                         required time                         17.397    
                         arrival time                          -0.763    
  -------------------------------------------------------------------
                         slack                                 16.633    

Slack (MET) :             16.633ns  (required time - arrival time)
  Source:                 uart_inst/rx_data_reg[2]/C
                            (rising edge-triggered cell FDCE clocked by clk_out1_pll  {rise@0.000ns fall@10.000ns period=20.000ns})
  Destination:            twin_controller_inst/sw_reg[43]/D
                            (rising edge-triggered cell FDCE clocked by clk_out1_pll  {rise@0.000ns fall@10.000ns period=20.000ns})
  Path Group:             clk_out1_pll
  Path Type:              Setup (Max at Slow Process Corner)
  Requirement:            20.000ns  (clk_out1_pll rise@20.000ns - clk_out1_pll rise@0.000ns)
  Data Path Delay:        3.196ns  (logic 0.496ns (15.521%)  route 2.700ns (84.479%))
  Logic Levels:           4  (LUT2=1 LUT3=1 LUT6=2)
  Clock Path Skew:        -0.125ns (DCD - SCD + CPR)
    Destination Clock Delay (DCD):    -2.110ns = ( 17.890 - 20.000 ) 
    Source Clock Delay      (SCD):    -2.432ns
    Clock Pessimism Removal (CPR):    -0.448ns
  Clock Uncertainty:      0.079ns  ((TSJ^2 + DJ^2)^1/2) / 2 + PE
    Total System Jitter     (TSJ):    0.071ns
    Discrete Jitter          (DJ):    0.141ns
    Phase Error              (PE):    0.000ns

    Location             Delay type                Incr(ns)  Path(ns)    Netlist Resource(s)
  -------------------------------------------------------------------    -------------------
                         (clock clk_out1_pll rise edge)
                                                      0.000     0.000 r  
    AD12                                              0.000     0.000 r  i_sys_clk_p (IN)
                         net (fo=0)                   0.000     0.000    pll_inst/inst/clk_in1_p
    AD12                 IBUFDS (Prop_ibufds_I_O)     0.906     0.906 r  pll_inst/inst/clkin1_ibufgds/O
                         net (fo=1, routed)           1.098     2.004    pll_inst/inst/clk_in1_pll
    PLLE2_ADV_X1Y1       PLLE2_ADV (Prop_plle2_adv_CLKIN1_CLKOUT0)
                                                     -8.058    -6.054 r  pll_inst/inst/plle2_adv_inst/CLKOUT0
                         net (fo=1, routed)           2.128    -3.926    pll_inst/inst/clk_out1_pll
    BUFGCTRL_X0Y1        BUFG (Prop_bufg_I_O)         0.093    -3.833 r  pll_inst/inst/clkout1_buf/O
                         net (fo=546, routed)         1.401    -2.432    uart_inst/clk_out1
    SLICE_X87Y108        FDCE                                         r  uart_inst/rx_data_reg[2]/C
  -------------------------------------------------------------------    -------------------
    SLICE_X87Y108        FDCE (Prop_fdce_C_Q)         0.223    -2.209 r  uart_inst/rx_data_reg[2]/Q
                         net (fo=17, routed)          0.899    -1.310    uart_inst/rx_data[2]
    SLICE_X72Y104        LUT3 (Prop_lut3_I0_O)        0.051    -1.259 f  uart_inst/sw[63]_i_4/O
                         net (fo=3, routed)           0.256    -1.004    uart_inst/sw[63]_i_4_n_0
    SLICE_X72Y104        LUT6 (Prop_lut6_I1_O)        0.136    -0.868 f  uart_inst/sw[62]_i_3/O
                         net (fo=4, routed)           0.559    -0.309    uart_inst/sw[62]_i_3_n_0
    SLICE_X69Y104        LUT2 (Prop_lut2_I0_O)        0.043    -0.266 f  uart_inst/sw[62]_i_2/O
                         net (fo=32, routed)          0.986     0.720    uart_inst/sw[62]_i_2_n_0
    SLICE_X57Y103        LUT6 (Prop_lut6_I2_O)        0.043     0.763 r  uart_inst/sw[43]_i_1/O
                         net (fo=1, routed)           0.000     0.763    twin_controller_inst/sw_reg[43]_0
    SLICE_X57Y103        FDCE                                         r  twin_controller_inst/sw_reg[43]/D
  -------------------------------------------------------------------    -------------------

                         (clock clk_out1_pll rise edge)
                                                     20.000    20.000 r  
    AD12                                              0.000    20.000 r  i_sys_clk_p (IN)
                         net (fo=0)                   0.000    20.000    pll_inst/inst/clk_in1_p
    AD12                 IBUFDS (Prop_ibufds_I_O)     0.803    20.803 r  pll_inst/inst/clkin1_ibufgds/O
                         net (fo=1, routed)           1.001    21.804    pll_inst/inst/clk_in1_pll
    PLLE2_ADV_X1Y1       PLLE2_ADV (Prop_plle2_adv_CLKIN1_CLKOUT0)
                                                     -7.261    14.543 r  pll_inst/inst/plle2_adv_inst/CLKOUT0
                         net (fo=1, routed)           2.003    16.546    pll_inst/inst/clk_out1_pll
    BUFGCTRL_X0Y1        BUFG (Prop_bufg_I_O)         0.083    16.629 r  pll_inst/inst/clkout1_buf/O
                         net (fo=546, routed)         1.261    17.890    twin_controller_inst/CLK
    SLICE_X57Y103        FDCE                                         r  twin_controller_inst/sw_reg[43]/C
                         clock pessimism             -0.448    17.443    
                         clock uncertainty           -0.079    17.364    
    SLICE_X57Y103        FDCE (Setup_fdce_C_D)        0.033    17.397    twin_controller_inst/sw_reg[43]
  -------------------------------------------------------------------
                         required time                         17.397    
                         arrival time                          -0.763    
  -------------------------------------------------------------------
                         slack                                 16.633    

Slack (MET) :             16.633ns  (required time - arrival time)
  Source:                 uart_inst/rx_data_reg[2]/C
                            (rising edge-triggered cell FDCE clocked by clk_out1_pll  {rise@0.000ns fall@10.000ns period=20.000ns})
  Destination:            twin_controller_inst/sw_reg[43]/D
                            (rising edge-triggered cell FDCE clocked by clk_out1_pll  {rise@0.000ns fall@10.000ns period=20.000ns})
  Path Group:             clk_out1_pll
  Path Type:              Setup (Max at Slow Process Corner)
  Requirement:            20.000ns  (clk_out1_pll rise@20.000ns - clk_out1_pll rise@0.000ns)
  Data Path Delay:        3.196ns  (logic 0.496ns (15.521%)  route 2.700ns (84.479%))
  Logic Levels:           4  (LUT2=1 LUT3=1 LUT6=2)
  Clock Path Skew:        -0.125ns (DCD - SCD + CPR)
    Destination Clock Delay (DCD):    -2.110ns = ( 17.890 - 20.000 ) 
    Source Clock Delay      (SCD):    -2.432ns
    Clock Pessimism Removal (CPR):    -0.448ns
  Clock Uncertainty:      0.079ns  ((TSJ^2 + DJ^2)^1/2) / 2 + PE
    Total System Jitter     (TSJ):    0.071ns
    Discrete Jitter          (DJ):    0.141ns
    Phase Error              (PE):    0.000ns

    Location             Delay type                Incr(ns)  Path(ns)    Netlist Resource(s)
  -------------------------------------------------------------------    -------------------
                         (clock clk_out1_pll rise edge)
                                                      0.000     0.000 r  
    AD12                                              0.000     0.000 r  i_sys_clk_p (IN)
                         net (fo=0)                   0.000     0.000    pll_inst/inst/clk_in1_p
    AD12                 IBUFDS (Prop_ibufds_I_O)     0.906     0.906 r  pll_inst/inst/clkin1_ibufgds/O
                         net (fo=1, routed)           1.098     2.004    pll_inst/inst/clk_in1_pll
    PLLE2_ADV_X1Y1       PLLE2_ADV (Prop_plle2_adv_CLKIN1_CLKOUT0)
                                                     -8.058    -6.054 r  pll_inst/inst/plle2_adv_inst/CLKOUT0
                         net (fo=1, routed)           2.128    -3.926    pll_inst/inst/clk_out1_pll
    BUFGCTRL_X0Y1        BUFG (Prop_bufg_I_O)         0.093    -3.833 r  pll_inst/inst/clkout1_buf/O
                         net (fo=546, routed)         1.401    -2.432    uart_inst/clk_out1
    SLICE_X87Y108        FDCE                                         r  uart_inst/rx_data_reg[2]/C
  -------------------------------------------------------------------    -------------------
    SLICE_X87Y108        FDCE (Prop_fdce_C_Q)         0.223    -2.209 f  uart_inst/rx_data_reg[2]/Q
                         net (fo=17, routed)          0.899    -1.310    uart_inst/rx_data[2]
    SLICE_X72Y104        LUT3 (Prop_lut3_I0_O)        0.051    -1.259 r  uart_inst/sw[63]_i_4/O
                         net (fo=3, routed)           0.256    -1.004    uart_inst/sw[63]_i_4_n_0
    SLICE_X72Y104        LUT6 (Prop_lut6_I1_O)        0.136    -0.868 r  uart_inst/sw[62]_i_3/O
                         net (fo=4, routed)           0.559    -0.309    uart_inst/sw[62]_i_3_n_0
    SLICE_X69Y104        LUT2 (Prop_lut2_I0_O)        0.043    -0.266 r  uart_inst/sw[62]_i_2/O
                         net (fo=32, routed)          0.986     0.720    uart_inst/sw[62]_i_2_n_0
    SLICE_X57Y103        LUT6 (Prop_lut6_I2_O)        0.043     0.763 f  uart_inst/sw[43]_i_1/O
                         net (fo=1, routed)           0.000     0.763    twin_controller_inst/sw_reg[43]_0
    SLICE_X57Y103        FDCE                                         f  twin_controller_inst/sw_reg[43]/D
  -------------------------------------------------------------------    -------------------

                         (clock clk_out1_pll rise edge)
                                                     20.000    20.000 r  
    AD12                                              0.000    20.000 r  i_sys_clk_p (IN)
                         net (fo=0)                   0.000    20.000    pll_inst/inst/clk_in1_p
    AD12                 IBUFDS (Prop_ibufds_I_O)     0.803    20.803 r  pll_inst/inst/clkin1_ibufgds/O
                         net (fo=1, routed)           1.001    21.804    pll_inst/inst/clk_in1_pll
    PLLE2_ADV_X1Y1       PLLE2_ADV (Prop_plle2_adv_CLKIN1_CLKOUT0)
                                                     -7.261    14.543 r  pll_inst/inst/plle2_adv_inst/CLKOUT0
                         net (fo=1, routed)           2.003    16.546    pll_inst/inst/clk_out1_pll
    BUFGCTRL_X0Y1        BUFG (Prop_bufg_I_O)         0.083    16.629 r  pll_inst/inst/clkout1_buf/O
                         net (fo=546, routed)         1.261    17.890    twin_controller_inst/CLK
    SLICE_X57Y103        FDCE                                         r  twin_controller_inst/sw_reg[43]/C
                         clock pessimism             -0.448    17.443    
                         clock uncertainty           -0.079    17.364    
    SLICE_X57Y103        FDCE (Setup_fdce_C_D)        0.033    17.397    twin_controller_inst/sw_reg[43]
  -------------------------------------------------------------------
                         required time                         17.397    
                         arrival time                          -0.763    
  -------------------------------------------------------------------
                         slack                                 16.633    

Slack (MET) :             16.700ns  (required time - arrival time)
  Source:                 uart_inst/rx_data_reg[2]/C
                            (rising edge-triggered cell FDCE clocked by clk_out1_pll  {rise@0.000ns fall@10.000ns period=20.000ns})
  Destination:            twin_controller_inst/sw_reg[35]/D
                            (rising edge-triggered cell FDCE clocked by clk_out1_pll  {rise@0.000ns fall@10.000ns period=20.000ns})
  Path Group:             clk_out1_pll
  Path Type:              Setup (Max at Slow Process Corner)
  Requirement:            20.000ns  (clk_out1_pll rise@20.000ns - clk_out1_pll rise@0.000ns)
  Data Path Delay:        3.160ns  (logic 0.496ns (15.696%)  route 2.664ns (84.304%))
  Logic Levels:           4  (LUT2=1 LUT3=1 LUT6=2)
  Clock Path Skew:        -0.125ns (DCD - SCD + CPR)
    Destination Clock Delay (DCD):    -2.110ns = ( 17.890 - 20.000 ) 
    Source Clock Delay      (SCD):    -2.432ns
    Clock Pessimism Removal (CPR):    -0.448ns
  Clock Uncertainty:      0.079ns  ((TSJ^2 + DJ^2)^1/2) / 2 + PE
    Total System Jitter     (TSJ):    0.071ns
    Discrete Jitter          (DJ):    0.141ns
    Phase Error              (PE):    0.000ns

    Location             Delay type                Incr(ns)  Path(ns)    Netlist Resource(s)
  -------------------------------------------------------------------    -------------------
                         (clock clk_out1_pll rise edge)
                                                      0.000     0.000 r  
    AD12                                              0.000     0.000 r  i_sys_clk_p (IN)
                         net (fo=0)                   0.000     0.000    pll_inst/inst/clk_in1_p
    AD12                 IBUFDS (Prop_ibufds_I_O)     0.906     0.906 r  pll_inst/inst/clkin1_ibufgds/O
                         net (fo=1, routed)           1.098     2.004    pll_inst/inst/clk_in1_pll
    PLLE2_ADV_X1Y1       PLLE2_ADV (Prop_plle2_adv_CLKIN1_CLKOUT0)
                                                     -8.058    -6.054 r  pll_inst/inst/plle2_adv_inst/CLKOUT0
                         net (fo=1, routed)           2.128    -3.926    pll_inst/inst/clk_out1_pll
    BUFGCTRL_X0Y1        BUFG (Prop_bufg_I_O)         0.093    -3.833 r  pll_inst/inst/clkout1_buf/O
                         net (fo=546, routed)         1.401    -2.432    uart_inst/clk_out1
    SLICE_X87Y108        FDCE                                         r  uart_inst/rx_data_reg[2]/C
  -------------------------------------------------------------------    -------------------
    SLICE_X87Y108        FDCE (Prop_fdce_C_Q)         0.223    -2.209 f  uart_inst/rx_data_reg[2]/Q
                         net (fo=17, routed)          0.899    -1.310    uart_inst/rx_data[2]
    SLICE_X72Y104        LUT3 (Prop_lut3_I0_O)        0.051    -1.259 r  uart_inst/sw[63]_i_4/O
                         net (fo=3, routed)           0.256    -1.004    uart_inst/sw[63]_i_4_n_0
    SLICE_X72Y104        LUT6 (Prop_lut6_I1_O)        0.136    -0.868 r  uart_inst/sw[62]_i_3/O
                         net (fo=4, routed)           0.559    -0.309    uart_inst/sw[62]_i_3_n_0
    SLICE_X69Y104        LUT2 (Prop_lut2_I0_O)        0.043    -0.266 r  uart_inst/sw[62]_i_2/O
                         net (fo=32, routed)          0.951     0.685    uart_inst/sw[62]_i_2_n_0
    SLICE_X54Y104        LUT6 (Prop_lut6_I2_O)        0.043     0.728 r  uart_inst/sw[35]_i_1/O
                         net (fo=1, routed)           0.000     0.728    twin_controller_inst/sw_reg[35]_0
    SLICE_X54Y104        FDCE                                         r  twin_controller_inst/sw_reg[35]/D
  -------------------------------------------------------------------    -------------------

                         (clock clk_out1_pll rise edge)
                                                     20.000    20.000 r  
    AD12                                              0.000    20.000 r  i_sys_clk_p (IN)
                         net (fo=0)                   0.000    20.000    pll_inst/inst/clk_in1_p
    AD12                 IBUFDS (Prop_ibufds_I_O)     0.803    20.803 r  pll_inst/inst/clkin1_ibufgds/O
                         net (fo=1, routed)           1.001    21.804    pll_inst/inst/clk_in1_pll
    PLLE2_ADV_X1Y1       PLLE2_ADV (Prop_plle2_adv_CLKIN1_CLKOUT0)
                                                     -7.261    14.543 r  pll_inst/inst/plle2_adv_inst/CLKOUT0
                         net (fo=1, routed)           2.003    16.546    pll_inst/inst/clk_out1_pll
    BUFGCTRL_X0Y1        BUFG (Prop_bufg_I_O)         0.083    16.629 r  pll_inst/inst/clkout1_buf/O
                         net (fo=546, routed)         1.261    17.890    twin_controller_inst/CLK
    SLICE_X54Y104        FDCE                                         r  twin_controller_inst/sw_reg[35]/C
                         clock pessimism             -0.448    17.443    
                         clock uncertainty           -0.079    17.364    
    SLICE_X54Y104        FDCE (Setup_fdce_C_D)        0.064    17.428    twin_controller_inst/sw_reg[35]
  -------------------------------------------------------------------
                         required time                         17.428    
                         arrival time                          -0.728    
  -------------------------------------------------------------------
                         slack                                 16.700    

Slack (MET) :             16.700ns  (required time - arrival time)
  Source:                 uart_inst/rx_data_reg[2]/C
                            (rising edge-triggered cell FDCE clocked by clk_out1_pll  {rise@0.000ns fall@10.000ns period=20.000ns})
  Destination:            twin_controller_inst/sw_reg[35]/D
                            (rising edge-triggered cell FDCE clocked by clk_out1_pll  {rise@0.000ns fall@10.000ns period=20.000ns})
  Path Group:             clk_out1_pll
  Path Type:              Setup (Max at Slow Process Corner)
  Requirement:            20.000ns  (clk_out1_pll rise@20.000ns - clk_out1_pll rise@0.000ns)
  Data Path Delay:        3.160ns  (logic 0.496ns (15.696%)  route 2.664ns (84.304%))
  Logic Levels:           4  (LUT2=1 LUT3=1 LUT6=2)
  Clock Path Skew:        -0.125ns (DCD - SCD + CPR)
    Destination Clock Delay (DCD):    -2.110ns = ( 17.890 - 20.000 ) 
    Source Clock Delay      (SCD):    -2.432ns
    Clock Pessimism Removal (CPR):    -0.448ns
  Clock Uncertainty:      0.079ns  ((TSJ^2 + DJ^2)^1/2) / 2 + PE
    Total System Jitter     (TSJ):    0.071ns
    Discrete Jitter          (DJ):    0.141ns
    Phase Error              (PE):    0.000ns

    Location             Delay type                Incr(ns)  Path(ns)    Netlist Resource(s)
  -------------------------------------------------------------------    -------------------
                         (clock clk_out1_pll rise edge)
                                                      0.000     0.000 r  
    AD12                                              0.000     0.000 r  i_sys_clk_p (IN)
                         net (fo=0)                   0.000     0.000    pll_inst/inst/clk_in1_p
    AD12                 IBUFDS (Prop_ibufds_I_O)     0.906     0.906 r  pll_inst/inst/clkin1_ibufgds/O
                         net (fo=1, routed)           1.098     2.004    pll_inst/inst/clk_in1_pll
    PLLE2_ADV_X1Y1       PLLE2_ADV (Prop_plle2_adv_CLKIN1_CLKOUT0)
                                                     -8.058    -6.054 r  pll_inst/inst/plle2_adv_inst/CLKOUT0
                         net (fo=1, routed)           2.128    -3.926    pll_inst/inst/clk_out1_pll
    BUFGCTRL_X0Y1        BUFG (Prop_bufg_I_O)         0.093    -3.833 r  pll_inst/inst/clkout1_buf/O
                         net (fo=546, routed)         1.401    -2.432    uart_inst/clk_out1
    SLICE_X87Y108        FDCE                                         r  uart_inst/rx_data_reg[2]/C
  -------------------------------------------------------------------    -------------------
    SLICE_X87Y108        FDCE (Prop_fdce_C_Q)         0.223    -2.209 r  uart_inst/rx_data_reg[2]/Q
                         net (fo=17, routed)          0.899    -1.310    uart_inst/rx_data[2]
    SLICE_X72Y104        LUT3 (Prop_lut3_I0_O)        0.051    -1.259 f  uart_inst/sw[63]_i_4/O
                         net (fo=3, routed)           0.256    -1.004    uart_inst/sw[63]_i_4_n_0
    SLICE_X72Y104        LUT6 (Prop_lut6_I1_O)        0.136    -0.868 r  uart_inst/sw[62]_i_3/O
                         net (fo=4, routed)           0.559    -0.309    uart_inst/sw[62]_i_3_n_0
    SLICE_X69Y104        LUT2 (Prop_lut2_I0_O)        0.043    -0.266 r  uart_inst/sw[62]_i_2/O
                         net (fo=32, routed)          0.951     0.685    uart_inst/sw[62]_i_2_n_0
    SLICE_X54Y104        LUT6 (Prop_lut6_I2_O)        0.043     0.728 r  uart_inst/sw[35]_i_1/O
                         net (fo=1, routed)           0.000     0.728    twin_controller_inst/sw_reg[35]_0
    SLICE_X54Y104        FDCE                                         r  twin_controller_inst/sw_reg[35]/D
  -------------------------------------------------------------------    -------------------

                         (clock clk_out1_pll rise edge)
                                                     20.000    20.000 r  
    AD12                                              0.000    20.000 r  i_sys_clk_p (IN)
                         net (fo=0)                   0.000    20.000    pll_inst/inst/clk_in1_p
    AD12                 IBUFDS (Prop_ibufds_I_O)     0.803    20.803 r  pll_inst/inst/clkin1_ibufgds/O
                         net (fo=1, routed)           1.001    21.804    pll_inst/inst/clk_in1_pll
    PLLE2_ADV_X1Y1       PLLE2_ADV (Prop_plle2_adv_CLKIN1_CLKOUT0)
                                                     -7.261    14.543 r  pll_inst/inst/plle2_adv_inst/CLKOUT0
                         net (fo=1, routed)           2.003    16.546    pll_inst/inst/clk_out1_pll
    BUFGCTRL_X0Y1        BUFG (Prop_bufg_I_O)         0.083    16.629 r  pll_inst/inst/clkout1_buf/O
                         net (fo=546, routed)         1.261    17.890    twin_controller_inst/CLK
    SLICE_X54Y104        FDCE                                         r  twin_controller_inst/sw_reg[35]/C
                         clock pessimism             -0.448    17.443    
                         clock uncertainty           -0.079    17.364    
    SLICE_X54Y104        FDCE (Setup_fdce_C_D)        0.064    17.428    twin_controller_inst/sw_reg[35]
  -------------------------------------------------------------------
                         required time                         17.428    
                         arrival time                          -0.728    
  -------------------------------------------------------------------
                         slack                                 16.700    

Slack (MET) :             16.700ns  (required time - arrival time)
  Source:                 uart_inst/rx_data_reg[2]/C
                            (rising edge-triggered cell FDCE clocked by clk_out1_pll  {rise@0.000ns fall@10.000ns period=20.000ns})
  Destination:            twin_controller_inst/sw_reg[35]/D
                            (rising edge-triggered cell FDCE clocked by clk_out1_pll  {rise@0.000ns fall@10.000ns period=20.000ns})
  Path Group:             clk_out1_pll
  Path Type:              Setup (Max at Slow Process Corner)
  Requirement:            20.000ns  (clk_out1_pll rise@20.000ns - clk_out1_pll rise@0.000ns)
  Data Path Delay:        3.160ns  (logic 0.496ns (15.696%)  route 2.664ns (84.304%))
  Logic Levels:           4  (LUT2=1 LUT3=1 LUT6=2)
  Clock Path Skew:        -0.125ns (DCD - SCD + CPR)
    Destination Clock Delay (DCD):    -2.110ns = ( 17.890 - 20.000 ) 
    Source Clock Delay      (SCD):    -2.432ns
    Clock Pessimism Removal (CPR):    -0.448ns
  Clock Uncertainty:      0.079ns  ((TSJ^2 + DJ^2)^1/2) / 2 + PE
    Total System Jitter     (TSJ):    0.071ns
    Discrete Jitter          (DJ):    0.141ns
    Phase Error              (PE):    0.000ns

    Location             Delay type                Incr(ns)  Path(ns)    Netlist Resource(s)
  -------------------------------------------------------------------    -------------------
                         (clock clk_out1_pll rise edge)
                                                      0.000     0.000 r  
    AD12                                              0.000     0.000 r  i_sys_clk_p (IN)
                         net (fo=0)                   0.000     0.000    pll_inst/inst/clk_in1_p
    AD12                 IBUFDS (Prop_ibufds_I_O)     0.906     0.906 r  pll_inst/inst/clkin1_ibufgds/O
                         net (fo=1, routed)           1.098     2.004    pll_inst/inst/clk_in1_pll
    PLLE2_ADV_X1Y1       PLLE2_ADV (Prop_plle2_adv_CLKIN1_CLKOUT0)
                                                     -8.058    -6.054 r  pll_inst/inst/plle2_adv_inst/CLKOUT0
                         net (fo=1, routed)           2.128    -3.926    pll_inst/inst/clk_out1_pll
    BUFGCTRL_X0Y1        BUFG (Prop_bufg_I_O)         0.093    -3.833 r  pll_inst/inst/clkout1_buf/O
                         net (fo=546, routed)         1.401    -2.432    uart_inst/clk_out1
    SLICE_X87Y108        FDCE                                         r  uart_inst/rx_data_reg[2]/C
  -------------------------------------------------------------------    -------------------
    SLICE_X87Y108        FDCE (Prop_fdce_C_Q)         0.223    -2.209 f  uart_inst/rx_data_reg[2]/Q
                         net (fo=17, routed)          0.899    -1.310    uart_inst/rx_data[2]
    SLICE_X72Y104        LUT3 (Prop_lut3_I0_O)        0.051    -1.259 r  uart_inst/sw[63]_i_4/O
                         net (fo=3, routed)           0.256    -1.004    uart_inst/sw[63]_i_4_n_0
    SLICE_X72Y104        LUT6 (Prop_lut6_I1_O)        0.136    -0.868 f  uart_inst/sw[62]_i_3/O
                         net (fo=4, routed)           0.559    -0.309    uart_inst/sw[62]_i_3_n_0
    SLICE_X69Y104        LUT2 (Prop_lut2_I0_O)        0.043    -0.266 f  uart_inst/sw[62]_i_2/O
                         net (fo=32, routed)          0.951     0.685    uart_inst/sw[62]_i_2_n_0
    SLICE_X54Y104        LUT6 (Prop_lut6_I2_O)        0.043     0.728 r  uart_inst/sw[35]_i_1/O
                         net (fo=1, routed)           0.000     0.728    twin_controller_inst/sw_reg[35]_0
    SLICE_X54Y104        FDCE                                         r  twin_controller_inst/sw_reg[35]/D
  -------------------------------------------------------------------    -------------------

                         (clock clk_out1_pll rise edge)
                                                     20.000    20.000 r  
    AD12                                              0.000    20.000 r  i_sys_clk_p (IN)
                         net (fo=0)                   0.000    20.000    pll_inst/inst/clk_in1_p
    AD12                 IBUFDS (Prop_ibufds_I_O)     0.803    20.803 r  pll_inst/inst/clkin1_ibufgds/O
                         net (fo=1, routed)           1.001    21.804    pll_inst/inst/clk_in1_pll
    PLLE2_ADV_X1Y1       PLLE2_ADV (Prop_plle2_adv_CLKIN1_CLKOUT0)
                                                     -7.261    14.543 r  pll_inst/inst/plle2_adv_inst/CLKOUT0
                         net (fo=1, routed)           2.003    16.546    pll_inst/inst/clk_out1_pll
    BUFGCTRL_X0Y1        BUFG (Prop_bufg_I_O)         0.083    16.629 r  pll_inst/inst/clkout1_buf/O
                         net (fo=546, routed)         1.261    17.890    twin_controller_inst/CLK
    SLICE_X54Y104        FDCE                                         r  twin_controller_inst/sw_reg[35]/C
                         clock pessimism             -0.448    17.443    
                         clock uncertainty           -0.079    17.364    
    SLICE_X54Y104        FDCE (Setup_fdce_C_D)        0.064    17.428    twin_controller_inst/sw_reg[35]
  -------------------------------------------------------------------
                         required time                         17.428    
                         arrival time                          -0.728    
  -------------------------------------------------------------------
                         slack                                 16.700    

Slack (MET) :             16.700ns  (required time - arrival time)
  Source:                 uart_inst/rx_data_reg[2]/C
                            (rising edge-triggered cell FDCE clocked by clk_out1_pll  {rise@0.000ns fall@10.000ns period=20.000ns})
  Destination:            twin_controller_inst/sw_reg[35]/D
                            (rising edge-triggered cell FDCE clocked by clk_out1_pll  {rise@0.000ns fall@10.000ns period=20.000ns})
  Path Group:             clk_out1_pll
  Path Type:              Setup (Max at Slow Process Corner)
  Requirement:            20.000ns  (clk_out1_pll rise@20.000ns - clk_out1_pll rise@0.000ns)
  Data Path Delay:        3.160ns  (logic 0.496ns (15.696%)  route 2.664ns (84.304%))
  Logic Levels:           4  (LUT2=1 LUT3=1 LUT6=2)
  Clock Path Skew:        -0.125ns (DCD - SCD + CPR)
    Destination Clock Delay (DCD):    -2.110ns = ( 17.890 - 20.000 ) 
    Source Clock Delay      (SCD):    -2.432ns
    Clock Pessimism Removal (CPR):    -0.448ns
  Clock Uncertainty:      0.079ns  ((TSJ^2 + DJ^2)^1/2) / 2 + PE
    Total System Jitter     (TSJ):    0.071ns
    Discrete Jitter          (DJ):    0.141ns
    Phase Error              (PE):    0.000ns

    Location             Delay type                Incr(ns)  Path(ns)    Netlist Resource(s)
  -------------------------------------------------------------------    -------------------
                         (clock clk_out1_pll rise edge)
                                                      0.000     0.000 r  
    AD12                                              0.000     0.000 r  i_sys_clk_p (IN)
                         net (fo=0)                   0.000     0.000    pll_inst/inst/clk_in1_p
    AD12                 IBUFDS (Prop_ibufds_I_O)     0.906     0.906 r  pll_inst/inst/clkin1_ibufgds/O
                         net (fo=1, routed)           1.098     2.004    pll_inst/inst/clk_in1_pll
    PLLE2_ADV_X1Y1       PLLE2_ADV (Prop_plle2_adv_CLKIN1_CLKOUT0)
                                                     -8.058    -6.054 r  pll_inst/inst/plle2_adv_inst/CLKOUT0
                         net (fo=1, routed)           2.128    -3.926    pll_inst/inst/clk_out1_pll
    BUFGCTRL_X0Y1        BUFG (Prop_bufg_I_O)         0.093    -3.833 r  pll_inst/inst/clkout1_buf/O
                         net (fo=546, routed)         1.401    -2.432    uart_inst/clk_out1
    SLICE_X87Y108        FDCE                                         r  uart_inst/rx_data_reg[2]/C
  -------------------------------------------------------------------    -------------------
    SLICE_X87Y108        FDCE (Prop_fdce_C_Q)         0.223    -2.209 r  uart_inst/rx_data_reg[2]/Q
                         net (fo=17, routed)          0.899    -1.310    uart_inst/rx_data[2]
    SLICE_X72Y104        LUT3 (Prop_lut3_I0_O)        0.051    -1.259 f  uart_inst/sw[63]_i_4/O
                         net (fo=3, routed)           0.256    -1.004    uart_inst/sw[63]_i_4_n_0
    SLICE_X72Y104        LUT6 (Prop_lut6_I1_O)        0.136    -0.868 f  uart_inst/sw[62]_i_3/O
                         net (fo=4, routed)           0.559    -0.309    uart_inst/sw[62]_i_3_n_0
    SLICE_X69Y104        LUT2 (Prop_lut2_I0_O)        0.043    -0.266 f  uart_inst/sw[62]_i_2/O
                         net (fo=32, routed)          0.951     0.685    uart_inst/sw[62]_i_2_n_0
    SLICE_X54Y104        LUT6 (Prop_lut6_I2_O)        0.043     0.728 r  uart_inst/sw[35]_i_1/O
                         net (fo=1, routed)           0.000     0.728    twin_controller_inst/sw_reg[35]_0
    SLICE_X54Y104        FDCE                                         r  twin_controller_inst/sw_reg[35]/D
  -------------------------------------------------------------------    -------------------

                         (clock clk_out1_pll rise edge)
                                                     20.000    20.000 r  
    AD12                                              0.000    20.000 r  i_sys_clk_p (IN)
                         net (fo=0)                   0.000    20.000    pll_inst/inst/clk_in1_p
    AD12                 IBUFDS (Prop_ibufds_I_O)     0.803    20.803 r  pll_inst/inst/clkin1_ibufgds/O
                         net (fo=1, routed)           1.001    21.804    pll_inst/inst/clk_in1_pll
    PLLE2_ADV_X1Y1       PLLE2_ADV (Prop_plle2_adv_CLKIN1_CLKOUT0)
                                                     -7.261    14.543 r  pll_inst/inst/plle2_adv_inst/CLKOUT0
                         net (fo=1, routed)           2.003    16.546    pll_inst/inst/clk_out1_pll
    BUFGCTRL_X0Y1        BUFG (Prop_bufg_I_O)         0.083    16.629 r  pll_inst/inst/clkout1_buf/O
                         net (fo=546, routed)         1.261    17.890    twin_controller_inst/CLK
    SLICE_X54Y104        FDCE                                         r  twin_controller_inst/sw_reg[35]/C
                         clock pessimism             -0.448    17.443    
                         clock uncertainty           -0.079    17.364    
    SLICE_X54Y104        FDCE (Setup_fdce_C_D)        0.064    17.428    twin_controller_inst/sw_reg[35]
  -------------------------------------------------------------------
                         required time                         17.428    
                         arrival time                          -0.728    
  -------------------------------------------------------------------
                         slack                                 16.700    

Slack (MET) :             16.700ns  (required time - arrival time)
  Source:                 uart_inst/rx_data_reg[2]/C
                            (rising edge-triggered cell FDCE clocked by clk_out1_pll  {rise@0.000ns fall@10.000ns period=20.000ns})
  Destination:            twin_controller_inst/sw_reg[35]/D
                            (rising edge-triggered cell FDCE clocked by clk_out1_pll  {rise@0.000ns fall@10.000ns period=20.000ns})
  Path Group:             clk_out1_pll
  Path Type:              Setup (Max at Slow Process Corner)
  Requirement:            20.000ns  (clk_out1_pll rise@20.000ns - clk_out1_pll rise@0.000ns)
  Data Path Delay:        3.160ns  (logic 0.496ns (15.696%)  route 2.664ns (84.304%))
  Logic Levels:           4  (LUT2=1 LUT3=1 LUT6=2)
  Clock Path Skew:        -0.125ns (DCD - SCD + CPR)
    Destination Clock Delay (DCD):    -2.110ns = ( 17.890 - 20.000 ) 
    Source Clock Delay      (SCD):    -2.432ns
    Clock Pessimism Removal (CPR):    -0.448ns
  Clock Uncertainty:      0.079ns  ((TSJ^2 + DJ^2)^1/2) / 2 + PE
    Total System Jitter     (TSJ):    0.071ns
    Discrete Jitter          (DJ):    0.141ns
    Phase Error              (PE):    0.000ns

    Location             Delay type                Incr(ns)  Path(ns)    Netlist Resource(s)
  -------------------------------------------------------------------    -------------------
                         (clock clk_out1_pll rise edge)
                                                      0.000     0.000 r  
    AD12                                              0.000     0.000 r  i_sys_clk_p (IN)
                         net (fo=0)                   0.000     0.000    pll_inst/inst/clk_in1_p
    AD12                 IBUFDS (Prop_ibufds_I_O)     0.906     0.906 r  pll_inst/inst/clkin1_ibufgds/O
                         net (fo=1, routed)           1.098     2.004    pll_inst/inst/clk_in1_pll
    PLLE2_ADV_X1Y1       PLLE2_ADV (Prop_plle2_adv_CLKIN1_CLKOUT0)
                                                     -8.058    -6.054 r  pll_inst/inst/plle2_adv_inst/CLKOUT0
                         net (fo=1, routed)           2.128    -3.926    pll_inst/inst/clk_out1_pll
    BUFGCTRL_X0Y1        BUFG (Prop_bufg_I_O)         0.093    -3.833 r  pll_inst/inst/clkout1_buf/O
                         net (fo=546, routed)         1.401    -2.432    uart_inst/clk_out1
    SLICE_X87Y108        FDCE                                         r  uart_inst/rx_data_reg[2]/C
  -------------------------------------------------------------------    -------------------
    SLICE_X87Y108        FDCE (Prop_fdce_C_Q)         0.223    -2.209 f  uart_inst/rx_data_reg[2]/Q
                         net (fo=17, routed)          0.899    -1.310    uart_inst/rx_data[2]
    SLICE_X72Y104        LUT3 (Prop_lut3_I0_O)        0.051    -1.259 r  uart_inst/sw[63]_i_4/O
                         net (fo=3, routed)           0.256    -1.004    uart_inst/sw[63]_i_4_n_0
    SLICE_X72Y104        LUT6 (Prop_lut6_I1_O)        0.136    -0.868 r  uart_inst/sw[62]_i_3/O
                         net (fo=4, routed)           0.559    -0.309    uart_inst/sw[62]_i_3_n_0
    SLICE_X69Y104        LUT2 (Prop_lut2_I0_O)        0.043    -0.266 r  uart_inst/sw[62]_i_2/O
                         net (fo=32, routed)          0.951     0.685    uart_inst/sw[62]_i_2_n_0
    SLICE_X54Y104        LUT6 (Prop_lut6_I2_O)        0.043     0.728 f  uart_inst/sw[35]_i_1/O
                         net (fo=1, routed)           0.000     0.728    twin_controller_inst/sw_reg[35]_0
    SLICE_X54Y104        FDCE                                         f  twin_controller_inst/sw_reg[35]/D
  -------------------------------------------------------------------    -------------------

                         (clock clk_out1_pll rise edge)
                                                     20.000    20.000 r  
    AD12                                              0.000    20.000 r  i_sys_clk_p (IN)
                         net (fo=0)                   0.000    20.000    pll_inst/inst/clk_in1_p
    AD12                 IBUFDS (Prop_ibufds_I_O)     0.803    20.803 r  pll_inst/inst/clkin1_ibufgds/O
                         net (fo=1, routed)           1.001    21.804    pll_inst/inst/clk_in1_pll
    PLLE2_ADV_X1Y1       PLLE2_ADV (Prop_plle2_adv_CLKIN1_CLKOUT0)
                                                     -7.261    14.543 r  pll_inst/inst/plle2_adv_inst/CLKOUT0
                         net (fo=1, routed)           2.003    16.546    pll_inst/inst/clk_out1_pll
    BUFGCTRL_X0Y1        BUFG (Prop_bufg_I_O)         0.083    16.629 r  pll_inst/inst/clkout1_buf/O
                         net (fo=546, routed)         1.261    17.890    twin_controller_inst/CLK
    SLICE_X54Y104        FDCE                                         r  twin_controller_inst/sw_reg[35]/C
                         clock pessimism             -0.448    17.443    
                         clock uncertainty           -0.079    17.364    
    SLICE_X54Y104        FDCE (Setup_fdce_C_D)        0.064    17.428    twin_controller_inst/sw_reg[35]
  -------------------------------------------------------------------
                         required time                         17.428    
                         arrival time                          -0.728    
  -------------------------------------------------------------------
                         slack                                 16.700    

Slack (MET) :             16.705ns  (required time - arrival time)
  Source:                 uart_inst/rx_data_reg[2]/C
                            (rising edge-triggered cell FDCE clocked by clk_out1_pll  {rise@0.000ns fall@10.000ns period=20.000ns})
  Destination:            twin_controller_inst/sw_reg[38]/D
                            (rising edge-triggered cell FDCE clocked by clk_out1_pll  {rise@0.000ns fall@10.000ns period=20.000ns})
  Path Group:             clk_out1_pll
  Path Type:              Setup (Max at Slow Process Corner)
  Requirement:            20.000ns  (clk_out1_pll rise@20.000ns - clk_out1_pll rise@0.000ns)
  Data Path Delay:        3.156ns  (logic 0.496ns (15.716%)  route 2.660ns (84.284%))
  Logic Levels:           4  (LUT2=1 LUT3=1 LUT6=2)
  Clock Path Skew:        -0.125ns (DCD - SCD + CPR)
    Destination Clock Delay (DCD):    -2.110ns = ( 17.890 - 20.000 ) 
    Source Clock Delay      (SCD):    -2.432ns
    Clock Pessimism Removal (CPR):    -0.448ns
  Clock Uncertainty:      0.079ns  ((TSJ^2 + DJ^2)^1/2) / 2 + PE
    Total System Jitter     (TSJ):    0.071ns
    Discrete Jitter          (DJ):    0.141ns
    Phase Error              (PE):    0.000ns

    Location             Delay type                Incr(ns)  Path(ns)    Netlist Resource(s)
  -------------------------------------------------------------------    -------------------
                         (clock clk_out1_pll rise edge)
                                                      0.000     0.000 r  
    AD12                                              0.000     0.000 r  i_sys_clk_p (IN)
                         net (fo=0)                   0.000     0.000    pll_inst/inst/clk_in1_p
    AD12                 IBUFDS (Prop_ibufds_I_O)     0.906     0.906 r  pll_inst/inst/clkin1_ibufgds/O
                         net (fo=1, routed)           1.098     2.004    pll_inst/inst/clk_in1_pll
    PLLE2_ADV_X1Y1       PLLE2_ADV (Prop_plle2_adv_CLKIN1_CLKOUT0)
                                                     -8.058    -6.054 r  pll_inst/inst/plle2_adv_inst/CLKOUT0
                         net (fo=1, routed)           2.128    -3.926    pll_inst/inst/clk_out1_pll
    BUFGCTRL_X0Y1        BUFG (Prop_bufg_I_O)         0.093    -3.833 r  pll_inst/inst/clkout1_buf/O
                         net (fo=546, routed)         1.401    -2.432    uart_inst/clk_out1
    SLICE_X87Y108        FDCE                                         r  uart_inst/rx_data_reg[2]/C
  -------------------------------------------------------------------    -------------------
    SLICE_X87Y108        FDCE (Prop_fdce_C_Q)         0.223    -2.209 f  uart_inst/rx_data_reg[2]/Q
                         net (fo=17, routed)          0.899    -1.310    uart_inst/rx_data[2]
    SLICE_X72Y104        LUT3 (Prop_lut3_I0_O)        0.051    -1.259 r  uart_inst/sw[63]_i_4/O
                         net (fo=3, routed)           0.256    -1.004    uart_inst/sw[63]_i_4_n_0
    SLICE_X72Y104        LUT6 (Prop_lut6_I1_O)        0.136    -0.868 r  uart_inst/sw[62]_i_3/O
                         net (fo=4, routed)           0.559    -0.309    uart_inst/sw[62]_i_3_n_0
    SLICE_X69Y104        LUT2 (Prop_lut2_I0_O)        0.043    -0.266 r  uart_inst/sw[62]_i_2/O
                         net (fo=32, routed)          0.947     0.681    uart_inst/sw[62]_i_2_n_0
    SLICE_X54Y104        LUT6 (Prop_lut6_I2_O)        0.043     0.724 r  uart_inst/sw[38]_i_1/O
                         net (fo=1, routed)           0.000     0.724    twin_controller_inst/sw_reg[38]_0
    SLICE_X54Y104        FDCE                                         r  twin_controller_inst/sw_reg[38]/D
  -------------------------------------------------------------------    -------------------

                         (clock clk_out1_pll rise edge)
                                                     20.000    20.000 r  
    AD12                                              0.000    20.000 r  i_sys_clk_p (IN)
                         net (fo=0)                   0.000    20.000    pll_inst/inst/clk_in1_p
    AD12                 IBUFDS (Prop_ibufds_I_O)     0.803    20.803 r  pll_inst/inst/clkin1_ibufgds/O
                         net (fo=1, routed)           1.001    21.804    pll_inst/inst/clk_in1_pll
    PLLE2_ADV_X1Y1       PLLE2_ADV (Prop_plle2_adv_CLKIN1_CLKOUT0)
                                                     -7.261    14.543 r  pll_inst/inst/plle2_adv_inst/CLKOUT0
                         net (fo=1, routed)           2.003    16.546    pll_inst/inst/clk_out1_pll
    BUFGCTRL_X0Y1        BUFG (Prop_bufg_I_O)         0.083    16.629 r  pll_inst/inst/clkout1_buf/O
                         net (fo=546, routed)         1.261    17.890    twin_controller_inst/CLK
    SLICE_X54Y104        FDCE                                         r  twin_controller_inst/sw_reg[38]/C
                         clock pessimism             -0.448    17.443    
                         clock uncertainty           -0.079    17.364    
    SLICE_X54Y104        FDCE (Setup_fdce_C_D)        0.065    17.429    twin_controller_inst/sw_reg[38]
  -------------------------------------------------------------------
                         required time                         17.429    
                         arrival time                          -0.724    
  -------------------------------------------------------------------
                         slack                                 16.705    

Slack (MET) :             16.705ns  (required time - arrival time)
  Source:                 uart_inst/rx_data_reg[2]/C
                            (rising edge-triggered cell FDCE clocked by clk_out1_pll  {rise@0.000ns fall@10.000ns period=20.000ns})
  Destination:            twin_controller_inst/sw_reg[38]/D
                            (rising edge-triggered cell FDCE clocked by clk_out1_pll  {rise@0.000ns fall@10.000ns period=20.000ns})
  Path Group:             clk_out1_pll
  Path Type:              Setup (Max at Slow Process Corner)
  Requirement:            20.000ns  (clk_out1_pll rise@20.000ns - clk_out1_pll rise@0.000ns)
  Data Path Delay:        3.156ns  (logic 0.496ns (15.716%)  route 2.660ns (84.284%))
  Logic Levels:           4  (LUT2=1 LUT3=1 LUT6=2)
  Clock Path Skew:        -0.125ns (DCD - SCD + CPR)
    Destination Clock Delay (DCD):    -2.110ns = ( 17.890 - 20.000 ) 
    Source Clock Delay      (SCD):    -2.432ns
    Clock Pessimism Removal (CPR):    -0.448ns
  Clock Uncertainty:      0.079ns  ((TSJ^2 + DJ^2)^1/2) / 2 + PE
    Total System Jitter     (TSJ):    0.071ns
    Discrete Jitter          (DJ):    0.141ns
    Phase Error              (PE):    0.000ns

    Location             Delay type                Incr(ns)  Path(ns)    Netlist Resource(s)
  -------------------------------------------------------------------    -------------------
                         (clock clk_out1_pll rise edge)
                                                      0.000     0.000 r  
    AD12                                              0.000     0.000 r  i_sys_clk_p (IN)
                         net (fo=0)                   0.000     0.000    pll_inst/inst/clk_in1_p
    AD12                 IBUFDS (Prop_ibufds_I_O)     0.906     0.906 r  pll_inst/inst/clkin1_ibufgds/O
                         net (fo=1, routed)           1.098     2.004    pll_inst/inst/clk_in1_pll
    PLLE2_ADV_X1Y1       PLLE2_ADV (Prop_plle2_adv_CLKIN1_CLKOUT0)
                                                     -8.058    -6.054 r  pll_inst/inst/plle2_adv_inst/CLKOUT0
                         net (fo=1, routed)           2.128    -3.926    pll_inst/inst/clk_out1_pll
    BUFGCTRL_X0Y1        BUFG (Prop_bufg_I_O)         0.093    -3.833 r  pll_inst/inst/clkout1_buf/O
                         net (fo=546, routed)         1.401    -2.432    uart_inst/clk_out1
    SLICE_X87Y108        FDCE                                         r  uart_inst/rx_data_reg[2]/C
  -------------------------------------------------------------------    -------------------
    SLICE_X87Y108        FDCE (Prop_fdce_C_Q)         0.223    -2.209 r  uart_inst/rx_data_reg[2]/Q
                         net (fo=17, routed)          0.899    -1.310    uart_inst/rx_data[2]
    SLICE_X72Y104        LUT3 (Prop_lut3_I0_O)        0.051    -1.259 f  uart_inst/sw[63]_i_4/O
                         net (fo=3, routed)           0.256    -1.004    uart_inst/sw[63]_i_4_n_0
    SLICE_X72Y104        LUT6 (Prop_lut6_I1_O)        0.136    -0.868 r  uart_inst/sw[62]_i_3/O
                         net (fo=4, routed)           0.559    -0.309    uart_inst/sw[62]_i_3_n_0
    SLICE_X69Y104        LUT2 (Prop_lut2_I0_O)        0.043    -0.266 r  uart_inst/sw[62]_i_2/O
                         net (fo=32, routed)          0.947     0.681    uart_inst/sw[62]_i_2_n_0
    SLICE_X54Y104        LUT6 (Prop_lut6_I2_O)        0.043     0.724 r  uart_inst/sw[38]_i_1/O
                         net (fo=1, routed)           0.000     0.724    twin_controller_inst/sw_reg[38]_0
    SLICE_X54Y104        FDCE                                         r  twin_controller_inst/sw_reg[38]/D
  -------------------------------------------------------------------    -------------------

                         (clock clk_out1_pll rise edge)
                                                     20.000    20.000 r  
    AD12                                              0.000    20.000 r  i_sys_clk_p (IN)
                         net (fo=0)                   0.000    20.000    pll_inst/inst/clk_in1_p
    AD12                 IBUFDS (Prop_ibufds_I_O)     0.803    20.803 r  pll_inst/inst/clkin1_ibufgds/O
                         net (fo=1, routed)           1.001    21.804    pll_inst/inst/clk_in1_pll
    PLLE2_ADV_X1Y1       PLLE2_ADV (Prop_plle2_adv_CLKIN1_CLKOUT0)
                                                     -7.261    14.543 r  pll_inst/inst/plle2_adv_inst/CLKOUT0
                         net (fo=1, routed)           2.003    16.546    pll_inst/inst/clk_out1_pll
    BUFGCTRL_X0Y1        BUFG (Prop_bufg_I_O)         0.083    16.629 r  pll_inst/inst/clkout1_buf/O
                         net (fo=546, routed)         1.261    17.890    twin_controller_inst/CLK
    SLICE_X54Y104        FDCE                                         r  twin_controller_inst/sw_reg[38]/C
                         clock pessimism             -0.448    17.443    
                         clock uncertainty           -0.079    17.364    
    SLICE_X54Y104        FDCE (Setup_fdce_C_D)        0.065    17.429    twin_controller_inst/sw_reg[38]
  -------------------------------------------------------------------
                         required time                         17.429    
                         arrival time                          -0.724    
  -------------------------------------------------------------------
                         slack                                 16.705    

Slack (MET) :             16.705ns  (required time - arrival time)
  Source:                 uart_inst/rx_data_reg[2]/C
                            (rising edge-triggered cell FDCE clocked by clk_out1_pll  {rise@0.000ns fall@10.000ns period=20.000ns})
  Destination:            twin_controller_inst/sw_reg[38]/D
                            (rising edge-triggered cell FDCE clocked by clk_out1_pll  {rise@0.000ns fall@10.000ns period=20.000ns})
  Path Group:             clk_out1_pll
  Path Type:              Setup (Max at Slow Process Corner)
  Requirement:            20.000ns  (clk_out1_pll rise@20.000ns - clk_out1_pll rise@0.000ns)
  Data Path Delay:        3.156ns  (logic 0.496ns (15.716%)  route 2.660ns (84.284%))
  Logic Levels:           4  (LUT2=1 LUT3=1 LUT6=2)
  Clock Path Skew:        -0.125ns (DCD - SCD + CPR)
    Destination Clock Delay (DCD):    -2.110ns = ( 17.890 - 20.000 ) 
    Source Clock Delay      (SCD):    -2.432ns
    Clock Pessimism Removal (CPR):    -0.448ns
  Clock Uncertainty:      0.079ns  ((TSJ^2 + DJ^2)^1/2) / 2 + PE
    Total System Jitter     (TSJ):    0.071ns
    Discrete Jitter          (DJ):    0.141ns
    Phase Error              (PE):    0.000ns

    Location             Delay type                Incr(ns)  Path(ns)    Netlist Resource(s)
  -------------------------------------------------------------------    -------------------
                         (clock clk_out1_pll rise edge)
                                                      0.000     0.000 r  
    AD12                                              0.000     0.000 r  i_sys_clk_p (IN)
                         net (fo=0)                   0.000     0.000    pll_inst/inst/clk_in1_p
    AD12                 IBUFDS (Prop_ibufds_I_O)     0.906     0.906 r  pll_inst/inst/clkin1_ibufgds/O
                         net (fo=1, routed)           1.098     2.004    pll_inst/inst/clk_in1_pll
    PLLE2_ADV_X1Y1       PLLE2_ADV (Prop_plle2_adv_CLKIN1_CLKOUT0)
                                                     -8.058    -6.054 r  pll_inst/inst/plle2_adv_inst/CLKOUT0
                         net (fo=1, routed)           2.128    -3.926    pll_inst/inst/clk_out1_pll
    BUFGCTRL_X0Y1        BUFG (Prop_bufg_I_O)         0.093    -3.833 r  pll_inst/inst/clkout1_buf/O
                         net (fo=546, routed)         1.401    -2.432    uart_inst/clk_out1
    SLICE_X87Y108        FDCE                                         r  uart_inst/rx_data_reg[2]/C
  -------------------------------------------------------------------    -------------------
    SLICE_X87Y108        FDCE (Prop_fdce_C_Q)         0.223    -2.209 f  uart_inst/rx_data_reg[2]/Q
                         net (fo=17, routed)          0.899    -1.310    uart_inst/rx_data[2]
    SLICE_X72Y104        LUT3 (Prop_lut3_I0_O)        0.051    -1.259 r  uart_inst/sw[63]_i_4/O
                         net (fo=3, routed)           0.256    -1.004    uart_inst/sw[63]_i_4_n_0
    SLICE_X72Y104        LUT6 (Prop_lut6_I1_O)        0.136    -0.868 f  uart_inst/sw[62]_i_3/O
                         net (fo=4, routed)           0.559    -0.309    uart_inst/sw[62]_i_3_n_0
    SLICE_X69Y104        LUT2 (Prop_lut2_I0_O)        0.043    -0.266 f  uart_inst/sw[62]_i_2/O
                         net (fo=32, routed)          0.947     0.681    uart_inst/sw[62]_i_2_n_0
    SLICE_X54Y104        LUT6 (Prop_lut6_I2_O)        0.043     0.724 r  uart_inst/sw[38]_i_1/O
                         net (fo=1, routed)           0.000     0.724    twin_controller_inst/sw_reg[38]_0
    SLICE_X54Y104        FDCE                                         r  twin_controller_inst/sw_reg[38]/D
  -------------------------------------------------------------------    -------------------

                         (clock clk_out1_pll rise edge)
                                                     20.000    20.000 r  
    AD12                                              0.000    20.000 r  i_sys_clk_p (IN)
                         net (fo=0)                   0.000    20.000    pll_inst/inst/clk_in1_p
    AD12                 IBUFDS (Prop_ibufds_I_O)     0.803    20.803 r  pll_inst/inst/clkin1_ibufgds/O
                         net (fo=1, routed)           1.001    21.804    pll_inst/inst/clk_in1_pll
    PLLE2_ADV_X1Y1       PLLE2_ADV (Prop_plle2_adv_CLKIN1_CLKOUT0)
                                                     -7.261    14.543 r  pll_inst/inst/plle2_adv_inst/CLKOUT0
                         net (fo=1, routed)           2.003    16.546    pll_inst/inst/clk_out1_pll
    BUFGCTRL_X0Y1        BUFG (Prop_bufg_I_O)         0.083    16.629 r  pll_inst/inst/clkout1_buf/O
                         net (fo=546, routed)         1.261    17.890    twin_controller_inst/CLK
    SLICE_X54Y104        FDCE                                         r  twin_controller_inst/sw_reg[38]/C
                         clock pessimism             -0.448    17.443    
                         clock uncertainty           -0.079    17.364    
    SLICE_X54Y104        FDCE (Setup_fdce_C_D)        0.065    17.429    twin_controller_inst/sw_reg[38]
  -------------------------------------------------------------------
                         required time                         17.429    
                         arrival time                          -0.724    
  -------------------------------------------------------------------
                         slack                                 16.705    

Slack (MET) :             16.705ns  (required time - arrival time)
  Source:                 uart_inst/rx_data_reg[2]/C
                            (rising edge-triggered cell FDCE clocked by clk_out1_pll  {rise@0.000ns fall@10.000ns period=20.000ns})
  Destination:            twin_controller_inst/sw_reg[38]/D
                            (rising edge-triggered cell FDCE clocked by clk_out1_pll  {rise@0.000ns fall@10.000ns period=20.000ns})
  Path Group:             clk_out1_pll
  Path Type:              Setup (Max at Slow Process Corner)
  Requirement:            20.000ns  (clk_out1_pll rise@20.000ns - clk_out1_pll rise@0.000ns)
  Data Path Delay:        3.156ns  (logic 0.496ns (15.716%)  route 2.660ns (84.284%))
  Logic Levels:           4  (LUT2=1 LUT3=1 LUT6=2)
  Clock Path Skew:        -0.125ns (DCD - SCD + CPR)
    Destination Clock Delay (DCD):    -2.110ns = ( 17.890 - 20.000 ) 
    Source Clock Delay      (SCD):    -2.432ns
    Clock Pessimism Removal (CPR):    -0.448ns
  Clock Uncertainty:      0.079ns  ((TSJ^2 + DJ^2)^1/2) / 2 + PE
    Total System Jitter     (TSJ):    0.071ns
    Discrete Jitter          (DJ):    0.141ns
    Phase Error              (PE):    0.000ns

    Location             Delay type                Incr(ns)  Path(ns)    Netlist Resource(s)
  -------------------------------------------------------------------    -------------------
                         (clock clk_out1_pll rise edge)
                                                      0.000     0.000 r  
    AD12                                              0.000     0.000 r  i_sys_clk_p (IN)
                         net (fo=0)                   0.000     0.000    pll_inst/inst/clk_in1_p
    AD12                 IBUFDS (Prop_ibufds_I_O)     0.906     0.906 r  pll_inst/inst/clkin1_ibufgds/O
                         net (fo=1, routed)           1.098     2.004    pll_inst/inst/clk_in1_pll
    PLLE2_ADV_X1Y1       PLLE2_ADV (Prop_plle2_adv_CLKIN1_CLKOUT0)
                                                     -8.058    -6.054 r  pll_inst/inst/plle2_adv_inst/CLKOUT0
                         net (fo=1, routed)           2.128    -3.926    pll_inst/inst/clk_out1_pll
    BUFGCTRL_X0Y1        BUFG (Prop_bufg_I_O)         0.093    -3.833 r  pll_inst/inst/clkout1_buf/O
                         net (fo=546, routed)         1.401    -2.432    uart_inst/clk_out1
    SLICE_X87Y108        FDCE                                         r  uart_inst/rx_data_reg[2]/C
  -------------------------------------------------------------------    -------------------
    SLICE_X87Y108        FDCE (Prop_fdce_C_Q)         0.223    -2.209 r  uart_inst/rx_data_reg[2]/Q
                         net (fo=17, routed)          0.899    -1.310    uart_inst/rx_data[2]
    SLICE_X72Y104        LUT3 (Prop_lut3_I0_O)        0.051    -1.259 f  uart_inst/sw[63]_i_4/O
                         net (fo=3, routed)           0.256    -1.004    uart_inst/sw[63]_i_4_n_0
    SLICE_X72Y104        LUT6 (Prop_lut6_I1_O)        0.136    -0.868 f  uart_inst/sw[62]_i_3/O
                         net (fo=4, routed)           0.559    -0.309    uart_inst/sw[62]_i_3_n_0
    SLICE_X69Y104        LUT2 (Prop_lut2_I0_O)        0.043    -0.266 f  uart_inst/sw[62]_i_2/O
                         net (fo=32, routed)          0.947     0.681    uart_inst/sw[62]_i_2_n_0
    SLICE_X54Y104        LUT6 (Prop_lut6_I2_O)        0.043     0.724 r  uart_inst/sw[38]_i_1/O
                         net (fo=1, routed)           0.000     0.724    twin_controller_inst/sw_reg[38]_0
    SLICE_X54Y104        FDCE                                         r  twin_controller_inst/sw_reg[38]/D
  -------------------------------------------------------------------    -------------------

                         (clock clk_out1_pll rise edge)
                                                     20.000    20.000 r  
    AD12                                              0.000    20.000 r  i_sys_clk_p (IN)
                         net (fo=0)                   0.000    20.000    pll_inst/inst/clk_in1_p
    AD12                 IBUFDS (Prop_ibufds_I_O)     0.803    20.803 r  pll_inst/inst/clkin1_ibufgds/O
                         net (fo=1, routed)           1.001    21.804    pll_inst/inst/clk_in1_pll
    PLLE2_ADV_X1Y1       PLLE2_ADV (Prop_plle2_adv_CLKIN1_CLKOUT0)
                                                     -7.261    14.543 r  pll_inst/inst/plle2_adv_inst/CLKOUT0
                         net (fo=1, routed)           2.003    16.546    pll_inst/inst/clk_out1_pll
    BUFGCTRL_X0Y1        BUFG (Prop_bufg_I_O)         0.083    16.629 r  pll_inst/inst/clkout1_buf/O
                         net (fo=546, routed)         1.261    17.890    twin_controller_inst/CLK
    SLICE_X54Y104        FDCE                                         r  twin_controller_inst/sw_reg[38]/C
                         clock pessimism             -0.448    17.443    
                         clock uncertainty           -0.079    17.364    
    SLICE_X54Y104        FDCE (Setup_fdce_C_D)        0.065    17.429    twin_controller_inst/sw_reg[38]
  -------------------------------------------------------------------
                         required time                         17.429    
                         arrival time                          -0.724    
  -------------------------------------------------------------------
                         slack                                 16.705    

Slack (MET) :             16.705ns  (required time - arrival time)
  Source:                 uart_inst/rx_data_reg[2]/C
                            (rising edge-triggered cell FDCE clocked by clk_out1_pll  {rise@0.000ns fall@10.000ns period=20.000ns})
  Destination:            twin_controller_inst/sw_reg[38]/D
                            (rising edge-triggered cell FDCE clocked by clk_out1_pll  {rise@0.000ns fall@10.000ns period=20.000ns})
  Path Group:             clk_out1_pll
  Path Type:              Setup (Max at Slow Process Corner)
  Requirement:            20.000ns  (clk_out1_pll rise@20.000ns - clk_out1_pll rise@0.000ns)
  Data Path Delay:        3.156ns  (logic 0.496ns (15.716%)  route 2.660ns (84.284%))
  Logic Levels:           4  (LUT2=1 LUT3=1 LUT6=2)
  Clock Path Skew:        -0.125ns (DCD - SCD + CPR)
    Destination Clock Delay (DCD):    -2.110ns = ( 17.890 - 20.000 ) 
    Source Clock Delay      (SCD):    -2.432ns
    Clock Pessimism Removal (CPR):    -0.448ns
  Clock Uncertainty:      0.079ns  ((TSJ^2 + DJ^2)^1/2) / 2 + PE
    Total System Jitter     (TSJ):    0.071ns
    Discrete Jitter          (DJ):    0.141ns
    Phase Error              (PE):    0.000ns

    Location             Delay type                Incr(ns)  Path(ns)    Netlist Resource(s)
  -------------------------------------------------------------------    -------------------
                         (clock clk_out1_pll rise edge)
                                                      0.000     0.000 r  
    AD12                                              0.000     0.000 r  i_sys_clk_p (IN)
                         net (fo=0)                   0.000     0.000    pll_inst/inst/clk_in1_p
    AD12                 IBUFDS (Prop_ibufds_I_O)     0.906     0.906 r  pll_inst/inst/clkin1_ibufgds/O
                         net (fo=1, routed)           1.098     2.004    pll_inst/inst/clk_in1_pll
    PLLE2_ADV_X1Y1       PLLE2_ADV (Prop_plle2_adv_CLKIN1_CLKOUT0)
                                                     -8.058    -6.054 r  pll_inst/inst/plle2_adv_inst/CLKOUT0
                         net (fo=1, routed)           2.128    -3.926    pll_inst/inst/clk_out1_pll
    BUFGCTRL_X0Y1        BUFG (Prop_bufg_I_O)         0.093    -3.833 r  pll_inst/inst/clkout1_buf/O
                         net (fo=546, routed)         1.401    -2.432    uart_inst/clk_out1
    SLICE_X87Y108        FDCE                                         r  uart_inst/rx_data_reg[2]/C
  -------------------------------------------------------------------    -------------------
    SLICE_X87Y108        FDCE (Prop_fdce_C_Q)         0.223    -2.209 f  uart_inst/rx_data_reg[2]/Q
                         net (fo=17, routed)          0.899    -1.310    uart_inst/rx_data[2]
    SLICE_X72Y104        LUT3 (Prop_lut3_I0_O)        0.051    -1.259 r  uart_inst/sw[63]_i_4/O
                         net (fo=3, routed)           0.256    -1.004    uart_inst/sw[63]_i_4_n_0
    SLICE_X72Y104        LUT6 (Prop_lut6_I1_O)        0.136    -0.868 r  uart_inst/sw[62]_i_3/O
                         net (fo=4, routed)           0.559    -0.309    uart_inst/sw[62]_i_3_n_0
    SLICE_X69Y104        LUT2 (Prop_lut2_I0_O)        0.043    -0.266 r  uart_inst/sw[62]_i_2/O
                         net (fo=32, routed)          0.947     0.681    uart_inst/sw[62]_i_2_n_0
    SLICE_X54Y104        LUT6 (Prop_lut6_I2_O)        0.043     0.724 f  uart_inst/sw[38]_i_1/O
                         net (fo=1, routed)           0.000     0.724    twin_controller_inst/sw_reg[38]_0
    SLICE_X54Y104        FDCE                                         f  twin_controller_inst/sw_reg[38]/D
  -------------------------------------------------------------------    -------------------

                         (clock clk_out1_pll rise edge)
                                                     20.000    20.000 r  
    AD12                                              0.000    20.000 r  i_sys_clk_p (IN)
                         net (fo=0)                   0.000    20.000    pll_inst/inst/clk_in1_p
    AD12                 IBUFDS (Prop_ibufds_I_O)     0.803    20.803 r  pll_inst/inst/clkin1_ibufgds/O
                         net (fo=1, routed)           1.001    21.804    pll_inst/inst/clk_in1_pll
    PLLE2_ADV_X1Y1       PLLE2_ADV (Prop_plle2_adv_CLKIN1_CLKOUT0)
                                                     -7.261    14.543 r  pll_inst/inst/plle2_adv_inst/CLKOUT0
                         net (fo=1, routed)           2.003    16.546    pll_inst/inst/clk_out1_pll
    BUFGCTRL_X0Y1        BUFG (Prop_bufg_I_O)         0.083    16.629 r  pll_inst/inst/clkout1_buf/O
                         net (fo=546, routed)         1.261    17.890    twin_controller_inst/CLK
    SLICE_X54Y104        FDCE                                         r  twin_controller_inst/sw_reg[38]/C
                         clock pessimism             -0.448    17.443    
                         clock uncertainty           -0.079    17.364    
    SLICE_X54Y104        FDCE (Setup_fdce_C_D)        0.065    17.429    twin_controller_inst/sw_reg[38]
  -------------------------------------------------------------------
                         required time                         17.429    
                         arrival time                          -0.724    
  -------------------------------------------------------------------
                         slack                                 16.705    




