Copyright 1986-2022 Xilinx, Inc. All Rights Reserved. Copyright 2022-2023 Advanced Micro Devices, Inc. All Rights Reserved.
----------------------------------------------------------------------------------------------------------------------------------------------------------------------------------------------------------------------------------------
| Tool Version : Vivado v.2023.2 (win64) Build 4029153 Fri Oct 13 20:14:34 MDT 2023
| Date         : Tue Jun  2 22:57:30 2026
| Host         : LAPTOP-5UF1FH4A running 64-bit major release  (build 9200)
| Command      : report_timing -delay_type max -sort_by group -max_paths 20 -nworst 5 -path_type full_clock_expanded -file C:/Users/hp/Downloads/digital_twin/digital_twin.srcs/sources_1/vivado_clk2_sweep/top_timing_max_clk2_222.rpt
| Design       : top
| Device       : 7k325t-ffg900
| Speed File   : -2  PRODUCTION 1.12 2017-02-17
| Design State : Routed
----------------------------------------------------------------------------------------------------------------------------------------------------------------------------------------------------------------------------------------

Timing Report

Slack (MET) :             0.007ns  (required time - arrival time)
  Source:                 student_top_inst/Core_cpu/cpu_core/id_ex_inst/rs1_addr_o_reg[4]/C
                            (rising edge-triggered cell FDRE clocked by clk_out2_pll  {rise@0.000ns fall@2.258ns period=4.516ns})
  Destination:            student_top_inst/Core_cpu/cpu_core/ex_mem_inst/dff_rd_data/data_o_reg[9]/D
                            (rising edge-triggered cell FDRE clocked by clk_out2_pll  {rise@0.000ns fall@2.258ns period=4.516ns})
  Path Group:             clk_out2_pll
  Path Type:              Setup (Max at Slow Process Corner)
  Requirement:            4.516ns  (clk_out2_pll rise@4.516ns - clk_out2_pll rise@0.000ns)
  Data Path Delay:        4.447ns  (logic 0.696ns (15.650%)  route 3.751ns (84.350%))
  Logic Levels:           11  (LUT3=1 LUT4=1 LUT5=3 LUT6=6)
  Clock Path Skew:        -0.037ns (DCD - SCD + CPR)
    Destination Clock Delay (DCD):    -2.097ns = ( 2.420 - 4.516 ) 
    Source Clock Delay      (SCD):    -2.434ns
    Clock Pessimism Removal (CPR):    -0.375ns
  Clock Uncertainty:      0.058ns  ((TSJ^2 + DJ^2)^1/2) / 2 + PE
    Total System Jitter     (TSJ):    0.071ns
    Discrete Jitter          (DJ):    0.093ns
    Phase Error              (PE):    0.000ns

    Location             Delay type                Incr(ns)  Path(ns)    Netlist Resource(s)
  -------------------------------------------------------------------    -------------------
                         (clock clk_out2_pll rise edge)
                                                      0.000     0.000 r  
    AD12                                              0.000     0.000 r  i_sys_clk_p (IN)
                         net (fo=0)                   0.000     0.000    pll_inst/inst/clk_in1_p
    AD12                 IBUFDS (Prop_ibufds_I_O)     0.906     0.906 r  pll_inst/inst/clkin1_ibufgds/O
                         net (fo=1, routed)           1.098     2.004    pll_inst/inst/clk_in1_pll
    PLLE2_ADV_X1Y1       PLLE2_ADV (Prop_plle2_adv_CLKIN1_CLKOUT1)
                                                     -8.058    -6.054 r  pll_inst/inst/plle2_adv_inst/CLKOUT1
                         net (fo=1, routed)           2.128    -3.926    pll_inst/inst/clk_out2_pll
    BUFGCTRL_X0Y0        BUFG (Prop_bufg_I_O)         0.093    -3.833 r  pll_inst/inst/clkout2_buf/O
                         net (fo=2864, routed)        1.399    -2.434    student_top_inst/Core_cpu/cpu_core/id_ex_inst/clk_out2
    SLICE_X81Y108        FDRE                                         r  student_top_inst/Core_cpu/cpu_core/id_ex_inst/rs1_addr_o_reg[4]/C
  -------------------------------------------------------------------    -------------------
    SLICE_X81Y108        FDRE (Prop_fdre_C_Q)         0.223    -2.211 r  student_top_inst/Core_cpu/cpu_core/id_ex_inst/rs1_addr_o_reg[4]/Q
                         net (fo=3, routed)           0.453    -1.758    student_top_inst/Core_cpu/cpu_core/id_ex_inst/rs1_addr_o_reg[4]_0[4]
    SLICE_X83Y108        LUT5 (Prop_lut5_I0_O)        0.043    -1.715 r  student_top_inst/Core_cpu/cpu_core/id_ex_inst/rs1_match_ex_mem_inst_i_2/O
                         net (fo=57, routed)          0.682    -1.033    student_top_inst/Core_cpu/cpu_core/id_ex_inst/forwarding_inst/in04
    SLICE_X82Y110        LUT6 (Prop_lut6_I0_O)        0.043    -0.990 r  student_top_inst/Core_cpu/cpu_core/id_ex_inst/rs1_match_ex_mem_inst_rep__6_i_1/O
                         net (fo=4, routed)           0.222    -0.768    student_top_inst/Core_cpu/cpu_core/id_ex_inst/rs1_match_ex_mem_inst_rep__6_i_1_n_0
    SLICE_X83Y110        LUT3 (Prop_lut3_I1_O)        0.043    -0.725 r  student_top_inst/Core_cpu/cpu_core/id_ex_inst/data_o[25]_i_23/O
                         net (fo=4, routed)           0.466    -0.259    student_top_inst/Core_cpu/cpu_core/id_ex_inst/data_o_reg[27]_1
    SLICE_X84Y106        LUT5 (Prop_lut5_I2_O)        0.043    -0.216 r  student_top_inst/Core_cpu/cpu_core/id_ex_inst/data_o[11]_i_38/O
                         net (fo=4, routed)           0.454     0.237    student_top_inst/Core_cpu/cpu_core/id_ex_inst/data_o[11]_i_38_n_0
    SLICE_X88Y106        LUT6 (Prop_lut6_I1_O)        0.043     0.280 r  student_top_inst/Core_cpu/cpu_core/id_ex_inst/data_o[9]_i_20/O
                         net (fo=2, routed)           0.486     0.766    student_top_inst/Core_cpu/cpu_core/id_ex_inst/data_o[9]_i_20_n_0
    SLICE_X94Y106        LUT5 (Prop_lut5_I4_O)        0.043     0.809 r  student_top_inst/Core_cpu/cpu_core/id_ex_inst/data_o[9]_i_16/O
                         net (fo=1, routed)           0.244     1.054    student_top_inst/Core_cpu/cpu_core/id_ex_inst/ex_inst/op1_i_shift_right_op2_i[9]
    SLICE_X94Y106        LUT6 (Prop_lut6_I3_O)        0.043     1.097 f  student_top_inst/Core_cpu/cpu_core/id_ex_inst/data_o[9]_i_10/O
                         net (fo=1, routed)           0.191     1.287    student_top_inst/Core_cpu/cpu_core/id_ex_inst/data_o[9]_i_10_n_0
    SLICE_X94Y105        LUT6 (Prop_lut6_I0_O)        0.043     1.330 f  student_top_inst/Core_cpu/cpu_core/id_ex_inst/data_o[9]_i_6/O
                         net (fo=1, routed)           0.235     1.566    student_top_inst/Core_cpu/cpu_core/id_ex_inst/data_o[9]_i_6_n_0
    SLICE_X93Y104        LUT6 (Prop_lut6_I0_O)        0.043     1.609 f  student_top_inst/Core_cpu/cpu_core/id_ex_inst/data_o[9]_i_4/O
                         net (fo=1, routed)           0.214     1.822    student_top_inst/Core_cpu/cpu_core/id_ex_inst/data_o[9]_i_4_n_0
    SLICE_X92Y104        LUT6 (Prop_lut6_I1_O)        0.043     1.865 r  student_top_inst/Core_cpu/cpu_core/id_ex_inst/data_o[9]_i_3/O
                         net (fo=1, routed)           0.105     1.970    student_top_inst/Core_cpu/cpu_core/ex_inst/rv32m_iter_inst/data_o_reg[9]
    SLICE_X92Y104        LUT4 (Prop_lut4_I1_O)        0.043     2.013 r  student_top_inst/Core_cpu/cpu_core/ex_inst/rv32m_iter_inst/data_o[9]_i_1__4/O
                         net (fo=1, routed)           0.000     2.013    student_top_inst/Core_cpu/cpu_core/ex_mem_inst/dff_rd_data/data_o_reg[9]_1
    SLICE_X92Y104        FDRE                                         r  student_top_inst/Core_cpu/cpu_core/ex_mem_inst/dff_rd_data/data_o_reg[9]/D
  -------------------------------------------------------------------    -------------------

                         (clock clk_out2_pll rise edge)
                                                      4.516     4.516 r  
    AD12                                              0.000     4.516 r  i_sys_clk_p (IN)
                         net (fo=0)                   0.000     4.516    pll_inst/inst/clk_in1_p
    AD12                 IBUFDS (Prop_ibufds_I_O)     0.803     5.320 r  pll_inst/inst/clkin1_ibufgds/O
                         net (fo=1, routed)           1.001     6.321    pll_inst/inst/clk_in1_pll
    PLLE2_ADV_X1Y1       PLLE2_ADV (Prop_plle2_adv_CLKIN1_CLKOUT1)
                                                     -7.261    -0.940 r  pll_inst/inst/plle2_adv_inst/CLKOUT1
                         net (fo=1, routed)           2.003     1.063    pll_inst/inst/clk_out2_pll
    BUFGCTRL_X0Y0        BUFG (Prop_bufg_I_O)         0.083     1.146 r  pll_inst/inst/clkout2_buf/O
                         net (fo=2864, routed)        1.274     2.420    student_top_inst/Core_cpu/cpu_core/ex_mem_inst/dff_rd_data/clk_out2
    SLICE_X92Y104        FDRE                                         r  student_top_inst/Core_cpu/cpu_core/ex_mem_inst/dff_rd_data/data_o_reg[9]/C
                         clock pessimism             -0.375     2.045    
                         clock uncertainty           -0.058     1.986    
    SLICE_X92Y104        FDRE (Setup_fdre_C_D)        0.034     2.020    student_top_inst/Core_cpu/cpu_core/ex_mem_inst/dff_rd_data/data_o_reg[9]
  -------------------------------------------------------------------
                         required time                          2.020    
                         arrival time                          -2.013    
  -------------------------------------------------------------------
                         slack                                  0.007    

Slack (MET) :             0.007ns  (required time - arrival time)
  Source:                 student_top_inst/Core_cpu/cpu_core/id_ex_inst/rs1_addr_o_reg[4]/C
                            (rising edge-triggered cell FDRE clocked by clk_out2_pll  {rise@0.000ns fall@2.258ns period=4.516ns})
  Destination:            student_top_inst/Core_cpu/cpu_core/ex_mem_inst/dff_rd_data/data_o_reg[9]/D
                            (rising edge-triggered cell FDRE clocked by clk_out2_pll  {rise@0.000ns fall@2.258ns period=4.516ns})
  Path Group:             clk_out2_pll
  Path Type:              Setup (Max at Slow Process Corner)
  Requirement:            4.516ns  (clk_out2_pll rise@4.516ns - clk_out2_pll rise@0.000ns)
  Data Path Delay:        4.447ns  (logic 0.696ns (15.650%)  route 3.751ns (84.350%))
  Logic Levels:           11  (LUT3=1 LUT4=1 LUT5=3 LUT6=6)
  Clock Path Skew:        -0.037ns (DCD - SCD + CPR)
    Destination Clock Delay (DCD):    -2.097ns = ( 2.420 - 4.516 ) 
    Source Clock Delay      (SCD):    -2.434ns
    Clock Pessimism Removal (CPR):    -0.375ns
  Clock Uncertainty:      0.058ns  ((TSJ^2 + DJ^2)^1/2) / 2 + PE
    Total System Jitter     (TSJ):    0.071ns
    Discrete Jitter          (DJ):    0.093ns
    Phase Error              (PE):    0.000ns

    Location             Delay type                Incr(ns)  Path(ns)    Netlist Resource(s)
  -------------------------------------------------------------------    -------------------
                         (clock clk_out2_pll rise edge)
                                                      0.000     0.000 r  
    AD12                                              0.000     0.000 r  i_sys_clk_p (IN)
                         net (fo=0)                   0.000     0.000    pll_inst/inst/clk_in1_p
    AD12                 IBUFDS (Prop_ibufds_I_O)     0.906     0.906 r  pll_inst/inst/clkin1_ibufgds/O
                         net (fo=1, routed)           1.098     2.004    pll_inst/inst/clk_in1_pll
    PLLE2_ADV_X1Y1       PLLE2_ADV (Prop_plle2_adv_CLKIN1_CLKOUT1)
                                                     -8.058    -6.054 r  pll_inst/inst/plle2_adv_inst/CLKOUT1
                         net (fo=1, routed)           2.128    -3.926    pll_inst/inst/clk_out2_pll
    BUFGCTRL_X0Y0        BUFG (Prop_bufg_I_O)         0.093    -3.833 r  pll_inst/inst/clkout2_buf/O
                         net (fo=2864, routed)        1.399    -2.434    student_top_inst/Core_cpu/cpu_core/id_ex_inst/clk_out2
    SLICE_X81Y108        FDRE                                         r  student_top_inst/Core_cpu/cpu_core/id_ex_inst/rs1_addr_o_reg[4]/C
  -------------------------------------------------------------------    -------------------
    SLICE_X81Y108        FDRE (Prop_fdre_C_Q)         0.223    -2.211 f  student_top_inst/Core_cpu/cpu_core/id_ex_inst/rs1_addr_o_reg[4]/Q
                         net (fo=3, routed)           0.453    -1.758    student_top_inst/Core_cpu/cpu_core/id_ex_inst/rs1_addr_o_reg[4]_0[4]
    SLICE_X83Y108        LUT5 (Prop_lut5_I0_O)        0.043    -1.715 f  student_top_inst/Core_cpu/cpu_core/id_ex_inst/rs1_match_ex_mem_inst_i_2/O
                         net (fo=57, routed)          0.682    -1.033    student_top_inst/Core_cpu/cpu_core/id_ex_inst/forwarding_inst/in04
    SLICE_X82Y110        LUT6 (Prop_lut6_I0_O)        0.043    -0.990 f  student_top_inst/Core_cpu/cpu_core/id_ex_inst/rs1_match_ex_mem_inst_rep__6_i_1/O
                         net (fo=4, routed)           0.222    -0.768    student_top_inst/Core_cpu/cpu_core/id_ex_inst/rs1_match_ex_mem_inst_rep__6_i_1_n_0
    SLICE_X83Y110        LUT3 (Prop_lut3_I1_O)        0.043    -0.725 r  student_top_inst/Core_cpu/cpu_core/id_ex_inst/data_o[25]_i_23/O
                         net (fo=4, routed)           0.466    -0.259    student_top_inst/Core_cpu/cpu_core/id_ex_inst/data_o_reg[27]_1
    SLICE_X84Y106        LUT5 (Prop_lut5_I2_O)        0.043    -0.216 r  student_top_inst/Core_cpu/cpu_core/id_ex_inst/data_o[11]_i_38/O
                         net (fo=4, routed)           0.454     0.237    student_top_inst/Core_cpu/cpu_core/id_ex_inst/data_o[11]_i_38_n_0
    SLICE_X88Y106        LUT6 (Prop_lut6_I1_O)        0.043     0.280 r  student_top_inst/Core_cpu/cpu_core/id_ex_inst/data_o[9]_i_20/O
                         net (fo=2, routed)           0.486     0.766    student_top_inst/Core_cpu/cpu_core/id_ex_inst/data_o[9]_i_20_n_0
    SLICE_X94Y106        LUT5 (Prop_lut5_I4_O)        0.043     0.809 r  student_top_inst/Core_cpu/cpu_core/id_ex_inst/data_o[9]_i_16/O
                         net (fo=1, routed)           0.244     1.054    student_top_inst/Core_cpu/cpu_core/id_ex_inst/ex_inst/op1_i_shift_right_op2_i[9]
    SLICE_X94Y106        LUT6 (Prop_lut6_I3_O)        0.043     1.097 f  student_top_inst/Core_cpu/cpu_core/id_ex_inst/data_o[9]_i_10/O
                         net (fo=1, routed)           0.191     1.287    student_top_inst/Core_cpu/cpu_core/id_ex_inst/data_o[9]_i_10_n_0
    SLICE_X94Y105        LUT6 (Prop_lut6_I0_O)        0.043     1.330 f  student_top_inst/Core_cpu/cpu_core/id_ex_inst/data_o[9]_i_6/O
                         net (fo=1, routed)           0.235     1.566    student_top_inst/Core_cpu/cpu_core/id_ex_inst/data_o[9]_i_6_n_0
    SLICE_X93Y104        LUT6 (Prop_lut6_I0_O)        0.043     1.609 f  student_top_inst/Core_cpu/cpu_core/id_ex_inst/data_o[9]_i_4/O
                         net (fo=1, routed)           0.214     1.822    student_top_inst/Core_cpu/cpu_core/id_ex_inst/data_o[9]_i_4_n_0
    SLICE_X92Y104        LUT6 (Prop_lut6_I1_O)        0.043     1.865 r  student_top_inst/Core_cpu/cpu_core/id_ex_inst/data_o[9]_i_3/O
                         net (fo=1, routed)           0.105     1.970    student_top_inst/Core_cpu/cpu_core/ex_inst/rv32m_iter_inst/data_o_reg[9]
    SLICE_X92Y104        LUT4 (Prop_lut4_I1_O)        0.043     2.013 r  student_top_inst/Core_cpu/cpu_core/ex_inst/rv32m_iter_inst/data_o[9]_i_1__4/O
                         net (fo=1, routed)           0.000     2.013    student_top_inst/Core_cpu/cpu_core/ex_mem_inst/dff_rd_data/data_o_reg[9]_1
    SLICE_X92Y104        FDRE                                         r  student_top_inst/Core_cpu/cpu_core/ex_mem_inst/dff_rd_data/data_o_reg[9]/D
  -------------------------------------------------------------------    -------------------

                         (clock clk_out2_pll rise edge)
                                                      4.516     4.516 r  
    AD12                                              0.000     4.516 r  i_sys_clk_p (IN)
                         net (fo=0)                   0.000     4.516    pll_inst/inst/clk_in1_p
    AD12                 IBUFDS (Prop_ibufds_I_O)     0.803     5.320 r  pll_inst/inst/clkin1_ibufgds/O
                         net (fo=1, routed)           1.001     6.321    pll_inst/inst/clk_in1_pll
    PLLE2_ADV_X1Y1       PLLE2_ADV (Prop_plle2_adv_CLKIN1_CLKOUT1)
                                                     -7.261    -0.940 r  pll_inst/inst/plle2_adv_inst/CLKOUT1
                         net (fo=1, routed)           2.003     1.063    pll_inst/inst/clk_out2_pll
    BUFGCTRL_X0Y0        BUFG (Prop_bufg_I_O)         0.083     1.146 r  pll_inst/inst/clkout2_buf/O
                         net (fo=2864, routed)        1.274     2.420    student_top_inst/Core_cpu/cpu_core/ex_mem_inst/dff_rd_data/clk_out2
    SLICE_X92Y104        FDRE                                         r  student_top_inst/Core_cpu/cpu_core/ex_mem_inst/dff_rd_data/data_o_reg[9]/C
                         clock pessimism             -0.375     2.045    
                         clock uncertainty           -0.058     1.986    
    SLICE_X92Y104        FDRE (Setup_fdre_C_D)        0.034     2.020    student_top_inst/Core_cpu/cpu_core/ex_mem_inst/dff_rd_data/data_o_reg[9]
  -------------------------------------------------------------------
                         required time                          2.020    
                         arrival time                          -2.013    
  -------------------------------------------------------------------
                         slack                                  0.007    

Slack (MET) :             0.007ns  (required time - arrival time)
  Source:                 student_top_inst/Core_cpu/cpu_core/id_ex_inst/rs1_addr_o_reg[4]/C
                            (rising edge-triggered cell FDRE clocked by clk_out2_pll  {rise@0.000ns fall@2.258ns period=4.516ns})
  Destination:            student_top_inst/Core_cpu/cpu_core/ex_mem_inst/dff_rd_data/data_o_reg[9]/D
                            (rising edge-triggered cell FDRE clocked by clk_out2_pll  {rise@0.000ns fall@2.258ns period=4.516ns})
  Path Group:             clk_out2_pll
  Path Type:              Setup (Max at Slow Process Corner)
  Requirement:            4.516ns  (clk_out2_pll rise@4.516ns - clk_out2_pll rise@0.000ns)
  Data Path Delay:        4.447ns  (logic 0.696ns (15.650%)  route 3.751ns (84.350%))
  Logic Levels:           11  (LUT3=1 LUT4=1 LUT5=3 LUT6=6)
  Clock Path Skew:        -0.037ns (DCD - SCD + CPR)
    Destination Clock Delay (DCD):    -2.097ns = ( 2.420 - 4.516 ) 
    Source Clock Delay      (SCD):    -2.434ns
    Clock Pessimism Removal (CPR):    -0.375ns
  Clock Uncertainty:      0.058ns  ((TSJ^2 + DJ^2)^1/2) / 2 + PE
    Total System Jitter     (TSJ):    0.071ns
    Discrete Jitter          (DJ):    0.093ns
    Phase Error              (PE):    0.000ns

    Location             Delay type                Incr(ns)  Path(ns)    Netlist Resource(s)
  -------------------------------------------------------------------    -------------------
                         (clock clk_out2_pll rise edge)
                                                      0.000     0.000 r  
    AD12                                              0.000     0.000 r  i_sys_clk_p (IN)
                         net (fo=0)                   0.000     0.000    pll_inst/inst/clk_in1_p
    AD12                 IBUFDS (Prop_ibufds_I_O)     0.906     0.906 r  pll_inst/inst/clkin1_ibufgds/O
                         net (fo=1, routed)           1.098     2.004    pll_inst/inst/clk_in1_pll
    PLLE2_ADV_X1Y1       PLLE2_ADV (Prop_plle2_adv_CLKIN1_CLKOUT1)
                                                     -8.058    -6.054 r  pll_inst/inst/plle2_adv_inst/CLKOUT1
                         net (fo=1, routed)           2.128    -3.926    pll_inst/inst/clk_out2_pll
    BUFGCTRL_X0Y0        BUFG (Prop_bufg_I_O)         0.093    -3.833 r  pll_inst/inst/clkout2_buf/O
                         net (fo=2864, routed)        1.399    -2.434    student_top_inst/Core_cpu/cpu_core/id_ex_inst/clk_out2
    SLICE_X81Y108        FDRE                                         r  student_top_inst/Core_cpu/cpu_core/id_ex_inst/rs1_addr_o_reg[4]/C
  -------------------------------------------------------------------    -------------------
    SLICE_X81Y108        FDRE (Prop_fdre_C_Q)         0.223    -2.211 r  student_top_inst/Core_cpu/cpu_core/id_ex_inst/rs1_addr_o_reg[4]/Q
                         net (fo=3, routed)           0.453    -1.758    student_top_inst/Core_cpu/cpu_core/id_ex_inst/rs1_addr_o_reg[4]_0[4]
    SLICE_X83Y108        LUT5 (Prop_lut5_I0_O)        0.043    -1.715 r  student_top_inst/Core_cpu/cpu_core/id_ex_inst/rs1_match_ex_mem_inst_i_2/O
                         net (fo=57, routed)          0.682    -1.033    student_top_inst/Core_cpu/cpu_core/id_ex_inst/forwarding_inst/in04
    SLICE_X82Y110        LUT6 (Prop_lut6_I0_O)        0.043    -0.990 r  student_top_inst/Core_cpu/cpu_core/id_ex_inst/rs1_match_ex_mem_inst_rep__6_i_1/O
                         net (fo=4, routed)           0.222    -0.768    student_top_inst/Core_cpu/cpu_core/id_ex_inst/rs1_match_ex_mem_inst_rep__6_i_1_n_0
    SLICE_X83Y110        LUT3 (Prop_lut3_I1_O)        0.043    -0.725 f  student_top_inst/Core_cpu/cpu_core/id_ex_inst/data_o[25]_i_23/O
                         net (fo=4, routed)           0.466    -0.259    student_top_inst/Core_cpu/cpu_core/id_ex_inst/data_o_reg[27]_1
    SLICE_X84Y106        LUT5 (Prop_lut5_I2_O)        0.043    -0.216 f  student_top_inst/Core_cpu/cpu_core/id_ex_inst/data_o[11]_i_38/O
                         net (fo=4, routed)           0.454     0.237    student_top_inst/Core_cpu/cpu_core/id_ex_inst/data_o[11]_i_38_n_0
    SLICE_X88Y106        LUT6 (Prop_lut6_I1_O)        0.043     0.280 f  student_top_inst/Core_cpu/cpu_core/id_ex_inst/data_o[9]_i_20/O
                         net (fo=2, routed)           0.486     0.766    student_top_inst/Core_cpu/cpu_core/id_ex_inst/data_o[9]_i_20_n_0
    SLICE_X94Y106        LUT5 (Prop_lut5_I4_O)        0.043     0.809 f  student_top_inst/Core_cpu/cpu_core/id_ex_inst/data_o[9]_i_16/O
                         net (fo=1, routed)           0.244     1.054    student_top_inst/Core_cpu/cpu_core/id_ex_inst/ex_inst/op1_i_shift_right_op2_i[9]
    SLICE_X94Y106        LUT6 (Prop_lut6_I3_O)        0.043     1.097 r  student_top_inst/Core_cpu/cpu_core/id_ex_inst/data_o[9]_i_10/O
                         net (fo=1, routed)           0.191     1.287    student_top_inst/Core_cpu/cpu_core/id_ex_inst/data_o[9]_i_10_n_0
    SLICE_X94Y105        LUT6 (Prop_lut6_I0_O)        0.043     1.330 r  student_top_inst/Core_cpu/cpu_core/id_ex_inst/data_o[9]_i_6/O
                         net (fo=1, routed)           0.235     1.566    student_top_inst/Core_cpu/cpu_core/id_ex_inst/data_o[9]_i_6_n_0
    SLICE_X93Y104        LUT6 (Prop_lut6_I0_O)        0.043     1.609 r  student_top_inst/Core_cpu/cpu_core/id_ex_inst/data_o[9]_i_4/O
                         net (fo=1, routed)           0.214     1.822    student_top_inst/Core_cpu/cpu_core/id_ex_inst/data_o[9]_i_4_n_0
    SLICE_X92Y104        LUT6 (Prop_lut6_I1_O)        0.043     1.865 f  student_top_inst/Core_cpu/cpu_core/id_ex_inst/data_o[9]_i_3/O
                         net (fo=1, routed)           0.105     1.970    student_top_inst/Core_cpu/cpu_core/ex_inst/rv32m_iter_inst/data_o_reg[9]
    SLICE_X92Y104        LUT4 (Prop_lut4_I1_O)        0.043     2.013 f  student_top_inst/Core_cpu/cpu_core/ex_inst/rv32m_iter_inst/data_o[9]_i_1__4/O
                         net (fo=1, routed)           0.000     2.013    student_top_inst/Core_cpu/cpu_core/ex_mem_inst/dff_rd_data/data_o_reg[9]_1
    SLICE_X92Y104        FDRE                                         f  student_top_inst/Core_cpu/cpu_core/ex_mem_inst/dff_rd_data/data_o_reg[9]/D
  -------------------------------------------------------------------    -------------------

                         (clock clk_out2_pll rise edge)
                                                      4.516     4.516 r  
    AD12                                              0.000     4.516 r  i_sys_clk_p (IN)
                         net (fo=0)                   0.000     4.516    pll_inst/inst/clk_in1_p
    AD12                 IBUFDS (Prop_ibufds_I_O)     0.803     5.320 r  pll_inst/inst/clkin1_ibufgds/O
                         net (fo=1, routed)           1.001     6.321    pll_inst/inst/clk_in1_pll
    PLLE2_ADV_X1Y1       PLLE2_ADV (Prop_plle2_adv_CLKIN1_CLKOUT1)
                                                     -7.261    -0.940 r  pll_inst/inst/plle2_adv_inst/CLKOUT1
                         net (fo=1, routed)           2.003     1.063    pll_inst/inst/clk_out2_pll
    BUFGCTRL_X0Y0        BUFG (Prop_bufg_I_O)         0.083     1.146 r  pll_inst/inst/clkout2_buf/O
                         net (fo=2864, routed)        1.274     2.420    student_top_inst/Core_cpu/cpu_core/ex_mem_inst/dff_rd_data/clk_out2
    SLICE_X92Y104        FDRE                                         r  student_top_inst/Core_cpu/cpu_core/ex_mem_inst/dff_rd_data/data_o_reg[9]/C
                         clock pessimism             -0.375     2.045    
                         clock uncertainty           -0.058     1.986    
    SLICE_X92Y104        FDRE (Setup_fdre_C_D)        0.034     2.020    student_top_inst/Core_cpu/cpu_core/ex_mem_inst/dff_rd_data/data_o_reg[9]
  -------------------------------------------------------------------
                         required time                          2.020    
                         arrival time                          -2.013    
  -------------------------------------------------------------------
                         slack                                  0.007    

Slack (MET) :             0.007ns  (required time - arrival time)
  Source:                 student_top_inst/Core_cpu/cpu_core/id_ex_inst/rs1_addr_o_reg[4]/C
                            (rising edge-triggered cell FDRE clocked by clk_out2_pll  {rise@0.000ns fall@2.258ns period=4.516ns})
  Destination:            student_top_inst/Core_cpu/cpu_core/ex_mem_inst/dff_rd_data/data_o_reg[9]/D
                            (rising edge-triggered cell FDRE clocked by clk_out2_pll  {rise@0.000ns fall@2.258ns period=4.516ns})
  Path Group:             clk_out2_pll
  Path Type:              Setup (Max at Slow Process Corner)
  Requirement:            4.516ns  (clk_out2_pll rise@4.516ns - clk_out2_pll rise@0.000ns)
  Data Path Delay:        4.447ns  (logic 0.696ns (15.650%)  route 3.751ns (84.350%))
  Logic Levels:           11  (LUT3=1 LUT4=1 LUT5=3 LUT6=6)
  Clock Path Skew:        -0.037ns (DCD - SCD + CPR)
    Destination Clock Delay (DCD):    -2.097ns = ( 2.420 - 4.516 ) 
    Source Clock Delay      (SCD):    -2.434ns
    Clock Pessimism Removal (CPR):    -0.375ns
  Clock Uncertainty:      0.058ns  ((TSJ^2 + DJ^2)^1/2) / 2 + PE
    Total System Jitter     (TSJ):    0.071ns
    Discrete Jitter          (DJ):    0.093ns
    Phase Error              (PE):    0.000ns

    Location             Delay type                Incr(ns)  Path(ns)    Netlist Resource(s)
  -------------------------------------------------------------------    -------------------
                         (clock clk_out2_pll rise edge)
                                                      0.000     0.000 r  
    AD12                                              0.000     0.000 r  i_sys_clk_p (IN)
                         net (fo=0)                   0.000     0.000    pll_inst/inst/clk_in1_p
    AD12                 IBUFDS (Prop_ibufds_I_O)     0.906     0.906 r  pll_inst/inst/clkin1_ibufgds/O
                         net (fo=1, routed)           1.098     2.004    pll_inst/inst/clk_in1_pll
    PLLE2_ADV_X1Y1       PLLE2_ADV (Prop_plle2_adv_CLKIN1_CLKOUT1)
                                                     -8.058    -6.054 r  pll_inst/inst/plle2_adv_inst/CLKOUT1
                         net (fo=1, routed)           2.128    -3.926    pll_inst/inst/clk_out2_pll
    BUFGCTRL_X0Y0        BUFG (Prop_bufg_I_O)         0.093    -3.833 r  pll_inst/inst/clkout2_buf/O
                         net (fo=2864, routed)        1.399    -2.434    student_top_inst/Core_cpu/cpu_core/id_ex_inst/clk_out2
    SLICE_X81Y108        FDRE                                         r  student_top_inst/Core_cpu/cpu_core/id_ex_inst/rs1_addr_o_reg[4]/C
  -------------------------------------------------------------------    -------------------
    SLICE_X81Y108        FDRE (Prop_fdre_C_Q)         0.223    -2.211 f  student_top_inst/Core_cpu/cpu_core/id_ex_inst/rs1_addr_o_reg[4]/Q
                         net (fo=3, routed)           0.453    -1.758    student_top_inst/Core_cpu/cpu_core/id_ex_inst/rs1_addr_o_reg[4]_0[4]
    SLICE_X83Y108        LUT5 (Prop_lut5_I0_O)        0.043    -1.715 f  student_top_inst/Core_cpu/cpu_core/id_ex_inst/rs1_match_ex_mem_inst_i_2/O
                         net (fo=57, routed)          0.682    -1.033    student_top_inst/Core_cpu/cpu_core/id_ex_inst/forwarding_inst/in04
    SLICE_X82Y110        LUT6 (Prop_lut6_I0_O)        0.043    -0.990 f  student_top_inst/Core_cpu/cpu_core/id_ex_inst/rs1_match_ex_mem_inst_rep__6_i_1/O
                         net (fo=4, routed)           0.222    -0.768    student_top_inst/Core_cpu/cpu_core/id_ex_inst/rs1_match_ex_mem_inst_rep__6_i_1_n_0
    SLICE_X83Y110        LUT3 (Prop_lut3_I1_O)        0.043    -0.725 f  student_top_inst/Core_cpu/cpu_core/id_ex_inst/data_o[25]_i_23/O
                         net (fo=4, routed)           0.466    -0.259    student_top_inst/Core_cpu/cpu_core/id_ex_inst/data_o_reg[27]_1
    SLICE_X84Y106        LUT5 (Prop_lut5_I2_O)        0.043    -0.216 f  student_top_inst/Core_cpu/cpu_core/id_ex_inst/data_o[11]_i_38/O
                         net (fo=4, routed)           0.454     0.237    student_top_inst/Core_cpu/cpu_core/id_ex_inst/data_o[11]_i_38_n_0
    SLICE_X88Y106        LUT6 (Prop_lut6_I1_O)        0.043     0.280 f  student_top_inst/Core_cpu/cpu_core/id_ex_inst/data_o[9]_i_20/O
                         net (fo=2, routed)           0.486     0.766    student_top_inst/Core_cpu/cpu_core/id_ex_inst/data_o[9]_i_20_n_0
    SLICE_X94Y106        LUT5 (Prop_lut5_I4_O)        0.043     0.809 f  student_top_inst/Core_cpu/cpu_core/id_ex_inst/data_o[9]_i_16/O
                         net (fo=1, routed)           0.244     1.054    student_top_inst/Core_cpu/cpu_core/id_ex_inst/ex_inst/op1_i_shift_right_op2_i[9]
    SLICE_X94Y106        LUT6 (Prop_lut6_I3_O)        0.043     1.097 r  student_top_inst/Core_cpu/cpu_core/id_ex_inst/data_o[9]_i_10/O
                         net (fo=1, routed)           0.191     1.287    student_top_inst/Core_cpu/cpu_core/id_ex_inst/data_o[9]_i_10_n_0
    SLICE_X94Y105        LUT6 (Prop_lut6_I0_O)        0.043     1.330 r  student_top_inst/Core_cpu/cpu_core/id_ex_inst/data_o[9]_i_6/O
                         net (fo=1, routed)           0.235     1.566    student_top_inst/Core_cpu/cpu_core/id_ex_inst/data_o[9]_i_6_n_0
    SLICE_X93Y104        LUT6 (Prop_lut6_I0_O)        0.043     1.609 r  student_top_inst/Core_cpu/cpu_core/id_ex_inst/data_o[9]_i_4/O
                         net (fo=1, routed)           0.214     1.822    student_top_inst/Core_cpu/cpu_core/id_ex_inst/data_o[9]_i_4_n_0
    SLICE_X92Y104        LUT6 (Prop_lut6_I1_O)        0.043     1.865 f  student_top_inst/Core_cpu/cpu_core/id_ex_inst/data_o[9]_i_3/O
                         net (fo=1, routed)           0.105     1.970    student_top_inst/Core_cpu/cpu_core/ex_inst/rv32m_iter_inst/data_o_reg[9]
    SLICE_X92Y104        LUT4 (Prop_lut4_I1_O)        0.043     2.013 f  student_top_inst/Core_cpu/cpu_core/ex_inst/rv32m_iter_inst/data_o[9]_i_1__4/O
                         net (fo=1, routed)           0.000     2.013    student_top_inst/Core_cpu/cpu_core/ex_mem_inst/dff_rd_data/data_o_reg[9]_1
    SLICE_X92Y104        FDRE                                         f  student_top_inst/Core_cpu/cpu_core/ex_mem_inst/dff_rd_data/data_o_reg[9]/D
  -------------------------------------------------------------------    -------------------

                         (clock clk_out2_pll rise edge)
                                                      4.516     4.516 r  
    AD12                                              0.000     4.516 r  i_sys_clk_p (IN)
                         net (fo=0)                   0.000     4.516    pll_inst/inst/clk_in1_p
    AD12                 IBUFDS (Prop_ibufds_I_O)     0.803     5.320 r  pll_inst/inst/clkin1_ibufgds/O
                         net (fo=1, routed)           1.001     6.321    pll_inst/inst/clk_in1_pll
    PLLE2_ADV_X1Y1       PLLE2_ADV (Prop_plle2_adv_CLKIN1_CLKOUT1)
                                                     -7.261    -0.940 r  pll_inst/inst/plle2_adv_inst/CLKOUT1
                         net (fo=1, routed)           2.003     1.063    pll_inst/inst/clk_out2_pll
    BUFGCTRL_X0Y0        BUFG (Prop_bufg_I_O)         0.083     1.146 r  pll_inst/inst/clkout2_buf/O
                         net (fo=2864, routed)        1.274     2.420    student_top_inst/Core_cpu/cpu_core/ex_mem_inst/dff_rd_data/clk_out2
    SLICE_X92Y104        FDRE                                         r  student_top_inst/Core_cpu/cpu_core/ex_mem_inst/dff_rd_data/data_o_reg[9]/C
                         clock pessimism             -0.375     2.045    
                         clock uncertainty           -0.058     1.986    
    SLICE_X92Y104        FDRE (Setup_fdre_C_D)        0.034     2.020    student_top_inst/Core_cpu/cpu_core/ex_mem_inst/dff_rd_data/data_o_reg[9]
  -------------------------------------------------------------------
                         required time                          2.020    
                         arrival time                          -2.013    
  -------------------------------------------------------------------
                         slack                                  0.007    

Slack (MET) :             0.012ns  (required time - arrival time)
  Source:                 student_top_inst/Mem_IROM/U0/inst_blk_mem_gen/gnbram.gnativebmg.native_blk_mem_gen/valid.cstr/ramloop[0].ram.r/prim_init.ram/DEVICE_7SERIES.NO_BMM_INFO.SP.SIMPLE_PRIM36.ram/CLKARDCLK
                            (rising edge-triggered cell RAMB36E1 clocked by clk_out2_pll  {rise@0.000ns fall@2.258ns period=4.516ns})
  Destination:            student_top_inst/Core_cpu/cpu_core/pc_reg_inst/pc_o_reg[26]/D
                            (rising edge-triggered cell FDRE clocked by clk_out2_pll  {rise@0.000ns fall@2.258ns period=4.516ns})
  Path Group:             clk_out2_pll
  Path Type:              Setup (Max at Slow Process Corner)
  Requirement:            4.516ns  (clk_out2_pll rise@4.516ns - clk_out2_pll rise@0.000ns)
  Data Path Delay:        4.192ns  (logic 2.015ns (48.065%)  route 2.177ns (51.935%))
  Logic Levels:           5  (LUT4=2 LUT5=1 LUT6=2)
  Clock Path Skew:        -0.319ns (DCD - SCD + CPR)
    Destination Clock Delay (DCD):    -2.110ns = ( 2.407 - 4.516 ) 
    Source Clock Delay      (SCD):    -2.239ns
    Clock Pessimism Removal (CPR):    -0.448ns
  Clock Uncertainty:      0.058ns  ((TSJ^2 + DJ^2)^1/2) / 2 + PE
    Total System Jitter     (TSJ):    0.071ns
    Discrete Jitter          (DJ):    0.093ns
    Phase Error              (PE):    0.000ns

    Location             Delay type                Incr(ns)  Path(ns)    Netlist Resource(s)
  -------------------------------------------------------------------    -------------------
                         (clock clk_out2_pll rise edge)
                                                      0.000     0.000 r  
    AD12                                              0.000     0.000 r  i_sys_clk_p (IN)
                         net (fo=0)                   0.000     0.000    pll_inst/inst/clk_in1_p
    AD12                 IBUFDS (Prop_ibufds_I_O)     0.906     0.906 r  pll_inst/inst/clkin1_ibufgds/O
                         net (fo=1, routed)           1.098     2.004    pll_inst/inst/clk_in1_pll
    PLLE2_ADV_X1Y1       PLLE2_ADV (Prop_plle2_adv_CLKIN1_CLKOUT1)
                                                     -8.058    -6.054 r  pll_inst/inst/plle2_adv_inst/CLKOUT1
                         net (fo=1, routed)           2.128    -3.926    pll_inst/inst/clk_out2_pll
    BUFGCTRL_X0Y0        BUFG (Prop_bufg_I_O)         0.093    -3.833 r  pll_inst/inst/clkout2_buf/O
                         net (fo=2864, routed)        1.595    -2.239    student_top_inst/Mem_IROM/U0/inst_blk_mem_gen/gnbram.gnativebmg.native_blk_mem_gen/valid.cstr/ramloop[0].ram.r/prim_init.ram/clka
    RAMB36_X2Y18         RAMB36E1                                     r  student_top_inst/Mem_IROM/U0/inst_blk_mem_gen/gnbram.gnativebmg.native_blk_mem_gen/valid.cstr/ramloop[0].ram.r/prim_init.ram/DEVICE_7SERIES.NO_BMM_INFO.SP.SIMPLE_PRIM36.ram/CLKARDCLK
  -------------------------------------------------------------------    -------------------
    RAMB36_X2Y18         RAMB36E1 (Prop_ramb36e1_CLKARDCLK_DOADO[0])
                                                      1.800    -0.439 r  student_top_inst/Mem_IROM/U0/inst_blk_mem_gen/gnbram.gnativebmg.native_blk_mem_gen/valid.cstr/ramloop[0].ram.r/prim_init.ram/DEVICE_7SERIES.NO_BMM_INFO.SP.SIMPLE_PRIM36.ram/DOADO[0]
                         net (fo=4, routed)           0.792     0.353    student_top_inst/Core_cpu/cpu_core/if_id_inst/D[0]
    SLICE_X55Y92         LUT6 (Prop_lut6_I3_O)        0.043     0.396 f  student_top_inst/Core_cpu/cpu_core/if_id_inst/hold_pred_target_reg[31]_i_4/O
                         net (fo=9, routed)           0.169     0.565    student_top_inst/Core_cpu/cpu_core/branch_predictor_inst/hold_pred_taken_reg_reg
    SLICE_X55Y92         LUT4 (Prop_lut4_I0_O)        0.043     0.608 r  student_top_inst/Core_cpu/cpu_core/branch_predictor_inst/hold_pred_taken_reg_i_1/O
                         net (fo=4, routed)           0.261     0.869    student_top_inst/Core_cpu/cpu_core/if_id_inst/bp_pred_taken_o
    SLICE_X56Y93         LUT4 (Prop_lut4_I1_O)        0.043     0.912 r  student_top_inst/Core_cpu/cpu_core/if_id_inst/pc_o[31]_i_11/O
                         net (fo=33, routed)          0.508     1.419    student_top_inst/Core_cpu/cpu_core/if_id_inst/bp_fetch_redirect
    SLICE_X54Y98         LUT5 (Prop_lut5_I3_O)        0.043     1.462 r  student_top_inst/Core_cpu/cpu_core/if_id_inst/pc_o[26]_i_4/O
                         net (fo=1, routed)           0.448     1.910    student_top_inst/Core_cpu/cpu_core/id_ex_inst/pc_o_reg[26]_0
    SLICE_X54Y100        LUT6 (Prop_lut6_I3_O)        0.043     1.953 r  student_top_inst/Core_cpu/cpu_core/id_ex_inst/pc_o[26]_i_1/O
                         net (fo=1, routed)           0.000     1.953    student_top_inst/Core_cpu/cpu_core/pc_reg_inst/D[26]
    SLICE_X54Y100        FDRE                                         r  student_top_inst/Core_cpu/cpu_core/pc_reg_inst/pc_o_reg[26]/D
  -------------------------------------------------------------------    -------------------

                         (clock clk_out2_pll rise edge)
                                                      4.516     4.516 r  
    AD12                                              0.000     4.516 r  i_sys_clk_p (IN)
                         net (fo=0)                   0.000     4.516    pll_inst/inst/clk_in1_p
    AD12                 IBUFDS (Prop_ibufds_I_O)     0.803     5.320 r  pll_inst/inst/clkin1_ibufgds/O
                         net (fo=1, routed)           1.001     6.321    pll_inst/inst/clk_in1_pll
    PLLE2_ADV_X1Y1       PLLE2_ADV (Prop_plle2_adv_CLKIN1_CLKOUT1)
                                                     -7.261    -0.940 r  pll_inst/inst/plle2_adv_inst/CLKOUT1
                         net (fo=1, routed)           2.003     1.063    pll_inst/inst/clk_out2_pll
    BUFGCTRL_X0Y0        BUFG (Prop_bufg_I_O)         0.083     1.146 r  pll_inst/inst/clkout2_buf/O
                         net (fo=2864, routed)        1.261     2.407    student_top_inst/Core_cpu/cpu_core/pc_reg_inst/clk_out2
    SLICE_X54Y100        FDRE                                         r  student_top_inst/Core_cpu/cpu_core/pc_reg_inst/pc_o_reg[26]/C
                         clock pessimism             -0.448     1.959    
                         clock uncertainty           -0.058     1.900    
    SLICE_X54Y100        FDRE (Setup_fdre_C_D)        0.065     1.965    student_top_inst/Core_cpu/cpu_core/pc_reg_inst/pc_o_reg[26]
  -------------------------------------------------------------------
                         required time                          1.965    
                         arrival time                          -1.953    
  -------------------------------------------------------------------
                         slack                                  0.012    

Slack (MET) :             0.012ns  (required time - arrival time)
  Source:                 student_top_inst/Mem_IROM/U0/inst_blk_mem_gen/gnbram.gnativebmg.native_blk_mem_gen/valid.cstr/ramloop[0].ram.r/prim_init.ram/DEVICE_7SERIES.NO_BMM_INFO.SP.SIMPLE_PRIM36.ram/CLKARDCLK
                            (rising edge-triggered cell RAMB36E1 clocked by clk_out2_pll  {rise@0.000ns fall@2.258ns period=4.516ns})
  Destination:            student_top_inst/Core_cpu/cpu_core/pc_reg_inst/pc_o_reg[26]/D
                            (rising edge-triggered cell FDRE clocked by clk_out2_pll  {rise@0.000ns fall@2.258ns period=4.516ns})
  Path Group:             clk_out2_pll
  Path Type:              Setup (Max at Slow Process Corner)
  Requirement:            4.516ns  (clk_out2_pll rise@4.516ns - clk_out2_pll rise@0.000ns)
  Data Path Delay:        4.192ns  (logic 2.015ns (48.065%)  route 2.177ns (51.935%))
  Logic Levels:           5  (LUT4=2 LUT5=1 LUT6=2)
  Clock Path Skew:        -0.319ns (DCD - SCD + CPR)
    Destination Clock Delay (DCD):    -2.110ns = ( 2.407 - 4.516 ) 
    Source Clock Delay      (SCD):    -2.239ns
    Clock Pessimism Removal (CPR):    -0.448ns
  Clock Uncertainty:      0.058ns  ((TSJ^2 + DJ^2)^1/2) / 2 + PE
    Total System Jitter     (TSJ):    0.071ns
    Discrete Jitter          (DJ):    0.093ns
    Phase Error              (PE):    0.000ns

    Location             Delay type                Incr(ns)  Path(ns)    Netlist Resource(s)
  -------------------------------------------------------------------    -------------------
                         (clock clk_out2_pll rise edge)
                                                      0.000     0.000 r  
    AD12                                              0.000     0.000 r  i_sys_clk_p (IN)
                         net (fo=0)                   0.000     0.000    pll_inst/inst/clk_in1_p
    AD12                 IBUFDS (Prop_ibufds_I_O)     0.906     0.906 r  pll_inst/inst/clkin1_ibufgds/O
                         net (fo=1, routed)           1.098     2.004    pll_inst/inst/clk_in1_pll
    PLLE2_ADV_X1Y1       PLLE2_ADV (Prop_plle2_adv_CLKIN1_CLKOUT1)
                                                     -8.058    -6.054 r  pll_inst/inst/plle2_adv_inst/CLKOUT1
                         net (fo=1, routed)           2.128    -3.926    pll_inst/inst/clk_out2_pll
    BUFGCTRL_X0Y0        BUFG (Prop_bufg_I_O)         0.093    -3.833 r  pll_inst/inst/clkout2_buf/O
                         net (fo=2864, routed)        1.595    -2.239    student_top_inst/Mem_IROM/U0/inst_blk_mem_gen/gnbram.gnativebmg.native_blk_mem_gen/valid.cstr/ramloop[0].ram.r/prim_init.ram/clka
    RAMB36_X2Y18         RAMB36E1                                     r  student_top_inst/Mem_IROM/U0/inst_blk_mem_gen/gnbram.gnativebmg.native_blk_mem_gen/valid.cstr/ramloop[0].ram.r/prim_init.ram/DEVICE_7SERIES.NO_BMM_INFO.SP.SIMPLE_PRIM36.ram/CLKARDCLK
  -------------------------------------------------------------------    -------------------
    RAMB36_X2Y18         RAMB36E1 (Prop_ramb36e1_CLKARDCLK_DOADO[0])
                                                      1.800    -0.439 f  student_top_inst/Mem_IROM/U0/inst_blk_mem_gen/gnbram.gnativebmg.native_blk_mem_gen/valid.cstr/ramloop[0].ram.r/prim_init.ram/DEVICE_7SERIES.NO_BMM_INFO.SP.SIMPLE_PRIM36.ram/DOADO[0]
                         net (fo=4, routed)           0.792     0.353    student_top_inst/Core_cpu/cpu_core/if_id_inst/D[0]
    SLICE_X55Y92         LUT6 (Prop_lut6_I3_O)        0.043     0.396 r  student_top_inst/Core_cpu/cpu_core/if_id_inst/hold_pred_target_reg[31]_i_4/O
                         net (fo=9, routed)           0.169     0.565    student_top_inst/Core_cpu/cpu_core/branch_predictor_inst/hold_pred_taken_reg_reg
    SLICE_X55Y92         LUT4 (Prop_lut4_I0_O)        0.043     0.608 f  student_top_inst/Core_cpu/cpu_core/branch_predictor_inst/hold_pred_taken_reg_i_1/O
                         net (fo=4, routed)           0.261     0.869    student_top_inst/Core_cpu/cpu_core/if_id_inst/bp_pred_taken_o
    SLICE_X56Y93         LUT4 (Prop_lut4_I1_O)        0.043     0.912 f  student_top_inst/Core_cpu/cpu_core/if_id_inst/pc_o[31]_i_11/O
                         net (fo=33, routed)          0.508     1.419    student_top_inst/Core_cpu/cpu_core/if_id_inst/bp_fetch_redirect
    SLICE_X54Y98         LUT5 (Prop_lut5_I3_O)        0.043     1.462 f  student_top_inst/Core_cpu/cpu_core/if_id_inst/pc_o[26]_i_4/O
                         net (fo=1, routed)           0.448     1.910    student_top_inst/Core_cpu/cpu_core/id_ex_inst/pc_o_reg[26]_0
    SLICE_X54Y100        LUT6 (Prop_lut6_I3_O)        0.043     1.953 f  student_top_inst/Core_cpu/cpu_core/id_ex_inst/pc_o[26]_i_1/O
                         net (fo=1, routed)           0.000     1.953    student_top_inst/Core_cpu/cpu_core/pc_reg_inst/D[26]
    SLICE_X54Y100        FDRE                                         f  student_top_inst/Core_cpu/cpu_core/pc_reg_inst/pc_o_reg[26]/D
  -------------------------------------------------------------------    -------------------

                         (clock clk_out2_pll rise edge)
                                                      4.516     4.516 r  
    AD12                                              0.000     4.516 r  i_sys_clk_p (IN)
                         net (fo=0)                   0.000     4.516    pll_inst/inst/clk_in1_p
    AD12                 IBUFDS (Prop_ibufds_I_O)     0.803     5.320 r  pll_inst/inst/clkin1_ibufgds/O
                         net (fo=1, routed)           1.001     6.321    pll_inst/inst/clk_in1_pll
    PLLE2_ADV_X1Y1       PLLE2_ADV (Prop_plle2_adv_CLKIN1_CLKOUT1)
                                                     -7.261    -0.940 r  pll_inst/inst/plle2_adv_inst/CLKOUT1
                         net (fo=1, routed)           2.003     1.063    pll_inst/inst/clk_out2_pll
    BUFGCTRL_X0Y0        BUFG (Prop_bufg_I_O)         0.083     1.146 r  pll_inst/inst/clkout2_buf/O
                         net (fo=2864, routed)        1.261     2.407    student_top_inst/Core_cpu/cpu_core/pc_reg_inst/clk_out2
    SLICE_X54Y100        FDRE                                         r  student_top_inst/Core_cpu/cpu_core/pc_reg_inst/pc_o_reg[26]/C
                         clock pessimism             -0.448     1.959    
                         clock uncertainty           -0.058     1.900    
    SLICE_X54Y100        FDRE (Setup_fdre_C_D)        0.065     1.965    student_top_inst/Core_cpu/cpu_core/pc_reg_inst/pc_o_reg[26]
  -------------------------------------------------------------------
                         required time                          1.965    
                         arrival time                          -1.953    
  -------------------------------------------------------------------
                         slack                                  0.012    

Slack (MET) :             0.025ns  (required time - arrival time)
  Source:                 student_top_inst/Mem_IROM/U0/inst_blk_mem_gen/gnbram.gnativebmg.native_blk_mem_gen/valid.cstr/ramloop[0].ram.r/prim_init.ram/DEVICE_7SERIES.NO_BMM_INFO.SP.SIMPLE_PRIM36.ram/CLKARDCLK
                            (rising edge-triggered cell RAMB36E1 clocked by clk_out2_pll  {rise@0.000ns fall@2.258ns period=4.516ns})
  Destination:            student_top_inst/Core_cpu/cpu_core/pc_reg_inst/pc_o_reg[31]/D
                            (rising edge-triggered cell FDSE clocked by clk_out2_pll  {rise@0.000ns fall@2.258ns period=4.516ns})
  Path Group:             clk_out2_pll
  Path Type:              Setup (Max at Slow Process Corner)
  Requirement:            4.516ns  (clk_out2_pll rise@4.516ns - clk_out2_pll rise@0.000ns)
  Data Path Delay:        4.149ns  (logic 2.783ns (67.081%)  route 1.366ns (32.919%))
  Logic Levels:           12  (CARRY4=8 LUT2=1 LUT5=1 LUT6=2)
  Clock Path Skew:        -0.319ns (DCD - SCD + CPR)
    Destination Clock Delay (DCD):    -2.110ns = ( 2.407 - 4.516 ) 
    Source Clock Delay      (SCD):    -2.239ns
    Clock Pessimism Removal (CPR):    -0.448ns
  Clock Uncertainty:      0.058ns  ((TSJ^2 + DJ^2)^1/2) / 2 + PE
    Total System Jitter     (TSJ):    0.071ns
    Discrete Jitter          (DJ):    0.093ns
    Phase Error              (PE):    0.000ns

    Location             Delay type                Incr(ns)  Path(ns)    Netlist Resource(s)
  -------------------------------------------------------------------    -------------------
                         (clock clk_out2_pll rise edge)
                                                      0.000     0.000 r  
    AD12                                              0.000     0.000 r  i_sys_clk_p (IN)
                         net (fo=0)                   0.000     0.000    pll_inst/inst/clk_in1_p
    AD12                 IBUFDS (Prop_ibufds_I_O)     0.906     0.906 r  pll_inst/inst/clkin1_ibufgds/O
                         net (fo=1, routed)           1.098     2.004    pll_inst/inst/clk_in1_pll
    PLLE2_ADV_X1Y1       PLLE2_ADV (Prop_plle2_adv_CLKIN1_CLKOUT1)
                                                     -8.058    -6.054 r  pll_inst/inst/plle2_adv_inst/CLKOUT1
                         net (fo=1, routed)           2.128    -3.926    pll_inst/inst/clk_out2_pll
    BUFGCTRL_X0Y0        BUFG (Prop_bufg_I_O)         0.093    -3.833 r  pll_inst/inst/clkout2_buf/O
                         net (fo=2864, routed)        1.595    -2.239    student_top_inst/Mem_IROM/U0/inst_blk_mem_gen/gnbram.gnativebmg.native_blk_mem_gen/valid.cstr/ramloop[0].ram.r/prim_init.ram/clka
    RAMB36_X2Y18         RAMB36E1                                     r  student_top_inst/Mem_IROM/U0/inst_blk_mem_gen/gnbram.gnativebmg.native_blk_mem_gen/valid.cstr/ramloop[0].ram.r/prim_init.ram/DEVICE_7SERIES.NO_BMM_INFO.SP.SIMPLE_PRIM36.ram/CLKARDCLK
  -------------------------------------------------------------------    -------------------
    RAMB36_X2Y18         RAMB36E1 (Prop_ramb36e1_CLKARDCLK_DOPADOP[0])
                                                      1.800    -0.439 r  student_top_inst/Mem_IROM/U0/inst_blk_mem_gen/gnbram.gnativebmg.native_blk_mem_gen/valid.cstr/ramloop[0].ram.r/prim_init.ram/DEVICE_7SERIES.NO_BMM_INFO.SP.SIMPLE_PRIM36.ram/DOPADOP[0]
                         net (fo=3, routed)           0.489     0.050    student_top_inst/Core_cpu/cpu_core/if_id_inst/D[8]
    SLICE_X51Y92         LUT2 (Prop_lut2_I0_O)        0.043     0.093 r  student_top_inst/Core_cpu/cpu_core/if_id_inst/b_imm_inst__29/O
                         net (fo=1, routed)           0.000     0.093    student_top_inst/Core_cpu/cpu_core/if_id_inst/b_imm_inst__29_n_0
    SLICE_X51Y92         CARRY4 (Prop_carry4_S[1]_CO[3])
                                                      0.267     0.360 r  student_top_inst/Core_cpu/cpu_core/if_id_inst/hold_pred_target_reg_reg[3]_i_2/CO[3]
                         net (fo=1, routed)           0.000     0.360    student_top_inst/Core_cpu/cpu_core/if_id_inst/hold_pred_target_reg_reg[3]_i_2_n_0
    SLICE_X51Y93         CARRY4 (Prop_carry4_CI_CO[3])
                                                      0.053     0.413 r  student_top_inst/Core_cpu/cpu_core/if_id_inst/hold_pred_target_reg_reg[7]_i_2/CO[3]
                         net (fo=1, routed)           0.000     0.413    student_top_inst/Core_cpu/cpu_core/if_id_inst/hold_pred_target_reg_reg[7]_i_2_n_0
    SLICE_X51Y94         CARRY4 (Prop_carry4_CI_CO[3])
                                                      0.053     0.466 r  student_top_inst/Core_cpu/cpu_core/if_id_inst/hold_pred_target_reg_reg[11]_i_2/CO[3]
                         net (fo=1, routed)           0.000     0.466    student_top_inst/Core_cpu/cpu_core/if_id_inst/hold_pred_target_reg_reg[11]_i_2_n_0
    SLICE_X51Y95         CARRY4 (Prop_carry4_CI_CO[3])
                                                      0.053     0.519 r  student_top_inst/Core_cpu/cpu_core/if_id_inst/hold_pred_target_reg_reg[15]_i_2/CO[3]
                         net (fo=1, routed)           0.000     0.519    student_top_inst/Core_cpu/cpu_core/if_id_inst/hold_pred_target_reg_reg[15]_i_2_n_0
    SLICE_X51Y96         CARRY4 (Prop_carry4_CI_CO[3])
                                                      0.053     0.572 r  student_top_inst/Core_cpu/cpu_core/if_id_inst/hold_pred_target_reg_reg[19]_i_2/CO[3]
                         net (fo=1, routed)           0.000     0.572    student_top_inst/Core_cpu/cpu_core/if_id_inst/hold_pred_target_reg_reg[19]_i_2_n_0
    SLICE_X51Y97         CARRY4 (Prop_carry4_CI_CO[3])
                                                      0.053     0.625 r  student_top_inst/Core_cpu/cpu_core/if_id_inst/hold_pred_target_reg_reg[23]_i_2/CO[3]
                         net (fo=1, routed)           0.000     0.625    student_top_inst/Core_cpu/cpu_core/if_id_inst/hold_pred_target_reg_reg[23]_i_2_n_0
    SLICE_X51Y98         CARRY4 (Prop_carry4_CI_CO[3])
                                                      0.053     0.678 r  student_top_inst/Core_cpu/cpu_core/if_id_inst/hold_pred_target_reg_reg[27]_i_2/CO[3]
                         net (fo=1, routed)           0.000     0.678    student_top_inst/Core_cpu/cpu_core/if_id_inst/hold_pred_target_reg_reg[27]_i_2_n_0
    SLICE_X51Y99         CARRY4 (Prop_carry4_CI_O[3])
                                                      0.149     0.827 r  student_top_inst/Core_cpu/cpu_core/if_id_inst/hold_pred_target_reg_reg[31]_i_2/O[3]
                         net (fo=1, routed)           0.333     1.161    student_top_inst/Core_cpu/cpu_core/branch_predictor_inst/in001_out[31]
    SLICE_X50Y99         LUT6 (Prop_lut6_I0_O)        0.120     1.281 r  student_top_inst/Core_cpu/cpu_core/branch_predictor_inst/hold_pred_target_reg[31]_i_1/O
                         net (fo=3, routed)           0.334     1.615    student_top_inst/Core_cpu/cpu_core/if_id_inst/hold_pred_target_reg_reg[31]_0[31]
    SLICE_X58Y100        LUT5 (Prop_lut5_I4_O)        0.043     1.658 r  student_top_inst/Core_cpu/cpu_core/if_id_inst/pc_o[31]_i_4/O
                         net (fo=1, routed)           0.209     1.867    student_top_inst/Core_cpu/cpu_core/id_ex_inst/pc_o_reg[31]_0
    SLICE_X59Y100        LUT6 (Prop_lut6_I3_O)        0.043     1.910 r  student_top_inst/Core_cpu/cpu_core/id_ex_inst/pc_o[31]_i_1/O
                         net (fo=1, routed)           0.000     1.910    student_top_inst/Core_cpu/cpu_core/pc_reg_inst/D[31]
    SLICE_X59Y100        FDSE                                         r  student_top_inst/Core_cpu/cpu_core/pc_reg_inst/pc_o_reg[31]/D
  -------------------------------------------------------------------    -------------------

                         (clock clk_out2_pll rise edge)
                                                      4.516     4.516 r  
    AD12                                              0.000     4.516 r  i_sys_clk_p (IN)
                         net (fo=0)                   0.000     4.516    pll_inst/inst/clk_in1_p
    AD12                 IBUFDS (Prop_ibufds_I_O)     0.803     5.320 r  pll_inst/inst/clkin1_ibufgds/O
                         net (fo=1, routed)           1.001     6.321    pll_inst/inst/clk_in1_pll
    PLLE2_ADV_X1Y1       PLLE2_ADV (Prop_plle2_adv_CLKIN1_CLKOUT1)
                                                     -7.261    -0.940 r  pll_inst/inst/plle2_adv_inst/CLKOUT1
                         net (fo=1, routed)           2.003     1.063    pll_inst/inst/clk_out2_pll
    BUFGCTRL_X0Y0        BUFG (Prop_bufg_I_O)         0.083     1.146 r  pll_inst/inst/clkout2_buf/O
                         net (fo=2864, routed)        1.261     2.407    student_top_inst/Core_cpu/cpu_core/pc_reg_inst/clk_out2
    SLICE_X59Y100        FDSE                                         r  student_top_inst/Core_cpu/cpu_core/pc_reg_inst/pc_o_reg[31]/C
                         clock pessimism             -0.448     1.959    
                         clock uncertainty           -0.058     1.900    
    SLICE_X59Y100        FDSE (Setup_fdse_C_D)        0.034     1.934    student_top_inst/Core_cpu/cpu_core/pc_reg_inst/pc_o_reg[31]
  -------------------------------------------------------------------
                         required time                          1.934    
                         arrival time                          -1.910    
  -------------------------------------------------------------------
                         slack                                  0.025    

Slack (MET) :             0.025ns  (required time - arrival time)
  Source:                 student_top_inst/Mem_IROM/U0/inst_blk_mem_gen/gnbram.gnativebmg.native_blk_mem_gen/valid.cstr/ramloop[0].ram.r/prim_init.ram/DEVICE_7SERIES.NO_BMM_INFO.SP.SIMPLE_PRIM36.ram/CLKARDCLK
                            (rising edge-triggered cell RAMB36E1 clocked by clk_out2_pll  {rise@0.000ns fall@2.258ns period=4.516ns})
  Destination:            student_top_inst/Core_cpu/cpu_core/pc_reg_inst/pc_o_reg[31]/D
                            (rising edge-triggered cell FDSE clocked by clk_out2_pll  {rise@0.000ns fall@2.258ns period=4.516ns})
  Path Group:             clk_out2_pll
  Path Type:              Setup (Max at Slow Process Corner)
  Requirement:            4.516ns  (clk_out2_pll rise@4.516ns - clk_out2_pll rise@0.000ns)
  Data Path Delay:        4.149ns  (logic 2.783ns (67.081%)  route 1.366ns (32.919%))
  Logic Levels:           12  (CARRY4=8 LUT2=1 LUT5=1 LUT6=2)
  Clock Path Skew:        -0.319ns (DCD - SCD + CPR)
    Destination Clock Delay (DCD):    -2.110ns = ( 2.407 - 4.516 ) 
    Source Clock Delay      (SCD):    -2.239ns
    Clock Pessimism Removal (CPR):    -0.448ns
  Clock Uncertainty:      0.058ns  ((TSJ^2 + DJ^2)^1/2) / 2 + PE
    Total System Jitter     (TSJ):    0.071ns
    Discrete Jitter          (DJ):    0.093ns
    Phase Error              (PE):    0.000ns

    Location             Delay type                Incr(ns)  Path(ns)    Netlist Resource(s)
  -------------------------------------------------------------------    -------------------
                         (clock clk_out2_pll rise edge)
                                                      0.000     0.000 r  
    AD12                                              0.000     0.000 r  i_sys_clk_p (IN)
                         net (fo=0)                   0.000     0.000    pll_inst/inst/clk_in1_p
    AD12                 IBUFDS (Prop_ibufds_I_O)     0.906     0.906 r  pll_inst/inst/clkin1_ibufgds/O
                         net (fo=1, routed)           1.098     2.004    pll_inst/inst/clk_in1_pll
    PLLE2_ADV_X1Y1       PLLE2_ADV (Prop_plle2_adv_CLKIN1_CLKOUT1)
                                                     -8.058    -6.054 r  pll_inst/inst/plle2_adv_inst/CLKOUT1
                         net (fo=1, routed)           2.128    -3.926    pll_inst/inst/clk_out2_pll
    BUFGCTRL_X0Y0        BUFG (Prop_bufg_I_O)         0.093    -3.833 r  pll_inst/inst/clkout2_buf/O
                         net (fo=2864, routed)        1.595    -2.239    student_top_inst/Mem_IROM/U0/inst_blk_mem_gen/gnbram.gnativebmg.native_blk_mem_gen/valid.cstr/ramloop[0].ram.r/prim_init.ram/clka
    RAMB36_X2Y18         RAMB36E1                                     r  student_top_inst/Mem_IROM/U0/inst_blk_mem_gen/gnbram.gnativebmg.native_blk_mem_gen/valid.cstr/ramloop[0].ram.r/prim_init.ram/DEVICE_7SERIES.NO_BMM_INFO.SP.SIMPLE_PRIM36.ram/CLKARDCLK
  -------------------------------------------------------------------    -------------------
    RAMB36_X2Y18         RAMB36E1 (Prop_ramb36e1_CLKARDCLK_DOPADOP[0])
                                                      1.800    -0.439 f  student_top_inst/Mem_IROM/U0/inst_blk_mem_gen/gnbram.gnativebmg.native_blk_mem_gen/valid.cstr/ramloop[0].ram.r/prim_init.ram/DEVICE_7SERIES.NO_BMM_INFO.SP.SIMPLE_PRIM36.ram/DOPADOP[0]
                         net (fo=3, routed)           0.489     0.050    student_top_inst/Core_cpu/cpu_core/if_id_inst/D[8]
    SLICE_X51Y92         LUT2 (Prop_lut2_I0_O)        0.043     0.093 r  student_top_inst/Core_cpu/cpu_core/if_id_inst/b_imm_inst__29/O
                         net (fo=1, routed)           0.000     0.093    student_top_inst/Core_cpu/cpu_core/if_id_inst/b_imm_inst__29_n_0
    SLICE_X51Y92         CARRY4 (Prop_carry4_S[1]_CO[3])
                                                      0.267     0.360 r  student_top_inst/Core_cpu/cpu_core/if_id_inst/hold_pred_target_reg_reg[3]_i_2/CO[3]
                         net (fo=1, routed)           0.000     0.360    student_top_inst/Core_cpu/cpu_core/if_id_inst/hold_pred_target_reg_reg[3]_i_2_n_0
    SLICE_X51Y93         CARRY4 (Prop_carry4_CI_CO[3])
                                                      0.053     0.413 r  student_top_inst/Core_cpu/cpu_core/if_id_inst/hold_pred_target_reg_reg[7]_i_2/CO[3]
                         net (fo=1, routed)           0.000     0.413    student_top_inst/Core_cpu/cpu_core/if_id_inst/hold_pred_target_reg_reg[7]_i_2_n_0
    SLICE_X51Y94         CARRY4 (Prop_carry4_CI_CO[3])
                                                      0.053     0.466 r  student_top_inst/Core_cpu/cpu_core/if_id_inst/hold_pred_target_reg_reg[11]_i_2/CO[3]
                         net (fo=1, routed)           0.000     0.466    student_top_inst/Core_cpu/cpu_core/if_id_inst/hold_pred_target_reg_reg[11]_i_2_n_0
    SLICE_X51Y95         CARRY4 (Prop_carry4_CI_CO[3])
                                                      0.053     0.519 r  student_top_inst/Core_cpu/cpu_core/if_id_inst/hold_pred_target_reg_reg[15]_i_2/CO[3]
                         net (fo=1, routed)           0.000     0.519    student_top_inst/Core_cpu/cpu_core/if_id_inst/hold_pred_target_reg_reg[15]_i_2_n_0
    SLICE_X51Y96         CARRY4 (Prop_carry4_CI_CO[3])
                                                      0.053     0.572 r  student_top_inst/Core_cpu/cpu_core/if_id_inst/hold_pred_target_reg_reg[19]_i_2/CO[3]
                         net (fo=1, routed)           0.000     0.572    student_top_inst/Core_cpu/cpu_core/if_id_inst/hold_pred_target_reg_reg[19]_i_2_n_0
    SLICE_X51Y97         CARRY4 (Prop_carry4_CI_CO[3])
                                                      0.053     0.625 r  student_top_inst/Core_cpu/cpu_core/if_id_inst/hold_pred_target_reg_reg[23]_i_2/CO[3]
                         net (fo=1, routed)           0.000     0.625    student_top_inst/Core_cpu/cpu_core/if_id_inst/hold_pred_target_reg_reg[23]_i_2_n_0
    SLICE_X51Y98         CARRY4 (Prop_carry4_CI_CO[3])
                                                      0.053     0.678 r  student_top_inst/Core_cpu/cpu_core/if_id_inst/hold_pred_target_reg_reg[27]_i_2/CO[3]
                         net (fo=1, routed)           0.000     0.678    student_top_inst/Core_cpu/cpu_core/if_id_inst/hold_pred_target_reg_reg[27]_i_2_n_0
    SLICE_X51Y99         CARRY4 (Prop_carry4_CI_O[3])
                                                      0.149     0.827 r  student_top_inst/Core_cpu/cpu_core/if_id_inst/hold_pred_target_reg_reg[31]_i_2/O[3]
                         net (fo=1, routed)           0.333     1.161    student_top_inst/Core_cpu/cpu_core/branch_predictor_inst/in001_out[31]
    SLICE_X50Y99         LUT6 (Prop_lut6_I0_O)        0.120     1.281 r  student_top_inst/Core_cpu/cpu_core/branch_predictor_inst/hold_pred_target_reg[31]_i_1/O
                         net (fo=3, routed)           0.334     1.615    student_top_inst/Core_cpu/cpu_core/if_id_inst/hold_pred_target_reg_reg[31]_0[31]
    SLICE_X58Y100        LUT5 (Prop_lut5_I4_O)        0.043     1.658 r  student_top_inst/Core_cpu/cpu_core/if_id_inst/pc_o[31]_i_4/O
                         net (fo=1, routed)           0.209     1.867    student_top_inst/Core_cpu/cpu_core/id_ex_inst/pc_o_reg[31]_0
    SLICE_X59Y100        LUT6 (Prop_lut6_I3_O)        0.043     1.910 r  student_top_inst/Core_cpu/cpu_core/id_ex_inst/pc_o[31]_i_1/O
                         net (fo=1, routed)           0.000     1.910    student_top_inst/Core_cpu/cpu_core/pc_reg_inst/D[31]
    SLICE_X59Y100        FDSE                                         r  student_top_inst/Core_cpu/cpu_core/pc_reg_inst/pc_o_reg[31]/D
  -------------------------------------------------------------------    -------------------

                         (clock clk_out2_pll rise edge)
                                                      4.516     4.516 r  
    AD12                                              0.000     4.516 r  i_sys_clk_p (IN)
                         net (fo=0)                   0.000     4.516    pll_inst/inst/clk_in1_p
    AD12                 IBUFDS (Prop_ibufds_I_O)     0.803     5.320 r  pll_inst/inst/clkin1_ibufgds/O
                         net (fo=1, routed)           1.001     6.321    pll_inst/inst/clk_in1_pll
    PLLE2_ADV_X1Y1       PLLE2_ADV (Prop_plle2_adv_CLKIN1_CLKOUT1)
                                                     -7.261    -0.940 r  pll_inst/inst/plle2_adv_inst/CLKOUT1
                         net (fo=1, routed)           2.003     1.063    pll_inst/inst/clk_out2_pll
    BUFGCTRL_X0Y0        BUFG (Prop_bufg_I_O)         0.083     1.146 r  pll_inst/inst/clkout2_buf/O
                         net (fo=2864, routed)        1.261     2.407    student_top_inst/Core_cpu/cpu_core/pc_reg_inst/clk_out2
    SLICE_X59Y100        FDSE                                         r  student_top_inst/Core_cpu/cpu_core/pc_reg_inst/pc_o_reg[31]/C
                         clock pessimism             -0.448     1.959    
                         clock uncertainty           -0.058     1.900    
    SLICE_X59Y100        FDSE (Setup_fdse_C_D)        0.034     1.934    student_top_inst/Core_cpu/cpu_core/pc_reg_inst/pc_o_reg[31]
  -------------------------------------------------------------------
                         required time                          1.934    
                         arrival time                          -1.910    
  -------------------------------------------------------------------
                         slack                                  0.025    

Slack (MET) :             0.025ns  (required time - arrival time)
  Source:                 student_top_inst/Mem_IROM/U0/inst_blk_mem_gen/gnbram.gnativebmg.native_blk_mem_gen/valid.cstr/ramloop[0].ram.r/prim_init.ram/DEVICE_7SERIES.NO_BMM_INFO.SP.SIMPLE_PRIM36.ram/CLKARDCLK
                            (rising edge-triggered cell RAMB36E1 clocked by clk_out2_pll  {rise@0.000ns fall@2.258ns period=4.516ns})
  Destination:            student_top_inst/Core_cpu/cpu_core/pc_reg_inst/pc_o_reg[31]/D
                            (rising edge-triggered cell FDSE clocked by clk_out2_pll  {rise@0.000ns fall@2.258ns period=4.516ns})
  Path Group:             clk_out2_pll
  Path Type:              Setup (Max at Slow Process Corner)
  Requirement:            4.516ns  (clk_out2_pll rise@4.516ns - clk_out2_pll rise@0.000ns)
  Data Path Delay:        4.149ns  (logic 2.783ns (67.081%)  route 1.366ns (32.919%))
  Logic Levels:           12  (CARRY4=8 LUT2=1 LUT5=1 LUT6=2)
  Clock Path Skew:        -0.319ns (DCD - SCD + CPR)
    Destination Clock Delay (DCD):    -2.110ns = ( 2.407 - 4.516 ) 
    Source Clock Delay      (SCD):    -2.239ns
    Clock Pessimism Removal (CPR):    -0.448ns
  Clock Uncertainty:      0.058ns  ((TSJ^2 + DJ^2)^1/2) / 2 + PE
    Total System Jitter     (TSJ):    0.071ns
    Discrete Jitter          (DJ):    0.093ns
    Phase Error              (PE):    0.000ns

    Location             Delay type                Incr(ns)  Path(ns)    Netlist Resource(s)
  -------------------------------------------------------------------    -------------------
                         (clock clk_out2_pll rise edge)
                                                      0.000     0.000 r  
    AD12                                              0.000     0.000 r  i_sys_clk_p (IN)
                         net (fo=0)                   0.000     0.000    pll_inst/inst/clk_in1_p
    AD12                 IBUFDS (Prop_ibufds_I_O)     0.906     0.906 r  pll_inst/inst/clkin1_ibufgds/O
                         net (fo=1, routed)           1.098     2.004    pll_inst/inst/clk_in1_pll
    PLLE2_ADV_X1Y1       PLLE2_ADV (Prop_plle2_adv_CLKIN1_CLKOUT1)
                                                     -8.058    -6.054 r  pll_inst/inst/plle2_adv_inst/CLKOUT1
                         net (fo=1, routed)           2.128    -3.926    pll_inst/inst/clk_out2_pll
    BUFGCTRL_X0Y0        BUFG (Prop_bufg_I_O)         0.093    -3.833 r  pll_inst/inst/clkout2_buf/O
                         net (fo=2864, routed)        1.595    -2.239    student_top_inst/Mem_IROM/U0/inst_blk_mem_gen/gnbram.gnativebmg.native_blk_mem_gen/valid.cstr/ramloop[0].ram.r/prim_init.ram/clka
    RAMB36_X2Y18         RAMB36E1                                     r  student_top_inst/Mem_IROM/U0/inst_blk_mem_gen/gnbram.gnativebmg.native_blk_mem_gen/valid.cstr/ramloop[0].ram.r/prim_init.ram/DEVICE_7SERIES.NO_BMM_INFO.SP.SIMPLE_PRIM36.ram/CLKARDCLK
  -------------------------------------------------------------------    -------------------
    RAMB36_X2Y18         RAMB36E1 (Prop_ramb36e1_CLKARDCLK_DOPADOP[0])
                                                      1.800    -0.439 r  student_top_inst/Mem_IROM/U0/inst_blk_mem_gen/gnbram.gnativebmg.native_blk_mem_gen/valid.cstr/ramloop[0].ram.r/prim_init.ram/DEVICE_7SERIES.NO_BMM_INFO.SP.SIMPLE_PRIM36.ram/DOPADOP[0]
                         net (fo=3, routed)           0.489     0.050    student_top_inst/Core_cpu/cpu_core/if_id_inst/D[8]
    SLICE_X51Y92         LUT2 (Prop_lut2_I0_O)        0.043     0.093 r  student_top_inst/Core_cpu/cpu_core/if_id_inst/b_imm_inst__29/O
                         net (fo=1, routed)           0.000     0.093    student_top_inst/Core_cpu/cpu_core/if_id_inst/b_imm_inst__29_n_0
    SLICE_X51Y92         CARRY4 (Prop_carry4_S[1]_CO[3])
                                                      0.267     0.360 r  student_top_inst/Core_cpu/cpu_core/if_id_inst/hold_pred_target_reg_reg[3]_i_2/CO[3]
                         net (fo=1, routed)           0.000     0.360    student_top_inst/Core_cpu/cpu_core/if_id_inst/hold_pred_target_reg_reg[3]_i_2_n_0
    SLICE_X51Y93         CARRY4 (Prop_carry4_CI_CO[3])
                                                      0.053     0.413 f  student_top_inst/Core_cpu/cpu_core/if_id_inst/hold_pred_target_reg_reg[7]_i_2/CO[3]
                         net (fo=1, routed)           0.000     0.413    student_top_inst/Core_cpu/cpu_core/if_id_inst/hold_pred_target_reg_reg[7]_i_2_n_0
    SLICE_X51Y94         CARRY4 (Prop_carry4_CI_CO[3])
                                                      0.053     0.466 r  student_top_inst/Core_cpu/cpu_core/if_id_inst/hold_pred_target_reg_reg[11]_i_2/CO[3]
                         net (fo=1, routed)           0.000     0.466    student_top_inst/Core_cpu/cpu_core/if_id_inst/hold_pred_target_reg_reg[11]_i_2_n_0
    SLICE_X51Y95         CARRY4 (Prop_carry4_CI_CO[3])
                                                      0.053     0.519 r  student_top_inst/Core_cpu/cpu_core/if_id_inst/hold_pred_target_reg_reg[15]_i_2/CO[3]
                         net (fo=1, routed)           0.000     0.519    student_top_inst/Core_cpu/cpu_core/if_id_inst/hold_pred_target_reg_reg[15]_i_2_n_0
    SLICE_X51Y96         CARRY4 (Prop_carry4_CI_CO[3])
                                                      0.053     0.572 r  student_top_inst/Core_cpu/cpu_core/if_id_inst/hold_pred_target_reg_reg[19]_i_2/CO[3]
                         net (fo=1, routed)           0.000     0.572    student_top_inst/Core_cpu/cpu_core/if_id_inst/hold_pred_target_reg_reg[19]_i_2_n_0
    SLICE_X51Y97         CARRY4 (Prop_carry4_CI_CO[3])
                                                      0.053     0.625 r  student_top_inst/Core_cpu/cpu_core/if_id_inst/hold_pred_target_reg_reg[23]_i_2/CO[3]
                         net (fo=1, routed)           0.000     0.625    student_top_inst/Core_cpu/cpu_core/if_id_inst/hold_pred_target_reg_reg[23]_i_2_n_0
    SLICE_X51Y98         CARRY4 (Prop_carry4_CI_CO[3])
                                                      0.053     0.678 r  student_top_inst/Core_cpu/cpu_core/if_id_inst/hold_pred_target_reg_reg[27]_i_2/CO[3]
                         net (fo=1, routed)           0.000     0.678    student_top_inst/Core_cpu/cpu_core/if_id_inst/hold_pred_target_reg_reg[27]_i_2_n_0
    SLICE_X51Y99         CARRY4 (Prop_carry4_CI_O[3])
                                                      0.149     0.827 r  student_top_inst/Core_cpu/cpu_core/if_id_inst/hold_pred_target_reg_reg[31]_i_2/O[3]
                         net (fo=1, routed)           0.333     1.161    student_top_inst/Core_cpu/cpu_core/branch_predictor_inst/in001_out[31]
    SLICE_X50Y99         LUT6 (Prop_lut6_I0_O)        0.120     1.281 r  student_top_inst/Core_cpu/cpu_core/branch_predictor_inst/hold_pred_target_reg[31]_i_1/O
                         net (fo=3, routed)           0.334     1.615    student_top_inst/Core_cpu/cpu_core/if_id_inst/hold_pred_target_reg_reg[31]_0[31]
    SLICE_X58Y100        LUT5 (Prop_lut5_I4_O)        0.043     1.658 r  student_top_inst/Core_cpu/cpu_core/if_id_inst/pc_o[31]_i_4/O
                         net (fo=1, routed)           0.209     1.867    student_top_inst/Core_cpu/cpu_core/id_ex_inst/pc_o_reg[31]_0
    SLICE_X59Y100        LUT6 (Prop_lut6_I3_O)        0.043     1.910 r  student_top_inst/Core_cpu/cpu_core/id_ex_inst/pc_o[31]_i_1/O
                         net (fo=1, routed)           0.000     1.910    student_top_inst/Core_cpu/cpu_core/pc_reg_inst/D[31]
    SLICE_X59Y100        FDSE                                         r  student_top_inst/Core_cpu/cpu_core/pc_reg_inst/pc_o_reg[31]/D
  -------------------------------------------------------------------    -------------------

                         (clock clk_out2_pll rise edge)
                                                      4.516     4.516 r  
    AD12                                              0.000     4.516 r  i_sys_clk_p (IN)
                         net (fo=0)                   0.000     4.516    pll_inst/inst/clk_in1_p
    AD12                 IBUFDS (Prop_ibufds_I_O)     0.803     5.320 r  pll_inst/inst/clkin1_ibufgds/O
                         net (fo=1, routed)           1.001     6.321    pll_inst/inst/clk_in1_pll
    PLLE2_ADV_X1Y1       PLLE2_ADV (Prop_plle2_adv_CLKIN1_CLKOUT1)
                                                     -7.261    -0.940 r  pll_inst/inst/plle2_adv_inst/CLKOUT1
                         net (fo=1, routed)           2.003     1.063    pll_inst/inst/clk_out2_pll
    BUFGCTRL_X0Y0        BUFG (Prop_bufg_I_O)         0.083     1.146 r  pll_inst/inst/clkout2_buf/O
                         net (fo=2864, routed)        1.261     2.407    student_top_inst/Core_cpu/cpu_core/pc_reg_inst/clk_out2
    SLICE_X59Y100        FDSE                                         r  student_top_inst/Core_cpu/cpu_core/pc_reg_inst/pc_o_reg[31]/C
                         clock pessimism             -0.448     1.959    
                         clock uncertainty           -0.058     1.900    
    SLICE_X59Y100        FDSE (Setup_fdse_C_D)        0.034     1.934    student_top_inst/Core_cpu/cpu_core/pc_reg_inst/pc_o_reg[31]
  -------------------------------------------------------------------
                         required time                          1.934    
                         arrival time                          -1.910    
  -------------------------------------------------------------------
                         slack                                  0.025    

Slack (MET) :             0.025ns  (required time - arrival time)
  Source:                 student_top_inst/Mem_IROM/U0/inst_blk_mem_gen/gnbram.gnativebmg.native_blk_mem_gen/valid.cstr/ramloop[0].ram.r/prim_init.ram/DEVICE_7SERIES.NO_BMM_INFO.SP.SIMPLE_PRIM36.ram/CLKARDCLK
                            (rising edge-triggered cell RAMB36E1 clocked by clk_out2_pll  {rise@0.000ns fall@2.258ns period=4.516ns})
  Destination:            student_top_inst/Core_cpu/cpu_core/pc_reg_inst/pc_o_reg[31]/D
                            (rising edge-triggered cell FDSE clocked by clk_out2_pll  {rise@0.000ns fall@2.258ns period=4.516ns})
  Path Group:             clk_out2_pll
  Path Type:              Setup (Max at Slow Process Corner)
  Requirement:            4.516ns  (clk_out2_pll rise@4.516ns - clk_out2_pll rise@0.000ns)
  Data Path Delay:        4.149ns  (logic 2.783ns (67.081%)  route 1.366ns (32.919%))
  Logic Levels:           12  (CARRY4=8 LUT2=1 LUT5=1 LUT6=2)
  Clock Path Skew:        -0.319ns (DCD - SCD + CPR)
    Destination Clock Delay (DCD):    -2.110ns = ( 2.407 - 4.516 ) 
    Source Clock Delay      (SCD):    -2.239ns
    Clock Pessimism Removal (CPR):    -0.448ns
  Clock Uncertainty:      0.058ns  ((TSJ^2 + DJ^2)^1/2) / 2 + PE
    Total System Jitter     (TSJ):    0.071ns
    Discrete Jitter          (DJ):    0.093ns
    Phase Error              (PE):    0.000ns

    Location             Delay type                Incr(ns)  Path(ns)    Netlist Resource(s)
  -------------------------------------------------------------------    -------------------
                         (clock clk_out2_pll rise edge)
                                                      0.000     0.000 r  
    AD12                                              0.000     0.000 r  i_sys_clk_p (IN)
                         net (fo=0)                   0.000     0.000    pll_inst/inst/clk_in1_p
    AD12                 IBUFDS (Prop_ibufds_I_O)     0.906     0.906 r  pll_inst/inst/clkin1_ibufgds/O
                         net (fo=1, routed)           1.098     2.004    pll_inst/inst/clk_in1_pll
    PLLE2_ADV_X1Y1       PLLE2_ADV (Prop_plle2_adv_CLKIN1_CLKOUT1)
                                                     -8.058    -6.054 r  pll_inst/inst/plle2_adv_inst/CLKOUT1
                         net (fo=1, routed)           2.128    -3.926    pll_inst/inst/clk_out2_pll
    BUFGCTRL_X0Y0        BUFG (Prop_bufg_I_O)         0.093    -3.833 r  pll_inst/inst/clkout2_buf/O
                         net (fo=2864, routed)        1.595    -2.239    student_top_inst/Mem_IROM/U0/inst_blk_mem_gen/gnbram.gnativebmg.native_blk_mem_gen/valid.cstr/ramloop[0].ram.r/prim_init.ram/clka
    RAMB36_X2Y18         RAMB36E1                                     r  student_top_inst/Mem_IROM/U0/inst_blk_mem_gen/gnbram.gnativebmg.native_blk_mem_gen/valid.cstr/ramloop[0].ram.r/prim_init.ram/DEVICE_7SERIES.NO_BMM_INFO.SP.SIMPLE_PRIM36.ram/CLKARDCLK
  -------------------------------------------------------------------    -------------------
    RAMB36_X2Y18         RAMB36E1 (Prop_ramb36e1_CLKARDCLK_DOPADOP[0])
                                                      1.800    -0.439 f  student_top_inst/Mem_IROM/U0/inst_blk_mem_gen/gnbram.gnativebmg.native_blk_mem_gen/valid.cstr/ramloop[0].ram.r/prim_init.ram/DEVICE_7SERIES.NO_BMM_INFO.SP.SIMPLE_PRIM36.ram/DOPADOP[0]
                         net (fo=3, routed)           0.489     0.050    student_top_inst/Core_cpu/cpu_core/if_id_inst/D[8]
    SLICE_X51Y92         LUT2 (Prop_lut2_I0_O)        0.043     0.093 r  student_top_inst/Core_cpu/cpu_core/if_id_inst/b_imm_inst__29/O
                         net (fo=1, routed)           0.000     0.093    student_top_inst/Core_cpu/cpu_core/if_id_inst/b_imm_inst__29_n_0
    SLICE_X51Y92         CARRY4 (Prop_carry4_S[1]_CO[3])
                                                      0.267     0.360 r  student_top_inst/Core_cpu/cpu_core/if_id_inst/hold_pred_target_reg_reg[3]_i_2/CO[3]
                         net (fo=1, routed)           0.000     0.360    student_top_inst/Core_cpu/cpu_core/if_id_inst/hold_pred_target_reg_reg[3]_i_2_n_0
    SLICE_X51Y93         CARRY4 (Prop_carry4_CI_CO[3])
                                                      0.053     0.413 f  student_top_inst/Core_cpu/cpu_core/if_id_inst/hold_pred_target_reg_reg[7]_i_2/CO[3]
                         net (fo=1, routed)           0.000     0.413    student_top_inst/Core_cpu/cpu_core/if_id_inst/hold_pred_target_reg_reg[7]_i_2_n_0
    SLICE_X51Y94         CARRY4 (Prop_carry4_CI_CO[3])
                                                      0.053     0.466 r  student_top_inst/Core_cpu/cpu_core/if_id_inst/hold_pred_target_reg_reg[11]_i_2/CO[3]
                         net (fo=1, routed)           0.000     0.466    student_top_inst/Core_cpu/cpu_core/if_id_inst/hold_pred_target_reg_reg[11]_i_2_n_0
    SLICE_X51Y95         CARRY4 (Prop_carry4_CI_CO[3])
                                                      0.053     0.519 r  student_top_inst/Core_cpu/cpu_core/if_id_inst/hold_pred_target_reg_reg[15]_i_2/CO[3]
                         net (fo=1, routed)           0.000     0.519    student_top_inst/Core_cpu/cpu_core/if_id_inst/hold_pred_target_reg_reg[15]_i_2_n_0
    SLICE_X51Y96         CARRY4 (Prop_carry4_CI_CO[3])
                                                      0.053     0.572 r  student_top_inst/Core_cpu/cpu_core/if_id_inst/hold_pred_target_reg_reg[19]_i_2/CO[3]
                         net (fo=1, routed)           0.000     0.572    student_top_inst/Core_cpu/cpu_core/if_id_inst/hold_pred_target_reg_reg[19]_i_2_n_0
    SLICE_X51Y97         CARRY4 (Prop_carry4_CI_CO[3])
                                                      0.053     0.625 r  student_top_inst/Core_cpu/cpu_core/if_id_inst/hold_pred_target_reg_reg[23]_i_2/CO[3]
                         net (fo=1, routed)           0.000     0.625    student_top_inst/Core_cpu/cpu_core/if_id_inst/hold_pred_target_reg_reg[23]_i_2_n_0
    SLICE_X51Y98         CARRY4 (Prop_carry4_CI_CO[3])
                                                      0.053     0.678 r  student_top_inst/Core_cpu/cpu_core/if_id_inst/hold_pred_target_reg_reg[27]_i_2/CO[3]
                         net (fo=1, routed)           0.000     0.678    student_top_inst/Core_cpu/cpu_core/if_id_inst/hold_pred_target_reg_reg[27]_i_2_n_0
    SLICE_X51Y99         CARRY4 (Prop_carry4_CI_O[3])
                                                      0.149     0.827 r  student_top_inst/Core_cpu/cpu_core/if_id_inst/hold_pred_target_reg_reg[31]_i_2/O[3]
                         net (fo=1, routed)           0.333     1.161    student_top_inst/Core_cpu/cpu_core/branch_predictor_inst/in001_out[31]
    SLICE_X50Y99         LUT6 (Prop_lut6_I0_O)        0.120     1.281 r  student_top_inst/Core_cpu/cpu_core/branch_predictor_inst/hold_pred_target_reg[31]_i_1/O
                         net (fo=3, routed)           0.334     1.615    student_top_inst/Core_cpu/cpu_core/if_id_inst/hold_pred_target_reg_reg[31]_0[31]
    SLICE_X58Y100        LUT5 (Prop_lut5_I4_O)        0.043     1.658 r  student_top_inst/Core_cpu/cpu_core/if_id_inst/pc_o[31]_i_4/O
                         net (fo=1, routed)           0.209     1.867    student_top_inst/Core_cpu/cpu_core/id_ex_inst/pc_o_reg[31]_0
    SLICE_X59Y100        LUT6 (Prop_lut6_I3_O)        0.043     1.910 r  student_top_inst/Core_cpu/cpu_core/id_ex_inst/pc_o[31]_i_1/O
                         net (fo=1, routed)           0.000     1.910    student_top_inst/Core_cpu/cpu_core/pc_reg_inst/D[31]
    SLICE_X59Y100        FDSE                                         r  student_top_inst/Core_cpu/cpu_core/pc_reg_inst/pc_o_reg[31]/D
  -------------------------------------------------------------------    -------------------

                         (clock clk_out2_pll rise edge)
                                                      4.516     4.516 r  
    AD12                                              0.000     4.516 r  i_sys_clk_p (IN)
                         net (fo=0)                   0.000     4.516    pll_inst/inst/clk_in1_p
    AD12                 IBUFDS (Prop_ibufds_I_O)     0.803     5.320 r  pll_inst/inst/clkin1_ibufgds/O
                         net (fo=1, routed)           1.001     6.321    pll_inst/inst/clk_in1_pll
    PLLE2_ADV_X1Y1       PLLE2_ADV (Prop_plle2_adv_CLKIN1_CLKOUT1)
                                                     -7.261    -0.940 r  pll_inst/inst/plle2_adv_inst/CLKOUT1
                         net (fo=1, routed)           2.003     1.063    pll_inst/inst/clk_out2_pll
    BUFGCTRL_X0Y0        BUFG (Prop_bufg_I_O)         0.083     1.146 r  pll_inst/inst/clkout2_buf/O
                         net (fo=2864, routed)        1.261     2.407    student_top_inst/Core_cpu/cpu_core/pc_reg_inst/clk_out2
    SLICE_X59Y100        FDSE                                         r  student_top_inst/Core_cpu/cpu_core/pc_reg_inst/pc_o_reg[31]/C
                         clock pessimism             -0.448     1.959    
                         clock uncertainty           -0.058     1.900    
    SLICE_X59Y100        FDSE (Setup_fdse_C_D)        0.034     1.934    student_top_inst/Core_cpu/cpu_core/pc_reg_inst/pc_o_reg[31]
  -------------------------------------------------------------------
                         required time                          1.934    
                         arrival time                          -1.910    
  -------------------------------------------------------------------
                         slack                                  0.025    

Slack (MET) :             0.025ns  (required time - arrival time)
  Source:                 student_top_inst/Mem_IROM/U0/inst_blk_mem_gen/gnbram.gnativebmg.native_blk_mem_gen/valid.cstr/ramloop[0].ram.r/prim_init.ram/DEVICE_7SERIES.NO_BMM_INFO.SP.SIMPLE_PRIM36.ram/CLKARDCLK
                            (rising edge-triggered cell RAMB36E1 clocked by clk_out2_pll  {rise@0.000ns fall@2.258ns period=4.516ns})
  Destination:            student_top_inst/Core_cpu/cpu_core/pc_reg_inst/pc_o_reg[31]/D
                            (rising edge-triggered cell FDSE clocked by clk_out2_pll  {rise@0.000ns fall@2.258ns period=4.516ns})
  Path Group:             clk_out2_pll
  Path Type:              Setup (Max at Slow Process Corner)
  Requirement:            4.516ns  (clk_out2_pll rise@4.516ns - clk_out2_pll rise@0.000ns)
  Data Path Delay:        4.149ns  (logic 2.783ns (67.081%)  route 1.366ns (32.919%))
  Logic Levels:           12  (CARRY4=8 LUT2=1 LUT5=1 LUT6=2)
  Clock Path Skew:        -0.319ns (DCD - SCD + CPR)
    Destination Clock Delay (DCD):    -2.110ns = ( 2.407 - 4.516 ) 
    Source Clock Delay      (SCD):    -2.239ns
    Clock Pessimism Removal (CPR):    -0.448ns
  Clock Uncertainty:      0.058ns  ((TSJ^2 + DJ^2)^1/2) / 2 + PE
    Total System Jitter     (TSJ):    0.071ns
    Discrete Jitter          (DJ):    0.093ns
    Phase Error              (PE):    0.000ns

    Location             Delay type                Incr(ns)  Path(ns)    Netlist Resource(s)
  -------------------------------------------------------------------    -------------------
                         (clock clk_out2_pll rise edge)
                                                      0.000     0.000 r  
    AD12                                              0.000     0.000 r  i_sys_clk_p (IN)
                         net (fo=0)                   0.000     0.000    pll_inst/inst/clk_in1_p
    AD12                 IBUFDS (Prop_ibufds_I_O)     0.906     0.906 r  pll_inst/inst/clkin1_ibufgds/O
                         net (fo=1, routed)           1.098     2.004    pll_inst/inst/clk_in1_pll
    PLLE2_ADV_X1Y1       PLLE2_ADV (Prop_plle2_adv_CLKIN1_CLKOUT1)
                                                     -8.058    -6.054 r  pll_inst/inst/plle2_adv_inst/CLKOUT1
                         net (fo=1, routed)           2.128    -3.926    pll_inst/inst/clk_out2_pll
    BUFGCTRL_X0Y0        BUFG (Prop_bufg_I_O)         0.093    -3.833 r  pll_inst/inst/clkout2_buf/O
                         net (fo=2864, routed)        1.595    -2.239    student_top_inst/Mem_IROM/U0/inst_blk_mem_gen/gnbram.gnativebmg.native_blk_mem_gen/valid.cstr/ramloop[0].ram.r/prim_init.ram/clka
    RAMB36_X2Y18         RAMB36E1                                     r  student_top_inst/Mem_IROM/U0/inst_blk_mem_gen/gnbram.gnativebmg.native_blk_mem_gen/valid.cstr/ramloop[0].ram.r/prim_init.ram/DEVICE_7SERIES.NO_BMM_INFO.SP.SIMPLE_PRIM36.ram/CLKARDCLK
  -------------------------------------------------------------------    -------------------
    RAMB36_X2Y18         RAMB36E1 (Prop_ramb36e1_CLKARDCLK_DOPADOP[0])
                                                      1.800    -0.439 r  student_top_inst/Mem_IROM/U0/inst_blk_mem_gen/gnbram.gnativebmg.native_blk_mem_gen/valid.cstr/ramloop[0].ram.r/prim_init.ram/DEVICE_7SERIES.NO_BMM_INFO.SP.SIMPLE_PRIM36.ram/DOPADOP[0]
                         net (fo=3, routed)           0.489     0.050    student_top_inst/Core_cpu/cpu_core/if_id_inst/D[8]
    SLICE_X51Y92         LUT2 (Prop_lut2_I0_O)        0.043     0.093 r  student_top_inst/Core_cpu/cpu_core/if_id_inst/b_imm_inst__29/O
                         net (fo=1, routed)           0.000     0.093    student_top_inst/Core_cpu/cpu_core/if_id_inst/b_imm_inst__29_n_0
    SLICE_X51Y92         CARRY4 (Prop_carry4_S[1]_CO[3])
                                                      0.267     0.360 r  student_top_inst/Core_cpu/cpu_core/if_id_inst/hold_pred_target_reg_reg[3]_i_2/CO[3]
                         net (fo=1, routed)           0.000     0.360    student_top_inst/Core_cpu/cpu_core/if_id_inst/hold_pred_target_reg_reg[3]_i_2_n_0
    SLICE_X51Y93         CARRY4 (Prop_carry4_CI_CO[3])
                                                      0.053     0.413 r  student_top_inst/Core_cpu/cpu_core/if_id_inst/hold_pred_target_reg_reg[7]_i_2/CO[3]
                         net (fo=1, routed)           0.000     0.413    student_top_inst/Core_cpu/cpu_core/if_id_inst/hold_pred_target_reg_reg[7]_i_2_n_0
    SLICE_X51Y94         CARRY4 (Prop_carry4_CI_CO[3])
                                                      0.053     0.466 f  student_top_inst/Core_cpu/cpu_core/if_id_inst/hold_pred_target_reg_reg[11]_i_2/CO[3]
                         net (fo=1, routed)           0.000     0.466    student_top_inst/Core_cpu/cpu_core/if_id_inst/hold_pred_target_reg_reg[11]_i_2_n_0
    SLICE_X51Y95         CARRY4 (Prop_carry4_CI_CO[3])
                                                      0.053     0.519 r  student_top_inst/Core_cpu/cpu_core/if_id_inst/hold_pred_target_reg_reg[15]_i_2/CO[3]
                         net (fo=1, routed)           0.000     0.519    student_top_inst/Core_cpu/cpu_core/if_id_inst/hold_pred_target_reg_reg[15]_i_2_n_0
    SLICE_X51Y96         CARRY4 (Prop_carry4_CI_CO[3])
                                                      0.053     0.572 r  student_top_inst/Core_cpu/cpu_core/if_id_inst/hold_pred_target_reg_reg[19]_i_2/CO[3]
                         net (fo=1, routed)           0.000     0.572    student_top_inst/Core_cpu/cpu_core/if_id_inst/hold_pred_target_reg_reg[19]_i_2_n_0
    SLICE_X51Y97         CARRY4 (Prop_carry4_CI_CO[3])
                                                      0.053     0.625 r  student_top_inst/Core_cpu/cpu_core/if_id_inst/hold_pred_target_reg_reg[23]_i_2/CO[3]
                         net (fo=1, routed)           0.000     0.625    student_top_inst/Core_cpu/cpu_core/if_id_inst/hold_pred_target_reg_reg[23]_i_2_n_0
    SLICE_X51Y98         CARRY4 (Prop_carry4_CI_CO[3])
                                                      0.053     0.678 r  student_top_inst/Core_cpu/cpu_core/if_id_inst/hold_pred_target_reg_reg[27]_i_2/CO[3]
                         net (fo=1, routed)           0.000     0.678    student_top_inst/Core_cpu/cpu_core/if_id_inst/hold_pred_target_reg_reg[27]_i_2_n_0
    SLICE_X51Y99         CARRY4 (Prop_carry4_CI_O[3])
                                                      0.149     0.827 r  student_top_inst/Core_cpu/cpu_core/if_id_inst/hold_pred_target_reg_reg[31]_i_2/O[3]
                         net (fo=1, routed)           0.333     1.161    student_top_inst/Core_cpu/cpu_core/branch_predictor_inst/in001_out[31]
    SLICE_X50Y99         LUT6 (Prop_lut6_I0_O)        0.120     1.281 r  student_top_inst/Core_cpu/cpu_core/branch_predictor_inst/hold_pred_target_reg[31]_i_1/O
                         net (fo=3, routed)           0.334     1.615    student_top_inst/Core_cpu/cpu_core/if_id_inst/hold_pred_target_reg_reg[31]_0[31]
    SLICE_X58Y100        LUT5 (Prop_lut5_I4_O)        0.043     1.658 r  student_top_inst/Core_cpu/cpu_core/if_id_inst/pc_o[31]_i_4/O
                         net (fo=1, routed)           0.209     1.867    student_top_inst/Core_cpu/cpu_core/id_ex_inst/pc_o_reg[31]_0
    SLICE_X59Y100        LUT6 (Prop_lut6_I3_O)        0.043     1.910 r  student_top_inst/Core_cpu/cpu_core/id_ex_inst/pc_o[31]_i_1/O
                         net (fo=1, routed)           0.000     1.910    student_top_inst/Core_cpu/cpu_core/pc_reg_inst/D[31]
    SLICE_X59Y100        FDSE                                         r  student_top_inst/Core_cpu/cpu_core/pc_reg_inst/pc_o_reg[31]/D
  -------------------------------------------------------------------    -------------------

                         (clock clk_out2_pll rise edge)
                                                      4.516     4.516 r  
    AD12                                              0.000     4.516 r  i_sys_clk_p (IN)
                         net (fo=0)                   0.000     4.516    pll_inst/inst/clk_in1_p
    AD12                 IBUFDS (Prop_ibufds_I_O)     0.803     5.320 r  pll_inst/inst/clkin1_ibufgds/O
                         net (fo=1, routed)           1.001     6.321    pll_inst/inst/clk_in1_pll
    PLLE2_ADV_X1Y1       PLLE2_ADV (Prop_plle2_adv_CLKIN1_CLKOUT1)
                                                     -7.261    -0.940 r  pll_inst/inst/plle2_adv_inst/CLKOUT1
                         net (fo=1, routed)           2.003     1.063    pll_inst/inst/clk_out2_pll
    BUFGCTRL_X0Y0        BUFG (Prop_bufg_I_O)         0.083     1.146 r  pll_inst/inst/clkout2_buf/O
                         net (fo=2864, routed)        1.261     2.407    student_top_inst/Core_cpu/cpu_core/pc_reg_inst/clk_out2
    SLICE_X59Y100        FDSE                                         r  student_top_inst/Core_cpu/cpu_core/pc_reg_inst/pc_o_reg[31]/C
                         clock pessimism             -0.448     1.959    
                         clock uncertainty           -0.058     1.900    
    SLICE_X59Y100        FDSE (Setup_fdse_C_D)        0.034     1.934    student_top_inst/Core_cpu/cpu_core/pc_reg_inst/pc_o_reg[31]
  -------------------------------------------------------------------
                         required time                          1.934    
                         arrival time                          -1.910    
  -------------------------------------------------------------------
                         slack                                  0.025    

Slack (MET) :             0.031ns  (required time - arrival time)
  Source:                 student_top_inst/Core_cpu/cpu_core/id_ex_inst/rs1_addr_o_reg[3]/C
                            (rising edge-triggered cell FDRE clocked by clk_out2_pll  {rise@0.000ns fall@2.258ns period=4.516ns})
  Destination:            student_top_inst/Core_cpu/cpu_core/ex_mem_inst/dff_rd_data/data_o_reg[17]/D
                            (rising edge-triggered cell FDRE clocked by clk_out2_pll  {rise@0.000ns fall@2.258ns period=4.516ns})
  Path Group:             clk_out2_pll
  Path Type:              Setup (Max at Slow Process Corner)
  Requirement:            4.516ns  (clk_out2_pll rise@4.516ns - clk_out2_pll rise@0.000ns)
  Data Path Delay:        4.422ns  (logic 0.696ns (15.740%)  route 3.726ns (84.260%))
  Logic Levels:           11  (LUT3=1 LUT4=1 LUT5=1 LUT6=8)
  Clock Path Skew:        -0.039ns (DCD - SCD + CPR)
    Destination Clock Delay (DCD):    -2.099ns = ( 2.418 - 4.516 ) 
    Source Clock Delay      (SCD):    -2.434ns
    Clock Pessimism Removal (CPR):    -0.375ns
  Clock Uncertainty:      0.058ns  ((TSJ^2 + DJ^2)^1/2) / 2 + PE
    Total System Jitter     (TSJ):    0.071ns
    Discrete Jitter          (DJ):    0.093ns
    Phase Error              (PE):    0.000ns

    Location             Delay type                Incr(ns)  Path(ns)    Netlist Resource(s)
  -------------------------------------------------------------------    -------------------
                         (clock clk_out2_pll rise edge)
                                                      0.000     0.000 r  
    AD12                                              0.000     0.000 r  i_sys_clk_p (IN)
                         net (fo=0)                   0.000     0.000    pll_inst/inst/clk_in1_p
    AD12                 IBUFDS (Prop_ibufds_I_O)     0.906     0.906 r  pll_inst/inst/clkin1_ibufgds/O
                         net (fo=1, routed)           1.098     2.004    pll_inst/inst/clk_in1_pll
    PLLE2_ADV_X1Y1       PLLE2_ADV (Prop_plle2_adv_CLKIN1_CLKOUT1)
                                                     -8.058    -6.054 r  pll_inst/inst/plle2_adv_inst/CLKOUT1
                         net (fo=1, routed)           2.128    -3.926    pll_inst/inst/clk_out2_pll
    BUFGCTRL_X0Y0        BUFG (Prop_bufg_I_O)         0.093    -3.833 r  pll_inst/inst/clkout2_buf/O
                         net (fo=2864, routed)        1.399    -2.434    student_top_inst/Core_cpu/cpu_core/id_ex_inst/clk_out2
    SLICE_X81Y108        FDRE                                         r  student_top_inst/Core_cpu/cpu_core/id_ex_inst/rs1_addr_o_reg[3]/C
  -------------------------------------------------------------------    -------------------
    SLICE_X81Y108        FDRE (Prop_fdre_C_Q)         0.223    -2.211 r  student_top_inst/Core_cpu/cpu_core/id_ex_inst/rs1_addr_o_reg[3]/Q
                         net (fo=3, routed)           0.484    -1.727    student_top_inst/Core_cpu/cpu_core/id_ex_inst/rs1_addr_o_reg[4]_0[3]
    SLICE_X81Y108        LUT6 (Prop_lut6_I2_O)        0.043    -1.684 r  student_top_inst/Core_cpu/cpu_core/id_ex_inst/rs1_match_ex_mem_inst_i_6/O
                         net (fo=1, routed)           0.101    -1.583    student_top_inst/Core_cpu/cpu_core/id_ex_inst/rs1_match_ex_mem_inst_i_6_n_0
    SLICE_X81Y108        LUT5 (Prop_lut5_I0_O)        0.043    -1.540 r  student_top_inst/Core_cpu/cpu_core/id_ex_inst/rs1_match_ex_mem_inst_i_4/O
                         net (fo=57, routed)          0.546    -0.994    student_top_inst/Core_cpu/cpu_core/id_ex_inst/forwarding_inst/in020_out
    SLICE_X83Y107        LUT6 (Prop_lut6_I5_O)        0.043    -0.951 r  student_top_inst/Core_cpu/cpu_core/id_ex_inst/rs1_match_ex_mem_inst_rep__5_i_1/O
                         net (fo=4, routed)           0.202    -0.749    student_top_inst/Core_cpu/cpu_core/id_ex_inst/rs1_match_ex_mem_inst_rep__5_i_1_n_0
    SLICE_X84Y107        LUT3 (Prop_lut3_I1_O)        0.043    -0.706 r  student_top_inst/Core_cpu/cpu_core/id_ex_inst/data_o[28]_i_25/O
                         net (fo=4, routed)           0.584    -0.123    student_top_inst/Core_cpu/cpu_core/id_ex_inst/data_o_reg[28]_2
    SLICE_X88Y113        LUT6 (Prop_lut6_I2_O)        0.043    -0.080 r  student_top_inst/Core_cpu/cpu_core/id_ex_inst/data_o[20]_i_20/O
                         net (fo=4, routed)           0.649     0.570    student_top_inst/Core_cpu/cpu_core/id_ex_inst/data_o[20]_i_20_n_0
    SLICE_X96Y110        LUT6 (Prop_lut6_I3_O)        0.043     0.613 r  student_top_inst/Core_cpu/cpu_core/id_ex_inst/data_o[17]_i_16/O
                         net (fo=1, routed)           0.194     0.807    student_top_inst/Core_cpu/cpu_core/id_ex_inst/ex_inst/op1_i_shift_right_op2_i[17]
    SLICE_X98Y109        LUT6 (Prop_lut6_I3_O)        0.043     0.850 f  student_top_inst/Core_cpu/cpu_core/id_ex_inst/data_o[17]_i_10/O
                         net (fo=1, routed)           0.161     1.011    student_top_inst/Core_cpu/cpu_core/id_ex_inst/data_o[17]_i_10_n_0
    SLICE_X98Y109        LUT6 (Prop_lut6_I0_O)        0.043     1.054 f  student_top_inst/Core_cpu/cpu_core/id_ex_inst/data_o[17]_i_6/O
                         net (fo=1, routed)           0.349     1.403    student_top_inst/Core_cpu/cpu_core/id_ex_inst/data_o[17]_i_6_n_0
    SLICE_X99Y109        LUT6 (Prop_lut6_I0_O)        0.043     1.446 f  student_top_inst/Core_cpu/cpu_core/id_ex_inst/data_o[17]_i_4/O
                         net (fo=1, routed)           0.181     1.627    student_top_inst/Core_cpu/cpu_core/id_ex_inst/data_o[17]_i_4_n_0
    SLICE_X99Y108        LUT6 (Prop_lut6_I1_O)        0.043     1.670 r  student_top_inst/Core_cpu/cpu_core/id_ex_inst/data_o[17]_i_3/O
                         net (fo=1, routed)           0.274     1.945    student_top_inst/Core_cpu/cpu_core/ex_inst/rv32m_iter_inst/data_o_reg[17]
    SLICE_X95Y108        LUT4 (Prop_lut4_I1_O)        0.043     1.988 r  student_top_inst/Core_cpu/cpu_core/ex_inst/rv32m_iter_inst/data_o[17]_i_1__2/O
                         net (fo=1, routed)           0.000     1.988    student_top_inst/Core_cpu/cpu_core/ex_mem_inst/dff_rd_data/data_o_reg[17]_2
    SLICE_X95Y108        FDRE                                         r  student_top_inst/Core_cpu/cpu_core/ex_mem_inst/dff_rd_data/data_o_reg[17]/D
  -------------------------------------------------------------------    -------------------

                         (clock clk_out2_pll rise edge)
                                                      4.516     4.516 r  
    AD12                                              0.000     4.516 r  i_sys_clk_p (IN)
                         net (fo=0)                   0.000     4.516    pll_inst/inst/clk_in1_p
    AD12                 IBUFDS (Prop_ibufds_I_O)     0.803     5.320 r  pll_inst/inst/clkin1_ibufgds/O
                         net (fo=1, routed)           1.001     6.321    pll_inst/inst/clk_in1_pll
    PLLE2_ADV_X1Y1       PLLE2_ADV (Prop_plle2_adv_CLKIN1_CLKOUT1)
                                                     -7.261    -0.940 r  pll_inst/inst/plle2_adv_inst/CLKOUT1
                         net (fo=1, routed)           2.003     1.063    pll_inst/inst/clk_out2_pll
    BUFGCTRL_X0Y0        BUFG (Prop_bufg_I_O)         0.083     1.146 r  pll_inst/inst/clkout2_buf/O
                         net (fo=2864, routed)        1.272     2.418    student_top_inst/Core_cpu/cpu_core/ex_mem_inst/dff_rd_data/clk_out2
    SLICE_X95Y108        FDRE                                         r  student_top_inst/Core_cpu/cpu_core/ex_mem_inst/dff_rd_data/data_o_reg[17]/C
                         clock pessimism             -0.375     2.043    
                         clock uncertainty           -0.058     1.984    
    SLICE_X95Y108        FDRE (Setup_fdre_C_D)        0.034     2.018    student_top_inst/Core_cpu/cpu_core/ex_mem_inst/dff_rd_data/data_o_reg[17]
  -------------------------------------------------------------------
                         required time                          2.018    
                         arrival time                          -1.988    
  -------------------------------------------------------------------
                         slack                                  0.031    

Slack (MET) :             0.031ns  (required time - arrival time)
  Source:                 student_top_inst/Core_cpu/cpu_core/id_ex_inst/rs1_addr_o_reg[3]/C
                            (rising edge-triggered cell FDRE clocked by clk_out2_pll  {rise@0.000ns fall@2.258ns period=4.516ns})
  Destination:            student_top_inst/Core_cpu/cpu_core/ex_mem_inst/dff_rd_data/data_o_reg[17]/D
                            (rising edge-triggered cell FDRE clocked by clk_out2_pll  {rise@0.000ns fall@2.258ns period=4.516ns})
  Path Group:             clk_out2_pll
  Path Type:              Setup (Max at Slow Process Corner)
  Requirement:            4.516ns  (clk_out2_pll rise@4.516ns - clk_out2_pll rise@0.000ns)
  Data Path Delay:        4.422ns  (logic 0.696ns (15.740%)  route 3.726ns (84.260%))
  Logic Levels:           11  (LUT3=1 LUT4=1 LUT5=1 LUT6=8)
  Clock Path Skew:        -0.039ns (DCD - SCD + CPR)
    Destination Clock Delay (DCD):    -2.099ns = ( 2.418 - 4.516 ) 
    Source Clock Delay      (SCD):    -2.434ns
    Clock Pessimism Removal (CPR):    -0.375ns
  Clock Uncertainty:      0.058ns  ((TSJ^2 + DJ^2)^1/2) / 2 + PE
    Total System Jitter     (TSJ):    0.071ns
    Discrete Jitter          (DJ):    0.093ns
    Phase Error              (PE):    0.000ns

    Location             Delay type                Incr(ns)  Path(ns)    Netlist Resource(s)
  -------------------------------------------------------------------    -------------------
                         (clock clk_out2_pll rise edge)
                                                      0.000     0.000 r  
    AD12                                              0.000     0.000 r  i_sys_clk_p (IN)
                         net (fo=0)                   0.000     0.000    pll_inst/inst/clk_in1_p
    AD12                 IBUFDS (Prop_ibufds_I_O)     0.906     0.906 r  pll_inst/inst/clkin1_ibufgds/O
                         net (fo=1, routed)           1.098     2.004    pll_inst/inst/clk_in1_pll
    PLLE2_ADV_X1Y1       PLLE2_ADV (Prop_plle2_adv_CLKIN1_CLKOUT1)
                                                     -8.058    -6.054 r  pll_inst/inst/plle2_adv_inst/CLKOUT1
                         net (fo=1, routed)           2.128    -3.926    pll_inst/inst/clk_out2_pll
    BUFGCTRL_X0Y0        BUFG (Prop_bufg_I_O)         0.093    -3.833 r  pll_inst/inst/clkout2_buf/O
                         net (fo=2864, routed)        1.399    -2.434    student_top_inst/Core_cpu/cpu_core/id_ex_inst/clk_out2
    SLICE_X81Y108        FDRE                                         r  student_top_inst/Core_cpu/cpu_core/id_ex_inst/rs1_addr_o_reg[3]/C
  -------------------------------------------------------------------    -------------------
    SLICE_X81Y108        FDRE (Prop_fdre_C_Q)         0.223    -2.211 f  student_top_inst/Core_cpu/cpu_core/id_ex_inst/rs1_addr_o_reg[3]/Q
                         net (fo=3, routed)           0.484    -1.727    student_top_inst/Core_cpu/cpu_core/id_ex_inst/rs1_addr_o_reg[4]_0[3]
    SLICE_X81Y108        LUT6 (Prop_lut6_I2_O)        0.043    -1.684 r  student_top_inst/Core_cpu/cpu_core/id_ex_inst/rs1_match_ex_mem_inst_i_6/O
                         net (fo=1, routed)           0.101    -1.583    student_top_inst/Core_cpu/cpu_core/id_ex_inst/rs1_match_ex_mem_inst_i_6_n_0
    SLICE_X81Y108        LUT5 (Prop_lut5_I0_O)        0.043    -1.540 r  student_top_inst/Core_cpu/cpu_core/id_ex_inst/rs1_match_ex_mem_inst_i_4/O
                         net (fo=57, routed)          0.546    -0.994    student_top_inst/Core_cpu/cpu_core/id_ex_inst/forwarding_inst/in020_out
    SLICE_X83Y107        LUT6 (Prop_lut6_I5_O)        0.043    -0.951 r  student_top_inst/Core_cpu/cpu_core/id_ex_inst/rs1_match_ex_mem_inst_rep__5_i_1/O
                         net (fo=4, routed)           0.202    -0.749    student_top_inst/Core_cpu/cpu_core/id_ex_inst/rs1_match_ex_mem_inst_rep__5_i_1_n_0
    SLICE_X84Y107        LUT3 (Prop_lut3_I1_O)        0.043    -0.706 r  student_top_inst/Core_cpu/cpu_core/id_ex_inst/data_o[28]_i_25/O
                         net (fo=4, routed)           0.584    -0.123    student_top_inst/Core_cpu/cpu_core/id_ex_inst/data_o_reg[28]_2
    SLICE_X88Y113        LUT6 (Prop_lut6_I2_O)        0.043    -0.080 r  student_top_inst/Core_cpu/cpu_core/id_ex_inst/data_o[20]_i_20/O
                         net (fo=4, routed)           0.649     0.570    student_top_inst/Core_cpu/cpu_core/id_ex_inst/data_o[20]_i_20_n_0
    SLICE_X96Y110        LUT6 (Prop_lut6_I3_O)        0.043     0.613 r  student_top_inst/Core_cpu/cpu_core/id_ex_inst/data_o[17]_i_16/O
                         net (fo=1, routed)           0.194     0.807    student_top_inst/Core_cpu/cpu_core/id_ex_inst/ex_inst/op1_i_shift_right_op2_i[17]
    SLICE_X98Y109        LUT6 (Prop_lut6_I3_O)        0.043     0.850 f  student_top_inst/Core_cpu/cpu_core/id_ex_inst/data_o[17]_i_10/O
                         net (fo=1, routed)           0.161     1.011    student_top_inst/Core_cpu/cpu_core/id_ex_inst/data_o[17]_i_10_n_0
    SLICE_X98Y109        LUT6 (Prop_lut6_I0_O)        0.043     1.054 f  student_top_inst/Core_cpu/cpu_core/id_ex_inst/data_o[17]_i_6/O
                         net (fo=1, routed)           0.349     1.403    student_top_inst/Core_cpu/cpu_core/id_ex_inst/data_o[17]_i_6_n_0
    SLICE_X99Y109        LUT6 (Prop_lut6_I0_O)        0.043     1.446 f  student_top_inst/Core_cpu/cpu_core/id_ex_inst/data_o[17]_i_4/O
                         net (fo=1, routed)           0.181     1.627    student_top_inst/Core_cpu/cpu_core/id_ex_inst/data_o[17]_i_4_n_0
    SLICE_X99Y108        LUT6 (Prop_lut6_I1_O)        0.043     1.670 r  student_top_inst/Core_cpu/cpu_core/id_ex_inst/data_o[17]_i_3/O
                         net (fo=1, routed)           0.274     1.945    student_top_inst/Core_cpu/cpu_core/ex_inst/rv32m_iter_inst/data_o_reg[17]
    SLICE_X95Y108        LUT4 (Prop_lut4_I1_O)        0.043     1.988 r  student_top_inst/Core_cpu/cpu_core/ex_inst/rv32m_iter_inst/data_o[17]_i_1__2/O
                         net (fo=1, routed)           0.000     1.988    student_top_inst/Core_cpu/cpu_core/ex_mem_inst/dff_rd_data/data_o_reg[17]_2
    SLICE_X95Y108        FDRE                                         r  student_top_inst/Core_cpu/cpu_core/ex_mem_inst/dff_rd_data/data_o_reg[17]/D
  -------------------------------------------------------------------    -------------------

                         (clock clk_out2_pll rise edge)
                                                      4.516     4.516 r  
    AD12                                              0.000     4.516 r  i_sys_clk_p (IN)
                         net (fo=0)                   0.000     4.516    pll_inst/inst/clk_in1_p
    AD12                 IBUFDS (Prop_ibufds_I_O)     0.803     5.320 r  pll_inst/inst/clkin1_ibufgds/O
                         net (fo=1, routed)           1.001     6.321    pll_inst/inst/clk_in1_pll
    PLLE2_ADV_X1Y1       PLLE2_ADV (Prop_plle2_adv_CLKIN1_CLKOUT1)
                                                     -7.261    -0.940 r  pll_inst/inst/plle2_adv_inst/CLKOUT1
                         net (fo=1, routed)           2.003     1.063    pll_inst/inst/clk_out2_pll
    BUFGCTRL_X0Y0        BUFG (Prop_bufg_I_O)         0.083     1.146 r  pll_inst/inst/clkout2_buf/O
                         net (fo=2864, routed)        1.272     2.418    student_top_inst/Core_cpu/cpu_core/ex_mem_inst/dff_rd_data/clk_out2
    SLICE_X95Y108        FDRE                                         r  student_top_inst/Core_cpu/cpu_core/ex_mem_inst/dff_rd_data/data_o_reg[17]/C
                         clock pessimism             -0.375     2.043    
                         clock uncertainty           -0.058     1.984    
    SLICE_X95Y108        FDRE (Setup_fdre_C_D)        0.034     2.018    student_top_inst/Core_cpu/cpu_core/ex_mem_inst/dff_rd_data/data_o_reg[17]
  -------------------------------------------------------------------
                         required time                          2.018    
                         arrival time                          -1.988    
  -------------------------------------------------------------------
                         slack                                  0.031    

Slack (MET) :             0.031ns  (required time - arrival time)
  Source:                 student_top_inst/Core_cpu/cpu_core/id_ex_inst/rs1_addr_o_reg[3]/C
                            (rising edge-triggered cell FDRE clocked by clk_out2_pll  {rise@0.000ns fall@2.258ns period=4.516ns})
  Destination:            student_top_inst/Core_cpu/cpu_core/ex_mem_inst/dff_rd_data/data_o_reg[17]/D
                            (rising edge-triggered cell FDRE clocked by clk_out2_pll  {rise@0.000ns fall@2.258ns period=4.516ns})
  Path Group:             clk_out2_pll
  Path Type:              Setup (Max at Slow Process Corner)
  Requirement:            4.516ns  (clk_out2_pll rise@4.516ns - clk_out2_pll rise@0.000ns)
  Data Path Delay:        4.422ns  (logic 0.696ns (15.740%)  route 3.726ns (84.260%))
  Logic Levels:           11  (LUT3=1 LUT4=1 LUT5=1 LUT6=8)
  Clock Path Skew:        -0.039ns (DCD - SCD + CPR)
    Destination Clock Delay (DCD):    -2.099ns = ( 2.418 - 4.516 ) 
    Source Clock Delay      (SCD):    -2.434ns
    Clock Pessimism Removal (CPR):    -0.375ns
  Clock Uncertainty:      0.058ns  ((TSJ^2 + DJ^2)^1/2) / 2 + PE
    Total System Jitter     (TSJ):    0.071ns
    Discrete Jitter          (DJ):    0.093ns
    Phase Error              (PE):    0.000ns

    Location             Delay type                Incr(ns)  Path(ns)    Netlist Resource(s)
  -------------------------------------------------------------------    -------------------
                         (clock clk_out2_pll rise edge)
                                                      0.000     0.000 r  
    AD12                                              0.000     0.000 r  i_sys_clk_p (IN)
                         net (fo=0)                   0.000     0.000    pll_inst/inst/clk_in1_p
    AD12                 IBUFDS (Prop_ibufds_I_O)     0.906     0.906 r  pll_inst/inst/clkin1_ibufgds/O
                         net (fo=1, routed)           1.098     2.004    pll_inst/inst/clk_in1_pll
    PLLE2_ADV_X1Y1       PLLE2_ADV (Prop_plle2_adv_CLKIN1_CLKOUT1)
                                                     -8.058    -6.054 r  pll_inst/inst/plle2_adv_inst/CLKOUT1
                         net (fo=1, routed)           2.128    -3.926    pll_inst/inst/clk_out2_pll
    BUFGCTRL_X0Y0        BUFG (Prop_bufg_I_O)         0.093    -3.833 r  pll_inst/inst/clkout2_buf/O
                         net (fo=2864, routed)        1.399    -2.434    student_top_inst/Core_cpu/cpu_core/id_ex_inst/clk_out2
    SLICE_X81Y108        FDRE                                         r  student_top_inst/Core_cpu/cpu_core/id_ex_inst/rs1_addr_o_reg[3]/C
  -------------------------------------------------------------------    -------------------
    SLICE_X81Y108        FDRE (Prop_fdre_C_Q)         0.223    -2.211 r  student_top_inst/Core_cpu/cpu_core/id_ex_inst/rs1_addr_o_reg[3]/Q
                         net (fo=3, routed)           0.484    -1.727    student_top_inst/Core_cpu/cpu_core/id_ex_inst/rs1_addr_o_reg[4]_0[3]
    SLICE_X81Y108        LUT6 (Prop_lut6_I2_O)        0.043    -1.684 f  student_top_inst/Core_cpu/cpu_core/id_ex_inst/rs1_match_ex_mem_inst_i_6/O
                         net (fo=1, routed)           0.101    -1.583    student_top_inst/Core_cpu/cpu_core/id_ex_inst/rs1_match_ex_mem_inst_i_6_n_0
    SLICE_X81Y108        LUT5 (Prop_lut5_I0_O)        0.043    -1.540 f  student_top_inst/Core_cpu/cpu_core/id_ex_inst/rs1_match_ex_mem_inst_i_4/O
                         net (fo=57, routed)          0.546    -0.994    student_top_inst/Core_cpu/cpu_core/id_ex_inst/forwarding_inst/in020_out
    SLICE_X83Y107        LUT6 (Prop_lut6_I5_O)        0.043    -0.951 f  student_top_inst/Core_cpu/cpu_core/id_ex_inst/rs1_match_ex_mem_inst_rep__5_i_1/O
                         net (fo=4, routed)           0.202    -0.749    student_top_inst/Core_cpu/cpu_core/id_ex_inst/rs1_match_ex_mem_inst_rep__5_i_1_n_0
    SLICE_X84Y107        LUT3 (Prop_lut3_I1_O)        0.043    -0.706 r  student_top_inst/Core_cpu/cpu_core/id_ex_inst/data_o[28]_i_25/O
                         net (fo=4, routed)           0.584    -0.123    student_top_inst/Core_cpu/cpu_core/id_ex_inst/data_o_reg[28]_2
    SLICE_X88Y113        LUT6 (Prop_lut6_I2_O)        0.043    -0.080 r  student_top_inst/Core_cpu/cpu_core/id_ex_inst/data_o[20]_i_20/O
                         net (fo=4, routed)           0.649     0.570    student_top_inst/Core_cpu/cpu_core/id_ex_inst/data_o[20]_i_20_n_0
    SLICE_X96Y110        LUT6 (Prop_lut6_I3_O)        0.043     0.613 r  student_top_inst/Core_cpu/cpu_core/id_ex_inst/data_o[17]_i_16/O
                         net (fo=1, routed)           0.194     0.807    student_top_inst/Core_cpu/cpu_core/id_ex_inst/ex_inst/op1_i_shift_right_op2_i[17]
    SLICE_X98Y109        LUT6 (Prop_lut6_I3_O)        0.043     0.850 f  student_top_inst/Core_cpu/cpu_core/id_ex_inst/data_o[17]_i_10/O
                         net (fo=1, routed)           0.161     1.011    student_top_inst/Core_cpu/cpu_core/id_ex_inst/data_o[17]_i_10_n_0
    SLICE_X98Y109        LUT6 (Prop_lut6_I0_O)        0.043     1.054 f  student_top_inst/Core_cpu/cpu_core/id_ex_inst/data_o[17]_i_6/O
                         net (fo=1, routed)           0.349     1.403    student_top_inst/Core_cpu/cpu_core/id_ex_inst/data_o[17]_i_6_n_0
    SLICE_X99Y109        LUT6 (Prop_lut6_I0_O)        0.043     1.446 f  student_top_inst/Core_cpu/cpu_core/id_ex_inst/data_o[17]_i_4/O
                         net (fo=1, routed)           0.181     1.627    student_top_inst/Core_cpu/cpu_core/id_ex_inst/data_o[17]_i_4_n_0
    SLICE_X99Y108        LUT6 (Prop_lut6_I1_O)        0.043     1.670 r  student_top_inst/Core_cpu/cpu_core/id_ex_inst/data_o[17]_i_3/O
                         net (fo=1, routed)           0.274     1.945    student_top_inst/Core_cpu/cpu_core/ex_inst/rv32m_iter_inst/data_o_reg[17]
    SLICE_X95Y108        LUT4 (Prop_lut4_I1_O)        0.043     1.988 r  student_top_inst/Core_cpu/cpu_core/ex_inst/rv32m_iter_inst/data_o[17]_i_1__2/O
                         net (fo=1, routed)           0.000     1.988    student_top_inst/Core_cpu/cpu_core/ex_mem_inst/dff_rd_data/data_o_reg[17]_2
    SLICE_X95Y108        FDRE                                         r  student_top_inst/Core_cpu/cpu_core/ex_mem_inst/dff_rd_data/data_o_reg[17]/D
  -------------------------------------------------------------------    -------------------

                         (clock clk_out2_pll rise edge)
                                                      4.516     4.516 r  
    AD12                                              0.000     4.516 r  i_sys_clk_p (IN)
                         net (fo=0)                   0.000     4.516    pll_inst/inst/clk_in1_p
    AD12                 IBUFDS (Prop_ibufds_I_O)     0.803     5.320 r  pll_inst/inst/clkin1_ibufgds/O
                         net (fo=1, routed)           1.001     6.321    pll_inst/inst/clk_in1_pll
    PLLE2_ADV_X1Y1       PLLE2_ADV (Prop_plle2_adv_CLKIN1_CLKOUT1)
                                                     -7.261    -0.940 r  pll_inst/inst/plle2_adv_inst/CLKOUT1
                         net (fo=1, routed)           2.003     1.063    pll_inst/inst/clk_out2_pll
    BUFGCTRL_X0Y0        BUFG (Prop_bufg_I_O)         0.083     1.146 r  pll_inst/inst/clkout2_buf/O
                         net (fo=2864, routed)        1.272     2.418    student_top_inst/Core_cpu/cpu_core/ex_mem_inst/dff_rd_data/clk_out2
    SLICE_X95Y108        FDRE                                         r  student_top_inst/Core_cpu/cpu_core/ex_mem_inst/dff_rd_data/data_o_reg[17]/C
                         clock pessimism             -0.375     2.043    
                         clock uncertainty           -0.058     1.984    
    SLICE_X95Y108        FDRE (Setup_fdre_C_D)        0.034     2.018    student_top_inst/Core_cpu/cpu_core/ex_mem_inst/dff_rd_data/data_o_reg[17]
  -------------------------------------------------------------------
                         required time                          2.018    
                         arrival time                          -1.988    
  -------------------------------------------------------------------
                         slack                                  0.031    

Slack (MET) :             0.031ns  (required time - arrival time)
  Source:                 student_top_inst/Core_cpu/cpu_core/id_ex_inst/rs1_addr_o_reg[3]/C
                            (rising edge-triggered cell FDRE clocked by clk_out2_pll  {rise@0.000ns fall@2.258ns period=4.516ns})
  Destination:            student_top_inst/Core_cpu/cpu_core/ex_mem_inst/dff_rd_data/data_o_reg[17]/D
                            (rising edge-triggered cell FDRE clocked by clk_out2_pll  {rise@0.000ns fall@2.258ns period=4.516ns})
  Path Group:             clk_out2_pll
  Path Type:              Setup (Max at Slow Process Corner)
  Requirement:            4.516ns  (clk_out2_pll rise@4.516ns - clk_out2_pll rise@0.000ns)
  Data Path Delay:        4.422ns  (logic 0.696ns (15.740%)  route 3.726ns (84.260%))
  Logic Levels:           11  (LUT3=1 LUT4=1 LUT5=1 LUT6=8)
  Clock Path Skew:        -0.039ns (DCD - SCD + CPR)
    Destination Clock Delay (DCD):    -2.099ns = ( 2.418 - 4.516 ) 
    Source Clock Delay      (SCD):    -2.434ns
    Clock Pessimism Removal (CPR):    -0.375ns
  Clock Uncertainty:      0.058ns  ((TSJ^2 + DJ^2)^1/2) / 2 + PE
    Total System Jitter     (TSJ):    0.071ns
    Discrete Jitter          (DJ):    0.093ns
    Phase Error              (PE):    0.000ns

    Location             Delay type                Incr(ns)  Path(ns)    Netlist Resource(s)
  -------------------------------------------------------------------    -------------------
                         (clock clk_out2_pll rise edge)
                                                      0.000     0.000 r  
    AD12                                              0.000     0.000 r  i_sys_clk_p (IN)
                         net (fo=0)                   0.000     0.000    pll_inst/inst/clk_in1_p
    AD12                 IBUFDS (Prop_ibufds_I_O)     0.906     0.906 r  pll_inst/inst/clkin1_ibufgds/O
                         net (fo=1, routed)           1.098     2.004    pll_inst/inst/clk_in1_pll
    PLLE2_ADV_X1Y1       PLLE2_ADV (Prop_plle2_adv_CLKIN1_CLKOUT1)
                                                     -8.058    -6.054 r  pll_inst/inst/plle2_adv_inst/CLKOUT1
                         net (fo=1, routed)           2.128    -3.926    pll_inst/inst/clk_out2_pll
    BUFGCTRL_X0Y0        BUFG (Prop_bufg_I_O)         0.093    -3.833 r  pll_inst/inst/clkout2_buf/O
                         net (fo=2864, routed)        1.399    -2.434    student_top_inst/Core_cpu/cpu_core/id_ex_inst/clk_out2
    SLICE_X81Y108        FDRE                                         r  student_top_inst/Core_cpu/cpu_core/id_ex_inst/rs1_addr_o_reg[3]/C
  -------------------------------------------------------------------    -------------------
    SLICE_X81Y108        FDRE (Prop_fdre_C_Q)         0.223    -2.211 f  student_top_inst/Core_cpu/cpu_core/id_ex_inst/rs1_addr_o_reg[3]/Q
                         net (fo=3, routed)           0.484    -1.727    student_top_inst/Core_cpu/cpu_core/id_ex_inst/rs1_addr_o_reg[4]_0[3]
    SLICE_X81Y108        LUT6 (Prop_lut6_I2_O)        0.043    -1.684 f  student_top_inst/Core_cpu/cpu_core/id_ex_inst/rs1_match_ex_mem_inst_i_6/O
                         net (fo=1, routed)           0.101    -1.583    student_top_inst/Core_cpu/cpu_core/id_ex_inst/rs1_match_ex_mem_inst_i_6_n_0
    SLICE_X81Y108        LUT5 (Prop_lut5_I0_O)        0.043    -1.540 f  student_top_inst/Core_cpu/cpu_core/id_ex_inst/rs1_match_ex_mem_inst_i_4/O
                         net (fo=57, routed)          0.546    -0.994    student_top_inst/Core_cpu/cpu_core/id_ex_inst/forwarding_inst/in020_out
    SLICE_X83Y107        LUT6 (Prop_lut6_I5_O)        0.043    -0.951 f  student_top_inst/Core_cpu/cpu_core/id_ex_inst/rs1_match_ex_mem_inst_rep__5_i_1/O
                         net (fo=4, routed)           0.202    -0.749    student_top_inst/Core_cpu/cpu_core/id_ex_inst/rs1_match_ex_mem_inst_rep__5_i_1_n_0
    SLICE_X84Y107        LUT3 (Prop_lut3_I1_O)        0.043    -0.706 r  student_top_inst/Core_cpu/cpu_core/id_ex_inst/data_o[28]_i_25/O
                         net (fo=4, routed)           0.584    -0.123    student_top_inst/Core_cpu/cpu_core/id_ex_inst/data_o_reg[28]_2
    SLICE_X88Y113        LUT6 (Prop_lut6_I2_O)        0.043    -0.080 r  student_top_inst/Core_cpu/cpu_core/id_ex_inst/data_o[20]_i_20/O
                         net (fo=4, routed)           0.649     0.570    student_top_inst/Core_cpu/cpu_core/id_ex_inst/data_o[20]_i_20_n_0
    SLICE_X96Y110        LUT6 (Prop_lut6_I3_O)        0.043     0.613 r  student_top_inst/Core_cpu/cpu_core/id_ex_inst/data_o[17]_i_16/O
                         net (fo=1, routed)           0.194     0.807    student_top_inst/Core_cpu/cpu_core/id_ex_inst/ex_inst/op1_i_shift_right_op2_i[17]
    SLICE_X98Y109        LUT6 (Prop_lut6_I3_O)        0.043     0.850 f  student_top_inst/Core_cpu/cpu_core/id_ex_inst/data_o[17]_i_10/O
                         net (fo=1, routed)           0.161     1.011    student_top_inst/Core_cpu/cpu_core/id_ex_inst/data_o[17]_i_10_n_0
    SLICE_X98Y109        LUT6 (Prop_lut6_I0_O)        0.043     1.054 f  student_top_inst/Core_cpu/cpu_core/id_ex_inst/data_o[17]_i_6/O
                         net (fo=1, routed)           0.349     1.403    student_top_inst/Core_cpu/cpu_core/id_ex_inst/data_o[17]_i_6_n_0
    SLICE_X99Y109        LUT6 (Prop_lut6_I0_O)        0.043     1.446 f  student_top_inst/Core_cpu/cpu_core/id_ex_inst/data_o[17]_i_4/O
                         net (fo=1, routed)           0.181     1.627    student_top_inst/Core_cpu/cpu_core/id_ex_inst/data_o[17]_i_4_n_0
    SLICE_X99Y108        LUT6 (Prop_lut6_I1_O)        0.043     1.670 r  student_top_inst/Core_cpu/cpu_core/id_ex_inst/data_o[17]_i_3/O
                         net (fo=1, routed)           0.274     1.945    student_top_inst/Core_cpu/cpu_core/ex_inst/rv32m_iter_inst/data_o_reg[17]
    SLICE_X95Y108        LUT4 (Prop_lut4_I1_O)        0.043     1.988 r  student_top_inst/Core_cpu/cpu_core/ex_inst/rv32m_iter_inst/data_o[17]_i_1__2/O
                         net (fo=1, routed)           0.000     1.988    student_top_inst/Core_cpu/cpu_core/ex_mem_inst/dff_rd_data/data_o_reg[17]_2
    SLICE_X95Y108        FDRE                                         r  student_top_inst/Core_cpu/cpu_core/ex_mem_inst/dff_rd_data/data_o_reg[17]/D
  -------------------------------------------------------------------    -------------------

                         (clock clk_out2_pll rise edge)
                                                      4.516     4.516 r  
    AD12                                              0.000     4.516 r  i_sys_clk_p (IN)
                         net (fo=0)                   0.000     4.516    pll_inst/inst/clk_in1_p
    AD12                 IBUFDS (Prop_ibufds_I_O)     0.803     5.320 r  pll_inst/inst/clkin1_ibufgds/O
                         net (fo=1, routed)           1.001     6.321    pll_inst/inst/clk_in1_pll
    PLLE2_ADV_X1Y1       PLLE2_ADV (Prop_plle2_adv_CLKIN1_CLKOUT1)
                                                     -7.261    -0.940 r  pll_inst/inst/plle2_adv_inst/CLKOUT1
                         net (fo=1, routed)           2.003     1.063    pll_inst/inst/clk_out2_pll
    BUFGCTRL_X0Y0        BUFG (Prop_bufg_I_O)         0.083     1.146 r  pll_inst/inst/clkout2_buf/O
                         net (fo=2864, routed)        1.272     2.418    student_top_inst/Core_cpu/cpu_core/ex_mem_inst/dff_rd_data/clk_out2
    SLICE_X95Y108        FDRE                                         r  student_top_inst/Core_cpu/cpu_core/ex_mem_inst/dff_rd_data/data_o_reg[17]/C
                         clock pessimism             -0.375     2.043    
                         clock uncertainty           -0.058     1.984    
    SLICE_X95Y108        FDRE (Setup_fdre_C_D)        0.034     2.018    student_top_inst/Core_cpu/cpu_core/ex_mem_inst/dff_rd_data/data_o_reg[17]
  -------------------------------------------------------------------
                         required time                          2.018    
                         arrival time                          -1.988    
  -------------------------------------------------------------------
                         slack                                  0.031    

Slack (MET) :             0.031ns  (required time - arrival time)
  Source:                 student_top_inst/Core_cpu/cpu_core/id_ex_inst/rs1_addr_o_reg[3]/C
                            (rising edge-triggered cell FDRE clocked by clk_out2_pll  {rise@0.000ns fall@2.258ns period=4.516ns})
  Destination:            student_top_inst/Core_cpu/cpu_core/ex_mem_inst/dff_rd_data/data_o_reg[17]/D
                            (rising edge-triggered cell FDRE clocked by clk_out2_pll  {rise@0.000ns fall@2.258ns period=4.516ns})
  Path Group:             clk_out2_pll
  Path Type:              Setup (Max at Slow Process Corner)
  Requirement:            4.516ns  (clk_out2_pll rise@4.516ns - clk_out2_pll rise@0.000ns)
  Data Path Delay:        4.422ns  (logic 0.696ns (15.740%)  route 3.726ns (84.260%))
  Logic Levels:           11  (LUT3=1 LUT4=1 LUT5=1 LUT6=8)
  Clock Path Skew:        -0.039ns (DCD - SCD + CPR)
    Destination Clock Delay (DCD):    -2.099ns = ( 2.418 - 4.516 ) 
    Source Clock Delay      (SCD):    -2.434ns
    Clock Pessimism Removal (CPR):    -0.375ns
  Clock Uncertainty:      0.058ns  ((TSJ^2 + DJ^2)^1/2) / 2 + PE
    Total System Jitter     (TSJ):    0.071ns
    Discrete Jitter          (DJ):    0.093ns
    Phase Error              (PE):    0.000ns

    Location             Delay type                Incr(ns)  Path(ns)    Netlist Resource(s)
  -------------------------------------------------------------------    -------------------
                         (clock clk_out2_pll rise edge)
                                                      0.000     0.000 r  
    AD12                                              0.000     0.000 r  i_sys_clk_p (IN)
                         net (fo=0)                   0.000     0.000    pll_inst/inst/clk_in1_p
    AD12                 IBUFDS (Prop_ibufds_I_O)     0.906     0.906 r  pll_inst/inst/clkin1_ibufgds/O
                         net (fo=1, routed)           1.098     2.004    pll_inst/inst/clk_in1_pll
    PLLE2_ADV_X1Y1       PLLE2_ADV (Prop_plle2_adv_CLKIN1_CLKOUT1)
                                                     -8.058    -6.054 r  pll_inst/inst/plle2_adv_inst/CLKOUT1
                         net (fo=1, routed)           2.128    -3.926    pll_inst/inst/clk_out2_pll
    BUFGCTRL_X0Y0        BUFG (Prop_bufg_I_O)         0.093    -3.833 r  pll_inst/inst/clkout2_buf/O
                         net (fo=2864, routed)        1.399    -2.434    student_top_inst/Core_cpu/cpu_core/id_ex_inst/clk_out2
    SLICE_X81Y108        FDRE                                         r  student_top_inst/Core_cpu/cpu_core/id_ex_inst/rs1_addr_o_reg[3]/C
  -------------------------------------------------------------------    -------------------
    SLICE_X81Y108        FDRE (Prop_fdre_C_Q)         0.223    -2.211 r  student_top_inst/Core_cpu/cpu_core/id_ex_inst/rs1_addr_o_reg[3]/Q
                         net (fo=3, routed)           0.484    -1.727    student_top_inst/Core_cpu/cpu_core/id_ex_inst/rs1_addr_o_reg[4]_0[3]
    SLICE_X81Y108        LUT6 (Prop_lut6_I2_O)        0.043    -1.684 r  student_top_inst/Core_cpu/cpu_core/id_ex_inst/rs1_match_ex_mem_inst_i_6/O
                         net (fo=1, routed)           0.101    -1.583    student_top_inst/Core_cpu/cpu_core/id_ex_inst/rs1_match_ex_mem_inst_i_6_n_0
    SLICE_X81Y108        LUT5 (Prop_lut5_I0_O)        0.043    -1.540 r  student_top_inst/Core_cpu/cpu_core/id_ex_inst/rs1_match_ex_mem_inst_i_4/O
                         net (fo=57, routed)          0.546    -0.994    student_top_inst/Core_cpu/cpu_core/id_ex_inst/forwarding_inst/in020_out
    SLICE_X83Y107        LUT6 (Prop_lut6_I5_O)        0.043    -0.951 r  student_top_inst/Core_cpu/cpu_core/id_ex_inst/rs1_match_ex_mem_inst_rep__5_i_1/O
                         net (fo=4, routed)           0.202    -0.749    student_top_inst/Core_cpu/cpu_core/id_ex_inst/rs1_match_ex_mem_inst_rep__5_i_1_n_0
    SLICE_X84Y107        LUT3 (Prop_lut3_I1_O)        0.043    -0.706 f  student_top_inst/Core_cpu/cpu_core/id_ex_inst/data_o[28]_i_25/O
                         net (fo=4, routed)           0.584    -0.123    student_top_inst/Core_cpu/cpu_core/id_ex_inst/data_o_reg[28]_2
    SLICE_X88Y113        LUT6 (Prop_lut6_I2_O)        0.043    -0.080 f  student_top_inst/Core_cpu/cpu_core/id_ex_inst/data_o[20]_i_20/O
                         net (fo=4, routed)           0.649     0.570    student_top_inst/Core_cpu/cpu_core/id_ex_inst/data_o[20]_i_20_n_0
    SLICE_X96Y110        LUT6 (Prop_lut6_I3_O)        0.043     0.613 f  student_top_inst/Core_cpu/cpu_core/id_ex_inst/data_o[17]_i_16/O
                         net (fo=1, routed)           0.194     0.807    student_top_inst/Core_cpu/cpu_core/id_ex_inst/ex_inst/op1_i_shift_right_op2_i[17]
    SLICE_X98Y109        LUT6 (Prop_lut6_I3_O)        0.043     0.850 r  student_top_inst/Core_cpu/cpu_core/id_ex_inst/data_o[17]_i_10/O
                         net (fo=1, routed)           0.161     1.011    student_top_inst/Core_cpu/cpu_core/id_ex_inst/data_o[17]_i_10_n_0
    SLICE_X98Y109        LUT6 (Prop_lut6_I0_O)        0.043     1.054 r  student_top_inst/Core_cpu/cpu_core/id_ex_inst/data_o[17]_i_6/O
                         net (fo=1, routed)           0.349     1.403    student_top_inst/Core_cpu/cpu_core/id_ex_inst/data_o[17]_i_6_n_0
    SLICE_X99Y109        LUT6 (Prop_lut6_I0_O)        0.043     1.446 r  student_top_inst/Core_cpu/cpu_core/id_ex_inst/data_o[17]_i_4/O
                         net (fo=1, routed)           0.181     1.627    student_top_inst/Core_cpu/cpu_core/id_ex_inst/data_o[17]_i_4_n_0
    SLICE_X99Y108        LUT6 (Prop_lut6_I1_O)        0.043     1.670 f  student_top_inst/Core_cpu/cpu_core/id_ex_inst/data_o[17]_i_3/O
                         net (fo=1, routed)           0.274     1.945    student_top_inst/Core_cpu/cpu_core/ex_inst/rv32m_iter_inst/data_o_reg[17]
    SLICE_X95Y108        LUT4 (Prop_lut4_I1_O)        0.043     1.988 f  student_top_inst/Core_cpu/cpu_core/ex_inst/rv32m_iter_inst/data_o[17]_i_1__2/O
                         net (fo=1, routed)           0.000     1.988    student_top_inst/Core_cpu/cpu_core/ex_mem_inst/dff_rd_data/data_o_reg[17]_2
    SLICE_X95Y108        FDRE                                         f  student_top_inst/Core_cpu/cpu_core/ex_mem_inst/dff_rd_data/data_o_reg[17]/D
  -------------------------------------------------------------------    -------------------

                         (clock clk_out2_pll rise edge)
                                                      4.516     4.516 r  
    AD12                                              0.000     4.516 r  i_sys_clk_p (IN)
                         net (fo=0)                   0.000     4.516    pll_inst/inst/clk_in1_p
    AD12                 IBUFDS (Prop_ibufds_I_O)     0.803     5.320 r  pll_inst/inst/clkin1_ibufgds/O
                         net (fo=1, routed)           1.001     6.321    pll_inst/inst/clk_in1_pll
    PLLE2_ADV_X1Y1       PLLE2_ADV (Prop_plle2_adv_CLKIN1_CLKOUT1)
                                                     -7.261    -0.940 r  pll_inst/inst/plle2_adv_inst/CLKOUT1
                         net (fo=1, routed)           2.003     1.063    pll_inst/inst/clk_out2_pll
    BUFGCTRL_X0Y0        BUFG (Prop_bufg_I_O)         0.083     1.146 r  pll_inst/inst/clkout2_buf/O
                         net (fo=2864, routed)        1.272     2.418    student_top_inst/Core_cpu/cpu_core/ex_mem_inst/dff_rd_data/clk_out2
    SLICE_X95Y108        FDRE                                         r  student_top_inst/Core_cpu/cpu_core/ex_mem_inst/dff_rd_data/data_o_reg[17]/C
                         clock pessimism             -0.375     2.043    
                         clock uncertainty           -0.058     1.984    
    SLICE_X95Y108        FDRE (Setup_fdre_C_D)        0.034     2.018    student_top_inst/Core_cpu/cpu_core/ex_mem_inst/dff_rd_data/data_o_reg[17]
  -------------------------------------------------------------------
                         required time                          2.018    
                         arrival time                          -1.988    
  -------------------------------------------------------------------
                         slack                                  0.031    

Slack (MET) :             0.038ns  (required time - arrival time)
  Source:                 student_top_inst/Core_cpu/cpu_core/id_ex_inst/inst_o_reg[0]/C
                            (rising edge-triggered cell FDSE clocked by clk_out2_pll  {rise@0.000ns fall@2.258ns period=4.516ns})
  Destination:            student_top_inst/Core_cpu/cpu_core/ex_mem_inst/dff_rd_data/data_o_reg[9]/D
                            (rising edge-triggered cell FDRE clocked by clk_out2_pll  {rise@0.000ns fall@2.258ns period=4.516ns})
  Path Group:             clk_out2_pll
  Path Type:              Setup (Max at Slow Process Corner)
  Requirement:            4.516ns  (clk_out2_pll rise@4.516ns - clk_out2_pll rise@0.000ns)
  Data Path Delay:        4.415ns  (logic 0.739ns (16.740%)  route 3.676ns (83.260%))
  Logic Levels:           12  (LUT2=1 LUT3=1 LUT4=1 LUT5=2 LUT6=7)
  Clock Path Skew:        -0.039ns (DCD - SCD + CPR)
    Destination Clock Delay (DCD):    -2.097ns = ( 2.420 - 4.516 ) 
    Source Clock Delay      (SCD):    -2.432ns
    Clock Pessimism Removal (CPR):    -0.375ns
  Clock Uncertainty:      0.058ns  ((TSJ^2 + DJ^2)^1/2) / 2 + PE
    Total System Jitter     (TSJ):    0.071ns
    Discrete Jitter          (DJ):    0.093ns
    Phase Error              (PE):    0.000ns

    Location             Delay type                Incr(ns)  Path(ns)    Netlist Resource(s)
  -------------------------------------------------------------------    -------------------
                         (clock clk_out2_pll rise edge)
                                                      0.000     0.000 r  
    AD12                                              0.000     0.000 r  i_sys_clk_p (IN)
                         net (fo=0)                   0.000     0.000    pll_inst/inst/clk_in1_p
    AD12                 IBUFDS (Prop_ibufds_I_O)     0.906     0.906 r  pll_inst/inst/clkin1_ibufgds/O
                         net (fo=1, routed)           1.098     2.004    pll_inst/inst/clk_in1_pll
    PLLE2_ADV_X1Y1       PLLE2_ADV (Prop_plle2_adv_CLKIN1_CLKOUT1)
                                                     -8.058    -6.054 r  pll_inst/inst/plle2_adv_inst/CLKOUT1
                         net (fo=1, routed)           2.128    -3.926    pll_inst/inst/clk_out2_pll
    BUFGCTRL_X0Y0        BUFG (Prop_bufg_I_O)         0.093    -3.833 r  pll_inst/inst/clkout2_buf/O
                         net (fo=2864, routed)        1.401    -2.432    student_top_inst/Core_cpu/cpu_core/id_ex_inst/clk_out2
    SLICE_X80Y105        FDSE                                         r  student_top_inst/Core_cpu/cpu_core/id_ex_inst/inst_o_reg[0]/C
  -------------------------------------------------------------------    -------------------
    SLICE_X80Y105        FDSE (Prop_fdse_C_Q)         0.223    -2.209 r  student_top_inst/Core_cpu/cpu_core/id_ex_inst/inst_o_reg[0]/Q
                         net (fo=7, routed)           0.159    -2.050    student_top_inst/Core_cpu/id_ex_inst_o[0]
    SLICE_X81Y105        LUT2 (Prop_lut2_I0_O)        0.043    -2.007 f  student_top_inst/Core_cpu/rs1_match_ex_mem_inst_i_5/O
                         net (fo=3, routed)           0.294    -1.713    student_top_inst/Core_cpu/cpu_core/id_ex_inst/inst_o[31]_i_6
    SLICE_X81Y107        LUT6 (Prop_lut6_I5_O)        0.043    -1.670 r  student_top_inst/Core_cpu/cpu_core/id_ex_inst/rs1_match_ex_mem_inst_i_3/O
                         net (fo=88, routed)          0.606    -1.064    student_top_inst/Core_cpu/cpu_core/id_ex_inst/id_ex_is_branch_w
    SLICE_X82Y110        LUT6 (Prop_lut6_I1_O)        0.043    -1.021 f  student_top_inst/Core_cpu/cpu_core/id_ex_inst/rs1_match_ex_mem_inst_rep__6_i_1/O
                         net (fo=4, routed)           0.222    -0.799    student_top_inst/Core_cpu/cpu_core/id_ex_inst/rs1_match_ex_mem_inst_rep__6_i_1_n_0
    SLICE_X83Y110        LUT3 (Prop_lut3_I1_O)        0.043    -0.756 r  student_top_inst/Core_cpu/cpu_core/id_ex_inst/data_o[25]_i_23/O
                         net (fo=4, routed)           0.466    -0.290    student_top_inst/Core_cpu/cpu_core/id_ex_inst/data_o_reg[27]_1
    SLICE_X84Y106        LUT5 (Prop_lut5_I2_O)        0.043    -0.247 r  student_top_inst/Core_cpu/cpu_core/id_ex_inst/data_o[11]_i_38/O
                         net (fo=4, routed)           0.454     0.206    student_top_inst/Core_cpu/cpu_core/id_ex_inst/data_o[11]_i_38_n_0
    SLICE_X88Y106        LUT6 (Prop_lut6_I1_O)        0.043     0.249 r  student_top_inst/Core_cpu/cpu_core/id_ex_inst/data_o[9]_i_20/O
                         net (fo=2, routed)           0.486     0.736    student_top_inst/Core_cpu/cpu_core/id_ex_inst/data_o[9]_i_20_n_0
    SLICE_X94Y106        LUT5 (Prop_lut5_I4_O)        0.043     0.779 r  student_top_inst/Core_cpu/cpu_core/id_ex_inst/data_o[9]_i_16/O
                         net (fo=1, routed)           0.244     1.023    student_top_inst/Core_cpu/cpu_core/id_ex_inst/ex_inst/op1_i_shift_right_op2_i[9]
    SLICE_X94Y106        LUT6 (Prop_lut6_I3_O)        0.043     1.066 f  student_top_inst/Core_cpu/cpu_core/id_ex_inst/data_o[9]_i_10/O
                         net (fo=1, routed)           0.191     1.257    student_top_inst/Core_cpu/cpu_core/id_ex_inst/data_o[9]_i_10_n_0
    SLICE_X94Y105        LUT6 (Prop_lut6_I0_O)        0.043     1.300 f  student_top_inst/Core_cpu/cpu_core/id_ex_inst/data_o[9]_i_6/O
                         net (fo=1, routed)           0.235     1.535    student_top_inst/Core_cpu/cpu_core/id_ex_inst/data_o[9]_i_6_n_0
    SLICE_X93Y104        LUT6 (Prop_lut6_I0_O)        0.043     1.578 f  student_top_inst/Core_cpu/cpu_core/id_ex_inst/data_o[9]_i_4/O
                         net (fo=1, routed)           0.214     1.791    student_top_inst/Core_cpu/cpu_core/id_ex_inst/data_o[9]_i_4_n_0
    SLICE_X92Y104        LUT6 (Prop_lut6_I1_O)        0.043     1.834 r  student_top_inst/Core_cpu/cpu_core/id_ex_inst/data_o[9]_i_3/O
                         net (fo=1, routed)           0.105     1.939    student_top_inst/Core_cpu/cpu_core/ex_inst/rv32m_iter_inst/data_o_reg[9]
    SLICE_X92Y104        LUT4 (Prop_lut4_I1_O)        0.043     1.982 r  student_top_inst/Core_cpu/cpu_core/ex_inst/rv32m_iter_inst/data_o[9]_i_1__4/O
                         net (fo=1, routed)           0.000     1.982    student_top_inst/Core_cpu/cpu_core/ex_mem_inst/dff_rd_data/data_o_reg[9]_1
    SLICE_X92Y104        FDRE                                         r  student_top_inst/Core_cpu/cpu_core/ex_mem_inst/dff_rd_data/data_o_reg[9]/D
  -------------------------------------------------------------------    -------------------

                         (clock clk_out2_pll rise edge)
                                                      4.516     4.516 r  
    AD12                                              0.000     4.516 r  i_sys_clk_p (IN)
                         net (fo=0)                   0.000     4.516    pll_inst/inst/clk_in1_p
    AD12                 IBUFDS (Prop_ibufds_I_O)     0.803     5.320 r  pll_inst/inst/clkin1_ibufgds/O
                         net (fo=1, routed)           1.001     6.321    pll_inst/inst/clk_in1_pll
    PLLE2_ADV_X1Y1       PLLE2_ADV (Prop_plle2_adv_CLKIN1_CLKOUT1)
                                                     -7.261    -0.940 r  pll_inst/inst/plle2_adv_inst/CLKOUT1
                         net (fo=1, routed)           2.003     1.063    pll_inst/inst/clk_out2_pll
    BUFGCTRL_X0Y0        BUFG (Prop_bufg_I_O)         0.083     1.146 r  pll_inst/inst/clkout2_buf/O
                         net (fo=2864, routed)        1.274     2.420    student_top_inst/Core_cpu/cpu_core/ex_mem_inst/dff_rd_data/clk_out2
    SLICE_X92Y104        FDRE                                         r  student_top_inst/Core_cpu/cpu_core/ex_mem_inst/dff_rd_data/data_o_reg[9]/C
                         clock pessimism             -0.375     2.045    
                         clock uncertainty           -0.058     1.986    
    SLICE_X92Y104        FDRE (Setup_fdre_C_D)        0.034     2.020    student_top_inst/Core_cpu/cpu_core/ex_mem_inst/dff_rd_data/data_o_reg[9]
  -------------------------------------------------------------------
                         required time                          2.020    
                         arrival time                          -1.982    
  -------------------------------------------------------------------
                         slack                                  0.038    

Slack (MET) :             0.051ns  (required time - arrival time)
  Source:                 student_top_inst/Core_cpu/cpu_core/if_id_inst/inst_o_reg[24]/C
                            (rising edge-triggered cell FDRE clocked by clk_out2_pll  {rise@0.000ns fall@2.258ns period=4.516ns})
  Destination:            student_top_inst/Core_cpu/cpu_core/id_ex_inst/inst_o_reg[12]_rep__30/D
                            (rising edge-triggered cell FDRE clocked by clk_out2_pll  {rise@0.000ns fall@2.258ns period=4.516ns})
  Path Group:             clk_out2_pll
  Path Type:              Setup (Max at Slow Process Corner)
  Requirement:            4.516ns  (clk_out2_pll rise@4.516ns - clk_out2_pll rise@0.000ns)
  Data Path Delay:        4.119ns  (logic 0.631ns (15.319%)  route 3.488ns (84.681%))
  Logic Levels:           8  (LUT3=1 LUT4=2 LUT5=1 LUT6=4)
  Clock Path Skew:        -0.278ns (DCD - SCD + CPR)
    Destination Clock Delay (DCD):    -2.099ns = ( 2.418 - 4.516 ) 
    Source Clock Delay      (SCD):    -2.268ns
    Clock Pessimism Removal (CPR):    -0.448ns
  Clock Uncertainty:      0.058ns  ((TSJ^2 + DJ^2)^1/2) / 2 + PE
    Total System Jitter     (TSJ):    0.071ns
    Discrete Jitter          (DJ):    0.093ns
    Phase Error              (PE):    0.000ns

    Location             Delay type                Incr(ns)  Path(ns)    Netlist Resource(s)
  -------------------------------------------------------------------    -------------------
                         (clock clk_out2_pll rise edge)
                                                      0.000     0.000 r  
    AD12                                              0.000     0.000 r  i_sys_clk_p (IN)
                         net (fo=0)                   0.000     0.000    pll_inst/inst/clk_in1_p
    AD12                 IBUFDS (Prop_ibufds_I_O)     0.906     0.906 r  pll_inst/inst/clkin1_ibufgds/O
                         net (fo=1, routed)           1.098     2.004    pll_inst/inst/clk_in1_pll
    PLLE2_ADV_X1Y1       PLLE2_ADV (Prop_plle2_adv_CLKIN1_CLKOUT1)
                                                     -8.058    -6.054 r  pll_inst/inst/plle2_adv_inst/CLKOUT1
                         net (fo=1, routed)           2.128    -3.926    pll_inst/inst/clk_out2_pll
    BUFGCTRL_X0Y0        BUFG (Prop_bufg_I_O)         0.093    -3.833 r  pll_inst/inst/clkout2_buf/O
                         net (fo=2864, routed)        1.565    -2.268    student_top_inst/Core_cpu/cpu_core/if_id_inst/clk_out2
    SLICE_X67Y95         FDRE                                         r  student_top_inst/Core_cpu/cpu_core/if_id_inst/inst_o_reg[24]/C
  -------------------------------------------------------------------    -------------------
    SLICE_X67Y95         FDRE (Prop_fdre_C_Q)         0.204    -2.064 r  student_top_inst/Core_cpu/cpu_core/if_id_inst/inst_o_reg[24]/Q
                         net (fo=50, routed)          0.612    -1.452    student_top_inst/Core_cpu/cpu_core/if_id_inst/Q[9]
    SLICE_X66Y95         LUT6 (Prop_lut6_I0_O)        0.126    -1.326 r  student_top_inst/Core_cpu/cpu_core/if_id_inst/flush_ifid_o_inst_i_53/O
                         net (fo=1, routed)           0.164    -1.163    student_top_inst/Core_cpu/cpu_core/if_id_inst/flush_ifid_o_inst_i_53_n_0
    SLICE_X66Y95         LUT6 (Prop_lut6_I0_O)        0.043    -1.120 r  student_top_inst/Core_cpu/cpu_core/if_id_inst/flush_ifid_o_inst_i_44/O
                         net (fo=1, routed)           0.192    -0.928    student_top_inst/Core_cpu/cpu_core/if_id_inst/flush_ifid_o_inst_i_44_n_0
    SLICE_X63Y95         LUT5 (Prop_lut5_I4_O)        0.043    -0.885 f  student_top_inst/Core_cpu/cpu_core/if_id_inst/flush_ifid_o_inst_i_30/O
                         net (fo=1, routed)           0.185    -0.700    student_top_inst/Core_cpu/cpu_core/if_id_inst/flush_ifid_o_inst_i_30_n_0
    SLICE_X62Y94         LUT4 (Prop_lut4_I2_O)        0.043    -0.657 f  student_top_inst/Core_cpu/cpu_core/if_id_inst/flush_ifid_o_inst_i_14/O
                         net (fo=3, routed)           0.278    -0.378    student_top_inst/Core_cpu/cpu_core/mem2_align_inst/dff_inst/inst_o[13]_rep__20_i_2
    SLICE_X65Y95         LUT6 (Prop_lut6_I5_O)        0.043    -0.335 f  student_top_inst/Core_cpu/cpu_core/mem2_align_inst/dff_inst/flush_ifid_o_inst_i_7/O
                         net (fo=58, routed)          0.512     0.177    student_top_inst/Core_cpu/cpu_core/if_id_inst/branch_offset_o_reg[12]_0
    SLICE_X67Y96         LUT6 (Prop_lut6_I5_O)        0.043     0.220 f  student_top_inst/Core_cpu/cpu_core/if_id_inst/inst_o[31]_i_5/O
                         net (fo=4, routed)           0.340     0.560    student_top_inst/Core_cpu/cpu_core/if_id_inst/hdu_flush_flag_o
    SLICE_X68Y97         LUT3 (Prop_lut3_I0_O)        0.043     0.603 f  student_top_inst/Core_cpu/cpu_core/if_id_inst/inst_o[31]_i_4/O
                         net (fo=152, routed)         0.661     1.263    student_top_inst/Core_cpu/cpu_core/if_id_inst/inst_o[31]_i_4_n_0
    SLICE_X80Y98         LUT4 (Prop_lut4_I3_O)        0.043     1.306 r  student_top_inst/Core_cpu/cpu_core/if_id_inst/inst_o[12]_rep__29_i_1/O
                         net (fo=8, routed)           0.544     1.851    student_top_inst/Core_cpu/cpu_core/id_ex_inst/inst_o_reg[12]_rep__36_0
    SLICE_X90Y101        FDRE                                         r  student_top_inst/Core_cpu/cpu_core/id_ex_inst/inst_o_reg[12]_rep__30/D
  -------------------------------------------------------------------    -------------------

                         (clock clk_out2_pll rise edge)
                                                      4.516     4.516 r  
    AD12                                              0.000     4.516 r  i_sys_clk_p (IN)
                         net (fo=0)                   0.000     4.516    pll_inst/inst/clk_in1_p
    AD12                 IBUFDS (Prop_ibufds_I_O)     0.803     5.320 r  pll_inst/inst/clkin1_ibufgds/O
                         net (fo=1, routed)           1.001     6.321    pll_inst/inst/clk_in1_pll
    PLLE2_ADV_X1Y1       PLLE2_ADV (Prop_plle2_adv_CLKIN1_CLKOUT1)
                                                     -7.261    -0.940 r  pll_inst/inst/plle2_adv_inst/CLKOUT1
                         net (fo=1, routed)           2.003     1.063    pll_inst/inst/clk_out2_pll
    BUFGCTRL_X0Y0        BUFG (Prop_bufg_I_O)         0.083     1.146 r  pll_inst/inst/clkout2_buf/O
                         net (fo=2864, routed)        1.272     2.418    student_top_inst/Core_cpu/cpu_core/id_ex_inst/clk_out2
    SLICE_X90Y101        FDRE                                         r  student_top_inst/Core_cpu/cpu_core/id_ex_inst/inst_o_reg[12]_rep__30/C
                         clock pessimism             -0.448     1.970    
                         clock uncertainty           -0.058     1.911    
    SLICE_X90Y101        FDRE (Setup_fdre_C_D)       -0.010     1.901    student_top_inst/Core_cpu/cpu_core/id_ex_inst/inst_o_reg[12]_rep__30
  -------------------------------------------------------------------
                         required time                          1.901    
                         arrival time                          -1.851    
  -------------------------------------------------------------------
                         slack                                  0.051    

Slack (MET) :             0.051ns  (required time - arrival time)
  Source:                 student_top_inst/Core_cpu/cpu_core/if_id_inst/inst_o_reg[24]/C
                            (rising edge-triggered cell FDRE clocked by clk_out2_pll  {rise@0.000ns fall@2.258ns period=4.516ns})
  Destination:            student_top_inst/Core_cpu/cpu_core/id_ex_inst/inst_o_reg[12]_rep__30/D
                            (rising edge-triggered cell FDRE clocked by clk_out2_pll  {rise@0.000ns fall@2.258ns period=4.516ns})
  Path Group:             clk_out2_pll
  Path Type:              Setup (Max at Slow Process Corner)
  Requirement:            4.516ns  (clk_out2_pll rise@4.516ns - clk_out2_pll rise@0.000ns)
  Data Path Delay:        4.119ns  (logic 0.631ns (15.319%)  route 3.488ns (84.681%))
  Logic Levels:           8  (LUT3=1 LUT4=2 LUT5=1 LUT6=4)
  Clock Path Skew:        -0.278ns (DCD - SCD + CPR)
    Destination Clock Delay (DCD):    -2.099ns = ( 2.418 - 4.516 ) 
    Source Clock Delay      (SCD):    -2.268ns
    Clock Pessimism Removal (CPR):    -0.448ns
  Clock Uncertainty:      0.058ns  ((TSJ^2 + DJ^2)^1/2) / 2 + PE
    Total System Jitter     (TSJ):    0.071ns
    Discrete Jitter          (DJ):    0.093ns
    Phase Error              (PE):    0.000ns

    Location             Delay type                Incr(ns)  Path(ns)    Netlist Resource(s)
  -------------------------------------------------------------------    -------------------
                         (clock clk_out2_pll rise edge)
                                                      0.000     0.000 r  
    AD12                                              0.000     0.000 r  i_sys_clk_p (IN)
                         net (fo=0)                   0.000     0.000    pll_inst/inst/clk_in1_p
    AD12                 IBUFDS (Prop_ibufds_I_O)     0.906     0.906 r  pll_inst/inst/clkin1_ibufgds/O
                         net (fo=1, routed)           1.098     2.004    pll_inst/inst/clk_in1_pll
    PLLE2_ADV_X1Y1       PLLE2_ADV (Prop_plle2_adv_CLKIN1_CLKOUT1)
                                                     -8.058    -6.054 r  pll_inst/inst/plle2_adv_inst/CLKOUT1
                         net (fo=1, routed)           2.128    -3.926    pll_inst/inst/clk_out2_pll
    BUFGCTRL_X0Y0        BUFG (Prop_bufg_I_O)         0.093    -3.833 r  pll_inst/inst/clkout2_buf/O
                         net (fo=2864, routed)        1.565    -2.268    student_top_inst/Core_cpu/cpu_core/if_id_inst/clk_out2
    SLICE_X67Y95         FDRE                                         r  student_top_inst/Core_cpu/cpu_core/if_id_inst/inst_o_reg[24]/C
  -------------------------------------------------------------------    -------------------
    SLICE_X67Y95         FDRE (Prop_fdre_C_Q)         0.204    -2.064 f  student_top_inst/Core_cpu/cpu_core/if_id_inst/inst_o_reg[24]/Q
                         net (fo=50, routed)          0.612    -1.452    student_top_inst/Core_cpu/cpu_core/if_id_inst/Q[9]
    SLICE_X66Y95         LUT6 (Prop_lut6_I0_O)        0.126    -1.326 f  student_top_inst/Core_cpu/cpu_core/if_id_inst/flush_ifid_o_inst_i_53/O
                         net (fo=1, routed)           0.164    -1.163    student_top_inst/Core_cpu/cpu_core/if_id_inst/flush_ifid_o_inst_i_53_n_0
    SLICE_X66Y95         LUT6 (Prop_lut6_I0_O)        0.043    -1.120 f  student_top_inst/Core_cpu/cpu_core/if_id_inst/flush_ifid_o_inst_i_44/O
                         net (fo=1, routed)           0.192    -0.928    student_top_inst/Core_cpu/cpu_core/if_id_inst/flush_ifid_o_inst_i_44_n_0
    SLICE_X63Y95         LUT5 (Prop_lut5_I4_O)        0.043    -0.885 r  student_top_inst/Core_cpu/cpu_core/if_id_inst/flush_ifid_o_inst_i_30/O
                         net (fo=1, routed)           0.185    -0.700    student_top_inst/Core_cpu/cpu_core/if_id_inst/flush_ifid_o_inst_i_30_n_0
    SLICE_X62Y94         LUT4 (Prop_lut4_I2_O)        0.043    -0.657 r  student_top_inst/Core_cpu/cpu_core/if_id_inst/flush_ifid_o_inst_i_14/O
                         net (fo=3, routed)           0.278    -0.378    student_top_inst/Core_cpu/cpu_core/mem2_align_inst/dff_inst/inst_o[13]_rep__20_i_2
    SLICE_X65Y95         LUT6 (Prop_lut6_I5_O)        0.043    -0.335 r  student_top_inst/Core_cpu/cpu_core/mem2_align_inst/dff_inst/flush_ifid_o_inst_i_7/O
                         net (fo=58, routed)          0.512     0.177    student_top_inst/Core_cpu/cpu_core/if_id_inst/branch_offset_o_reg[12]_0
    SLICE_X67Y96         LUT6 (Prop_lut6_I5_O)        0.043     0.220 r  student_top_inst/Core_cpu/cpu_core/if_id_inst/inst_o[31]_i_5/O
                         net (fo=4, routed)           0.340     0.560    student_top_inst/Core_cpu/cpu_core/if_id_inst/hdu_flush_flag_o
    SLICE_X68Y97         LUT3 (Prop_lut3_I0_O)        0.043     0.603 r  student_top_inst/Core_cpu/cpu_core/if_id_inst/inst_o[31]_i_4/O
                         net (fo=152, routed)         0.661     1.263    student_top_inst/Core_cpu/cpu_core/if_id_inst/inst_o[31]_i_4_n_0
    SLICE_X80Y98         LUT4 (Prop_lut4_I3_O)        0.043     1.306 f  student_top_inst/Core_cpu/cpu_core/if_id_inst/inst_o[12]_rep__29_i_1/O
                         net (fo=8, routed)           0.544     1.851    student_top_inst/Core_cpu/cpu_core/id_ex_inst/inst_o_reg[12]_rep__36_0
    SLICE_X90Y101        FDRE                                         f  student_top_inst/Core_cpu/cpu_core/id_ex_inst/inst_o_reg[12]_rep__30/D
  -------------------------------------------------------------------    -------------------

                         (clock clk_out2_pll rise edge)
                                                      4.516     4.516 r  
    AD12                                              0.000     4.516 r  i_sys_clk_p (IN)
                         net (fo=0)                   0.000     4.516    pll_inst/inst/clk_in1_p
    AD12                 IBUFDS (Prop_ibufds_I_O)     0.803     5.320 r  pll_inst/inst/clkin1_ibufgds/O
                         net (fo=1, routed)           1.001     6.321    pll_inst/inst/clk_in1_pll
    PLLE2_ADV_X1Y1       PLLE2_ADV (Prop_plle2_adv_CLKIN1_CLKOUT1)
                                                     -7.261    -0.940 r  pll_inst/inst/plle2_adv_inst/CLKOUT1
                         net (fo=1, routed)           2.003     1.063    pll_inst/inst/clk_out2_pll
    BUFGCTRL_X0Y0        BUFG (Prop_bufg_I_O)         0.083     1.146 r  pll_inst/inst/clkout2_buf/O
                         net (fo=2864, routed)        1.272     2.418    student_top_inst/Core_cpu/cpu_core/id_ex_inst/clk_out2
    SLICE_X90Y101        FDRE                                         r  student_top_inst/Core_cpu/cpu_core/id_ex_inst/inst_o_reg[12]_rep__30/C
                         clock pessimism             -0.448     1.970    
                         clock uncertainty           -0.058     1.911    
    SLICE_X90Y101        FDRE (Setup_fdre_C_D)       -0.010     1.901    student_top_inst/Core_cpu/cpu_core/id_ex_inst/inst_o_reg[12]_rep__30
  -------------------------------------------------------------------
                         required time                          1.901    
                         arrival time                          -1.851    
  -------------------------------------------------------------------
                         slack                                  0.051    

Slack (MET) :             0.056ns  (required time - arrival time)
  Source:                 student_top_inst/Core_cpu/cpu_core/id_ex_inst/rs1_addr_o_reg[3]/C
                            (rising edge-triggered cell FDRE clocked by clk_out2_pll  {rise@0.000ns fall@2.258ns period=4.516ns})
  Destination:            student_top_inst/Core_cpu/cpu_core/ex_mem_inst/dff_rd_data/data_o_reg[23]/D
                            (rising edge-triggered cell FDRE clocked by clk_out2_pll  {rise@0.000ns fall@2.258ns period=4.516ns})
  Path Group:             clk_out2_pll
  Path Type:              Setup (Max at Slow Process Corner)
  Requirement:            4.516ns  (clk_out2_pll rise@4.516ns - clk_out2_pll rise@0.000ns)
  Data Path Delay:        4.387ns  (logic 1.234ns (28.132%)  route 3.153ns (71.868%))
  Logic Levels:           15  (CARRY4=6 LUT2=1 LUT3=1 LUT4=1 LUT5=1 LUT6=5)
  Clock Path Skew:        -0.049ns (DCD - SCD + CPR)
    Destination Clock Delay (DCD):    -2.109ns = ( 2.408 - 4.516 ) 
    Source Clock Delay      (SCD):    -2.434ns
    Clock Pessimism Removal (CPR):    -0.375ns
  Clock Uncertainty:      0.058ns  ((TSJ^2 + DJ^2)^1/2) / 2 + PE
    Total System Jitter     (TSJ):    0.071ns
    Discrete Jitter          (DJ):    0.093ns
    Phase Error              (PE):    0.000ns

    Location             Delay type                Incr(ns)  Path(ns)    Netlist Resource(s)
  -------------------------------------------------------------------    -------------------
                         (clock clk_out2_pll rise edge)
                                                      0.000     0.000 r  
    AD12                                              0.000     0.000 r  i_sys_clk_p (IN)
                         net (fo=0)                   0.000     0.000    pll_inst/inst/clk_in1_p
    AD12                 IBUFDS (Prop_ibufds_I_O)     0.906     0.906 r  pll_inst/inst/clkin1_ibufgds/O
                         net (fo=1, routed)           1.098     2.004    pll_inst/inst/clk_in1_pll
    PLLE2_ADV_X1Y1       PLLE2_ADV (Prop_plle2_adv_CLKIN1_CLKOUT1)
                                                     -8.058    -6.054 r  pll_inst/inst/plle2_adv_inst/CLKOUT1
                         net (fo=1, routed)           2.128    -3.926    pll_inst/inst/clk_out2_pll
    BUFGCTRL_X0Y0        BUFG (Prop_bufg_I_O)         0.093    -3.833 r  pll_inst/inst/clkout2_buf/O
                         net (fo=2864, routed)        1.399    -2.434    student_top_inst/Core_cpu/cpu_core/id_ex_inst/clk_out2
    SLICE_X81Y108        FDRE                                         r  student_top_inst/Core_cpu/cpu_core/id_ex_inst/rs1_addr_o_reg[3]/C
  -------------------------------------------------------------------    -------------------
    SLICE_X81Y108        FDRE (Prop_fdre_C_Q)         0.223    -2.211 r  student_top_inst/Core_cpu/cpu_core/id_ex_inst/rs1_addr_o_reg[3]/Q
                         net (fo=3, routed)           0.484    -1.727    student_top_inst/Core_cpu/cpu_core/id_ex_inst/rs1_addr_o_reg[4]_0[3]
    SLICE_X81Y108        LUT6 (Prop_lut6_I2_O)        0.043    -1.684 r  student_top_inst/Core_cpu/cpu_core/id_ex_inst/rs1_match_ex_mem_inst_i_6/O
                         net (fo=1, routed)           0.101    -1.583    student_top_inst/Core_cpu/cpu_core/id_ex_inst/rs1_match_ex_mem_inst_i_6_n_0
    SLICE_X81Y108        LUT5 (Prop_lut5_I0_O)        0.043    -1.540 r  student_top_inst/Core_cpu/cpu_core/id_ex_inst/rs1_match_ex_mem_inst_i_4/O
                         net (fo=57, routed)          0.745    -0.795    student_top_inst/Core_cpu/cpu_core/id_ex_inst/forwarding_inst/in020_out
    SLICE_X85Y104        LUT6 (Prop_lut6_I5_O)        0.043    -0.752 r  student_top_inst/Core_cpu/cpu_core/id_ex_inst/rs1_match_ex_mem_inst_rep__39_i_1/O
                         net (fo=4, routed)           0.301    -0.451    student_top_inst/Core_cpu/cpu_core/id_ex_inst/rs1_match_ex_mem_inst_rep__39_i_1_n_0
    SLICE_X86Y104        LUT3 (Prop_lut3_I1_O)        0.043    -0.408 r  student_top_inst/Core_cpu/cpu_core/id_ex_inst/data_o[4]_i_17/O
                         net (fo=4, routed)           0.363    -0.045    student_top_inst/Core_cpu/cpu_core/id_ex_inst/data_o_reg[3]
    SLICE_X90Y105        LUT2 (Prop_lut2_I0_O)        0.043    -0.002 r  student_top_inst/Core_cpu/cpu_core/id_ex_inst/data_o[0]_i_56/O
                         net (fo=1, routed)           0.000    -0.002    student_top_inst/Core_cpu/cpu_core/id_ex_inst/data_o[0]_i_56_n_0
    SLICE_X90Y105        CARRY4 (Prop_carry4_S[3]_CO[3])
                                                      0.180     0.178 r  student_top_inst/Core_cpu/cpu_core/id_ex_inst/data_o_reg[0]_i_24/CO[3]
                         net (fo=1, routed)           0.000     0.178    student_top_inst/Core_cpu/cpu_core/id_ex_inst/data_o_reg[0]_i_24_n_0
    SLICE_X90Y106        CARRY4 (Prop_carry4_CI_CO[3])
                                                      0.054     0.232 r  student_top_inst/Core_cpu/cpu_core/id_ex_inst/data_o_reg[7]_i_15/CO[3]
                         net (fo=1, routed)           0.000     0.232    student_top_inst/Core_cpu/cpu_core/id_ex_inst/data_o_reg[7]_i_15_n_0
    SLICE_X90Y107        CARRY4 (Prop_carry4_CI_CO[3])
                                                      0.054     0.286 r  student_top_inst/Core_cpu/cpu_core/id_ex_inst/data_o_reg[11]_i_15/CO[3]
                         net (fo=1, routed)           0.000     0.286    student_top_inst/Core_cpu/cpu_core/id_ex_inst/data_o_reg[11]_i_15_n_0
    SLICE_X90Y108        CARRY4 (Prop_carry4_CI_CO[3])
                                                      0.054     0.340 r  student_top_inst/Core_cpu/cpu_core/id_ex_inst/data_o_reg[15]_i_15/CO[3]
                         net (fo=1, routed)           0.000     0.340    student_top_inst/Core_cpu/cpu_core/id_ex_inst/data_o_reg[15]_i_15_n_0
    SLICE_X90Y109        CARRY4 (Prop_carry4_CI_CO[3])
                                                      0.054     0.394 r  student_top_inst/Core_cpu/cpu_core/id_ex_inst/data_o_reg[19]_i_15/CO[3]
                         net (fo=1, routed)           0.000     0.394    student_top_inst/Core_cpu/cpu_core/id_ex_inst/data_o_reg[19]_i_15_n_0
    SLICE_X90Y110        CARRY4 (Prop_carry4_CI_O[3])
                                                      0.151     0.545 r  student_top_inst/Core_cpu/cpu_core/id_ex_inst/data_o_reg[23]_i_15/O[3]
                         net (fo=1, routed)           0.370     0.915    student_top_inst/Core_cpu/cpu_core/id_ex_inst/ex_inst/data1[23]
    SLICE_X88Y114        LUT6 (Prop_lut6_I1_O)        0.120     1.035 r  student_top_inst/Core_cpu/cpu_core/id_ex_inst/data_o[23]_i_7/O
                         net (fo=1, routed)           0.413     1.448    student_top_inst/Core_cpu/cpu_core/id_ex_inst/data_o[23]_i_7_n_0
    SLICE_X87Y116        LUT6 (Prop_lut6_I5_O)        0.043     1.491 f  student_top_inst/Core_cpu/cpu_core/id_ex_inst/data_o[23]_i_3__0/O
                         net (fo=1, routed)           0.274     1.765    student_top_inst/Core_cpu/cpu_core/id_ex_inst/data_o[23]_i_3__0_n_0
    SLICE_X87Y117        LUT6 (Prop_lut6_I1_O)        0.043     1.808 r  student_top_inst/Core_cpu/cpu_core/id_ex_inst/data_o[23]_i_2__0/O
                         net (fo=1, routed)           0.101     1.909    student_top_inst/Core_cpu/cpu_core/ex_inst/rv32m_iter_inst/data_o_reg[23]
    SLICE_X87Y117        LUT4 (Prop_lut4_I1_O)        0.043     1.952 r  student_top_inst/Core_cpu/cpu_core/ex_inst/rv32m_iter_inst/data_o[23]_i_1__2/O
                         net (fo=1, routed)           0.000     1.952    student_top_inst/Core_cpu/cpu_core/ex_mem_inst/dff_rd_data/data_o_reg[23]_3
    SLICE_X87Y117        FDRE                                         r  student_top_inst/Core_cpu/cpu_core/ex_mem_inst/dff_rd_data/data_o_reg[23]/D
  -------------------------------------------------------------------    -------------------

                         (clock clk_out2_pll rise edge)
                                                      4.516     4.516 r  
    AD12                                              0.000     4.516 r  i_sys_clk_p (IN)
                         net (fo=0)                   0.000     4.516    pll_inst/inst/clk_in1_p
    AD12                 IBUFDS (Prop_ibufds_I_O)     0.803     5.320 r  pll_inst/inst/clkin1_ibufgds/O
                         net (fo=1, routed)           1.001     6.321    pll_inst/inst/clk_in1_pll
    PLLE2_ADV_X1Y1       PLLE2_ADV (Prop_plle2_adv_CLKIN1_CLKOUT1)
                                                     -7.261    -0.940 r  pll_inst/inst/plle2_adv_inst/CLKOUT1
                         net (fo=1, routed)           2.003     1.063    pll_inst/inst/clk_out2_pll
    BUFGCTRL_X0Y0        BUFG (Prop_bufg_I_O)         0.083     1.146 r  pll_inst/inst/clkout2_buf/O
                         net (fo=2864, routed)        1.262     2.408    student_top_inst/Core_cpu/cpu_core/ex_mem_inst/dff_rd_data/clk_out2
    SLICE_X87Y117        FDRE                                         r  student_top_inst/Core_cpu/cpu_core/ex_mem_inst/dff_rd_data/data_o_reg[23]/C
                         clock pessimism             -0.375     2.033    
                         clock uncertainty           -0.058     1.974    
    SLICE_X87Y117        FDRE (Setup_fdre_C_D)        0.034     2.008    student_top_inst/Core_cpu/cpu_core/ex_mem_inst/dff_rd_data/data_o_reg[23]
  -------------------------------------------------------------------
                         required time                          2.008    
                         arrival time                          -1.952    
  -------------------------------------------------------------------
                         slack                                  0.056    

Slack (MET) :             16.641ns  (required time - arrival time)
  Source:                 uart_inst/rx_data_reg[0]/C
                            (rising edge-triggered cell FDCE clocked by clk_out1_pll  {rise@0.000ns fall@10.000ns period=20.000ns})
  Destination:            twin_controller_inst/sw_reg[46]/D
                            (rising edge-triggered cell FDCE clocked by clk_out1_pll  {rise@0.000ns fall@10.000ns period=20.000ns})
  Path Group:             clk_out1_pll
  Path Type:              Setup (Max at Slow Process Corner)
  Requirement:            20.000ns  (clk_out1_pll rise@20.000ns - clk_out1_pll rise@0.000ns)
  Data Path Delay:        3.301ns  (logic 0.500ns (15.145%)  route 2.801ns (84.855%))
  Logic Levels:           4  (LUT2=1 LUT3=1 LUT6=2)
  Clock Path Skew:        -0.055ns (DCD - SCD + CPR)
    Destination Clock Delay (DCD):    -1.937ns = ( 18.063 - 20.000 ) 
    Source Clock Delay      (SCD):    -2.254ns
    Clock Pessimism Removal (CPR):    -0.373ns
  Clock Uncertainty:      0.069ns  ((TSJ^2 + DJ^2)^1/2) / 2 + PE
    Total System Jitter     (TSJ):    0.071ns
    Discrete Jitter          (DJ):    0.118ns
    Phase Error              (PE):    0.000ns

    Location             Delay type                Incr(ns)  Path(ns)    Netlist Resource(s)
  -------------------------------------------------------------------    -------------------
                         (clock clk_out1_pll rise edge)
                                                      0.000     0.000 r  
    AD12                                              0.000     0.000 r  i_sys_clk_p (IN)
                         net (fo=0)                   0.000     0.000    pll_inst/inst/clk_in1_p
    AD12                 IBUFDS (Prop_ibufds_I_O)     0.906     0.906 r  pll_inst/inst/clkin1_ibufgds/O
                         net (fo=1, routed)           1.098     2.004    pll_inst/inst/clk_in1_pll
    PLLE2_ADV_X1Y1       PLLE2_ADV (Prop_plle2_adv_CLKIN1_CLKOUT0)
                                                     -8.058    -6.054 r  pll_inst/inst/plle2_adv_inst/CLKOUT0
                         net (fo=1, routed)           2.128    -3.926    pll_inst/inst/clk_out1_pll
    BUFGCTRL_X0Y1        BUFG (Prop_bufg_I_O)         0.093    -3.833 r  pll_inst/inst/clkout1_buf/O
                         net (fo=546, routed)         1.579    -2.254    uart_inst/clk_out1
    SLICE_X105Y83        FDCE                                         r  uart_inst/rx_data_reg[0]/C
  -------------------------------------------------------------------    -------------------
    SLICE_X105Y83        FDCE (Prop_fdce_C_Q)         0.223    -2.031 f  uart_inst/rx_data_reg[0]/Q
                         net (fo=47, routed)          0.897    -1.134    uart_inst/rx_data[0]
    SLICE_X97Y82         LUT3 (Prop_lut3_I1_O)        0.054    -1.080 r  uart_inst/sw[63]_i_4/O
                         net (fo=3, routed)           0.449    -0.631    uart_inst/sw[63]_i_4_n_0
    SLICE_X99Y83         LUT6 (Prop_lut6_I1_O)        0.137    -0.494 r  uart_inst/sw[62]_i_3/O
                         net (fo=4, routed)           0.448    -0.046    uart_inst/sw[62]_i_3_n_0
    SLICE_X97Y82         LUT2 (Prop_lut2_I0_O)        0.043    -0.003 r  uart_inst/sw[62]_i_2/O
                         net (fo=32, routed)          1.008     1.004    uart_inst/sw[62]_i_2_n_0
    SLICE_X86Y84         LUT6 (Prop_lut6_I2_O)        0.043     1.047 r  uart_inst/sw[46]_i_1/O
                         net (fo=1, routed)           0.000     1.047    twin_controller_inst/sw_reg[46]_0
    SLICE_X86Y84         FDCE                                         r  twin_controller_inst/sw_reg[46]/D
  -------------------------------------------------------------------    -------------------

                         (clock clk_out1_pll rise edge)
                                                     20.000    20.000 r  
    AD12                                              0.000    20.000 r  i_sys_clk_p (IN)
                         net (fo=0)                   0.000    20.000    pll_inst/inst/clk_in1_p
    AD12                 IBUFDS (Prop_ibufds_I_O)     0.803    20.803 r  pll_inst/inst/clkin1_ibufgds/O
                         net (fo=1, routed)           1.001    21.804    pll_inst/inst/clk_in1_pll
    PLLE2_ADV_X1Y1       PLLE2_ADV (Prop_plle2_adv_CLKIN1_CLKOUT0)
                                                     -7.261    14.543 r  pll_inst/inst/plle2_adv_inst/CLKOUT0
                         net (fo=1, routed)           2.003    16.546    pll_inst/inst/clk_out1_pll
    BUFGCTRL_X0Y1        BUFG (Prop_bufg_I_O)         0.083    16.629 r  pll_inst/inst/clkout1_buf/O
                         net (fo=546, routed)         1.434    18.063    twin_controller_inst/CLK
    SLICE_X86Y84         FDCE                                         r  twin_controller_inst/sw_reg[46]/C
                         clock pessimism             -0.373    17.691    
                         clock uncertainty           -0.069    17.622    
    SLICE_X86Y84         FDCE (Setup_fdce_C_D)        0.066    17.688    twin_controller_inst/sw_reg[46]
  -------------------------------------------------------------------
                         required time                         17.688    
                         arrival time                          -1.047    
  -------------------------------------------------------------------
                         slack                                 16.641    

Slack (MET) :             16.641ns  (required time - arrival time)
  Source:                 uart_inst/rx_data_reg[0]/C
                            (rising edge-triggered cell FDCE clocked by clk_out1_pll  {rise@0.000ns fall@10.000ns period=20.000ns})
  Destination:            twin_controller_inst/sw_reg[46]/D
                            (rising edge-triggered cell FDCE clocked by clk_out1_pll  {rise@0.000ns fall@10.000ns period=20.000ns})
  Path Group:             clk_out1_pll
  Path Type:              Setup (Max at Slow Process Corner)
  Requirement:            20.000ns  (clk_out1_pll rise@20.000ns - clk_out1_pll rise@0.000ns)
  Data Path Delay:        3.301ns  (logic 0.500ns (15.145%)  route 2.801ns (84.855%))
  Logic Levels:           4  (LUT2=1 LUT3=1 LUT6=2)
  Clock Path Skew:        -0.055ns (DCD - SCD + CPR)
    Destination Clock Delay (DCD):    -1.937ns = ( 18.063 - 20.000 ) 
    Source Clock Delay      (SCD):    -2.254ns
    Clock Pessimism Removal (CPR):    -0.373ns
  Clock Uncertainty:      0.069ns  ((TSJ^2 + DJ^2)^1/2) / 2 + PE
    Total System Jitter     (TSJ):    0.071ns
    Discrete Jitter          (DJ):    0.118ns
    Phase Error              (PE):    0.000ns

    Location             Delay type                Incr(ns)  Path(ns)    Netlist Resource(s)
  -------------------------------------------------------------------    -------------------
                         (clock clk_out1_pll rise edge)
                                                      0.000     0.000 r  
    AD12                                              0.000     0.000 r  i_sys_clk_p (IN)
                         net (fo=0)                   0.000     0.000    pll_inst/inst/clk_in1_p
    AD12                 IBUFDS (Prop_ibufds_I_O)     0.906     0.906 r  pll_inst/inst/clkin1_ibufgds/O
                         net (fo=1, routed)           1.098     2.004    pll_inst/inst/clk_in1_pll
    PLLE2_ADV_X1Y1       PLLE2_ADV (Prop_plle2_adv_CLKIN1_CLKOUT0)
                                                     -8.058    -6.054 r  pll_inst/inst/plle2_adv_inst/CLKOUT0
                         net (fo=1, routed)           2.128    -3.926    pll_inst/inst/clk_out1_pll
    BUFGCTRL_X0Y1        BUFG (Prop_bufg_I_O)         0.093    -3.833 r  pll_inst/inst/clkout1_buf/O
                         net (fo=546, routed)         1.579    -2.254    uart_inst/clk_out1
    SLICE_X105Y83        FDCE                                         r  uart_inst/rx_data_reg[0]/C
  -------------------------------------------------------------------    -------------------
    SLICE_X105Y83        FDCE (Prop_fdce_C_Q)         0.223    -2.031 r  uart_inst/rx_data_reg[0]/Q
                         net (fo=47, routed)          0.897    -1.134    uart_inst/rx_data[0]
    SLICE_X97Y82         LUT3 (Prop_lut3_I1_O)        0.054    -1.080 f  uart_inst/sw[63]_i_4/O
                         net (fo=3, routed)           0.449    -0.631    uart_inst/sw[63]_i_4_n_0
    SLICE_X99Y83         LUT6 (Prop_lut6_I1_O)        0.137    -0.494 r  uart_inst/sw[62]_i_3/O
                         net (fo=4, routed)           0.448    -0.046    uart_inst/sw[62]_i_3_n_0
    SLICE_X97Y82         LUT2 (Prop_lut2_I0_O)        0.043    -0.003 r  uart_inst/sw[62]_i_2/O
                         net (fo=32, routed)          1.008     1.004    uart_inst/sw[62]_i_2_n_0
    SLICE_X86Y84         LUT6 (Prop_lut6_I2_O)        0.043     1.047 r  uart_inst/sw[46]_i_1/O
                         net (fo=1, routed)           0.000     1.047    twin_controller_inst/sw_reg[46]_0
    SLICE_X86Y84         FDCE                                         r  twin_controller_inst/sw_reg[46]/D
  -------------------------------------------------------------------    -------------------

                         (clock clk_out1_pll rise edge)
                                                     20.000    20.000 r  
    AD12                                              0.000    20.000 r  i_sys_clk_p (IN)
                         net (fo=0)                   0.000    20.000    pll_inst/inst/clk_in1_p
    AD12                 IBUFDS (Prop_ibufds_I_O)     0.803    20.803 r  pll_inst/inst/clkin1_ibufgds/O
                         net (fo=1, routed)           1.001    21.804    pll_inst/inst/clk_in1_pll
    PLLE2_ADV_X1Y1       PLLE2_ADV (Prop_plle2_adv_CLKIN1_CLKOUT0)
                                                     -7.261    14.543 r  pll_inst/inst/plle2_adv_inst/CLKOUT0
                         net (fo=1, routed)           2.003    16.546    pll_inst/inst/clk_out1_pll
    BUFGCTRL_X0Y1        BUFG (Prop_bufg_I_O)         0.083    16.629 r  pll_inst/inst/clkout1_buf/O
                         net (fo=546, routed)         1.434    18.063    twin_controller_inst/CLK
    SLICE_X86Y84         FDCE                                         r  twin_controller_inst/sw_reg[46]/C
                         clock pessimism             -0.373    17.691    
                         clock uncertainty           -0.069    17.622    
    SLICE_X86Y84         FDCE (Setup_fdce_C_D)        0.066    17.688    twin_controller_inst/sw_reg[46]
  -------------------------------------------------------------------
                         required time                         17.688    
                         arrival time                          -1.047    
  -------------------------------------------------------------------
                         slack                                 16.641    

Slack (MET) :             16.641ns  (required time - arrival time)
  Source:                 uart_inst/rx_data_reg[0]/C
                            (rising edge-triggered cell FDCE clocked by clk_out1_pll  {rise@0.000ns fall@10.000ns period=20.000ns})
  Destination:            twin_controller_inst/sw_reg[46]/D
                            (rising edge-triggered cell FDCE clocked by clk_out1_pll  {rise@0.000ns fall@10.000ns period=20.000ns})
  Path Group:             clk_out1_pll
  Path Type:              Setup (Max at Slow Process Corner)
  Requirement:            20.000ns  (clk_out1_pll rise@20.000ns - clk_out1_pll rise@0.000ns)
  Data Path Delay:        3.301ns  (logic 0.500ns (15.145%)  route 2.801ns (84.855%))
  Logic Levels:           4  (LUT2=1 LUT3=1 LUT6=2)
  Clock Path Skew:        -0.055ns (DCD - SCD + CPR)
    Destination Clock Delay (DCD):    -1.937ns = ( 18.063 - 20.000 ) 
    Source Clock Delay      (SCD):    -2.254ns
    Clock Pessimism Removal (CPR):    -0.373ns
  Clock Uncertainty:      0.069ns  ((TSJ^2 + DJ^2)^1/2) / 2 + PE
    Total System Jitter     (TSJ):    0.071ns
    Discrete Jitter          (DJ):    0.118ns
    Phase Error              (PE):    0.000ns

    Location             Delay type                Incr(ns)  Path(ns)    Netlist Resource(s)
  -------------------------------------------------------------------    -------------------
                         (clock clk_out1_pll rise edge)
                                                      0.000     0.000 r  
    AD12                                              0.000     0.000 r  i_sys_clk_p (IN)
                         net (fo=0)                   0.000     0.000    pll_inst/inst/clk_in1_p
    AD12                 IBUFDS (Prop_ibufds_I_O)     0.906     0.906 r  pll_inst/inst/clkin1_ibufgds/O
                         net (fo=1, routed)           1.098     2.004    pll_inst/inst/clk_in1_pll
    PLLE2_ADV_X1Y1       PLLE2_ADV (Prop_plle2_adv_CLKIN1_CLKOUT0)
                                                     -8.058    -6.054 r  pll_inst/inst/plle2_adv_inst/CLKOUT0
                         net (fo=1, routed)           2.128    -3.926    pll_inst/inst/clk_out1_pll
    BUFGCTRL_X0Y1        BUFG (Prop_bufg_I_O)         0.093    -3.833 r  pll_inst/inst/clkout1_buf/O
                         net (fo=546, routed)         1.579    -2.254    uart_inst/clk_out1
    SLICE_X105Y83        FDCE                                         r  uart_inst/rx_data_reg[0]/C
  -------------------------------------------------------------------    -------------------
    SLICE_X105Y83        FDCE (Prop_fdce_C_Q)         0.223    -2.031 f  uart_inst/rx_data_reg[0]/Q
                         net (fo=47, routed)          0.897    -1.134    uart_inst/rx_data[0]
    SLICE_X97Y82         LUT3 (Prop_lut3_I1_O)        0.054    -1.080 r  uart_inst/sw[63]_i_4/O
                         net (fo=3, routed)           0.449    -0.631    uart_inst/sw[63]_i_4_n_0
    SLICE_X99Y83         LUT6 (Prop_lut6_I1_O)        0.137    -0.494 f  uart_inst/sw[62]_i_3/O
                         net (fo=4, routed)           0.448    -0.046    uart_inst/sw[62]_i_3_n_0
    SLICE_X97Y82         LUT2 (Prop_lut2_I0_O)        0.043    -0.003 f  uart_inst/sw[62]_i_2/O
                         net (fo=32, routed)          1.008     1.004    uart_inst/sw[62]_i_2_n_0
    SLICE_X86Y84         LUT6 (Prop_lut6_I2_O)        0.043     1.047 r  uart_inst/sw[46]_i_1/O
                         net (fo=1, routed)           0.000     1.047    twin_controller_inst/sw_reg[46]_0
    SLICE_X86Y84         FDCE                                         r  twin_controller_inst/sw_reg[46]/D
  -------------------------------------------------------------------    -------------------

                         (clock clk_out1_pll rise edge)
                                                     20.000    20.000 r  
    AD12                                              0.000    20.000 r  i_sys_clk_p (IN)
                         net (fo=0)                   0.000    20.000    pll_inst/inst/clk_in1_p
    AD12                 IBUFDS (Prop_ibufds_I_O)     0.803    20.803 r  pll_inst/inst/clkin1_ibufgds/O
                         net (fo=1, routed)           1.001    21.804    pll_inst/inst/clk_in1_pll
    PLLE2_ADV_X1Y1       PLLE2_ADV (Prop_plle2_adv_CLKIN1_CLKOUT0)
                                                     -7.261    14.543 r  pll_inst/inst/plle2_adv_inst/CLKOUT0
                         net (fo=1, routed)           2.003    16.546    pll_inst/inst/clk_out1_pll
    BUFGCTRL_X0Y1        BUFG (Prop_bufg_I_O)         0.083    16.629 r  pll_inst/inst/clkout1_buf/O
                         net (fo=546, routed)         1.434    18.063    twin_controller_inst/CLK
    SLICE_X86Y84         FDCE                                         r  twin_controller_inst/sw_reg[46]/C
                         clock pessimism             -0.373    17.691    
                         clock uncertainty           -0.069    17.622    
    SLICE_X86Y84         FDCE (Setup_fdce_C_D)        0.066    17.688    twin_controller_inst/sw_reg[46]
  -------------------------------------------------------------------
                         required time                         17.688    
                         arrival time                          -1.047    
  -------------------------------------------------------------------
                         slack                                 16.641    

Slack (MET) :             16.641ns  (required time - arrival time)
  Source:                 uart_inst/rx_data_reg[0]/C
                            (rising edge-triggered cell FDCE clocked by clk_out1_pll  {rise@0.000ns fall@10.000ns period=20.000ns})
  Destination:            twin_controller_inst/sw_reg[46]/D
                            (rising edge-triggered cell FDCE clocked by clk_out1_pll  {rise@0.000ns fall@10.000ns period=20.000ns})
  Path Group:             clk_out1_pll
  Path Type:              Setup (Max at Slow Process Corner)
  Requirement:            20.000ns  (clk_out1_pll rise@20.000ns - clk_out1_pll rise@0.000ns)
  Data Path Delay:        3.301ns  (logic 0.500ns (15.145%)  route 2.801ns (84.855%))
  Logic Levels:           4  (LUT2=1 LUT3=1 LUT6=2)
  Clock Path Skew:        -0.055ns (DCD - SCD + CPR)
    Destination Clock Delay (DCD):    -1.937ns = ( 18.063 - 20.000 ) 
    Source Clock Delay      (SCD):    -2.254ns
    Clock Pessimism Removal (CPR):    -0.373ns
  Clock Uncertainty:      0.069ns  ((TSJ^2 + DJ^2)^1/2) / 2 + PE
    Total System Jitter     (TSJ):    0.071ns
    Discrete Jitter          (DJ):    0.118ns
    Phase Error              (PE):    0.000ns

    Location             Delay type                Incr(ns)  Path(ns)    Netlist Resource(s)
  -------------------------------------------------------------------    -------------------
                         (clock clk_out1_pll rise edge)
                                                      0.000     0.000 r  
    AD12                                              0.000     0.000 r  i_sys_clk_p (IN)
                         net (fo=0)                   0.000     0.000    pll_inst/inst/clk_in1_p
    AD12                 IBUFDS (Prop_ibufds_I_O)     0.906     0.906 r  pll_inst/inst/clkin1_ibufgds/O
                         net (fo=1, routed)           1.098     2.004    pll_inst/inst/clk_in1_pll
    PLLE2_ADV_X1Y1       PLLE2_ADV (Prop_plle2_adv_CLKIN1_CLKOUT0)
                                                     -8.058    -6.054 r  pll_inst/inst/plle2_adv_inst/CLKOUT0
                         net (fo=1, routed)           2.128    -3.926    pll_inst/inst/clk_out1_pll
    BUFGCTRL_X0Y1        BUFG (Prop_bufg_I_O)         0.093    -3.833 r  pll_inst/inst/clkout1_buf/O
                         net (fo=546, routed)         1.579    -2.254    uart_inst/clk_out1
    SLICE_X105Y83        FDCE                                         r  uart_inst/rx_data_reg[0]/C
  -------------------------------------------------------------------    -------------------
    SLICE_X105Y83        FDCE (Prop_fdce_C_Q)         0.223    -2.031 r  uart_inst/rx_data_reg[0]/Q
                         net (fo=47, routed)          0.897    -1.134    uart_inst/rx_data[0]
    SLICE_X97Y82         LUT3 (Prop_lut3_I1_O)        0.054    -1.080 f  uart_inst/sw[63]_i_4/O
                         net (fo=3, routed)           0.449    -0.631    uart_inst/sw[63]_i_4_n_0
    SLICE_X99Y83         LUT6 (Prop_lut6_I1_O)        0.137    -0.494 f  uart_inst/sw[62]_i_3/O
                         net (fo=4, routed)           0.448    -0.046    uart_inst/sw[62]_i_3_n_0
    SLICE_X97Y82         LUT2 (Prop_lut2_I0_O)        0.043    -0.003 f  uart_inst/sw[62]_i_2/O
                         net (fo=32, routed)          1.008     1.004    uart_inst/sw[62]_i_2_n_0
    SLICE_X86Y84         LUT6 (Prop_lut6_I2_O)        0.043     1.047 r  uart_inst/sw[46]_i_1/O
                         net (fo=1, routed)           0.000     1.047    twin_controller_inst/sw_reg[46]_0
    SLICE_X86Y84         FDCE                                         r  twin_controller_inst/sw_reg[46]/D
  -------------------------------------------------------------------    -------------------

                         (clock clk_out1_pll rise edge)
                                                     20.000    20.000 r  
    AD12                                              0.000    20.000 r  i_sys_clk_p (IN)
                         net (fo=0)                   0.000    20.000    pll_inst/inst/clk_in1_p
    AD12                 IBUFDS (Prop_ibufds_I_O)     0.803    20.803 r  pll_inst/inst/clkin1_ibufgds/O
                         net (fo=1, routed)           1.001    21.804    pll_inst/inst/clk_in1_pll
    PLLE2_ADV_X1Y1       PLLE2_ADV (Prop_plle2_adv_CLKIN1_CLKOUT0)
                                                     -7.261    14.543 r  pll_inst/inst/plle2_adv_inst/CLKOUT0
                         net (fo=1, routed)           2.003    16.546    pll_inst/inst/clk_out1_pll
    BUFGCTRL_X0Y1        BUFG (Prop_bufg_I_O)         0.083    16.629 r  pll_inst/inst/clkout1_buf/O
                         net (fo=546, routed)         1.434    18.063    twin_controller_inst/CLK
    SLICE_X86Y84         FDCE                                         r  twin_controller_inst/sw_reg[46]/C
                         clock pessimism             -0.373    17.691    
                         clock uncertainty           -0.069    17.622    
    SLICE_X86Y84         FDCE (Setup_fdce_C_D)        0.066    17.688    twin_controller_inst/sw_reg[46]
  -------------------------------------------------------------------
                         required time                         17.688    
                         arrival time                          -1.047    
  -------------------------------------------------------------------
                         slack                                 16.641    

Slack (MET) :             16.641ns  (required time - arrival time)
  Source:                 uart_inst/rx_data_reg[0]/C
                            (rising edge-triggered cell FDCE clocked by clk_out1_pll  {rise@0.000ns fall@10.000ns period=20.000ns})
  Destination:            twin_controller_inst/sw_reg[46]/D
                            (rising edge-triggered cell FDCE clocked by clk_out1_pll  {rise@0.000ns fall@10.000ns period=20.000ns})
  Path Group:             clk_out1_pll
  Path Type:              Setup (Max at Slow Process Corner)
  Requirement:            20.000ns  (clk_out1_pll rise@20.000ns - clk_out1_pll rise@0.000ns)
  Data Path Delay:        3.301ns  (logic 0.500ns (15.145%)  route 2.801ns (84.855%))
  Logic Levels:           4  (LUT2=1 LUT3=1 LUT6=2)
  Clock Path Skew:        -0.055ns (DCD - SCD + CPR)
    Destination Clock Delay (DCD):    -1.937ns = ( 18.063 - 20.000 ) 
    Source Clock Delay      (SCD):    -2.254ns
    Clock Pessimism Removal (CPR):    -0.373ns
  Clock Uncertainty:      0.069ns  ((TSJ^2 + DJ^2)^1/2) / 2 + PE
    Total System Jitter     (TSJ):    0.071ns
    Discrete Jitter          (DJ):    0.118ns
    Phase Error              (PE):    0.000ns

    Location             Delay type                Incr(ns)  Path(ns)    Netlist Resource(s)
  -------------------------------------------------------------------    -------------------
                         (clock clk_out1_pll rise edge)
                                                      0.000     0.000 r  
    AD12                                              0.000     0.000 r  i_sys_clk_p (IN)
                         net (fo=0)                   0.000     0.000    pll_inst/inst/clk_in1_p
    AD12                 IBUFDS (Prop_ibufds_I_O)     0.906     0.906 r  pll_inst/inst/clkin1_ibufgds/O
                         net (fo=1, routed)           1.098     2.004    pll_inst/inst/clk_in1_pll
    PLLE2_ADV_X1Y1       PLLE2_ADV (Prop_plle2_adv_CLKIN1_CLKOUT0)
                                                     -8.058    -6.054 r  pll_inst/inst/plle2_adv_inst/CLKOUT0
                         net (fo=1, routed)           2.128    -3.926    pll_inst/inst/clk_out1_pll
    BUFGCTRL_X0Y1        BUFG (Prop_bufg_I_O)         0.093    -3.833 r  pll_inst/inst/clkout1_buf/O
                         net (fo=546, routed)         1.579    -2.254    uart_inst/clk_out1
    SLICE_X105Y83        FDCE                                         r  uart_inst/rx_data_reg[0]/C
  -------------------------------------------------------------------    -------------------
    SLICE_X105Y83        FDCE (Prop_fdce_C_Q)         0.223    -2.031 f  uart_inst/rx_data_reg[0]/Q
                         net (fo=47, routed)          0.897    -1.134    uart_inst/rx_data[0]
    SLICE_X97Y82         LUT3 (Prop_lut3_I1_O)        0.054    -1.080 r  uart_inst/sw[63]_i_4/O
                         net (fo=3, routed)           0.449    -0.631    uart_inst/sw[63]_i_4_n_0
    SLICE_X99Y83         LUT6 (Prop_lut6_I1_O)        0.137    -0.494 r  uart_inst/sw[62]_i_3/O
                         net (fo=4, routed)           0.448    -0.046    uart_inst/sw[62]_i_3_n_0
    SLICE_X97Y82         LUT2 (Prop_lut2_I0_O)        0.043    -0.003 r  uart_inst/sw[62]_i_2/O
                         net (fo=32, routed)          1.008     1.004    uart_inst/sw[62]_i_2_n_0
    SLICE_X86Y84         LUT6 (Prop_lut6_I2_O)        0.043     1.047 f  uart_inst/sw[46]_i_1/O
                         net (fo=1, routed)           0.000     1.047    twin_controller_inst/sw_reg[46]_0
    SLICE_X86Y84         FDCE                                         f  twin_controller_inst/sw_reg[46]/D
  -------------------------------------------------------------------    -------------------

                         (clock clk_out1_pll rise edge)
                                                     20.000    20.000 r  
    AD12                                              0.000    20.000 r  i_sys_clk_p (IN)
                         net (fo=0)                   0.000    20.000    pll_inst/inst/clk_in1_p
    AD12                 IBUFDS (Prop_ibufds_I_O)     0.803    20.803 r  pll_inst/inst/clkin1_ibufgds/O
                         net (fo=1, routed)           1.001    21.804    pll_inst/inst/clk_in1_pll
    PLLE2_ADV_X1Y1       PLLE2_ADV (Prop_plle2_adv_CLKIN1_CLKOUT0)
                                                     -7.261    14.543 r  pll_inst/inst/plle2_adv_inst/CLKOUT0
                         net (fo=1, routed)           2.003    16.546    pll_inst/inst/clk_out1_pll
    BUFGCTRL_X0Y1        BUFG (Prop_bufg_I_O)         0.083    16.629 r  pll_inst/inst/clkout1_buf/O
                         net (fo=546, routed)         1.434    18.063    twin_controller_inst/CLK
    SLICE_X86Y84         FDCE                                         r  twin_controller_inst/sw_reg[46]/C
                         clock pessimism             -0.373    17.691    
                         clock uncertainty           -0.069    17.622    
    SLICE_X86Y84         FDCE (Setup_fdce_C_D)        0.066    17.688    twin_controller_inst/sw_reg[46]
  -------------------------------------------------------------------
                         required time                         17.688    
                         arrival time                          -1.047    
  -------------------------------------------------------------------
                         slack                                 16.641    

Slack (MET) :             16.720ns  (required time - arrival time)
  Source:                 uart_inst/rx_data_reg[0]/C
                            (rising edge-triggered cell FDCE clocked by clk_out1_pll  {rise@0.000ns fall@10.000ns period=20.000ns})
  Destination:            twin_controller_inst/sw_reg[45]/D
                            (rising edge-triggered cell FDCE clocked by clk_out1_pll  {rise@0.000ns fall@10.000ns period=20.000ns})
  Path Group:             clk_out1_pll
  Path Type:              Setup (Max at Slow Process Corner)
  Requirement:            20.000ns  (clk_out1_pll rise@20.000ns - clk_out1_pll rise@0.000ns)
  Data Path Delay:        3.222ns  (logic 0.500ns (15.519%)  route 2.722ns (84.481%))
  Logic Levels:           4  (LUT2=1 LUT3=1 LUT6=2)
  Clock Path Skew:        -0.055ns (DCD - SCD + CPR)
    Destination Clock Delay (DCD):    -1.937ns = ( 18.063 - 20.000 ) 
    Source Clock Delay      (SCD):    -2.254ns
    Clock Pessimism Removal (CPR):    -0.373ns
  Clock Uncertainty:      0.069ns  ((TSJ^2 + DJ^2)^1/2) / 2 + PE
    Total System Jitter     (TSJ):    0.071ns
    Discrete Jitter          (DJ):    0.118ns
    Phase Error              (PE):    0.000ns

    Location             Delay type                Incr(ns)  Path(ns)    Netlist Resource(s)
  -------------------------------------------------------------------    -------------------
                         (clock clk_out1_pll rise edge)
                                                      0.000     0.000 r  
    AD12                                              0.000     0.000 r  i_sys_clk_p (IN)
                         net (fo=0)                   0.000     0.000    pll_inst/inst/clk_in1_p
    AD12                 IBUFDS (Prop_ibufds_I_O)     0.906     0.906 r  pll_inst/inst/clkin1_ibufgds/O
                         net (fo=1, routed)           1.098     2.004    pll_inst/inst/clk_in1_pll
    PLLE2_ADV_X1Y1       PLLE2_ADV (Prop_plle2_adv_CLKIN1_CLKOUT0)
                                                     -8.058    -6.054 r  pll_inst/inst/plle2_adv_inst/CLKOUT0
                         net (fo=1, routed)           2.128    -3.926    pll_inst/inst/clk_out1_pll
    BUFGCTRL_X0Y1        BUFG (Prop_bufg_I_O)         0.093    -3.833 r  pll_inst/inst/clkout1_buf/O
                         net (fo=546, routed)         1.579    -2.254    uart_inst/clk_out1
    SLICE_X105Y83        FDCE                                         r  uart_inst/rx_data_reg[0]/C
  -------------------------------------------------------------------    -------------------
    SLICE_X105Y83        FDCE (Prop_fdce_C_Q)         0.223    -2.031 f  uart_inst/rx_data_reg[0]/Q
                         net (fo=47, routed)          0.897    -1.134    uart_inst/rx_data[0]
    SLICE_X97Y82         LUT3 (Prop_lut3_I1_O)        0.054    -1.080 r  uart_inst/sw[63]_i_4/O
                         net (fo=3, routed)           0.449    -0.631    uart_inst/sw[63]_i_4_n_0
    SLICE_X99Y83         LUT6 (Prop_lut6_I1_O)        0.137    -0.494 r  uart_inst/sw[62]_i_3/O
                         net (fo=4, routed)           0.448    -0.046    uart_inst/sw[62]_i_3_n_0
    SLICE_X97Y82         LUT2 (Prop_lut2_I0_O)        0.043    -0.003 r  uart_inst/sw[62]_i_2/O
                         net (fo=32, routed)          0.928     0.925    uart_inst/sw[62]_i_2_n_0
    SLICE_X86Y84         LUT6 (Prop_lut6_I2_O)        0.043     0.968 r  uart_inst/sw[45]_i_1/O
                         net (fo=1, routed)           0.000     0.968    twin_controller_inst/sw_reg[45]_0
    SLICE_X86Y84         FDCE                                         r  twin_controller_inst/sw_reg[45]/D
  -------------------------------------------------------------------    -------------------

                         (clock clk_out1_pll rise edge)
                                                     20.000    20.000 r  
    AD12                                              0.000    20.000 r  i_sys_clk_p (IN)
                         net (fo=0)                   0.000    20.000    pll_inst/inst/clk_in1_p
    AD12                 IBUFDS (Prop_ibufds_I_O)     0.803    20.803 r  pll_inst/inst/clkin1_ibufgds/O
                         net (fo=1, routed)           1.001    21.804    pll_inst/inst/clk_in1_pll
    PLLE2_ADV_X1Y1       PLLE2_ADV (Prop_plle2_adv_CLKIN1_CLKOUT0)
                                                     -7.261    14.543 r  pll_inst/inst/plle2_adv_inst/CLKOUT0
                         net (fo=1, routed)           2.003    16.546    pll_inst/inst/clk_out1_pll
    BUFGCTRL_X0Y1        BUFG (Prop_bufg_I_O)         0.083    16.629 r  pll_inst/inst/clkout1_buf/O
                         net (fo=546, routed)         1.434    18.063    twin_controller_inst/CLK
    SLICE_X86Y84         FDCE                                         r  twin_controller_inst/sw_reg[45]/C
                         clock pessimism             -0.373    17.691    
                         clock uncertainty           -0.069    17.622    
    SLICE_X86Y84         FDCE (Setup_fdce_C_D)        0.066    17.688    twin_controller_inst/sw_reg[45]
  -------------------------------------------------------------------
                         required time                         17.688    
                         arrival time                          -0.968    
  -------------------------------------------------------------------
                         slack                                 16.720    

Slack (MET) :             16.720ns  (required time - arrival time)
  Source:                 uart_inst/rx_data_reg[0]/C
                            (rising edge-triggered cell FDCE clocked by clk_out1_pll  {rise@0.000ns fall@10.000ns period=20.000ns})
  Destination:            twin_controller_inst/sw_reg[45]/D
                            (rising edge-triggered cell FDCE clocked by clk_out1_pll  {rise@0.000ns fall@10.000ns period=20.000ns})
  Path Group:             clk_out1_pll
  Path Type:              Setup (Max at Slow Process Corner)
  Requirement:            20.000ns  (clk_out1_pll rise@20.000ns - clk_out1_pll rise@0.000ns)
  Data Path Delay:        3.222ns  (logic 0.500ns (15.519%)  route 2.722ns (84.481%))
  Logic Levels:           4  (LUT2=1 LUT3=1 LUT6=2)
  Clock Path Skew:        -0.055ns (DCD - SCD + CPR)
    Destination Clock Delay (DCD):    -1.937ns = ( 18.063 - 20.000 ) 
    Source Clock Delay      (SCD):    -2.254ns
    Clock Pessimism Removal (CPR):    -0.373ns
  Clock Uncertainty:      0.069ns  ((TSJ^2 + DJ^2)^1/2) / 2 + PE
    Total System Jitter     (TSJ):    0.071ns
    Discrete Jitter          (DJ):    0.118ns
    Phase Error              (PE):    0.000ns

    Location             Delay type                Incr(ns)  Path(ns)    Netlist Resource(s)
  -------------------------------------------------------------------    -------------------
                         (clock clk_out1_pll rise edge)
                                                      0.000     0.000 r  
    AD12                                              0.000     0.000 r  i_sys_clk_p (IN)
                         net (fo=0)                   0.000     0.000    pll_inst/inst/clk_in1_p
    AD12                 IBUFDS (Prop_ibufds_I_O)     0.906     0.906 r  pll_inst/inst/clkin1_ibufgds/O
                         net (fo=1, routed)           1.098     2.004    pll_inst/inst/clk_in1_pll
    PLLE2_ADV_X1Y1       PLLE2_ADV (Prop_plle2_adv_CLKIN1_CLKOUT0)
                                                     -8.058    -6.054 r  pll_inst/inst/plle2_adv_inst/CLKOUT0
                         net (fo=1, routed)           2.128    -3.926    pll_inst/inst/clk_out1_pll
    BUFGCTRL_X0Y1        BUFG (Prop_bufg_I_O)         0.093    -3.833 r  pll_inst/inst/clkout1_buf/O
                         net (fo=546, routed)         1.579    -2.254    uart_inst/clk_out1
    SLICE_X105Y83        FDCE                                         r  uart_inst/rx_data_reg[0]/C
  -------------------------------------------------------------------    -------------------
    SLICE_X105Y83        FDCE (Prop_fdce_C_Q)         0.223    -2.031 r  uart_inst/rx_data_reg[0]/Q
                         net (fo=47, routed)          0.897    -1.134    uart_inst/rx_data[0]
    SLICE_X97Y82         LUT3 (Prop_lut3_I1_O)        0.054    -1.080 f  uart_inst/sw[63]_i_4/O
                         net (fo=3, routed)           0.449    -0.631    uart_inst/sw[63]_i_4_n_0
    SLICE_X99Y83         LUT6 (Prop_lut6_I1_O)        0.137    -0.494 r  uart_inst/sw[62]_i_3/O
                         net (fo=4, routed)           0.448    -0.046    uart_inst/sw[62]_i_3_n_0
    SLICE_X97Y82         LUT2 (Prop_lut2_I0_O)        0.043    -0.003 r  uart_inst/sw[62]_i_2/O
                         net (fo=32, routed)          0.928     0.925    uart_inst/sw[62]_i_2_n_0
    SLICE_X86Y84         LUT6 (Prop_lut6_I2_O)        0.043     0.968 r  uart_inst/sw[45]_i_1/O
                         net (fo=1, routed)           0.000     0.968    twin_controller_inst/sw_reg[45]_0
    SLICE_X86Y84         FDCE                                         r  twin_controller_inst/sw_reg[45]/D
  -------------------------------------------------------------------    -------------------

                         (clock clk_out1_pll rise edge)
                                                     20.000    20.000 r  
    AD12                                              0.000    20.000 r  i_sys_clk_p (IN)
                         net (fo=0)                   0.000    20.000    pll_inst/inst/clk_in1_p
    AD12                 IBUFDS (Prop_ibufds_I_O)     0.803    20.803 r  pll_inst/inst/clkin1_ibufgds/O
                         net (fo=1, routed)           1.001    21.804    pll_inst/inst/clk_in1_pll
    PLLE2_ADV_X1Y1       PLLE2_ADV (Prop_plle2_adv_CLKIN1_CLKOUT0)
                                                     -7.261    14.543 r  pll_inst/inst/plle2_adv_inst/CLKOUT0
                         net (fo=1, routed)           2.003    16.546    pll_inst/inst/clk_out1_pll
    BUFGCTRL_X0Y1        BUFG (Prop_bufg_I_O)         0.083    16.629 r  pll_inst/inst/clkout1_buf/O
                         net (fo=546, routed)         1.434    18.063    twin_controller_inst/CLK
    SLICE_X86Y84         FDCE                                         r  twin_controller_inst/sw_reg[45]/C
                         clock pessimism             -0.373    17.691    
                         clock uncertainty           -0.069    17.622    
    SLICE_X86Y84         FDCE (Setup_fdce_C_D)        0.066    17.688    twin_controller_inst/sw_reg[45]
  -------------------------------------------------------------------
                         required time                         17.688    
                         arrival time                          -0.968    
  -------------------------------------------------------------------
                         slack                                 16.720    

Slack (MET) :             16.720ns  (required time - arrival time)
  Source:                 uart_inst/rx_data_reg[0]/C
                            (rising edge-triggered cell FDCE clocked by clk_out1_pll  {rise@0.000ns fall@10.000ns period=20.000ns})
  Destination:            twin_controller_inst/sw_reg[45]/D
                            (rising edge-triggered cell FDCE clocked by clk_out1_pll  {rise@0.000ns fall@10.000ns period=20.000ns})
  Path Group:             clk_out1_pll
  Path Type:              Setup (Max at Slow Process Corner)
  Requirement:            20.000ns  (clk_out1_pll rise@20.000ns - clk_out1_pll rise@0.000ns)
  Data Path Delay:        3.222ns  (logic 0.500ns (15.519%)  route 2.722ns (84.481%))
  Logic Levels:           4  (LUT2=1 LUT3=1 LUT6=2)
  Clock Path Skew:        -0.055ns (DCD - SCD + CPR)
    Destination Clock Delay (DCD):    -1.937ns = ( 18.063 - 20.000 ) 
    Source Clock Delay      (SCD):    -2.254ns
    Clock Pessimism Removal (CPR):    -0.373ns
  Clock Uncertainty:      0.069ns  ((TSJ^2 + DJ^2)^1/2) / 2 + PE
    Total System Jitter     (TSJ):    0.071ns
    Discrete Jitter          (DJ):    0.118ns
    Phase Error              (PE):    0.000ns

    Location             Delay type                Incr(ns)  Path(ns)    Netlist Resource(s)
  -------------------------------------------------------------------    -------------------
                         (clock clk_out1_pll rise edge)
                                                      0.000     0.000 r  
    AD12                                              0.000     0.000 r  i_sys_clk_p (IN)
                         net (fo=0)                   0.000     0.000    pll_inst/inst/clk_in1_p
    AD12                 IBUFDS (Prop_ibufds_I_O)     0.906     0.906 r  pll_inst/inst/clkin1_ibufgds/O
                         net (fo=1, routed)           1.098     2.004    pll_inst/inst/clk_in1_pll
    PLLE2_ADV_X1Y1       PLLE2_ADV (Prop_plle2_adv_CLKIN1_CLKOUT0)
                                                     -8.058    -6.054 r  pll_inst/inst/plle2_adv_inst/CLKOUT0
                         net (fo=1, routed)           2.128    -3.926    pll_inst/inst/clk_out1_pll
    BUFGCTRL_X0Y1        BUFG (Prop_bufg_I_O)         0.093    -3.833 r  pll_inst/inst/clkout1_buf/O
                         net (fo=546, routed)         1.579    -2.254    uart_inst/clk_out1
    SLICE_X105Y83        FDCE                                         r  uart_inst/rx_data_reg[0]/C
  -------------------------------------------------------------------    -------------------
    SLICE_X105Y83        FDCE (Prop_fdce_C_Q)         0.223    -2.031 f  uart_inst/rx_data_reg[0]/Q
                         net (fo=47, routed)          0.897    -1.134    uart_inst/rx_data[0]
    SLICE_X97Y82         LUT3 (Prop_lut3_I1_O)        0.054    -1.080 r  uart_inst/sw[63]_i_4/O
                         net (fo=3, routed)           0.449    -0.631    uart_inst/sw[63]_i_4_n_0
    SLICE_X99Y83         LUT6 (Prop_lut6_I1_O)        0.137    -0.494 f  uart_inst/sw[62]_i_3/O
                         net (fo=4, routed)           0.448    -0.046    uart_inst/sw[62]_i_3_n_0
    SLICE_X97Y82         LUT2 (Prop_lut2_I0_O)        0.043    -0.003 f  uart_inst/sw[62]_i_2/O
                         net (fo=32, routed)          0.928     0.925    uart_inst/sw[62]_i_2_n_0
    SLICE_X86Y84         LUT6 (Prop_lut6_I2_O)        0.043     0.968 r  uart_inst/sw[45]_i_1/O
                         net (fo=1, routed)           0.000     0.968    twin_controller_inst/sw_reg[45]_0
    SLICE_X86Y84         FDCE                                         r  twin_controller_inst/sw_reg[45]/D
  -------------------------------------------------------------------    -------------------

                         (clock clk_out1_pll rise edge)
                                                     20.000    20.000 r  
    AD12                                              0.000    20.000 r  i_sys_clk_p (IN)
                         net (fo=0)                   0.000    20.000    pll_inst/inst/clk_in1_p
    AD12                 IBUFDS (Prop_ibufds_I_O)     0.803    20.803 r  pll_inst/inst/clkin1_ibufgds/O
                         net (fo=1, routed)           1.001    21.804    pll_inst/inst/clk_in1_pll
    PLLE2_ADV_X1Y1       PLLE2_ADV (Prop_plle2_adv_CLKIN1_CLKOUT0)
                                                     -7.261    14.543 r  pll_inst/inst/plle2_adv_inst/CLKOUT0
                         net (fo=1, routed)           2.003    16.546    pll_inst/inst/clk_out1_pll
    BUFGCTRL_X0Y1        BUFG (Prop_bufg_I_O)         0.083    16.629 r  pll_inst/inst/clkout1_buf/O
                         net (fo=546, routed)         1.434    18.063    twin_controller_inst/CLK
    SLICE_X86Y84         FDCE                                         r  twin_controller_inst/sw_reg[45]/C
                         clock pessimism             -0.373    17.691    
                         clock uncertainty           -0.069    17.622    
    SLICE_X86Y84         FDCE (Setup_fdce_C_D)        0.066    17.688    twin_controller_inst/sw_reg[45]
  -------------------------------------------------------------------
                         required time                         17.688    
                         arrival time                          -0.968    
  -------------------------------------------------------------------
                         slack                                 16.720    

Slack (MET) :             16.720ns  (required time - arrival time)
  Source:                 uart_inst/rx_data_reg[0]/C
                            (rising edge-triggered cell FDCE clocked by clk_out1_pll  {rise@0.000ns fall@10.000ns period=20.000ns})
  Destination:            twin_controller_inst/sw_reg[45]/D
                            (rising edge-triggered cell FDCE clocked by clk_out1_pll  {rise@0.000ns fall@10.000ns period=20.000ns})
  Path Group:             clk_out1_pll
  Path Type:              Setup (Max at Slow Process Corner)
  Requirement:            20.000ns  (clk_out1_pll rise@20.000ns - clk_out1_pll rise@0.000ns)
  Data Path Delay:        3.222ns  (logic 0.500ns (15.519%)  route 2.722ns (84.481%))
  Logic Levels:           4  (LUT2=1 LUT3=1 LUT6=2)
  Clock Path Skew:        -0.055ns (DCD - SCD + CPR)
    Destination Clock Delay (DCD):    -1.937ns = ( 18.063 - 20.000 ) 
    Source Clock Delay      (SCD):    -2.254ns
    Clock Pessimism Removal (CPR):    -0.373ns
  Clock Uncertainty:      0.069ns  ((TSJ^2 + DJ^2)^1/2) / 2 + PE
    Total System Jitter     (TSJ):    0.071ns
    Discrete Jitter          (DJ):    0.118ns
    Phase Error              (PE):    0.000ns

    Location             Delay type                Incr(ns)  Path(ns)    Netlist Resource(s)
  -------------------------------------------------------------------    -------------------
                         (clock clk_out1_pll rise edge)
                                                      0.000     0.000 r  
    AD12                                              0.000     0.000 r  i_sys_clk_p (IN)
                         net (fo=0)                   0.000     0.000    pll_inst/inst/clk_in1_p
    AD12                 IBUFDS (Prop_ibufds_I_O)     0.906     0.906 r  pll_inst/inst/clkin1_ibufgds/O
                         net (fo=1, routed)           1.098     2.004    pll_inst/inst/clk_in1_pll
    PLLE2_ADV_X1Y1       PLLE2_ADV (Prop_plle2_adv_CLKIN1_CLKOUT0)
                                                     -8.058    -6.054 r  pll_inst/inst/plle2_adv_inst/CLKOUT0
                         net (fo=1, routed)           2.128    -3.926    pll_inst/inst/clk_out1_pll
    BUFGCTRL_X0Y1        BUFG (Prop_bufg_I_O)         0.093    -3.833 r  pll_inst/inst/clkout1_buf/O
                         net (fo=546, routed)         1.579    -2.254    uart_inst/clk_out1
    SLICE_X105Y83        FDCE                                         r  uart_inst/rx_data_reg[0]/C
  -------------------------------------------------------------------    -------------------
    SLICE_X105Y83        FDCE (Prop_fdce_C_Q)         0.223    -2.031 r  uart_inst/rx_data_reg[0]/Q
                         net (fo=47, routed)          0.897    -1.134    uart_inst/rx_data[0]
    SLICE_X97Y82         LUT3 (Prop_lut3_I1_O)        0.054    -1.080 f  uart_inst/sw[63]_i_4/O
                         net (fo=3, routed)           0.449    -0.631    uart_inst/sw[63]_i_4_n_0
    SLICE_X99Y83         LUT6 (Prop_lut6_I1_O)        0.137    -0.494 f  uart_inst/sw[62]_i_3/O
                         net (fo=4, routed)           0.448    -0.046    uart_inst/sw[62]_i_3_n_0
    SLICE_X97Y82         LUT2 (Prop_lut2_I0_O)        0.043    -0.003 f  uart_inst/sw[62]_i_2/O
                         net (fo=32, routed)          0.928     0.925    uart_inst/sw[62]_i_2_n_0
    SLICE_X86Y84         LUT6 (Prop_lut6_I2_O)        0.043     0.968 r  uart_inst/sw[45]_i_1/O
                         net (fo=1, routed)           0.000     0.968    twin_controller_inst/sw_reg[45]_0
    SLICE_X86Y84         FDCE                                         r  twin_controller_inst/sw_reg[45]/D
  -------------------------------------------------------------------    -------------------

                         (clock clk_out1_pll rise edge)
                                                     20.000    20.000 r  
    AD12                                              0.000    20.000 r  i_sys_clk_p (IN)
                         net (fo=0)                   0.000    20.000    pll_inst/inst/clk_in1_p
    AD12                 IBUFDS (Prop_ibufds_I_O)     0.803    20.803 r  pll_inst/inst/clkin1_ibufgds/O
                         net (fo=1, routed)           1.001    21.804    pll_inst/inst/clk_in1_pll
    PLLE2_ADV_X1Y1       PLLE2_ADV (Prop_plle2_adv_CLKIN1_CLKOUT0)
                                                     -7.261    14.543 r  pll_inst/inst/plle2_adv_inst/CLKOUT0
                         net (fo=1, routed)           2.003    16.546    pll_inst/inst/clk_out1_pll
    BUFGCTRL_X0Y1        BUFG (Prop_bufg_I_O)         0.083    16.629 r  pll_inst/inst/clkout1_buf/O
                         net (fo=546, routed)         1.434    18.063    twin_controller_inst/CLK
    SLICE_X86Y84         FDCE                                         r  twin_controller_inst/sw_reg[45]/C
                         clock pessimism             -0.373    17.691    
                         clock uncertainty           -0.069    17.622    
    SLICE_X86Y84         FDCE (Setup_fdce_C_D)        0.066    17.688    twin_controller_inst/sw_reg[45]
  -------------------------------------------------------------------
                         required time                         17.688    
                         arrival time                          -0.968    
  -------------------------------------------------------------------
                         slack                                 16.720    

Slack (MET) :             16.720ns  (required time - arrival time)
  Source:                 uart_inst/rx_data_reg[0]/C
                            (rising edge-triggered cell FDCE clocked by clk_out1_pll  {rise@0.000ns fall@10.000ns period=20.000ns})
  Destination:            twin_controller_inst/sw_reg[45]/D
                            (rising edge-triggered cell FDCE clocked by clk_out1_pll  {rise@0.000ns fall@10.000ns period=20.000ns})
  Path Group:             clk_out1_pll
  Path Type:              Setup (Max at Slow Process Corner)
  Requirement:            20.000ns  (clk_out1_pll rise@20.000ns - clk_out1_pll rise@0.000ns)
  Data Path Delay:        3.222ns  (logic 0.500ns (15.519%)  route 2.722ns (84.481%))
  Logic Levels:           4  (LUT2=1 LUT3=1 LUT6=2)
  Clock Path Skew:        -0.055ns (DCD - SCD + CPR)
    Destination Clock Delay (DCD):    -1.937ns = ( 18.063 - 20.000 ) 
    Source Clock Delay      (SCD):    -2.254ns
    Clock Pessimism Removal (CPR):    -0.373ns
  Clock Uncertainty:      0.069ns  ((TSJ^2 + DJ^2)^1/2) / 2 + PE
    Total System Jitter     (TSJ):    0.071ns
    Discrete Jitter          (DJ):    0.118ns
    Phase Error              (PE):    0.000ns

    Location             Delay type                Incr(ns)  Path(ns)    Netlist Resource(s)
  -------------------------------------------------------------------    -------------------
                         (clock clk_out1_pll rise edge)
                                                      0.000     0.000 r  
    AD12                                              0.000     0.000 r  i_sys_clk_p (IN)
                         net (fo=0)                   0.000     0.000    pll_inst/inst/clk_in1_p
    AD12                 IBUFDS (Prop_ibufds_I_O)     0.906     0.906 r  pll_inst/inst/clkin1_ibufgds/O
                         net (fo=1, routed)           1.098     2.004    pll_inst/inst/clk_in1_pll
    PLLE2_ADV_X1Y1       PLLE2_ADV (Prop_plle2_adv_CLKIN1_CLKOUT0)
                                                     -8.058    -6.054 r  pll_inst/inst/plle2_adv_inst/CLKOUT0
                         net (fo=1, routed)           2.128    -3.926    pll_inst/inst/clk_out1_pll
    BUFGCTRL_X0Y1        BUFG (Prop_bufg_I_O)         0.093    -3.833 r  pll_inst/inst/clkout1_buf/O
                         net (fo=546, routed)         1.579    -2.254    uart_inst/clk_out1
    SLICE_X105Y83        FDCE                                         r  uart_inst/rx_data_reg[0]/C
  -------------------------------------------------------------------    -------------------
    SLICE_X105Y83        FDCE (Prop_fdce_C_Q)         0.223    -2.031 f  uart_inst/rx_data_reg[0]/Q
                         net (fo=47, routed)          0.897    -1.134    uart_inst/rx_data[0]
    SLICE_X97Y82         LUT3 (Prop_lut3_I1_O)        0.054    -1.080 r  uart_inst/sw[63]_i_4/O
                         net (fo=3, routed)           0.449    -0.631    uart_inst/sw[63]_i_4_n_0
    SLICE_X99Y83         LUT6 (Prop_lut6_I1_O)        0.137    -0.494 r  uart_inst/sw[62]_i_3/O
                         net (fo=4, routed)           0.448    -0.046    uart_inst/sw[62]_i_3_n_0
    SLICE_X97Y82         LUT2 (Prop_lut2_I0_O)        0.043    -0.003 r  uart_inst/sw[62]_i_2/O
                         net (fo=32, routed)          0.928     0.925    uart_inst/sw[62]_i_2_n_0
    SLICE_X86Y84         LUT6 (Prop_lut6_I2_O)        0.043     0.968 f  uart_inst/sw[45]_i_1/O
                         net (fo=1, routed)           0.000     0.968    twin_controller_inst/sw_reg[45]_0
    SLICE_X86Y84         FDCE                                         f  twin_controller_inst/sw_reg[45]/D
  -------------------------------------------------------------------    -------------------

                         (clock clk_out1_pll rise edge)
                                                     20.000    20.000 r  
    AD12                                              0.000    20.000 r  i_sys_clk_p (IN)
                         net (fo=0)                   0.000    20.000    pll_inst/inst/clk_in1_p
    AD12                 IBUFDS (Prop_ibufds_I_O)     0.803    20.803 r  pll_inst/inst/clkin1_ibufgds/O
                         net (fo=1, routed)           1.001    21.804    pll_inst/inst/clk_in1_pll
    PLLE2_ADV_X1Y1       PLLE2_ADV (Prop_plle2_adv_CLKIN1_CLKOUT0)
                                                     -7.261    14.543 r  pll_inst/inst/plle2_adv_inst/CLKOUT0
                         net (fo=1, routed)           2.003    16.546    pll_inst/inst/clk_out1_pll
    BUFGCTRL_X0Y1        BUFG (Prop_bufg_I_O)         0.083    16.629 r  pll_inst/inst/clkout1_buf/O
                         net (fo=546, routed)         1.434    18.063    twin_controller_inst/CLK
    SLICE_X86Y84         FDCE                                         r  twin_controller_inst/sw_reg[45]/C
                         clock pessimism             -0.373    17.691    
                         clock uncertainty           -0.069    17.622    
    SLICE_X86Y84         FDCE (Setup_fdce_C_D)        0.066    17.688    twin_controller_inst/sw_reg[45]
  -------------------------------------------------------------------
                         required time                         17.688    
                         arrival time                          -0.968    
  -------------------------------------------------------------------
                         slack                                 16.720    

Slack (MET) :             16.752ns  (required time - arrival time)
  Source:                 uart_inst/rx_data_reg[0]/C
                            (rising edge-triggered cell FDCE clocked by clk_out1_pll  {rise@0.000ns fall@10.000ns period=20.000ns})
  Destination:            twin_controller_inst/sw_reg[8]/D
                            (rising edge-triggered cell FDCE clocked by clk_out1_pll  {rise@0.000ns fall@10.000ns period=20.000ns})
  Path Group:             clk_out1_pll
  Path Type:              Setup (Max at Slow Process Corner)
  Requirement:            20.000ns  (clk_out1_pll rise@20.000ns - clk_out1_pll rise@0.000ns)
  Data Path Delay:        3.161ns  (logic 0.500ns (15.818%)  route 2.661ns (84.182%))
  Logic Levels:           4  (LUT3=1 LUT4=2 LUT6=1)
  Clock Path Skew:        -0.052ns (DCD - SCD + CPR)
    Destination Clock Delay (DCD):    -1.934ns = ( 18.066 - 20.000 ) 
    Source Clock Delay      (SCD):    -2.254ns
    Clock Pessimism Removal (CPR):    -0.373ns
  Clock Uncertainty:      0.069ns  ((TSJ^2 + DJ^2)^1/2) / 2 + PE
    Total System Jitter     (TSJ):    0.071ns
    Discrete Jitter          (DJ):    0.118ns
    Phase Error              (PE):    0.000ns

    Location             Delay type                Incr(ns)  Path(ns)    Netlist Resource(s)
  -------------------------------------------------------------------    -------------------
                         (clock clk_out1_pll rise edge)
                                                      0.000     0.000 r  
    AD12                                              0.000     0.000 r  i_sys_clk_p (IN)
                         net (fo=0)                   0.000     0.000    pll_inst/inst/clk_in1_p
    AD12                 IBUFDS (Prop_ibufds_I_O)     0.906     0.906 r  pll_inst/inst/clkin1_ibufgds/O
                         net (fo=1, routed)           1.098     2.004    pll_inst/inst/clk_in1_pll
    PLLE2_ADV_X1Y1       PLLE2_ADV (Prop_plle2_adv_CLKIN1_CLKOUT0)
                                                     -8.058    -6.054 r  pll_inst/inst/plle2_adv_inst/CLKOUT0
                         net (fo=1, routed)           2.128    -3.926    pll_inst/inst/clk_out1_pll
    BUFGCTRL_X0Y1        BUFG (Prop_bufg_I_O)         0.093    -3.833 r  pll_inst/inst/clkout1_buf/O
                         net (fo=546, routed)         1.579    -2.254    uart_inst/clk_out1
    SLICE_X105Y83        FDCE                                         r  uart_inst/rx_data_reg[0]/C
  -------------------------------------------------------------------    -------------------
    SLICE_X105Y83        FDCE (Prop_fdce_C_Q)         0.223    -2.031 f  uart_inst/rx_data_reg[0]/Q
                         net (fo=47, routed)          0.897    -1.134    uart_inst/rx_data[0]
    SLICE_X97Y82         LUT3 (Prop_lut3_I1_O)        0.054    -1.080 r  uart_inst/sw[63]_i_4/O
                         net (fo=3, routed)           0.449    -0.631    uart_inst/sw[63]_i_4_n_0
    SLICE_X99Y83         LUT6 (Prop_lut6_I1_O)        0.137    -0.494 f  uart_inst/sw[62]_i_3/O
                         net (fo=4, routed)           0.453    -0.041    uart_inst/sw[62]_i_3_n_0
    SLICE_X97Y82         LUT4 (Prop_lut4_I2_O)        0.043     0.002 r  uart_inst/sw[56]_i_3/O
                         net (fo=8, routed)           0.862     0.864    uart_inst/sw[56]_i_3_n_0
    SLICE_X92Y83         LUT4 (Prop_lut4_I1_O)        0.043     0.907 r  uart_inst/sw[8]_i_1/O
                         net (fo=1, routed)           0.000     0.907    twin_controller_inst/sw_reg[8]_0
    SLICE_X92Y83         FDCE                                         r  twin_controller_inst/sw_reg[8]/D
  -------------------------------------------------------------------    -------------------

                         (clock clk_out1_pll rise edge)
                                                     20.000    20.000 r  
    AD12                                              0.000    20.000 r  i_sys_clk_p (IN)
                         net (fo=0)                   0.000    20.000    pll_inst/inst/clk_in1_p
    AD12                 IBUFDS (Prop_ibufds_I_O)     0.803    20.803 r  pll_inst/inst/clkin1_ibufgds/O
                         net (fo=1, routed)           1.001    21.804    pll_inst/inst/clk_in1_pll
    PLLE2_ADV_X1Y1       PLLE2_ADV (Prop_plle2_adv_CLKIN1_CLKOUT0)
                                                     -7.261    14.543 r  pll_inst/inst/plle2_adv_inst/CLKOUT0
                         net (fo=1, routed)           2.003    16.546    pll_inst/inst/clk_out1_pll
    BUFGCTRL_X0Y1        BUFG (Prop_bufg_I_O)         0.083    16.629 r  pll_inst/inst/clkout1_buf/O
                         net (fo=546, routed)         1.437    18.066    twin_controller_inst/CLK
    SLICE_X92Y83         FDCE                                         r  twin_controller_inst/sw_reg[8]/C
                         clock pessimism             -0.373    17.694    
                         clock uncertainty           -0.069    17.625    
    SLICE_X92Y83         FDCE (Setup_fdce_C_D)        0.034    17.659    twin_controller_inst/sw_reg[8]
  -------------------------------------------------------------------
                         required time                         17.659    
                         arrival time                          -0.907    
  -------------------------------------------------------------------
                         slack                                 16.752    

Slack (MET) :             16.752ns  (required time - arrival time)
  Source:                 uart_inst/rx_data_reg[0]/C
                            (rising edge-triggered cell FDCE clocked by clk_out1_pll  {rise@0.000ns fall@10.000ns period=20.000ns})
  Destination:            twin_controller_inst/sw_reg[8]/D
                            (rising edge-triggered cell FDCE clocked by clk_out1_pll  {rise@0.000ns fall@10.000ns period=20.000ns})
  Path Group:             clk_out1_pll
  Path Type:              Setup (Max at Slow Process Corner)
  Requirement:            20.000ns  (clk_out1_pll rise@20.000ns - clk_out1_pll rise@0.000ns)
  Data Path Delay:        3.161ns  (logic 0.500ns (15.818%)  route 2.661ns (84.182%))
  Logic Levels:           4  (LUT3=1 LUT4=2 LUT6=1)
  Clock Path Skew:        -0.052ns (DCD - SCD + CPR)
    Destination Clock Delay (DCD):    -1.934ns = ( 18.066 - 20.000 ) 
    Source Clock Delay      (SCD):    -2.254ns
    Clock Pessimism Removal (CPR):    -0.373ns
  Clock Uncertainty:      0.069ns  ((TSJ^2 + DJ^2)^1/2) / 2 + PE
    Total System Jitter     (TSJ):    0.071ns
    Discrete Jitter          (DJ):    0.118ns
    Phase Error              (PE):    0.000ns

    Location             Delay type                Incr(ns)  Path(ns)    Netlist Resource(s)
  -------------------------------------------------------------------    -------------------
                         (clock clk_out1_pll rise edge)
                                                      0.000     0.000 r  
    AD12                                              0.000     0.000 r  i_sys_clk_p (IN)
                         net (fo=0)                   0.000     0.000    pll_inst/inst/clk_in1_p
    AD12                 IBUFDS (Prop_ibufds_I_O)     0.906     0.906 r  pll_inst/inst/clkin1_ibufgds/O
                         net (fo=1, routed)           1.098     2.004    pll_inst/inst/clk_in1_pll
    PLLE2_ADV_X1Y1       PLLE2_ADV (Prop_plle2_adv_CLKIN1_CLKOUT0)
                                                     -8.058    -6.054 r  pll_inst/inst/plle2_adv_inst/CLKOUT0
                         net (fo=1, routed)           2.128    -3.926    pll_inst/inst/clk_out1_pll
    BUFGCTRL_X0Y1        BUFG (Prop_bufg_I_O)         0.093    -3.833 r  pll_inst/inst/clkout1_buf/O
                         net (fo=546, routed)         1.579    -2.254    uart_inst/clk_out1
    SLICE_X105Y83        FDCE                                         r  uart_inst/rx_data_reg[0]/C
  -------------------------------------------------------------------    -------------------
    SLICE_X105Y83        FDCE (Prop_fdce_C_Q)         0.223    -2.031 r  uart_inst/rx_data_reg[0]/Q
                         net (fo=47, routed)          0.897    -1.134    uart_inst/rx_data[0]
    SLICE_X97Y82         LUT3 (Prop_lut3_I1_O)        0.054    -1.080 f  uart_inst/sw[63]_i_4/O
                         net (fo=3, routed)           0.449    -0.631    uart_inst/sw[63]_i_4_n_0
    SLICE_X99Y83         LUT6 (Prop_lut6_I1_O)        0.137    -0.494 f  uart_inst/sw[62]_i_3/O
                         net (fo=4, routed)           0.453    -0.041    uart_inst/sw[62]_i_3_n_0
    SLICE_X97Y82         LUT4 (Prop_lut4_I2_O)        0.043     0.002 r  uart_inst/sw[56]_i_3/O
                         net (fo=8, routed)           0.862     0.864    uart_inst/sw[56]_i_3_n_0
    SLICE_X92Y83         LUT4 (Prop_lut4_I1_O)        0.043     0.907 r  uart_inst/sw[8]_i_1/O
                         net (fo=1, routed)           0.000     0.907    twin_controller_inst/sw_reg[8]_0
    SLICE_X92Y83         FDCE                                         r  twin_controller_inst/sw_reg[8]/D
  -------------------------------------------------------------------    -------------------

                         (clock clk_out1_pll rise edge)
                                                     20.000    20.000 r  
    AD12                                              0.000    20.000 r  i_sys_clk_p (IN)
                         net (fo=0)                   0.000    20.000    pll_inst/inst/clk_in1_p
    AD12                 IBUFDS (Prop_ibufds_I_O)     0.803    20.803 r  pll_inst/inst/clkin1_ibufgds/O
                         net (fo=1, routed)           1.001    21.804    pll_inst/inst/clk_in1_pll
    PLLE2_ADV_X1Y1       PLLE2_ADV (Prop_plle2_adv_CLKIN1_CLKOUT0)
                                                     -7.261    14.543 r  pll_inst/inst/plle2_adv_inst/CLKOUT0
                         net (fo=1, routed)           2.003    16.546    pll_inst/inst/clk_out1_pll
    BUFGCTRL_X0Y1        BUFG (Prop_bufg_I_O)         0.083    16.629 r  pll_inst/inst/clkout1_buf/O
                         net (fo=546, routed)         1.437    18.066    twin_controller_inst/CLK
    SLICE_X92Y83         FDCE                                         r  twin_controller_inst/sw_reg[8]/C
                         clock pessimism             -0.373    17.694    
                         clock uncertainty           -0.069    17.625    
    SLICE_X92Y83         FDCE (Setup_fdce_C_D)        0.034    17.659    twin_controller_inst/sw_reg[8]
  -------------------------------------------------------------------
                         required time                         17.659    
                         arrival time                          -0.907    
  -------------------------------------------------------------------
                         slack                                 16.752    

Slack (MET) :             16.752ns  (required time - arrival time)
  Source:                 uart_inst/rx_data_reg[0]/C
                            (rising edge-triggered cell FDCE clocked by clk_out1_pll  {rise@0.000ns fall@10.000ns period=20.000ns})
  Destination:            twin_controller_inst/sw_reg[8]/D
                            (rising edge-triggered cell FDCE clocked by clk_out1_pll  {rise@0.000ns fall@10.000ns period=20.000ns})
  Path Group:             clk_out1_pll
  Path Type:              Setup (Max at Slow Process Corner)
  Requirement:            20.000ns  (clk_out1_pll rise@20.000ns - clk_out1_pll rise@0.000ns)
  Data Path Delay:        3.161ns  (logic 0.500ns (15.818%)  route 2.661ns (84.182%))
  Logic Levels:           4  (LUT3=1 LUT4=2 LUT6=1)
  Clock Path Skew:        -0.052ns (DCD - SCD + CPR)
    Destination Clock Delay (DCD):    -1.934ns = ( 18.066 - 20.000 ) 
    Source Clock Delay      (SCD):    -2.254ns
    Clock Pessimism Removal (CPR):    -0.373ns
  Clock Uncertainty:      0.069ns  ((TSJ^2 + DJ^2)^1/2) / 2 + PE
    Total System Jitter     (TSJ):    0.071ns
    Discrete Jitter          (DJ):    0.118ns
    Phase Error              (PE):    0.000ns

    Location             Delay type                Incr(ns)  Path(ns)    Netlist Resource(s)
  -------------------------------------------------------------------    -------------------
                         (clock clk_out1_pll rise edge)
                                                      0.000     0.000 r  
    AD12                                              0.000     0.000 r  i_sys_clk_p (IN)
                         net (fo=0)                   0.000     0.000    pll_inst/inst/clk_in1_p
    AD12                 IBUFDS (Prop_ibufds_I_O)     0.906     0.906 r  pll_inst/inst/clkin1_ibufgds/O
                         net (fo=1, routed)           1.098     2.004    pll_inst/inst/clk_in1_pll
    PLLE2_ADV_X1Y1       PLLE2_ADV (Prop_plle2_adv_CLKIN1_CLKOUT0)
                                                     -8.058    -6.054 r  pll_inst/inst/plle2_adv_inst/CLKOUT0
                         net (fo=1, routed)           2.128    -3.926    pll_inst/inst/clk_out1_pll
    BUFGCTRL_X0Y1        BUFG (Prop_bufg_I_O)         0.093    -3.833 r  pll_inst/inst/clkout1_buf/O
                         net (fo=546, routed)         1.579    -2.254    uart_inst/clk_out1
    SLICE_X105Y83        FDCE                                         r  uart_inst/rx_data_reg[0]/C
  -------------------------------------------------------------------    -------------------
    SLICE_X105Y83        FDCE (Prop_fdce_C_Q)         0.223    -2.031 f  uart_inst/rx_data_reg[0]/Q
                         net (fo=47, routed)          0.897    -1.134    uart_inst/rx_data[0]
    SLICE_X97Y82         LUT3 (Prop_lut3_I1_O)        0.054    -1.080 r  uart_inst/sw[63]_i_4/O
                         net (fo=3, routed)           0.449    -0.631    uart_inst/sw[63]_i_4_n_0
    SLICE_X99Y83         LUT6 (Prop_lut6_I1_O)        0.137    -0.494 r  uart_inst/sw[62]_i_3/O
                         net (fo=4, routed)           0.453    -0.041    uart_inst/sw[62]_i_3_n_0
    SLICE_X97Y82         LUT4 (Prop_lut4_I2_O)        0.043     0.002 f  uart_inst/sw[56]_i_3/O
                         net (fo=8, routed)           0.862     0.864    uart_inst/sw[56]_i_3_n_0
    SLICE_X92Y83         LUT4 (Prop_lut4_I1_O)        0.043     0.907 r  uart_inst/sw[8]_i_1/O
                         net (fo=1, routed)           0.000     0.907    twin_controller_inst/sw_reg[8]_0
    SLICE_X92Y83         FDCE                                         r  twin_controller_inst/sw_reg[8]/D
  -------------------------------------------------------------------    -------------------

                         (clock clk_out1_pll rise edge)
                                                     20.000    20.000 r  
    AD12                                              0.000    20.000 r  i_sys_clk_p (IN)
                         net (fo=0)                   0.000    20.000    pll_inst/inst/clk_in1_p
    AD12                 IBUFDS (Prop_ibufds_I_O)     0.803    20.803 r  pll_inst/inst/clkin1_ibufgds/O
                         net (fo=1, routed)           1.001    21.804    pll_inst/inst/clk_in1_pll
    PLLE2_ADV_X1Y1       PLLE2_ADV (Prop_plle2_adv_CLKIN1_CLKOUT0)
                                                     -7.261    14.543 r  pll_inst/inst/plle2_adv_inst/CLKOUT0
                         net (fo=1, routed)           2.003    16.546    pll_inst/inst/clk_out1_pll
    BUFGCTRL_X0Y1        BUFG (Prop_bufg_I_O)         0.083    16.629 r  pll_inst/inst/clkout1_buf/O
                         net (fo=546, routed)         1.437    18.066    twin_controller_inst/CLK
    SLICE_X92Y83         FDCE                                         r  twin_controller_inst/sw_reg[8]/C
                         clock pessimism             -0.373    17.694    
                         clock uncertainty           -0.069    17.625    
    SLICE_X92Y83         FDCE (Setup_fdce_C_D)        0.034    17.659    twin_controller_inst/sw_reg[8]
  -------------------------------------------------------------------
                         required time                         17.659    
                         arrival time                          -0.907    
  -------------------------------------------------------------------
                         slack                                 16.752    

Slack (MET) :             16.752ns  (required time - arrival time)
  Source:                 uart_inst/rx_data_reg[0]/C
                            (rising edge-triggered cell FDCE clocked by clk_out1_pll  {rise@0.000ns fall@10.000ns period=20.000ns})
  Destination:            twin_controller_inst/sw_reg[8]/D
                            (rising edge-triggered cell FDCE clocked by clk_out1_pll  {rise@0.000ns fall@10.000ns period=20.000ns})
  Path Group:             clk_out1_pll
  Path Type:              Setup (Max at Slow Process Corner)
  Requirement:            20.000ns  (clk_out1_pll rise@20.000ns - clk_out1_pll rise@0.000ns)
  Data Path Delay:        3.161ns  (logic 0.500ns (15.818%)  route 2.661ns (84.182%))
  Logic Levels:           4  (LUT3=1 LUT4=2 LUT6=1)
  Clock Path Skew:        -0.052ns (DCD - SCD + CPR)
    Destination Clock Delay (DCD):    -1.934ns = ( 18.066 - 20.000 ) 
    Source Clock Delay      (SCD):    -2.254ns
    Clock Pessimism Removal (CPR):    -0.373ns
  Clock Uncertainty:      0.069ns  ((TSJ^2 + DJ^2)^1/2) / 2 + PE
    Total System Jitter     (TSJ):    0.071ns
    Discrete Jitter          (DJ):    0.118ns
    Phase Error              (PE):    0.000ns

    Location             Delay type                Incr(ns)  Path(ns)    Netlist Resource(s)
  -------------------------------------------------------------------    -------------------
                         (clock clk_out1_pll rise edge)
                                                      0.000     0.000 r  
    AD12                                              0.000     0.000 r  i_sys_clk_p (IN)
                         net (fo=0)                   0.000     0.000    pll_inst/inst/clk_in1_p
    AD12                 IBUFDS (Prop_ibufds_I_O)     0.906     0.906 r  pll_inst/inst/clkin1_ibufgds/O
                         net (fo=1, routed)           1.098     2.004    pll_inst/inst/clk_in1_pll
    PLLE2_ADV_X1Y1       PLLE2_ADV (Prop_plle2_adv_CLKIN1_CLKOUT0)
                                                     -8.058    -6.054 r  pll_inst/inst/plle2_adv_inst/CLKOUT0
                         net (fo=1, routed)           2.128    -3.926    pll_inst/inst/clk_out1_pll
    BUFGCTRL_X0Y1        BUFG (Prop_bufg_I_O)         0.093    -3.833 r  pll_inst/inst/clkout1_buf/O
                         net (fo=546, routed)         1.579    -2.254    uart_inst/clk_out1
    SLICE_X105Y83        FDCE                                         r  uart_inst/rx_data_reg[0]/C
  -------------------------------------------------------------------    -------------------
    SLICE_X105Y83        FDCE (Prop_fdce_C_Q)         0.223    -2.031 r  uart_inst/rx_data_reg[0]/Q
                         net (fo=47, routed)          0.897    -1.134    uart_inst/rx_data[0]
    SLICE_X97Y82         LUT3 (Prop_lut3_I1_O)        0.054    -1.080 f  uart_inst/sw[63]_i_4/O
                         net (fo=3, routed)           0.449    -0.631    uart_inst/sw[63]_i_4_n_0
    SLICE_X99Y83         LUT6 (Prop_lut6_I1_O)        0.137    -0.494 r  uart_inst/sw[62]_i_3/O
                         net (fo=4, routed)           0.453    -0.041    uart_inst/sw[62]_i_3_n_0
    SLICE_X97Y82         LUT4 (Prop_lut4_I2_O)        0.043     0.002 f  uart_inst/sw[56]_i_3/O
                         net (fo=8, routed)           0.862     0.864    uart_inst/sw[56]_i_3_n_0
    SLICE_X92Y83         LUT4 (Prop_lut4_I1_O)        0.043     0.907 r  uart_inst/sw[8]_i_1/O
                         net (fo=1, routed)           0.000     0.907    twin_controller_inst/sw_reg[8]_0
    SLICE_X92Y83         FDCE                                         r  twin_controller_inst/sw_reg[8]/D
  -------------------------------------------------------------------    -------------------

                         (clock clk_out1_pll rise edge)
                                                     20.000    20.000 r  
    AD12                                              0.000    20.000 r  i_sys_clk_p (IN)
                         net (fo=0)                   0.000    20.000    pll_inst/inst/clk_in1_p
    AD12                 IBUFDS (Prop_ibufds_I_O)     0.803    20.803 r  pll_inst/inst/clkin1_ibufgds/O
                         net (fo=1, routed)           1.001    21.804    pll_inst/inst/clk_in1_pll
    PLLE2_ADV_X1Y1       PLLE2_ADV (Prop_plle2_adv_CLKIN1_CLKOUT0)
                                                     -7.261    14.543 r  pll_inst/inst/plle2_adv_inst/CLKOUT0
                         net (fo=1, routed)           2.003    16.546    pll_inst/inst/clk_out1_pll
    BUFGCTRL_X0Y1        BUFG (Prop_bufg_I_O)         0.083    16.629 r  pll_inst/inst/clkout1_buf/O
                         net (fo=546, routed)         1.437    18.066    twin_controller_inst/CLK
    SLICE_X92Y83         FDCE                                         r  twin_controller_inst/sw_reg[8]/C
                         clock pessimism             -0.373    17.694    
                         clock uncertainty           -0.069    17.625    
    SLICE_X92Y83         FDCE (Setup_fdce_C_D)        0.034    17.659    twin_controller_inst/sw_reg[8]
  -------------------------------------------------------------------
                         required time                         17.659    
                         arrival time                          -0.907    
  -------------------------------------------------------------------
                         slack                                 16.752    

Slack (MET) :             16.752ns  (required time - arrival time)
  Source:                 uart_inst/rx_data_reg[0]/C
                            (rising edge-triggered cell FDCE clocked by clk_out1_pll  {rise@0.000ns fall@10.000ns period=20.000ns})
  Destination:            twin_controller_inst/sw_reg[8]/D
                            (rising edge-triggered cell FDCE clocked by clk_out1_pll  {rise@0.000ns fall@10.000ns period=20.000ns})
  Path Group:             clk_out1_pll
  Path Type:              Setup (Max at Slow Process Corner)
  Requirement:            20.000ns  (clk_out1_pll rise@20.000ns - clk_out1_pll rise@0.000ns)
  Data Path Delay:        3.161ns  (logic 0.500ns (15.818%)  route 2.661ns (84.182%))
  Logic Levels:           4  (LUT3=1 LUT4=2 LUT6=1)
  Clock Path Skew:        -0.052ns (DCD - SCD + CPR)
    Destination Clock Delay (DCD):    -1.934ns = ( 18.066 - 20.000 ) 
    Source Clock Delay      (SCD):    -2.254ns
    Clock Pessimism Removal (CPR):    -0.373ns
  Clock Uncertainty:      0.069ns  ((TSJ^2 + DJ^2)^1/2) / 2 + PE
    Total System Jitter     (TSJ):    0.071ns
    Discrete Jitter          (DJ):    0.118ns
    Phase Error              (PE):    0.000ns

    Location             Delay type                Incr(ns)  Path(ns)    Netlist Resource(s)
  -------------------------------------------------------------------    -------------------
                         (clock clk_out1_pll rise edge)
                                                      0.000     0.000 r  
    AD12                                              0.000     0.000 r  i_sys_clk_p (IN)
                         net (fo=0)                   0.000     0.000    pll_inst/inst/clk_in1_p
    AD12                 IBUFDS (Prop_ibufds_I_O)     0.906     0.906 r  pll_inst/inst/clkin1_ibufgds/O
                         net (fo=1, routed)           1.098     2.004    pll_inst/inst/clk_in1_pll
    PLLE2_ADV_X1Y1       PLLE2_ADV (Prop_plle2_adv_CLKIN1_CLKOUT0)
                                                     -8.058    -6.054 r  pll_inst/inst/plle2_adv_inst/CLKOUT0
                         net (fo=1, routed)           2.128    -3.926    pll_inst/inst/clk_out1_pll
    BUFGCTRL_X0Y1        BUFG (Prop_bufg_I_O)         0.093    -3.833 r  pll_inst/inst/clkout1_buf/O
                         net (fo=546, routed)         1.579    -2.254    uart_inst/clk_out1
    SLICE_X105Y83        FDCE                                         r  uart_inst/rx_data_reg[0]/C
  -------------------------------------------------------------------    -------------------
    SLICE_X105Y83        FDCE (Prop_fdce_C_Q)         0.223    -2.031 f  uart_inst/rx_data_reg[0]/Q
                         net (fo=47, routed)          0.897    -1.134    uart_inst/rx_data[0]
    SLICE_X97Y82         LUT3 (Prop_lut3_I1_O)        0.054    -1.080 r  uart_inst/sw[63]_i_4/O
                         net (fo=3, routed)           0.449    -0.631    uart_inst/sw[63]_i_4_n_0
    SLICE_X99Y83         LUT6 (Prop_lut6_I1_O)        0.137    -0.494 f  uart_inst/sw[62]_i_3/O
                         net (fo=4, routed)           0.453    -0.041    uart_inst/sw[62]_i_3_n_0
    SLICE_X97Y82         LUT4 (Prop_lut4_I2_O)        0.043     0.002 r  uart_inst/sw[56]_i_3/O
                         net (fo=8, routed)           0.862     0.864    uart_inst/sw[56]_i_3_n_0
    SLICE_X92Y83         LUT4 (Prop_lut4_I1_O)        0.043     0.907 f  uart_inst/sw[8]_i_1/O
                         net (fo=1, routed)           0.000     0.907    twin_controller_inst/sw_reg[8]_0
    SLICE_X92Y83         FDCE                                         f  twin_controller_inst/sw_reg[8]/D
  -------------------------------------------------------------------    -------------------

                         (clock clk_out1_pll rise edge)
                                                     20.000    20.000 r  
    AD12                                              0.000    20.000 r  i_sys_clk_p (IN)
                         net (fo=0)                   0.000    20.000    pll_inst/inst/clk_in1_p
    AD12                 IBUFDS (Prop_ibufds_I_O)     0.803    20.803 r  pll_inst/inst/clkin1_ibufgds/O
                         net (fo=1, routed)           1.001    21.804    pll_inst/inst/clk_in1_pll
    PLLE2_ADV_X1Y1       PLLE2_ADV (Prop_plle2_adv_CLKIN1_CLKOUT0)
                                                     -7.261    14.543 r  pll_inst/inst/plle2_adv_inst/CLKOUT0
                         net (fo=1, routed)           2.003    16.546    pll_inst/inst/clk_out1_pll
    BUFGCTRL_X0Y1        BUFG (Prop_bufg_I_O)         0.083    16.629 r  pll_inst/inst/clkout1_buf/O
                         net (fo=546, routed)         1.437    18.066    twin_controller_inst/CLK
    SLICE_X92Y83         FDCE                                         r  twin_controller_inst/sw_reg[8]/C
                         clock pessimism             -0.373    17.694    
                         clock uncertainty           -0.069    17.625    
    SLICE_X92Y83         FDCE (Setup_fdce_C_D)        0.034    17.659    twin_controller_inst/sw_reg[8]
  -------------------------------------------------------------------
                         required time                         17.659    
                         arrival time                          -0.907    
  -------------------------------------------------------------------
                         slack                                 16.752    

Slack (MET) :             16.754ns  (required time - arrival time)
  Source:                 uart_inst/rx_data_reg[0]/C
                            (rising edge-triggered cell FDCE clocked by clk_out1_pll  {rise@0.000ns fall@10.000ns period=20.000ns})
  Destination:            twin_controller_inst/sw_reg[4]/D
                            (rising edge-triggered cell FDCE clocked by clk_out1_pll  {rise@0.000ns fall@10.000ns period=20.000ns})
  Path Group:             clk_out1_pll
  Path Type:              Setup (Max at Slow Process Corner)
  Requirement:            20.000ns  (clk_out1_pll rise@20.000ns - clk_out1_pll rise@0.000ns)
  Data Path Delay:        3.155ns  (logic 0.500ns (15.850%)  route 2.655ns (84.150%))
  Logic Levels:           4  (LUT2=1 LUT3=1 LUT6=2)
  Clock Path Skew:        -0.056ns (DCD - SCD + CPR)
    Destination Clock Delay (DCD):    -1.938ns = ( 18.062 - 20.000 ) 
    Source Clock Delay      (SCD):    -2.254ns
    Clock Pessimism Removal (CPR):    -0.373ns
  Clock Uncertainty:      0.069ns  ((TSJ^2 + DJ^2)^1/2) / 2 + PE
    Total System Jitter     (TSJ):    0.071ns
    Discrete Jitter          (DJ):    0.118ns
    Phase Error              (PE):    0.000ns

    Location             Delay type                Incr(ns)  Path(ns)    Netlist Resource(s)
  -------------------------------------------------------------------    -------------------
                         (clock clk_out1_pll rise edge)
                                                      0.000     0.000 r  
    AD12                                              0.000     0.000 r  i_sys_clk_p (IN)
                         net (fo=0)                   0.000     0.000    pll_inst/inst/clk_in1_p
    AD12                 IBUFDS (Prop_ibufds_I_O)     0.906     0.906 r  pll_inst/inst/clkin1_ibufgds/O
                         net (fo=1, routed)           1.098     2.004    pll_inst/inst/clk_in1_pll
    PLLE2_ADV_X1Y1       PLLE2_ADV (Prop_plle2_adv_CLKIN1_CLKOUT0)
                                                     -8.058    -6.054 r  pll_inst/inst/plle2_adv_inst/CLKOUT0
                         net (fo=1, routed)           2.128    -3.926    pll_inst/inst/clk_out1_pll
    BUFGCTRL_X0Y1        BUFG (Prop_bufg_I_O)         0.093    -3.833 r  pll_inst/inst/clkout1_buf/O
                         net (fo=546, routed)         1.579    -2.254    uart_inst/clk_out1
    SLICE_X105Y83        FDCE                                         r  uart_inst/rx_data_reg[0]/C
  -------------------------------------------------------------------    -------------------
    SLICE_X105Y83        FDCE (Prop_fdce_C_Q)         0.223    -2.031 f  uart_inst/rx_data_reg[0]/Q
                         net (fo=47, routed)          0.897    -1.134    uart_inst/rx_data[0]
    SLICE_X97Y82         LUT3 (Prop_lut3_I1_O)        0.054    -1.080 r  uart_inst/sw[63]_i_4/O
                         net (fo=3, routed)           0.449    -0.631    uart_inst/sw[63]_i_4_n_0
    SLICE_X99Y83         LUT6 (Prop_lut6_I1_O)        0.137    -0.494 r  uart_inst/sw[62]_i_3/O
                         net (fo=4, routed)           0.448    -0.046    uart_inst/sw[62]_i_3_n_0
    SLICE_X97Y82         LUT2 (Prop_lut2_I0_O)        0.043    -0.003 r  uart_inst/sw[62]_i_2/O
                         net (fo=32, routed)          0.861     0.857    uart_inst/sw[62]_i_2_n_0
    SLICE_X85Y83         LUT6 (Prop_lut6_I2_O)        0.043     0.900 r  uart_inst/sw[4]_i_1/O
                         net (fo=1, routed)           0.000     0.900    twin_controller_inst/sw_reg[4]_0
    SLICE_X85Y83         FDCE                                         r  twin_controller_inst/sw_reg[4]/D
  -------------------------------------------------------------------    -------------------

                         (clock clk_out1_pll rise edge)
                                                     20.000    20.000 r  
    AD12                                              0.000    20.000 r  i_sys_clk_p (IN)
                         net (fo=0)                   0.000    20.000    pll_inst/inst/clk_in1_p
    AD12                 IBUFDS (Prop_ibufds_I_O)     0.803    20.803 r  pll_inst/inst/clkin1_ibufgds/O
                         net (fo=1, routed)           1.001    21.804    pll_inst/inst/clk_in1_pll
    PLLE2_ADV_X1Y1       PLLE2_ADV (Prop_plle2_adv_CLKIN1_CLKOUT0)
                                                     -7.261    14.543 r  pll_inst/inst/plle2_adv_inst/CLKOUT0
                         net (fo=1, routed)           2.003    16.546    pll_inst/inst/clk_out1_pll
    BUFGCTRL_X0Y1        BUFG (Prop_bufg_I_O)         0.083    16.629 r  pll_inst/inst/clkout1_buf/O
                         net (fo=546, routed)         1.433    18.062    twin_controller_inst/CLK
    SLICE_X85Y83         FDCE                                         r  twin_controller_inst/sw_reg[4]/C
                         clock pessimism             -0.373    17.690    
                         clock uncertainty           -0.069    17.621    
    SLICE_X85Y83         FDCE (Setup_fdce_C_D)        0.033    17.654    twin_controller_inst/sw_reg[4]
  -------------------------------------------------------------------
                         required time                         17.654    
                         arrival time                          -0.900    
  -------------------------------------------------------------------
                         slack                                 16.754    

Slack (MET) :             16.754ns  (required time - arrival time)
  Source:                 uart_inst/rx_data_reg[0]/C
                            (rising edge-triggered cell FDCE clocked by clk_out1_pll  {rise@0.000ns fall@10.000ns period=20.000ns})
  Destination:            twin_controller_inst/sw_reg[4]/D
                            (rising edge-triggered cell FDCE clocked by clk_out1_pll  {rise@0.000ns fall@10.000ns period=20.000ns})
  Path Group:             clk_out1_pll
  Path Type:              Setup (Max at Slow Process Corner)
  Requirement:            20.000ns  (clk_out1_pll rise@20.000ns - clk_out1_pll rise@0.000ns)
  Data Path Delay:        3.155ns  (logic 0.500ns (15.850%)  route 2.655ns (84.150%))
  Logic Levels:           4  (LUT2=1 LUT3=1 LUT6=2)
  Clock Path Skew:        -0.056ns (DCD - SCD + CPR)
    Destination Clock Delay (DCD):    -1.938ns = ( 18.062 - 20.000 ) 
    Source Clock Delay      (SCD):    -2.254ns
    Clock Pessimism Removal (CPR):    -0.373ns
  Clock Uncertainty:      0.069ns  ((TSJ^2 + DJ^2)^1/2) / 2 + PE
    Total System Jitter     (TSJ):    0.071ns
    Discrete Jitter          (DJ):    0.118ns
    Phase Error              (PE):    0.000ns

    Location             Delay type                Incr(ns)  Path(ns)    Netlist Resource(s)
  -------------------------------------------------------------------    -------------------
                         (clock clk_out1_pll rise edge)
                                                      0.000     0.000 r  
    AD12                                              0.000     0.000 r  i_sys_clk_p (IN)
                         net (fo=0)                   0.000     0.000    pll_inst/inst/clk_in1_p
    AD12                 IBUFDS (Prop_ibufds_I_O)     0.906     0.906 r  pll_inst/inst/clkin1_ibufgds/O
                         net (fo=1, routed)           1.098     2.004    pll_inst/inst/clk_in1_pll
    PLLE2_ADV_X1Y1       PLLE2_ADV (Prop_plle2_adv_CLKIN1_CLKOUT0)
                                                     -8.058    -6.054 r  pll_inst/inst/plle2_adv_inst/CLKOUT0
                         net (fo=1, routed)           2.128    -3.926    pll_inst/inst/clk_out1_pll
    BUFGCTRL_X0Y1        BUFG (Prop_bufg_I_O)         0.093    -3.833 r  pll_inst/inst/clkout1_buf/O
                         net (fo=546, routed)         1.579    -2.254    uart_inst/clk_out1
    SLICE_X105Y83        FDCE                                         r  uart_inst/rx_data_reg[0]/C
  -------------------------------------------------------------------    -------------------
    SLICE_X105Y83        FDCE (Prop_fdce_C_Q)         0.223    -2.031 r  uart_inst/rx_data_reg[0]/Q
                         net (fo=47, routed)          0.897    -1.134    uart_inst/rx_data[0]
    SLICE_X97Y82         LUT3 (Prop_lut3_I1_O)        0.054    -1.080 f  uart_inst/sw[63]_i_4/O
                         net (fo=3, routed)           0.449    -0.631    uart_inst/sw[63]_i_4_n_0
    SLICE_X99Y83         LUT6 (Prop_lut6_I1_O)        0.137    -0.494 r  uart_inst/sw[62]_i_3/O
                         net (fo=4, routed)           0.448    -0.046    uart_inst/sw[62]_i_3_n_0
    SLICE_X97Y82         LUT2 (Prop_lut2_I0_O)        0.043    -0.003 r  uart_inst/sw[62]_i_2/O
                         net (fo=32, routed)          0.861     0.857    uart_inst/sw[62]_i_2_n_0
    SLICE_X85Y83         LUT6 (Prop_lut6_I2_O)        0.043     0.900 r  uart_inst/sw[4]_i_1/O
                         net (fo=1, routed)           0.000     0.900    twin_controller_inst/sw_reg[4]_0
    SLICE_X85Y83         FDCE                                         r  twin_controller_inst/sw_reg[4]/D
  -------------------------------------------------------------------    -------------------

                         (clock clk_out1_pll rise edge)
                                                     20.000    20.000 r  
    AD12                                              0.000    20.000 r  i_sys_clk_p (IN)
                         net (fo=0)                   0.000    20.000    pll_inst/inst/clk_in1_p
    AD12                 IBUFDS (Prop_ibufds_I_O)     0.803    20.803 r  pll_inst/inst/clkin1_ibufgds/O
                         net (fo=1, routed)           1.001    21.804    pll_inst/inst/clk_in1_pll
    PLLE2_ADV_X1Y1       PLLE2_ADV (Prop_plle2_adv_CLKIN1_CLKOUT0)
                                                     -7.261    14.543 r  pll_inst/inst/plle2_adv_inst/CLKOUT0
                         net (fo=1, routed)           2.003    16.546    pll_inst/inst/clk_out1_pll
    BUFGCTRL_X0Y1        BUFG (Prop_bufg_I_O)         0.083    16.629 r  pll_inst/inst/clkout1_buf/O
                         net (fo=546, routed)         1.433    18.062    twin_controller_inst/CLK
    SLICE_X85Y83         FDCE                                         r  twin_controller_inst/sw_reg[4]/C
                         clock pessimism             -0.373    17.690    
                         clock uncertainty           -0.069    17.621    
    SLICE_X85Y83         FDCE (Setup_fdce_C_D)        0.033    17.654    twin_controller_inst/sw_reg[4]
  -------------------------------------------------------------------
                         required time                         17.654    
                         arrival time                          -0.900    
  -------------------------------------------------------------------
                         slack                                 16.754    

Slack (MET) :             16.754ns  (required time - arrival time)
  Source:                 uart_inst/rx_data_reg[0]/C
                            (rising edge-triggered cell FDCE clocked by clk_out1_pll  {rise@0.000ns fall@10.000ns period=20.000ns})
  Destination:            twin_controller_inst/sw_reg[4]/D
                            (rising edge-triggered cell FDCE clocked by clk_out1_pll  {rise@0.000ns fall@10.000ns period=20.000ns})
  Path Group:             clk_out1_pll
  Path Type:              Setup (Max at Slow Process Corner)
  Requirement:            20.000ns  (clk_out1_pll rise@20.000ns - clk_out1_pll rise@0.000ns)
  Data Path Delay:        3.155ns  (logic 0.500ns (15.850%)  route 2.655ns (84.150%))
  Logic Levels:           4  (LUT2=1 LUT3=1 LUT6=2)
  Clock Path Skew:        -0.056ns (DCD - SCD + CPR)
    Destination Clock Delay (DCD):    -1.938ns = ( 18.062 - 20.000 ) 
    Source Clock Delay      (SCD):    -2.254ns
    Clock Pessimism Removal (CPR):    -0.373ns
  Clock Uncertainty:      0.069ns  ((TSJ^2 + DJ^2)^1/2) / 2 + PE
    Total System Jitter     (TSJ):    0.071ns
    Discrete Jitter          (DJ):    0.118ns
    Phase Error              (PE):    0.000ns

    Location             Delay type                Incr(ns)  Path(ns)    Netlist Resource(s)
  -------------------------------------------------------------------    -------------------
                         (clock clk_out1_pll rise edge)
                                                      0.000     0.000 r  
    AD12                                              0.000     0.000 r  i_sys_clk_p (IN)
                         net (fo=0)                   0.000     0.000    pll_inst/inst/clk_in1_p
    AD12                 IBUFDS (Prop_ibufds_I_O)     0.906     0.906 r  pll_inst/inst/clkin1_ibufgds/O
                         net (fo=1, routed)           1.098     2.004    pll_inst/inst/clk_in1_pll
    PLLE2_ADV_X1Y1       PLLE2_ADV (Prop_plle2_adv_CLKIN1_CLKOUT0)
                                                     -8.058    -6.054 r  pll_inst/inst/plle2_adv_inst/CLKOUT0
                         net (fo=1, routed)           2.128    -3.926    pll_inst/inst/clk_out1_pll
    BUFGCTRL_X0Y1        BUFG (Prop_bufg_I_O)         0.093    -3.833 r  pll_inst/inst/clkout1_buf/O
                         net (fo=546, routed)         1.579    -2.254    uart_inst/clk_out1
    SLICE_X105Y83        FDCE                                         r  uart_inst/rx_data_reg[0]/C
  -------------------------------------------------------------------    -------------------
    SLICE_X105Y83        FDCE (Prop_fdce_C_Q)         0.223    -2.031 f  uart_inst/rx_data_reg[0]/Q
                         net (fo=47, routed)          0.897    -1.134    uart_inst/rx_data[0]
    SLICE_X97Y82         LUT3 (Prop_lut3_I1_O)        0.054    -1.080 r  uart_inst/sw[63]_i_4/O
                         net (fo=3, routed)           0.449    -0.631    uart_inst/sw[63]_i_4_n_0
    SLICE_X99Y83         LUT6 (Prop_lut6_I1_O)        0.137    -0.494 f  uart_inst/sw[62]_i_3/O
                         net (fo=4, routed)           0.448    -0.046    uart_inst/sw[62]_i_3_n_0
    SLICE_X97Y82         LUT2 (Prop_lut2_I0_O)        0.043    -0.003 f  uart_inst/sw[62]_i_2/O
                         net (fo=32, routed)          0.861     0.857    uart_inst/sw[62]_i_2_n_0
    SLICE_X85Y83         LUT6 (Prop_lut6_I2_O)        0.043     0.900 r  uart_inst/sw[4]_i_1/O
                         net (fo=1, routed)           0.000     0.900    twin_controller_inst/sw_reg[4]_0
    SLICE_X85Y83         FDCE                                         r  twin_controller_inst/sw_reg[4]/D
  -------------------------------------------------------------------    -------------------

                         (clock clk_out1_pll rise edge)
                                                     20.000    20.000 r  
    AD12                                              0.000    20.000 r  i_sys_clk_p (IN)
                         net (fo=0)                   0.000    20.000    pll_inst/inst/clk_in1_p
    AD12                 IBUFDS (Prop_ibufds_I_O)     0.803    20.803 r  pll_inst/inst/clkin1_ibufgds/O
                         net (fo=1, routed)           1.001    21.804    pll_inst/inst/clk_in1_pll
    PLLE2_ADV_X1Y1       PLLE2_ADV (Prop_plle2_adv_CLKIN1_CLKOUT0)
                                                     -7.261    14.543 r  pll_inst/inst/plle2_adv_inst/CLKOUT0
                         net (fo=1, routed)           2.003    16.546    pll_inst/inst/clk_out1_pll
    BUFGCTRL_X0Y1        BUFG (Prop_bufg_I_O)         0.083    16.629 r  pll_inst/inst/clkout1_buf/O
                         net (fo=546, routed)         1.433    18.062    twin_controller_inst/CLK
    SLICE_X85Y83         FDCE                                         r  twin_controller_inst/sw_reg[4]/C
                         clock pessimism             -0.373    17.690    
                         clock uncertainty           -0.069    17.621    
    SLICE_X85Y83         FDCE (Setup_fdce_C_D)        0.033    17.654    twin_controller_inst/sw_reg[4]
  -------------------------------------------------------------------
                         required time                         17.654    
                         arrival time                          -0.900    
  -------------------------------------------------------------------
                         slack                                 16.754    

Slack (MET) :             16.754ns  (required time - arrival time)
  Source:                 uart_inst/rx_data_reg[0]/C
                            (rising edge-triggered cell FDCE clocked by clk_out1_pll  {rise@0.000ns fall@10.000ns period=20.000ns})
  Destination:            twin_controller_inst/sw_reg[4]/D
                            (rising edge-triggered cell FDCE clocked by clk_out1_pll  {rise@0.000ns fall@10.000ns period=20.000ns})
  Path Group:             clk_out1_pll
  Path Type:              Setup (Max at Slow Process Corner)
  Requirement:            20.000ns  (clk_out1_pll rise@20.000ns - clk_out1_pll rise@0.000ns)
  Data Path Delay:        3.155ns  (logic 0.500ns (15.850%)  route 2.655ns (84.150%))
  Logic Levels:           4  (LUT2=1 LUT3=1 LUT6=2)
  Clock Path Skew:        -0.056ns (DCD - SCD + CPR)
    Destination Clock Delay (DCD):    -1.938ns = ( 18.062 - 20.000 ) 
    Source Clock Delay      (SCD):    -2.254ns
    Clock Pessimism Removal (CPR):    -0.373ns
  Clock Uncertainty:      0.069ns  ((TSJ^2 + DJ^2)^1/2) / 2 + PE
    Total System Jitter     (TSJ):    0.071ns
    Discrete Jitter          (DJ):    0.118ns
    Phase Error              (PE):    0.000ns

    Location             Delay type                Incr(ns)  Path(ns)    Netlist Resource(s)
  -------------------------------------------------------------------    -------------------
                         (clock clk_out1_pll rise edge)
                                                      0.000     0.000 r  
    AD12                                              0.000     0.000 r  i_sys_clk_p (IN)
                         net (fo=0)                   0.000     0.000    pll_inst/inst/clk_in1_p
    AD12                 IBUFDS (Prop_ibufds_I_O)     0.906     0.906 r  pll_inst/inst/clkin1_ibufgds/O
                         net (fo=1, routed)           1.098     2.004    pll_inst/inst/clk_in1_pll
    PLLE2_ADV_X1Y1       PLLE2_ADV (Prop_plle2_adv_CLKIN1_CLKOUT0)
                                                     -8.058    -6.054 r  pll_inst/inst/plle2_adv_inst/CLKOUT0
                         net (fo=1, routed)           2.128    -3.926    pll_inst/inst/clk_out1_pll
    BUFGCTRL_X0Y1        BUFG (Prop_bufg_I_O)         0.093    -3.833 r  pll_inst/inst/clkout1_buf/O
                         net (fo=546, routed)         1.579    -2.254    uart_inst/clk_out1
    SLICE_X105Y83        FDCE                                         r  uart_inst/rx_data_reg[0]/C
  -------------------------------------------------------------------    -------------------
    SLICE_X105Y83        FDCE (Prop_fdce_C_Q)         0.223    -2.031 r  uart_inst/rx_data_reg[0]/Q
                         net (fo=47, routed)          0.897    -1.134    uart_inst/rx_data[0]
    SLICE_X97Y82         LUT3 (Prop_lut3_I1_O)        0.054    -1.080 f  uart_inst/sw[63]_i_4/O
                         net (fo=3, routed)           0.449    -0.631    uart_inst/sw[63]_i_4_n_0
    SLICE_X99Y83         LUT6 (Prop_lut6_I1_O)        0.137    -0.494 f  uart_inst/sw[62]_i_3/O
                         net (fo=4, routed)           0.448    -0.046    uart_inst/sw[62]_i_3_n_0
    SLICE_X97Y82         LUT2 (Prop_lut2_I0_O)        0.043    -0.003 f  uart_inst/sw[62]_i_2/O
                         net (fo=32, routed)          0.861     0.857    uart_inst/sw[62]_i_2_n_0
    SLICE_X85Y83         LUT6 (Prop_lut6_I2_O)        0.043     0.900 r  uart_inst/sw[4]_i_1/O
                         net (fo=1, routed)           0.000     0.900    twin_controller_inst/sw_reg[4]_0
    SLICE_X85Y83         FDCE                                         r  twin_controller_inst/sw_reg[4]/D
  -------------------------------------------------------------------    -------------------

                         (clock clk_out1_pll rise edge)
                                                     20.000    20.000 r  
    AD12                                              0.000    20.000 r  i_sys_clk_p (IN)
                         net (fo=0)                   0.000    20.000    pll_inst/inst/clk_in1_p
    AD12                 IBUFDS (Prop_ibufds_I_O)     0.803    20.803 r  pll_inst/inst/clkin1_ibufgds/O
                         net (fo=1, routed)           1.001    21.804    pll_inst/inst/clk_in1_pll
    PLLE2_ADV_X1Y1       PLLE2_ADV (Prop_plle2_adv_CLKIN1_CLKOUT0)
                                                     -7.261    14.543 r  pll_inst/inst/plle2_adv_inst/CLKOUT0
                         net (fo=1, routed)           2.003    16.546    pll_inst/inst/clk_out1_pll
    BUFGCTRL_X0Y1        BUFG (Prop_bufg_I_O)         0.083    16.629 r  pll_inst/inst/clkout1_buf/O
                         net (fo=546, routed)         1.433    18.062    twin_controller_inst/CLK
    SLICE_X85Y83         FDCE                                         r  twin_controller_inst/sw_reg[4]/C
                         clock pessimism             -0.373    17.690    
                         clock uncertainty           -0.069    17.621    
    SLICE_X85Y83         FDCE (Setup_fdce_C_D)        0.033    17.654    twin_controller_inst/sw_reg[4]
  -------------------------------------------------------------------
                         required time                         17.654    
                         arrival time                          -0.900    
  -------------------------------------------------------------------
                         slack                                 16.754    

Slack (MET) :             16.754ns  (required time - arrival time)
  Source:                 uart_inst/rx_data_reg[0]/C
                            (rising edge-triggered cell FDCE clocked by clk_out1_pll  {rise@0.000ns fall@10.000ns period=20.000ns})
  Destination:            twin_controller_inst/sw_reg[4]/D
                            (rising edge-triggered cell FDCE clocked by clk_out1_pll  {rise@0.000ns fall@10.000ns period=20.000ns})
  Path Group:             clk_out1_pll
  Path Type:              Setup (Max at Slow Process Corner)
  Requirement:            20.000ns  (clk_out1_pll rise@20.000ns - clk_out1_pll rise@0.000ns)
  Data Path Delay:        3.155ns  (logic 0.500ns (15.850%)  route 2.655ns (84.150%))
  Logic Levels:           4  (LUT2=1 LUT3=1 LUT6=2)
  Clock Path Skew:        -0.056ns (DCD - SCD + CPR)
    Destination Clock Delay (DCD):    -1.938ns = ( 18.062 - 20.000 ) 
    Source Clock Delay      (SCD):    -2.254ns
    Clock Pessimism Removal (CPR):    -0.373ns
  Clock Uncertainty:      0.069ns  ((TSJ^2 + DJ^2)^1/2) / 2 + PE
    Total System Jitter     (TSJ):    0.071ns
    Discrete Jitter          (DJ):    0.118ns
    Phase Error              (PE):    0.000ns

    Location             Delay type                Incr(ns)  Path(ns)    Netlist Resource(s)
  -------------------------------------------------------------------    -------------------
                         (clock clk_out1_pll rise edge)
                                                      0.000     0.000 r  
    AD12                                              0.000     0.000 r  i_sys_clk_p (IN)
                         net (fo=0)                   0.000     0.000    pll_inst/inst/clk_in1_p
    AD12                 IBUFDS (Prop_ibufds_I_O)     0.906     0.906 r  pll_inst/inst/clkin1_ibufgds/O
                         net (fo=1, routed)           1.098     2.004    pll_inst/inst/clk_in1_pll
    PLLE2_ADV_X1Y1       PLLE2_ADV (Prop_plle2_adv_CLKIN1_CLKOUT0)
                                                     -8.058    -6.054 r  pll_inst/inst/plle2_adv_inst/CLKOUT0
                         net (fo=1, routed)           2.128    -3.926    pll_inst/inst/clk_out1_pll
    BUFGCTRL_X0Y1        BUFG (Prop_bufg_I_O)         0.093    -3.833 r  pll_inst/inst/clkout1_buf/O
                         net (fo=546, routed)         1.579    -2.254    uart_inst/clk_out1
    SLICE_X105Y83        FDCE                                         r  uart_inst/rx_data_reg[0]/C
  -------------------------------------------------------------------    -------------------
    SLICE_X105Y83        FDCE (Prop_fdce_C_Q)         0.223    -2.031 f  uart_inst/rx_data_reg[0]/Q
                         net (fo=47, routed)          0.897    -1.134    uart_inst/rx_data[0]
    SLICE_X97Y82         LUT3 (Prop_lut3_I1_O)        0.054    -1.080 r  uart_inst/sw[63]_i_4/O
                         net (fo=3, routed)           0.449    -0.631    uart_inst/sw[63]_i_4_n_0
    SLICE_X99Y83         LUT6 (Prop_lut6_I1_O)        0.137    -0.494 r  uart_inst/sw[62]_i_3/O
                         net (fo=4, routed)           0.448    -0.046    uart_inst/sw[62]_i_3_n_0
    SLICE_X97Y82         LUT2 (Prop_lut2_I0_O)        0.043    -0.003 r  uart_inst/sw[62]_i_2/O
                         net (fo=32, routed)          0.861     0.857    uart_inst/sw[62]_i_2_n_0
    SLICE_X85Y83         LUT6 (Prop_lut6_I2_O)        0.043     0.900 f  uart_inst/sw[4]_i_1/O
                         net (fo=1, routed)           0.000     0.900    twin_controller_inst/sw_reg[4]_0
    SLICE_X85Y83         FDCE                                         f  twin_controller_inst/sw_reg[4]/D
  -------------------------------------------------------------------    -------------------

                         (clock clk_out1_pll rise edge)
                                                     20.000    20.000 r  
    AD12                                              0.000    20.000 r  i_sys_clk_p (IN)
                         net (fo=0)                   0.000    20.000    pll_inst/inst/clk_in1_p
    AD12                 IBUFDS (Prop_ibufds_I_O)     0.803    20.803 r  pll_inst/inst/clkin1_ibufgds/O
                         net (fo=1, routed)           1.001    21.804    pll_inst/inst/clk_in1_pll
    PLLE2_ADV_X1Y1       PLLE2_ADV (Prop_plle2_adv_CLKIN1_CLKOUT0)
                                                     -7.261    14.543 r  pll_inst/inst/plle2_adv_inst/CLKOUT0
                         net (fo=1, routed)           2.003    16.546    pll_inst/inst/clk_out1_pll
    BUFGCTRL_X0Y1        BUFG (Prop_bufg_I_O)         0.083    16.629 r  pll_inst/inst/clkout1_buf/O
                         net (fo=546, routed)         1.433    18.062    twin_controller_inst/CLK
    SLICE_X85Y83         FDCE                                         r  twin_controller_inst/sw_reg[4]/C
                         clock pessimism             -0.373    17.690    
                         clock uncertainty           -0.069    17.621    
    SLICE_X85Y83         FDCE (Setup_fdce_C_D)        0.033    17.654    twin_controller_inst/sw_reg[4]
  -------------------------------------------------------------------
                         required time                         17.654    
                         arrival time                          -0.900    
  -------------------------------------------------------------------
                         slack                                 16.754    




