Copyright 1986-2022 Xilinx, Inc. All Rights Reserved. Copyright 2022-2023 Advanced Micro Devices, Inc. All Rights Reserved.
----------------------------------------------------------------------------------------------------------------------------------------------------------------------------------------------------------------------------------------
| Tool Version : Vivado v.2023.2 (win64) Build 4029153 Fri Oct 13 20:14:34 MDT 2023
| Date         : Tue Jun  2 20:47:43 2026
| Host         : LAPTOP-5UF1FH4A running 64-bit major release  (build 9200)
| Command      : report_timing -delay_type max -sort_by group -max_paths 20 -nworst 5 -path_type full_clock_expanded -file C:/Users/hp/Downloads/digital_twin/digital_twin.srcs/sources_1/vivado_clk2_sweep/top_timing_max_clk2_212.rpt
| Design       : top
| Device       : 7k325t-ffg900
| Speed File   : -2  PRODUCTION 1.12 2017-02-17
| Design State : Routed
----------------------------------------------------------------------------------------------------------------------------------------------------------------------------------------------------------------------------------------

Timing Report

Slack (MET) :             0.032ns  (required time - arrival time)
  Source:                 student_top_inst/Core_cpu/cpu_core/ex_inst/rv32m_iter_inst/op1_raw_r_reg[0]/C
                            (rising edge-triggered cell FDRE clocked by clk_out2_pll  {rise@0.000ns fall@2.353ns period=4.706ns})
  Destination:            student_top_inst/Core_cpu/cpu_core/ex_inst/rv32m_iter_inst/done_r_reg_rep__38/D
                            (rising edge-triggered cell FDRE clocked by clk_out2_pll  {rise@0.000ns fall@2.353ns period=4.706ns})
  Path Group:             clk_out2_pll
  Path Type:              Setup (Max at Slow Process Corner)
  Requirement:            4.706ns  (clk_out2_pll rise@4.706ns - clk_out2_pll rise@0.000ns)
  Data Path Delay:        4.553ns  (logic 1.444ns (31.716%)  route 3.109ns (68.284%))
  Logic Levels:           14  (CARRY4=9 LUT1=1 LUT5=1 LUT6=3)
  Clock Path Skew:        -0.036ns (DCD - SCD + CPR)
    Destination Clock Delay (DCD):    -2.118ns = ( 2.588 - 4.706 ) 
    Source Clock Delay      (SCD):    -2.456ns
    Clock Pessimism Removal (CPR):    -0.375ns
  Clock Uncertainty:      0.083ns  ((TSJ^2 + DJ^2)^1/2) / 2 + PE
    Total System Jitter     (TSJ):    0.071ns
    Discrete Jitter          (DJ):    0.150ns
    Phase Error              (PE):    0.000ns

    Location             Delay type                Incr(ns)  Path(ns)    Netlist Resource(s)
  -------------------------------------------------------------------    -------------------
                         (clock clk_out2_pll rise edge)
                                                      0.000     0.000 r  
    AD12                                              0.000     0.000 r  i_sys_clk_p (IN)
                         net (fo=0)                   0.000     0.000    pll_inst/inst/clk_in1_p
    AD12                 IBUFDS (Prop_ibufds_I_O)     0.906     0.906 r  pll_inst/inst/clkin1_ibufgds/O
                         net (fo=1, routed)           1.098     2.004    pll_inst/inst/clk_in1_pll
    PLLE2_ADV_X1Y1       PLLE2_ADV (Prop_plle2_adv_CLKIN1_CLKOUT1)
                                                     -8.058    -6.054 r  pll_inst/inst/plle2_adv_inst/CLKOUT1
                         net (fo=1, routed)           2.128    -3.926    pll_inst/inst/clk_out2_pll
    BUFGCTRL_X0Y0        BUFG (Prop_bufg_I_O)         0.093    -3.833 r  pll_inst/inst/clkout2_buf/O
                         net (fo=2866, routed)        1.377    -2.456    student_top_inst/Core_cpu/cpu_core/ex_inst/rv32m_iter_inst/clk_out2
    SLICE_X64Y122        FDRE                                         r  student_top_inst/Core_cpu/cpu_core/ex_inst/rv32m_iter_inst/op1_raw_r_reg[0]/C
  -------------------------------------------------------------------    -------------------
    SLICE_X64Y122        FDRE (Prop_fdre_C_Q)         0.223    -2.233 f  student_top_inst/Core_cpu/cpu_core/ex_inst/rv32m_iter_inst/op1_raw_r_reg[0]/Q
                         net (fo=8, routed)           0.323    -1.910    student_top_inst/Core_cpu/cpu_core/ex_inst/rv32m_iter_inst/op1_raw_r_reg_n_0_[0]
    SLICE_X64Y122        LUT1 (Prop_lut1_I0_O)        0.043    -1.867 r  student_top_inst/Core_cpu/cpu_core/ex_inst/rv32m_iter_inst/div_dividend_r[4]_i_3/O
                         net (fo=2, routed)           0.287    -1.580    student_top_inst/Core_cpu/cpu_core/ex_inst/rv32m_iter_inst/p_0_in[0]
    SLICE_X62Y121        CARRY4 (Prop_carry4_CYINIT_CO[3])
                                                      0.297    -1.283 r  student_top_inst/Core_cpu/cpu_core/ex_inst/rv32m_iter_inst/div_dividend_r_reg[4]_i_2/CO[3]
                         net (fo=1, routed)           0.000    -1.283    student_top_inst/Core_cpu/cpu_core/ex_inst/rv32m_iter_inst/div_dividend_r_reg[4]_i_2_n_0
    SLICE_X62Y122        CARRY4 (Prop_carry4_CI_CO[3])
                                                      0.054    -1.229 r  student_top_inst/Core_cpu/cpu_core/ex_inst/rv32m_iter_inst/div_dividend_r_reg[8]_i_3/CO[3]
                         net (fo=1, routed)           0.000    -1.229    student_top_inst/Core_cpu/cpu_core/ex_inst/rv32m_iter_inst/div_dividend_r_reg[8]_i_3_n_0
    SLICE_X62Y123        CARRY4 (Prop_carry4_CI_CO[3])
                                                      0.054    -1.175 r  student_top_inst/Core_cpu/cpu_core/ex_inst/rv32m_iter_inst/div_dividend_r_reg[12]_i_2/CO[3]
                         net (fo=1, routed)           0.000    -1.175    student_top_inst/Core_cpu/cpu_core/ex_inst/rv32m_iter_inst/div_dividend_r_reg[12]_i_2_n_0
    SLICE_X62Y124        CARRY4 (Prop_carry4_CI_CO[3])
                                                      0.054    -1.121 r  student_top_inst/Core_cpu/cpu_core/ex_inst/rv32m_iter_inst/div_dividend_r_reg[16]_i_3/CO[3]
                         net (fo=1, routed)           0.007    -1.114    student_top_inst/Core_cpu/cpu_core/ex_inst/rv32m_iter_inst/div_dividend_r_reg[16]_i_3_n_0
    SLICE_X62Y125        CARRY4 (Prop_carry4_CI_CO[3])
                                                      0.054    -1.060 r  student_top_inst/Core_cpu/cpu_core/ex_inst/rv32m_iter_inst/div_dividend_r_reg[20]_i_2/CO[3]
                         net (fo=1, routed)           0.000    -1.060    student_top_inst/Core_cpu/cpu_core/ex_inst/rv32m_iter_inst/div_dividend_r_reg[20]_i_2_n_0
    SLICE_X62Y126        CARRY4 (Prop_carry4_CI_CO[3])
                                                      0.054    -1.006 r  student_top_inst/Core_cpu/cpu_core/ex_inst/rv32m_iter_inst/div_dividend_r_reg[24]_i_3/CO[3]
                         net (fo=1, routed)           0.000    -1.006    student_top_inst/Core_cpu/cpu_core/ex_inst/rv32m_iter_inst/div_dividend_r_reg[24]_i_3_n_0
    SLICE_X62Y127        CARRY4 (Prop_carry4_CI_CO[3])
                                                      0.054    -0.952 r  student_top_inst/Core_cpu/cpu_core/ex_inst/rv32m_iter_inst/div_dividend_r_reg[28]_i_2/CO[3]
                         net (fo=1, routed)           0.000    -0.952    student_top_inst/Core_cpu/cpu_core/ex_inst/rv32m_iter_inst/div_dividend_r_reg[28]_i_2_n_0
    SLICE_X62Y128        CARRY4 (Prop_carry4_CI_O[0])
                                                      0.108    -0.844 f  student_top_inst/Core_cpu/cpu_core/ex_inst/rv32m_iter_inst/div_dividend_r_reg[31]_i_3/O[0]
                         net (fo=5, routed)           0.384    -0.460    student_top_inst/Core_cpu/cpu_core/ex_inst/rv32m_iter_inst/div_op1_abs0[29]
    SLICE_X66Y126        LUT5 (Prop_lut5_I4_O)        0.123    -0.337 f  student_top_inst/Core_cpu/cpu_core/ex_inst/rv32m_iter_inst/iter_count_r[5]_i_29/O
                         net (fo=2, routed)           0.356     0.019    student_top_inst/Core_cpu/cpu_core/ex_inst/rv32m_iter_inst/iter_count_r[5]_i_29_n_0
    SLICE_X60Y126        LUT6 (Prop_lut6_I0_O)        0.043     0.062 r  student_top_inst/Core_cpu/cpu_core/ex_inst/rv32m_iter_inst/iter_count_r[5]_i_10/O
                         net (fo=1, routed)           0.330     0.392    student_top_inst/Core_cpu/cpu_core/ex_inst/rv32m_iter_inst/iter_count_r[5]_i_10_n_0
    SLICE_X61Y126        CARRY4 (Prop_carry4_DI[2]_CO[3])
                                                      0.197     0.589 r  student_top_inst/Core_cpu/cpu_core/ex_inst/rv32m_iter_inst/iter_count_r_reg[5]_i_4/CO[3]
                         net (fo=35, routed)          0.440     1.029    student_top_inst/Core_cpu/cpu_core/ex_inst/rv32m_iter_inst/div_dividend_less
    SLICE_X59Y126        LUT6 (Prop_lut6_I0_O)        0.043     1.072 r  student_top_inst/Core_cpu/cpu_core/ex_inst/rv32m_iter_inst/state_r[2]_i_3/O
                         net (fo=8, routed)           0.516     1.588    student_top_inst/Core_cpu/cpu_core/ex_inst/rv32m_iter_inst/state_r[2]_i_3_n_0
    SLICE_X59Y120        LUT6 (Prop_lut6_I2_O)        0.043     1.631 r  student_top_inst/Core_cpu/cpu_core/ex_inst/rv32m_iter_inst/done_r_i_1/O
                         net (fo=40, routed)          0.466     2.096    student_top_inst/Core_cpu/cpu_core/ex_inst/rv32m_iter_inst/done_r_i_1_n_0
    SLICE_X56Y117        FDRE                                         r  student_top_inst/Core_cpu/cpu_core/ex_inst/rv32m_iter_inst/done_r_reg_rep__38/D
  -------------------------------------------------------------------    -------------------

                         (clock clk_out2_pll rise edge)
                                                      4.706     4.706 r  
    AD12                                              0.000     4.706 r  i_sys_clk_p (IN)
                         net (fo=0)                   0.000     4.706    pll_inst/inst/clk_in1_p
    AD12                 IBUFDS (Prop_ibufds_I_O)     0.803     5.509 r  pll_inst/inst/clkin1_ibufgds/O
                         net (fo=1, routed)           1.001     6.510    pll_inst/inst/clk_in1_pll
    PLLE2_ADV_X1Y1       PLLE2_ADV (Prop_plle2_adv_CLKIN1_CLKOUT1)
                                                     -7.261    -0.751 r  pll_inst/inst/plle2_adv_inst/CLKOUT1
                         net (fo=1, routed)           2.003     1.252    pll_inst/inst/clk_out2_pll
    BUFGCTRL_X0Y0        BUFG (Prop_bufg_I_O)         0.083     1.335 r  pll_inst/inst/clkout2_buf/O
                         net (fo=2866, routed)        1.253     2.588    student_top_inst/Core_cpu/cpu_core/ex_inst/rv32m_iter_inst/clk_out2
    SLICE_X56Y117        FDRE                                         r  student_top_inst/Core_cpu/cpu_core/ex_inst/rv32m_iter_inst/done_r_reg_rep__38/C
                         clock pessimism             -0.375     2.214    
                         clock uncertainty           -0.083     2.131    
    SLICE_X56Y117        FDRE (Setup_fdre_C_D)       -0.002     2.129    student_top_inst/Core_cpu/cpu_core/ex_inst/rv32m_iter_inst/done_r_reg_rep__38
  -------------------------------------------------------------------
                         required time                          2.129    
                         arrival time                          -2.096    
  -------------------------------------------------------------------
                         slack                                  0.032    

Slack (MET) :             0.032ns  (required time - arrival time)
  Source:                 student_top_inst/Core_cpu/cpu_core/ex_inst/rv32m_iter_inst/op1_raw_r_reg[0]/C
                            (rising edge-triggered cell FDRE clocked by clk_out2_pll  {rise@0.000ns fall@2.353ns period=4.706ns})
  Destination:            student_top_inst/Core_cpu/cpu_core/ex_inst/rv32m_iter_inst/done_r_reg_rep__38/D
                            (rising edge-triggered cell FDRE clocked by clk_out2_pll  {rise@0.000ns fall@2.353ns period=4.706ns})
  Path Group:             clk_out2_pll
  Path Type:              Setup (Max at Slow Process Corner)
  Requirement:            4.706ns  (clk_out2_pll rise@4.706ns - clk_out2_pll rise@0.000ns)
  Data Path Delay:        4.553ns  (logic 1.444ns (31.716%)  route 3.109ns (68.284%))
  Logic Levels:           14  (CARRY4=9 LUT1=1 LUT5=1 LUT6=3)
  Clock Path Skew:        -0.036ns (DCD - SCD + CPR)
    Destination Clock Delay (DCD):    -2.118ns = ( 2.588 - 4.706 ) 
    Source Clock Delay      (SCD):    -2.456ns
    Clock Pessimism Removal (CPR):    -0.375ns
  Clock Uncertainty:      0.083ns  ((TSJ^2 + DJ^2)^1/2) / 2 + PE
    Total System Jitter     (TSJ):    0.071ns
    Discrete Jitter          (DJ):    0.150ns
    Phase Error              (PE):    0.000ns

    Location             Delay type                Incr(ns)  Path(ns)    Netlist Resource(s)
  -------------------------------------------------------------------    -------------------
                         (clock clk_out2_pll rise edge)
                                                      0.000     0.000 r  
    AD12                                              0.000     0.000 r  i_sys_clk_p (IN)
                         net (fo=0)                   0.000     0.000    pll_inst/inst/clk_in1_p
    AD12                 IBUFDS (Prop_ibufds_I_O)     0.906     0.906 r  pll_inst/inst/clkin1_ibufgds/O
                         net (fo=1, routed)           1.098     2.004    pll_inst/inst/clk_in1_pll
    PLLE2_ADV_X1Y1       PLLE2_ADV (Prop_plle2_adv_CLKIN1_CLKOUT1)
                                                     -8.058    -6.054 r  pll_inst/inst/plle2_adv_inst/CLKOUT1
                         net (fo=1, routed)           2.128    -3.926    pll_inst/inst/clk_out2_pll
    BUFGCTRL_X0Y0        BUFG (Prop_bufg_I_O)         0.093    -3.833 r  pll_inst/inst/clkout2_buf/O
                         net (fo=2866, routed)        1.377    -2.456    student_top_inst/Core_cpu/cpu_core/ex_inst/rv32m_iter_inst/clk_out2
    SLICE_X64Y122        FDRE                                         r  student_top_inst/Core_cpu/cpu_core/ex_inst/rv32m_iter_inst/op1_raw_r_reg[0]/C
  -------------------------------------------------------------------    -------------------
    SLICE_X64Y122        FDRE (Prop_fdre_C_Q)         0.223    -2.233 f  student_top_inst/Core_cpu/cpu_core/ex_inst/rv32m_iter_inst/op1_raw_r_reg[0]/Q
                         net (fo=8, routed)           0.323    -1.910    student_top_inst/Core_cpu/cpu_core/ex_inst/rv32m_iter_inst/op1_raw_r_reg_n_0_[0]
    SLICE_X64Y122        LUT1 (Prop_lut1_I0_O)        0.043    -1.867 r  student_top_inst/Core_cpu/cpu_core/ex_inst/rv32m_iter_inst/div_dividend_r[4]_i_3/O
                         net (fo=2, routed)           0.287    -1.580    student_top_inst/Core_cpu/cpu_core/ex_inst/rv32m_iter_inst/p_0_in[0]
    SLICE_X62Y121        CARRY4 (Prop_carry4_CYINIT_CO[3])
                                                      0.297    -1.283 r  student_top_inst/Core_cpu/cpu_core/ex_inst/rv32m_iter_inst/div_dividend_r_reg[4]_i_2/CO[3]
                         net (fo=1, routed)           0.000    -1.283    student_top_inst/Core_cpu/cpu_core/ex_inst/rv32m_iter_inst/div_dividend_r_reg[4]_i_2_n_0
    SLICE_X62Y122        CARRY4 (Prop_carry4_CI_CO[3])
                                                      0.054    -1.229 f  student_top_inst/Core_cpu/cpu_core/ex_inst/rv32m_iter_inst/div_dividend_r_reg[8]_i_3/CO[3]
                         net (fo=1, routed)           0.000    -1.229    student_top_inst/Core_cpu/cpu_core/ex_inst/rv32m_iter_inst/div_dividend_r_reg[8]_i_3_n_0
    SLICE_X62Y123        CARRY4 (Prop_carry4_CI_CO[3])
                                                      0.054    -1.175 r  student_top_inst/Core_cpu/cpu_core/ex_inst/rv32m_iter_inst/div_dividend_r_reg[12]_i_2/CO[3]
                         net (fo=1, routed)           0.000    -1.175    student_top_inst/Core_cpu/cpu_core/ex_inst/rv32m_iter_inst/div_dividend_r_reg[12]_i_2_n_0
    SLICE_X62Y124        CARRY4 (Prop_carry4_CI_CO[3])
                                                      0.054    -1.121 r  student_top_inst/Core_cpu/cpu_core/ex_inst/rv32m_iter_inst/div_dividend_r_reg[16]_i_3/CO[3]
                         net (fo=1, routed)           0.007    -1.114    student_top_inst/Core_cpu/cpu_core/ex_inst/rv32m_iter_inst/div_dividend_r_reg[16]_i_3_n_0
    SLICE_X62Y125        CARRY4 (Prop_carry4_CI_CO[3])
                                                      0.054    -1.060 r  student_top_inst/Core_cpu/cpu_core/ex_inst/rv32m_iter_inst/div_dividend_r_reg[20]_i_2/CO[3]
                         net (fo=1, routed)           0.000    -1.060    student_top_inst/Core_cpu/cpu_core/ex_inst/rv32m_iter_inst/div_dividend_r_reg[20]_i_2_n_0
    SLICE_X62Y126        CARRY4 (Prop_carry4_CI_CO[3])
                                                      0.054    -1.006 r  student_top_inst/Core_cpu/cpu_core/ex_inst/rv32m_iter_inst/div_dividend_r_reg[24]_i_3/CO[3]
                         net (fo=1, routed)           0.000    -1.006    student_top_inst/Core_cpu/cpu_core/ex_inst/rv32m_iter_inst/div_dividend_r_reg[24]_i_3_n_0
    SLICE_X62Y127        CARRY4 (Prop_carry4_CI_CO[3])
                                                      0.054    -0.952 r  student_top_inst/Core_cpu/cpu_core/ex_inst/rv32m_iter_inst/div_dividend_r_reg[28]_i_2/CO[3]
                         net (fo=1, routed)           0.000    -0.952    student_top_inst/Core_cpu/cpu_core/ex_inst/rv32m_iter_inst/div_dividend_r_reg[28]_i_2_n_0
    SLICE_X62Y128        CARRY4 (Prop_carry4_CI_O[0])
                                                      0.108    -0.844 f  student_top_inst/Core_cpu/cpu_core/ex_inst/rv32m_iter_inst/div_dividend_r_reg[31]_i_3/O[0]
                         net (fo=5, routed)           0.384    -0.460    student_top_inst/Core_cpu/cpu_core/ex_inst/rv32m_iter_inst/div_op1_abs0[29]
    SLICE_X66Y126        LUT5 (Prop_lut5_I4_O)        0.123    -0.337 f  student_top_inst/Core_cpu/cpu_core/ex_inst/rv32m_iter_inst/iter_count_r[5]_i_29/O
                         net (fo=2, routed)           0.356     0.019    student_top_inst/Core_cpu/cpu_core/ex_inst/rv32m_iter_inst/iter_count_r[5]_i_29_n_0
    SLICE_X60Y126        LUT6 (Prop_lut6_I0_O)        0.043     0.062 r  student_top_inst/Core_cpu/cpu_core/ex_inst/rv32m_iter_inst/iter_count_r[5]_i_10/O
                         net (fo=1, routed)           0.330     0.392    student_top_inst/Core_cpu/cpu_core/ex_inst/rv32m_iter_inst/iter_count_r[5]_i_10_n_0
    SLICE_X61Y126        CARRY4 (Prop_carry4_DI[2]_CO[3])
                                                      0.197     0.589 r  student_top_inst/Core_cpu/cpu_core/ex_inst/rv32m_iter_inst/iter_count_r_reg[5]_i_4/CO[3]
                         net (fo=35, routed)          0.440     1.029    student_top_inst/Core_cpu/cpu_core/ex_inst/rv32m_iter_inst/div_dividend_less
    SLICE_X59Y126        LUT6 (Prop_lut6_I0_O)        0.043     1.072 r  student_top_inst/Core_cpu/cpu_core/ex_inst/rv32m_iter_inst/state_r[2]_i_3/O
                         net (fo=8, routed)           0.516     1.588    student_top_inst/Core_cpu/cpu_core/ex_inst/rv32m_iter_inst/state_r[2]_i_3_n_0
    SLICE_X59Y120        LUT6 (Prop_lut6_I2_O)        0.043     1.631 r  student_top_inst/Core_cpu/cpu_core/ex_inst/rv32m_iter_inst/done_r_i_1/O
                         net (fo=40, routed)          0.466     2.096    student_top_inst/Core_cpu/cpu_core/ex_inst/rv32m_iter_inst/done_r_i_1_n_0
    SLICE_X56Y117        FDRE                                         r  student_top_inst/Core_cpu/cpu_core/ex_inst/rv32m_iter_inst/done_r_reg_rep__38/D
  -------------------------------------------------------------------    -------------------

                         (clock clk_out2_pll rise edge)
                                                      4.706     4.706 r  
    AD12                                              0.000     4.706 r  i_sys_clk_p (IN)
                         net (fo=0)                   0.000     4.706    pll_inst/inst/clk_in1_p
    AD12                 IBUFDS (Prop_ibufds_I_O)     0.803     5.509 r  pll_inst/inst/clkin1_ibufgds/O
                         net (fo=1, routed)           1.001     6.510    pll_inst/inst/clk_in1_pll
    PLLE2_ADV_X1Y1       PLLE2_ADV (Prop_plle2_adv_CLKIN1_CLKOUT1)
                                                     -7.261    -0.751 r  pll_inst/inst/plle2_adv_inst/CLKOUT1
                         net (fo=1, routed)           2.003     1.252    pll_inst/inst/clk_out2_pll
    BUFGCTRL_X0Y0        BUFG (Prop_bufg_I_O)         0.083     1.335 r  pll_inst/inst/clkout2_buf/O
                         net (fo=2866, routed)        1.253     2.588    student_top_inst/Core_cpu/cpu_core/ex_inst/rv32m_iter_inst/clk_out2
    SLICE_X56Y117        FDRE                                         r  student_top_inst/Core_cpu/cpu_core/ex_inst/rv32m_iter_inst/done_r_reg_rep__38/C
                         clock pessimism             -0.375     2.214    
                         clock uncertainty           -0.083     2.131    
    SLICE_X56Y117        FDRE (Setup_fdre_C_D)       -0.002     2.129    student_top_inst/Core_cpu/cpu_core/ex_inst/rv32m_iter_inst/done_r_reg_rep__38
  -------------------------------------------------------------------
                         required time                          2.129    
                         arrival time                          -2.096    
  -------------------------------------------------------------------
                         slack                                  0.032    

Slack (MET) :             0.032ns  (required time - arrival time)
  Source:                 student_top_inst/Core_cpu/cpu_core/ex_inst/rv32m_iter_inst/op1_raw_r_reg[0]/C
                            (rising edge-triggered cell FDRE clocked by clk_out2_pll  {rise@0.000ns fall@2.353ns period=4.706ns})
  Destination:            student_top_inst/Core_cpu/cpu_core/ex_inst/rv32m_iter_inst/done_r_reg_rep__38/D
                            (rising edge-triggered cell FDRE clocked by clk_out2_pll  {rise@0.000ns fall@2.353ns period=4.706ns})
  Path Group:             clk_out2_pll
  Path Type:              Setup (Max at Slow Process Corner)
  Requirement:            4.706ns  (clk_out2_pll rise@4.706ns - clk_out2_pll rise@0.000ns)
  Data Path Delay:        4.553ns  (logic 1.444ns (31.716%)  route 3.109ns (68.284%))
  Logic Levels:           14  (CARRY4=9 LUT1=1 LUT5=1 LUT6=3)
  Clock Path Skew:        -0.036ns (DCD - SCD + CPR)
    Destination Clock Delay (DCD):    -2.118ns = ( 2.588 - 4.706 ) 
    Source Clock Delay      (SCD):    -2.456ns
    Clock Pessimism Removal (CPR):    -0.375ns
  Clock Uncertainty:      0.083ns  ((TSJ^2 + DJ^2)^1/2) / 2 + PE
    Total System Jitter     (TSJ):    0.071ns
    Discrete Jitter          (DJ):    0.150ns
    Phase Error              (PE):    0.000ns

    Location             Delay type                Incr(ns)  Path(ns)    Netlist Resource(s)
  -------------------------------------------------------------------    -------------------
                         (clock clk_out2_pll rise edge)
                                                      0.000     0.000 r  
    AD12                                              0.000     0.000 r  i_sys_clk_p (IN)
                         net (fo=0)                   0.000     0.000    pll_inst/inst/clk_in1_p
    AD12                 IBUFDS (Prop_ibufds_I_O)     0.906     0.906 r  pll_inst/inst/clkin1_ibufgds/O
                         net (fo=1, routed)           1.098     2.004    pll_inst/inst/clk_in1_pll
    PLLE2_ADV_X1Y1       PLLE2_ADV (Prop_plle2_adv_CLKIN1_CLKOUT1)
                                                     -8.058    -6.054 r  pll_inst/inst/plle2_adv_inst/CLKOUT1
                         net (fo=1, routed)           2.128    -3.926    pll_inst/inst/clk_out2_pll
    BUFGCTRL_X0Y0        BUFG (Prop_bufg_I_O)         0.093    -3.833 r  pll_inst/inst/clkout2_buf/O
                         net (fo=2866, routed)        1.377    -2.456    student_top_inst/Core_cpu/cpu_core/ex_inst/rv32m_iter_inst/clk_out2
    SLICE_X64Y122        FDRE                                         r  student_top_inst/Core_cpu/cpu_core/ex_inst/rv32m_iter_inst/op1_raw_r_reg[0]/C
  -------------------------------------------------------------------    -------------------
    SLICE_X64Y122        FDRE (Prop_fdre_C_Q)         0.223    -2.233 f  student_top_inst/Core_cpu/cpu_core/ex_inst/rv32m_iter_inst/op1_raw_r_reg[0]/Q
                         net (fo=8, routed)           0.323    -1.910    student_top_inst/Core_cpu/cpu_core/ex_inst/rv32m_iter_inst/op1_raw_r_reg_n_0_[0]
    SLICE_X64Y122        LUT1 (Prop_lut1_I0_O)        0.043    -1.867 r  student_top_inst/Core_cpu/cpu_core/ex_inst/rv32m_iter_inst/div_dividend_r[4]_i_3/O
                         net (fo=2, routed)           0.287    -1.580    student_top_inst/Core_cpu/cpu_core/ex_inst/rv32m_iter_inst/p_0_in[0]
    SLICE_X62Y121        CARRY4 (Prop_carry4_CYINIT_CO[3])
                                                      0.297    -1.283 r  student_top_inst/Core_cpu/cpu_core/ex_inst/rv32m_iter_inst/div_dividend_r_reg[4]_i_2/CO[3]
                         net (fo=1, routed)           0.000    -1.283    student_top_inst/Core_cpu/cpu_core/ex_inst/rv32m_iter_inst/div_dividend_r_reg[4]_i_2_n_0
    SLICE_X62Y122        CARRY4 (Prop_carry4_CI_CO[3])
                                                      0.054    -1.229 r  student_top_inst/Core_cpu/cpu_core/ex_inst/rv32m_iter_inst/div_dividend_r_reg[8]_i_3/CO[3]
                         net (fo=1, routed)           0.000    -1.229    student_top_inst/Core_cpu/cpu_core/ex_inst/rv32m_iter_inst/div_dividend_r_reg[8]_i_3_n_0
    SLICE_X62Y123        CARRY4 (Prop_carry4_CI_CO[3])
                                                      0.054    -1.175 f  student_top_inst/Core_cpu/cpu_core/ex_inst/rv32m_iter_inst/div_dividend_r_reg[12]_i_2/CO[3]
                         net (fo=1, routed)           0.000    -1.175    student_top_inst/Core_cpu/cpu_core/ex_inst/rv32m_iter_inst/div_dividend_r_reg[12]_i_2_n_0
    SLICE_X62Y124        CARRY4 (Prop_carry4_CI_CO[3])
                                                      0.054    -1.121 r  student_top_inst/Core_cpu/cpu_core/ex_inst/rv32m_iter_inst/div_dividend_r_reg[16]_i_3/CO[3]
                         net (fo=1, routed)           0.007    -1.114    student_top_inst/Core_cpu/cpu_core/ex_inst/rv32m_iter_inst/div_dividend_r_reg[16]_i_3_n_0
    SLICE_X62Y125        CARRY4 (Prop_carry4_CI_CO[3])
                                                      0.054    -1.060 r  student_top_inst/Core_cpu/cpu_core/ex_inst/rv32m_iter_inst/div_dividend_r_reg[20]_i_2/CO[3]
                         net (fo=1, routed)           0.000    -1.060    student_top_inst/Core_cpu/cpu_core/ex_inst/rv32m_iter_inst/div_dividend_r_reg[20]_i_2_n_0
    SLICE_X62Y126        CARRY4 (Prop_carry4_CI_CO[3])
                                                      0.054    -1.006 r  student_top_inst/Core_cpu/cpu_core/ex_inst/rv32m_iter_inst/div_dividend_r_reg[24]_i_3/CO[3]
                         net (fo=1, routed)           0.000    -1.006    student_top_inst/Core_cpu/cpu_core/ex_inst/rv32m_iter_inst/div_dividend_r_reg[24]_i_3_n_0
    SLICE_X62Y127        CARRY4 (Prop_carry4_CI_CO[3])
                                                      0.054    -0.952 r  student_top_inst/Core_cpu/cpu_core/ex_inst/rv32m_iter_inst/div_dividend_r_reg[28]_i_2/CO[3]
                         net (fo=1, routed)           0.000    -0.952    student_top_inst/Core_cpu/cpu_core/ex_inst/rv32m_iter_inst/div_dividend_r_reg[28]_i_2_n_0
    SLICE_X62Y128        CARRY4 (Prop_carry4_CI_O[0])
                                                      0.108    -0.844 f  student_top_inst/Core_cpu/cpu_core/ex_inst/rv32m_iter_inst/div_dividend_r_reg[31]_i_3/O[0]
                         net (fo=5, routed)           0.384    -0.460    student_top_inst/Core_cpu/cpu_core/ex_inst/rv32m_iter_inst/div_op1_abs0[29]
    SLICE_X66Y126        LUT5 (Prop_lut5_I4_O)        0.123    -0.337 f  student_top_inst/Core_cpu/cpu_core/ex_inst/rv32m_iter_inst/iter_count_r[5]_i_29/O
                         net (fo=2, routed)           0.356     0.019    student_top_inst/Core_cpu/cpu_core/ex_inst/rv32m_iter_inst/iter_count_r[5]_i_29_n_0
    SLICE_X60Y126        LUT6 (Prop_lut6_I0_O)        0.043     0.062 r  student_top_inst/Core_cpu/cpu_core/ex_inst/rv32m_iter_inst/iter_count_r[5]_i_10/O
                         net (fo=1, routed)           0.330     0.392    student_top_inst/Core_cpu/cpu_core/ex_inst/rv32m_iter_inst/iter_count_r[5]_i_10_n_0
    SLICE_X61Y126        CARRY4 (Prop_carry4_DI[2]_CO[3])
                                                      0.197     0.589 r  student_top_inst/Core_cpu/cpu_core/ex_inst/rv32m_iter_inst/iter_count_r_reg[5]_i_4/CO[3]
                         net (fo=35, routed)          0.440     1.029    student_top_inst/Core_cpu/cpu_core/ex_inst/rv32m_iter_inst/div_dividend_less
    SLICE_X59Y126        LUT6 (Prop_lut6_I0_O)        0.043     1.072 r  student_top_inst/Core_cpu/cpu_core/ex_inst/rv32m_iter_inst/state_r[2]_i_3/O
                         net (fo=8, routed)           0.516     1.588    student_top_inst/Core_cpu/cpu_core/ex_inst/rv32m_iter_inst/state_r[2]_i_3_n_0
    SLICE_X59Y120        LUT6 (Prop_lut6_I2_O)        0.043     1.631 r  student_top_inst/Core_cpu/cpu_core/ex_inst/rv32m_iter_inst/done_r_i_1/O
                         net (fo=40, routed)          0.466     2.096    student_top_inst/Core_cpu/cpu_core/ex_inst/rv32m_iter_inst/done_r_i_1_n_0
    SLICE_X56Y117        FDRE                                         r  student_top_inst/Core_cpu/cpu_core/ex_inst/rv32m_iter_inst/done_r_reg_rep__38/D
  -------------------------------------------------------------------    -------------------

                         (clock clk_out2_pll rise edge)
                                                      4.706     4.706 r  
    AD12                                              0.000     4.706 r  i_sys_clk_p (IN)
                         net (fo=0)                   0.000     4.706    pll_inst/inst/clk_in1_p
    AD12                 IBUFDS (Prop_ibufds_I_O)     0.803     5.509 r  pll_inst/inst/clkin1_ibufgds/O
                         net (fo=1, routed)           1.001     6.510    pll_inst/inst/clk_in1_pll
    PLLE2_ADV_X1Y1       PLLE2_ADV (Prop_plle2_adv_CLKIN1_CLKOUT1)
                                                     -7.261    -0.751 r  pll_inst/inst/plle2_adv_inst/CLKOUT1
                         net (fo=1, routed)           2.003     1.252    pll_inst/inst/clk_out2_pll
    BUFGCTRL_X0Y0        BUFG (Prop_bufg_I_O)         0.083     1.335 r  pll_inst/inst/clkout2_buf/O
                         net (fo=2866, routed)        1.253     2.588    student_top_inst/Core_cpu/cpu_core/ex_inst/rv32m_iter_inst/clk_out2
    SLICE_X56Y117        FDRE                                         r  student_top_inst/Core_cpu/cpu_core/ex_inst/rv32m_iter_inst/done_r_reg_rep__38/C
                         clock pessimism             -0.375     2.214    
                         clock uncertainty           -0.083     2.131    
    SLICE_X56Y117        FDRE (Setup_fdre_C_D)       -0.002     2.129    student_top_inst/Core_cpu/cpu_core/ex_inst/rv32m_iter_inst/done_r_reg_rep__38
  -------------------------------------------------------------------
                         required time                          2.129    
                         arrival time                          -2.096    
  -------------------------------------------------------------------
                         slack                                  0.032    

Slack (MET) :             0.032ns  (required time - arrival time)
  Source:                 student_top_inst/Core_cpu/cpu_core/ex_inst/rv32m_iter_inst/op1_raw_r_reg[0]/C
                            (rising edge-triggered cell FDRE clocked by clk_out2_pll  {rise@0.000ns fall@2.353ns period=4.706ns})
  Destination:            student_top_inst/Core_cpu/cpu_core/ex_inst/rv32m_iter_inst/done_r_reg_rep__38/D
                            (rising edge-triggered cell FDRE clocked by clk_out2_pll  {rise@0.000ns fall@2.353ns period=4.706ns})
  Path Group:             clk_out2_pll
  Path Type:              Setup (Max at Slow Process Corner)
  Requirement:            4.706ns  (clk_out2_pll rise@4.706ns - clk_out2_pll rise@0.000ns)
  Data Path Delay:        4.553ns  (logic 1.444ns (31.716%)  route 3.109ns (68.284%))
  Logic Levels:           14  (CARRY4=9 LUT1=1 LUT5=1 LUT6=3)
  Clock Path Skew:        -0.036ns (DCD - SCD + CPR)
    Destination Clock Delay (DCD):    -2.118ns = ( 2.588 - 4.706 ) 
    Source Clock Delay      (SCD):    -2.456ns
    Clock Pessimism Removal (CPR):    -0.375ns
  Clock Uncertainty:      0.083ns  ((TSJ^2 + DJ^2)^1/2) / 2 + PE
    Total System Jitter     (TSJ):    0.071ns
    Discrete Jitter          (DJ):    0.150ns
    Phase Error              (PE):    0.000ns

    Location             Delay type                Incr(ns)  Path(ns)    Netlist Resource(s)
  -------------------------------------------------------------------    -------------------
                         (clock clk_out2_pll rise edge)
                                                      0.000     0.000 r  
    AD12                                              0.000     0.000 r  i_sys_clk_p (IN)
                         net (fo=0)                   0.000     0.000    pll_inst/inst/clk_in1_p
    AD12                 IBUFDS (Prop_ibufds_I_O)     0.906     0.906 r  pll_inst/inst/clkin1_ibufgds/O
                         net (fo=1, routed)           1.098     2.004    pll_inst/inst/clk_in1_pll
    PLLE2_ADV_X1Y1       PLLE2_ADV (Prop_plle2_adv_CLKIN1_CLKOUT1)
                                                     -8.058    -6.054 r  pll_inst/inst/plle2_adv_inst/CLKOUT1
                         net (fo=1, routed)           2.128    -3.926    pll_inst/inst/clk_out2_pll
    BUFGCTRL_X0Y0        BUFG (Prop_bufg_I_O)         0.093    -3.833 r  pll_inst/inst/clkout2_buf/O
                         net (fo=2866, routed)        1.377    -2.456    student_top_inst/Core_cpu/cpu_core/ex_inst/rv32m_iter_inst/clk_out2
    SLICE_X64Y122        FDRE                                         r  student_top_inst/Core_cpu/cpu_core/ex_inst/rv32m_iter_inst/op1_raw_r_reg[0]/C
  -------------------------------------------------------------------    -------------------
    SLICE_X64Y122        FDRE (Prop_fdre_C_Q)         0.223    -2.233 f  student_top_inst/Core_cpu/cpu_core/ex_inst/rv32m_iter_inst/op1_raw_r_reg[0]/Q
                         net (fo=8, routed)           0.323    -1.910    student_top_inst/Core_cpu/cpu_core/ex_inst/rv32m_iter_inst/op1_raw_r_reg_n_0_[0]
    SLICE_X64Y122        LUT1 (Prop_lut1_I0_O)        0.043    -1.867 r  student_top_inst/Core_cpu/cpu_core/ex_inst/rv32m_iter_inst/div_dividend_r[4]_i_3/O
                         net (fo=2, routed)           0.287    -1.580    student_top_inst/Core_cpu/cpu_core/ex_inst/rv32m_iter_inst/p_0_in[0]
    SLICE_X62Y121        CARRY4 (Prop_carry4_CYINIT_CO[3])
                                                      0.297    -1.283 r  student_top_inst/Core_cpu/cpu_core/ex_inst/rv32m_iter_inst/div_dividend_r_reg[4]_i_2/CO[3]
                         net (fo=1, routed)           0.000    -1.283    student_top_inst/Core_cpu/cpu_core/ex_inst/rv32m_iter_inst/div_dividend_r_reg[4]_i_2_n_0
    SLICE_X62Y122        CARRY4 (Prop_carry4_CI_CO[3])
                                                      0.054    -1.229 f  student_top_inst/Core_cpu/cpu_core/ex_inst/rv32m_iter_inst/div_dividend_r_reg[8]_i_3/CO[3]
                         net (fo=1, routed)           0.000    -1.229    student_top_inst/Core_cpu/cpu_core/ex_inst/rv32m_iter_inst/div_dividend_r_reg[8]_i_3_n_0
    SLICE_X62Y123        CARRY4 (Prop_carry4_CI_CO[3])
                                                      0.054    -1.175 f  student_top_inst/Core_cpu/cpu_core/ex_inst/rv32m_iter_inst/div_dividend_r_reg[12]_i_2/CO[3]
                         net (fo=1, routed)           0.000    -1.175    student_top_inst/Core_cpu/cpu_core/ex_inst/rv32m_iter_inst/div_dividend_r_reg[12]_i_2_n_0
    SLICE_X62Y124        CARRY4 (Prop_carry4_CI_CO[3])
                                                      0.054    -1.121 r  student_top_inst/Core_cpu/cpu_core/ex_inst/rv32m_iter_inst/div_dividend_r_reg[16]_i_3/CO[3]
                         net (fo=1, routed)           0.007    -1.114    student_top_inst/Core_cpu/cpu_core/ex_inst/rv32m_iter_inst/div_dividend_r_reg[16]_i_3_n_0
    SLICE_X62Y125        CARRY4 (Prop_carry4_CI_CO[3])
                                                      0.054    -1.060 r  student_top_inst/Core_cpu/cpu_core/ex_inst/rv32m_iter_inst/div_dividend_r_reg[20]_i_2/CO[3]
                         net (fo=1, routed)           0.000    -1.060    student_top_inst/Core_cpu/cpu_core/ex_inst/rv32m_iter_inst/div_dividend_r_reg[20]_i_2_n_0
    SLICE_X62Y126        CARRY4 (Prop_carry4_CI_CO[3])
                                                      0.054    -1.006 r  student_top_inst/Core_cpu/cpu_core/ex_inst/rv32m_iter_inst/div_dividend_r_reg[24]_i_3/CO[3]
                         net (fo=1, routed)           0.000    -1.006    student_top_inst/Core_cpu/cpu_core/ex_inst/rv32m_iter_inst/div_dividend_r_reg[24]_i_3_n_0
    SLICE_X62Y127        CARRY4 (Prop_carry4_CI_CO[3])
                                                      0.054    -0.952 r  student_top_inst/Core_cpu/cpu_core/ex_inst/rv32m_iter_inst/div_dividend_r_reg[28]_i_2/CO[3]
                         net (fo=1, routed)           0.000    -0.952    student_top_inst/Core_cpu/cpu_core/ex_inst/rv32m_iter_inst/div_dividend_r_reg[28]_i_2_n_0
    SLICE_X62Y128        CARRY4 (Prop_carry4_CI_O[0])
                                                      0.108    -0.844 f  student_top_inst/Core_cpu/cpu_core/ex_inst/rv32m_iter_inst/div_dividend_r_reg[31]_i_3/O[0]
                         net (fo=5, routed)           0.384    -0.460    student_top_inst/Core_cpu/cpu_core/ex_inst/rv32m_iter_inst/div_op1_abs0[29]
    SLICE_X66Y126        LUT5 (Prop_lut5_I4_O)        0.123    -0.337 f  student_top_inst/Core_cpu/cpu_core/ex_inst/rv32m_iter_inst/iter_count_r[5]_i_29/O
                         net (fo=2, routed)           0.356     0.019    student_top_inst/Core_cpu/cpu_core/ex_inst/rv32m_iter_inst/iter_count_r[5]_i_29_n_0
    SLICE_X60Y126        LUT6 (Prop_lut6_I0_O)        0.043     0.062 r  student_top_inst/Core_cpu/cpu_core/ex_inst/rv32m_iter_inst/iter_count_r[5]_i_10/O
                         net (fo=1, routed)           0.330     0.392    student_top_inst/Core_cpu/cpu_core/ex_inst/rv32m_iter_inst/iter_count_r[5]_i_10_n_0
    SLICE_X61Y126        CARRY4 (Prop_carry4_DI[2]_CO[3])
                                                      0.197     0.589 r  student_top_inst/Core_cpu/cpu_core/ex_inst/rv32m_iter_inst/iter_count_r_reg[5]_i_4/CO[3]
                         net (fo=35, routed)          0.440     1.029    student_top_inst/Core_cpu/cpu_core/ex_inst/rv32m_iter_inst/div_dividend_less
    SLICE_X59Y126        LUT6 (Prop_lut6_I0_O)        0.043     1.072 r  student_top_inst/Core_cpu/cpu_core/ex_inst/rv32m_iter_inst/state_r[2]_i_3/O
                         net (fo=8, routed)           0.516     1.588    student_top_inst/Core_cpu/cpu_core/ex_inst/rv32m_iter_inst/state_r[2]_i_3_n_0
    SLICE_X59Y120        LUT6 (Prop_lut6_I2_O)        0.043     1.631 r  student_top_inst/Core_cpu/cpu_core/ex_inst/rv32m_iter_inst/done_r_i_1/O
                         net (fo=40, routed)          0.466     2.096    student_top_inst/Core_cpu/cpu_core/ex_inst/rv32m_iter_inst/done_r_i_1_n_0
    SLICE_X56Y117        FDRE                                         r  student_top_inst/Core_cpu/cpu_core/ex_inst/rv32m_iter_inst/done_r_reg_rep__38/D
  -------------------------------------------------------------------    -------------------

                         (clock clk_out2_pll rise edge)
                                                      4.706     4.706 r  
    AD12                                              0.000     4.706 r  i_sys_clk_p (IN)
                         net (fo=0)                   0.000     4.706    pll_inst/inst/clk_in1_p
    AD12                 IBUFDS (Prop_ibufds_I_O)     0.803     5.509 r  pll_inst/inst/clkin1_ibufgds/O
                         net (fo=1, routed)           1.001     6.510    pll_inst/inst/clk_in1_pll
    PLLE2_ADV_X1Y1       PLLE2_ADV (Prop_plle2_adv_CLKIN1_CLKOUT1)
                                                     -7.261    -0.751 r  pll_inst/inst/plle2_adv_inst/CLKOUT1
                         net (fo=1, routed)           2.003     1.252    pll_inst/inst/clk_out2_pll
    BUFGCTRL_X0Y0        BUFG (Prop_bufg_I_O)         0.083     1.335 r  pll_inst/inst/clkout2_buf/O
                         net (fo=2866, routed)        1.253     2.588    student_top_inst/Core_cpu/cpu_core/ex_inst/rv32m_iter_inst/clk_out2
    SLICE_X56Y117        FDRE                                         r  student_top_inst/Core_cpu/cpu_core/ex_inst/rv32m_iter_inst/done_r_reg_rep__38/C
                         clock pessimism             -0.375     2.214    
                         clock uncertainty           -0.083     2.131    
    SLICE_X56Y117        FDRE (Setup_fdre_C_D)       -0.002     2.129    student_top_inst/Core_cpu/cpu_core/ex_inst/rv32m_iter_inst/done_r_reg_rep__38
  -------------------------------------------------------------------
                         required time                          2.129    
                         arrival time                          -2.096    
  -------------------------------------------------------------------
                         slack                                  0.032    

Slack (MET) :             0.032ns  (required time - arrival time)
  Source:                 student_top_inst/Core_cpu/cpu_core/ex_inst/rv32m_iter_inst/op1_raw_r_reg[0]/C
                            (rising edge-triggered cell FDRE clocked by clk_out2_pll  {rise@0.000ns fall@2.353ns period=4.706ns})
  Destination:            student_top_inst/Core_cpu/cpu_core/ex_inst/rv32m_iter_inst/done_r_reg_rep__38/D
                            (rising edge-triggered cell FDRE clocked by clk_out2_pll  {rise@0.000ns fall@2.353ns period=4.706ns})
  Path Group:             clk_out2_pll
  Path Type:              Setup (Max at Slow Process Corner)
  Requirement:            4.706ns  (clk_out2_pll rise@4.706ns - clk_out2_pll rise@0.000ns)
  Data Path Delay:        4.553ns  (logic 1.444ns (31.716%)  route 3.109ns (68.284%))
  Logic Levels:           14  (CARRY4=9 LUT1=1 LUT5=1 LUT6=3)
  Clock Path Skew:        -0.036ns (DCD - SCD + CPR)
    Destination Clock Delay (DCD):    -2.118ns = ( 2.588 - 4.706 ) 
    Source Clock Delay      (SCD):    -2.456ns
    Clock Pessimism Removal (CPR):    -0.375ns
  Clock Uncertainty:      0.083ns  ((TSJ^2 + DJ^2)^1/2) / 2 + PE
    Total System Jitter     (TSJ):    0.071ns
    Discrete Jitter          (DJ):    0.150ns
    Phase Error              (PE):    0.000ns

    Location             Delay type                Incr(ns)  Path(ns)    Netlist Resource(s)
  -------------------------------------------------------------------    -------------------
                         (clock clk_out2_pll rise edge)
                                                      0.000     0.000 r  
    AD12                                              0.000     0.000 r  i_sys_clk_p (IN)
                         net (fo=0)                   0.000     0.000    pll_inst/inst/clk_in1_p
    AD12                 IBUFDS (Prop_ibufds_I_O)     0.906     0.906 r  pll_inst/inst/clkin1_ibufgds/O
                         net (fo=1, routed)           1.098     2.004    pll_inst/inst/clk_in1_pll
    PLLE2_ADV_X1Y1       PLLE2_ADV (Prop_plle2_adv_CLKIN1_CLKOUT1)
                                                     -8.058    -6.054 r  pll_inst/inst/plle2_adv_inst/CLKOUT1
                         net (fo=1, routed)           2.128    -3.926    pll_inst/inst/clk_out2_pll
    BUFGCTRL_X0Y0        BUFG (Prop_bufg_I_O)         0.093    -3.833 r  pll_inst/inst/clkout2_buf/O
                         net (fo=2866, routed)        1.377    -2.456    student_top_inst/Core_cpu/cpu_core/ex_inst/rv32m_iter_inst/clk_out2
    SLICE_X64Y122        FDRE                                         r  student_top_inst/Core_cpu/cpu_core/ex_inst/rv32m_iter_inst/op1_raw_r_reg[0]/C
  -------------------------------------------------------------------    -------------------
    SLICE_X64Y122        FDRE (Prop_fdre_C_Q)         0.223    -2.233 f  student_top_inst/Core_cpu/cpu_core/ex_inst/rv32m_iter_inst/op1_raw_r_reg[0]/Q
                         net (fo=8, routed)           0.323    -1.910    student_top_inst/Core_cpu/cpu_core/ex_inst/rv32m_iter_inst/op1_raw_r_reg_n_0_[0]
    SLICE_X64Y122        LUT1 (Prop_lut1_I0_O)        0.043    -1.867 r  student_top_inst/Core_cpu/cpu_core/ex_inst/rv32m_iter_inst/div_dividend_r[4]_i_3/O
                         net (fo=2, routed)           0.287    -1.580    student_top_inst/Core_cpu/cpu_core/ex_inst/rv32m_iter_inst/p_0_in[0]
    SLICE_X62Y121        CARRY4 (Prop_carry4_CYINIT_CO[3])
                                                      0.297    -1.283 r  student_top_inst/Core_cpu/cpu_core/ex_inst/rv32m_iter_inst/div_dividend_r_reg[4]_i_2/CO[3]
                         net (fo=1, routed)           0.000    -1.283    student_top_inst/Core_cpu/cpu_core/ex_inst/rv32m_iter_inst/div_dividend_r_reg[4]_i_2_n_0
    SLICE_X62Y122        CARRY4 (Prop_carry4_CI_CO[3])
                                                      0.054    -1.229 r  student_top_inst/Core_cpu/cpu_core/ex_inst/rv32m_iter_inst/div_dividend_r_reg[8]_i_3/CO[3]
                         net (fo=1, routed)           0.000    -1.229    student_top_inst/Core_cpu/cpu_core/ex_inst/rv32m_iter_inst/div_dividend_r_reg[8]_i_3_n_0
    SLICE_X62Y123        CARRY4 (Prop_carry4_CI_CO[3])
                                                      0.054    -1.175 r  student_top_inst/Core_cpu/cpu_core/ex_inst/rv32m_iter_inst/div_dividend_r_reg[12]_i_2/CO[3]
                         net (fo=1, routed)           0.000    -1.175    student_top_inst/Core_cpu/cpu_core/ex_inst/rv32m_iter_inst/div_dividend_r_reg[12]_i_2_n_0
    SLICE_X62Y124        CARRY4 (Prop_carry4_CI_CO[3])
                                                      0.054    -1.121 f  student_top_inst/Core_cpu/cpu_core/ex_inst/rv32m_iter_inst/div_dividend_r_reg[16]_i_3/CO[3]
                         net (fo=1, routed)           0.007    -1.114    student_top_inst/Core_cpu/cpu_core/ex_inst/rv32m_iter_inst/div_dividend_r_reg[16]_i_3_n_0
    SLICE_X62Y125        CARRY4 (Prop_carry4_CI_CO[3])
                                                      0.054    -1.060 r  student_top_inst/Core_cpu/cpu_core/ex_inst/rv32m_iter_inst/div_dividend_r_reg[20]_i_2/CO[3]
                         net (fo=1, routed)           0.000    -1.060    student_top_inst/Core_cpu/cpu_core/ex_inst/rv32m_iter_inst/div_dividend_r_reg[20]_i_2_n_0
    SLICE_X62Y126        CARRY4 (Prop_carry4_CI_CO[3])
                                                      0.054    -1.006 r  student_top_inst/Core_cpu/cpu_core/ex_inst/rv32m_iter_inst/div_dividend_r_reg[24]_i_3/CO[3]
                         net (fo=1, routed)           0.000    -1.006    student_top_inst/Core_cpu/cpu_core/ex_inst/rv32m_iter_inst/div_dividend_r_reg[24]_i_3_n_0
    SLICE_X62Y127        CARRY4 (Prop_carry4_CI_CO[3])
                                                      0.054    -0.952 r  student_top_inst/Core_cpu/cpu_core/ex_inst/rv32m_iter_inst/div_dividend_r_reg[28]_i_2/CO[3]
                         net (fo=1, routed)           0.000    -0.952    student_top_inst/Core_cpu/cpu_core/ex_inst/rv32m_iter_inst/div_dividend_r_reg[28]_i_2_n_0
    SLICE_X62Y128        CARRY4 (Prop_carry4_CI_O[0])
                                                      0.108    -0.844 f  student_top_inst/Core_cpu/cpu_core/ex_inst/rv32m_iter_inst/div_dividend_r_reg[31]_i_3/O[0]
                         net (fo=5, routed)           0.384    -0.460    student_top_inst/Core_cpu/cpu_core/ex_inst/rv32m_iter_inst/div_op1_abs0[29]
    SLICE_X66Y126        LUT5 (Prop_lut5_I4_O)        0.123    -0.337 f  student_top_inst/Core_cpu/cpu_core/ex_inst/rv32m_iter_inst/iter_count_r[5]_i_29/O
                         net (fo=2, routed)           0.356     0.019    student_top_inst/Core_cpu/cpu_core/ex_inst/rv32m_iter_inst/iter_count_r[5]_i_29_n_0
    SLICE_X60Y126        LUT6 (Prop_lut6_I0_O)        0.043     0.062 r  student_top_inst/Core_cpu/cpu_core/ex_inst/rv32m_iter_inst/iter_count_r[5]_i_10/O
                         net (fo=1, routed)           0.330     0.392    student_top_inst/Core_cpu/cpu_core/ex_inst/rv32m_iter_inst/iter_count_r[5]_i_10_n_0
    SLICE_X61Y126        CARRY4 (Prop_carry4_DI[2]_CO[3])
                                                      0.197     0.589 r  student_top_inst/Core_cpu/cpu_core/ex_inst/rv32m_iter_inst/iter_count_r_reg[5]_i_4/CO[3]
                         net (fo=35, routed)          0.440     1.029    student_top_inst/Core_cpu/cpu_core/ex_inst/rv32m_iter_inst/div_dividend_less
    SLICE_X59Y126        LUT6 (Prop_lut6_I0_O)        0.043     1.072 r  student_top_inst/Core_cpu/cpu_core/ex_inst/rv32m_iter_inst/state_r[2]_i_3/O
                         net (fo=8, routed)           0.516     1.588    student_top_inst/Core_cpu/cpu_core/ex_inst/rv32m_iter_inst/state_r[2]_i_3_n_0
    SLICE_X59Y120        LUT6 (Prop_lut6_I2_O)        0.043     1.631 r  student_top_inst/Core_cpu/cpu_core/ex_inst/rv32m_iter_inst/done_r_i_1/O
                         net (fo=40, routed)          0.466     2.096    student_top_inst/Core_cpu/cpu_core/ex_inst/rv32m_iter_inst/done_r_i_1_n_0
    SLICE_X56Y117        FDRE                                         r  student_top_inst/Core_cpu/cpu_core/ex_inst/rv32m_iter_inst/done_r_reg_rep__38/D
  -------------------------------------------------------------------    -------------------

                         (clock clk_out2_pll rise edge)
                                                      4.706     4.706 r  
    AD12                                              0.000     4.706 r  i_sys_clk_p (IN)
                         net (fo=0)                   0.000     4.706    pll_inst/inst/clk_in1_p
    AD12                 IBUFDS (Prop_ibufds_I_O)     0.803     5.509 r  pll_inst/inst/clkin1_ibufgds/O
                         net (fo=1, routed)           1.001     6.510    pll_inst/inst/clk_in1_pll
    PLLE2_ADV_X1Y1       PLLE2_ADV (Prop_plle2_adv_CLKIN1_CLKOUT1)
                                                     -7.261    -0.751 r  pll_inst/inst/plle2_adv_inst/CLKOUT1
                         net (fo=1, routed)           2.003     1.252    pll_inst/inst/clk_out2_pll
    BUFGCTRL_X0Y0        BUFG (Prop_bufg_I_O)         0.083     1.335 r  pll_inst/inst/clkout2_buf/O
                         net (fo=2866, routed)        1.253     2.588    student_top_inst/Core_cpu/cpu_core/ex_inst/rv32m_iter_inst/clk_out2
    SLICE_X56Y117        FDRE                                         r  student_top_inst/Core_cpu/cpu_core/ex_inst/rv32m_iter_inst/done_r_reg_rep__38/C
                         clock pessimism             -0.375     2.214    
                         clock uncertainty           -0.083     2.131    
    SLICE_X56Y117        FDRE (Setup_fdre_C_D)       -0.002     2.129    student_top_inst/Core_cpu/cpu_core/ex_inst/rv32m_iter_inst/done_r_reg_rep__38
  -------------------------------------------------------------------
                         required time                          2.129    
                         arrival time                          -2.096    
  -------------------------------------------------------------------
                         slack                                  0.032    

Slack (MET) :             0.039ns  (required time - arrival time)
  Source:                 student_top_inst/Core_cpu/cpu_core/ex_inst/rv32m_iter_inst/op1_raw_r_reg[0]/C
                            (rising edge-triggered cell FDRE clocked by clk_out2_pll  {rise@0.000ns fall@2.353ns period=4.706ns})
  Destination:            student_top_inst/Core_cpu/cpu_core/ex_inst/rv32m_iter_inst/done_r_reg_rep__39/D
                            (rising edge-triggered cell FDRE clocked by clk_out2_pll  {rise@0.000ns fall@2.353ns period=4.706ns})
  Path Group:             clk_out2_pll
  Path Type:              Setup (Max at Slow Process Corner)
  Requirement:            4.706ns  (clk_out2_pll rise@4.706ns - clk_out2_pll rise@0.000ns)
  Data Path Delay:        4.539ns  (logic 1.444ns (31.816%)  route 3.095ns (68.184%))
  Logic Levels:           14  (CARRY4=9 LUT1=1 LUT5=1 LUT6=3)
  Clock Path Skew:        -0.036ns (DCD - SCD + CPR)
    Destination Clock Delay (DCD):    -2.118ns = ( 2.588 - 4.706 ) 
    Source Clock Delay      (SCD):    -2.456ns
    Clock Pessimism Removal (CPR):    -0.375ns
  Clock Uncertainty:      0.083ns  ((TSJ^2 + DJ^2)^1/2) / 2 + PE
    Total System Jitter     (TSJ):    0.071ns
    Discrete Jitter          (DJ):    0.150ns
    Phase Error              (PE):    0.000ns

    Location             Delay type                Incr(ns)  Path(ns)    Netlist Resource(s)
  -------------------------------------------------------------------    -------------------
                         (clock clk_out2_pll rise edge)
                                                      0.000     0.000 r  
    AD12                                              0.000     0.000 r  i_sys_clk_p (IN)
                         net (fo=0)                   0.000     0.000    pll_inst/inst/clk_in1_p
    AD12                 IBUFDS (Prop_ibufds_I_O)     0.906     0.906 r  pll_inst/inst/clkin1_ibufgds/O
                         net (fo=1, routed)           1.098     2.004    pll_inst/inst/clk_in1_pll
    PLLE2_ADV_X1Y1       PLLE2_ADV (Prop_plle2_adv_CLKIN1_CLKOUT1)
                                                     -8.058    -6.054 r  pll_inst/inst/plle2_adv_inst/CLKOUT1
                         net (fo=1, routed)           2.128    -3.926    pll_inst/inst/clk_out2_pll
    BUFGCTRL_X0Y0        BUFG (Prop_bufg_I_O)         0.093    -3.833 r  pll_inst/inst/clkout2_buf/O
                         net (fo=2866, routed)        1.377    -2.456    student_top_inst/Core_cpu/cpu_core/ex_inst/rv32m_iter_inst/clk_out2
    SLICE_X64Y122        FDRE                                         r  student_top_inst/Core_cpu/cpu_core/ex_inst/rv32m_iter_inst/op1_raw_r_reg[0]/C
  -------------------------------------------------------------------    -------------------
    SLICE_X64Y122        FDRE (Prop_fdre_C_Q)         0.223    -2.233 f  student_top_inst/Core_cpu/cpu_core/ex_inst/rv32m_iter_inst/op1_raw_r_reg[0]/Q
                         net (fo=8, routed)           0.323    -1.910    student_top_inst/Core_cpu/cpu_core/ex_inst/rv32m_iter_inst/op1_raw_r_reg_n_0_[0]
    SLICE_X64Y122        LUT1 (Prop_lut1_I0_O)        0.043    -1.867 r  student_top_inst/Core_cpu/cpu_core/ex_inst/rv32m_iter_inst/div_dividend_r[4]_i_3/O
                         net (fo=2, routed)           0.287    -1.580    student_top_inst/Core_cpu/cpu_core/ex_inst/rv32m_iter_inst/p_0_in[0]
    SLICE_X62Y121        CARRY4 (Prop_carry4_CYINIT_CO[3])
                                                      0.297    -1.283 r  student_top_inst/Core_cpu/cpu_core/ex_inst/rv32m_iter_inst/div_dividend_r_reg[4]_i_2/CO[3]
                         net (fo=1, routed)           0.000    -1.283    student_top_inst/Core_cpu/cpu_core/ex_inst/rv32m_iter_inst/div_dividend_r_reg[4]_i_2_n_0
    SLICE_X62Y122        CARRY4 (Prop_carry4_CI_CO[3])
                                                      0.054    -1.229 r  student_top_inst/Core_cpu/cpu_core/ex_inst/rv32m_iter_inst/div_dividend_r_reg[8]_i_3/CO[3]
                         net (fo=1, routed)           0.000    -1.229    student_top_inst/Core_cpu/cpu_core/ex_inst/rv32m_iter_inst/div_dividend_r_reg[8]_i_3_n_0
    SLICE_X62Y123        CARRY4 (Prop_carry4_CI_CO[3])
                                                      0.054    -1.175 r  student_top_inst/Core_cpu/cpu_core/ex_inst/rv32m_iter_inst/div_dividend_r_reg[12]_i_2/CO[3]
                         net (fo=1, routed)           0.000    -1.175    student_top_inst/Core_cpu/cpu_core/ex_inst/rv32m_iter_inst/div_dividend_r_reg[12]_i_2_n_0
    SLICE_X62Y124        CARRY4 (Prop_carry4_CI_CO[3])
                                                      0.054    -1.121 r  student_top_inst/Core_cpu/cpu_core/ex_inst/rv32m_iter_inst/div_dividend_r_reg[16]_i_3/CO[3]
                         net (fo=1, routed)           0.007    -1.114    student_top_inst/Core_cpu/cpu_core/ex_inst/rv32m_iter_inst/div_dividend_r_reg[16]_i_3_n_0
    SLICE_X62Y125        CARRY4 (Prop_carry4_CI_CO[3])
                                                      0.054    -1.060 r  student_top_inst/Core_cpu/cpu_core/ex_inst/rv32m_iter_inst/div_dividend_r_reg[20]_i_2/CO[3]
                         net (fo=1, routed)           0.000    -1.060    student_top_inst/Core_cpu/cpu_core/ex_inst/rv32m_iter_inst/div_dividend_r_reg[20]_i_2_n_0
    SLICE_X62Y126        CARRY4 (Prop_carry4_CI_CO[3])
                                                      0.054    -1.006 r  student_top_inst/Core_cpu/cpu_core/ex_inst/rv32m_iter_inst/div_dividend_r_reg[24]_i_3/CO[3]
                         net (fo=1, routed)           0.000    -1.006    student_top_inst/Core_cpu/cpu_core/ex_inst/rv32m_iter_inst/div_dividend_r_reg[24]_i_3_n_0
    SLICE_X62Y127        CARRY4 (Prop_carry4_CI_CO[3])
                                                      0.054    -0.952 r  student_top_inst/Core_cpu/cpu_core/ex_inst/rv32m_iter_inst/div_dividend_r_reg[28]_i_2/CO[3]
                         net (fo=1, routed)           0.000    -0.952    student_top_inst/Core_cpu/cpu_core/ex_inst/rv32m_iter_inst/div_dividend_r_reg[28]_i_2_n_0
    SLICE_X62Y128        CARRY4 (Prop_carry4_CI_O[0])
                                                      0.108    -0.844 f  student_top_inst/Core_cpu/cpu_core/ex_inst/rv32m_iter_inst/div_dividend_r_reg[31]_i_3/O[0]
                         net (fo=5, routed)           0.384    -0.460    student_top_inst/Core_cpu/cpu_core/ex_inst/rv32m_iter_inst/div_op1_abs0[29]
    SLICE_X66Y126        LUT5 (Prop_lut5_I4_O)        0.123    -0.337 f  student_top_inst/Core_cpu/cpu_core/ex_inst/rv32m_iter_inst/iter_count_r[5]_i_29/O
                         net (fo=2, routed)           0.356     0.019    student_top_inst/Core_cpu/cpu_core/ex_inst/rv32m_iter_inst/iter_count_r[5]_i_29_n_0
    SLICE_X60Y126        LUT6 (Prop_lut6_I0_O)        0.043     0.062 r  student_top_inst/Core_cpu/cpu_core/ex_inst/rv32m_iter_inst/iter_count_r[5]_i_10/O
                         net (fo=1, routed)           0.330     0.392    student_top_inst/Core_cpu/cpu_core/ex_inst/rv32m_iter_inst/iter_count_r[5]_i_10_n_0
    SLICE_X61Y126        CARRY4 (Prop_carry4_DI[2]_CO[3])
                                                      0.197     0.589 r  student_top_inst/Core_cpu/cpu_core/ex_inst/rv32m_iter_inst/iter_count_r_reg[5]_i_4/CO[3]
                         net (fo=35, routed)          0.440     1.029    student_top_inst/Core_cpu/cpu_core/ex_inst/rv32m_iter_inst/div_dividend_less
    SLICE_X59Y126        LUT6 (Prop_lut6_I0_O)        0.043     1.072 r  student_top_inst/Core_cpu/cpu_core/ex_inst/rv32m_iter_inst/state_r[2]_i_3/O
                         net (fo=8, routed)           0.516     1.588    student_top_inst/Core_cpu/cpu_core/ex_inst/rv32m_iter_inst/state_r[2]_i_3_n_0
    SLICE_X59Y120        LUT6 (Prop_lut6_I2_O)        0.043     1.631 r  student_top_inst/Core_cpu/cpu_core/ex_inst/rv32m_iter_inst/done_r_i_1/O
                         net (fo=40, routed)          0.452     2.082    student_top_inst/Core_cpu/cpu_core/ex_inst/rv32m_iter_inst/done_r_i_1_n_0
    SLICE_X56Y117        FDRE                                         r  student_top_inst/Core_cpu/cpu_core/ex_inst/rv32m_iter_inst/done_r_reg_rep__39/D
  -------------------------------------------------------------------    -------------------

                         (clock clk_out2_pll rise edge)
                                                      4.706     4.706 r  
    AD12                                              0.000     4.706 r  i_sys_clk_p (IN)
                         net (fo=0)                   0.000     4.706    pll_inst/inst/clk_in1_p
    AD12                 IBUFDS (Prop_ibufds_I_O)     0.803     5.509 r  pll_inst/inst/clkin1_ibufgds/O
                         net (fo=1, routed)           1.001     6.510    pll_inst/inst/clk_in1_pll
    PLLE2_ADV_X1Y1       PLLE2_ADV (Prop_plle2_adv_CLKIN1_CLKOUT1)
                                                     -7.261    -0.751 r  pll_inst/inst/plle2_adv_inst/CLKOUT1
                         net (fo=1, routed)           2.003     1.252    pll_inst/inst/clk_out2_pll
    BUFGCTRL_X0Y0        BUFG (Prop_bufg_I_O)         0.083     1.335 r  pll_inst/inst/clkout2_buf/O
                         net (fo=2866, routed)        1.253     2.588    student_top_inst/Core_cpu/cpu_core/ex_inst/rv32m_iter_inst/clk_out2
    SLICE_X56Y117        FDRE                                         r  student_top_inst/Core_cpu/cpu_core/ex_inst/rv32m_iter_inst/done_r_reg_rep__39/C
                         clock pessimism             -0.375     2.214    
                         clock uncertainty           -0.083     2.131    
    SLICE_X56Y117        FDRE (Setup_fdre_C_D)       -0.010     2.121    student_top_inst/Core_cpu/cpu_core/ex_inst/rv32m_iter_inst/done_r_reg_rep__39
  -------------------------------------------------------------------
                         required time                          2.121    
                         arrival time                          -2.082    
  -------------------------------------------------------------------
                         slack                                  0.039    

Slack (MET) :             0.039ns  (required time - arrival time)
  Source:                 student_top_inst/Core_cpu/cpu_core/ex_inst/rv32m_iter_inst/op1_raw_r_reg[0]/C
                            (rising edge-triggered cell FDRE clocked by clk_out2_pll  {rise@0.000ns fall@2.353ns period=4.706ns})
  Destination:            student_top_inst/Core_cpu/cpu_core/ex_inst/rv32m_iter_inst/done_r_reg_rep__39/D
                            (rising edge-triggered cell FDRE clocked by clk_out2_pll  {rise@0.000ns fall@2.353ns period=4.706ns})
  Path Group:             clk_out2_pll
  Path Type:              Setup (Max at Slow Process Corner)
  Requirement:            4.706ns  (clk_out2_pll rise@4.706ns - clk_out2_pll rise@0.000ns)
  Data Path Delay:        4.539ns  (logic 1.444ns (31.816%)  route 3.095ns (68.184%))
  Logic Levels:           14  (CARRY4=9 LUT1=1 LUT5=1 LUT6=3)
  Clock Path Skew:        -0.036ns (DCD - SCD + CPR)
    Destination Clock Delay (DCD):    -2.118ns = ( 2.588 - 4.706 ) 
    Source Clock Delay      (SCD):    -2.456ns
    Clock Pessimism Removal (CPR):    -0.375ns
  Clock Uncertainty:      0.083ns  ((TSJ^2 + DJ^2)^1/2) / 2 + PE
    Total System Jitter     (TSJ):    0.071ns
    Discrete Jitter          (DJ):    0.150ns
    Phase Error              (PE):    0.000ns

    Location             Delay type                Incr(ns)  Path(ns)    Netlist Resource(s)
  -------------------------------------------------------------------    -------------------
                         (clock clk_out2_pll rise edge)
                                                      0.000     0.000 r  
    AD12                                              0.000     0.000 r  i_sys_clk_p (IN)
                         net (fo=0)                   0.000     0.000    pll_inst/inst/clk_in1_p
    AD12                 IBUFDS (Prop_ibufds_I_O)     0.906     0.906 r  pll_inst/inst/clkin1_ibufgds/O
                         net (fo=1, routed)           1.098     2.004    pll_inst/inst/clk_in1_pll
    PLLE2_ADV_X1Y1       PLLE2_ADV (Prop_plle2_adv_CLKIN1_CLKOUT1)
                                                     -8.058    -6.054 r  pll_inst/inst/plle2_adv_inst/CLKOUT1
                         net (fo=1, routed)           2.128    -3.926    pll_inst/inst/clk_out2_pll
    BUFGCTRL_X0Y0        BUFG (Prop_bufg_I_O)         0.093    -3.833 r  pll_inst/inst/clkout2_buf/O
                         net (fo=2866, routed)        1.377    -2.456    student_top_inst/Core_cpu/cpu_core/ex_inst/rv32m_iter_inst/clk_out2
    SLICE_X64Y122        FDRE                                         r  student_top_inst/Core_cpu/cpu_core/ex_inst/rv32m_iter_inst/op1_raw_r_reg[0]/C
  -------------------------------------------------------------------    -------------------
    SLICE_X64Y122        FDRE (Prop_fdre_C_Q)         0.223    -2.233 f  student_top_inst/Core_cpu/cpu_core/ex_inst/rv32m_iter_inst/op1_raw_r_reg[0]/Q
                         net (fo=8, routed)           0.323    -1.910    student_top_inst/Core_cpu/cpu_core/ex_inst/rv32m_iter_inst/op1_raw_r_reg_n_0_[0]
    SLICE_X64Y122        LUT1 (Prop_lut1_I0_O)        0.043    -1.867 r  student_top_inst/Core_cpu/cpu_core/ex_inst/rv32m_iter_inst/div_dividend_r[4]_i_3/O
                         net (fo=2, routed)           0.287    -1.580    student_top_inst/Core_cpu/cpu_core/ex_inst/rv32m_iter_inst/p_0_in[0]
    SLICE_X62Y121        CARRY4 (Prop_carry4_CYINIT_CO[3])
                                                      0.297    -1.283 r  student_top_inst/Core_cpu/cpu_core/ex_inst/rv32m_iter_inst/div_dividend_r_reg[4]_i_2/CO[3]
                         net (fo=1, routed)           0.000    -1.283    student_top_inst/Core_cpu/cpu_core/ex_inst/rv32m_iter_inst/div_dividend_r_reg[4]_i_2_n_0
    SLICE_X62Y122        CARRY4 (Prop_carry4_CI_CO[3])
                                                      0.054    -1.229 f  student_top_inst/Core_cpu/cpu_core/ex_inst/rv32m_iter_inst/div_dividend_r_reg[8]_i_3/CO[3]
                         net (fo=1, routed)           0.000    -1.229    student_top_inst/Core_cpu/cpu_core/ex_inst/rv32m_iter_inst/div_dividend_r_reg[8]_i_3_n_0
    SLICE_X62Y123        CARRY4 (Prop_carry4_CI_CO[3])
                                                      0.054    -1.175 r  student_top_inst/Core_cpu/cpu_core/ex_inst/rv32m_iter_inst/div_dividend_r_reg[12]_i_2/CO[3]
                         net (fo=1, routed)           0.000    -1.175    student_top_inst/Core_cpu/cpu_core/ex_inst/rv32m_iter_inst/div_dividend_r_reg[12]_i_2_n_0
    SLICE_X62Y124        CARRY4 (Prop_carry4_CI_CO[3])
                                                      0.054    -1.121 r  student_top_inst/Core_cpu/cpu_core/ex_inst/rv32m_iter_inst/div_dividend_r_reg[16]_i_3/CO[3]
                         net (fo=1, routed)           0.007    -1.114    student_top_inst/Core_cpu/cpu_core/ex_inst/rv32m_iter_inst/div_dividend_r_reg[16]_i_3_n_0
    SLICE_X62Y125        CARRY4 (Prop_carry4_CI_CO[3])
                                                      0.054    -1.060 r  student_top_inst/Core_cpu/cpu_core/ex_inst/rv32m_iter_inst/div_dividend_r_reg[20]_i_2/CO[3]
                         net (fo=1, routed)           0.000    -1.060    student_top_inst/Core_cpu/cpu_core/ex_inst/rv32m_iter_inst/div_dividend_r_reg[20]_i_2_n_0
    SLICE_X62Y126        CARRY4 (Prop_carry4_CI_CO[3])
                                                      0.054    -1.006 r  student_top_inst/Core_cpu/cpu_core/ex_inst/rv32m_iter_inst/div_dividend_r_reg[24]_i_3/CO[3]
                         net (fo=1, routed)           0.000    -1.006    student_top_inst/Core_cpu/cpu_core/ex_inst/rv32m_iter_inst/div_dividend_r_reg[24]_i_3_n_0
    SLICE_X62Y127        CARRY4 (Prop_carry4_CI_CO[3])
                                                      0.054    -0.952 r  student_top_inst/Core_cpu/cpu_core/ex_inst/rv32m_iter_inst/div_dividend_r_reg[28]_i_2/CO[3]
                         net (fo=1, routed)           0.000    -0.952    student_top_inst/Core_cpu/cpu_core/ex_inst/rv32m_iter_inst/div_dividend_r_reg[28]_i_2_n_0
    SLICE_X62Y128        CARRY4 (Prop_carry4_CI_O[0])
                                                      0.108    -0.844 f  student_top_inst/Core_cpu/cpu_core/ex_inst/rv32m_iter_inst/div_dividend_r_reg[31]_i_3/O[0]
                         net (fo=5, routed)           0.384    -0.460    student_top_inst/Core_cpu/cpu_core/ex_inst/rv32m_iter_inst/div_op1_abs0[29]
    SLICE_X66Y126        LUT5 (Prop_lut5_I4_O)        0.123    -0.337 f  student_top_inst/Core_cpu/cpu_core/ex_inst/rv32m_iter_inst/iter_count_r[5]_i_29/O
                         net (fo=2, routed)           0.356     0.019    student_top_inst/Core_cpu/cpu_core/ex_inst/rv32m_iter_inst/iter_count_r[5]_i_29_n_0
    SLICE_X60Y126        LUT6 (Prop_lut6_I0_O)        0.043     0.062 r  student_top_inst/Core_cpu/cpu_core/ex_inst/rv32m_iter_inst/iter_count_r[5]_i_10/O
                         net (fo=1, routed)           0.330     0.392    student_top_inst/Core_cpu/cpu_core/ex_inst/rv32m_iter_inst/iter_count_r[5]_i_10_n_0
    SLICE_X61Y126        CARRY4 (Prop_carry4_DI[2]_CO[3])
                                                      0.197     0.589 r  student_top_inst/Core_cpu/cpu_core/ex_inst/rv32m_iter_inst/iter_count_r_reg[5]_i_4/CO[3]
                         net (fo=35, routed)          0.440     1.029    student_top_inst/Core_cpu/cpu_core/ex_inst/rv32m_iter_inst/div_dividend_less
    SLICE_X59Y126        LUT6 (Prop_lut6_I0_O)        0.043     1.072 r  student_top_inst/Core_cpu/cpu_core/ex_inst/rv32m_iter_inst/state_r[2]_i_3/O
                         net (fo=8, routed)           0.516     1.588    student_top_inst/Core_cpu/cpu_core/ex_inst/rv32m_iter_inst/state_r[2]_i_3_n_0
    SLICE_X59Y120        LUT6 (Prop_lut6_I2_O)        0.043     1.631 r  student_top_inst/Core_cpu/cpu_core/ex_inst/rv32m_iter_inst/done_r_i_1/O
                         net (fo=40, routed)          0.452     2.082    student_top_inst/Core_cpu/cpu_core/ex_inst/rv32m_iter_inst/done_r_i_1_n_0
    SLICE_X56Y117        FDRE                                         r  student_top_inst/Core_cpu/cpu_core/ex_inst/rv32m_iter_inst/done_r_reg_rep__39/D
  -------------------------------------------------------------------    -------------------

                         (clock clk_out2_pll rise edge)
                                                      4.706     4.706 r  
    AD12                                              0.000     4.706 r  i_sys_clk_p (IN)
                         net (fo=0)                   0.000     4.706    pll_inst/inst/clk_in1_p
    AD12                 IBUFDS (Prop_ibufds_I_O)     0.803     5.509 r  pll_inst/inst/clkin1_ibufgds/O
                         net (fo=1, routed)           1.001     6.510    pll_inst/inst/clk_in1_pll
    PLLE2_ADV_X1Y1       PLLE2_ADV (Prop_plle2_adv_CLKIN1_CLKOUT1)
                                                     -7.261    -0.751 r  pll_inst/inst/plle2_adv_inst/CLKOUT1
                         net (fo=1, routed)           2.003     1.252    pll_inst/inst/clk_out2_pll
    BUFGCTRL_X0Y0        BUFG (Prop_bufg_I_O)         0.083     1.335 r  pll_inst/inst/clkout2_buf/O
                         net (fo=2866, routed)        1.253     2.588    student_top_inst/Core_cpu/cpu_core/ex_inst/rv32m_iter_inst/clk_out2
    SLICE_X56Y117        FDRE                                         r  student_top_inst/Core_cpu/cpu_core/ex_inst/rv32m_iter_inst/done_r_reg_rep__39/C
                         clock pessimism             -0.375     2.214    
                         clock uncertainty           -0.083     2.131    
    SLICE_X56Y117        FDRE (Setup_fdre_C_D)       -0.010     2.121    student_top_inst/Core_cpu/cpu_core/ex_inst/rv32m_iter_inst/done_r_reg_rep__39
  -------------------------------------------------------------------
                         required time                          2.121    
                         arrival time                          -2.082    
  -------------------------------------------------------------------
                         slack                                  0.039    

Slack (MET) :             0.039ns  (required time - arrival time)
  Source:                 student_top_inst/Core_cpu/cpu_core/ex_inst/rv32m_iter_inst/op1_raw_r_reg[0]/C
                            (rising edge-triggered cell FDRE clocked by clk_out2_pll  {rise@0.000ns fall@2.353ns period=4.706ns})
  Destination:            student_top_inst/Core_cpu/cpu_core/ex_inst/rv32m_iter_inst/done_r_reg_rep__39/D
                            (rising edge-triggered cell FDRE clocked by clk_out2_pll  {rise@0.000ns fall@2.353ns period=4.706ns})
  Path Group:             clk_out2_pll
  Path Type:              Setup (Max at Slow Process Corner)
  Requirement:            4.706ns  (clk_out2_pll rise@4.706ns - clk_out2_pll rise@0.000ns)
  Data Path Delay:        4.539ns  (logic 1.444ns (31.816%)  route 3.095ns (68.184%))
  Logic Levels:           14  (CARRY4=9 LUT1=1 LUT5=1 LUT6=3)
  Clock Path Skew:        -0.036ns (DCD - SCD + CPR)
    Destination Clock Delay (DCD):    -2.118ns = ( 2.588 - 4.706 ) 
    Source Clock Delay      (SCD):    -2.456ns
    Clock Pessimism Removal (CPR):    -0.375ns
  Clock Uncertainty:      0.083ns  ((TSJ^2 + DJ^2)^1/2) / 2 + PE
    Total System Jitter     (TSJ):    0.071ns
    Discrete Jitter          (DJ):    0.150ns
    Phase Error              (PE):    0.000ns

    Location             Delay type                Incr(ns)  Path(ns)    Netlist Resource(s)
  -------------------------------------------------------------------    -------------------
                         (clock clk_out2_pll rise edge)
                                                      0.000     0.000 r  
    AD12                                              0.000     0.000 r  i_sys_clk_p (IN)
                         net (fo=0)                   0.000     0.000    pll_inst/inst/clk_in1_p
    AD12                 IBUFDS (Prop_ibufds_I_O)     0.906     0.906 r  pll_inst/inst/clkin1_ibufgds/O
                         net (fo=1, routed)           1.098     2.004    pll_inst/inst/clk_in1_pll
    PLLE2_ADV_X1Y1       PLLE2_ADV (Prop_plle2_adv_CLKIN1_CLKOUT1)
                                                     -8.058    -6.054 r  pll_inst/inst/plle2_adv_inst/CLKOUT1
                         net (fo=1, routed)           2.128    -3.926    pll_inst/inst/clk_out2_pll
    BUFGCTRL_X0Y0        BUFG (Prop_bufg_I_O)         0.093    -3.833 r  pll_inst/inst/clkout2_buf/O
                         net (fo=2866, routed)        1.377    -2.456    student_top_inst/Core_cpu/cpu_core/ex_inst/rv32m_iter_inst/clk_out2
    SLICE_X64Y122        FDRE                                         r  student_top_inst/Core_cpu/cpu_core/ex_inst/rv32m_iter_inst/op1_raw_r_reg[0]/C
  -------------------------------------------------------------------    -------------------
    SLICE_X64Y122        FDRE (Prop_fdre_C_Q)         0.223    -2.233 f  student_top_inst/Core_cpu/cpu_core/ex_inst/rv32m_iter_inst/op1_raw_r_reg[0]/Q
                         net (fo=8, routed)           0.323    -1.910    student_top_inst/Core_cpu/cpu_core/ex_inst/rv32m_iter_inst/op1_raw_r_reg_n_0_[0]
    SLICE_X64Y122        LUT1 (Prop_lut1_I0_O)        0.043    -1.867 r  student_top_inst/Core_cpu/cpu_core/ex_inst/rv32m_iter_inst/div_dividend_r[4]_i_3/O
                         net (fo=2, routed)           0.287    -1.580    student_top_inst/Core_cpu/cpu_core/ex_inst/rv32m_iter_inst/p_0_in[0]
    SLICE_X62Y121        CARRY4 (Prop_carry4_CYINIT_CO[3])
                                                      0.297    -1.283 r  student_top_inst/Core_cpu/cpu_core/ex_inst/rv32m_iter_inst/div_dividend_r_reg[4]_i_2/CO[3]
                         net (fo=1, routed)           0.000    -1.283    student_top_inst/Core_cpu/cpu_core/ex_inst/rv32m_iter_inst/div_dividend_r_reg[4]_i_2_n_0
    SLICE_X62Y122        CARRY4 (Prop_carry4_CI_CO[3])
                                                      0.054    -1.229 r  student_top_inst/Core_cpu/cpu_core/ex_inst/rv32m_iter_inst/div_dividend_r_reg[8]_i_3/CO[3]
                         net (fo=1, routed)           0.000    -1.229    student_top_inst/Core_cpu/cpu_core/ex_inst/rv32m_iter_inst/div_dividend_r_reg[8]_i_3_n_0
    SLICE_X62Y123        CARRY4 (Prop_carry4_CI_CO[3])
                                                      0.054    -1.175 f  student_top_inst/Core_cpu/cpu_core/ex_inst/rv32m_iter_inst/div_dividend_r_reg[12]_i_2/CO[3]
                         net (fo=1, routed)           0.000    -1.175    student_top_inst/Core_cpu/cpu_core/ex_inst/rv32m_iter_inst/div_dividend_r_reg[12]_i_2_n_0
    SLICE_X62Y124        CARRY4 (Prop_carry4_CI_CO[3])
                                                      0.054    -1.121 r  student_top_inst/Core_cpu/cpu_core/ex_inst/rv32m_iter_inst/div_dividend_r_reg[16]_i_3/CO[3]
                         net (fo=1, routed)           0.007    -1.114    student_top_inst/Core_cpu/cpu_core/ex_inst/rv32m_iter_inst/div_dividend_r_reg[16]_i_3_n_0
    SLICE_X62Y125        CARRY4 (Prop_carry4_CI_CO[3])
                                                      0.054    -1.060 r  student_top_inst/Core_cpu/cpu_core/ex_inst/rv32m_iter_inst/div_dividend_r_reg[20]_i_2/CO[3]
                         net (fo=1, routed)           0.000    -1.060    student_top_inst/Core_cpu/cpu_core/ex_inst/rv32m_iter_inst/div_dividend_r_reg[20]_i_2_n_0
    SLICE_X62Y126        CARRY4 (Prop_carry4_CI_CO[3])
                                                      0.054    -1.006 r  student_top_inst/Core_cpu/cpu_core/ex_inst/rv32m_iter_inst/div_dividend_r_reg[24]_i_3/CO[3]
                         net (fo=1, routed)           0.000    -1.006    student_top_inst/Core_cpu/cpu_core/ex_inst/rv32m_iter_inst/div_dividend_r_reg[24]_i_3_n_0
    SLICE_X62Y127        CARRY4 (Prop_carry4_CI_CO[3])
                                                      0.054    -0.952 r  student_top_inst/Core_cpu/cpu_core/ex_inst/rv32m_iter_inst/div_dividend_r_reg[28]_i_2/CO[3]
                         net (fo=1, routed)           0.000    -0.952    student_top_inst/Core_cpu/cpu_core/ex_inst/rv32m_iter_inst/div_dividend_r_reg[28]_i_2_n_0
    SLICE_X62Y128        CARRY4 (Prop_carry4_CI_O[0])
                                                      0.108    -0.844 f  student_top_inst/Core_cpu/cpu_core/ex_inst/rv32m_iter_inst/div_dividend_r_reg[31]_i_3/O[0]
                         net (fo=5, routed)           0.384    -0.460    student_top_inst/Core_cpu/cpu_core/ex_inst/rv32m_iter_inst/div_op1_abs0[29]
    SLICE_X66Y126        LUT5 (Prop_lut5_I4_O)        0.123    -0.337 f  student_top_inst/Core_cpu/cpu_core/ex_inst/rv32m_iter_inst/iter_count_r[5]_i_29/O
                         net (fo=2, routed)           0.356     0.019    student_top_inst/Core_cpu/cpu_core/ex_inst/rv32m_iter_inst/iter_count_r[5]_i_29_n_0
    SLICE_X60Y126        LUT6 (Prop_lut6_I0_O)        0.043     0.062 r  student_top_inst/Core_cpu/cpu_core/ex_inst/rv32m_iter_inst/iter_count_r[5]_i_10/O
                         net (fo=1, routed)           0.330     0.392    student_top_inst/Core_cpu/cpu_core/ex_inst/rv32m_iter_inst/iter_count_r[5]_i_10_n_0
    SLICE_X61Y126        CARRY4 (Prop_carry4_DI[2]_CO[3])
                                                      0.197     0.589 r  student_top_inst/Core_cpu/cpu_core/ex_inst/rv32m_iter_inst/iter_count_r_reg[5]_i_4/CO[3]
                         net (fo=35, routed)          0.440     1.029    student_top_inst/Core_cpu/cpu_core/ex_inst/rv32m_iter_inst/div_dividend_less
    SLICE_X59Y126        LUT6 (Prop_lut6_I0_O)        0.043     1.072 r  student_top_inst/Core_cpu/cpu_core/ex_inst/rv32m_iter_inst/state_r[2]_i_3/O
                         net (fo=8, routed)           0.516     1.588    student_top_inst/Core_cpu/cpu_core/ex_inst/rv32m_iter_inst/state_r[2]_i_3_n_0
    SLICE_X59Y120        LUT6 (Prop_lut6_I2_O)        0.043     1.631 r  student_top_inst/Core_cpu/cpu_core/ex_inst/rv32m_iter_inst/done_r_i_1/O
                         net (fo=40, routed)          0.452     2.082    student_top_inst/Core_cpu/cpu_core/ex_inst/rv32m_iter_inst/done_r_i_1_n_0
    SLICE_X56Y117        FDRE                                         r  student_top_inst/Core_cpu/cpu_core/ex_inst/rv32m_iter_inst/done_r_reg_rep__39/D
  -------------------------------------------------------------------    -------------------

                         (clock clk_out2_pll rise edge)
                                                      4.706     4.706 r  
    AD12                                              0.000     4.706 r  i_sys_clk_p (IN)
                         net (fo=0)                   0.000     4.706    pll_inst/inst/clk_in1_p
    AD12                 IBUFDS (Prop_ibufds_I_O)     0.803     5.509 r  pll_inst/inst/clkin1_ibufgds/O
                         net (fo=1, routed)           1.001     6.510    pll_inst/inst/clk_in1_pll
    PLLE2_ADV_X1Y1       PLLE2_ADV (Prop_plle2_adv_CLKIN1_CLKOUT1)
                                                     -7.261    -0.751 r  pll_inst/inst/plle2_adv_inst/CLKOUT1
                         net (fo=1, routed)           2.003     1.252    pll_inst/inst/clk_out2_pll
    BUFGCTRL_X0Y0        BUFG (Prop_bufg_I_O)         0.083     1.335 r  pll_inst/inst/clkout2_buf/O
                         net (fo=2866, routed)        1.253     2.588    student_top_inst/Core_cpu/cpu_core/ex_inst/rv32m_iter_inst/clk_out2
    SLICE_X56Y117        FDRE                                         r  student_top_inst/Core_cpu/cpu_core/ex_inst/rv32m_iter_inst/done_r_reg_rep__39/C
                         clock pessimism             -0.375     2.214    
                         clock uncertainty           -0.083     2.131    
    SLICE_X56Y117        FDRE (Setup_fdre_C_D)       -0.010     2.121    student_top_inst/Core_cpu/cpu_core/ex_inst/rv32m_iter_inst/done_r_reg_rep__39
  -------------------------------------------------------------------
                         required time                          2.121    
                         arrival time                          -2.082    
  -------------------------------------------------------------------
                         slack                                  0.039    

Slack (MET) :             0.039ns  (required time - arrival time)
  Source:                 student_top_inst/Core_cpu/cpu_core/ex_inst/rv32m_iter_inst/op1_raw_r_reg[0]/C
                            (rising edge-triggered cell FDRE clocked by clk_out2_pll  {rise@0.000ns fall@2.353ns period=4.706ns})
  Destination:            student_top_inst/Core_cpu/cpu_core/ex_inst/rv32m_iter_inst/done_r_reg_rep__39/D
                            (rising edge-triggered cell FDRE clocked by clk_out2_pll  {rise@0.000ns fall@2.353ns period=4.706ns})
  Path Group:             clk_out2_pll
  Path Type:              Setup (Max at Slow Process Corner)
  Requirement:            4.706ns  (clk_out2_pll rise@4.706ns - clk_out2_pll rise@0.000ns)
  Data Path Delay:        4.539ns  (logic 1.444ns (31.816%)  route 3.095ns (68.184%))
  Logic Levels:           14  (CARRY4=9 LUT1=1 LUT5=1 LUT6=3)
  Clock Path Skew:        -0.036ns (DCD - SCD + CPR)
    Destination Clock Delay (DCD):    -2.118ns = ( 2.588 - 4.706 ) 
    Source Clock Delay      (SCD):    -2.456ns
    Clock Pessimism Removal (CPR):    -0.375ns
  Clock Uncertainty:      0.083ns  ((TSJ^2 + DJ^2)^1/2) / 2 + PE
    Total System Jitter     (TSJ):    0.071ns
    Discrete Jitter          (DJ):    0.150ns
    Phase Error              (PE):    0.000ns

    Location             Delay type                Incr(ns)  Path(ns)    Netlist Resource(s)
  -------------------------------------------------------------------    -------------------
                         (clock clk_out2_pll rise edge)
                                                      0.000     0.000 r  
    AD12                                              0.000     0.000 r  i_sys_clk_p (IN)
                         net (fo=0)                   0.000     0.000    pll_inst/inst/clk_in1_p
    AD12                 IBUFDS (Prop_ibufds_I_O)     0.906     0.906 r  pll_inst/inst/clkin1_ibufgds/O
                         net (fo=1, routed)           1.098     2.004    pll_inst/inst/clk_in1_pll
    PLLE2_ADV_X1Y1       PLLE2_ADV (Prop_plle2_adv_CLKIN1_CLKOUT1)
                                                     -8.058    -6.054 r  pll_inst/inst/plle2_adv_inst/CLKOUT1
                         net (fo=1, routed)           2.128    -3.926    pll_inst/inst/clk_out2_pll
    BUFGCTRL_X0Y0        BUFG (Prop_bufg_I_O)         0.093    -3.833 r  pll_inst/inst/clkout2_buf/O
                         net (fo=2866, routed)        1.377    -2.456    student_top_inst/Core_cpu/cpu_core/ex_inst/rv32m_iter_inst/clk_out2
    SLICE_X64Y122        FDRE                                         r  student_top_inst/Core_cpu/cpu_core/ex_inst/rv32m_iter_inst/op1_raw_r_reg[0]/C
  -------------------------------------------------------------------    -------------------
    SLICE_X64Y122        FDRE (Prop_fdre_C_Q)         0.223    -2.233 f  student_top_inst/Core_cpu/cpu_core/ex_inst/rv32m_iter_inst/op1_raw_r_reg[0]/Q
                         net (fo=8, routed)           0.323    -1.910    student_top_inst/Core_cpu/cpu_core/ex_inst/rv32m_iter_inst/op1_raw_r_reg_n_0_[0]
    SLICE_X64Y122        LUT1 (Prop_lut1_I0_O)        0.043    -1.867 r  student_top_inst/Core_cpu/cpu_core/ex_inst/rv32m_iter_inst/div_dividend_r[4]_i_3/O
                         net (fo=2, routed)           0.287    -1.580    student_top_inst/Core_cpu/cpu_core/ex_inst/rv32m_iter_inst/p_0_in[0]
    SLICE_X62Y121        CARRY4 (Prop_carry4_CYINIT_CO[3])
                                                      0.297    -1.283 r  student_top_inst/Core_cpu/cpu_core/ex_inst/rv32m_iter_inst/div_dividend_r_reg[4]_i_2/CO[3]
                         net (fo=1, routed)           0.000    -1.283    student_top_inst/Core_cpu/cpu_core/ex_inst/rv32m_iter_inst/div_dividend_r_reg[4]_i_2_n_0
    SLICE_X62Y122        CARRY4 (Prop_carry4_CI_CO[3])
                                                      0.054    -1.229 f  student_top_inst/Core_cpu/cpu_core/ex_inst/rv32m_iter_inst/div_dividend_r_reg[8]_i_3/CO[3]
                         net (fo=1, routed)           0.000    -1.229    student_top_inst/Core_cpu/cpu_core/ex_inst/rv32m_iter_inst/div_dividend_r_reg[8]_i_3_n_0
    SLICE_X62Y123        CARRY4 (Prop_carry4_CI_CO[3])
                                                      0.054    -1.175 f  student_top_inst/Core_cpu/cpu_core/ex_inst/rv32m_iter_inst/div_dividend_r_reg[12]_i_2/CO[3]
                         net (fo=1, routed)           0.000    -1.175    student_top_inst/Core_cpu/cpu_core/ex_inst/rv32m_iter_inst/div_dividend_r_reg[12]_i_2_n_0
    SLICE_X62Y124        CARRY4 (Prop_carry4_CI_CO[3])
                                                      0.054    -1.121 r  student_top_inst/Core_cpu/cpu_core/ex_inst/rv32m_iter_inst/div_dividend_r_reg[16]_i_3/CO[3]
                         net (fo=1, routed)           0.007    -1.114    student_top_inst/Core_cpu/cpu_core/ex_inst/rv32m_iter_inst/div_dividend_r_reg[16]_i_3_n_0
    SLICE_X62Y125        CARRY4 (Prop_carry4_CI_CO[3])
                                                      0.054    -1.060 r  student_top_inst/Core_cpu/cpu_core/ex_inst/rv32m_iter_inst/div_dividend_r_reg[20]_i_2/CO[3]
                         net (fo=1, routed)           0.000    -1.060    student_top_inst/Core_cpu/cpu_core/ex_inst/rv32m_iter_inst/div_dividend_r_reg[20]_i_2_n_0
    SLICE_X62Y126        CARRY4 (Prop_carry4_CI_CO[3])
                                                      0.054    -1.006 r  student_top_inst/Core_cpu/cpu_core/ex_inst/rv32m_iter_inst/div_dividend_r_reg[24]_i_3/CO[3]
                         net (fo=1, routed)           0.000    -1.006    student_top_inst/Core_cpu/cpu_core/ex_inst/rv32m_iter_inst/div_dividend_r_reg[24]_i_3_n_0
    SLICE_X62Y127        CARRY4 (Prop_carry4_CI_CO[3])
                                                      0.054    -0.952 r  student_top_inst/Core_cpu/cpu_core/ex_inst/rv32m_iter_inst/div_dividend_r_reg[28]_i_2/CO[3]
                         net (fo=1, routed)           0.000    -0.952    student_top_inst/Core_cpu/cpu_core/ex_inst/rv32m_iter_inst/div_dividend_r_reg[28]_i_2_n_0
    SLICE_X62Y128        CARRY4 (Prop_carry4_CI_O[0])
                                                      0.108    -0.844 f  student_top_inst/Core_cpu/cpu_core/ex_inst/rv32m_iter_inst/div_dividend_r_reg[31]_i_3/O[0]
                         net (fo=5, routed)           0.384    -0.460    student_top_inst/Core_cpu/cpu_core/ex_inst/rv32m_iter_inst/div_op1_abs0[29]
    SLICE_X66Y126        LUT5 (Prop_lut5_I4_O)        0.123    -0.337 f  student_top_inst/Core_cpu/cpu_core/ex_inst/rv32m_iter_inst/iter_count_r[5]_i_29/O
                         net (fo=2, routed)           0.356     0.019    student_top_inst/Core_cpu/cpu_core/ex_inst/rv32m_iter_inst/iter_count_r[5]_i_29_n_0
    SLICE_X60Y126        LUT6 (Prop_lut6_I0_O)        0.043     0.062 r  student_top_inst/Core_cpu/cpu_core/ex_inst/rv32m_iter_inst/iter_count_r[5]_i_10/O
                         net (fo=1, routed)           0.330     0.392    student_top_inst/Core_cpu/cpu_core/ex_inst/rv32m_iter_inst/iter_count_r[5]_i_10_n_0
    SLICE_X61Y126        CARRY4 (Prop_carry4_DI[2]_CO[3])
                                                      0.197     0.589 r  student_top_inst/Core_cpu/cpu_core/ex_inst/rv32m_iter_inst/iter_count_r_reg[5]_i_4/CO[3]
                         net (fo=35, routed)          0.440     1.029    student_top_inst/Core_cpu/cpu_core/ex_inst/rv32m_iter_inst/div_dividend_less
    SLICE_X59Y126        LUT6 (Prop_lut6_I0_O)        0.043     1.072 r  student_top_inst/Core_cpu/cpu_core/ex_inst/rv32m_iter_inst/state_r[2]_i_3/O
                         net (fo=8, routed)           0.516     1.588    student_top_inst/Core_cpu/cpu_core/ex_inst/rv32m_iter_inst/state_r[2]_i_3_n_0
    SLICE_X59Y120        LUT6 (Prop_lut6_I2_O)        0.043     1.631 r  student_top_inst/Core_cpu/cpu_core/ex_inst/rv32m_iter_inst/done_r_i_1/O
                         net (fo=40, routed)          0.452     2.082    student_top_inst/Core_cpu/cpu_core/ex_inst/rv32m_iter_inst/done_r_i_1_n_0
    SLICE_X56Y117        FDRE                                         r  student_top_inst/Core_cpu/cpu_core/ex_inst/rv32m_iter_inst/done_r_reg_rep__39/D
  -------------------------------------------------------------------    -------------------

                         (clock clk_out2_pll rise edge)
                                                      4.706     4.706 r  
    AD12                                              0.000     4.706 r  i_sys_clk_p (IN)
                         net (fo=0)                   0.000     4.706    pll_inst/inst/clk_in1_p
    AD12                 IBUFDS (Prop_ibufds_I_O)     0.803     5.509 r  pll_inst/inst/clkin1_ibufgds/O
                         net (fo=1, routed)           1.001     6.510    pll_inst/inst/clk_in1_pll
    PLLE2_ADV_X1Y1       PLLE2_ADV (Prop_plle2_adv_CLKIN1_CLKOUT1)
                                                     -7.261    -0.751 r  pll_inst/inst/plle2_adv_inst/CLKOUT1
                         net (fo=1, routed)           2.003     1.252    pll_inst/inst/clk_out2_pll
    BUFGCTRL_X0Y0        BUFG (Prop_bufg_I_O)         0.083     1.335 r  pll_inst/inst/clkout2_buf/O
                         net (fo=2866, routed)        1.253     2.588    student_top_inst/Core_cpu/cpu_core/ex_inst/rv32m_iter_inst/clk_out2
    SLICE_X56Y117        FDRE                                         r  student_top_inst/Core_cpu/cpu_core/ex_inst/rv32m_iter_inst/done_r_reg_rep__39/C
                         clock pessimism             -0.375     2.214    
                         clock uncertainty           -0.083     2.131    
    SLICE_X56Y117        FDRE (Setup_fdre_C_D)       -0.010     2.121    student_top_inst/Core_cpu/cpu_core/ex_inst/rv32m_iter_inst/done_r_reg_rep__39
  -------------------------------------------------------------------
                         required time                          2.121    
                         arrival time                          -2.082    
  -------------------------------------------------------------------
                         slack                                  0.039    

Slack (MET) :             0.039ns  (required time - arrival time)
  Source:                 student_top_inst/Core_cpu/cpu_core/ex_inst/rv32m_iter_inst/op1_raw_r_reg[0]/C
                            (rising edge-triggered cell FDRE clocked by clk_out2_pll  {rise@0.000ns fall@2.353ns period=4.706ns})
  Destination:            student_top_inst/Core_cpu/cpu_core/ex_inst/rv32m_iter_inst/done_r_reg_rep__39/D
                            (rising edge-triggered cell FDRE clocked by clk_out2_pll  {rise@0.000ns fall@2.353ns period=4.706ns})
  Path Group:             clk_out2_pll
  Path Type:              Setup (Max at Slow Process Corner)
  Requirement:            4.706ns  (clk_out2_pll rise@4.706ns - clk_out2_pll rise@0.000ns)
  Data Path Delay:        4.539ns  (logic 1.444ns (31.816%)  route 3.095ns (68.184%))
  Logic Levels:           14  (CARRY4=9 LUT1=1 LUT5=1 LUT6=3)
  Clock Path Skew:        -0.036ns (DCD - SCD + CPR)
    Destination Clock Delay (DCD):    -2.118ns = ( 2.588 - 4.706 ) 
    Source Clock Delay      (SCD):    -2.456ns
    Clock Pessimism Removal (CPR):    -0.375ns
  Clock Uncertainty:      0.083ns  ((TSJ^2 + DJ^2)^1/2) / 2 + PE
    Total System Jitter     (TSJ):    0.071ns
    Discrete Jitter          (DJ):    0.150ns
    Phase Error              (PE):    0.000ns

    Location             Delay type                Incr(ns)  Path(ns)    Netlist Resource(s)
  -------------------------------------------------------------------    -------------------
                         (clock clk_out2_pll rise edge)
                                                      0.000     0.000 r  
    AD12                                              0.000     0.000 r  i_sys_clk_p (IN)
                         net (fo=0)                   0.000     0.000    pll_inst/inst/clk_in1_p
    AD12                 IBUFDS (Prop_ibufds_I_O)     0.906     0.906 r  pll_inst/inst/clkin1_ibufgds/O
                         net (fo=1, routed)           1.098     2.004    pll_inst/inst/clk_in1_pll
    PLLE2_ADV_X1Y1       PLLE2_ADV (Prop_plle2_adv_CLKIN1_CLKOUT1)
                                                     -8.058    -6.054 r  pll_inst/inst/plle2_adv_inst/CLKOUT1
                         net (fo=1, routed)           2.128    -3.926    pll_inst/inst/clk_out2_pll
    BUFGCTRL_X0Y0        BUFG (Prop_bufg_I_O)         0.093    -3.833 r  pll_inst/inst/clkout2_buf/O
                         net (fo=2866, routed)        1.377    -2.456    student_top_inst/Core_cpu/cpu_core/ex_inst/rv32m_iter_inst/clk_out2
    SLICE_X64Y122        FDRE                                         r  student_top_inst/Core_cpu/cpu_core/ex_inst/rv32m_iter_inst/op1_raw_r_reg[0]/C
  -------------------------------------------------------------------    -------------------
    SLICE_X64Y122        FDRE (Prop_fdre_C_Q)         0.223    -2.233 f  student_top_inst/Core_cpu/cpu_core/ex_inst/rv32m_iter_inst/op1_raw_r_reg[0]/Q
                         net (fo=8, routed)           0.323    -1.910    student_top_inst/Core_cpu/cpu_core/ex_inst/rv32m_iter_inst/op1_raw_r_reg_n_0_[0]
    SLICE_X64Y122        LUT1 (Prop_lut1_I0_O)        0.043    -1.867 r  student_top_inst/Core_cpu/cpu_core/ex_inst/rv32m_iter_inst/div_dividend_r[4]_i_3/O
                         net (fo=2, routed)           0.287    -1.580    student_top_inst/Core_cpu/cpu_core/ex_inst/rv32m_iter_inst/p_0_in[0]
    SLICE_X62Y121        CARRY4 (Prop_carry4_CYINIT_CO[3])
                                                      0.297    -1.283 r  student_top_inst/Core_cpu/cpu_core/ex_inst/rv32m_iter_inst/div_dividend_r_reg[4]_i_2/CO[3]
                         net (fo=1, routed)           0.000    -1.283    student_top_inst/Core_cpu/cpu_core/ex_inst/rv32m_iter_inst/div_dividend_r_reg[4]_i_2_n_0
    SLICE_X62Y122        CARRY4 (Prop_carry4_CI_CO[3])
                                                      0.054    -1.229 r  student_top_inst/Core_cpu/cpu_core/ex_inst/rv32m_iter_inst/div_dividend_r_reg[8]_i_3/CO[3]
                         net (fo=1, routed)           0.000    -1.229    student_top_inst/Core_cpu/cpu_core/ex_inst/rv32m_iter_inst/div_dividend_r_reg[8]_i_3_n_0
    SLICE_X62Y123        CARRY4 (Prop_carry4_CI_CO[3])
                                                      0.054    -1.175 r  student_top_inst/Core_cpu/cpu_core/ex_inst/rv32m_iter_inst/div_dividend_r_reg[12]_i_2/CO[3]
                         net (fo=1, routed)           0.000    -1.175    student_top_inst/Core_cpu/cpu_core/ex_inst/rv32m_iter_inst/div_dividend_r_reg[12]_i_2_n_0
    SLICE_X62Y124        CARRY4 (Prop_carry4_CI_CO[3])
                                                      0.054    -1.121 f  student_top_inst/Core_cpu/cpu_core/ex_inst/rv32m_iter_inst/div_dividend_r_reg[16]_i_3/CO[3]
                         net (fo=1, routed)           0.007    -1.114    student_top_inst/Core_cpu/cpu_core/ex_inst/rv32m_iter_inst/div_dividend_r_reg[16]_i_3_n_0
    SLICE_X62Y125        CARRY4 (Prop_carry4_CI_CO[3])
                                                      0.054    -1.060 r  student_top_inst/Core_cpu/cpu_core/ex_inst/rv32m_iter_inst/div_dividend_r_reg[20]_i_2/CO[3]
                         net (fo=1, routed)           0.000    -1.060    student_top_inst/Core_cpu/cpu_core/ex_inst/rv32m_iter_inst/div_dividend_r_reg[20]_i_2_n_0
    SLICE_X62Y126        CARRY4 (Prop_carry4_CI_CO[3])
                                                      0.054    -1.006 r  student_top_inst/Core_cpu/cpu_core/ex_inst/rv32m_iter_inst/div_dividend_r_reg[24]_i_3/CO[3]
                         net (fo=1, routed)           0.000    -1.006    student_top_inst/Core_cpu/cpu_core/ex_inst/rv32m_iter_inst/div_dividend_r_reg[24]_i_3_n_0
    SLICE_X62Y127        CARRY4 (Prop_carry4_CI_CO[3])
                                                      0.054    -0.952 r  student_top_inst/Core_cpu/cpu_core/ex_inst/rv32m_iter_inst/div_dividend_r_reg[28]_i_2/CO[3]
                         net (fo=1, routed)           0.000    -0.952    student_top_inst/Core_cpu/cpu_core/ex_inst/rv32m_iter_inst/div_dividend_r_reg[28]_i_2_n_0
    SLICE_X62Y128        CARRY4 (Prop_carry4_CI_O[0])
                                                      0.108    -0.844 f  student_top_inst/Core_cpu/cpu_core/ex_inst/rv32m_iter_inst/div_dividend_r_reg[31]_i_3/O[0]
                         net (fo=5, routed)           0.384    -0.460    student_top_inst/Core_cpu/cpu_core/ex_inst/rv32m_iter_inst/div_op1_abs0[29]
    SLICE_X66Y126        LUT5 (Prop_lut5_I4_O)        0.123    -0.337 f  student_top_inst/Core_cpu/cpu_core/ex_inst/rv32m_iter_inst/iter_count_r[5]_i_29/O
                         net (fo=2, routed)           0.356     0.019    student_top_inst/Core_cpu/cpu_core/ex_inst/rv32m_iter_inst/iter_count_r[5]_i_29_n_0
    SLICE_X60Y126        LUT6 (Prop_lut6_I0_O)        0.043     0.062 r  student_top_inst/Core_cpu/cpu_core/ex_inst/rv32m_iter_inst/iter_count_r[5]_i_10/O
                         net (fo=1, routed)           0.330     0.392    student_top_inst/Core_cpu/cpu_core/ex_inst/rv32m_iter_inst/iter_count_r[5]_i_10_n_0
    SLICE_X61Y126        CARRY4 (Prop_carry4_DI[2]_CO[3])
                                                      0.197     0.589 r  student_top_inst/Core_cpu/cpu_core/ex_inst/rv32m_iter_inst/iter_count_r_reg[5]_i_4/CO[3]
                         net (fo=35, routed)          0.440     1.029    student_top_inst/Core_cpu/cpu_core/ex_inst/rv32m_iter_inst/div_dividend_less
    SLICE_X59Y126        LUT6 (Prop_lut6_I0_O)        0.043     1.072 r  student_top_inst/Core_cpu/cpu_core/ex_inst/rv32m_iter_inst/state_r[2]_i_3/O
                         net (fo=8, routed)           0.516     1.588    student_top_inst/Core_cpu/cpu_core/ex_inst/rv32m_iter_inst/state_r[2]_i_3_n_0
    SLICE_X59Y120        LUT6 (Prop_lut6_I2_O)        0.043     1.631 r  student_top_inst/Core_cpu/cpu_core/ex_inst/rv32m_iter_inst/done_r_i_1/O
                         net (fo=40, routed)          0.452     2.082    student_top_inst/Core_cpu/cpu_core/ex_inst/rv32m_iter_inst/done_r_i_1_n_0
    SLICE_X56Y117        FDRE                                         r  student_top_inst/Core_cpu/cpu_core/ex_inst/rv32m_iter_inst/done_r_reg_rep__39/D
  -------------------------------------------------------------------    -------------------

                         (clock clk_out2_pll rise edge)
                                                      4.706     4.706 r  
    AD12                                              0.000     4.706 r  i_sys_clk_p (IN)
                         net (fo=0)                   0.000     4.706    pll_inst/inst/clk_in1_p
    AD12                 IBUFDS (Prop_ibufds_I_O)     0.803     5.509 r  pll_inst/inst/clkin1_ibufgds/O
                         net (fo=1, routed)           1.001     6.510    pll_inst/inst/clk_in1_pll
    PLLE2_ADV_X1Y1       PLLE2_ADV (Prop_plle2_adv_CLKIN1_CLKOUT1)
                                                     -7.261    -0.751 r  pll_inst/inst/plle2_adv_inst/CLKOUT1
                         net (fo=1, routed)           2.003     1.252    pll_inst/inst/clk_out2_pll
    BUFGCTRL_X0Y0        BUFG (Prop_bufg_I_O)         0.083     1.335 r  pll_inst/inst/clkout2_buf/O
                         net (fo=2866, routed)        1.253     2.588    student_top_inst/Core_cpu/cpu_core/ex_inst/rv32m_iter_inst/clk_out2
    SLICE_X56Y117        FDRE                                         r  student_top_inst/Core_cpu/cpu_core/ex_inst/rv32m_iter_inst/done_r_reg_rep__39/C
                         clock pessimism             -0.375     2.214    
                         clock uncertainty           -0.083     2.131    
    SLICE_X56Y117        FDRE (Setup_fdre_C_D)       -0.010     2.121    student_top_inst/Core_cpu/cpu_core/ex_inst/rv32m_iter_inst/done_r_reg_rep__39
  -------------------------------------------------------------------
                         required time                          2.121    
                         arrival time                          -2.082    
  -------------------------------------------------------------------
                         slack                                  0.039    

Slack (MET) :             0.063ns  (required time - arrival time)
  Source:                 student_top_inst/Core_cpu/cpu_core/ex_inst/rv32m_iter_inst/op1_raw_r_reg[0]/C
                            (rising edge-triggered cell FDRE clocked by clk_out2_pll  {rise@0.000ns fall@2.353ns period=4.706ns})
  Destination:            student_top_inst/Core_cpu/cpu_core/ex_inst/rv32m_iter_inst/done_r_reg_rep__17/D
                            (rising edge-triggered cell FDRE clocked by clk_out2_pll  {rise@0.000ns fall@2.353ns period=4.706ns})
  Path Group:             clk_out2_pll
  Path Type:              Setup (Max at Slow Process Corner)
  Requirement:            4.706ns  (clk_out2_pll rise@4.706ns - clk_out2_pll rise@0.000ns)
  Data Path Delay:        4.520ns  (logic 1.444ns (31.944%)  route 3.076ns (68.056%))
  Logic Levels:           14  (CARRY4=9 LUT1=1 LUT5=1 LUT6=3)
  Clock Path Skew:        -0.018ns (DCD - SCD + CPR)
    Destination Clock Delay (DCD):    -2.120ns = ( 2.586 - 4.706 ) 
    Source Clock Delay      (SCD):    -2.456ns
    Clock Pessimism Removal (CPR):    -0.355ns
  Clock Uncertainty:      0.083ns  ((TSJ^2 + DJ^2)^1/2) / 2 + PE
    Total System Jitter     (TSJ):    0.071ns
    Discrete Jitter          (DJ):    0.150ns
    Phase Error              (PE):    0.000ns

    Location             Delay type                Incr(ns)  Path(ns)    Netlist Resource(s)
  -------------------------------------------------------------------    -------------------
                         (clock clk_out2_pll rise edge)
                                                      0.000     0.000 r  
    AD12                                              0.000     0.000 r  i_sys_clk_p (IN)
                         net (fo=0)                   0.000     0.000    pll_inst/inst/clk_in1_p
    AD12                 IBUFDS (Prop_ibufds_I_O)     0.906     0.906 r  pll_inst/inst/clkin1_ibufgds/O
                         net (fo=1, routed)           1.098     2.004    pll_inst/inst/clk_in1_pll
    PLLE2_ADV_X1Y1       PLLE2_ADV (Prop_plle2_adv_CLKIN1_CLKOUT1)
                                                     -8.058    -6.054 r  pll_inst/inst/plle2_adv_inst/CLKOUT1
                         net (fo=1, routed)           2.128    -3.926    pll_inst/inst/clk_out2_pll
    BUFGCTRL_X0Y0        BUFG (Prop_bufg_I_O)         0.093    -3.833 r  pll_inst/inst/clkout2_buf/O
                         net (fo=2866, routed)        1.377    -2.456    student_top_inst/Core_cpu/cpu_core/ex_inst/rv32m_iter_inst/clk_out2
    SLICE_X64Y122        FDRE                                         r  student_top_inst/Core_cpu/cpu_core/ex_inst/rv32m_iter_inst/op1_raw_r_reg[0]/C
  -------------------------------------------------------------------    -------------------
    SLICE_X64Y122        FDRE (Prop_fdre_C_Q)         0.223    -2.233 f  student_top_inst/Core_cpu/cpu_core/ex_inst/rv32m_iter_inst/op1_raw_r_reg[0]/Q
                         net (fo=8, routed)           0.323    -1.910    student_top_inst/Core_cpu/cpu_core/ex_inst/rv32m_iter_inst/op1_raw_r_reg_n_0_[0]
    SLICE_X64Y122        LUT1 (Prop_lut1_I0_O)        0.043    -1.867 r  student_top_inst/Core_cpu/cpu_core/ex_inst/rv32m_iter_inst/div_dividend_r[4]_i_3/O
                         net (fo=2, routed)           0.287    -1.580    student_top_inst/Core_cpu/cpu_core/ex_inst/rv32m_iter_inst/p_0_in[0]
    SLICE_X62Y121        CARRY4 (Prop_carry4_CYINIT_CO[3])
                                                      0.297    -1.283 r  student_top_inst/Core_cpu/cpu_core/ex_inst/rv32m_iter_inst/div_dividend_r_reg[4]_i_2/CO[3]
                         net (fo=1, routed)           0.000    -1.283    student_top_inst/Core_cpu/cpu_core/ex_inst/rv32m_iter_inst/div_dividend_r_reg[4]_i_2_n_0
    SLICE_X62Y122        CARRY4 (Prop_carry4_CI_CO[3])
                                                      0.054    -1.229 r  student_top_inst/Core_cpu/cpu_core/ex_inst/rv32m_iter_inst/div_dividend_r_reg[8]_i_3/CO[3]
                         net (fo=1, routed)           0.000    -1.229    student_top_inst/Core_cpu/cpu_core/ex_inst/rv32m_iter_inst/div_dividend_r_reg[8]_i_3_n_0
    SLICE_X62Y123        CARRY4 (Prop_carry4_CI_CO[3])
                                                      0.054    -1.175 r  student_top_inst/Core_cpu/cpu_core/ex_inst/rv32m_iter_inst/div_dividend_r_reg[12]_i_2/CO[3]
                         net (fo=1, routed)           0.000    -1.175    student_top_inst/Core_cpu/cpu_core/ex_inst/rv32m_iter_inst/div_dividend_r_reg[12]_i_2_n_0
    SLICE_X62Y124        CARRY4 (Prop_carry4_CI_CO[3])
                                                      0.054    -1.121 r  student_top_inst/Core_cpu/cpu_core/ex_inst/rv32m_iter_inst/div_dividend_r_reg[16]_i_3/CO[3]
                         net (fo=1, routed)           0.007    -1.114    student_top_inst/Core_cpu/cpu_core/ex_inst/rv32m_iter_inst/div_dividend_r_reg[16]_i_3_n_0
    SLICE_X62Y125        CARRY4 (Prop_carry4_CI_CO[3])
                                                      0.054    -1.060 r  student_top_inst/Core_cpu/cpu_core/ex_inst/rv32m_iter_inst/div_dividend_r_reg[20]_i_2/CO[3]
                         net (fo=1, routed)           0.000    -1.060    student_top_inst/Core_cpu/cpu_core/ex_inst/rv32m_iter_inst/div_dividend_r_reg[20]_i_2_n_0
    SLICE_X62Y126        CARRY4 (Prop_carry4_CI_CO[3])
                                                      0.054    -1.006 r  student_top_inst/Core_cpu/cpu_core/ex_inst/rv32m_iter_inst/div_dividend_r_reg[24]_i_3/CO[3]
                         net (fo=1, routed)           0.000    -1.006    student_top_inst/Core_cpu/cpu_core/ex_inst/rv32m_iter_inst/div_dividend_r_reg[24]_i_3_n_0
    SLICE_X62Y127        CARRY4 (Prop_carry4_CI_CO[3])
                                                      0.054    -0.952 r  student_top_inst/Core_cpu/cpu_core/ex_inst/rv32m_iter_inst/div_dividend_r_reg[28]_i_2/CO[3]
                         net (fo=1, routed)           0.000    -0.952    student_top_inst/Core_cpu/cpu_core/ex_inst/rv32m_iter_inst/div_dividend_r_reg[28]_i_2_n_0
    SLICE_X62Y128        CARRY4 (Prop_carry4_CI_O[0])
                                                      0.108    -0.844 f  student_top_inst/Core_cpu/cpu_core/ex_inst/rv32m_iter_inst/div_dividend_r_reg[31]_i_3/O[0]
                         net (fo=5, routed)           0.384    -0.460    student_top_inst/Core_cpu/cpu_core/ex_inst/rv32m_iter_inst/div_op1_abs0[29]
    SLICE_X66Y126        LUT5 (Prop_lut5_I4_O)        0.123    -0.337 f  student_top_inst/Core_cpu/cpu_core/ex_inst/rv32m_iter_inst/iter_count_r[5]_i_29/O
                         net (fo=2, routed)           0.356     0.019    student_top_inst/Core_cpu/cpu_core/ex_inst/rv32m_iter_inst/iter_count_r[5]_i_29_n_0
    SLICE_X60Y126        LUT6 (Prop_lut6_I0_O)        0.043     0.062 r  student_top_inst/Core_cpu/cpu_core/ex_inst/rv32m_iter_inst/iter_count_r[5]_i_10/O
                         net (fo=1, routed)           0.330     0.392    student_top_inst/Core_cpu/cpu_core/ex_inst/rv32m_iter_inst/iter_count_r[5]_i_10_n_0
    SLICE_X61Y126        CARRY4 (Prop_carry4_DI[2]_CO[3])
                                                      0.197     0.589 r  student_top_inst/Core_cpu/cpu_core/ex_inst/rv32m_iter_inst/iter_count_r_reg[5]_i_4/CO[3]
                         net (fo=35, routed)          0.440     1.029    student_top_inst/Core_cpu/cpu_core/ex_inst/rv32m_iter_inst/div_dividend_less
    SLICE_X59Y126        LUT6 (Prop_lut6_I0_O)        0.043     1.072 r  student_top_inst/Core_cpu/cpu_core/ex_inst/rv32m_iter_inst/state_r[2]_i_3/O
                         net (fo=8, routed)           0.516     1.588    student_top_inst/Core_cpu/cpu_core/ex_inst/rv32m_iter_inst/state_r[2]_i_3_n_0
    SLICE_X59Y120        LUT6 (Prop_lut6_I2_O)        0.043     1.631 r  student_top_inst/Core_cpu/cpu_core/ex_inst/rv32m_iter_inst/done_r_i_1/O
                         net (fo=40, routed)          0.433     2.064    student_top_inst/Core_cpu/cpu_core/ex_inst/rv32m_iter_inst/done_r_i_1_n_0
    SLICE_X63Y119        FDRE                                         r  student_top_inst/Core_cpu/cpu_core/ex_inst/rv32m_iter_inst/done_r_reg_rep__17/D
  -------------------------------------------------------------------    -------------------

                         (clock clk_out2_pll rise edge)
                                                      4.706     4.706 r  
    AD12                                              0.000     4.706 r  i_sys_clk_p (IN)
                         net (fo=0)                   0.000     4.706    pll_inst/inst/clk_in1_p
    AD12                 IBUFDS (Prop_ibufds_I_O)     0.803     5.509 r  pll_inst/inst/clkin1_ibufgds/O
                         net (fo=1, routed)           1.001     6.510    pll_inst/inst/clk_in1_pll
    PLLE2_ADV_X1Y1       PLLE2_ADV (Prop_plle2_adv_CLKIN1_CLKOUT1)
                                                     -7.261    -0.751 r  pll_inst/inst/plle2_adv_inst/CLKOUT1
                         net (fo=1, routed)           2.003     1.252    pll_inst/inst/clk_out2_pll
    BUFGCTRL_X0Y0        BUFG (Prop_bufg_I_O)         0.083     1.335 r  pll_inst/inst/clkout2_buf/O
                         net (fo=2866, routed)        1.251     2.586    student_top_inst/Core_cpu/cpu_core/ex_inst/rv32m_iter_inst/clk_out2
    SLICE_X63Y119        FDRE                                         r  student_top_inst/Core_cpu/cpu_core/ex_inst/rv32m_iter_inst/done_r_reg_rep__17/C
                         clock pessimism             -0.355     2.232    
                         clock uncertainty           -0.083     2.149    
    SLICE_X63Y119        FDRE (Setup_fdre_C_D)       -0.022     2.127    student_top_inst/Core_cpu/cpu_core/ex_inst/rv32m_iter_inst/done_r_reg_rep__17
  -------------------------------------------------------------------
                         required time                          2.127    
                         arrival time                          -2.064    
  -------------------------------------------------------------------
                         slack                                  0.063    

Slack (MET) :             0.063ns  (required time - arrival time)
  Source:                 student_top_inst/Core_cpu/cpu_core/ex_inst/rv32m_iter_inst/op1_raw_r_reg[0]/C
                            (rising edge-triggered cell FDRE clocked by clk_out2_pll  {rise@0.000ns fall@2.353ns period=4.706ns})
  Destination:            student_top_inst/Core_cpu/cpu_core/ex_inst/rv32m_iter_inst/done_r_reg_rep__17/D
                            (rising edge-triggered cell FDRE clocked by clk_out2_pll  {rise@0.000ns fall@2.353ns period=4.706ns})
  Path Group:             clk_out2_pll
  Path Type:              Setup (Max at Slow Process Corner)
  Requirement:            4.706ns  (clk_out2_pll rise@4.706ns - clk_out2_pll rise@0.000ns)
  Data Path Delay:        4.520ns  (logic 1.444ns (31.944%)  route 3.076ns (68.056%))
  Logic Levels:           14  (CARRY4=9 LUT1=1 LUT5=1 LUT6=3)
  Clock Path Skew:        -0.018ns (DCD - SCD + CPR)
    Destination Clock Delay (DCD):    -2.120ns = ( 2.586 - 4.706 ) 
    Source Clock Delay      (SCD):    -2.456ns
    Clock Pessimism Removal (CPR):    -0.355ns
  Clock Uncertainty:      0.083ns  ((TSJ^2 + DJ^2)^1/2) / 2 + PE
    Total System Jitter     (TSJ):    0.071ns
    Discrete Jitter          (DJ):    0.150ns
    Phase Error              (PE):    0.000ns

    Location             Delay type                Incr(ns)  Path(ns)    Netlist Resource(s)
  -------------------------------------------------------------------    -------------------
                         (clock clk_out2_pll rise edge)
                                                      0.000     0.000 r  
    AD12                                              0.000     0.000 r  i_sys_clk_p (IN)
                         net (fo=0)                   0.000     0.000    pll_inst/inst/clk_in1_p
    AD12                 IBUFDS (Prop_ibufds_I_O)     0.906     0.906 r  pll_inst/inst/clkin1_ibufgds/O
                         net (fo=1, routed)           1.098     2.004    pll_inst/inst/clk_in1_pll
    PLLE2_ADV_X1Y1       PLLE2_ADV (Prop_plle2_adv_CLKIN1_CLKOUT1)
                                                     -8.058    -6.054 r  pll_inst/inst/plle2_adv_inst/CLKOUT1
                         net (fo=1, routed)           2.128    -3.926    pll_inst/inst/clk_out2_pll
    BUFGCTRL_X0Y0        BUFG (Prop_bufg_I_O)         0.093    -3.833 r  pll_inst/inst/clkout2_buf/O
                         net (fo=2866, routed)        1.377    -2.456    student_top_inst/Core_cpu/cpu_core/ex_inst/rv32m_iter_inst/clk_out2
    SLICE_X64Y122        FDRE                                         r  student_top_inst/Core_cpu/cpu_core/ex_inst/rv32m_iter_inst/op1_raw_r_reg[0]/C
  -------------------------------------------------------------------    -------------------
    SLICE_X64Y122        FDRE (Prop_fdre_C_Q)         0.223    -2.233 f  student_top_inst/Core_cpu/cpu_core/ex_inst/rv32m_iter_inst/op1_raw_r_reg[0]/Q
                         net (fo=8, routed)           0.323    -1.910    student_top_inst/Core_cpu/cpu_core/ex_inst/rv32m_iter_inst/op1_raw_r_reg_n_0_[0]
    SLICE_X64Y122        LUT1 (Prop_lut1_I0_O)        0.043    -1.867 r  student_top_inst/Core_cpu/cpu_core/ex_inst/rv32m_iter_inst/div_dividend_r[4]_i_3/O
                         net (fo=2, routed)           0.287    -1.580    student_top_inst/Core_cpu/cpu_core/ex_inst/rv32m_iter_inst/p_0_in[0]
    SLICE_X62Y121        CARRY4 (Prop_carry4_CYINIT_CO[3])
                                                      0.297    -1.283 r  student_top_inst/Core_cpu/cpu_core/ex_inst/rv32m_iter_inst/div_dividend_r_reg[4]_i_2/CO[3]
                         net (fo=1, routed)           0.000    -1.283    student_top_inst/Core_cpu/cpu_core/ex_inst/rv32m_iter_inst/div_dividend_r_reg[4]_i_2_n_0
    SLICE_X62Y122        CARRY4 (Prop_carry4_CI_CO[3])
                                                      0.054    -1.229 f  student_top_inst/Core_cpu/cpu_core/ex_inst/rv32m_iter_inst/div_dividend_r_reg[8]_i_3/CO[3]
                         net (fo=1, routed)           0.000    -1.229    student_top_inst/Core_cpu/cpu_core/ex_inst/rv32m_iter_inst/div_dividend_r_reg[8]_i_3_n_0
    SLICE_X62Y123        CARRY4 (Prop_carry4_CI_CO[3])
                                                      0.054    -1.175 r  student_top_inst/Core_cpu/cpu_core/ex_inst/rv32m_iter_inst/div_dividend_r_reg[12]_i_2/CO[3]
                         net (fo=1, routed)           0.000    -1.175    student_top_inst/Core_cpu/cpu_core/ex_inst/rv32m_iter_inst/div_dividend_r_reg[12]_i_2_n_0
    SLICE_X62Y124        CARRY4 (Prop_carry4_CI_CO[3])
                                                      0.054    -1.121 r  student_top_inst/Core_cpu/cpu_core/ex_inst/rv32m_iter_inst/div_dividend_r_reg[16]_i_3/CO[3]
                         net (fo=1, routed)           0.007    -1.114    student_top_inst/Core_cpu/cpu_core/ex_inst/rv32m_iter_inst/div_dividend_r_reg[16]_i_3_n_0
    SLICE_X62Y125        CARRY4 (Prop_carry4_CI_CO[3])
                                                      0.054    -1.060 r  student_top_inst/Core_cpu/cpu_core/ex_inst/rv32m_iter_inst/div_dividend_r_reg[20]_i_2/CO[3]
                         net (fo=1, routed)           0.000    -1.060    student_top_inst/Core_cpu/cpu_core/ex_inst/rv32m_iter_inst/div_dividend_r_reg[20]_i_2_n_0
    SLICE_X62Y126        CARRY4 (Prop_carry4_CI_CO[3])
                                                      0.054    -1.006 r  student_top_inst/Core_cpu/cpu_core/ex_inst/rv32m_iter_inst/div_dividend_r_reg[24]_i_3/CO[3]
                         net (fo=1, routed)           0.000    -1.006    student_top_inst/Core_cpu/cpu_core/ex_inst/rv32m_iter_inst/div_dividend_r_reg[24]_i_3_n_0
    SLICE_X62Y127        CARRY4 (Prop_carry4_CI_CO[3])
                                                      0.054    -0.952 r  student_top_inst/Core_cpu/cpu_core/ex_inst/rv32m_iter_inst/div_dividend_r_reg[28]_i_2/CO[3]
                         net (fo=1, routed)           0.000    -0.952    student_top_inst/Core_cpu/cpu_core/ex_inst/rv32m_iter_inst/div_dividend_r_reg[28]_i_2_n_0
    SLICE_X62Y128        CARRY4 (Prop_carry4_CI_O[0])
                                                      0.108    -0.844 f  student_top_inst/Core_cpu/cpu_core/ex_inst/rv32m_iter_inst/div_dividend_r_reg[31]_i_3/O[0]
                         net (fo=5, routed)           0.384    -0.460    student_top_inst/Core_cpu/cpu_core/ex_inst/rv32m_iter_inst/div_op1_abs0[29]
    SLICE_X66Y126        LUT5 (Prop_lut5_I4_O)        0.123    -0.337 f  student_top_inst/Core_cpu/cpu_core/ex_inst/rv32m_iter_inst/iter_count_r[5]_i_29/O
                         net (fo=2, routed)           0.356     0.019    student_top_inst/Core_cpu/cpu_core/ex_inst/rv32m_iter_inst/iter_count_r[5]_i_29_n_0
    SLICE_X60Y126        LUT6 (Prop_lut6_I0_O)        0.043     0.062 r  student_top_inst/Core_cpu/cpu_core/ex_inst/rv32m_iter_inst/iter_count_r[5]_i_10/O
                         net (fo=1, routed)           0.330     0.392    student_top_inst/Core_cpu/cpu_core/ex_inst/rv32m_iter_inst/iter_count_r[5]_i_10_n_0
    SLICE_X61Y126        CARRY4 (Prop_carry4_DI[2]_CO[3])
                                                      0.197     0.589 r  student_top_inst/Core_cpu/cpu_core/ex_inst/rv32m_iter_inst/iter_count_r_reg[5]_i_4/CO[3]
                         net (fo=35, routed)          0.440     1.029    student_top_inst/Core_cpu/cpu_core/ex_inst/rv32m_iter_inst/div_dividend_less
    SLICE_X59Y126        LUT6 (Prop_lut6_I0_O)        0.043     1.072 r  student_top_inst/Core_cpu/cpu_core/ex_inst/rv32m_iter_inst/state_r[2]_i_3/O
                         net (fo=8, routed)           0.516     1.588    student_top_inst/Core_cpu/cpu_core/ex_inst/rv32m_iter_inst/state_r[2]_i_3_n_0
    SLICE_X59Y120        LUT6 (Prop_lut6_I2_O)        0.043     1.631 r  student_top_inst/Core_cpu/cpu_core/ex_inst/rv32m_iter_inst/done_r_i_1/O
                         net (fo=40, routed)          0.433     2.064    student_top_inst/Core_cpu/cpu_core/ex_inst/rv32m_iter_inst/done_r_i_1_n_0
    SLICE_X63Y119        FDRE                                         r  student_top_inst/Core_cpu/cpu_core/ex_inst/rv32m_iter_inst/done_r_reg_rep__17/D
  -------------------------------------------------------------------    -------------------

                         (clock clk_out2_pll rise edge)
                                                      4.706     4.706 r  
    AD12                                              0.000     4.706 r  i_sys_clk_p (IN)
                         net (fo=0)                   0.000     4.706    pll_inst/inst/clk_in1_p
    AD12                 IBUFDS (Prop_ibufds_I_O)     0.803     5.509 r  pll_inst/inst/clkin1_ibufgds/O
                         net (fo=1, routed)           1.001     6.510    pll_inst/inst/clk_in1_pll
    PLLE2_ADV_X1Y1       PLLE2_ADV (Prop_plle2_adv_CLKIN1_CLKOUT1)
                                                     -7.261    -0.751 r  pll_inst/inst/plle2_adv_inst/CLKOUT1
                         net (fo=1, routed)           2.003     1.252    pll_inst/inst/clk_out2_pll
    BUFGCTRL_X0Y0        BUFG (Prop_bufg_I_O)         0.083     1.335 r  pll_inst/inst/clkout2_buf/O
                         net (fo=2866, routed)        1.251     2.586    student_top_inst/Core_cpu/cpu_core/ex_inst/rv32m_iter_inst/clk_out2
    SLICE_X63Y119        FDRE                                         r  student_top_inst/Core_cpu/cpu_core/ex_inst/rv32m_iter_inst/done_r_reg_rep__17/C
                         clock pessimism             -0.355     2.232    
                         clock uncertainty           -0.083     2.149    
    SLICE_X63Y119        FDRE (Setup_fdre_C_D)       -0.022     2.127    student_top_inst/Core_cpu/cpu_core/ex_inst/rv32m_iter_inst/done_r_reg_rep__17
  -------------------------------------------------------------------
                         required time                          2.127    
                         arrival time                          -2.064    
  -------------------------------------------------------------------
                         slack                                  0.063    

Slack (MET) :             0.063ns  (required time - arrival time)
  Source:                 student_top_inst/Core_cpu/cpu_core/ex_inst/rv32m_iter_inst/op1_raw_r_reg[0]/C
                            (rising edge-triggered cell FDRE clocked by clk_out2_pll  {rise@0.000ns fall@2.353ns period=4.706ns})
  Destination:            student_top_inst/Core_cpu/cpu_core/ex_inst/rv32m_iter_inst/done_r_reg_rep__17/D
                            (rising edge-triggered cell FDRE clocked by clk_out2_pll  {rise@0.000ns fall@2.353ns period=4.706ns})
  Path Group:             clk_out2_pll
  Path Type:              Setup (Max at Slow Process Corner)
  Requirement:            4.706ns  (clk_out2_pll rise@4.706ns - clk_out2_pll rise@0.000ns)
  Data Path Delay:        4.520ns  (logic 1.444ns (31.944%)  route 3.076ns (68.056%))
  Logic Levels:           14  (CARRY4=9 LUT1=1 LUT5=1 LUT6=3)
  Clock Path Skew:        -0.018ns (DCD - SCD + CPR)
    Destination Clock Delay (DCD):    -2.120ns = ( 2.586 - 4.706 ) 
    Source Clock Delay      (SCD):    -2.456ns
    Clock Pessimism Removal (CPR):    -0.355ns
  Clock Uncertainty:      0.083ns  ((TSJ^2 + DJ^2)^1/2) / 2 + PE
    Total System Jitter     (TSJ):    0.071ns
    Discrete Jitter          (DJ):    0.150ns
    Phase Error              (PE):    0.000ns

    Location             Delay type                Incr(ns)  Path(ns)    Netlist Resource(s)
  -------------------------------------------------------------------    -------------------
                         (clock clk_out2_pll rise edge)
                                                      0.000     0.000 r  
    AD12                                              0.000     0.000 r  i_sys_clk_p (IN)
                         net (fo=0)                   0.000     0.000    pll_inst/inst/clk_in1_p
    AD12                 IBUFDS (Prop_ibufds_I_O)     0.906     0.906 r  pll_inst/inst/clkin1_ibufgds/O
                         net (fo=1, routed)           1.098     2.004    pll_inst/inst/clk_in1_pll
    PLLE2_ADV_X1Y1       PLLE2_ADV (Prop_plle2_adv_CLKIN1_CLKOUT1)
                                                     -8.058    -6.054 r  pll_inst/inst/plle2_adv_inst/CLKOUT1
                         net (fo=1, routed)           2.128    -3.926    pll_inst/inst/clk_out2_pll
    BUFGCTRL_X0Y0        BUFG (Prop_bufg_I_O)         0.093    -3.833 r  pll_inst/inst/clkout2_buf/O
                         net (fo=2866, routed)        1.377    -2.456    student_top_inst/Core_cpu/cpu_core/ex_inst/rv32m_iter_inst/clk_out2
    SLICE_X64Y122        FDRE                                         r  student_top_inst/Core_cpu/cpu_core/ex_inst/rv32m_iter_inst/op1_raw_r_reg[0]/C
  -------------------------------------------------------------------    -------------------
    SLICE_X64Y122        FDRE (Prop_fdre_C_Q)         0.223    -2.233 f  student_top_inst/Core_cpu/cpu_core/ex_inst/rv32m_iter_inst/op1_raw_r_reg[0]/Q
                         net (fo=8, routed)           0.323    -1.910    student_top_inst/Core_cpu/cpu_core/ex_inst/rv32m_iter_inst/op1_raw_r_reg_n_0_[0]
    SLICE_X64Y122        LUT1 (Prop_lut1_I0_O)        0.043    -1.867 r  student_top_inst/Core_cpu/cpu_core/ex_inst/rv32m_iter_inst/div_dividend_r[4]_i_3/O
                         net (fo=2, routed)           0.287    -1.580    student_top_inst/Core_cpu/cpu_core/ex_inst/rv32m_iter_inst/p_0_in[0]
    SLICE_X62Y121        CARRY4 (Prop_carry4_CYINIT_CO[3])
                                                      0.297    -1.283 r  student_top_inst/Core_cpu/cpu_core/ex_inst/rv32m_iter_inst/div_dividend_r_reg[4]_i_2/CO[3]
                         net (fo=1, routed)           0.000    -1.283    student_top_inst/Core_cpu/cpu_core/ex_inst/rv32m_iter_inst/div_dividend_r_reg[4]_i_2_n_0
    SLICE_X62Y122        CARRY4 (Prop_carry4_CI_CO[3])
                                                      0.054    -1.229 r  student_top_inst/Core_cpu/cpu_core/ex_inst/rv32m_iter_inst/div_dividend_r_reg[8]_i_3/CO[3]
                         net (fo=1, routed)           0.000    -1.229    student_top_inst/Core_cpu/cpu_core/ex_inst/rv32m_iter_inst/div_dividend_r_reg[8]_i_3_n_0
    SLICE_X62Y123        CARRY4 (Prop_carry4_CI_CO[3])
                                                      0.054    -1.175 f  student_top_inst/Core_cpu/cpu_core/ex_inst/rv32m_iter_inst/div_dividend_r_reg[12]_i_2/CO[3]
                         net (fo=1, routed)           0.000    -1.175    student_top_inst/Core_cpu/cpu_core/ex_inst/rv32m_iter_inst/div_dividend_r_reg[12]_i_2_n_0
    SLICE_X62Y124        CARRY4 (Prop_carry4_CI_CO[3])
                                                      0.054    -1.121 r  student_top_inst/Core_cpu/cpu_core/ex_inst/rv32m_iter_inst/div_dividend_r_reg[16]_i_3/CO[3]
                         net (fo=1, routed)           0.007    -1.114    student_top_inst/Core_cpu/cpu_core/ex_inst/rv32m_iter_inst/div_dividend_r_reg[16]_i_3_n_0
    SLICE_X62Y125        CARRY4 (Prop_carry4_CI_CO[3])
                                                      0.054    -1.060 r  student_top_inst/Core_cpu/cpu_core/ex_inst/rv32m_iter_inst/div_dividend_r_reg[20]_i_2/CO[3]
                         net (fo=1, routed)           0.000    -1.060    student_top_inst/Core_cpu/cpu_core/ex_inst/rv32m_iter_inst/div_dividend_r_reg[20]_i_2_n_0
    SLICE_X62Y126        CARRY4 (Prop_carry4_CI_CO[3])
                                                      0.054    -1.006 r  student_top_inst/Core_cpu/cpu_core/ex_inst/rv32m_iter_inst/div_dividend_r_reg[24]_i_3/CO[3]
                         net (fo=1, routed)           0.000    -1.006    student_top_inst/Core_cpu/cpu_core/ex_inst/rv32m_iter_inst/div_dividend_r_reg[24]_i_3_n_0
    SLICE_X62Y127        CARRY4 (Prop_carry4_CI_CO[3])
                                                      0.054    -0.952 r  student_top_inst/Core_cpu/cpu_core/ex_inst/rv32m_iter_inst/div_dividend_r_reg[28]_i_2/CO[3]
                         net (fo=1, routed)           0.000    -0.952    student_top_inst/Core_cpu/cpu_core/ex_inst/rv32m_iter_inst/div_dividend_r_reg[28]_i_2_n_0
    SLICE_X62Y128        CARRY4 (Prop_carry4_CI_O[0])
                                                      0.108    -0.844 f  student_top_inst/Core_cpu/cpu_core/ex_inst/rv32m_iter_inst/div_dividend_r_reg[31]_i_3/O[0]
                         net (fo=5, routed)           0.384    -0.460    student_top_inst/Core_cpu/cpu_core/ex_inst/rv32m_iter_inst/div_op1_abs0[29]
    SLICE_X66Y126        LUT5 (Prop_lut5_I4_O)        0.123    -0.337 f  student_top_inst/Core_cpu/cpu_core/ex_inst/rv32m_iter_inst/iter_count_r[5]_i_29/O
                         net (fo=2, routed)           0.356     0.019    student_top_inst/Core_cpu/cpu_core/ex_inst/rv32m_iter_inst/iter_count_r[5]_i_29_n_0
    SLICE_X60Y126        LUT6 (Prop_lut6_I0_O)        0.043     0.062 r  student_top_inst/Core_cpu/cpu_core/ex_inst/rv32m_iter_inst/iter_count_r[5]_i_10/O
                         net (fo=1, routed)           0.330     0.392    student_top_inst/Core_cpu/cpu_core/ex_inst/rv32m_iter_inst/iter_count_r[5]_i_10_n_0
    SLICE_X61Y126        CARRY4 (Prop_carry4_DI[2]_CO[3])
                                                      0.197     0.589 r  student_top_inst/Core_cpu/cpu_core/ex_inst/rv32m_iter_inst/iter_count_r_reg[5]_i_4/CO[3]
                         net (fo=35, routed)          0.440     1.029    student_top_inst/Core_cpu/cpu_core/ex_inst/rv32m_iter_inst/div_dividend_less
    SLICE_X59Y126        LUT6 (Prop_lut6_I0_O)        0.043     1.072 r  student_top_inst/Core_cpu/cpu_core/ex_inst/rv32m_iter_inst/state_r[2]_i_3/O
                         net (fo=8, routed)           0.516     1.588    student_top_inst/Core_cpu/cpu_core/ex_inst/rv32m_iter_inst/state_r[2]_i_3_n_0
    SLICE_X59Y120        LUT6 (Prop_lut6_I2_O)        0.043     1.631 r  student_top_inst/Core_cpu/cpu_core/ex_inst/rv32m_iter_inst/done_r_i_1/O
                         net (fo=40, routed)          0.433     2.064    student_top_inst/Core_cpu/cpu_core/ex_inst/rv32m_iter_inst/done_r_i_1_n_0
    SLICE_X63Y119        FDRE                                         r  student_top_inst/Core_cpu/cpu_core/ex_inst/rv32m_iter_inst/done_r_reg_rep__17/D
  -------------------------------------------------------------------    -------------------

                         (clock clk_out2_pll rise edge)
                                                      4.706     4.706 r  
    AD12                                              0.000     4.706 r  i_sys_clk_p (IN)
                         net (fo=0)                   0.000     4.706    pll_inst/inst/clk_in1_p
    AD12                 IBUFDS (Prop_ibufds_I_O)     0.803     5.509 r  pll_inst/inst/clkin1_ibufgds/O
                         net (fo=1, routed)           1.001     6.510    pll_inst/inst/clk_in1_pll
    PLLE2_ADV_X1Y1       PLLE2_ADV (Prop_plle2_adv_CLKIN1_CLKOUT1)
                                                     -7.261    -0.751 r  pll_inst/inst/plle2_adv_inst/CLKOUT1
                         net (fo=1, routed)           2.003     1.252    pll_inst/inst/clk_out2_pll
    BUFGCTRL_X0Y0        BUFG (Prop_bufg_I_O)         0.083     1.335 r  pll_inst/inst/clkout2_buf/O
                         net (fo=2866, routed)        1.251     2.586    student_top_inst/Core_cpu/cpu_core/ex_inst/rv32m_iter_inst/clk_out2
    SLICE_X63Y119        FDRE                                         r  student_top_inst/Core_cpu/cpu_core/ex_inst/rv32m_iter_inst/done_r_reg_rep__17/C
                         clock pessimism             -0.355     2.232    
                         clock uncertainty           -0.083     2.149    
    SLICE_X63Y119        FDRE (Setup_fdre_C_D)       -0.022     2.127    student_top_inst/Core_cpu/cpu_core/ex_inst/rv32m_iter_inst/done_r_reg_rep__17
  -------------------------------------------------------------------
                         required time                          2.127    
                         arrival time                          -2.064    
  -------------------------------------------------------------------
                         slack                                  0.063    

Slack (MET) :             0.063ns  (required time - arrival time)
  Source:                 student_top_inst/Core_cpu/cpu_core/ex_inst/rv32m_iter_inst/op1_raw_r_reg[0]/C
                            (rising edge-triggered cell FDRE clocked by clk_out2_pll  {rise@0.000ns fall@2.353ns period=4.706ns})
  Destination:            student_top_inst/Core_cpu/cpu_core/ex_inst/rv32m_iter_inst/done_r_reg_rep__17/D
                            (rising edge-triggered cell FDRE clocked by clk_out2_pll  {rise@0.000ns fall@2.353ns period=4.706ns})
  Path Group:             clk_out2_pll
  Path Type:              Setup (Max at Slow Process Corner)
  Requirement:            4.706ns  (clk_out2_pll rise@4.706ns - clk_out2_pll rise@0.000ns)
  Data Path Delay:        4.520ns  (logic 1.444ns (31.944%)  route 3.076ns (68.056%))
  Logic Levels:           14  (CARRY4=9 LUT1=1 LUT5=1 LUT6=3)
  Clock Path Skew:        -0.018ns (DCD - SCD + CPR)
    Destination Clock Delay (DCD):    -2.120ns = ( 2.586 - 4.706 ) 
    Source Clock Delay      (SCD):    -2.456ns
    Clock Pessimism Removal (CPR):    -0.355ns
  Clock Uncertainty:      0.083ns  ((TSJ^2 + DJ^2)^1/2) / 2 + PE
    Total System Jitter     (TSJ):    0.071ns
    Discrete Jitter          (DJ):    0.150ns
    Phase Error              (PE):    0.000ns

    Location             Delay type                Incr(ns)  Path(ns)    Netlist Resource(s)
  -------------------------------------------------------------------    -------------------
                         (clock clk_out2_pll rise edge)
                                                      0.000     0.000 r  
    AD12                                              0.000     0.000 r  i_sys_clk_p (IN)
                         net (fo=0)                   0.000     0.000    pll_inst/inst/clk_in1_p
    AD12                 IBUFDS (Prop_ibufds_I_O)     0.906     0.906 r  pll_inst/inst/clkin1_ibufgds/O
                         net (fo=1, routed)           1.098     2.004    pll_inst/inst/clk_in1_pll
    PLLE2_ADV_X1Y1       PLLE2_ADV (Prop_plle2_adv_CLKIN1_CLKOUT1)
                                                     -8.058    -6.054 r  pll_inst/inst/plle2_adv_inst/CLKOUT1
                         net (fo=1, routed)           2.128    -3.926    pll_inst/inst/clk_out2_pll
    BUFGCTRL_X0Y0        BUFG (Prop_bufg_I_O)         0.093    -3.833 r  pll_inst/inst/clkout2_buf/O
                         net (fo=2866, routed)        1.377    -2.456    student_top_inst/Core_cpu/cpu_core/ex_inst/rv32m_iter_inst/clk_out2
    SLICE_X64Y122        FDRE                                         r  student_top_inst/Core_cpu/cpu_core/ex_inst/rv32m_iter_inst/op1_raw_r_reg[0]/C
  -------------------------------------------------------------------    -------------------
    SLICE_X64Y122        FDRE (Prop_fdre_C_Q)         0.223    -2.233 f  student_top_inst/Core_cpu/cpu_core/ex_inst/rv32m_iter_inst/op1_raw_r_reg[0]/Q
                         net (fo=8, routed)           0.323    -1.910    student_top_inst/Core_cpu/cpu_core/ex_inst/rv32m_iter_inst/op1_raw_r_reg_n_0_[0]
    SLICE_X64Y122        LUT1 (Prop_lut1_I0_O)        0.043    -1.867 r  student_top_inst/Core_cpu/cpu_core/ex_inst/rv32m_iter_inst/div_dividend_r[4]_i_3/O
                         net (fo=2, routed)           0.287    -1.580    student_top_inst/Core_cpu/cpu_core/ex_inst/rv32m_iter_inst/p_0_in[0]
    SLICE_X62Y121        CARRY4 (Prop_carry4_CYINIT_CO[3])
                                                      0.297    -1.283 r  student_top_inst/Core_cpu/cpu_core/ex_inst/rv32m_iter_inst/div_dividend_r_reg[4]_i_2/CO[3]
                         net (fo=1, routed)           0.000    -1.283    student_top_inst/Core_cpu/cpu_core/ex_inst/rv32m_iter_inst/div_dividend_r_reg[4]_i_2_n_0
    SLICE_X62Y122        CARRY4 (Prop_carry4_CI_CO[3])
                                                      0.054    -1.229 f  student_top_inst/Core_cpu/cpu_core/ex_inst/rv32m_iter_inst/div_dividend_r_reg[8]_i_3/CO[3]
                         net (fo=1, routed)           0.000    -1.229    student_top_inst/Core_cpu/cpu_core/ex_inst/rv32m_iter_inst/div_dividend_r_reg[8]_i_3_n_0
    SLICE_X62Y123        CARRY4 (Prop_carry4_CI_CO[3])
                                                      0.054    -1.175 f  student_top_inst/Core_cpu/cpu_core/ex_inst/rv32m_iter_inst/div_dividend_r_reg[12]_i_2/CO[3]
                         net (fo=1, routed)           0.000    -1.175    student_top_inst/Core_cpu/cpu_core/ex_inst/rv32m_iter_inst/div_dividend_r_reg[12]_i_2_n_0
    SLICE_X62Y124        CARRY4 (Prop_carry4_CI_CO[3])
                                                      0.054    -1.121 r  student_top_inst/Core_cpu/cpu_core/ex_inst/rv32m_iter_inst/div_dividend_r_reg[16]_i_3/CO[3]
                         net (fo=1, routed)           0.007    -1.114    student_top_inst/Core_cpu/cpu_core/ex_inst/rv32m_iter_inst/div_dividend_r_reg[16]_i_3_n_0
    SLICE_X62Y125        CARRY4 (Prop_carry4_CI_CO[3])
                                                      0.054    -1.060 r  student_top_inst/Core_cpu/cpu_core/ex_inst/rv32m_iter_inst/div_dividend_r_reg[20]_i_2/CO[3]
                         net (fo=1, routed)           0.000    -1.060    student_top_inst/Core_cpu/cpu_core/ex_inst/rv32m_iter_inst/div_dividend_r_reg[20]_i_2_n_0
    SLICE_X62Y126        CARRY4 (Prop_carry4_CI_CO[3])
                                                      0.054    -1.006 r  student_top_inst/Core_cpu/cpu_core/ex_inst/rv32m_iter_inst/div_dividend_r_reg[24]_i_3/CO[3]
                         net (fo=1, routed)           0.000    -1.006    student_top_inst/Core_cpu/cpu_core/ex_inst/rv32m_iter_inst/div_dividend_r_reg[24]_i_3_n_0
    SLICE_X62Y127        CARRY4 (Prop_carry4_CI_CO[3])
                                                      0.054    -0.952 r  student_top_inst/Core_cpu/cpu_core/ex_inst/rv32m_iter_inst/div_dividend_r_reg[28]_i_2/CO[3]
                         net (fo=1, routed)           0.000    -0.952    student_top_inst/Core_cpu/cpu_core/ex_inst/rv32m_iter_inst/div_dividend_r_reg[28]_i_2_n_0
    SLICE_X62Y128        CARRY4 (Prop_carry4_CI_O[0])
                                                      0.108    -0.844 f  student_top_inst/Core_cpu/cpu_core/ex_inst/rv32m_iter_inst/div_dividend_r_reg[31]_i_3/O[0]
                         net (fo=5, routed)           0.384    -0.460    student_top_inst/Core_cpu/cpu_core/ex_inst/rv32m_iter_inst/div_op1_abs0[29]
    SLICE_X66Y126        LUT5 (Prop_lut5_I4_O)        0.123    -0.337 f  student_top_inst/Core_cpu/cpu_core/ex_inst/rv32m_iter_inst/iter_count_r[5]_i_29/O
                         net (fo=2, routed)           0.356     0.019    student_top_inst/Core_cpu/cpu_core/ex_inst/rv32m_iter_inst/iter_count_r[5]_i_29_n_0
    SLICE_X60Y126        LUT6 (Prop_lut6_I0_O)        0.043     0.062 r  student_top_inst/Core_cpu/cpu_core/ex_inst/rv32m_iter_inst/iter_count_r[5]_i_10/O
                         net (fo=1, routed)           0.330     0.392    student_top_inst/Core_cpu/cpu_core/ex_inst/rv32m_iter_inst/iter_count_r[5]_i_10_n_0
    SLICE_X61Y126        CARRY4 (Prop_carry4_DI[2]_CO[3])
                                                      0.197     0.589 r  student_top_inst/Core_cpu/cpu_core/ex_inst/rv32m_iter_inst/iter_count_r_reg[5]_i_4/CO[3]
                         net (fo=35, routed)          0.440     1.029    student_top_inst/Core_cpu/cpu_core/ex_inst/rv32m_iter_inst/div_dividend_less
    SLICE_X59Y126        LUT6 (Prop_lut6_I0_O)        0.043     1.072 r  student_top_inst/Core_cpu/cpu_core/ex_inst/rv32m_iter_inst/state_r[2]_i_3/O
                         net (fo=8, routed)           0.516     1.588    student_top_inst/Core_cpu/cpu_core/ex_inst/rv32m_iter_inst/state_r[2]_i_3_n_0
    SLICE_X59Y120        LUT6 (Prop_lut6_I2_O)        0.043     1.631 r  student_top_inst/Core_cpu/cpu_core/ex_inst/rv32m_iter_inst/done_r_i_1/O
                         net (fo=40, routed)          0.433     2.064    student_top_inst/Core_cpu/cpu_core/ex_inst/rv32m_iter_inst/done_r_i_1_n_0
    SLICE_X63Y119        FDRE                                         r  student_top_inst/Core_cpu/cpu_core/ex_inst/rv32m_iter_inst/done_r_reg_rep__17/D
  -------------------------------------------------------------------    -------------------

                         (clock clk_out2_pll rise edge)
                                                      4.706     4.706 r  
    AD12                                              0.000     4.706 r  i_sys_clk_p (IN)
                         net (fo=0)                   0.000     4.706    pll_inst/inst/clk_in1_p
    AD12                 IBUFDS (Prop_ibufds_I_O)     0.803     5.509 r  pll_inst/inst/clkin1_ibufgds/O
                         net (fo=1, routed)           1.001     6.510    pll_inst/inst/clk_in1_pll
    PLLE2_ADV_X1Y1       PLLE2_ADV (Prop_plle2_adv_CLKIN1_CLKOUT1)
                                                     -7.261    -0.751 r  pll_inst/inst/plle2_adv_inst/CLKOUT1
                         net (fo=1, routed)           2.003     1.252    pll_inst/inst/clk_out2_pll
    BUFGCTRL_X0Y0        BUFG (Prop_bufg_I_O)         0.083     1.335 r  pll_inst/inst/clkout2_buf/O
                         net (fo=2866, routed)        1.251     2.586    student_top_inst/Core_cpu/cpu_core/ex_inst/rv32m_iter_inst/clk_out2
    SLICE_X63Y119        FDRE                                         r  student_top_inst/Core_cpu/cpu_core/ex_inst/rv32m_iter_inst/done_r_reg_rep__17/C
                         clock pessimism             -0.355     2.232    
                         clock uncertainty           -0.083     2.149    
    SLICE_X63Y119        FDRE (Setup_fdre_C_D)       -0.022     2.127    student_top_inst/Core_cpu/cpu_core/ex_inst/rv32m_iter_inst/done_r_reg_rep__17
  -------------------------------------------------------------------
                         required time                          2.127    
                         arrival time                          -2.064    
  -------------------------------------------------------------------
                         slack                                  0.063    

Slack (MET) :             0.063ns  (required time - arrival time)
  Source:                 student_top_inst/Core_cpu/cpu_core/ex_inst/rv32m_iter_inst/op1_raw_r_reg[0]/C
                            (rising edge-triggered cell FDRE clocked by clk_out2_pll  {rise@0.000ns fall@2.353ns period=4.706ns})
  Destination:            student_top_inst/Core_cpu/cpu_core/ex_inst/rv32m_iter_inst/done_r_reg_rep__17/D
                            (rising edge-triggered cell FDRE clocked by clk_out2_pll  {rise@0.000ns fall@2.353ns period=4.706ns})
  Path Group:             clk_out2_pll
  Path Type:              Setup (Max at Slow Process Corner)
  Requirement:            4.706ns  (clk_out2_pll rise@4.706ns - clk_out2_pll rise@0.000ns)
  Data Path Delay:        4.520ns  (logic 1.444ns (31.944%)  route 3.076ns (68.056%))
  Logic Levels:           14  (CARRY4=9 LUT1=1 LUT5=1 LUT6=3)
  Clock Path Skew:        -0.018ns (DCD - SCD + CPR)
    Destination Clock Delay (DCD):    -2.120ns = ( 2.586 - 4.706 ) 
    Source Clock Delay      (SCD):    -2.456ns
    Clock Pessimism Removal (CPR):    -0.355ns
  Clock Uncertainty:      0.083ns  ((TSJ^2 + DJ^2)^1/2) / 2 + PE
    Total System Jitter     (TSJ):    0.071ns
    Discrete Jitter          (DJ):    0.150ns
    Phase Error              (PE):    0.000ns

    Location             Delay type                Incr(ns)  Path(ns)    Netlist Resource(s)
  -------------------------------------------------------------------    -------------------
                         (clock clk_out2_pll rise edge)
                                                      0.000     0.000 r  
    AD12                                              0.000     0.000 r  i_sys_clk_p (IN)
                         net (fo=0)                   0.000     0.000    pll_inst/inst/clk_in1_p
    AD12                 IBUFDS (Prop_ibufds_I_O)     0.906     0.906 r  pll_inst/inst/clkin1_ibufgds/O
                         net (fo=1, routed)           1.098     2.004    pll_inst/inst/clk_in1_pll
    PLLE2_ADV_X1Y1       PLLE2_ADV (Prop_plle2_adv_CLKIN1_CLKOUT1)
                                                     -8.058    -6.054 r  pll_inst/inst/plle2_adv_inst/CLKOUT1
                         net (fo=1, routed)           2.128    -3.926    pll_inst/inst/clk_out2_pll
    BUFGCTRL_X0Y0        BUFG (Prop_bufg_I_O)         0.093    -3.833 r  pll_inst/inst/clkout2_buf/O
                         net (fo=2866, routed)        1.377    -2.456    student_top_inst/Core_cpu/cpu_core/ex_inst/rv32m_iter_inst/clk_out2
    SLICE_X64Y122        FDRE                                         r  student_top_inst/Core_cpu/cpu_core/ex_inst/rv32m_iter_inst/op1_raw_r_reg[0]/C
  -------------------------------------------------------------------    -------------------
    SLICE_X64Y122        FDRE (Prop_fdre_C_Q)         0.223    -2.233 f  student_top_inst/Core_cpu/cpu_core/ex_inst/rv32m_iter_inst/op1_raw_r_reg[0]/Q
                         net (fo=8, routed)           0.323    -1.910    student_top_inst/Core_cpu/cpu_core/ex_inst/rv32m_iter_inst/op1_raw_r_reg_n_0_[0]
    SLICE_X64Y122        LUT1 (Prop_lut1_I0_O)        0.043    -1.867 r  student_top_inst/Core_cpu/cpu_core/ex_inst/rv32m_iter_inst/div_dividend_r[4]_i_3/O
                         net (fo=2, routed)           0.287    -1.580    student_top_inst/Core_cpu/cpu_core/ex_inst/rv32m_iter_inst/p_0_in[0]
    SLICE_X62Y121        CARRY4 (Prop_carry4_CYINIT_CO[3])
                                                      0.297    -1.283 r  student_top_inst/Core_cpu/cpu_core/ex_inst/rv32m_iter_inst/div_dividend_r_reg[4]_i_2/CO[3]
                         net (fo=1, routed)           0.000    -1.283    student_top_inst/Core_cpu/cpu_core/ex_inst/rv32m_iter_inst/div_dividend_r_reg[4]_i_2_n_0
    SLICE_X62Y122        CARRY4 (Prop_carry4_CI_CO[3])
                                                      0.054    -1.229 r  student_top_inst/Core_cpu/cpu_core/ex_inst/rv32m_iter_inst/div_dividend_r_reg[8]_i_3/CO[3]
                         net (fo=1, routed)           0.000    -1.229    student_top_inst/Core_cpu/cpu_core/ex_inst/rv32m_iter_inst/div_dividend_r_reg[8]_i_3_n_0
    SLICE_X62Y123        CARRY4 (Prop_carry4_CI_CO[3])
                                                      0.054    -1.175 r  student_top_inst/Core_cpu/cpu_core/ex_inst/rv32m_iter_inst/div_dividend_r_reg[12]_i_2/CO[3]
                         net (fo=1, routed)           0.000    -1.175    student_top_inst/Core_cpu/cpu_core/ex_inst/rv32m_iter_inst/div_dividend_r_reg[12]_i_2_n_0
    SLICE_X62Y124        CARRY4 (Prop_carry4_CI_CO[3])
                                                      0.054    -1.121 f  student_top_inst/Core_cpu/cpu_core/ex_inst/rv32m_iter_inst/div_dividend_r_reg[16]_i_3/CO[3]
                         net (fo=1, routed)           0.007    -1.114    student_top_inst/Core_cpu/cpu_core/ex_inst/rv32m_iter_inst/div_dividend_r_reg[16]_i_3_n_0
    SLICE_X62Y125        CARRY4 (Prop_carry4_CI_CO[3])
                                                      0.054    -1.060 r  student_top_inst/Core_cpu/cpu_core/ex_inst/rv32m_iter_inst/div_dividend_r_reg[20]_i_2/CO[3]
                         net (fo=1, routed)           0.000    -1.060    student_top_inst/Core_cpu/cpu_core/ex_inst/rv32m_iter_inst/div_dividend_r_reg[20]_i_2_n_0
    SLICE_X62Y126        CARRY4 (Prop_carry4_CI_CO[3])
                                                      0.054    -1.006 r  student_top_inst/Core_cpu/cpu_core/ex_inst/rv32m_iter_inst/div_dividend_r_reg[24]_i_3/CO[3]
                         net (fo=1, routed)           0.000    -1.006    student_top_inst/Core_cpu/cpu_core/ex_inst/rv32m_iter_inst/div_dividend_r_reg[24]_i_3_n_0
    SLICE_X62Y127        CARRY4 (Prop_carry4_CI_CO[3])
                                                      0.054    -0.952 r  student_top_inst/Core_cpu/cpu_core/ex_inst/rv32m_iter_inst/div_dividend_r_reg[28]_i_2/CO[3]
                         net (fo=1, routed)           0.000    -0.952    student_top_inst/Core_cpu/cpu_core/ex_inst/rv32m_iter_inst/div_dividend_r_reg[28]_i_2_n_0
    SLICE_X62Y128        CARRY4 (Prop_carry4_CI_O[0])
                                                      0.108    -0.844 f  student_top_inst/Core_cpu/cpu_core/ex_inst/rv32m_iter_inst/div_dividend_r_reg[31]_i_3/O[0]
                         net (fo=5, routed)           0.384    -0.460    student_top_inst/Core_cpu/cpu_core/ex_inst/rv32m_iter_inst/div_op1_abs0[29]
    SLICE_X66Y126        LUT5 (Prop_lut5_I4_O)        0.123    -0.337 f  student_top_inst/Core_cpu/cpu_core/ex_inst/rv32m_iter_inst/iter_count_r[5]_i_29/O
                         net (fo=2, routed)           0.356     0.019    student_top_inst/Core_cpu/cpu_core/ex_inst/rv32m_iter_inst/iter_count_r[5]_i_29_n_0
    SLICE_X60Y126        LUT6 (Prop_lut6_I0_O)        0.043     0.062 r  student_top_inst/Core_cpu/cpu_core/ex_inst/rv32m_iter_inst/iter_count_r[5]_i_10/O
                         net (fo=1, routed)           0.330     0.392    student_top_inst/Core_cpu/cpu_core/ex_inst/rv32m_iter_inst/iter_count_r[5]_i_10_n_0
    SLICE_X61Y126        CARRY4 (Prop_carry4_DI[2]_CO[3])
                                                      0.197     0.589 r  student_top_inst/Core_cpu/cpu_core/ex_inst/rv32m_iter_inst/iter_count_r_reg[5]_i_4/CO[3]
                         net (fo=35, routed)          0.440     1.029    student_top_inst/Core_cpu/cpu_core/ex_inst/rv32m_iter_inst/div_dividend_less
    SLICE_X59Y126        LUT6 (Prop_lut6_I0_O)        0.043     1.072 r  student_top_inst/Core_cpu/cpu_core/ex_inst/rv32m_iter_inst/state_r[2]_i_3/O
                         net (fo=8, routed)           0.516     1.588    student_top_inst/Core_cpu/cpu_core/ex_inst/rv32m_iter_inst/state_r[2]_i_3_n_0
    SLICE_X59Y120        LUT6 (Prop_lut6_I2_O)        0.043     1.631 r  student_top_inst/Core_cpu/cpu_core/ex_inst/rv32m_iter_inst/done_r_i_1/O
                         net (fo=40, routed)          0.433     2.064    student_top_inst/Core_cpu/cpu_core/ex_inst/rv32m_iter_inst/done_r_i_1_n_0
    SLICE_X63Y119        FDRE                                         r  student_top_inst/Core_cpu/cpu_core/ex_inst/rv32m_iter_inst/done_r_reg_rep__17/D
  -------------------------------------------------------------------    -------------------

                         (clock clk_out2_pll rise edge)
                                                      4.706     4.706 r  
    AD12                                              0.000     4.706 r  i_sys_clk_p (IN)
                         net (fo=0)                   0.000     4.706    pll_inst/inst/clk_in1_p
    AD12                 IBUFDS (Prop_ibufds_I_O)     0.803     5.509 r  pll_inst/inst/clkin1_ibufgds/O
                         net (fo=1, routed)           1.001     6.510    pll_inst/inst/clk_in1_pll
    PLLE2_ADV_X1Y1       PLLE2_ADV (Prop_plle2_adv_CLKIN1_CLKOUT1)
                                                     -7.261    -0.751 r  pll_inst/inst/plle2_adv_inst/CLKOUT1
                         net (fo=1, routed)           2.003     1.252    pll_inst/inst/clk_out2_pll
    BUFGCTRL_X0Y0        BUFG (Prop_bufg_I_O)         0.083     1.335 r  pll_inst/inst/clkout2_buf/O
                         net (fo=2866, routed)        1.251     2.586    student_top_inst/Core_cpu/cpu_core/ex_inst/rv32m_iter_inst/clk_out2
    SLICE_X63Y119        FDRE                                         r  student_top_inst/Core_cpu/cpu_core/ex_inst/rv32m_iter_inst/done_r_reg_rep__17/C
                         clock pessimism             -0.355     2.232    
                         clock uncertainty           -0.083     2.149    
    SLICE_X63Y119        FDRE (Setup_fdre_C_D)       -0.022     2.127    student_top_inst/Core_cpu/cpu_core/ex_inst/rv32m_iter_inst/done_r_reg_rep__17
  -------------------------------------------------------------------
                         required time                          2.127    
                         arrival time                          -2.064    
  -------------------------------------------------------------------
                         slack                                  0.063    

Slack (MET) :             0.080ns  (required time - arrival time)
  Source:                 student_top_inst/Core_cpu/cpu_core/ex_inst/rv32m_iter_inst/op1_raw_r_reg[0]/C
                            (rising edge-triggered cell FDRE clocked by clk_out2_pll  {rise@0.000ns fall@2.353ns period=4.706ns})
  Destination:            student_top_inst/Core_cpu/cpu_core/ex_inst/rv32m_iter_inst/done_r_reg_rep__22/D
                            (rising edge-triggered cell FDRE clocked by clk_out2_pll  {rise@0.000ns fall@2.353ns period=4.706ns})
  Path Group:             clk_out2_pll
  Path Type:              Setup (Max at Slow Process Corner)
  Requirement:            4.706ns  (clk_out2_pll rise@4.706ns - clk_out2_pll rise@0.000ns)
  Data Path Delay:        4.481ns  (logic 1.444ns (32.227%)  route 3.037ns (67.773%))
  Logic Levels:           14  (CARRY4=9 LUT1=1 LUT5=1 LUT6=3)
  Clock Path Skew:        -0.037ns (DCD - SCD + CPR)
    Destination Clock Delay (DCD):    -2.119ns = ( 2.587 - 4.706 ) 
    Source Clock Delay      (SCD):    -2.456ns
    Clock Pessimism Removal (CPR):    -0.375ns
  Clock Uncertainty:      0.083ns  ((TSJ^2 + DJ^2)^1/2) / 2 + PE
    Total System Jitter     (TSJ):    0.071ns
    Discrete Jitter          (DJ):    0.150ns
    Phase Error              (PE):    0.000ns

    Location             Delay type                Incr(ns)  Path(ns)    Netlist Resource(s)
  -------------------------------------------------------------------    -------------------
                         (clock clk_out2_pll rise edge)
                                                      0.000     0.000 r  
    AD12                                              0.000     0.000 r  i_sys_clk_p (IN)
                         net (fo=0)                   0.000     0.000    pll_inst/inst/clk_in1_p
    AD12                 IBUFDS (Prop_ibufds_I_O)     0.906     0.906 r  pll_inst/inst/clkin1_ibufgds/O
                         net (fo=1, routed)           1.098     2.004    pll_inst/inst/clk_in1_pll
    PLLE2_ADV_X1Y1       PLLE2_ADV (Prop_plle2_adv_CLKIN1_CLKOUT1)
                                                     -8.058    -6.054 r  pll_inst/inst/plle2_adv_inst/CLKOUT1
                         net (fo=1, routed)           2.128    -3.926    pll_inst/inst/clk_out2_pll
    BUFGCTRL_X0Y0        BUFG (Prop_bufg_I_O)         0.093    -3.833 r  pll_inst/inst/clkout2_buf/O
                         net (fo=2866, routed)        1.377    -2.456    student_top_inst/Core_cpu/cpu_core/ex_inst/rv32m_iter_inst/clk_out2
    SLICE_X64Y122        FDRE                                         r  student_top_inst/Core_cpu/cpu_core/ex_inst/rv32m_iter_inst/op1_raw_r_reg[0]/C
  -------------------------------------------------------------------    -------------------
    SLICE_X64Y122        FDRE (Prop_fdre_C_Q)         0.223    -2.233 f  student_top_inst/Core_cpu/cpu_core/ex_inst/rv32m_iter_inst/op1_raw_r_reg[0]/Q
                         net (fo=8, routed)           0.323    -1.910    student_top_inst/Core_cpu/cpu_core/ex_inst/rv32m_iter_inst/op1_raw_r_reg_n_0_[0]
    SLICE_X64Y122        LUT1 (Prop_lut1_I0_O)        0.043    -1.867 r  student_top_inst/Core_cpu/cpu_core/ex_inst/rv32m_iter_inst/div_dividend_r[4]_i_3/O
                         net (fo=2, routed)           0.287    -1.580    student_top_inst/Core_cpu/cpu_core/ex_inst/rv32m_iter_inst/p_0_in[0]
    SLICE_X62Y121        CARRY4 (Prop_carry4_CYINIT_CO[3])
                                                      0.297    -1.283 r  student_top_inst/Core_cpu/cpu_core/ex_inst/rv32m_iter_inst/div_dividend_r_reg[4]_i_2/CO[3]
                         net (fo=1, routed)           0.000    -1.283    student_top_inst/Core_cpu/cpu_core/ex_inst/rv32m_iter_inst/div_dividend_r_reg[4]_i_2_n_0
    SLICE_X62Y122        CARRY4 (Prop_carry4_CI_CO[3])
                                                      0.054    -1.229 r  student_top_inst/Core_cpu/cpu_core/ex_inst/rv32m_iter_inst/div_dividend_r_reg[8]_i_3/CO[3]
                         net (fo=1, routed)           0.000    -1.229    student_top_inst/Core_cpu/cpu_core/ex_inst/rv32m_iter_inst/div_dividend_r_reg[8]_i_3_n_0
    SLICE_X62Y123        CARRY4 (Prop_carry4_CI_CO[3])
                                                      0.054    -1.175 r  student_top_inst/Core_cpu/cpu_core/ex_inst/rv32m_iter_inst/div_dividend_r_reg[12]_i_2/CO[3]
                         net (fo=1, routed)           0.000    -1.175    student_top_inst/Core_cpu/cpu_core/ex_inst/rv32m_iter_inst/div_dividend_r_reg[12]_i_2_n_0
    SLICE_X62Y124        CARRY4 (Prop_carry4_CI_CO[3])
                                                      0.054    -1.121 r  student_top_inst/Core_cpu/cpu_core/ex_inst/rv32m_iter_inst/div_dividend_r_reg[16]_i_3/CO[3]
                         net (fo=1, routed)           0.007    -1.114    student_top_inst/Core_cpu/cpu_core/ex_inst/rv32m_iter_inst/div_dividend_r_reg[16]_i_3_n_0
    SLICE_X62Y125        CARRY4 (Prop_carry4_CI_CO[3])
                                                      0.054    -1.060 r  student_top_inst/Core_cpu/cpu_core/ex_inst/rv32m_iter_inst/div_dividend_r_reg[20]_i_2/CO[3]
                         net (fo=1, routed)           0.000    -1.060    student_top_inst/Core_cpu/cpu_core/ex_inst/rv32m_iter_inst/div_dividend_r_reg[20]_i_2_n_0
    SLICE_X62Y126        CARRY4 (Prop_carry4_CI_CO[3])
                                                      0.054    -1.006 r  student_top_inst/Core_cpu/cpu_core/ex_inst/rv32m_iter_inst/div_dividend_r_reg[24]_i_3/CO[3]
                         net (fo=1, routed)           0.000    -1.006    student_top_inst/Core_cpu/cpu_core/ex_inst/rv32m_iter_inst/div_dividend_r_reg[24]_i_3_n_0
    SLICE_X62Y127        CARRY4 (Prop_carry4_CI_CO[3])
                                                      0.054    -0.952 r  student_top_inst/Core_cpu/cpu_core/ex_inst/rv32m_iter_inst/div_dividend_r_reg[28]_i_2/CO[3]
                         net (fo=1, routed)           0.000    -0.952    student_top_inst/Core_cpu/cpu_core/ex_inst/rv32m_iter_inst/div_dividend_r_reg[28]_i_2_n_0
    SLICE_X62Y128        CARRY4 (Prop_carry4_CI_O[0])
                                                      0.108    -0.844 f  student_top_inst/Core_cpu/cpu_core/ex_inst/rv32m_iter_inst/div_dividend_r_reg[31]_i_3/O[0]
                         net (fo=5, routed)           0.384    -0.460    student_top_inst/Core_cpu/cpu_core/ex_inst/rv32m_iter_inst/div_op1_abs0[29]
    SLICE_X66Y126        LUT5 (Prop_lut5_I4_O)        0.123    -0.337 f  student_top_inst/Core_cpu/cpu_core/ex_inst/rv32m_iter_inst/iter_count_r[5]_i_29/O
                         net (fo=2, routed)           0.356     0.019    student_top_inst/Core_cpu/cpu_core/ex_inst/rv32m_iter_inst/iter_count_r[5]_i_29_n_0
    SLICE_X60Y126        LUT6 (Prop_lut6_I0_O)        0.043     0.062 r  student_top_inst/Core_cpu/cpu_core/ex_inst/rv32m_iter_inst/iter_count_r[5]_i_10/O
                         net (fo=1, routed)           0.330     0.392    student_top_inst/Core_cpu/cpu_core/ex_inst/rv32m_iter_inst/iter_count_r[5]_i_10_n_0
    SLICE_X61Y126        CARRY4 (Prop_carry4_DI[2]_CO[3])
                                                      0.197     0.589 r  student_top_inst/Core_cpu/cpu_core/ex_inst/rv32m_iter_inst/iter_count_r_reg[5]_i_4/CO[3]
                         net (fo=35, routed)          0.440     1.029    student_top_inst/Core_cpu/cpu_core/ex_inst/rv32m_iter_inst/div_dividend_less
    SLICE_X59Y126        LUT6 (Prop_lut6_I0_O)        0.043     1.072 r  student_top_inst/Core_cpu/cpu_core/ex_inst/rv32m_iter_inst/state_r[2]_i_3/O
                         net (fo=8, routed)           0.516     1.588    student_top_inst/Core_cpu/cpu_core/ex_inst/rv32m_iter_inst/state_r[2]_i_3_n_0
    SLICE_X59Y120        LUT6 (Prop_lut6_I2_O)        0.043     1.631 r  student_top_inst/Core_cpu/cpu_core/ex_inst/rv32m_iter_inst/done_r_i_1/O
                         net (fo=40, routed)          0.394     2.024    student_top_inst/Core_cpu/cpu_core/ex_inst/rv32m_iter_inst/done_r_i_1_n_0
    SLICE_X60Y119        FDRE                                         r  student_top_inst/Core_cpu/cpu_core/ex_inst/rv32m_iter_inst/done_r_reg_rep__22/D
  -------------------------------------------------------------------    -------------------

                         (clock clk_out2_pll rise edge)
                                                      4.706     4.706 r  
    AD12                                              0.000     4.706 r  i_sys_clk_p (IN)
                         net (fo=0)                   0.000     4.706    pll_inst/inst/clk_in1_p
    AD12                 IBUFDS (Prop_ibufds_I_O)     0.803     5.509 r  pll_inst/inst/clkin1_ibufgds/O
                         net (fo=1, routed)           1.001     6.510    pll_inst/inst/clk_in1_pll
    PLLE2_ADV_X1Y1       PLLE2_ADV (Prop_plle2_adv_CLKIN1_CLKOUT1)
                                                     -7.261    -0.751 r  pll_inst/inst/plle2_adv_inst/CLKOUT1
                         net (fo=1, routed)           2.003     1.252    pll_inst/inst/clk_out2_pll
    BUFGCTRL_X0Y0        BUFG (Prop_bufg_I_O)         0.083     1.335 r  pll_inst/inst/clkout2_buf/O
                         net (fo=2866, routed)        1.252     2.587    student_top_inst/Core_cpu/cpu_core/ex_inst/rv32m_iter_inst/clk_out2
    SLICE_X60Y119        FDRE                                         r  student_top_inst/Core_cpu/cpu_core/ex_inst/rv32m_iter_inst/done_r_reg_rep__22/C
                         clock pessimism             -0.375     2.213    
                         clock uncertainty           -0.083     2.130    
    SLICE_X60Y119        FDRE (Setup_fdre_C_D)       -0.025     2.105    student_top_inst/Core_cpu/cpu_core/ex_inst/rv32m_iter_inst/done_r_reg_rep__22
  -------------------------------------------------------------------
                         required time                          2.105    
                         arrival time                          -2.024    
  -------------------------------------------------------------------
                         slack                                  0.080    

Slack (MET) :             0.080ns  (required time - arrival time)
  Source:                 student_top_inst/Core_cpu/cpu_core/ex_inst/rv32m_iter_inst/op1_raw_r_reg[0]/C
                            (rising edge-triggered cell FDRE clocked by clk_out2_pll  {rise@0.000ns fall@2.353ns period=4.706ns})
  Destination:            student_top_inst/Core_cpu/cpu_core/ex_inst/rv32m_iter_inst/done_r_reg_rep__22/D
                            (rising edge-triggered cell FDRE clocked by clk_out2_pll  {rise@0.000ns fall@2.353ns period=4.706ns})
  Path Group:             clk_out2_pll
  Path Type:              Setup (Max at Slow Process Corner)
  Requirement:            4.706ns  (clk_out2_pll rise@4.706ns - clk_out2_pll rise@0.000ns)
  Data Path Delay:        4.481ns  (logic 1.444ns (32.227%)  route 3.037ns (67.773%))
  Logic Levels:           14  (CARRY4=9 LUT1=1 LUT5=1 LUT6=3)
  Clock Path Skew:        -0.037ns (DCD - SCD + CPR)
    Destination Clock Delay (DCD):    -2.119ns = ( 2.587 - 4.706 ) 
    Source Clock Delay      (SCD):    -2.456ns
    Clock Pessimism Removal (CPR):    -0.375ns
  Clock Uncertainty:      0.083ns  ((TSJ^2 + DJ^2)^1/2) / 2 + PE
    Total System Jitter     (TSJ):    0.071ns
    Discrete Jitter          (DJ):    0.150ns
    Phase Error              (PE):    0.000ns

    Location             Delay type                Incr(ns)  Path(ns)    Netlist Resource(s)
  -------------------------------------------------------------------    -------------------
                         (clock clk_out2_pll rise edge)
                                                      0.000     0.000 r  
    AD12                                              0.000     0.000 r  i_sys_clk_p (IN)
                         net (fo=0)                   0.000     0.000    pll_inst/inst/clk_in1_p
    AD12                 IBUFDS (Prop_ibufds_I_O)     0.906     0.906 r  pll_inst/inst/clkin1_ibufgds/O
                         net (fo=1, routed)           1.098     2.004    pll_inst/inst/clk_in1_pll
    PLLE2_ADV_X1Y1       PLLE2_ADV (Prop_plle2_adv_CLKIN1_CLKOUT1)
                                                     -8.058    -6.054 r  pll_inst/inst/plle2_adv_inst/CLKOUT1
                         net (fo=1, routed)           2.128    -3.926    pll_inst/inst/clk_out2_pll
    BUFGCTRL_X0Y0        BUFG (Prop_bufg_I_O)         0.093    -3.833 r  pll_inst/inst/clkout2_buf/O
                         net (fo=2866, routed)        1.377    -2.456    student_top_inst/Core_cpu/cpu_core/ex_inst/rv32m_iter_inst/clk_out2
    SLICE_X64Y122        FDRE                                         r  student_top_inst/Core_cpu/cpu_core/ex_inst/rv32m_iter_inst/op1_raw_r_reg[0]/C
  -------------------------------------------------------------------    -------------------
    SLICE_X64Y122        FDRE (Prop_fdre_C_Q)         0.223    -2.233 f  student_top_inst/Core_cpu/cpu_core/ex_inst/rv32m_iter_inst/op1_raw_r_reg[0]/Q
                         net (fo=8, routed)           0.323    -1.910    student_top_inst/Core_cpu/cpu_core/ex_inst/rv32m_iter_inst/op1_raw_r_reg_n_0_[0]
    SLICE_X64Y122        LUT1 (Prop_lut1_I0_O)        0.043    -1.867 r  student_top_inst/Core_cpu/cpu_core/ex_inst/rv32m_iter_inst/div_dividend_r[4]_i_3/O
                         net (fo=2, routed)           0.287    -1.580    student_top_inst/Core_cpu/cpu_core/ex_inst/rv32m_iter_inst/p_0_in[0]
    SLICE_X62Y121        CARRY4 (Prop_carry4_CYINIT_CO[3])
                                                      0.297    -1.283 r  student_top_inst/Core_cpu/cpu_core/ex_inst/rv32m_iter_inst/div_dividend_r_reg[4]_i_2/CO[3]
                         net (fo=1, routed)           0.000    -1.283    student_top_inst/Core_cpu/cpu_core/ex_inst/rv32m_iter_inst/div_dividend_r_reg[4]_i_2_n_0
    SLICE_X62Y122        CARRY4 (Prop_carry4_CI_CO[3])
                                                      0.054    -1.229 f  student_top_inst/Core_cpu/cpu_core/ex_inst/rv32m_iter_inst/div_dividend_r_reg[8]_i_3/CO[3]
                         net (fo=1, routed)           0.000    -1.229    student_top_inst/Core_cpu/cpu_core/ex_inst/rv32m_iter_inst/div_dividend_r_reg[8]_i_3_n_0
    SLICE_X62Y123        CARRY4 (Prop_carry4_CI_CO[3])
                                                      0.054    -1.175 r  student_top_inst/Core_cpu/cpu_core/ex_inst/rv32m_iter_inst/div_dividend_r_reg[12]_i_2/CO[3]
                         net (fo=1, routed)           0.000    -1.175    student_top_inst/Core_cpu/cpu_core/ex_inst/rv32m_iter_inst/div_dividend_r_reg[12]_i_2_n_0
    SLICE_X62Y124        CARRY4 (Prop_carry4_CI_CO[3])
                                                      0.054    -1.121 r  student_top_inst/Core_cpu/cpu_core/ex_inst/rv32m_iter_inst/div_dividend_r_reg[16]_i_3/CO[3]
                         net (fo=1, routed)           0.007    -1.114    student_top_inst/Core_cpu/cpu_core/ex_inst/rv32m_iter_inst/div_dividend_r_reg[16]_i_3_n_0
    SLICE_X62Y125        CARRY4 (Prop_carry4_CI_CO[3])
                                                      0.054    -1.060 r  student_top_inst/Core_cpu/cpu_core/ex_inst/rv32m_iter_inst/div_dividend_r_reg[20]_i_2/CO[3]
                         net (fo=1, routed)           0.000    -1.060    student_top_inst/Core_cpu/cpu_core/ex_inst/rv32m_iter_inst/div_dividend_r_reg[20]_i_2_n_0
    SLICE_X62Y126        CARRY4 (Prop_carry4_CI_CO[3])
                                                      0.054    -1.006 r  student_top_inst/Core_cpu/cpu_core/ex_inst/rv32m_iter_inst/div_dividend_r_reg[24]_i_3/CO[3]
                         net (fo=1, routed)           0.000    -1.006    student_top_inst/Core_cpu/cpu_core/ex_inst/rv32m_iter_inst/div_dividend_r_reg[24]_i_3_n_0
    SLICE_X62Y127        CARRY4 (Prop_carry4_CI_CO[3])
                                                      0.054    -0.952 r  student_top_inst/Core_cpu/cpu_core/ex_inst/rv32m_iter_inst/div_dividend_r_reg[28]_i_2/CO[3]
                         net (fo=1, routed)           0.000    -0.952    student_top_inst/Core_cpu/cpu_core/ex_inst/rv32m_iter_inst/div_dividend_r_reg[28]_i_2_n_0
    SLICE_X62Y128        CARRY4 (Prop_carry4_CI_O[0])
                                                      0.108    -0.844 f  student_top_inst/Core_cpu/cpu_core/ex_inst/rv32m_iter_inst/div_dividend_r_reg[31]_i_3/O[0]
                         net (fo=5, routed)           0.384    -0.460    student_top_inst/Core_cpu/cpu_core/ex_inst/rv32m_iter_inst/div_op1_abs0[29]
    SLICE_X66Y126        LUT5 (Prop_lut5_I4_O)        0.123    -0.337 f  student_top_inst/Core_cpu/cpu_core/ex_inst/rv32m_iter_inst/iter_count_r[5]_i_29/O
                         net (fo=2, routed)           0.356     0.019    student_top_inst/Core_cpu/cpu_core/ex_inst/rv32m_iter_inst/iter_count_r[5]_i_29_n_0
    SLICE_X60Y126        LUT6 (Prop_lut6_I0_O)        0.043     0.062 r  student_top_inst/Core_cpu/cpu_core/ex_inst/rv32m_iter_inst/iter_count_r[5]_i_10/O
                         net (fo=1, routed)           0.330     0.392    student_top_inst/Core_cpu/cpu_core/ex_inst/rv32m_iter_inst/iter_count_r[5]_i_10_n_0
    SLICE_X61Y126        CARRY4 (Prop_carry4_DI[2]_CO[3])
                                                      0.197     0.589 r  student_top_inst/Core_cpu/cpu_core/ex_inst/rv32m_iter_inst/iter_count_r_reg[5]_i_4/CO[3]
                         net (fo=35, routed)          0.440     1.029    student_top_inst/Core_cpu/cpu_core/ex_inst/rv32m_iter_inst/div_dividend_less
    SLICE_X59Y126        LUT6 (Prop_lut6_I0_O)        0.043     1.072 r  student_top_inst/Core_cpu/cpu_core/ex_inst/rv32m_iter_inst/state_r[2]_i_3/O
                         net (fo=8, routed)           0.516     1.588    student_top_inst/Core_cpu/cpu_core/ex_inst/rv32m_iter_inst/state_r[2]_i_3_n_0
    SLICE_X59Y120        LUT6 (Prop_lut6_I2_O)        0.043     1.631 r  student_top_inst/Core_cpu/cpu_core/ex_inst/rv32m_iter_inst/done_r_i_1/O
                         net (fo=40, routed)          0.394     2.024    student_top_inst/Core_cpu/cpu_core/ex_inst/rv32m_iter_inst/done_r_i_1_n_0
    SLICE_X60Y119        FDRE                                         r  student_top_inst/Core_cpu/cpu_core/ex_inst/rv32m_iter_inst/done_r_reg_rep__22/D
  -------------------------------------------------------------------    -------------------

                         (clock clk_out2_pll rise edge)
                                                      4.706     4.706 r  
    AD12                                              0.000     4.706 r  i_sys_clk_p (IN)
                         net (fo=0)                   0.000     4.706    pll_inst/inst/clk_in1_p
    AD12                 IBUFDS (Prop_ibufds_I_O)     0.803     5.509 r  pll_inst/inst/clkin1_ibufgds/O
                         net (fo=1, routed)           1.001     6.510    pll_inst/inst/clk_in1_pll
    PLLE2_ADV_X1Y1       PLLE2_ADV (Prop_plle2_adv_CLKIN1_CLKOUT1)
                                                     -7.261    -0.751 r  pll_inst/inst/plle2_adv_inst/CLKOUT1
                         net (fo=1, routed)           2.003     1.252    pll_inst/inst/clk_out2_pll
    BUFGCTRL_X0Y0        BUFG (Prop_bufg_I_O)         0.083     1.335 r  pll_inst/inst/clkout2_buf/O
                         net (fo=2866, routed)        1.252     2.587    student_top_inst/Core_cpu/cpu_core/ex_inst/rv32m_iter_inst/clk_out2
    SLICE_X60Y119        FDRE                                         r  student_top_inst/Core_cpu/cpu_core/ex_inst/rv32m_iter_inst/done_r_reg_rep__22/C
                         clock pessimism             -0.375     2.213    
                         clock uncertainty           -0.083     2.130    
    SLICE_X60Y119        FDRE (Setup_fdre_C_D)       -0.025     2.105    student_top_inst/Core_cpu/cpu_core/ex_inst/rv32m_iter_inst/done_r_reg_rep__22
  -------------------------------------------------------------------
                         required time                          2.105    
                         arrival time                          -2.024    
  -------------------------------------------------------------------
                         slack                                  0.080    

Slack (MET) :             0.080ns  (required time - arrival time)
  Source:                 student_top_inst/Core_cpu/cpu_core/ex_inst/rv32m_iter_inst/op1_raw_r_reg[0]/C
                            (rising edge-triggered cell FDRE clocked by clk_out2_pll  {rise@0.000ns fall@2.353ns period=4.706ns})
  Destination:            student_top_inst/Core_cpu/cpu_core/ex_inst/rv32m_iter_inst/done_r_reg_rep__22/D
                            (rising edge-triggered cell FDRE clocked by clk_out2_pll  {rise@0.000ns fall@2.353ns period=4.706ns})
  Path Group:             clk_out2_pll
  Path Type:              Setup (Max at Slow Process Corner)
  Requirement:            4.706ns  (clk_out2_pll rise@4.706ns - clk_out2_pll rise@0.000ns)
  Data Path Delay:        4.481ns  (logic 1.444ns (32.227%)  route 3.037ns (67.773%))
  Logic Levels:           14  (CARRY4=9 LUT1=1 LUT5=1 LUT6=3)
  Clock Path Skew:        -0.037ns (DCD - SCD + CPR)
    Destination Clock Delay (DCD):    -2.119ns = ( 2.587 - 4.706 ) 
    Source Clock Delay      (SCD):    -2.456ns
    Clock Pessimism Removal (CPR):    -0.375ns
  Clock Uncertainty:      0.083ns  ((TSJ^2 + DJ^2)^1/2) / 2 + PE
    Total System Jitter     (TSJ):    0.071ns
    Discrete Jitter          (DJ):    0.150ns
    Phase Error              (PE):    0.000ns

    Location             Delay type                Incr(ns)  Path(ns)    Netlist Resource(s)
  -------------------------------------------------------------------    -------------------
                         (clock clk_out2_pll rise edge)
                                                      0.000     0.000 r  
    AD12                                              0.000     0.000 r  i_sys_clk_p (IN)
                         net (fo=0)                   0.000     0.000    pll_inst/inst/clk_in1_p
    AD12                 IBUFDS (Prop_ibufds_I_O)     0.906     0.906 r  pll_inst/inst/clkin1_ibufgds/O
                         net (fo=1, routed)           1.098     2.004    pll_inst/inst/clk_in1_pll
    PLLE2_ADV_X1Y1       PLLE2_ADV (Prop_plle2_adv_CLKIN1_CLKOUT1)
                                                     -8.058    -6.054 r  pll_inst/inst/plle2_adv_inst/CLKOUT1
                         net (fo=1, routed)           2.128    -3.926    pll_inst/inst/clk_out2_pll
    BUFGCTRL_X0Y0        BUFG (Prop_bufg_I_O)         0.093    -3.833 r  pll_inst/inst/clkout2_buf/O
                         net (fo=2866, routed)        1.377    -2.456    student_top_inst/Core_cpu/cpu_core/ex_inst/rv32m_iter_inst/clk_out2
    SLICE_X64Y122        FDRE                                         r  student_top_inst/Core_cpu/cpu_core/ex_inst/rv32m_iter_inst/op1_raw_r_reg[0]/C
  -------------------------------------------------------------------    -------------------
    SLICE_X64Y122        FDRE (Prop_fdre_C_Q)         0.223    -2.233 f  student_top_inst/Core_cpu/cpu_core/ex_inst/rv32m_iter_inst/op1_raw_r_reg[0]/Q
                         net (fo=8, routed)           0.323    -1.910    student_top_inst/Core_cpu/cpu_core/ex_inst/rv32m_iter_inst/op1_raw_r_reg_n_0_[0]
    SLICE_X64Y122        LUT1 (Prop_lut1_I0_O)        0.043    -1.867 r  student_top_inst/Core_cpu/cpu_core/ex_inst/rv32m_iter_inst/div_dividend_r[4]_i_3/O
                         net (fo=2, routed)           0.287    -1.580    student_top_inst/Core_cpu/cpu_core/ex_inst/rv32m_iter_inst/p_0_in[0]
    SLICE_X62Y121        CARRY4 (Prop_carry4_CYINIT_CO[3])
                                                      0.297    -1.283 r  student_top_inst/Core_cpu/cpu_core/ex_inst/rv32m_iter_inst/div_dividend_r_reg[4]_i_2/CO[3]
                         net (fo=1, routed)           0.000    -1.283    student_top_inst/Core_cpu/cpu_core/ex_inst/rv32m_iter_inst/div_dividend_r_reg[4]_i_2_n_0
    SLICE_X62Y122        CARRY4 (Prop_carry4_CI_CO[3])
                                                      0.054    -1.229 r  student_top_inst/Core_cpu/cpu_core/ex_inst/rv32m_iter_inst/div_dividend_r_reg[8]_i_3/CO[3]
                         net (fo=1, routed)           0.000    -1.229    student_top_inst/Core_cpu/cpu_core/ex_inst/rv32m_iter_inst/div_dividend_r_reg[8]_i_3_n_0
    SLICE_X62Y123        CARRY4 (Prop_carry4_CI_CO[3])
                                                      0.054    -1.175 f  student_top_inst/Core_cpu/cpu_core/ex_inst/rv32m_iter_inst/div_dividend_r_reg[12]_i_2/CO[3]
                         net (fo=1, routed)           0.000    -1.175    student_top_inst/Core_cpu/cpu_core/ex_inst/rv32m_iter_inst/div_dividend_r_reg[12]_i_2_n_0
    SLICE_X62Y124        CARRY4 (Prop_carry4_CI_CO[3])
                                                      0.054    -1.121 r  student_top_inst/Core_cpu/cpu_core/ex_inst/rv32m_iter_inst/div_dividend_r_reg[16]_i_3/CO[3]
                         net (fo=1, routed)           0.007    -1.114    student_top_inst/Core_cpu/cpu_core/ex_inst/rv32m_iter_inst/div_dividend_r_reg[16]_i_3_n_0
    SLICE_X62Y125        CARRY4 (Prop_carry4_CI_CO[3])
                                                      0.054    -1.060 r  student_top_inst/Core_cpu/cpu_core/ex_inst/rv32m_iter_inst/div_dividend_r_reg[20]_i_2/CO[3]
                         net (fo=1, routed)           0.000    -1.060    student_top_inst/Core_cpu/cpu_core/ex_inst/rv32m_iter_inst/div_dividend_r_reg[20]_i_2_n_0
    SLICE_X62Y126        CARRY4 (Prop_carry4_CI_CO[3])
                                                      0.054    -1.006 r  student_top_inst/Core_cpu/cpu_core/ex_inst/rv32m_iter_inst/div_dividend_r_reg[24]_i_3/CO[3]
                         net (fo=1, routed)           0.000    -1.006    student_top_inst/Core_cpu/cpu_core/ex_inst/rv32m_iter_inst/div_dividend_r_reg[24]_i_3_n_0
    SLICE_X62Y127        CARRY4 (Prop_carry4_CI_CO[3])
                                                      0.054    -0.952 r  student_top_inst/Core_cpu/cpu_core/ex_inst/rv32m_iter_inst/div_dividend_r_reg[28]_i_2/CO[3]
                         net (fo=1, routed)           0.000    -0.952    student_top_inst/Core_cpu/cpu_core/ex_inst/rv32m_iter_inst/div_dividend_r_reg[28]_i_2_n_0
    SLICE_X62Y128        CARRY4 (Prop_carry4_CI_O[0])
                                                      0.108    -0.844 f  student_top_inst/Core_cpu/cpu_core/ex_inst/rv32m_iter_inst/div_dividend_r_reg[31]_i_3/O[0]
                         net (fo=5, routed)           0.384    -0.460    student_top_inst/Core_cpu/cpu_core/ex_inst/rv32m_iter_inst/div_op1_abs0[29]
    SLICE_X66Y126        LUT5 (Prop_lut5_I4_O)        0.123    -0.337 f  student_top_inst/Core_cpu/cpu_core/ex_inst/rv32m_iter_inst/iter_count_r[5]_i_29/O
                         net (fo=2, routed)           0.356     0.019    student_top_inst/Core_cpu/cpu_core/ex_inst/rv32m_iter_inst/iter_count_r[5]_i_29_n_0
    SLICE_X60Y126        LUT6 (Prop_lut6_I0_O)        0.043     0.062 r  student_top_inst/Core_cpu/cpu_core/ex_inst/rv32m_iter_inst/iter_count_r[5]_i_10/O
                         net (fo=1, routed)           0.330     0.392    student_top_inst/Core_cpu/cpu_core/ex_inst/rv32m_iter_inst/iter_count_r[5]_i_10_n_0
    SLICE_X61Y126        CARRY4 (Prop_carry4_DI[2]_CO[3])
                                                      0.197     0.589 r  student_top_inst/Core_cpu/cpu_core/ex_inst/rv32m_iter_inst/iter_count_r_reg[5]_i_4/CO[3]
                         net (fo=35, routed)          0.440     1.029    student_top_inst/Core_cpu/cpu_core/ex_inst/rv32m_iter_inst/div_dividend_less
    SLICE_X59Y126        LUT6 (Prop_lut6_I0_O)        0.043     1.072 r  student_top_inst/Core_cpu/cpu_core/ex_inst/rv32m_iter_inst/state_r[2]_i_3/O
                         net (fo=8, routed)           0.516     1.588    student_top_inst/Core_cpu/cpu_core/ex_inst/rv32m_iter_inst/state_r[2]_i_3_n_0
    SLICE_X59Y120        LUT6 (Prop_lut6_I2_O)        0.043     1.631 r  student_top_inst/Core_cpu/cpu_core/ex_inst/rv32m_iter_inst/done_r_i_1/O
                         net (fo=40, routed)          0.394     2.024    student_top_inst/Core_cpu/cpu_core/ex_inst/rv32m_iter_inst/done_r_i_1_n_0
    SLICE_X60Y119        FDRE                                         r  student_top_inst/Core_cpu/cpu_core/ex_inst/rv32m_iter_inst/done_r_reg_rep__22/D
  -------------------------------------------------------------------    -------------------

                         (clock clk_out2_pll rise edge)
                                                      4.706     4.706 r  
    AD12                                              0.000     4.706 r  i_sys_clk_p (IN)
                         net (fo=0)                   0.000     4.706    pll_inst/inst/clk_in1_p
    AD12                 IBUFDS (Prop_ibufds_I_O)     0.803     5.509 r  pll_inst/inst/clkin1_ibufgds/O
                         net (fo=1, routed)           1.001     6.510    pll_inst/inst/clk_in1_pll
    PLLE2_ADV_X1Y1       PLLE2_ADV (Prop_plle2_adv_CLKIN1_CLKOUT1)
                                                     -7.261    -0.751 r  pll_inst/inst/plle2_adv_inst/CLKOUT1
                         net (fo=1, routed)           2.003     1.252    pll_inst/inst/clk_out2_pll
    BUFGCTRL_X0Y0        BUFG (Prop_bufg_I_O)         0.083     1.335 r  pll_inst/inst/clkout2_buf/O
                         net (fo=2866, routed)        1.252     2.587    student_top_inst/Core_cpu/cpu_core/ex_inst/rv32m_iter_inst/clk_out2
    SLICE_X60Y119        FDRE                                         r  student_top_inst/Core_cpu/cpu_core/ex_inst/rv32m_iter_inst/done_r_reg_rep__22/C
                         clock pessimism             -0.375     2.213    
                         clock uncertainty           -0.083     2.130    
    SLICE_X60Y119        FDRE (Setup_fdre_C_D)       -0.025     2.105    student_top_inst/Core_cpu/cpu_core/ex_inst/rv32m_iter_inst/done_r_reg_rep__22
  -------------------------------------------------------------------
                         required time                          2.105    
                         arrival time                          -2.024    
  -------------------------------------------------------------------
                         slack                                  0.080    

Slack (MET) :             0.080ns  (required time - arrival time)
  Source:                 student_top_inst/Core_cpu/cpu_core/ex_inst/rv32m_iter_inst/op1_raw_r_reg[0]/C
                            (rising edge-triggered cell FDRE clocked by clk_out2_pll  {rise@0.000ns fall@2.353ns period=4.706ns})
  Destination:            student_top_inst/Core_cpu/cpu_core/ex_inst/rv32m_iter_inst/done_r_reg_rep__22/D
                            (rising edge-triggered cell FDRE clocked by clk_out2_pll  {rise@0.000ns fall@2.353ns period=4.706ns})
  Path Group:             clk_out2_pll
  Path Type:              Setup (Max at Slow Process Corner)
  Requirement:            4.706ns  (clk_out2_pll rise@4.706ns - clk_out2_pll rise@0.000ns)
  Data Path Delay:        4.481ns  (logic 1.444ns (32.227%)  route 3.037ns (67.773%))
  Logic Levels:           14  (CARRY4=9 LUT1=1 LUT5=1 LUT6=3)
  Clock Path Skew:        -0.037ns (DCD - SCD + CPR)
    Destination Clock Delay (DCD):    -2.119ns = ( 2.587 - 4.706 ) 
    Source Clock Delay      (SCD):    -2.456ns
    Clock Pessimism Removal (CPR):    -0.375ns
  Clock Uncertainty:      0.083ns  ((TSJ^2 + DJ^2)^1/2) / 2 + PE
    Total System Jitter     (TSJ):    0.071ns
    Discrete Jitter          (DJ):    0.150ns
    Phase Error              (PE):    0.000ns

    Location             Delay type                Incr(ns)  Path(ns)    Netlist Resource(s)
  -------------------------------------------------------------------    -------------------
                         (clock clk_out2_pll rise edge)
                                                      0.000     0.000 r  
    AD12                                              0.000     0.000 r  i_sys_clk_p (IN)
                         net (fo=0)                   0.000     0.000    pll_inst/inst/clk_in1_p
    AD12                 IBUFDS (Prop_ibufds_I_O)     0.906     0.906 r  pll_inst/inst/clkin1_ibufgds/O
                         net (fo=1, routed)           1.098     2.004    pll_inst/inst/clk_in1_pll
    PLLE2_ADV_X1Y1       PLLE2_ADV (Prop_plle2_adv_CLKIN1_CLKOUT1)
                                                     -8.058    -6.054 r  pll_inst/inst/plle2_adv_inst/CLKOUT1
                         net (fo=1, routed)           2.128    -3.926    pll_inst/inst/clk_out2_pll
    BUFGCTRL_X0Y0        BUFG (Prop_bufg_I_O)         0.093    -3.833 r  pll_inst/inst/clkout2_buf/O
                         net (fo=2866, routed)        1.377    -2.456    student_top_inst/Core_cpu/cpu_core/ex_inst/rv32m_iter_inst/clk_out2
    SLICE_X64Y122        FDRE                                         r  student_top_inst/Core_cpu/cpu_core/ex_inst/rv32m_iter_inst/op1_raw_r_reg[0]/C
  -------------------------------------------------------------------    -------------------
    SLICE_X64Y122        FDRE (Prop_fdre_C_Q)         0.223    -2.233 f  student_top_inst/Core_cpu/cpu_core/ex_inst/rv32m_iter_inst/op1_raw_r_reg[0]/Q
                         net (fo=8, routed)           0.323    -1.910    student_top_inst/Core_cpu/cpu_core/ex_inst/rv32m_iter_inst/op1_raw_r_reg_n_0_[0]
    SLICE_X64Y122        LUT1 (Prop_lut1_I0_O)        0.043    -1.867 r  student_top_inst/Core_cpu/cpu_core/ex_inst/rv32m_iter_inst/div_dividend_r[4]_i_3/O
                         net (fo=2, routed)           0.287    -1.580    student_top_inst/Core_cpu/cpu_core/ex_inst/rv32m_iter_inst/p_0_in[0]
    SLICE_X62Y121        CARRY4 (Prop_carry4_CYINIT_CO[3])
                                                      0.297    -1.283 r  student_top_inst/Core_cpu/cpu_core/ex_inst/rv32m_iter_inst/div_dividend_r_reg[4]_i_2/CO[3]
                         net (fo=1, routed)           0.000    -1.283    student_top_inst/Core_cpu/cpu_core/ex_inst/rv32m_iter_inst/div_dividend_r_reg[4]_i_2_n_0
    SLICE_X62Y122        CARRY4 (Prop_carry4_CI_CO[3])
                                                      0.054    -1.229 f  student_top_inst/Core_cpu/cpu_core/ex_inst/rv32m_iter_inst/div_dividend_r_reg[8]_i_3/CO[3]
                         net (fo=1, routed)           0.000    -1.229    student_top_inst/Core_cpu/cpu_core/ex_inst/rv32m_iter_inst/div_dividend_r_reg[8]_i_3_n_0
    SLICE_X62Y123        CARRY4 (Prop_carry4_CI_CO[3])
                                                      0.054    -1.175 f  student_top_inst/Core_cpu/cpu_core/ex_inst/rv32m_iter_inst/div_dividend_r_reg[12]_i_2/CO[3]
                         net (fo=1, routed)           0.000    -1.175    student_top_inst/Core_cpu/cpu_core/ex_inst/rv32m_iter_inst/div_dividend_r_reg[12]_i_2_n_0
    SLICE_X62Y124        CARRY4 (Prop_carry4_CI_CO[3])
                                                      0.054    -1.121 r  student_top_inst/Core_cpu/cpu_core/ex_inst/rv32m_iter_inst/div_dividend_r_reg[16]_i_3/CO[3]
                         net (fo=1, routed)           0.007    -1.114    student_top_inst/Core_cpu/cpu_core/ex_inst/rv32m_iter_inst/div_dividend_r_reg[16]_i_3_n_0
    SLICE_X62Y125        CARRY4 (Prop_carry4_CI_CO[3])
                                                      0.054    -1.060 r  student_top_inst/Core_cpu/cpu_core/ex_inst/rv32m_iter_inst/div_dividend_r_reg[20]_i_2/CO[3]
                         net (fo=1, routed)           0.000    -1.060    student_top_inst/Core_cpu/cpu_core/ex_inst/rv32m_iter_inst/div_dividend_r_reg[20]_i_2_n_0
    SLICE_X62Y126        CARRY4 (Prop_carry4_CI_CO[3])
                                                      0.054    -1.006 r  student_top_inst/Core_cpu/cpu_core/ex_inst/rv32m_iter_inst/div_dividend_r_reg[24]_i_3/CO[3]
                         net (fo=1, routed)           0.000    -1.006    student_top_inst/Core_cpu/cpu_core/ex_inst/rv32m_iter_inst/div_dividend_r_reg[24]_i_3_n_0
    SLICE_X62Y127        CARRY4 (Prop_carry4_CI_CO[3])
                                                      0.054    -0.952 r  student_top_inst/Core_cpu/cpu_core/ex_inst/rv32m_iter_inst/div_dividend_r_reg[28]_i_2/CO[3]
                         net (fo=1, routed)           0.000    -0.952    student_top_inst/Core_cpu/cpu_core/ex_inst/rv32m_iter_inst/div_dividend_r_reg[28]_i_2_n_0
    SLICE_X62Y128        CARRY4 (Prop_carry4_CI_O[0])
                                                      0.108    -0.844 f  student_top_inst/Core_cpu/cpu_core/ex_inst/rv32m_iter_inst/div_dividend_r_reg[31]_i_3/O[0]
                         net (fo=5, routed)           0.384    -0.460    student_top_inst/Core_cpu/cpu_core/ex_inst/rv32m_iter_inst/div_op1_abs0[29]
    SLICE_X66Y126        LUT5 (Prop_lut5_I4_O)        0.123    -0.337 f  student_top_inst/Core_cpu/cpu_core/ex_inst/rv32m_iter_inst/iter_count_r[5]_i_29/O
                         net (fo=2, routed)           0.356     0.019    student_top_inst/Core_cpu/cpu_core/ex_inst/rv32m_iter_inst/iter_count_r[5]_i_29_n_0
    SLICE_X60Y126        LUT6 (Prop_lut6_I0_O)        0.043     0.062 r  student_top_inst/Core_cpu/cpu_core/ex_inst/rv32m_iter_inst/iter_count_r[5]_i_10/O
                         net (fo=1, routed)           0.330     0.392    student_top_inst/Core_cpu/cpu_core/ex_inst/rv32m_iter_inst/iter_count_r[5]_i_10_n_0
    SLICE_X61Y126        CARRY4 (Prop_carry4_DI[2]_CO[3])
                                                      0.197     0.589 r  student_top_inst/Core_cpu/cpu_core/ex_inst/rv32m_iter_inst/iter_count_r_reg[5]_i_4/CO[3]
                         net (fo=35, routed)          0.440     1.029    student_top_inst/Core_cpu/cpu_core/ex_inst/rv32m_iter_inst/div_dividend_less
    SLICE_X59Y126        LUT6 (Prop_lut6_I0_O)        0.043     1.072 r  student_top_inst/Core_cpu/cpu_core/ex_inst/rv32m_iter_inst/state_r[2]_i_3/O
                         net (fo=8, routed)           0.516     1.588    student_top_inst/Core_cpu/cpu_core/ex_inst/rv32m_iter_inst/state_r[2]_i_3_n_0
    SLICE_X59Y120        LUT6 (Prop_lut6_I2_O)        0.043     1.631 r  student_top_inst/Core_cpu/cpu_core/ex_inst/rv32m_iter_inst/done_r_i_1/O
                         net (fo=40, routed)          0.394     2.024    student_top_inst/Core_cpu/cpu_core/ex_inst/rv32m_iter_inst/done_r_i_1_n_0
    SLICE_X60Y119        FDRE                                         r  student_top_inst/Core_cpu/cpu_core/ex_inst/rv32m_iter_inst/done_r_reg_rep__22/D
  -------------------------------------------------------------------    -------------------

                         (clock clk_out2_pll rise edge)
                                                      4.706     4.706 r  
    AD12                                              0.000     4.706 r  i_sys_clk_p (IN)
                         net (fo=0)                   0.000     4.706    pll_inst/inst/clk_in1_p
    AD12                 IBUFDS (Prop_ibufds_I_O)     0.803     5.509 r  pll_inst/inst/clkin1_ibufgds/O
                         net (fo=1, routed)           1.001     6.510    pll_inst/inst/clk_in1_pll
    PLLE2_ADV_X1Y1       PLLE2_ADV (Prop_plle2_adv_CLKIN1_CLKOUT1)
                                                     -7.261    -0.751 r  pll_inst/inst/plle2_adv_inst/CLKOUT1
                         net (fo=1, routed)           2.003     1.252    pll_inst/inst/clk_out2_pll
    BUFGCTRL_X0Y0        BUFG (Prop_bufg_I_O)         0.083     1.335 r  pll_inst/inst/clkout2_buf/O
                         net (fo=2866, routed)        1.252     2.587    student_top_inst/Core_cpu/cpu_core/ex_inst/rv32m_iter_inst/clk_out2
    SLICE_X60Y119        FDRE                                         r  student_top_inst/Core_cpu/cpu_core/ex_inst/rv32m_iter_inst/done_r_reg_rep__22/C
                         clock pessimism             -0.375     2.213    
                         clock uncertainty           -0.083     2.130    
    SLICE_X60Y119        FDRE (Setup_fdre_C_D)       -0.025     2.105    student_top_inst/Core_cpu/cpu_core/ex_inst/rv32m_iter_inst/done_r_reg_rep__22
  -------------------------------------------------------------------
                         required time                          2.105    
                         arrival time                          -2.024    
  -------------------------------------------------------------------
                         slack                                  0.080    

Slack (MET) :             0.080ns  (required time - arrival time)
  Source:                 student_top_inst/Core_cpu/cpu_core/ex_inst/rv32m_iter_inst/op1_raw_r_reg[0]/C
                            (rising edge-triggered cell FDRE clocked by clk_out2_pll  {rise@0.000ns fall@2.353ns period=4.706ns})
  Destination:            student_top_inst/Core_cpu/cpu_core/ex_inst/rv32m_iter_inst/done_r_reg_rep__22/D
                            (rising edge-triggered cell FDRE clocked by clk_out2_pll  {rise@0.000ns fall@2.353ns period=4.706ns})
  Path Group:             clk_out2_pll
  Path Type:              Setup (Max at Slow Process Corner)
  Requirement:            4.706ns  (clk_out2_pll rise@4.706ns - clk_out2_pll rise@0.000ns)
  Data Path Delay:        4.481ns  (logic 1.444ns (32.227%)  route 3.037ns (67.773%))
  Logic Levels:           14  (CARRY4=9 LUT1=1 LUT5=1 LUT6=3)
  Clock Path Skew:        -0.037ns (DCD - SCD + CPR)
    Destination Clock Delay (DCD):    -2.119ns = ( 2.587 - 4.706 ) 
    Source Clock Delay      (SCD):    -2.456ns
    Clock Pessimism Removal (CPR):    -0.375ns
  Clock Uncertainty:      0.083ns  ((TSJ^2 + DJ^2)^1/2) / 2 + PE
    Total System Jitter     (TSJ):    0.071ns
    Discrete Jitter          (DJ):    0.150ns
    Phase Error              (PE):    0.000ns

    Location             Delay type                Incr(ns)  Path(ns)    Netlist Resource(s)
  -------------------------------------------------------------------    -------------------
                         (clock clk_out2_pll rise edge)
                                                      0.000     0.000 r  
    AD12                                              0.000     0.000 r  i_sys_clk_p (IN)
                         net (fo=0)                   0.000     0.000    pll_inst/inst/clk_in1_p
    AD12                 IBUFDS (Prop_ibufds_I_O)     0.906     0.906 r  pll_inst/inst/clkin1_ibufgds/O
                         net (fo=1, routed)           1.098     2.004    pll_inst/inst/clk_in1_pll
    PLLE2_ADV_X1Y1       PLLE2_ADV (Prop_plle2_adv_CLKIN1_CLKOUT1)
                                                     -8.058    -6.054 r  pll_inst/inst/plle2_adv_inst/CLKOUT1
                         net (fo=1, routed)           2.128    -3.926    pll_inst/inst/clk_out2_pll
    BUFGCTRL_X0Y0        BUFG (Prop_bufg_I_O)         0.093    -3.833 r  pll_inst/inst/clkout2_buf/O
                         net (fo=2866, routed)        1.377    -2.456    student_top_inst/Core_cpu/cpu_core/ex_inst/rv32m_iter_inst/clk_out2
    SLICE_X64Y122        FDRE                                         r  student_top_inst/Core_cpu/cpu_core/ex_inst/rv32m_iter_inst/op1_raw_r_reg[0]/C
  -------------------------------------------------------------------    -------------------
    SLICE_X64Y122        FDRE (Prop_fdre_C_Q)         0.223    -2.233 f  student_top_inst/Core_cpu/cpu_core/ex_inst/rv32m_iter_inst/op1_raw_r_reg[0]/Q
                         net (fo=8, routed)           0.323    -1.910    student_top_inst/Core_cpu/cpu_core/ex_inst/rv32m_iter_inst/op1_raw_r_reg_n_0_[0]
    SLICE_X64Y122        LUT1 (Prop_lut1_I0_O)        0.043    -1.867 r  student_top_inst/Core_cpu/cpu_core/ex_inst/rv32m_iter_inst/div_dividend_r[4]_i_3/O
                         net (fo=2, routed)           0.287    -1.580    student_top_inst/Core_cpu/cpu_core/ex_inst/rv32m_iter_inst/p_0_in[0]
    SLICE_X62Y121        CARRY4 (Prop_carry4_CYINIT_CO[3])
                                                      0.297    -1.283 r  student_top_inst/Core_cpu/cpu_core/ex_inst/rv32m_iter_inst/div_dividend_r_reg[4]_i_2/CO[3]
                         net (fo=1, routed)           0.000    -1.283    student_top_inst/Core_cpu/cpu_core/ex_inst/rv32m_iter_inst/div_dividend_r_reg[4]_i_2_n_0
    SLICE_X62Y122        CARRY4 (Prop_carry4_CI_CO[3])
                                                      0.054    -1.229 r  student_top_inst/Core_cpu/cpu_core/ex_inst/rv32m_iter_inst/div_dividend_r_reg[8]_i_3/CO[3]
                         net (fo=1, routed)           0.000    -1.229    student_top_inst/Core_cpu/cpu_core/ex_inst/rv32m_iter_inst/div_dividend_r_reg[8]_i_3_n_0
    SLICE_X62Y123        CARRY4 (Prop_carry4_CI_CO[3])
                                                      0.054    -1.175 r  student_top_inst/Core_cpu/cpu_core/ex_inst/rv32m_iter_inst/div_dividend_r_reg[12]_i_2/CO[3]
                         net (fo=1, routed)           0.000    -1.175    student_top_inst/Core_cpu/cpu_core/ex_inst/rv32m_iter_inst/div_dividend_r_reg[12]_i_2_n_0
    SLICE_X62Y124        CARRY4 (Prop_carry4_CI_CO[3])
                                                      0.054    -1.121 f  student_top_inst/Core_cpu/cpu_core/ex_inst/rv32m_iter_inst/div_dividend_r_reg[16]_i_3/CO[3]
                         net (fo=1, routed)           0.007    -1.114    student_top_inst/Core_cpu/cpu_core/ex_inst/rv32m_iter_inst/div_dividend_r_reg[16]_i_3_n_0
    SLICE_X62Y125        CARRY4 (Prop_carry4_CI_CO[3])
                                                      0.054    -1.060 r  student_top_inst/Core_cpu/cpu_core/ex_inst/rv32m_iter_inst/div_dividend_r_reg[20]_i_2/CO[3]
                         net (fo=1, routed)           0.000    -1.060    student_top_inst/Core_cpu/cpu_core/ex_inst/rv32m_iter_inst/div_dividend_r_reg[20]_i_2_n_0
    SLICE_X62Y126        CARRY4 (Prop_carry4_CI_CO[3])
                                                      0.054    -1.006 r  student_top_inst/Core_cpu/cpu_core/ex_inst/rv32m_iter_inst/div_dividend_r_reg[24]_i_3/CO[3]
                         net (fo=1, routed)           0.000    -1.006    student_top_inst/Core_cpu/cpu_core/ex_inst/rv32m_iter_inst/div_dividend_r_reg[24]_i_3_n_0
    SLICE_X62Y127        CARRY4 (Prop_carry4_CI_CO[3])
                                                      0.054    -0.952 r  student_top_inst/Core_cpu/cpu_core/ex_inst/rv32m_iter_inst/div_dividend_r_reg[28]_i_2/CO[3]
                         net (fo=1, routed)           0.000    -0.952    student_top_inst/Core_cpu/cpu_core/ex_inst/rv32m_iter_inst/div_dividend_r_reg[28]_i_2_n_0
    SLICE_X62Y128        CARRY4 (Prop_carry4_CI_O[0])
                                                      0.108    -0.844 f  student_top_inst/Core_cpu/cpu_core/ex_inst/rv32m_iter_inst/div_dividend_r_reg[31]_i_3/O[0]
                         net (fo=5, routed)           0.384    -0.460    student_top_inst/Core_cpu/cpu_core/ex_inst/rv32m_iter_inst/div_op1_abs0[29]
    SLICE_X66Y126        LUT5 (Prop_lut5_I4_O)        0.123    -0.337 f  student_top_inst/Core_cpu/cpu_core/ex_inst/rv32m_iter_inst/iter_count_r[5]_i_29/O
                         net (fo=2, routed)           0.356     0.019    student_top_inst/Core_cpu/cpu_core/ex_inst/rv32m_iter_inst/iter_count_r[5]_i_29_n_0
    SLICE_X60Y126        LUT6 (Prop_lut6_I0_O)        0.043     0.062 r  student_top_inst/Core_cpu/cpu_core/ex_inst/rv32m_iter_inst/iter_count_r[5]_i_10/O
                         net (fo=1, routed)           0.330     0.392    student_top_inst/Core_cpu/cpu_core/ex_inst/rv32m_iter_inst/iter_count_r[5]_i_10_n_0
    SLICE_X61Y126        CARRY4 (Prop_carry4_DI[2]_CO[3])
                                                      0.197     0.589 r  student_top_inst/Core_cpu/cpu_core/ex_inst/rv32m_iter_inst/iter_count_r_reg[5]_i_4/CO[3]
                         net (fo=35, routed)          0.440     1.029    student_top_inst/Core_cpu/cpu_core/ex_inst/rv32m_iter_inst/div_dividend_less
    SLICE_X59Y126        LUT6 (Prop_lut6_I0_O)        0.043     1.072 r  student_top_inst/Core_cpu/cpu_core/ex_inst/rv32m_iter_inst/state_r[2]_i_3/O
                         net (fo=8, routed)           0.516     1.588    student_top_inst/Core_cpu/cpu_core/ex_inst/rv32m_iter_inst/state_r[2]_i_3_n_0
    SLICE_X59Y120        LUT6 (Prop_lut6_I2_O)        0.043     1.631 r  student_top_inst/Core_cpu/cpu_core/ex_inst/rv32m_iter_inst/done_r_i_1/O
                         net (fo=40, routed)          0.394     2.024    student_top_inst/Core_cpu/cpu_core/ex_inst/rv32m_iter_inst/done_r_i_1_n_0
    SLICE_X60Y119        FDRE                                         r  student_top_inst/Core_cpu/cpu_core/ex_inst/rv32m_iter_inst/done_r_reg_rep__22/D
  -------------------------------------------------------------------    -------------------

                         (clock clk_out2_pll rise edge)
                                                      4.706     4.706 r  
    AD12                                              0.000     4.706 r  i_sys_clk_p (IN)
                         net (fo=0)                   0.000     4.706    pll_inst/inst/clk_in1_p
    AD12                 IBUFDS (Prop_ibufds_I_O)     0.803     5.509 r  pll_inst/inst/clkin1_ibufgds/O
                         net (fo=1, routed)           1.001     6.510    pll_inst/inst/clk_in1_pll
    PLLE2_ADV_X1Y1       PLLE2_ADV (Prop_plle2_adv_CLKIN1_CLKOUT1)
                                                     -7.261    -0.751 r  pll_inst/inst/plle2_adv_inst/CLKOUT1
                         net (fo=1, routed)           2.003     1.252    pll_inst/inst/clk_out2_pll
    BUFGCTRL_X0Y0        BUFG (Prop_bufg_I_O)         0.083     1.335 r  pll_inst/inst/clkout2_buf/O
                         net (fo=2866, routed)        1.252     2.587    student_top_inst/Core_cpu/cpu_core/ex_inst/rv32m_iter_inst/clk_out2
    SLICE_X60Y119        FDRE                                         r  student_top_inst/Core_cpu/cpu_core/ex_inst/rv32m_iter_inst/done_r_reg_rep__22/C
                         clock pessimism             -0.375     2.213    
                         clock uncertainty           -0.083     2.130    
    SLICE_X60Y119        FDRE (Setup_fdre_C_D)       -0.025     2.105    student_top_inst/Core_cpu/cpu_core/ex_inst/rv32m_iter_inst/done_r_reg_rep__22
  -------------------------------------------------------------------
                         required time                          2.105    
                         arrival time                          -2.024    
  -------------------------------------------------------------------
                         slack                                  0.080    

Slack (MET) :             16.015ns  (required time - arrival time)
  Source:                 uart_inst/rx_data_reg[1]/C
                            (rising edge-triggered cell FDCE clocked by clk_out1_pll  {rise@0.000ns fall@10.000ns period=20.000ns})
  Destination:            twin_controller_inst/status_buffer_reg[5][0]/CE
                            (rising edge-triggered cell FDCE clocked by clk_out1_pll  {rise@0.000ns fall@10.000ns period=20.000ns})
  Path Group:             clk_out1_pll
  Path Type:              Setup (Max at Slow Process Corner)
  Requirement:            20.000ns  (clk_out1_pll rise@20.000ns - clk_out1_pll rise@0.000ns)
  Data Path Delay:        3.634ns  (logic 0.309ns (8.503%)  route 3.325ns (91.497%))
  Logic Levels:           2  (LUT5=1 LUT6=1)
  Clock Path Skew:        -0.045ns (DCD - SCD + CPR)
    Destination Clock Delay (DCD):    -1.943ns = ( 18.057 - 20.000 ) 
    Source Clock Delay      (SCD):    -2.270ns
    Clock Pessimism Removal (CPR):    -0.373ns
  Clock Uncertainty:      0.105ns  ((TSJ^2 + DJ^2)^1/2) / 2 + PE
    Total System Jitter     (TSJ):    0.071ns
    Discrete Jitter          (DJ):    0.198ns
    Phase Error              (PE):    0.000ns

    Location             Delay type                Incr(ns)  Path(ns)    Netlist Resource(s)
  -------------------------------------------------------------------    -------------------
                         (clock clk_out1_pll rise edge)
                                                      0.000     0.000 r  
    AD12                                              0.000     0.000 r  i_sys_clk_p (IN)
                         net (fo=0)                   0.000     0.000    pll_inst/inst/clk_in1_p
    AD12                 IBUFDS (Prop_ibufds_I_O)     0.906     0.906 r  pll_inst/inst/clkin1_ibufgds/O
                         net (fo=1, routed)           1.098     2.004    pll_inst/inst/clk_in1_pll
    PLLE2_ADV_X1Y1       PLLE2_ADV (Prop_plle2_adv_CLKIN1_CLKOUT0)
                                                     -8.058    -6.054 r  pll_inst/inst/plle2_adv_inst/CLKOUT0
                         net (fo=1, routed)           2.128    -3.926    pll_inst/inst/clk_out1_pll
    BUFGCTRL_X0Y1        BUFG (Prop_bufg_I_O)         0.093    -3.833 r  pll_inst/inst/clkout1_buf/O
                         net (fo=546, routed)         1.563    -2.270    uart_inst/clk_out1
    SLICE_X72Y93         FDCE                                         r  uart_inst/rx_data_reg[1]/C
  -------------------------------------------------------------------    -------------------
    SLICE_X72Y93         FDCE (Prop_fdce_C_Q)         0.223    -2.047 f  uart_inst/rx_data_reg[1]/Q
                         net (fo=47, routed)          1.841    -0.206    uart_inst/rx_data[1]
    SLICE_X66Y93         LUT6 (Prop_lut6_I1_O)        0.043    -0.163 r  uart_inst/status_buffer[0][6]_i_3/O
                         net (fo=1, routed)           0.161    -0.002    uart_inst/status_buffer[0][6]_i_3_n_0
    SLICE_X66Y93         LUT5 (Prop_lut5_I3_O)        0.043     0.041 r  uart_inst/status_buffer[0][6]_i_1/O
                         net (fo=134, routed)         1.323     1.364    twin_controller_inst/E[0]
    SLICE_X64Y91         FDCE                                         r  twin_controller_inst/status_buffer_reg[5][0]/CE
  -------------------------------------------------------------------    -------------------

                         (clock clk_out1_pll rise edge)
                                                     20.000    20.000 r  
    AD12                                              0.000    20.000 r  i_sys_clk_p (IN)
                         net (fo=0)                   0.000    20.000    pll_inst/inst/clk_in1_p
    AD12                 IBUFDS (Prop_ibufds_I_O)     0.803    20.803 r  pll_inst/inst/clkin1_ibufgds/O
                         net (fo=1, routed)           1.001    21.804    pll_inst/inst/clk_in1_pll
    PLLE2_ADV_X1Y1       PLLE2_ADV (Prop_plle2_adv_CLKIN1_CLKOUT0)
                                                     -7.261    14.543 r  pll_inst/inst/plle2_adv_inst/CLKOUT0
                         net (fo=1, routed)           2.003    16.546    pll_inst/inst/clk_out1_pll
    BUFGCTRL_X0Y1        BUFG (Prop_bufg_I_O)         0.083    16.629 r  pll_inst/inst/clkout1_buf/O
                         net (fo=546, routed)         1.428    18.057    twin_controller_inst/CLK
    SLICE_X64Y91         FDCE                                         r  twin_controller_inst/status_buffer_reg[5][0]/C
                         clock pessimism             -0.373    17.685    
                         clock uncertainty           -0.105    17.579    
    SLICE_X64Y91         FDCE (Setup_fdce_C_CE)      -0.201    17.378    twin_controller_inst/status_buffer_reg[5][0]
  -------------------------------------------------------------------
                         required time                         17.378    
                         arrival time                          -1.364    
  -------------------------------------------------------------------
                         slack                                 16.015    

Slack (MET) :             16.015ns  (required time - arrival time)
  Source:                 uart_inst/rx_data_reg[1]/C
                            (rising edge-triggered cell FDCE clocked by clk_out1_pll  {rise@0.000ns fall@10.000ns period=20.000ns})
  Destination:            twin_controller_inst/status_buffer_reg[5][0]/CE
                            (rising edge-triggered cell FDCE clocked by clk_out1_pll  {rise@0.000ns fall@10.000ns period=20.000ns})
  Path Group:             clk_out1_pll
  Path Type:              Setup (Max at Slow Process Corner)
  Requirement:            20.000ns  (clk_out1_pll rise@20.000ns - clk_out1_pll rise@0.000ns)
  Data Path Delay:        3.634ns  (logic 0.309ns (8.503%)  route 3.325ns (91.497%))
  Logic Levels:           2  (LUT5=1 LUT6=1)
  Clock Path Skew:        -0.045ns (DCD - SCD + CPR)
    Destination Clock Delay (DCD):    -1.943ns = ( 18.057 - 20.000 ) 
    Source Clock Delay      (SCD):    -2.270ns
    Clock Pessimism Removal (CPR):    -0.373ns
  Clock Uncertainty:      0.105ns  ((TSJ^2 + DJ^2)^1/2) / 2 + PE
    Total System Jitter     (TSJ):    0.071ns
    Discrete Jitter          (DJ):    0.198ns
    Phase Error              (PE):    0.000ns

    Location             Delay type                Incr(ns)  Path(ns)    Netlist Resource(s)
  -------------------------------------------------------------------    -------------------
                         (clock clk_out1_pll rise edge)
                                                      0.000     0.000 r  
    AD12                                              0.000     0.000 r  i_sys_clk_p (IN)
                         net (fo=0)                   0.000     0.000    pll_inst/inst/clk_in1_p
    AD12                 IBUFDS (Prop_ibufds_I_O)     0.906     0.906 r  pll_inst/inst/clkin1_ibufgds/O
                         net (fo=1, routed)           1.098     2.004    pll_inst/inst/clk_in1_pll
    PLLE2_ADV_X1Y1       PLLE2_ADV (Prop_plle2_adv_CLKIN1_CLKOUT0)
                                                     -8.058    -6.054 r  pll_inst/inst/plle2_adv_inst/CLKOUT0
                         net (fo=1, routed)           2.128    -3.926    pll_inst/inst/clk_out1_pll
    BUFGCTRL_X0Y1        BUFG (Prop_bufg_I_O)         0.093    -3.833 r  pll_inst/inst/clkout1_buf/O
                         net (fo=546, routed)         1.563    -2.270    uart_inst/clk_out1
    SLICE_X72Y93         FDCE                                         r  uart_inst/rx_data_reg[1]/C
  -------------------------------------------------------------------    -------------------
    SLICE_X72Y93         FDCE (Prop_fdce_C_Q)         0.223    -2.047 r  uart_inst/rx_data_reg[1]/Q
                         net (fo=47, routed)          1.841    -0.206    uart_inst/rx_data[1]
    SLICE_X66Y93         LUT6 (Prop_lut6_I1_O)        0.043    -0.163 f  uart_inst/status_buffer[0][6]_i_3/O
                         net (fo=1, routed)           0.161    -0.002    uart_inst/status_buffer[0][6]_i_3_n_0
    SLICE_X66Y93         LUT5 (Prop_lut5_I3_O)        0.043     0.041 f  uart_inst/status_buffer[0][6]_i_1/O
                         net (fo=134, routed)         1.323     1.364    twin_controller_inst/E[0]
    SLICE_X64Y91         FDCE                                         f  twin_controller_inst/status_buffer_reg[5][0]/CE
  -------------------------------------------------------------------    -------------------

                         (clock clk_out1_pll rise edge)
                                                     20.000    20.000 r  
    AD12                                              0.000    20.000 r  i_sys_clk_p (IN)
                         net (fo=0)                   0.000    20.000    pll_inst/inst/clk_in1_p
    AD12                 IBUFDS (Prop_ibufds_I_O)     0.803    20.803 r  pll_inst/inst/clkin1_ibufgds/O
                         net (fo=1, routed)           1.001    21.804    pll_inst/inst/clk_in1_pll
    PLLE2_ADV_X1Y1       PLLE2_ADV (Prop_plle2_adv_CLKIN1_CLKOUT0)
                                                     -7.261    14.543 r  pll_inst/inst/plle2_adv_inst/CLKOUT0
                         net (fo=1, routed)           2.003    16.546    pll_inst/inst/clk_out1_pll
    BUFGCTRL_X0Y1        BUFG (Prop_bufg_I_O)         0.083    16.629 r  pll_inst/inst/clkout1_buf/O
                         net (fo=546, routed)         1.428    18.057    twin_controller_inst/CLK
    SLICE_X64Y91         FDCE                                         r  twin_controller_inst/status_buffer_reg[5][0]/C
                         clock pessimism             -0.373    17.685    
                         clock uncertainty           -0.105    17.579    
    SLICE_X64Y91         FDCE (Setup_fdce_C_CE)      -0.201    17.378    twin_controller_inst/status_buffer_reg[5][0]
  -------------------------------------------------------------------
                         required time                         17.378    
                         arrival time                          -1.364    
  -------------------------------------------------------------------
                         slack                                 16.015    

Slack (MET) :             16.033ns  (required time - arrival time)
  Source:                 uart_inst/rx_data_reg[1]/C
                            (rising edge-triggered cell FDCE clocked by clk_out1_pll  {rise@0.000ns fall@10.000ns period=20.000ns})
  Destination:            twin_controller_inst/sw_reg[41]/D
                            (rising edge-triggered cell FDCE clocked by clk_out1_pll  {rise@0.000ns fall@10.000ns period=20.000ns})
  Path Group:             clk_out1_pll
  Path Type:              Setup (Max at Slow Process Corner)
  Requirement:            20.000ns  (clk_out1_pll rise@20.000ns - clk_out1_pll rise@0.000ns)
  Data Path Delay:        3.850ns  (logic 0.592ns (15.376%)  route 3.258ns (84.624%))
  Logic Levels:           4  (LUT3=1 LUT4=2 LUT6=1)
  Clock Path Skew:        -0.046ns (DCD - SCD + CPR)
    Destination Clock Delay (DCD):    -1.944ns = ( 18.056 - 20.000 ) 
    Source Clock Delay      (SCD):    -2.270ns
    Clock Pessimism Removal (CPR):    -0.373ns
  Clock Uncertainty:      0.105ns  ((TSJ^2 + DJ^2)^1/2) / 2 + PE
    Total System Jitter     (TSJ):    0.071ns
    Discrete Jitter          (DJ):    0.198ns
    Phase Error              (PE):    0.000ns

    Location             Delay type                Incr(ns)  Path(ns)    Netlist Resource(s)
  -------------------------------------------------------------------    -------------------
                         (clock clk_out1_pll rise edge)
                                                      0.000     0.000 r  
    AD12                                              0.000     0.000 r  i_sys_clk_p (IN)
                         net (fo=0)                   0.000     0.000    pll_inst/inst/clk_in1_p
    AD12                 IBUFDS (Prop_ibufds_I_O)     0.906     0.906 r  pll_inst/inst/clkin1_ibufgds/O
                         net (fo=1, routed)           1.098     2.004    pll_inst/inst/clk_in1_pll
    PLLE2_ADV_X1Y1       PLLE2_ADV (Prop_plle2_adv_CLKIN1_CLKOUT0)
                                                     -8.058    -6.054 r  pll_inst/inst/plle2_adv_inst/CLKOUT0
                         net (fo=1, routed)           2.128    -3.926    pll_inst/inst/clk_out1_pll
    BUFGCTRL_X0Y1        BUFG (Prop_bufg_I_O)         0.093    -3.833 r  pll_inst/inst/clkout1_buf/O
                         net (fo=546, routed)         1.563    -2.270    uart_inst/clk_out1
    SLICE_X72Y93         FDCE                                         r  uart_inst/rx_data_reg[1]/C
  -------------------------------------------------------------------    -------------------
    SLICE_X72Y93         FDCE (Prop_fdce_C_Q)         0.223    -2.047 f  uart_inst/rx_data_reg[1]/Q
                         net (fo=47, routed)          1.735    -0.312    uart_inst/rx_data[1]
    SLICE_X63Y93         LUT3 (Prop_lut3_I2_O)        0.049    -0.263 r  uart_inst/sw[63]_i_4/O
                         net (fo=3, routed)           0.193    -0.070    uart_inst/sw[63]_i_4_n_0
    SLICE_X63Y94         LUT6 (Prop_lut6_I1_O)        0.136     0.066 f  uart_inst/sw[62]_i_4/O
                         net (fo=4, routed)           0.408     0.473    uart_inst/sw[62]_i_4_n_0
    SLICE_X63Y92         LUT4 (Prop_lut4_I2_O)        0.052     0.525 r  uart_inst/sw[57]_i_2/O
                         net (fo=8, routed)           0.923     1.448    uart_inst/sw[57]_i_2_n_0
    SLICE_X65Y89         LUT4 (Prop_lut4_I1_O)        0.132     1.580 r  uart_inst/sw[41]_i_1/O
                         net (fo=1, routed)           0.000     1.580    twin_controller_inst/sw_reg[41]_0
    SLICE_X65Y89         FDCE                                         r  twin_controller_inst/sw_reg[41]/D
  -------------------------------------------------------------------    -------------------

                         (clock clk_out1_pll rise edge)
                                                     20.000    20.000 r  
    AD12                                              0.000    20.000 r  i_sys_clk_p (IN)
                         net (fo=0)                   0.000    20.000    pll_inst/inst/clk_in1_p
    AD12                 IBUFDS (Prop_ibufds_I_O)     0.803    20.803 r  pll_inst/inst/clkin1_ibufgds/O
                         net (fo=1, routed)           1.001    21.804    pll_inst/inst/clk_in1_pll
    PLLE2_ADV_X1Y1       PLLE2_ADV (Prop_plle2_adv_CLKIN1_CLKOUT0)
                                                     -7.261    14.543 r  pll_inst/inst/plle2_adv_inst/CLKOUT0
                         net (fo=1, routed)           2.003    16.546    pll_inst/inst/clk_out1_pll
    BUFGCTRL_X0Y1        BUFG (Prop_bufg_I_O)         0.083    16.629 r  pll_inst/inst/clkout1_buf/O
                         net (fo=546, routed)         1.427    18.056    twin_controller_inst/CLK
    SLICE_X65Y89         FDCE                                         r  twin_controller_inst/sw_reg[41]/C
                         clock pessimism             -0.373    17.684    
                         clock uncertainty           -0.105    17.578    
    SLICE_X65Y89         FDCE (Setup_fdce_C_D)        0.034    17.612    twin_controller_inst/sw_reg[41]
  -------------------------------------------------------------------
                         required time                         17.612    
                         arrival time                          -1.580    
  -------------------------------------------------------------------
                         slack                                 16.033    

Slack (MET) :             16.033ns  (required time - arrival time)
  Source:                 uart_inst/rx_data_reg[1]/C
                            (rising edge-triggered cell FDCE clocked by clk_out1_pll  {rise@0.000ns fall@10.000ns period=20.000ns})
  Destination:            twin_controller_inst/sw_reg[41]/D
                            (rising edge-triggered cell FDCE clocked by clk_out1_pll  {rise@0.000ns fall@10.000ns period=20.000ns})
  Path Group:             clk_out1_pll
  Path Type:              Setup (Max at Slow Process Corner)
  Requirement:            20.000ns  (clk_out1_pll rise@20.000ns - clk_out1_pll rise@0.000ns)
  Data Path Delay:        3.850ns  (logic 0.592ns (15.376%)  route 3.258ns (84.624%))
  Logic Levels:           4  (LUT3=1 LUT4=2 LUT6=1)
  Clock Path Skew:        -0.046ns (DCD - SCD + CPR)
    Destination Clock Delay (DCD):    -1.944ns = ( 18.056 - 20.000 ) 
    Source Clock Delay      (SCD):    -2.270ns
    Clock Pessimism Removal (CPR):    -0.373ns
  Clock Uncertainty:      0.105ns  ((TSJ^2 + DJ^2)^1/2) / 2 + PE
    Total System Jitter     (TSJ):    0.071ns
    Discrete Jitter          (DJ):    0.198ns
    Phase Error              (PE):    0.000ns

    Location             Delay type                Incr(ns)  Path(ns)    Netlist Resource(s)
  -------------------------------------------------------------------    -------------------
                         (clock clk_out1_pll rise edge)
                                                      0.000     0.000 r  
    AD12                                              0.000     0.000 r  i_sys_clk_p (IN)
                         net (fo=0)                   0.000     0.000    pll_inst/inst/clk_in1_p
    AD12                 IBUFDS (Prop_ibufds_I_O)     0.906     0.906 r  pll_inst/inst/clkin1_ibufgds/O
                         net (fo=1, routed)           1.098     2.004    pll_inst/inst/clk_in1_pll
    PLLE2_ADV_X1Y1       PLLE2_ADV (Prop_plle2_adv_CLKIN1_CLKOUT0)
                                                     -8.058    -6.054 r  pll_inst/inst/plle2_adv_inst/CLKOUT0
                         net (fo=1, routed)           2.128    -3.926    pll_inst/inst/clk_out1_pll
    BUFGCTRL_X0Y1        BUFG (Prop_bufg_I_O)         0.093    -3.833 r  pll_inst/inst/clkout1_buf/O
                         net (fo=546, routed)         1.563    -2.270    uart_inst/clk_out1
    SLICE_X72Y93         FDCE                                         r  uart_inst/rx_data_reg[1]/C
  -------------------------------------------------------------------    -------------------
    SLICE_X72Y93         FDCE (Prop_fdce_C_Q)         0.223    -2.047 r  uart_inst/rx_data_reg[1]/Q
                         net (fo=47, routed)          1.735    -0.312    uart_inst/rx_data[1]
    SLICE_X63Y93         LUT3 (Prop_lut3_I2_O)        0.049    -0.263 f  uart_inst/sw[63]_i_4/O
                         net (fo=3, routed)           0.193    -0.070    uart_inst/sw[63]_i_4_n_0
    SLICE_X63Y94         LUT6 (Prop_lut6_I1_O)        0.136     0.066 f  uart_inst/sw[62]_i_4/O
                         net (fo=4, routed)           0.408     0.473    uart_inst/sw[62]_i_4_n_0
    SLICE_X63Y92         LUT4 (Prop_lut4_I2_O)        0.052     0.525 r  uart_inst/sw[57]_i_2/O
                         net (fo=8, routed)           0.923     1.448    uart_inst/sw[57]_i_2_n_0
    SLICE_X65Y89         LUT4 (Prop_lut4_I1_O)        0.132     1.580 r  uart_inst/sw[41]_i_1/O
                         net (fo=1, routed)           0.000     1.580    twin_controller_inst/sw_reg[41]_0
    SLICE_X65Y89         FDCE                                         r  twin_controller_inst/sw_reg[41]/D
  -------------------------------------------------------------------    -------------------

                         (clock clk_out1_pll rise edge)
                                                     20.000    20.000 r  
    AD12                                              0.000    20.000 r  i_sys_clk_p (IN)
                         net (fo=0)                   0.000    20.000    pll_inst/inst/clk_in1_p
    AD12                 IBUFDS (Prop_ibufds_I_O)     0.803    20.803 r  pll_inst/inst/clkin1_ibufgds/O
                         net (fo=1, routed)           1.001    21.804    pll_inst/inst/clk_in1_pll
    PLLE2_ADV_X1Y1       PLLE2_ADV (Prop_plle2_adv_CLKIN1_CLKOUT0)
                                                     -7.261    14.543 r  pll_inst/inst/plle2_adv_inst/CLKOUT0
                         net (fo=1, routed)           2.003    16.546    pll_inst/inst/clk_out1_pll
    BUFGCTRL_X0Y1        BUFG (Prop_bufg_I_O)         0.083    16.629 r  pll_inst/inst/clkout1_buf/O
                         net (fo=546, routed)         1.427    18.056    twin_controller_inst/CLK
    SLICE_X65Y89         FDCE                                         r  twin_controller_inst/sw_reg[41]/C
                         clock pessimism             -0.373    17.684    
                         clock uncertainty           -0.105    17.578    
    SLICE_X65Y89         FDCE (Setup_fdce_C_D)        0.034    17.612    twin_controller_inst/sw_reg[41]
  -------------------------------------------------------------------
                         required time                         17.612    
                         arrival time                          -1.580    
  -------------------------------------------------------------------
                         slack                                 16.033    

Slack (MET) :             16.033ns  (required time - arrival time)
  Source:                 uart_inst/rx_data_reg[1]/C
                            (rising edge-triggered cell FDCE clocked by clk_out1_pll  {rise@0.000ns fall@10.000ns period=20.000ns})
  Destination:            twin_controller_inst/sw_reg[41]/D
                            (rising edge-triggered cell FDCE clocked by clk_out1_pll  {rise@0.000ns fall@10.000ns period=20.000ns})
  Path Group:             clk_out1_pll
  Path Type:              Setup (Max at Slow Process Corner)
  Requirement:            20.000ns  (clk_out1_pll rise@20.000ns - clk_out1_pll rise@0.000ns)
  Data Path Delay:        3.850ns  (logic 0.592ns (15.376%)  route 3.258ns (84.624%))
  Logic Levels:           4  (LUT3=1 LUT4=2 LUT6=1)
  Clock Path Skew:        -0.046ns (DCD - SCD + CPR)
    Destination Clock Delay (DCD):    -1.944ns = ( 18.056 - 20.000 ) 
    Source Clock Delay      (SCD):    -2.270ns
    Clock Pessimism Removal (CPR):    -0.373ns
  Clock Uncertainty:      0.105ns  ((TSJ^2 + DJ^2)^1/2) / 2 + PE
    Total System Jitter     (TSJ):    0.071ns
    Discrete Jitter          (DJ):    0.198ns
    Phase Error              (PE):    0.000ns

    Location             Delay type                Incr(ns)  Path(ns)    Netlist Resource(s)
  -------------------------------------------------------------------    -------------------
                         (clock clk_out1_pll rise edge)
                                                      0.000     0.000 r  
    AD12                                              0.000     0.000 r  i_sys_clk_p (IN)
                         net (fo=0)                   0.000     0.000    pll_inst/inst/clk_in1_p
    AD12                 IBUFDS (Prop_ibufds_I_O)     0.906     0.906 r  pll_inst/inst/clkin1_ibufgds/O
                         net (fo=1, routed)           1.098     2.004    pll_inst/inst/clk_in1_pll
    PLLE2_ADV_X1Y1       PLLE2_ADV (Prop_plle2_adv_CLKIN1_CLKOUT0)
                                                     -8.058    -6.054 r  pll_inst/inst/plle2_adv_inst/CLKOUT0
                         net (fo=1, routed)           2.128    -3.926    pll_inst/inst/clk_out1_pll
    BUFGCTRL_X0Y1        BUFG (Prop_bufg_I_O)         0.093    -3.833 r  pll_inst/inst/clkout1_buf/O
                         net (fo=546, routed)         1.563    -2.270    uart_inst/clk_out1
    SLICE_X72Y93         FDCE                                         r  uart_inst/rx_data_reg[1]/C
  -------------------------------------------------------------------    -------------------
    SLICE_X72Y93         FDCE (Prop_fdce_C_Q)         0.223    -2.047 f  uart_inst/rx_data_reg[1]/Q
                         net (fo=47, routed)          1.735    -0.312    uart_inst/rx_data[1]
    SLICE_X63Y93         LUT3 (Prop_lut3_I2_O)        0.049    -0.263 r  uart_inst/sw[63]_i_4/O
                         net (fo=3, routed)           0.193    -0.070    uart_inst/sw[63]_i_4_n_0
    SLICE_X63Y94         LUT6 (Prop_lut6_I1_O)        0.136     0.066 r  uart_inst/sw[62]_i_4/O
                         net (fo=4, routed)           0.408     0.473    uart_inst/sw[62]_i_4_n_0
    SLICE_X63Y92         LUT4 (Prop_lut4_I2_O)        0.052     0.525 f  uart_inst/sw[57]_i_2/O
                         net (fo=8, routed)           0.923     1.448    uart_inst/sw[57]_i_2_n_0
    SLICE_X65Y89         LUT4 (Prop_lut4_I1_O)        0.132     1.580 r  uart_inst/sw[41]_i_1/O
                         net (fo=1, routed)           0.000     1.580    twin_controller_inst/sw_reg[41]_0
    SLICE_X65Y89         FDCE                                         r  twin_controller_inst/sw_reg[41]/D
  -------------------------------------------------------------------    -------------------

                         (clock clk_out1_pll rise edge)
                                                     20.000    20.000 r  
    AD12                                              0.000    20.000 r  i_sys_clk_p (IN)
                         net (fo=0)                   0.000    20.000    pll_inst/inst/clk_in1_p
    AD12                 IBUFDS (Prop_ibufds_I_O)     0.803    20.803 r  pll_inst/inst/clkin1_ibufgds/O
                         net (fo=1, routed)           1.001    21.804    pll_inst/inst/clk_in1_pll
    PLLE2_ADV_X1Y1       PLLE2_ADV (Prop_plle2_adv_CLKIN1_CLKOUT0)
                                                     -7.261    14.543 r  pll_inst/inst/plle2_adv_inst/CLKOUT0
                         net (fo=1, routed)           2.003    16.546    pll_inst/inst/clk_out1_pll
    BUFGCTRL_X0Y1        BUFG (Prop_bufg_I_O)         0.083    16.629 r  pll_inst/inst/clkout1_buf/O
                         net (fo=546, routed)         1.427    18.056    twin_controller_inst/CLK
    SLICE_X65Y89         FDCE                                         r  twin_controller_inst/sw_reg[41]/C
                         clock pessimism             -0.373    17.684    
                         clock uncertainty           -0.105    17.578    
    SLICE_X65Y89         FDCE (Setup_fdce_C_D)        0.034    17.612    twin_controller_inst/sw_reg[41]
  -------------------------------------------------------------------
                         required time                         17.612    
                         arrival time                          -1.580    
  -------------------------------------------------------------------
                         slack                                 16.033    

Slack (MET) :             16.033ns  (required time - arrival time)
  Source:                 uart_inst/rx_data_reg[1]/C
                            (rising edge-triggered cell FDCE clocked by clk_out1_pll  {rise@0.000ns fall@10.000ns period=20.000ns})
  Destination:            twin_controller_inst/sw_reg[41]/D
                            (rising edge-triggered cell FDCE clocked by clk_out1_pll  {rise@0.000ns fall@10.000ns period=20.000ns})
  Path Group:             clk_out1_pll
  Path Type:              Setup (Max at Slow Process Corner)
  Requirement:            20.000ns  (clk_out1_pll rise@20.000ns - clk_out1_pll rise@0.000ns)
  Data Path Delay:        3.850ns  (logic 0.592ns (15.376%)  route 3.258ns (84.624%))
  Logic Levels:           4  (LUT3=1 LUT4=2 LUT6=1)
  Clock Path Skew:        -0.046ns (DCD - SCD + CPR)
    Destination Clock Delay (DCD):    -1.944ns = ( 18.056 - 20.000 ) 
    Source Clock Delay      (SCD):    -2.270ns
    Clock Pessimism Removal (CPR):    -0.373ns
  Clock Uncertainty:      0.105ns  ((TSJ^2 + DJ^2)^1/2) / 2 + PE
    Total System Jitter     (TSJ):    0.071ns
    Discrete Jitter          (DJ):    0.198ns
    Phase Error              (PE):    0.000ns

    Location             Delay type                Incr(ns)  Path(ns)    Netlist Resource(s)
  -------------------------------------------------------------------    -------------------
                         (clock clk_out1_pll rise edge)
                                                      0.000     0.000 r  
    AD12                                              0.000     0.000 r  i_sys_clk_p (IN)
                         net (fo=0)                   0.000     0.000    pll_inst/inst/clk_in1_p
    AD12                 IBUFDS (Prop_ibufds_I_O)     0.906     0.906 r  pll_inst/inst/clkin1_ibufgds/O
                         net (fo=1, routed)           1.098     2.004    pll_inst/inst/clk_in1_pll
    PLLE2_ADV_X1Y1       PLLE2_ADV (Prop_plle2_adv_CLKIN1_CLKOUT0)
                                                     -8.058    -6.054 r  pll_inst/inst/plle2_adv_inst/CLKOUT0
                         net (fo=1, routed)           2.128    -3.926    pll_inst/inst/clk_out1_pll
    BUFGCTRL_X0Y1        BUFG (Prop_bufg_I_O)         0.093    -3.833 r  pll_inst/inst/clkout1_buf/O
                         net (fo=546, routed)         1.563    -2.270    uart_inst/clk_out1
    SLICE_X72Y93         FDCE                                         r  uart_inst/rx_data_reg[1]/C
  -------------------------------------------------------------------    -------------------
    SLICE_X72Y93         FDCE (Prop_fdce_C_Q)         0.223    -2.047 r  uart_inst/rx_data_reg[1]/Q
                         net (fo=47, routed)          1.735    -0.312    uart_inst/rx_data[1]
    SLICE_X63Y93         LUT3 (Prop_lut3_I2_O)        0.049    -0.263 f  uart_inst/sw[63]_i_4/O
                         net (fo=3, routed)           0.193    -0.070    uart_inst/sw[63]_i_4_n_0
    SLICE_X63Y94         LUT6 (Prop_lut6_I1_O)        0.136     0.066 r  uart_inst/sw[62]_i_4/O
                         net (fo=4, routed)           0.408     0.473    uart_inst/sw[62]_i_4_n_0
    SLICE_X63Y92         LUT4 (Prop_lut4_I2_O)        0.052     0.525 f  uart_inst/sw[57]_i_2/O
                         net (fo=8, routed)           0.923     1.448    uart_inst/sw[57]_i_2_n_0
    SLICE_X65Y89         LUT4 (Prop_lut4_I1_O)        0.132     1.580 r  uart_inst/sw[41]_i_1/O
                         net (fo=1, routed)           0.000     1.580    twin_controller_inst/sw_reg[41]_0
    SLICE_X65Y89         FDCE                                         r  twin_controller_inst/sw_reg[41]/D
  -------------------------------------------------------------------    -------------------

                         (clock clk_out1_pll rise edge)
                                                     20.000    20.000 r  
    AD12                                              0.000    20.000 r  i_sys_clk_p (IN)
                         net (fo=0)                   0.000    20.000    pll_inst/inst/clk_in1_p
    AD12                 IBUFDS (Prop_ibufds_I_O)     0.803    20.803 r  pll_inst/inst/clkin1_ibufgds/O
                         net (fo=1, routed)           1.001    21.804    pll_inst/inst/clk_in1_pll
    PLLE2_ADV_X1Y1       PLLE2_ADV (Prop_plle2_adv_CLKIN1_CLKOUT0)
                                                     -7.261    14.543 r  pll_inst/inst/plle2_adv_inst/CLKOUT0
                         net (fo=1, routed)           2.003    16.546    pll_inst/inst/clk_out1_pll
    BUFGCTRL_X0Y1        BUFG (Prop_bufg_I_O)         0.083    16.629 r  pll_inst/inst/clkout1_buf/O
                         net (fo=546, routed)         1.427    18.056    twin_controller_inst/CLK
    SLICE_X65Y89         FDCE                                         r  twin_controller_inst/sw_reg[41]/C
                         clock pessimism             -0.373    17.684    
                         clock uncertainty           -0.105    17.578    
    SLICE_X65Y89         FDCE (Setup_fdce_C_D)        0.034    17.612    twin_controller_inst/sw_reg[41]
  -------------------------------------------------------------------
                         required time                         17.612    
                         arrival time                          -1.580    
  -------------------------------------------------------------------
                         slack                                 16.033    

Slack (MET) :             16.033ns  (required time - arrival time)
  Source:                 uart_inst/rx_data_reg[1]/C
                            (rising edge-triggered cell FDCE clocked by clk_out1_pll  {rise@0.000ns fall@10.000ns period=20.000ns})
  Destination:            twin_controller_inst/sw_reg[41]/D
                            (rising edge-triggered cell FDCE clocked by clk_out1_pll  {rise@0.000ns fall@10.000ns period=20.000ns})
  Path Group:             clk_out1_pll
  Path Type:              Setup (Max at Slow Process Corner)
  Requirement:            20.000ns  (clk_out1_pll rise@20.000ns - clk_out1_pll rise@0.000ns)
  Data Path Delay:        3.850ns  (logic 0.592ns (15.376%)  route 3.258ns (84.624%))
  Logic Levels:           4  (LUT3=1 LUT4=2 LUT6=1)
  Clock Path Skew:        -0.046ns (DCD - SCD + CPR)
    Destination Clock Delay (DCD):    -1.944ns = ( 18.056 - 20.000 ) 
    Source Clock Delay      (SCD):    -2.270ns
    Clock Pessimism Removal (CPR):    -0.373ns
  Clock Uncertainty:      0.105ns  ((TSJ^2 + DJ^2)^1/2) / 2 + PE
    Total System Jitter     (TSJ):    0.071ns
    Discrete Jitter          (DJ):    0.198ns
    Phase Error              (PE):    0.000ns

    Location             Delay type                Incr(ns)  Path(ns)    Netlist Resource(s)
  -------------------------------------------------------------------    -------------------
                         (clock clk_out1_pll rise edge)
                                                      0.000     0.000 r  
    AD12                                              0.000     0.000 r  i_sys_clk_p (IN)
                         net (fo=0)                   0.000     0.000    pll_inst/inst/clk_in1_p
    AD12                 IBUFDS (Prop_ibufds_I_O)     0.906     0.906 r  pll_inst/inst/clkin1_ibufgds/O
                         net (fo=1, routed)           1.098     2.004    pll_inst/inst/clk_in1_pll
    PLLE2_ADV_X1Y1       PLLE2_ADV (Prop_plle2_adv_CLKIN1_CLKOUT0)
                                                     -8.058    -6.054 r  pll_inst/inst/plle2_adv_inst/CLKOUT0
                         net (fo=1, routed)           2.128    -3.926    pll_inst/inst/clk_out1_pll
    BUFGCTRL_X0Y1        BUFG (Prop_bufg_I_O)         0.093    -3.833 r  pll_inst/inst/clkout1_buf/O
                         net (fo=546, routed)         1.563    -2.270    uart_inst/clk_out1
    SLICE_X72Y93         FDCE                                         r  uart_inst/rx_data_reg[1]/C
  -------------------------------------------------------------------    -------------------
    SLICE_X72Y93         FDCE (Prop_fdce_C_Q)         0.223    -2.047 f  uart_inst/rx_data_reg[1]/Q
                         net (fo=47, routed)          1.735    -0.312    uart_inst/rx_data[1]
    SLICE_X63Y93         LUT3 (Prop_lut3_I2_O)        0.049    -0.263 r  uart_inst/sw[63]_i_4/O
                         net (fo=3, routed)           0.193    -0.070    uart_inst/sw[63]_i_4_n_0
    SLICE_X63Y94         LUT6 (Prop_lut6_I1_O)        0.136     0.066 f  uart_inst/sw[62]_i_4/O
                         net (fo=4, routed)           0.408     0.473    uart_inst/sw[62]_i_4_n_0
    SLICE_X63Y92         LUT4 (Prop_lut4_I2_O)        0.052     0.525 r  uart_inst/sw[57]_i_2/O
                         net (fo=8, routed)           0.923     1.448    uart_inst/sw[57]_i_2_n_0
    SLICE_X65Y89         LUT4 (Prop_lut4_I1_O)        0.132     1.580 f  uart_inst/sw[41]_i_1/O
                         net (fo=1, routed)           0.000     1.580    twin_controller_inst/sw_reg[41]_0
    SLICE_X65Y89         FDCE                                         f  twin_controller_inst/sw_reg[41]/D
  -------------------------------------------------------------------    -------------------

                         (clock clk_out1_pll rise edge)
                                                     20.000    20.000 r  
    AD12                                              0.000    20.000 r  i_sys_clk_p (IN)
                         net (fo=0)                   0.000    20.000    pll_inst/inst/clk_in1_p
    AD12                 IBUFDS (Prop_ibufds_I_O)     0.803    20.803 r  pll_inst/inst/clkin1_ibufgds/O
                         net (fo=1, routed)           1.001    21.804    pll_inst/inst/clk_in1_pll
    PLLE2_ADV_X1Y1       PLLE2_ADV (Prop_plle2_adv_CLKIN1_CLKOUT0)
                                                     -7.261    14.543 r  pll_inst/inst/plle2_adv_inst/CLKOUT0
                         net (fo=1, routed)           2.003    16.546    pll_inst/inst/clk_out1_pll
    BUFGCTRL_X0Y1        BUFG (Prop_bufg_I_O)         0.083    16.629 r  pll_inst/inst/clkout1_buf/O
                         net (fo=546, routed)         1.427    18.056    twin_controller_inst/CLK
    SLICE_X65Y89         FDCE                                         r  twin_controller_inst/sw_reg[41]/C
                         clock pessimism             -0.373    17.684    
                         clock uncertainty           -0.105    17.578    
    SLICE_X65Y89         FDCE (Setup_fdce_C_D)        0.034    17.612    twin_controller_inst/sw_reg[41]
  -------------------------------------------------------------------
                         required time                         17.612    
                         arrival time                          -1.580    
  -------------------------------------------------------------------
                         slack                                 16.033    

Slack (MET) :             16.042ns  (required time - arrival time)
  Source:                 uart_inst/rx_data_reg[1]/C
                            (rising edge-triggered cell FDCE clocked by clk_out1_pll  {rise@0.000ns fall@10.000ns period=20.000ns})
  Destination:            twin_controller_inst/status_buffer_reg[2][7]/CE
                            (rising edge-triggered cell FDCE clocked by clk_out1_pll  {rise@0.000ns fall@10.000ns period=20.000ns})
  Path Group:             clk_out1_pll
  Path Type:              Setup (Max at Slow Process Corner)
  Requirement:            20.000ns  (clk_out1_pll rise@20.000ns - clk_out1_pll rise@0.000ns)
  Data Path Delay:        3.628ns  (logic 0.309ns (8.517%)  route 3.319ns (91.483%))
  Logic Levels:           2  (LUT5=1 LUT6=1)
  Clock Path Skew:        -0.047ns (DCD - SCD + CPR)
    Destination Clock Delay (DCD):    -1.945ns = ( 18.055 - 20.000 ) 
    Source Clock Delay      (SCD):    -2.270ns
    Clock Pessimism Removal (CPR):    -0.373ns
  Clock Uncertainty:      0.105ns  ((TSJ^2 + DJ^2)^1/2) / 2 + PE
    Total System Jitter     (TSJ):    0.071ns
    Discrete Jitter          (DJ):    0.198ns
    Phase Error              (PE):    0.000ns

    Location             Delay type                Incr(ns)  Path(ns)    Netlist Resource(s)
  -------------------------------------------------------------------    -------------------
                         (clock clk_out1_pll rise edge)
                                                      0.000     0.000 r  
    AD12                                              0.000     0.000 r  i_sys_clk_p (IN)
                         net (fo=0)                   0.000     0.000    pll_inst/inst/clk_in1_p
    AD12                 IBUFDS (Prop_ibufds_I_O)     0.906     0.906 r  pll_inst/inst/clkin1_ibufgds/O
                         net (fo=1, routed)           1.098     2.004    pll_inst/inst/clk_in1_pll
    PLLE2_ADV_X1Y1       PLLE2_ADV (Prop_plle2_adv_CLKIN1_CLKOUT0)
                                                     -8.058    -6.054 r  pll_inst/inst/plle2_adv_inst/CLKOUT0
                         net (fo=1, routed)           2.128    -3.926    pll_inst/inst/clk_out1_pll
    BUFGCTRL_X0Y1        BUFG (Prop_bufg_I_O)         0.093    -3.833 r  pll_inst/inst/clkout1_buf/O
                         net (fo=546, routed)         1.563    -2.270    uart_inst/clk_out1
    SLICE_X72Y93         FDCE                                         r  uart_inst/rx_data_reg[1]/C
  -------------------------------------------------------------------    -------------------
    SLICE_X72Y93         FDCE (Prop_fdce_C_Q)         0.223    -2.047 f  uart_inst/rx_data_reg[1]/Q
                         net (fo=47, routed)          1.841    -0.206    uart_inst/rx_data[1]
    SLICE_X66Y93         LUT6 (Prop_lut6_I1_O)        0.043    -0.163 r  uart_inst/status_buffer[0][6]_i_3/O
                         net (fo=1, routed)           0.161    -0.002    uart_inst/status_buffer[0][6]_i_3_n_0
    SLICE_X66Y93         LUT5 (Prop_lut5_I3_O)        0.043     0.041 r  uart_inst/status_buffer[0][6]_i_1/O
                         net (fo=134, routed)         1.317     1.358    twin_controller_inst/E[0]
    SLICE_X62Y88         FDCE                                         r  twin_controller_inst/status_buffer_reg[2][7]/CE
  -------------------------------------------------------------------    -------------------

                         (clock clk_out1_pll rise edge)
                                                     20.000    20.000 r  
    AD12                                              0.000    20.000 r  i_sys_clk_p (IN)
                         net (fo=0)                   0.000    20.000    pll_inst/inst/clk_in1_p
    AD12                 IBUFDS (Prop_ibufds_I_O)     0.803    20.803 r  pll_inst/inst/clkin1_ibufgds/O
                         net (fo=1, routed)           1.001    21.804    pll_inst/inst/clk_in1_pll
    PLLE2_ADV_X1Y1       PLLE2_ADV (Prop_plle2_adv_CLKIN1_CLKOUT0)
                                                     -7.261    14.543 r  pll_inst/inst/plle2_adv_inst/CLKOUT0
                         net (fo=1, routed)           2.003    16.546    pll_inst/inst/clk_out1_pll
    BUFGCTRL_X0Y1        BUFG (Prop_bufg_I_O)         0.083    16.629 r  pll_inst/inst/clkout1_buf/O
                         net (fo=546, routed)         1.426    18.055    twin_controller_inst/CLK
    SLICE_X62Y88         FDCE                                         r  twin_controller_inst/status_buffer_reg[2][7]/C
                         clock pessimism             -0.373    17.683    
                         clock uncertainty           -0.105    17.577    
    SLICE_X62Y88         FDCE (Setup_fdce_C_CE)      -0.178    17.399    twin_controller_inst/status_buffer_reg[2][7]
  -------------------------------------------------------------------
                         required time                         17.399    
                         arrival time                          -1.358    
  -------------------------------------------------------------------
                         slack                                 16.042    

Slack (MET) :             16.042ns  (required time - arrival time)
  Source:                 uart_inst/rx_data_reg[1]/C
                            (rising edge-triggered cell FDCE clocked by clk_out1_pll  {rise@0.000ns fall@10.000ns period=20.000ns})
  Destination:            twin_controller_inst/status_buffer_reg[2][7]/CE
                            (rising edge-triggered cell FDCE clocked by clk_out1_pll  {rise@0.000ns fall@10.000ns period=20.000ns})
  Path Group:             clk_out1_pll
  Path Type:              Setup (Max at Slow Process Corner)
  Requirement:            20.000ns  (clk_out1_pll rise@20.000ns - clk_out1_pll rise@0.000ns)
  Data Path Delay:        3.628ns  (logic 0.309ns (8.517%)  route 3.319ns (91.483%))
  Logic Levels:           2  (LUT5=1 LUT6=1)
  Clock Path Skew:        -0.047ns (DCD - SCD + CPR)
    Destination Clock Delay (DCD):    -1.945ns = ( 18.055 - 20.000 ) 
    Source Clock Delay      (SCD):    -2.270ns
    Clock Pessimism Removal (CPR):    -0.373ns
  Clock Uncertainty:      0.105ns  ((TSJ^2 + DJ^2)^1/2) / 2 + PE
    Total System Jitter     (TSJ):    0.071ns
    Discrete Jitter          (DJ):    0.198ns
    Phase Error              (PE):    0.000ns

    Location             Delay type                Incr(ns)  Path(ns)    Netlist Resource(s)
  -------------------------------------------------------------------    -------------------
                         (clock clk_out1_pll rise edge)
                                                      0.000     0.000 r  
    AD12                                              0.000     0.000 r  i_sys_clk_p (IN)
                         net (fo=0)                   0.000     0.000    pll_inst/inst/clk_in1_p
    AD12                 IBUFDS (Prop_ibufds_I_O)     0.906     0.906 r  pll_inst/inst/clkin1_ibufgds/O
                         net (fo=1, routed)           1.098     2.004    pll_inst/inst/clk_in1_pll
    PLLE2_ADV_X1Y1       PLLE2_ADV (Prop_plle2_adv_CLKIN1_CLKOUT0)
                                                     -8.058    -6.054 r  pll_inst/inst/plle2_adv_inst/CLKOUT0
                         net (fo=1, routed)           2.128    -3.926    pll_inst/inst/clk_out1_pll
    BUFGCTRL_X0Y1        BUFG (Prop_bufg_I_O)         0.093    -3.833 r  pll_inst/inst/clkout1_buf/O
                         net (fo=546, routed)         1.563    -2.270    uart_inst/clk_out1
    SLICE_X72Y93         FDCE                                         r  uart_inst/rx_data_reg[1]/C
  -------------------------------------------------------------------    -------------------
    SLICE_X72Y93         FDCE (Prop_fdce_C_Q)         0.223    -2.047 r  uart_inst/rx_data_reg[1]/Q
                         net (fo=47, routed)          1.841    -0.206    uart_inst/rx_data[1]
    SLICE_X66Y93         LUT6 (Prop_lut6_I1_O)        0.043    -0.163 f  uart_inst/status_buffer[0][6]_i_3/O
                         net (fo=1, routed)           0.161    -0.002    uart_inst/status_buffer[0][6]_i_3_n_0
    SLICE_X66Y93         LUT5 (Prop_lut5_I3_O)        0.043     0.041 f  uart_inst/status_buffer[0][6]_i_1/O
                         net (fo=134, routed)         1.317     1.358    twin_controller_inst/E[0]
    SLICE_X62Y88         FDCE                                         f  twin_controller_inst/status_buffer_reg[2][7]/CE
  -------------------------------------------------------------------    -------------------

                         (clock clk_out1_pll rise edge)
                                                     20.000    20.000 r  
    AD12                                              0.000    20.000 r  i_sys_clk_p (IN)
                         net (fo=0)                   0.000    20.000    pll_inst/inst/clk_in1_p
    AD12                 IBUFDS (Prop_ibufds_I_O)     0.803    20.803 r  pll_inst/inst/clkin1_ibufgds/O
                         net (fo=1, routed)           1.001    21.804    pll_inst/inst/clk_in1_pll
    PLLE2_ADV_X1Y1       PLLE2_ADV (Prop_plle2_adv_CLKIN1_CLKOUT0)
                                                     -7.261    14.543 r  pll_inst/inst/plle2_adv_inst/CLKOUT0
                         net (fo=1, routed)           2.003    16.546    pll_inst/inst/clk_out1_pll
    BUFGCTRL_X0Y1        BUFG (Prop_bufg_I_O)         0.083    16.629 r  pll_inst/inst/clkout1_buf/O
                         net (fo=546, routed)         1.426    18.055    twin_controller_inst/CLK
    SLICE_X62Y88         FDCE                                         r  twin_controller_inst/status_buffer_reg[2][7]/C
                         clock pessimism             -0.373    17.683    
                         clock uncertainty           -0.105    17.577    
    SLICE_X62Y88         FDCE (Setup_fdce_C_CE)      -0.178    17.399    twin_controller_inst/status_buffer_reg[2][7]
  -------------------------------------------------------------------
                         required time                         17.399    
                         arrival time                          -1.358    
  -------------------------------------------------------------------
                         slack                                 16.042    

Slack (MET) :             16.042ns  (required time - arrival time)
  Source:                 uart_inst/rx_data_reg[1]/C
                            (rising edge-triggered cell FDCE clocked by clk_out1_pll  {rise@0.000ns fall@10.000ns period=20.000ns})
  Destination:            twin_controller_inst/status_buffer_reg[3][7]/CE
                            (rising edge-triggered cell FDCE clocked by clk_out1_pll  {rise@0.000ns fall@10.000ns period=20.000ns})
  Path Group:             clk_out1_pll
  Path Type:              Setup (Max at Slow Process Corner)
  Requirement:            20.000ns  (clk_out1_pll rise@20.000ns - clk_out1_pll rise@0.000ns)
  Data Path Delay:        3.628ns  (logic 0.309ns (8.517%)  route 3.319ns (91.483%))
  Logic Levels:           2  (LUT5=1 LUT6=1)
  Clock Path Skew:        -0.047ns (DCD - SCD + CPR)
    Destination Clock Delay (DCD):    -1.945ns = ( 18.055 - 20.000 ) 
    Source Clock Delay      (SCD):    -2.270ns
    Clock Pessimism Removal (CPR):    -0.373ns
  Clock Uncertainty:      0.105ns  ((TSJ^2 + DJ^2)^1/2) / 2 + PE
    Total System Jitter     (TSJ):    0.071ns
    Discrete Jitter          (DJ):    0.198ns
    Phase Error              (PE):    0.000ns

    Location             Delay type                Incr(ns)  Path(ns)    Netlist Resource(s)
  -------------------------------------------------------------------    -------------------
                         (clock clk_out1_pll rise edge)
                                                      0.000     0.000 r  
    AD12                                              0.000     0.000 r  i_sys_clk_p (IN)
                         net (fo=0)                   0.000     0.000    pll_inst/inst/clk_in1_p
    AD12                 IBUFDS (Prop_ibufds_I_O)     0.906     0.906 r  pll_inst/inst/clkin1_ibufgds/O
                         net (fo=1, routed)           1.098     2.004    pll_inst/inst/clk_in1_pll
    PLLE2_ADV_X1Y1       PLLE2_ADV (Prop_plle2_adv_CLKIN1_CLKOUT0)
                                                     -8.058    -6.054 r  pll_inst/inst/plle2_adv_inst/CLKOUT0
                         net (fo=1, routed)           2.128    -3.926    pll_inst/inst/clk_out1_pll
    BUFGCTRL_X0Y1        BUFG (Prop_bufg_I_O)         0.093    -3.833 r  pll_inst/inst/clkout1_buf/O
                         net (fo=546, routed)         1.563    -2.270    uart_inst/clk_out1
    SLICE_X72Y93         FDCE                                         r  uart_inst/rx_data_reg[1]/C
  -------------------------------------------------------------------    -------------------
    SLICE_X72Y93         FDCE (Prop_fdce_C_Q)         0.223    -2.047 f  uart_inst/rx_data_reg[1]/Q
                         net (fo=47, routed)          1.841    -0.206    uart_inst/rx_data[1]
    SLICE_X66Y93         LUT6 (Prop_lut6_I1_O)        0.043    -0.163 r  uart_inst/status_buffer[0][6]_i_3/O
                         net (fo=1, routed)           0.161    -0.002    uart_inst/status_buffer[0][6]_i_3_n_0
    SLICE_X66Y93         LUT5 (Prop_lut5_I3_O)        0.043     0.041 r  uart_inst/status_buffer[0][6]_i_1/O
                         net (fo=134, routed)         1.317     1.358    twin_controller_inst/E[0]
    SLICE_X62Y88         FDCE                                         r  twin_controller_inst/status_buffer_reg[3][7]/CE
  -------------------------------------------------------------------    -------------------

                         (clock clk_out1_pll rise edge)
                                                     20.000    20.000 r  
    AD12                                              0.000    20.000 r  i_sys_clk_p (IN)
                         net (fo=0)                   0.000    20.000    pll_inst/inst/clk_in1_p
    AD12                 IBUFDS (Prop_ibufds_I_O)     0.803    20.803 r  pll_inst/inst/clkin1_ibufgds/O
                         net (fo=1, routed)           1.001    21.804    pll_inst/inst/clk_in1_pll
    PLLE2_ADV_X1Y1       PLLE2_ADV (Prop_plle2_adv_CLKIN1_CLKOUT0)
                                                     -7.261    14.543 r  pll_inst/inst/plle2_adv_inst/CLKOUT0
                         net (fo=1, routed)           2.003    16.546    pll_inst/inst/clk_out1_pll
    BUFGCTRL_X0Y1        BUFG (Prop_bufg_I_O)         0.083    16.629 r  pll_inst/inst/clkout1_buf/O
                         net (fo=546, routed)         1.426    18.055    twin_controller_inst/CLK
    SLICE_X62Y88         FDCE                                         r  twin_controller_inst/status_buffer_reg[3][7]/C
                         clock pessimism             -0.373    17.683    
                         clock uncertainty           -0.105    17.577    
    SLICE_X62Y88         FDCE (Setup_fdce_C_CE)      -0.178    17.399    twin_controller_inst/status_buffer_reg[3][7]
  -------------------------------------------------------------------
                         required time                         17.399    
                         arrival time                          -1.358    
  -------------------------------------------------------------------
                         slack                                 16.042    

Slack (MET) :             16.042ns  (required time - arrival time)
  Source:                 uart_inst/rx_data_reg[1]/C
                            (rising edge-triggered cell FDCE clocked by clk_out1_pll  {rise@0.000ns fall@10.000ns period=20.000ns})
  Destination:            twin_controller_inst/status_buffer_reg[3][7]/CE
                            (rising edge-triggered cell FDCE clocked by clk_out1_pll  {rise@0.000ns fall@10.000ns period=20.000ns})
  Path Group:             clk_out1_pll
  Path Type:              Setup (Max at Slow Process Corner)
  Requirement:            20.000ns  (clk_out1_pll rise@20.000ns - clk_out1_pll rise@0.000ns)
  Data Path Delay:        3.628ns  (logic 0.309ns (8.517%)  route 3.319ns (91.483%))
  Logic Levels:           2  (LUT5=1 LUT6=1)
  Clock Path Skew:        -0.047ns (DCD - SCD + CPR)
    Destination Clock Delay (DCD):    -1.945ns = ( 18.055 - 20.000 ) 
    Source Clock Delay      (SCD):    -2.270ns
    Clock Pessimism Removal (CPR):    -0.373ns
  Clock Uncertainty:      0.105ns  ((TSJ^2 + DJ^2)^1/2) / 2 + PE
    Total System Jitter     (TSJ):    0.071ns
    Discrete Jitter          (DJ):    0.198ns
    Phase Error              (PE):    0.000ns

    Location             Delay type                Incr(ns)  Path(ns)    Netlist Resource(s)
  -------------------------------------------------------------------    -------------------
                         (clock clk_out1_pll rise edge)
                                                      0.000     0.000 r  
    AD12                                              0.000     0.000 r  i_sys_clk_p (IN)
                         net (fo=0)                   0.000     0.000    pll_inst/inst/clk_in1_p
    AD12                 IBUFDS (Prop_ibufds_I_O)     0.906     0.906 r  pll_inst/inst/clkin1_ibufgds/O
                         net (fo=1, routed)           1.098     2.004    pll_inst/inst/clk_in1_pll
    PLLE2_ADV_X1Y1       PLLE2_ADV (Prop_plle2_adv_CLKIN1_CLKOUT0)
                                                     -8.058    -6.054 r  pll_inst/inst/plle2_adv_inst/CLKOUT0
                         net (fo=1, routed)           2.128    -3.926    pll_inst/inst/clk_out1_pll
    BUFGCTRL_X0Y1        BUFG (Prop_bufg_I_O)         0.093    -3.833 r  pll_inst/inst/clkout1_buf/O
                         net (fo=546, routed)         1.563    -2.270    uart_inst/clk_out1
    SLICE_X72Y93         FDCE                                         r  uart_inst/rx_data_reg[1]/C
  -------------------------------------------------------------------    -------------------
    SLICE_X72Y93         FDCE (Prop_fdce_C_Q)         0.223    -2.047 r  uart_inst/rx_data_reg[1]/Q
                         net (fo=47, routed)          1.841    -0.206    uart_inst/rx_data[1]
    SLICE_X66Y93         LUT6 (Prop_lut6_I1_O)        0.043    -0.163 f  uart_inst/status_buffer[0][6]_i_3/O
                         net (fo=1, routed)           0.161    -0.002    uart_inst/status_buffer[0][6]_i_3_n_0
    SLICE_X66Y93         LUT5 (Prop_lut5_I3_O)        0.043     0.041 f  uart_inst/status_buffer[0][6]_i_1/O
                         net (fo=134, routed)         1.317     1.358    twin_controller_inst/E[0]
    SLICE_X62Y88         FDCE                                         f  twin_controller_inst/status_buffer_reg[3][7]/CE
  -------------------------------------------------------------------    -------------------

                         (clock clk_out1_pll rise edge)
                                                     20.000    20.000 r  
    AD12                                              0.000    20.000 r  i_sys_clk_p (IN)
                         net (fo=0)                   0.000    20.000    pll_inst/inst/clk_in1_p
    AD12                 IBUFDS (Prop_ibufds_I_O)     0.803    20.803 r  pll_inst/inst/clkin1_ibufgds/O
                         net (fo=1, routed)           1.001    21.804    pll_inst/inst/clk_in1_pll
    PLLE2_ADV_X1Y1       PLLE2_ADV (Prop_plle2_adv_CLKIN1_CLKOUT0)
                                                     -7.261    14.543 r  pll_inst/inst/plle2_adv_inst/CLKOUT0
                         net (fo=1, routed)           2.003    16.546    pll_inst/inst/clk_out1_pll
    BUFGCTRL_X0Y1        BUFG (Prop_bufg_I_O)         0.083    16.629 r  pll_inst/inst/clkout1_buf/O
                         net (fo=546, routed)         1.426    18.055    twin_controller_inst/CLK
    SLICE_X62Y88         FDCE                                         r  twin_controller_inst/status_buffer_reg[3][7]/C
                         clock pessimism             -0.373    17.683    
                         clock uncertainty           -0.105    17.577    
    SLICE_X62Y88         FDCE (Setup_fdce_C_CE)      -0.178    17.399    twin_controller_inst/status_buffer_reg[3][7]
  -------------------------------------------------------------------
                         required time                         17.399    
                         arrival time                          -1.358    
  -------------------------------------------------------------------
                         slack                                 16.042    

Slack (MET) :             16.042ns  (required time - arrival time)
  Source:                 uart_inst/rx_data_reg[1]/C
                            (rising edge-triggered cell FDCE clocked by clk_out1_pll  {rise@0.000ns fall@10.000ns period=20.000ns})
  Destination:            twin_controller_inst/status_buffer_reg[5][7]/CE
                            (rising edge-triggered cell FDCE clocked by clk_out1_pll  {rise@0.000ns fall@10.000ns period=20.000ns})
  Path Group:             clk_out1_pll
  Path Type:              Setup (Max at Slow Process Corner)
  Requirement:            20.000ns  (clk_out1_pll rise@20.000ns - clk_out1_pll rise@0.000ns)
  Data Path Delay:        3.628ns  (logic 0.309ns (8.517%)  route 3.319ns (91.483%))
  Logic Levels:           2  (LUT5=1 LUT6=1)
  Clock Path Skew:        -0.047ns (DCD - SCD + CPR)
    Destination Clock Delay (DCD):    -1.945ns = ( 18.055 - 20.000 ) 
    Source Clock Delay      (SCD):    -2.270ns
    Clock Pessimism Removal (CPR):    -0.373ns
  Clock Uncertainty:      0.105ns  ((TSJ^2 + DJ^2)^1/2) / 2 + PE
    Total System Jitter     (TSJ):    0.071ns
    Discrete Jitter          (DJ):    0.198ns
    Phase Error              (PE):    0.000ns

    Location             Delay type                Incr(ns)  Path(ns)    Netlist Resource(s)
  -------------------------------------------------------------------    -------------------
                         (clock clk_out1_pll rise edge)
                                                      0.000     0.000 r  
    AD12                                              0.000     0.000 r  i_sys_clk_p (IN)
                         net (fo=0)                   0.000     0.000    pll_inst/inst/clk_in1_p
    AD12                 IBUFDS (Prop_ibufds_I_O)     0.906     0.906 r  pll_inst/inst/clkin1_ibufgds/O
                         net (fo=1, routed)           1.098     2.004    pll_inst/inst/clk_in1_pll
    PLLE2_ADV_X1Y1       PLLE2_ADV (Prop_plle2_adv_CLKIN1_CLKOUT0)
                                                     -8.058    -6.054 r  pll_inst/inst/plle2_adv_inst/CLKOUT0
                         net (fo=1, routed)           2.128    -3.926    pll_inst/inst/clk_out1_pll
    BUFGCTRL_X0Y1        BUFG (Prop_bufg_I_O)         0.093    -3.833 r  pll_inst/inst/clkout1_buf/O
                         net (fo=546, routed)         1.563    -2.270    uart_inst/clk_out1
    SLICE_X72Y93         FDCE                                         r  uart_inst/rx_data_reg[1]/C
  -------------------------------------------------------------------    -------------------
    SLICE_X72Y93         FDCE (Prop_fdce_C_Q)         0.223    -2.047 f  uart_inst/rx_data_reg[1]/Q
                         net (fo=47, routed)          1.841    -0.206    uart_inst/rx_data[1]
    SLICE_X66Y93         LUT6 (Prop_lut6_I1_O)        0.043    -0.163 r  uart_inst/status_buffer[0][6]_i_3/O
                         net (fo=1, routed)           0.161    -0.002    uart_inst/status_buffer[0][6]_i_3_n_0
    SLICE_X66Y93         LUT5 (Prop_lut5_I3_O)        0.043     0.041 r  uart_inst/status_buffer[0][6]_i_1/O
                         net (fo=134, routed)         1.317     1.358    twin_controller_inst/E[0]
    SLICE_X62Y88         FDCE                                         r  twin_controller_inst/status_buffer_reg[5][7]/CE
  -------------------------------------------------------------------    -------------------

                         (clock clk_out1_pll rise edge)
                                                     20.000    20.000 r  
    AD12                                              0.000    20.000 r  i_sys_clk_p (IN)
                         net (fo=0)                   0.000    20.000    pll_inst/inst/clk_in1_p
    AD12                 IBUFDS (Prop_ibufds_I_O)     0.803    20.803 r  pll_inst/inst/clkin1_ibufgds/O
                         net (fo=1, routed)           1.001    21.804    pll_inst/inst/clk_in1_pll
    PLLE2_ADV_X1Y1       PLLE2_ADV (Prop_plle2_adv_CLKIN1_CLKOUT0)
                                                     -7.261    14.543 r  pll_inst/inst/plle2_adv_inst/CLKOUT0
                         net (fo=1, routed)           2.003    16.546    pll_inst/inst/clk_out1_pll
    BUFGCTRL_X0Y1        BUFG (Prop_bufg_I_O)         0.083    16.629 r  pll_inst/inst/clkout1_buf/O
                         net (fo=546, routed)         1.426    18.055    twin_controller_inst/CLK
    SLICE_X62Y88         FDCE                                         r  twin_controller_inst/status_buffer_reg[5][7]/C
                         clock pessimism             -0.373    17.683    
                         clock uncertainty           -0.105    17.577    
    SLICE_X62Y88         FDCE (Setup_fdce_C_CE)      -0.178    17.399    twin_controller_inst/status_buffer_reg[5][7]
  -------------------------------------------------------------------
                         required time                         17.399    
                         arrival time                          -1.358    
  -------------------------------------------------------------------
                         slack                                 16.042    

Slack (MET) :             16.042ns  (required time - arrival time)
  Source:                 uart_inst/rx_data_reg[1]/C
                            (rising edge-triggered cell FDCE clocked by clk_out1_pll  {rise@0.000ns fall@10.000ns period=20.000ns})
  Destination:            twin_controller_inst/status_buffer_reg[5][7]/CE
                            (rising edge-triggered cell FDCE clocked by clk_out1_pll  {rise@0.000ns fall@10.000ns period=20.000ns})
  Path Group:             clk_out1_pll
  Path Type:              Setup (Max at Slow Process Corner)
  Requirement:            20.000ns  (clk_out1_pll rise@20.000ns - clk_out1_pll rise@0.000ns)
  Data Path Delay:        3.628ns  (logic 0.309ns (8.517%)  route 3.319ns (91.483%))
  Logic Levels:           2  (LUT5=1 LUT6=1)
  Clock Path Skew:        -0.047ns (DCD - SCD + CPR)
    Destination Clock Delay (DCD):    -1.945ns = ( 18.055 - 20.000 ) 
    Source Clock Delay      (SCD):    -2.270ns
    Clock Pessimism Removal (CPR):    -0.373ns
  Clock Uncertainty:      0.105ns  ((TSJ^2 + DJ^2)^1/2) / 2 + PE
    Total System Jitter     (TSJ):    0.071ns
    Discrete Jitter          (DJ):    0.198ns
    Phase Error              (PE):    0.000ns

    Location             Delay type                Incr(ns)  Path(ns)    Netlist Resource(s)
  -------------------------------------------------------------------    -------------------
                         (clock clk_out1_pll rise edge)
                                                      0.000     0.000 r  
    AD12                                              0.000     0.000 r  i_sys_clk_p (IN)
                         net (fo=0)                   0.000     0.000    pll_inst/inst/clk_in1_p
    AD12                 IBUFDS (Prop_ibufds_I_O)     0.906     0.906 r  pll_inst/inst/clkin1_ibufgds/O
                         net (fo=1, routed)           1.098     2.004    pll_inst/inst/clk_in1_pll
    PLLE2_ADV_X1Y1       PLLE2_ADV (Prop_plle2_adv_CLKIN1_CLKOUT0)
                                                     -8.058    -6.054 r  pll_inst/inst/plle2_adv_inst/CLKOUT0
                         net (fo=1, routed)           2.128    -3.926    pll_inst/inst/clk_out1_pll
    BUFGCTRL_X0Y1        BUFG (Prop_bufg_I_O)         0.093    -3.833 r  pll_inst/inst/clkout1_buf/O
                         net (fo=546, routed)         1.563    -2.270    uart_inst/clk_out1
    SLICE_X72Y93         FDCE                                         r  uart_inst/rx_data_reg[1]/C
  -------------------------------------------------------------------    -------------------
    SLICE_X72Y93         FDCE (Prop_fdce_C_Q)         0.223    -2.047 r  uart_inst/rx_data_reg[1]/Q
                         net (fo=47, routed)          1.841    -0.206    uart_inst/rx_data[1]
    SLICE_X66Y93         LUT6 (Prop_lut6_I1_O)        0.043    -0.163 f  uart_inst/status_buffer[0][6]_i_3/O
                         net (fo=1, routed)           0.161    -0.002    uart_inst/status_buffer[0][6]_i_3_n_0
    SLICE_X66Y93         LUT5 (Prop_lut5_I3_O)        0.043     0.041 f  uart_inst/status_buffer[0][6]_i_1/O
                         net (fo=134, routed)         1.317     1.358    twin_controller_inst/E[0]
    SLICE_X62Y88         FDCE                                         f  twin_controller_inst/status_buffer_reg[5][7]/CE
  -------------------------------------------------------------------    -------------------

                         (clock clk_out1_pll rise edge)
                                                     20.000    20.000 r  
    AD12                                              0.000    20.000 r  i_sys_clk_p (IN)
                         net (fo=0)                   0.000    20.000    pll_inst/inst/clk_in1_p
    AD12                 IBUFDS (Prop_ibufds_I_O)     0.803    20.803 r  pll_inst/inst/clkin1_ibufgds/O
                         net (fo=1, routed)           1.001    21.804    pll_inst/inst/clk_in1_pll
    PLLE2_ADV_X1Y1       PLLE2_ADV (Prop_plle2_adv_CLKIN1_CLKOUT0)
                                                     -7.261    14.543 r  pll_inst/inst/plle2_adv_inst/CLKOUT0
                         net (fo=1, routed)           2.003    16.546    pll_inst/inst/clk_out1_pll
    BUFGCTRL_X0Y1        BUFG (Prop_bufg_I_O)         0.083    16.629 r  pll_inst/inst/clkout1_buf/O
                         net (fo=546, routed)         1.426    18.055    twin_controller_inst/CLK
    SLICE_X62Y88         FDCE                                         r  twin_controller_inst/status_buffer_reg[5][7]/C
                         clock pessimism             -0.373    17.683    
                         clock uncertainty           -0.105    17.577    
    SLICE_X62Y88         FDCE (Setup_fdce_C_CE)      -0.178    17.399    twin_controller_inst/status_buffer_reg[5][7]
  -------------------------------------------------------------------
                         required time                         17.399    
                         arrival time                          -1.358    
  -------------------------------------------------------------------
                         slack                                 16.042    

Slack (MET) :             16.042ns  (required time - arrival time)
  Source:                 uart_inst/rx_data_reg[1]/C
                            (rising edge-triggered cell FDCE clocked by clk_out1_pll  {rise@0.000ns fall@10.000ns period=20.000ns})
  Destination:            twin_controller_inst/status_buffer_reg[6][7]/CE
                            (rising edge-triggered cell FDCE clocked by clk_out1_pll  {rise@0.000ns fall@10.000ns period=20.000ns})
  Path Group:             clk_out1_pll
  Path Type:              Setup (Max at Slow Process Corner)
  Requirement:            20.000ns  (clk_out1_pll rise@20.000ns - clk_out1_pll rise@0.000ns)
  Data Path Delay:        3.628ns  (logic 0.309ns (8.517%)  route 3.319ns (91.483%))
  Logic Levels:           2  (LUT5=1 LUT6=1)
  Clock Path Skew:        -0.047ns (DCD - SCD + CPR)
    Destination Clock Delay (DCD):    -1.945ns = ( 18.055 - 20.000 ) 
    Source Clock Delay      (SCD):    -2.270ns
    Clock Pessimism Removal (CPR):    -0.373ns
  Clock Uncertainty:      0.105ns  ((TSJ^2 + DJ^2)^1/2) / 2 + PE
    Total System Jitter     (TSJ):    0.071ns
    Discrete Jitter          (DJ):    0.198ns
    Phase Error              (PE):    0.000ns

    Location             Delay type                Incr(ns)  Path(ns)    Netlist Resource(s)
  -------------------------------------------------------------------    -------------------
                         (clock clk_out1_pll rise edge)
                                                      0.000     0.000 r  
    AD12                                              0.000     0.000 r  i_sys_clk_p (IN)
                         net (fo=0)                   0.000     0.000    pll_inst/inst/clk_in1_p
    AD12                 IBUFDS (Prop_ibufds_I_O)     0.906     0.906 r  pll_inst/inst/clkin1_ibufgds/O
                         net (fo=1, routed)           1.098     2.004    pll_inst/inst/clk_in1_pll
    PLLE2_ADV_X1Y1       PLLE2_ADV (Prop_plle2_adv_CLKIN1_CLKOUT0)
                                                     -8.058    -6.054 r  pll_inst/inst/plle2_adv_inst/CLKOUT0
                         net (fo=1, routed)           2.128    -3.926    pll_inst/inst/clk_out1_pll
    BUFGCTRL_X0Y1        BUFG (Prop_bufg_I_O)         0.093    -3.833 r  pll_inst/inst/clkout1_buf/O
                         net (fo=546, routed)         1.563    -2.270    uart_inst/clk_out1
    SLICE_X72Y93         FDCE                                         r  uart_inst/rx_data_reg[1]/C
  -------------------------------------------------------------------    -------------------
    SLICE_X72Y93         FDCE (Prop_fdce_C_Q)         0.223    -2.047 f  uart_inst/rx_data_reg[1]/Q
                         net (fo=47, routed)          1.841    -0.206    uart_inst/rx_data[1]
    SLICE_X66Y93         LUT6 (Prop_lut6_I1_O)        0.043    -0.163 r  uart_inst/status_buffer[0][6]_i_3/O
                         net (fo=1, routed)           0.161    -0.002    uart_inst/status_buffer[0][6]_i_3_n_0
    SLICE_X66Y93         LUT5 (Prop_lut5_I3_O)        0.043     0.041 r  uart_inst/status_buffer[0][6]_i_1/O
                         net (fo=134, routed)         1.317     1.358    twin_controller_inst/E[0]
    SLICE_X62Y88         FDCE                                         r  twin_controller_inst/status_buffer_reg[6][7]/CE
  -------------------------------------------------------------------    -------------------

                         (clock clk_out1_pll rise edge)
                                                     20.000    20.000 r  
    AD12                                              0.000    20.000 r  i_sys_clk_p (IN)
                         net (fo=0)                   0.000    20.000    pll_inst/inst/clk_in1_p
    AD12                 IBUFDS (Prop_ibufds_I_O)     0.803    20.803 r  pll_inst/inst/clkin1_ibufgds/O
                         net (fo=1, routed)           1.001    21.804    pll_inst/inst/clk_in1_pll
    PLLE2_ADV_X1Y1       PLLE2_ADV (Prop_plle2_adv_CLKIN1_CLKOUT0)
                                                     -7.261    14.543 r  pll_inst/inst/plle2_adv_inst/CLKOUT0
                         net (fo=1, routed)           2.003    16.546    pll_inst/inst/clk_out1_pll
    BUFGCTRL_X0Y1        BUFG (Prop_bufg_I_O)         0.083    16.629 r  pll_inst/inst/clkout1_buf/O
                         net (fo=546, routed)         1.426    18.055    twin_controller_inst/CLK
    SLICE_X62Y88         FDCE                                         r  twin_controller_inst/status_buffer_reg[6][7]/C
                         clock pessimism             -0.373    17.683    
                         clock uncertainty           -0.105    17.577    
    SLICE_X62Y88         FDCE (Setup_fdce_C_CE)      -0.178    17.399    twin_controller_inst/status_buffer_reg[6][7]
  -------------------------------------------------------------------
                         required time                         17.399    
                         arrival time                          -1.358    
  -------------------------------------------------------------------
                         slack                                 16.042    

Slack (MET) :             16.042ns  (required time - arrival time)
  Source:                 uart_inst/rx_data_reg[1]/C
                            (rising edge-triggered cell FDCE clocked by clk_out1_pll  {rise@0.000ns fall@10.000ns period=20.000ns})
  Destination:            twin_controller_inst/status_buffer_reg[6][7]/CE
                            (rising edge-triggered cell FDCE clocked by clk_out1_pll  {rise@0.000ns fall@10.000ns period=20.000ns})
  Path Group:             clk_out1_pll
  Path Type:              Setup (Max at Slow Process Corner)
  Requirement:            20.000ns  (clk_out1_pll rise@20.000ns - clk_out1_pll rise@0.000ns)
  Data Path Delay:        3.628ns  (logic 0.309ns (8.517%)  route 3.319ns (91.483%))
  Logic Levels:           2  (LUT5=1 LUT6=1)
  Clock Path Skew:        -0.047ns (DCD - SCD + CPR)
    Destination Clock Delay (DCD):    -1.945ns = ( 18.055 - 20.000 ) 
    Source Clock Delay      (SCD):    -2.270ns
    Clock Pessimism Removal (CPR):    -0.373ns
  Clock Uncertainty:      0.105ns  ((TSJ^2 + DJ^2)^1/2) / 2 + PE
    Total System Jitter     (TSJ):    0.071ns
    Discrete Jitter          (DJ):    0.198ns
    Phase Error              (PE):    0.000ns

    Location             Delay type                Incr(ns)  Path(ns)    Netlist Resource(s)
  -------------------------------------------------------------------    -------------------
                         (clock clk_out1_pll rise edge)
                                                      0.000     0.000 r  
    AD12                                              0.000     0.000 r  i_sys_clk_p (IN)
                         net (fo=0)                   0.000     0.000    pll_inst/inst/clk_in1_p
    AD12                 IBUFDS (Prop_ibufds_I_O)     0.906     0.906 r  pll_inst/inst/clkin1_ibufgds/O
                         net (fo=1, routed)           1.098     2.004    pll_inst/inst/clk_in1_pll
    PLLE2_ADV_X1Y1       PLLE2_ADV (Prop_plle2_adv_CLKIN1_CLKOUT0)
                                                     -8.058    -6.054 r  pll_inst/inst/plle2_adv_inst/CLKOUT0
                         net (fo=1, routed)           2.128    -3.926    pll_inst/inst/clk_out1_pll
    BUFGCTRL_X0Y1        BUFG (Prop_bufg_I_O)         0.093    -3.833 r  pll_inst/inst/clkout1_buf/O
                         net (fo=546, routed)         1.563    -2.270    uart_inst/clk_out1
    SLICE_X72Y93         FDCE                                         r  uart_inst/rx_data_reg[1]/C
  -------------------------------------------------------------------    -------------------
    SLICE_X72Y93         FDCE (Prop_fdce_C_Q)         0.223    -2.047 r  uart_inst/rx_data_reg[1]/Q
                         net (fo=47, routed)          1.841    -0.206    uart_inst/rx_data[1]
    SLICE_X66Y93         LUT6 (Prop_lut6_I1_O)        0.043    -0.163 f  uart_inst/status_buffer[0][6]_i_3/O
                         net (fo=1, routed)           0.161    -0.002    uart_inst/status_buffer[0][6]_i_3_n_0
    SLICE_X66Y93         LUT5 (Prop_lut5_I3_O)        0.043     0.041 f  uart_inst/status_buffer[0][6]_i_1/O
                         net (fo=134, routed)         1.317     1.358    twin_controller_inst/E[0]
    SLICE_X62Y88         FDCE                                         f  twin_controller_inst/status_buffer_reg[6][7]/CE
  -------------------------------------------------------------------    -------------------

                         (clock clk_out1_pll rise edge)
                                                     20.000    20.000 r  
    AD12                                              0.000    20.000 r  i_sys_clk_p (IN)
                         net (fo=0)                   0.000    20.000    pll_inst/inst/clk_in1_p
    AD12                 IBUFDS (Prop_ibufds_I_O)     0.803    20.803 r  pll_inst/inst/clkin1_ibufgds/O
                         net (fo=1, routed)           1.001    21.804    pll_inst/inst/clk_in1_pll
    PLLE2_ADV_X1Y1       PLLE2_ADV (Prop_plle2_adv_CLKIN1_CLKOUT0)
                                                     -7.261    14.543 r  pll_inst/inst/plle2_adv_inst/CLKOUT0
                         net (fo=1, routed)           2.003    16.546    pll_inst/inst/clk_out1_pll
    BUFGCTRL_X0Y1        BUFG (Prop_bufg_I_O)         0.083    16.629 r  pll_inst/inst/clkout1_buf/O
                         net (fo=546, routed)         1.426    18.055    twin_controller_inst/CLK
    SLICE_X62Y88         FDCE                                         r  twin_controller_inst/status_buffer_reg[6][7]/C
                         clock pessimism             -0.373    17.683    
                         clock uncertainty           -0.105    17.577    
    SLICE_X62Y88         FDCE (Setup_fdce_C_CE)      -0.178    17.399    twin_controller_inst/status_buffer_reg[6][7]
  -------------------------------------------------------------------
                         required time                         17.399    
                         arrival time                          -1.358    
  -------------------------------------------------------------------
                         slack                                 16.042    

Slack (MET) :             16.042ns  (required time - arrival time)
  Source:                 uart_inst/rx_data_reg[1]/C
                            (rising edge-triggered cell FDCE clocked by clk_out1_pll  {rise@0.000ns fall@10.000ns period=20.000ns})
  Destination:            twin_controller_inst/status_buffer_reg[7][7]/CE
                            (rising edge-triggered cell FDCE clocked by clk_out1_pll  {rise@0.000ns fall@10.000ns period=20.000ns})
  Path Group:             clk_out1_pll
  Path Type:              Setup (Max at Slow Process Corner)
  Requirement:            20.000ns  (clk_out1_pll rise@20.000ns - clk_out1_pll rise@0.000ns)
  Data Path Delay:        3.628ns  (logic 0.309ns (8.517%)  route 3.319ns (91.483%))
  Logic Levels:           2  (LUT5=1 LUT6=1)
  Clock Path Skew:        -0.047ns (DCD - SCD + CPR)
    Destination Clock Delay (DCD):    -1.945ns = ( 18.055 - 20.000 ) 
    Source Clock Delay      (SCD):    -2.270ns
    Clock Pessimism Removal (CPR):    -0.373ns
  Clock Uncertainty:      0.105ns  ((TSJ^2 + DJ^2)^1/2) / 2 + PE
    Total System Jitter     (TSJ):    0.071ns
    Discrete Jitter          (DJ):    0.198ns
    Phase Error              (PE):    0.000ns

    Location             Delay type                Incr(ns)  Path(ns)    Netlist Resource(s)
  -------------------------------------------------------------------    -------------------
                         (clock clk_out1_pll rise edge)
                                                      0.000     0.000 r  
    AD12                                              0.000     0.000 r  i_sys_clk_p (IN)
                         net (fo=0)                   0.000     0.000    pll_inst/inst/clk_in1_p
    AD12                 IBUFDS (Prop_ibufds_I_O)     0.906     0.906 r  pll_inst/inst/clkin1_ibufgds/O
                         net (fo=1, routed)           1.098     2.004    pll_inst/inst/clk_in1_pll
    PLLE2_ADV_X1Y1       PLLE2_ADV (Prop_plle2_adv_CLKIN1_CLKOUT0)
                                                     -8.058    -6.054 r  pll_inst/inst/plle2_adv_inst/CLKOUT0
                         net (fo=1, routed)           2.128    -3.926    pll_inst/inst/clk_out1_pll
    BUFGCTRL_X0Y1        BUFG (Prop_bufg_I_O)         0.093    -3.833 r  pll_inst/inst/clkout1_buf/O
                         net (fo=546, routed)         1.563    -2.270    uart_inst/clk_out1
    SLICE_X72Y93         FDCE                                         r  uart_inst/rx_data_reg[1]/C
  -------------------------------------------------------------------    -------------------
    SLICE_X72Y93         FDCE (Prop_fdce_C_Q)         0.223    -2.047 f  uart_inst/rx_data_reg[1]/Q
                         net (fo=47, routed)          1.841    -0.206    uart_inst/rx_data[1]
    SLICE_X66Y93         LUT6 (Prop_lut6_I1_O)        0.043    -0.163 r  uart_inst/status_buffer[0][6]_i_3/O
                         net (fo=1, routed)           0.161    -0.002    uart_inst/status_buffer[0][6]_i_3_n_0
    SLICE_X66Y93         LUT5 (Prop_lut5_I3_O)        0.043     0.041 r  uart_inst/status_buffer[0][6]_i_1/O
                         net (fo=134, routed)         1.317     1.358    twin_controller_inst/E[0]
    SLICE_X62Y88         FDCE                                         r  twin_controller_inst/status_buffer_reg[7][7]/CE
  -------------------------------------------------------------------    -------------------

                         (clock clk_out1_pll rise edge)
                                                     20.000    20.000 r  
    AD12                                              0.000    20.000 r  i_sys_clk_p (IN)
                         net (fo=0)                   0.000    20.000    pll_inst/inst/clk_in1_p
    AD12                 IBUFDS (Prop_ibufds_I_O)     0.803    20.803 r  pll_inst/inst/clkin1_ibufgds/O
                         net (fo=1, routed)           1.001    21.804    pll_inst/inst/clk_in1_pll
    PLLE2_ADV_X1Y1       PLLE2_ADV (Prop_plle2_adv_CLKIN1_CLKOUT0)
                                                     -7.261    14.543 r  pll_inst/inst/plle2_adv_inst/CLKOUT0
                         net (fo=1, routed)           2.003    16.546    pll_inst/inst/clk_out1_pll
    BUFGCTRL_X0Y1        BUFG (Prop_bufg_I_O)         0.083    16.629 r  pll_inst/inst/clkout1_buf/O
                         net (fo=546, routed)         1.426    18.055    twin_controller_inst/CLK
    SLICE_X62Y88         FDCE                                         r  twin_controller_inst/status_buffer_reg[7][7]/C
                         clock pessimism             -0.373    17.683    
                         clock uncertainty           -0.105    17.577    
    SLICE_X62Y88         FDCE (Setup_fdce_C_CE)      -0.178    17.399    twin_controller_inst/status_buffer_reg[7][7]
  -------------------------------------------------------------------
                         required time                         17.399    
                         arrival time                          -1.358    
  -------------------------------------------------------------------
                         slack                                 16.042    

Slack (MET) :             16.042ns  (required time - arrival time)
  Source:                 uart_inst/rx_data_reg[1]/C
                            (rising edge-triggered cell FDCE clocked by clk_out1_pll  {rise@0.000ns fall@10.000ns period=20.000ns})
  Destination:            twin_controller_inst/status_buffer_reg[7][7]/CE
                            (rising edge-triggered cell FDCE clocked by clk_out1_pll  {rise@0.000ns fall@10.000ns period=20.000ns})
  Path Group:             clk_out1_pll
  Path Type:              Setup (Max at Slow Process Corner)
  Requirement:            20.000ns  (clk_out1_pll rise@20.000ns - clk_out1_pll rise@0.000ns)
  Data Path Delay:        3.628ns  (logic 0.309ns (8.517%)  route 3.319ns (91.483%))
  Logic Levels:           2  (LUT5=1 LUT6=1)
  Clock Path Skew:        -0.047ns (DCD - SCD + CPR)
    Destination Clock Delay (DCD):    -1.945ns = ( 18.055 - 20.000 ) 
    Source Clock Delay      (SCD):    -2.270ns
    Clock Pessimism Removal (CPR):    -0.373ns
  Clock Uncertainty:      0.105ns  ((TSJ^2 + DJ^2)^1/2) / 2 + PE
    Total System Jitter     (TSJ):    0.071ns
    Discrete Jitter          (DJ):    0.198ns
    Phase Error              (PE):    0.000ns

    Location             Delay type                Incr(ns)  Path(ns)    Netlist Resource(s)
  -------------------------------------------------------------------    -------------------
                         (clock clk_out1_pll rise edge)
                                                      0.000     0.000 r  
    AD12                                              0.000     0.000 r  i_sys_clk_p (IN)
                         net (fo=0)                   0.000     0.000    pll_inst/inst/clk_in1_p
    AD12                 IBUFDS (Prop_ibufds_I_O)     0.906     0.906 r  pll_inst/inst/clkin1_ibufgds/O
                         net (fo=1, routed)           1.098     2.004    pll_inst/inst/clk_in1_pll
    PLLE2_ADV_X1Y1       PLLE2_ADV (Prop_plle2_adv_CLKIN1_CLKOUT0)
                                                     -8.058    -6.054 r  pll_inst/inst/plle2_adv_inst/CLKOUT0
                         net (fo=1, routed)           2.128    -3.926    pll_inst/inst/clk_out1_pll
    BUFGCTRL_X0Y1        BUFG (Prop_bufg_I_O)         0.093    -3.833 r  pll_inst/inst/clkout1_buf/O
                         net (fo=546, routed)         1.563    -2.270    uart_inst/clk_out1
    SLICE_X72Y93         FDCE                                         r  uart_inst/rx_data_reg[1]/C
  -------------------------------------------------------------------    -------------------
    SLICE_X72Y93         FDCE (Prop_fdce_C_Q)         0.223    -2.047 r  uart_inst/rx_data_reg[1]/Q
                         net (fo=47, routed)          1.841    -0.206    uart_inst/rx_data[1]
    SLICE_X66Y93         LUT6 (Prop_lut6_I1_O)        0.043    -0.163 f  uart_inst/status_buffer[0][6]_i_3/O
                         net (fo=1, routed)           0.161    -0.002    uart_inst/status_buffer[0][6]_i_3_n_0
    SLICE_X66Y93         LUT5 (Prop_lut5_I3_O)        0.043     0.041 f  uart_inst/status_buffer[0][6]_i_1/O
                         net (fo=134, routed)         1.317     1.358    twin_controller_inst/E[0]
    SLICE_X62Y88         FDCE                                         f  twin_controller_inst/status_buffer_reg[7][7]/CE
  -------------------------------------------------------------------    -------------------

                         (clock clk_out1_pll rise edge)
                                                     20.000    20.000 r  
    AD12                                              0.000    20.000 r  i_sys_clk_p (IN)
                         net (fo=0)                   0.000    20.000    pll_inst/inst/clk_in1_p
    AD12                 IBUFDS (Prop_ibufds_I_O)     0.803    20.803 r  pll_inst/inst/clkin1_ibufgds/O
                         net (fo=1, routed)           1.001    21.804    pll_inst/inst/clk_in1_pll
    PLLE2_ADV_X1Y1       PLLE2_ADV (Prop_plle2_adv_CLKIN1_CLKOUT0)
                                                     -7.261    14.543 r  pll_inst/inst/plle2_adv_inst/CLKOUT0
                         net (fo=1, routed)           2.003    16.546    pll_inst/inst/clk_out1_pll
    BUFGCTRL_X0Y1        BUFG (Prop_bufg_I_O)         0.083    16.629 r  pll_inst/inst/clkout1_buf/O
                         net (fo=546, routed)         1.426    18.055    twin_controller_inst/CLK
    SLICE_X62Y88         FDCE                                         r  twin_controller_inst/status_buffer_reg[7][7]/C
                         clock pessimism             -0.373    17.683    
                         clock uncertainty           -0.105    17.577    
    SLICE_X62Y88         FDCE (Setup_fdce_C_CE)      -0.178    17.399    twin_controller_inst/status_buffer_reg[7][7]
  -------------------------------------------------------------------
                         required time                         17.399    
                         arrival time                          -1.358    
  -------------------------------------------------------------------
                         slack                                 16.042    

Slack (MET) :             16.042ns  (required time - arrival time)
  Source:                 uart_inst/rx_data_reg[1]/C
                            (rising edge-triggered cell FDCE clocked by clk_out1_pll  {rise@0.000ns fall@10.000ns period=20.000ns})
  Destination:            twin_controller_inst/status_buffer_reg[8][7]/CE
                            (rising edge-triggered cell FDCE clocked by clk_out1_pll  {rise@0.000ns fall@10.000ns period=20.000ns})
  Path Group:             clk_out1_pll
  Path Type:              Setup (Max at Slow Process Corner)
  Requirement:            20.000ns  (clk_out1_pll rise@20.000ns - clk_out1_pll rise@0.000ns)
  Data Path Delay:        3.628ns  (logic 0.309ns (8.517%)  route 3.319ns (91.483%))
  Logic Levels:           2  (LUT5=1 LUT6=1)
  Clock Path Skew:        -0.047ns (DCD - SCD + CPR)
    Destination Clock Delay (DCD):    -1.945ns = ( 18.055 - 20.000 ) 
    Source Clock Delay      (SCD):    -2.270ns
    Clock Pessimism Removal (CPR):    -0.373ns
  Clock Uncertainty:      0.105ns  ((TSJ^2 + DJ^2)^1/2) / 2 + PE
    Total System Jitter     (TSJ):    0.071ns
    Discrete Jitter          (DJ):    0.198ns
    Phase Error              (PE):    0.000ns

    Location             Delay type                Incr(ns)  Path(ns)    Netlist Resource(s)
  -------------------------------------------------------------------    -------------------
                         (clock clk_out1_pll rise edge)
                                                      0.000     0.000 r  
    AD12                                              0.000     0.000 r  i_sys_clk_p (IN)
                         net (fo=0)                   0.000     0.000    pll_inst/inst/clk_in1_p
    AD12                 IBUFDS (Prop_ibufds_I_O)     0.906     0.906 r  pll_inst/inst/clkin1_ibufgds/O
                         net (fo=1, routed)           1.098     2.004    pll_inst/inst/clk_in1_pll
    PLLE2_ADV_X1Y1       PLLE2_ADV (Prop_plle2_adv_CLKIN1_CLKOUT0)
                                                     -8.058    -6.054 r  pll_inst/inst/plle2_adv_inst/CLKOUT0
                         net (fo=1, routed)           2.128    -3.926    pll_inst/inst/clk_out1_pll
    BUFGCTRL_X0Y1        BUFG (Prop_bufg_I_O)         0.093    -3.833 r  pll_inst/inst/clkout1_buf/O
                         net (fo=546, routed)         1.563    -2.270    uart_inst/clk_out1
    SLICE_X72Y93         FDCE                                         r  uart_inst/rx_data_reg[1]/C
  -------------------------------------------------------------------    -------------------
    SLICE_X72Y93         FDCE (Prop_fdce_C_Q)         0.223    -2.047 f  uart_inst/rx_data_reg[1]/Q
                         net (fo=47, routed)          1.841    -0.206    uart_inst/rx_data[1]
    SLICE_X66Y93         LUT6 (Prop_lut6_I1_O)        0.043    -0.163 r  uart_inst/status_buffer[0][6]_i_3/O
                         net (fo=1, routed)           0.161    -0.002    uart_inst/status_buffer[0][6]_i_3_n_0
    SLICE_X66Y93         LUT5 (Prop_lut5_I3_O)        0.043     0.041 r  uart_inst/status_buffer[0][6]_i_1/O
                         net (fo=134, routed)         1.317     1.358    twin_controller_inst/E[0]
    SLICE_X62Y88         FDCE                                         r  twin_controller_inst/status_buffer_reg[8][7]/CE
  -------------------------------------------------------------------    -------------------

                         (clock clk_out1_pll rise edge)
                                                     20.000    20.000 r  
    AD12                                              0.000    20.000 r  i_sys_clk_p (IN)
                         net (fo=0)                   0.000    20.000    pll_inst/inst/clk_in1_p
    AD12                 IBUFDS (Prop_ibufds_I_O)     0.803    20.803 r  pll_inst/inst/clkin1_ibufgds/O
                         net (fo=1, routed)           1.001    21.804    pll_inst/inst/clk_in1_pll
    PLLE2_ADV_X1Y1       PLLE2_ADV (Prop_plle2_adv_CLKIN1_CLKOUT0)
                                                     -7.261    14.543 r  pll_inst/inst/plle2_adv_inst/CLKOUT0
                         net (fo=1, routed)           2.003    16.546    pll_inst/inst/clk_out1_pll
    BUFGCTRL_X0Y1        BUFG (Prop_bufg_I_O)         0.083    16.629 r  pll_inst/inst/clkout1_buf/O
                         net (fo=546, routed)         1.426    18.055    twin_controller_inst/CLK
    SLICE_X62Y88         FDCE                                         r  twin_controller_inst/status_buffer_reg[8][7]/C
                         clock pessimism             -0.373    17.683    
                         clock uncertainty           -0.105    17.577    
    SLICE_X62Y88         FDCE (Setup_fdce_C_CE)      -0.178    17.399    twin_controller_inst/status_buffer_reg[8][7]
  -------------------------------------------------------------------
                         required time                         17.399    
                         arrival time                          -1.358    
  -------------------------------------------------------------------
                         slack                                 16.042    

Slack (MET) :             16.042ns  (required time - arrival time)
  Source:                 uart_inst/rx_data_reg[1]/C
                            (rising edge-triggered cell FDCE clocked by clk_out1_pll  {rise@0.000ns fall@10.000ns period=20.000ns})
  Destination:            twin_controller_inst/status_buffer_reg[8][7]/CE
                            (rising edge-triggered cell FDCE clocked by clk_out1_pll  {rise@0.000ns fall@10.000ns period=20.000ns})
  Path Group:             clk_out1_pll
  Path Type:              Setup (Max at Slow Process Corner)
  Requirement:            20.000ns  (clk_out1_pll rise@20.000ns - clk_out1_pll rise@0.000ns)
  Data Path Delay:        3.628ns  (logic 0.309ns (8.517%)  route 3.319ns (91.483%))
  Logic Levels:           2  (LUT5=1 LUT6=1)
  Clock Path Skew:        -0.047ns (DCD - SCD + CPR)
    Destination Clock Delay (DCD):    -1.945ns = ( 18.055 - 20.000 ) 
    Source Clock Delay      (SCD):    -2.270ns
    Clock Pessimism Removal (CPR):    -0.373ns
  Clock Uncertainty:      0.105ns  ((TSJ^2 + DJ^2)^1/2) / 2 + PE
    Total System Jitter     (TSJ):    0.071ns
    Discrete Jitter          (DJ):    0.198ns
    Phase Error              (PE):    0.000ns

    Location             Delay type                Incr(ns)  Path(ns)    Netlist Resource(s)
  -------------------------------------------------------------------    -------------------
                         (clock clk_out1_pll rise edge)
                                                      0.000     0.000 r  
    AD12                                              0.000     0.000 r  i_sys_clk_p (IN)
                         net (fo=0)                   0.000     0.000    pll_inst/inst/clk_in1_p
    AD12                 IBUFDS (Prop_ibufds_I_O)     0.906     0.906 r  pll_inst/inst/clkin1_ibufgds/O
                         net (fo=1, routed)           1.098     2.004    pll_inst/inst/clk_in1_pll
    PLLE2_ADV_X1Y1       PLLE2_ADV (Prop_plle2_adv_CLKIN1_CLKOUT0)
                                                     -8.058    -6.054 r  pll_inst/inst/plle2_adv_inst/CLKOUT0
                         net (fo=1, routed)           2.128    -3.926    pll_inst/inst/clk_out1_pll
    BUFGCTRL_X0Y1        BUFG (Prop_bufg_I_O)         0.093    -3.833 r  pll_inst/inst/clkout1_buf/O
                         net (fo=546, routed)         1.563    -2.270    uart_inst/clk_out1
    SLICE_X72Y93         FDCE                                         r  uart_inst/rx_data_reg[1]/C
  -------------------------------------------------------------------    -------------------
    SLICE_X72Y93         FDCE (Prop_fdce_C_Q)         0.223    -2.047 r  uart_inst/rx_data_reg[1]/Q
                         net (fo=47, routed)          1.841    -0.206    uart_inst/rx_data[1]
    SLICE_X66Y93         LUT6 (Prop_lut6_I1_O)        0.043    -0.163 f  uart_inst/status_buffer[0][6]_i_3/O
                         net (fo=1, routed)           0.161    -0.002    uart_inst/status_buffer[0][6]_i_3_n_0
    SLICE_X66Y93         LUT5 (Prop_lut5_I3_O)        0.043     0.041 f  uart_inst/status_buffer[0][6]_i_1/O
                         net (fo=134, routed)         1.317     1.358    twin_controller_inst/E[0]
    SLICE_X62Y88         FDCE                                         f  twin_controller_inst/status_buffer_reg[8][7]/CE
  -------------------------------------------------------------------    -------------------

                         (clock clk_out1_pll rise edge)
                                                     20.000    20.000 r  
    AD12                                              0.000    20.000 r  i_sys_clk_p (IN)
                         net (fo=0)                   0.000    20.000    pll_inst/inst/clk_in1_p
    AD12                 IBUFDS (Prop_ibufds_I_O)     0.803    20.803 r  pll_inst/inst/clkin1_ibufgds/O
                         net (fo=1, routed)           1.001    21.804    pll_inst/inst/clk_in1_pll
    PLLE2_ADV_X1Y1       PLLE2_ADV (Prop_plle2_adv_CLKIN1_CLKOUT0)
                                                     -7.261    14.543 r  pll_inst/inst/plle2_adv_inst/CLKOUT0
                         net (fo=1, routed)           2.003    16.546    pll_inst/inst/clk_out1_pll
    BUFGCTRL_X0Y1        BUFG (Prop_bufg_I_O)         0.083    16.629 r  pll_inst/inst/clkout1_buf/O
                         net (fo=546, routed)         1.426    18.055    twin_controller_inst/CLK
    SLICE_X62Y88         FDCE                                         r  twin_controller_inst/status_buffer_reg[8][7]/C
                         clock pessimism             -0.373    17.683    
                         clock uncertainty           -0.105    17.577    
    SLICE_X62Y88         FDCE (Setup_fdce_C_CE)      -0.178    17.399    twin_controller_inst/status_buffer_reg[8][7]
  -------------------------------------------------------------------
                         required time                         17.399    
                         arrival time                          -1.358    
  -------------------------------------------------------------------
                         slack                                 16.042    

Slack (MET) :             16.042ns  (required time - arrival time)
  Source:                 uart_inst/rx_data_reg[1]/C
                            (rising edge-triggered cell FDCE clocked by clk_out1_pll  {rise@0.000ns fall@10.000ns period=20.000ns})
  Destination:            twin_controller_inst/status_buffer_reg[9][7]/CE
                            (rising edge-triggered cell FDCE clocked by clk_out1_pll  {rise@0.000ns fall@10.000ns period=20.000ns})
  Path Group:             clk_out1_pll
  Path Type:              Setup (Max at Slow Process Corner)
  Requirement:            20.000ns  (clk_out1_pll rise@20.000ns - clk_out1_pll rise@0.000ns)
  Data Path Delay:        3.628ns  (logic 0.309ns (8.517%)  route 3.319ns (91.483%))
  Logic Levels:           2  (LUT5=1 LUT6=1)
  Clock Path Skew:        -0.047ns (DCD - SCD + CPR)
    Destination Clock Delay (DCD):    -1.945ns = ( 18.055 - 20.000 ) 
    Source Clock Delay      (SCD):    -2.270ns
    Clock Pessimism Removal (CPR):    -0.373ns
  Clock Uncertainty:      0.105ns  ((TSJ^2 + DJ^2)^1/2) / 2 + PE
    Total System Jitter     (TSJ):    0.071ns
    Discrete Jitter          (DJ):    0.198ns
    Phase Error              (PE):    0.000ns

    Location             Delay type                Incr(ns)  Path(ns)    Netlist Resource(s)
  -------------------------------------------------------------------    -------------------
                         (clock clk_out1_pll rise edge)
                                                      0.000     0.000 r  
    AD12                                              0.000     0.000 r  i_sys_clk_p (IN)
                         net (fo=0)                   0.000     0.000    pll_inst/inst/clk_in1_p
    AD12                 IBUFDS (Prop_ibufds_I_O)     0.906     0.906 r  pll_inst/inst/clkin1_ibufgds/O
                         net (fo=1, routed)           1.098     2.004    pll_inst/inst/clk_in1_pll
    PLLE2_ADV_X1Y1       PLLE2_ADV (Prop_plle2_adv_CLKIN1_CLKOUT0)
                                                     -8.058    -6.054 r  pll_inst/inst/plle2_adv_inst/CLKOUT0
                         net (fo=1, routed)           2.128    -3.926    pll_inst/inst/clk_out1_pll
    BUFGCTRL_X0Y1        BUFG (Prop_bufg_I_O)         0.093    -3.833 r  pll_inst/inst/clkout1_buf/O
                         net (fo=546, routed)         1.563    -2.270    uart_inst/clk_out1
    SLICE_X72Y93         FDCE                                         r  uart_inst/rx_data_reg[1]/C
  -------------------------------------------------------------------    -------------------
    SLICE_X72Y93         FDCE (Prop_fdce_C_Q)         0.223    -2.047 f  uart_inst/rx_data_reg[1]/Q
                         net (fo=47, routed)          1.841    -0.206    uart_inst/rx_data[1]
    SLICE_X66Y93         LUT6 (Prop_lut6_I1_O)        0.043    -0.163 r  uart_inst/status_buffer[0][6]_i_3/O
                         net (fo=1, routed)           0.161    -0.002    uart_inst/status_buffer[0][6]_i_3_n_0
    SLICE_X66Y93         LUT5 (Prop_lut5_I3_O)        0.043     0.041 r  uart_inst/status_buffer[0][6]_i_1/O
                         net (fo=134, routed)         1.317     1.358    twin_controller_inst/E[0]
    SLICE_X62Y88         FDCE                                         r  twin_controller_inst/status_buffer_reg[9][7]/CE
  -------------------------------------------------------------------    -------------------

                         (clock clk_out1_pll rise edge)
                                                     20.000    20.000 r  
    AD12                                              0.000    20.000 r  i_sys_clk_p (IN)
                         net (fo=0)                   0.000    20.000    pll_inst/inst/clk_in1_p
    AD12                 IBUFDS (Prop_ibufds_I_O)     0.803    20.803 r  pll_inst/inst/clkin1_ibufgds/O
                         net (fo=1, routed)           1.001    21.804    pll_inst/inst/clk_in1_pll
    PLLE2_ADV_X1Y1       PLLE2_ADV (Prop_plle2_adv_CLKIN1_CLKOUT0)
                                                     -7.261    14.543 r  pll_inst/inst/plle2_adv_inst/CLKOUT0
                         net (fo=1, routed)           2.003    16.546    pll_inst/inst/clk_out1_pll
    BUFGCTRL_X0Y1        BUFG (Prop_bufg_I_O)         0.083    16.629 r  pll_inst/inst/clkout1_buf/O
                         net (fo=546, routed)         1.426    18.055    twin_controller_inst/CLK
    SLICE_X62Y88         FDCE                                         r  twin_controller_inst/status_buffer_reg[9][7]/C
                         clock pessimism             -0.373    17.683    
                         clock uncertainty           -0.105    17.577    
    SLICE_X62Y88         FDCE (Setup_fdce_C_CE)      -0.178    17.399    twin_controller_inst/status_buffer_reg[9][7]
  -------------------------------------------------------------------
                         required time                         17.399    
                         arrival time                          -1.358    
  -------------------------------------------------------------------
                         slack                                 16.042    




