Copyright 1986-2022 Xilinx, Inc. All Rights Reserved. Copyright 2022-2023 Advanced Micro Devices, Inc. All Rights Reserved.
----------------------------------------------------------------------------------------------------------------------------------------------------------------------------------------------------------------------------------------
| Tool Version : Vivado v.2023.2 (win64) Build 4029153 Fri Oct 13 20:14:34 MDT 2023
| Date         : Wed Jun  3 19:21:47 2026
| Host         : LAPTOP-5UF1FH4A running 64-bit major release  (build 9200)
| Command      : report_timing -delay_type max -sort_by group -max_paths 20 -nworst 5 -path_type full_clock_expanded -file C:/Users/hp/Downloads/digital_twin/digital_twin.srcs/sources_1/vivado_clk2_sweep/top_timing_max_clk2_224.rpt
| Design       : top
| Device       : 7k325t-ffg900
| Speed File   : -2  PRODUCTION 1.12 2017-02-17
| Design State : Routed
----------------------------------------------------------------------------------------------------------------------------------------------------------------------------------------------------------------------------------------

Timing Report

Slack (VIOLATED) :        -0.069ns  (required time - arrival time)
  Source:                 student_top_inst/Core_cpu/cpu_core/id_ex_inst/rs1_addr_o_reg[4]/C
                            (rising edge-triggered cell FDRE clocked by clk_out2_pll  {rise@0.000ns fall@2.222ns period=4.444ns})
  Destination:            student_top_inst/Core_cpu/cpu_core/ex_mem_inst/dff_rd_data/data_o_reg[19]/D
                            (rising edge-triggered cell FDRE clocked by clk_out2_pll  {rise@0.000ns fall@2.222ns period=4.444ns})
  Path Group:             clk_out2_pll
  Path Type:              Setup (Max at Slow Process Corner)
  Requirement:            4.444ns  (clk_out2_pll rise@4.444ns - clk_out2_pll rise@0.000ns)
  Data Path Delay:        4.371ns  (logic 1.298ns (29.694%)  route 3.073ns (70.306%))
  Logic Levels:           14  (CARRY4=5 LUT2=1 LUT3=1 LUT4=1 LUT5=1 LUT6=5)
  Clock Path Skew:        -0.107ns (DCD - SCD + CPR)
    Destination Clock Delay (DCD):    -2.113ns = ( 2.332 - 4.444 ) 
    Source Clock Delay      (SCD):    -2.453ns
    Clock Pessimism Removal (CPR):    -0.448ns
  Clock Uncertainty:      0.068ns  ((TSJ^2 + DJ^2)^1/2) / 2 + PE
    Total System Jitter     (TSJ):    0.071ns
    Discrete Jitter          (DJ):    0.117ns
    Phase Error              (PE):    0.000ns

    Location             Delay type                Incr(ns)  Path(ns)    Netlist Resource(s)
  -------------------------------------------------------------------    -------------------
                         (clock clk_out2_pll rise edge)
                                                      0.000     0.000 r  
    AD12                                              0.000     0.000 r  i_sys_clk_p (IN)
                         net (fo=0)                   0.000     0.000    pll_inst/inst/clk_in1_p
    AD12                 IBUFDS (Prop_ibufds_I_O)     0.906     0.906 r  pll_inst/inst/clkin1_ibufgds/O
                         net (fo=1, routed)           1.098     2.004    pll_inst/inst/clk_in1_pll
    PLLE2_ADV_X1Y1       PLLE2_ADV (Prop_plle2_adv_CLKIN1_CLKOUT1)
                                                     -8.058    -6.054 r  pll_inst/inst/plle2_adv_inst/CLKOUT1
                         net (fo=1, routed)           2.128    -3.926    pll_inst/inst/clk_out2_pll
    BUFGCTRL_X0Y0        BUFG (Prop_bufg_I_O)         0.093    -3.833 r  pll_inst/inst/clkout2_buf/O
                         net (fo=2865, routed)        1.380    -2.453    student_top_inst/Core_cpu/cpu_core/id_ex_inst/clk_out2
    SLICE_X70Y119        FDRE                                         r  student_top_inst/Core_cpu/cpu_core/id_ex_inst/rs1_addr_o_reg[4]/C
  -------------------------------------------------------------------    -------------------
    SLICE_X70Y119        FDRE (Prop_fdre_C_Q)         0.259    -2.194 r  student_top_inst/Core_cpu/cpu_core/id_ex_inst/rs1_addr_o_reg[4]/Q
                         net (fo=3, routed)           0.453    -1.742    student_top_inst/Core_cpu/cpu_core/id_ex_inst/rs1_addr_o_reg[4]_0[4]
    SLICE_X73Y118        LUT6 (Prop_lut6_I0_O)        0.043    -1.699 r  student_top_inst/Core_cpu/cpu_core/id_ex_inst/rs1_match_ex_mem_inst_i_6/O
                         net (fo=1, routed)           0.101    -1.598    student_top_inst/Core_cpu/cpu_core/id_ex_inst/rs1_match_ex_mem_inst_i_6_n_0
    SLICE_X73Y118        LUT5 (Prop_lut5_I0_O)        0.043    -1.555 r  student_top_inst/Core_cpu/cpu_core/id_ex_inst/rs1_match_ex_mem_inst_i_4/O
                         net (fo=57, routed)          0.465    -1.090    student_top_inst/Core_cpu/cpu_core/id_ex_inst/forwarding_inst/in020_out
    SLICE_X71Y118        LUT6 (Prop_lut6_I5_O)        0.043    -1.047 r  student_top_inst/Core_cpu/cpu_core/id_ex_inst/rs1_match_ex_mem_inst_rep__43_i_1/O
                         net (fo=4, routed)           0.433    -0.614    student_top_inst/Core_cpu/cpu_core/id_ex_inst/rs1_match_ex_mem_inst_rep__43_i_1_n_0
    SLICE_X72Y114        LUT3 (Prop_lut3_I1_O)        0.043    -0.571 r  student_top_inst/Core_cpu/cpu_core/id_ex_inst/data_o[2]_i_17/O
                         net (fo=4, routed)           0.449    -0.122    student_top_inst/Core_cpu/cpu_core/id_ex_inst/data_o_reg[1]
    SLICE_X77Y115        LUT2 (Prop_lut2_I0_O)        0.043    -0.079 r  student_top_inst/Core_cpu/cpu_core/id_ex_inst/data_o[0]_i_58/O
                         net (fo=1, routed)           0.000    -0.079    student_top_inst/Core_cpu/cpu_core/id_ex_inst/data_o[0]_i_58_n_0
    SLICE_X77Y115        CARRY4 (Prop_carry4_S[1]_CO[3])
                                                      0.267     0.188 r  student_top_inst/Core_cpu/cpu_core/id_ex_inst/data_o_reg[0]_i_24/CO[3]
                         net (fo=1, routed)           0.000     0.188    student_top_inst/Core_cpu/cpu_core/id_ex_inst/data_o_reg[0]_i_24_n_0
    SLICE_X77Y116        CARRY4 (Prop_carry4_CI_CO[3])
                                                      0.053     0.241 r  student_top_inst/Core_cpu/cpu_core/id_ex_inst/data_o_reg[7]_i_15/CO[3]
                         net (fo=1, routed)           0.000     0.241    student_top_inst/Core_cpu/cpu_core/id_ex_inst/data_o_reg[7]_i_15_n_0
    SLICE_X77Y117        CARRY4 (Prop_carry4_CI_CO[3])
                                                      0.053     0.294 r  student_top_inst/Core_cpu/cpu_core/id_ex_inst/data_o_reg[11]_i_15/CO[3]
                         net (fo=1, routed)           0.000     0.294    student_top_inst/Core_cpu/cpu_core/id_ex_inst/data_o_reg[11]_i_15_n_0
    SLICE_X77Y118        CARRY4 (Prop_carry4_CI_CO[3])
                                                      0.053     0.347 r  student_top_inst/Core_cpu/cpu_core/id_ex_inst/data_o_reg[15]_i_15/CO[3]
                         net (fo=1, routed)           0.000     0.347    student_top_inst/Core_cpu/cpu_core/id_ex_inst/data_o_reg[15]_i_15_n_0
    SLICE_X77Y119        CARRY4 (Prop_carry4_CI_O[3])
                                                      0.149     0.496 r  student_top_inst/Core_cpu/cpu_core/id_ex_inst/data_o_reg[19]_i_15/O[3]
                         net (fo=1, routed)           0.519     1.015    student_top_inst/Core_cpu/cpu_core/id_ex_inst/ex_inst/data1[19]
    SLICE_X85Y121        LUT6 (Prop_lut6_I1_O)        0.120     1.135 r  student_top_inst/Core_cpu/cpu_core/id_ex_inst/data_o[19]_i_7/O
                         net (fo=1, routed)           0.376     1.512    student_top_inst/Core_cpu/cpu_core/id_ex_inst/data_o[19]_i_7_n_0
    SLICE_X85Y122        LUT6 (Prop_lut6_I5_O)        0.043     1.555 f  student_top_inst/Core_cpu/cpu_core/id_ex_inst/data_o[19]_i_3__0/O
                         net (fo=1, routed)           0.098     1.653    student_top_inst/Core_cpu/cpu_core/id_ex_inst/data_o[19]_i_3__0_n_0
    SLICE_X85Y122        LUT6 (Prop_lut6_I1_O)        0.043     1.696 r  student_top_inst/Core_cpu/cpu_core/id_ex_inst/data_o[19]_i_2__0/O
                         net (fo=1, routed)           0.179     1.875    student_top_inst/Core_cpu/cpu_core/ex_inst/rv32m_iter_inst/data_o_reg[19]
    SLICE_X85Y121        LUT4 (Prop_lut4_I1_O)        0.043     1.918 r  student_top_inst/Core_cpu/cpu_core/ex_inst/rv32m_iter_inst/data_o[19]_i_1__2/O
                         net (fo=1, routed)           0.000     1.918    student_top_inst/Core_cpu/cpu_core/ex_mem_inst/dff_rd_data/data_o_reg[19]_2
    SLICE_X85Y121        FDRE                                         r  student_top_inst/Core_cpu/cpu_core/ex_mem_inst/dff_rd_data/data_o_reg[19]/D
  -------------------------------------------------------------------    -------------------

                         (clock clk_out2_pll rise edge)
                                                      4.444     4.444 r  
    AD12                                              0.000     4.444 r  i_sys_clk_p (IN)
                         net (fo=0)                   0.000     4.444    pll_inst/inst/clk_in1_p
    AD12                 IBUFDS (Prop_ibufds_I_O)     0.803     5.248 r  pll_inst/inst/clkin1_ibufgds/O
                         net (fo=1, routed)           1.001     6.249    pll_inst/inst/clk_in1_pll
    PLLE2_ADV_X1Y1       PLLE2_ADV (Prop_plle2_adv_CLKIN1_CLKOUT1)
                                                     -7.261    -1.012 r  pll_inst/inst/plle2_adv_inst/CLKOUT1
                         net (fo=1, routed)           2.003     0.991    pll_inst/inst/clk_out2_pll
    BUFGCTRL_X0Y0        BUFG (Prop_bufg_I_O)         0.083     1.074 r  pll_inst/inst/clkout2_buf/O
                         net (fo=2865, routed)        1.258     2.332    student_top_inst/Core_cpu/cpu_core/ex_mem_inst/dff_rd_data/clk_out2
    SLICE_X85Y121        FDRE                                         r  student_top_inst/Core_cpu/cpu_core/ex_mem_inst/dff_rd_data/data_o_reg[19]/C
                         clock pessimism             -0.448     1.884    
                         clock uncertainty           -0.068     1.816    
    SLICE_X85Y121        FDRE (Setup_fdre_C_D)        0.033     1.849    student_top_inst/Core_cpu/cpu_core/ex_mem_inst/dff_rd_data/data_o_reg[19]
  -------------------------------------------------------------------
                         required time                          1.849    
                         arrival time                          -1.918    
  -------------------------------------------------------------------
                         slack                                 -0.069    

Slack (VIOLATED) :        -0.069ns  (required time - arrival time)
  Source:                 student_top_inst/Core_cpu/cpu_core/id_ex_inst/rs1_addr_o_reg[4]/C
                            (rising edge-triggered cell FDRE clocked by clk_out2_pll  {rise@0.000ns fall@2.222ns period=4.444ns})
  Destination:            student_top_inst/Core_cpu/cpu_core/ex_mem_inst/dff_rd_data/data_o_reg[19]/D
                            (rising edge-triggered cell FDRE clocked by clk_out2_pll  {rise@0.000ns fall@2.222ns period=4.444ns})
  Path Group:             clk_out2_pll
  Path Type:              Setup (Max at Slow Process Corner)
  Requirement:            4.444ns  (clk_out2_pll rise@4.444ns - clk_out2_pll rise@0.000ns)
  Data Path Delay:        4.371ns  (logic 1.298ns (29.694%)  route 3.073ns (70.306%))
  Logic Levels:           14  (CARRY4=5 LUT2=1 LUT3=1 LUT4=1 LUT5=1 LUT6=5)
  Clock Path Skew:        -0.107ns (DCD - SCD + CPR)
    Destination Clock Delay (DCD):    -2.113ns = ( 2.332 - 4.444 ) 
    Source Clock Delay      (SCD):    -2.453ns
    Clock Pessimism Removal (CPR):    -0.448ns
  Clock Uncertainty:      0.068ns  ((TSJ^2 + DJ^2)^1/2) / 2 + PE
    Total System Jitter     (TSJ):    0.071ns
    Discrete Jitter          (DJ):    0.117ns
    Phase Error              (PE):    0.000ns

    Location             Delay type                Incr(ns)  Path(ns)    Netlist Resource(s)
  -------------------------------------------------------------------    -------------------
                         (clock clk_out2_pll rise edge)
                                                      0.000     0.000 r  
    AD12                                              0.000     0.000 r  i_sys_clk_p (IN)
                         net (fo=0)                   0.000     0.000    pll_inst/inst/clk_in1_p
    AD12                 IBUFDS (Prop_ibufds_I_O)     0.906     0.906 r  pll_inst/inst/clkin1_ibufgds/O
                         net (fo=1, routed)           1.098     2.004    pll_inst/inst/clk_in1_pll
    PLLE2_ADV_X1Y1       PLLE2_ADV (Prop_plle2_adv_CLKIN1_CLKOUT1)
                                                     -8.058    -6.054 r  pll_inst/inst/plle2_adv_inst/CLKOUT1
                         net (fo=1, routed)           2.128    -3.926    pll_inst/inst/clk_out2_pll
    BUFGCTRL_X0Y0        BUFG (Prop_bufg_I_O)         0.093    -3.833 r  pll_inst/inst/clkout2_buf/O
                         net (fo=2865, routed)        1.380    -2.453    student_top_inst/Core_cpu/cpu_core/id_ex_inst/clk_out2
    SLICE_X70Y119        FDRE                                         r  student_top_inst/Core_cpu/cpu_core/id_ex_inst/rs1_addr_o_reg[4]/C
  -------------------------------------------------------------------    -------------------
    SLICE_X70Y119        FDRE (Prop_fdre_C_Q)         0.259    -2.194 r  student_top_inst/Core_cpu/cpu_core/id_ex_inst/rs1_addr_o_reg[4]/Q
                         net (fo=3, routed)           0.453    -1.742    student_top_inst/Core_cpu/cpu_core/id_ex_inst/rs1_addr_o_reg[4]_0[4]
    SLICE_X73Y118        LUT6 (Prop_lut6_I0_O)        0.043    -1.699 f  student_top_inst/Core_cpu/cpu_core/id_ex_inst/rs1_match_ex_mem_inst_i_6/O
                         net (fo=1, routed)           0.101    -1.598    student_top_inst/Core_cpu/cpu_core/id_ex_inst/rs1_match_ex_mem_inst_i_6_n_0
    SLICE_X73Y118        LUT5 (Prop_lut5_I0_O)        0.043    -1.555 f  student_top_inst/Core_cpu/cpu_core/id_ex_inst/rs1_match_ex_mem_inst_i_4/O
                         net (fo=57, routed)          0.465    -1.090    student_top_inst/Core_cpu/cpu_core/id_ex_inst/forwarding_inst/in020_out
    SLICE_X71Y118        LUT6 (Prop_lut6_I5_O)        0.043    -1.047 f  student_top_inst/Core_cpu/cpu_core/id_ex_inst/rs1_match_ex_mem_inst_rep__43_i_1/O
                         net (fo=4, routed)           0.433    -0.614    student_top_inst/Core_cpu/cpu_core/id_ex_inst/rs1_match_ex_mem_inst_rep__43_i_1_n_0
    SLICE_X72Y114        LUT3 (Prop_lut3_I1_O)        0.043    -0.571 r  student_top_inst/Core_cpu/cpu_core/id_ex_inst/data_o[2]_i_17/O
                         net (fo=4, routed)           0.449    -0.122    student_top_inst/Core_cpu/cpu_core/id_ex_inst/data_o_reg[1]
    SLICE_X77Y115        LUT2 (Prop_lut2_I0_O)        0.043    -0.079 r  student_top_inst/Core_cpu/cpu_core/id_ex_inst/data_o[0]_i_58/O
                         net (fo=1, routed)           0.000    -0.079    student_top_inst/Core_cpu/cpu_core/id_ex_inst/data_o[0]_i_58_n_0
    SLICE_X77Y115        CARRY4 (Prop_carry4_S[1]_CO[3])
                                                      0.267     0.188 r  student_top_inst/Core_cpu/cpu_core/id_ex_inst/data_o_reg[0]_i_24/CO[3]
                         net (fo=1, routed)           0.000     0.188    student_top_inst/Core_cpu/cpu_core/id_ex_inst/data_o_reg[0]_i_24_n_0
    SLICE_X77Y116        CARRY4 (Prop_carry4_CI_CO[3])
                                                      0.053     0.241 r  student_top_inst/Core_cpu/cpu_core/id_ex_inst/data_o_reg[7]_i_15/CO[3]
                         net (fo=1, routed)           0.000     0.241    student_top_inst/Core_cpu/cpu_core/id_ex_inst/data_o_reg[7]_i_15_n_0
    SLICE_X77Y117        CARRY4 (Prop_carry4_CI_CO[3])
                                                      0.053     0.294 r  student_top_inst/Core_cpu/cpu_core/id_ex_inst/data_o_reg[11]_i_15/CO[3]
                         net (fo=1, routed)           0.000     0.294    student_top_inst/Core_cpu/cpu_core/id_ex_inst/data_o_reg[11]_i_15_n_0
    SLICE_X77Y118        CARRY4 (Prop_carry4_CI_CO[3])
                                                      0.053     0.347 r  student_top_inst/Core_cpu/cpu_core/id_ex_inst/data_o_reg[15]_i_15/CO[3]
                         net (fo=1, routed)           0.000     0.347    student_top_inst/Core_cpu/cpu_core/id_ex_inst/data_o_reg[15]_i_15_n_0
    SLICE_X77Y119        CARRY4 (Prop_carry4_CI_O[3])
                                                      0.149     0.496 r  student_top_inst/Core_cpu/cpu_core/id_ex_inst/data_o_reg[19]_i_15/O[3]
                         net (fo=1, routed)           0.519     1.015    student_top_inst/Core_cpu/cpu_core/id_ex_inst/ex_inst/data1[19]
    SLICE_X85Y121        LUT6 (Prop_lut6_I1_O)        0.120     1.135 r  student_top_inst/Core_cpu/cpu_core/id_ex_inst/data_o[19]_i_7/O
                         net (fo=1, routed)           0.376     1.512    student_top_inst/Core_cpu/cpu_core/id_ex_inst/data_o[19]_i_7_n_0
    SLICE_X85Y122        LUT6 (Prop_lut6_I5_O)        0.043     1.555 f  student_top_inst/Core_cpu/cpu_core/id_ex_inst/data_o[19]_i_3__0/O
                         net (fo=1, routed)           0.098     1.653    student_top_inst/Core_cpu/cpu_core/id_ex_inst/data_o[19]_i_3__0_n_0
    SLICE_X85Y122        LUT6 (Prop_lut6_I1_O)        0.043     1.696 r  student_top_inst/Core_cpu/cpu_core/id_ex_inst/data_o[19]_i_2__0/O
                         net (fo=1, routed)           0.179     1.875    student_top_inst/Core_cpu/cpu_core/ex_inst/rv32m_iter_inst/data_o_reg[19]
    SLICE_X85Y121        LUT4 (Prop_lut4_I1_O)        0.043     1.918 r  student_top_inst/Core_cpu/cpu_core/ex_inst/rv32m_iter_inst/data_o[19]_i_1__2/O
                         net (fo=1, routed)           0.000     1.918    student_top_inst/Core_cpu/cpu_core/ex_mem_inst/dff_rd_data/data_o_reg[19]_2
    SLICE_X85Y121        FDRE                                         r  student_top_inst/Core_cpu/cpu_core/ex_mem_inst/dff_rd_data/data_o_reg[19]/D
  -------------------------------------------------------------------    -------------------

                         (clock clk_out2_pll rise edge)
                                                      4.444     4.444 r  
    AD12                                              0.000     4.444 r  i_sys_clk_p (IN)
                         net (fo=0)                   0.000     4.444    pll_inst/inst/clk_in1_p
    AD12                 IBUFDS (Prop_ibufds_I_O)     0.803     5.248 r  pll_inst/inst/clkin1_ibufgds/O
                         net (fo=1, routed)           1.001     6.249    pll_inst/inst/clk_in1_pll
    PLLE2_ADV_X1Y1       PLLE2_ADV (Prop_plle2_adv_CLKIN1_CLKOUT1)
                                                     -7.261    -1.012 r  pll_inst/inst/plle2_adv_inst/CLKOUT1
                         net (fo=1, routed)           2.003     0.991    pll_inst/inst/clk_out2_pll
    BUFGCTRL_X0Y0        BUFG (Prop_bufg_I_O)         0.083     1.074 r  pll_inst/inst/clkout2_buf/O
                         net (fo=2865, routed)        1.258     2.332    student_top_inst/Core_cpu/cpu_core/ex_mem_inst/dff_rd_data/clk_out2
    SLICE_X85Y121        FDRE                                         r  student_top_inst/Core_cpu/cpu_core/ex_mem_inst/dff_rd_data/data_o_reg[19]/C
                         clock pessimism             -0.448     1.884    
                         clock uncertainty           -0.068     1.816    
    SLICE_X85Y121        FDRE (Setup_fdre_C_D)        0.033     1.849    student_top_inst/Core_cpu/cpu_core/ex_mem_inst/dff_rd_data/data_o_reg[19]
  -------------------------------------------------------------------
                         required time                          1.849    
                         arrival time                          -1.918    
  -------------------------------------------------------------------
                         slack                                 -0.069    

Slack (VIOLATED) :        -0.069ns  (required time - arrival time)
  Source:                 student_top_inst/Core_cpu/cpu_core/id_ex_inst/rs1_addr_o_reg[4]/C
                            (rising edge-triggered cell FDRE clocked by clk_out2_pll  {rise@0.000ns fall@2.222ns period=4.444ns})
  Destination:            student_top_inst/Core_cpu/cpu_core/ex_mem_inst/dff_rd_data/data_o_reg[19]/D
                            (rising edge-triggered cell FDRE clocked by clk_out2_pll  {rise@0.000ns fall@2.222ns period=4.444ns})
  Path Group:             clk_out2_pll
  Path Type:              Setup (Max at Slow Process Corner)
  Requirement:            4.444ns  (clk_out2_pll rise@4.444ns - clk_out2_pll rise@0.000ns)
  Data Path Delay:        4.371ns  (logic 1.298ns (29.694%)  route 3.073ns (70.306%))
  Logic Levels:           14  (CARRY4=5 LUT2=1 LUT3=1 LUT4=1 LUT5=1 LUT6=5)
  Clock Path Skew:        -0.107ns (DCD - SCD + CPR)
    Destination Clock Delay (DCD):    -2.113ns = ( 2.332 - 4.444 ) 
    Source Clock Delay      (SCD):    -2.453ns
    Clock Pessimism Removal (CPR):    -0.448ns
  Clock Uncertainty:      0.068ns  ((TSJ^2 + DJ^2)^1/2) / 2 + PE
    Total System Jitter     (TSJ):    0.071ns
    Discrete Jitter          (DJ):    0.117ns
    Phase Error              (PE):    0.000ns

    Location             Delay type                Incr(ns)  Path(ns)    Netlist Resource(s)
  -------------------------------------------------------------------    -------------------
                         (clock clk_out2_pll rise edge)
                                                      0.000     0.000 r  
    AD12                                              0.000     0.000 r  i_sys_clk_p (IN)
                         net (fo=0)                   0.000     0.000    pll_inst/inst/clk_in1_p
    AD12                 IBUFDS (Prop_ibufds_I_O)     0.906     0.906 r  pll_inst/inst/clkin1_ibufgds/O
                         net (fo=1, routed)           1.098     2.004    pll_inst/inst/clk_in1_pll
    PLLE2_ADV_X1Y1       PLLE2_ADV (Prop_plle2_adv_CLKIN1_CLKOUT1)
                                                     -8.058    -6.054 r  pll_inst/inst/plle2_adv_inst/CLKOUT1
                         net (fo=1, routed)           2.128    -3.926    pll_inst/inst/clk_out2_pll
    BUFGCTRL_X0Y0        BUFG (Prop_bufg_I_O)         0.093    -3.833 r  pll_inst/inst/clkout2_buf/O
                         net (fo=2865, routed)        1.380    -2.453    student_top_inst/Core_cpu/cpu_core/id_ex_inst/clk_out2
    SLICE_X70Y119        FDRE                                         r  student_top_inst/Core_cpu/cpu_core/id_ex_inst/rs1_addr_o_reg[4]/C
  -------------------------------------------------------------------    -------------------
    SLICE_X70Y119        FDRE (Prop_fdre_C_Q)         0.259    -2.194 r  student_top_inst/Core_cpu/cpu_core/id_ex_inst/rs1_addr_o_reg[4]/Q
                         net (fo=3, routed)           0.453    -1.742    student_top_inst/Core_cpu/cpu_core/id_ex_inst/rs1_addr_o_reg[4]_0[4]
    SLICE_X73Y118        LUT6 (Prop_lut6_I0_O)        0.043    -1.699 r  student_top_inst/Core_cpu/cpu_core/id_ex_inst/rs1_match_ex_mem_inst_i_6/O
                         net (fo=1, routed)           0.101    -1.598    student_top_inst/Core_cpu/cpu_core/id_ex_inst/rs1_match_ex_mem_inst_i_6_n_0
    SLICE_X73Y118        LUT5 (Prop_lut5_I0_O)        0.043    -1.555 r  student_top_inst/Core_cpu/cpu_core/id_ex_inst/rs1_match_ex_mem_inst_i_4/O
                         net (fo=57, routed)          0.465    -1.090    student_top_inst/Core_cpu/cpu_core/id_ex_inst/forwarding_inst/in020_out
    SLICE_X71Y118        LUT6 (Prop_lut6_I5_O)        0.043    -1.047 r  student_top_inst/Core_cpu/cpu_core/id_ex_inst/rs1_match_ex_mem_inst_rep__43_i_1/O
                         net (fo=4, routed)           0.433    -0.614    student_top_inst/Core_cpu/cpu_core/id_ex_inst/rs1_match_ex_mem_inst_rep__43_i_1_n_0
    SLICE_X72Y114        LUT3 (Prop_lut3_I1_O)        0.043    -0.571 f  student_top_inst/Core_cpu/cpu_core/id_ex_inst/data_o[2]_i_17/O
                         net (fo=4, routed)           0.449    -0.122    student_top_inst/Core_cpu/cpu_core/id_ex_inst/data_o_reg[1]
    SLICE_X77Y115        LUT2 (Prop_lut2_I0_O)        0.043    -0.079 r  student_top_inst/Core_cpu/cpu_core/id_ex_inst/data_o[0]_i_58/O
                         net (fo=1, routed)           0.000    -0.079    student_top_inst/Core_cpu/cpu_core/id_ex_inst/data_o[0]_i_58_n_0
    SLICE_X77Y115        CARRY4 (Prop_carry4_S[1]_CO[3])
                                                      0.267     0.188 r  student_top_inst/Core_cpu/cpu_core/id_ex_inst/data_o_reg[0]_i_24/CO[3]
                         net (fo=1, routed)           0.000     0.188    student_top_inst/Core_cpu/cpu_core/id_ex_inst/data_o_reg[0]_i_24_n_0
    SLICE_X77Y116        CARRY4 (Prop_carry4_CI_CO[3])
                                                      0.053     0.241 r  student_top_inst/Core_cpu/cpu_core/id_ex_inst/data_o_reg[7]_i_15/CO[3]
                         net (fo=1, routed)           0.000     0.241    student_top_inst/Core_cpu/cpu_core/id_ex_inst/data_o_reg[7]_i_15_n_0
    SLICE_X77Y117        CARRY4 (Prop_carry4_CI_CO[3])
                                                      0.053     0.294 r  student_top_inst/Core_cpu/cpu_core/id_ex_inst/data_o_reg[11]_i_15/CO[3]
                         net (fo=1, routed)           0.000     0.294    student_top_inst/Core_cpu/cpu_core/id_ex_inst/data_o_reg[11]_i_15_n_0
    SLICE_X77Y118        CARRY4 (Prop_carry4_CI_CO[3])
                                                      0.053     0.347 r  student_top_inst/Core_cpu/cpu_core/id_ex_inst/data_o_reg[15]_i_15/CO[3]
                         net (fo=1, routed)           0.000     0.347    student_top_inst/Core_cpu/cpu_core/id_ex_inst/data_o_reg[15]_i_15_n_0
    SLICE_X77Y119        CARRY4 (Prop_carry4_CI_O[3])
                                                      0.149     0.496 r  student_top_inst/Core_cpu/cpu_core/id_ex_inst/data_o_reg[19]_i_15/O[3]
                         net (fo=1, routed)           0.519     1.015    student_top_inst/Core_cpu/cpu_core/id_ex_inst/ex_inst/data1[19]
    SLICE_X85Y121        LUT6 (Prop_lut6_I1_O)        0.120     1.135 r  student_top_inst/Core_cpu/cpu_core/id_ex_inst/data_o[19]_i_7/O
                         net (fo=1, routed)           0.376     1.512    student_top_inst/Core_cpu/cpu_core/id_ex_inst/data_o[19]_i_7_n_0
    SLICE_X85Y122        LUT6 (Prop_lut6_I5_O)        0.043     1.555 f  student_top_inst/Core_cpu/cpu_core/id_ex_inst/data_o[19]_i_3__0/O
                         net (fo=1, routed)           0.098     1.653    student_top_inst/Core_cpu/cpu_core/id_ex_inst/data_o[19]_i_3__0_n_0
    SLICE_X85Y122        LUT6 (Prop_lut6_I1_O)        0.043     1.696 r  student_top_inst/Core_cpu/cpu_core/id_ex_inst/data_o[19]_i_2__0/O
                         net (fo=1, routed)           0.179     1.875    student_top_inst/Core_cpu/cpu_core/ex_inst/rv32m_iter_inst/data_o_reg[19]
    SLICE_X85Y121        LUT4 (Prop_lut4_I1_O)        0.043     1.918 r  student_top_inst/Core_cpu/cpu_core/ex_inst/rv32m_iter_inst/data_o[19]_i_1__2/O
                         net (fo=1, routed)           0.000     1.918    student_top_inst/Core_cpu/cpu_core/ex_mem_inst/dff_rd_data/data_o_reg[19]_2
    SLICE_X85Y121        FDRE                                         r  student_top_inst/Core_cpu/cpu_core/ex_mem_inst/dff_rd_data/data_o_reg[19]/D
  -------------------------------------------------------------------    -------------------

                         (clock clk_out2_pll rise edge)
                                                      4.444     4.444 r  
    AD12                                              0.000     4.444 r  i_sys_clk_p (IN)
                         net (fo=0)                   0.000     4.444    pll_inst/inst/clk_in1_p
    AD12                 IBUFDS (Prop_ibufds_I_O)     0.803     5.248 r  pll_inst/inst/clkin1_ibufgds/O
                         net (fo=1, routed)           1.001     6.249    pll_inst/inst/clk_in1_pll
    PLLE2_ADV_X1Y1       PLLE2_ADV (Prop_plle2_adv_CLKIN1_CLKOUT1)
                                                     -7.261    -1.012 r  pll_inst/inst/plle2_adv_inst/CLKOUT1
                         net (fo=1, routed)           2.003     0.991    pll_inst/inst/clk_out2_pll
    BUFGCTRL_X0Y0        BUFG (Prop_bufg_I_O)         0.083     1.074 r  pll_inst/inst/clkout2_buf/O
                         net (fo=2865, routed)        1.258     2.332    student_top_inst/Core_cpu/cpu_core/ex_mem_inst/dff_rd_data/clk_out2
    SLICE_X85Y121        FDRE                                         r  student_top_inst/Core_cpu/cpu_core/ex_mem_inst/dff_rd_data/data_o_reg[19]/C
                         clock pessimism             -0.448     1.884    
                         clock uncertainty           -0.068     1.816    
    SLICE_X85Y121        FDRE (Setup_fdre_C_D)        0.033     1.849    student_top_inst/Core_cpu/cpu_core/ex_mem_inst/dff_rd_data/data_o_reg[19]
  -------------------------------------------------------------------
                         required time                          1.849    
                         arrival time                          -1.918    
  -------------------------------------------------------------------
                         slack                                 -0.069    

Slack (VIOLATED) :        -0.069ns  (required time - arrival time)
  Source:                 student_top_inst/Core_cpu/cpu_core/id_ex_inst/rs1_addr_o_reg[4]/C
                            (rising edge-triggered cell FDRE clocked by clk_out2_pll  {rise@0.000ns fall@2.222ns period=4.444ns})
  Destination:            student_top_inst/Core_cpu/cpu_core/ex_mem_inst/dff_rd_data/data_o_reg[19]/D
                            (rising edge-triggered cell FDRE clocked by clk_out2_pll  {rise@0.000ns fall@2.222ns period=4.444ns})
  Path Group:             clk_out2_pll
  Path Type:              Setup (Max at Slow Process Corner)
  Requirement:            4.444ns  (clk_out2_pll rise@4.444ns - clk_out2_pll rise@0.000ns)
  Data Path Delay:        4.371ns  (logic 1.298ns (29.694%)  route 3.073ns (70.306%))
  Logic Levels:           14  (CARRY4=5 LUT2=1 LUT3=1 LUT4=1 LUT5=1 LUT6=5)
  Clock Path Skew:        -0.107ns (DCD - SCD + CPR)
    Destination Clock Delay (DCD):    -2.113ns = ( 2.332 - 4.444 ) 
    Source Clock Delay      (SCD):    -2.453ns
    Clock Pessimism Removal (CPR):    -0.448ns
  Clock Uncertainty:      0.068ns  ((TSJ^2 + DJ^2)^1/2) / 2 + PE
    Total System Jitter     (TSJ):    0.071ns
    Discrete Jitter          (DJ):    0.117ns
    Phase Error              (PE):    0.000ns

    Location             Delay type                Incr(ns)  Path(ns)    Netlist Resource(s)
  -------------------------------------------------------------------    -------------------
                         (clock clk_out2_pll rise edge)
                                                      0.000     0.000 r  
    AD12                                              0.000     0.000 r  i_sys_clk_p (IN)
                         net (fo=0)                   0.000     0.000    pll_inst/inst/clk_in1_p
    AD12                 IBUFDS (Prop_ibufds_I_O)     0.906     0.906 r  pll_inst/inst/clkin1_ibufgds/O
                         net (fo=1, routed)           1.098     2.004    pll_inst/inst/clk_in1_pll
    PLLE2_ADV_X1Y1       PLLE2_ADV (Prop_plle2_adv_CLKIN1_CLKOUT1)
                                                     -8.058    -6.054 r  pll_inst/inst/plle2_adv_inst/CLKOUT1
                         net (fo=1, routed)           2.128    -3.926    pll_inst/inst/clk_out2_pll
    BUFGCTRL_X0Y0        BUFG (Prop_bufg_I_O)         0.093    -3.833 r  pll_inst/inst/clkout2_buf/O
                         net (fo=2865, routed)        1.380    -2.453    student_top_inst/Core_cpu/cpu_core/id_ex_inst/clk_out2
    SLICE_X70Y119        FDRE                                         r  student_top_inst/Core_cpu/cpu_core/id_ex_inst/rs1_addr_o_reg[4]/C
  -------------------------------------------------------------------    -------------------
    SLICE_X70Y119        FDRE (Prop_fdre_C_Q)         0.259    -2.194 r  student_top_inst/Core_cpu/cpu_core/id_ex_inst/rs1_addr_o_reg[4]/Q
                         net (fo=3, routed)           0.453    -1.742    student_top_inst/Core_cpu/cpu_core/id_ex_inst/rs1_addr_o_reg[4]_0[4]
    SLICE_X73Y118        LUT6 (Prop_lut6_I0_O)        0.043    -1.699 f  student_top_inst/Core_cpu/cpu_core/id_ex_inst/rs1_match_ex_mem_inst_i_6/O
                         net (fo=1, routed)           0.101    -1.598    student_top_inst/Core_cpu/cpu_core/id_ex_inst/rs1_match_ex_mem_inst_i_6_n_0
    SLICE_X73Y118        LUT5 (Prop_lut5_I0_O)        0.043    -1.555 f  student_top_inst/Core_cpu/cpu_core/id_ex_inst/rs1_match_ex_mem_inst_i_4/O
                         net (fo=57, routed)          0.465    -1.090    student_top_inst/Core_cpu/cpu_core/id_ex_inst/forwarding_inst/in020_out
    SLICE_X71Y118        LUT6 (Prop_lut6_I5_O)        0.043    -1.047 f  student_top_inst/Core_cpu/cpu_core/id_ex_inst/rs1_match_ex_mem_inst_rep__43_i_1/O
                         net (fo=4, routed)           0.433    -0.614    student_top_inst/Core_cpu/cpu_core/id_ex_inst/rs1_match_ex_mem_inst_rep__43_i_1_n_0
    SLICE_X72Y114        LUT3 (Prop_lut3_I1_O)        0.043    -0.571 f  student_top_inst/Core_cpu/cpu_core/id_ex_inst/data_o[2]_i_17/O
                         net (fo=4, routed)           0.449    -0.122    student_top_inst/Core_cpu/cpu_core/id_ex_inst/data_o_reg[1]
    SLICE_X77Y115        LUT2 (Prop_lut2_I0_O)        0.043    -0.079 r  student_top_inst/Core_cpu/cpu_core/id_ex_inst/data_o[0]_i_58/O
                         net (fo=1, routed)           0.000    -0.079    student_top_inst/Core_cpu/cpu_core/id_ex_inst/data_o[0]_i_58_n_0
    SLICE_X77Y115        CARRY4 (Prop_carry4_S[1]_CO[3])
                                                      0.267     0.188 r  student_top_inst/Core_cpu/cpu_core/id_ex_inst/data_o_reg[0]_i_24/CO[3]
                         net (fo=1, routed)           0.000     0.188    student_top_inst/Core_cpu/cpu_core/id_ex_inst/data_o_reg[0]_i_24_n_0
    SLICE_X77Y116        CARRY4 (Prop_carry4_CI_CO[3])
                                                      0.053     0.241 r  student_top_inst/Core_cpu/cpu_core/id_ex_inst/data_o_reg[7]_i_15/CO[3]
                         net (fo=1, routed)           0.000     0.241    student_top_inst/Core_cpu/cpu_core/id_ex_inst/data_o_reg[7]_i_15_n_0
    SLICE_X77Y117        CARRY4 (Prop_carry4_CI_CO[3])
                                                      0.053     0.294 r  student_top_inst/Core_cpu/cpu_core/id_ex_inst/data_o_reg[11]_i_15/CO[3]
                         net (fo=1, routed)           0.000     0.294    student_top_inst/Core_cpu/cpu_core/id_ex_inst/data_o_reg[11]_i_15_n_0
    SLICE_X77Y118        CARRY4 (Prop_carry4_CI_CO[3])
                                                      0.053     0.347 r  student_top_inst/Core_cpu/cpu_core/id_ex_inst/data_o_reg[15]_i_15/CO[3]
                         net (fo=1, routed)           0.000     0.347    student_top_inst/Core_cpu/cpu_core/id_ex_inst/data_o_reg[15]_i_15_n_0
    SLICE_X77Y119        CARRY4 (Prop_carry4_CI_O[3])
                                                      0.149     0.496 r  student_top_inst/Core_cpu/cpu_core/id_ex_inst/data_o_reg[19]_i_15/O[3]
                         net (fo=1, routed)           0.519     1.015    student_top_inst/Core_cpu/cpu_core/id_ex_inst/ex_inst/data1[19]
    SLICE_X85Y121        LUT6 (Prop_lut6_I1_O)        0.120     1.135 r  student_top_inst/Core_cpu/cpu_core/id_ex_inst/data_o[19]_i_7/O
                         net (fo=1, routed)           0.376     1.512    student_top_inst/Core_cpu/cpu_core/id_ex_inst/data_o[19]_i_7_n_0
    SLICE_X85Y122        LUT6 (Prop_lut6_I5_O)        0.043     1.555 f  student_top_inst/Core_cpu/cpu_core/id_ex_inst/data_o[19]_i_3__0/O
                         net (fo=1, routed)           0.098     1.653    student_top_inst/Core_cpu/cpu_core/id_ex_inst/data_o[19]_i_3__0_n_0
    SLICE_X85Y122        LUT6 (Prop_lut6_I1_O)        0.043     1.696 r  student_top_inst/Core_cpu/cpu_core/id_ex_inst/data_o[19]_i_2__0/O
                         net (fo=1, routed)           0.179     1.875    student_top_inst/Core_cpu/cpu_core/ex_inst/rv32m_iter_inst/data_o_reg[19]
    SLICE_X85Y121        LUT4 (Prop_lut4_I1_O)        0.043     1.918 r  student_top_inst/Core_cpu/cpu_core/ex_inst/rv32m_iter_inst/data_o[19]_i_1__2/O
                         net (fo=1, routed)           0.000     1.918    student_top_inst/Core_cpu/cpu_core/ex_mem_inst/dff_rd_data/data_o_reg[19]_2
    SLICE_X85Y121        FDRE                                         r  student_top_inst/Core_cpu/cpu_core/ex_mem_inst/dff_rd_data/data_o_reg[19]/D
  -------------------------------------------------------------------    -------------------

                         (clock clk_out2_pll rise edge)
                                                      4.444     4.444 r  
    AD12                                              0.000     4.444 r  i_sys_clk_p (IN)
                         net (fo=0)                   0.000     4.444    pll_inst/inst/clk_in1_p
    AD12                 IBUFDS (Prop_ibufds_I_O)     0.803     5.248 r  pll_inst/inst/clkin1_ibufgds/O
                         net (fo=1, routed)           1.001     6.249    pll_inst/inst/clk_in1_pll
    PLLE2_ADV_X1Y1       PLLE2_ADV (Prop_plle2_adv_CLKIN1_CLKOUT1)
                                                     -7.261    -1.012 r  pll_inst/inst/plle2_adv_inst/CLKOUT1
                         net (fo=1, routed)           2.003     0.991    pll_inst/inst/clk_out2_pll
    BUFGCTRL_X0Y0        BUFG (Prop_bufg_I_O)         0.083     1.074 r  pll_inst/inst/clkout2_buf/O
                         net (fo=2865, routed)        1.258     2.332    student_top_inst/Core_cpu/cpu_core/ex_mem_inst/dff_rd_data/clk_out2
    SLICE_X85Y121        FDRE                                         r  student_top_inst/Core_cpu/cpu_core/ex_mem_inst/dff_rd_data/data_o_reg[19]/C
                         clock pessimism             -0.448     1.884    
                         clock uncertainty           -0.068     1.816    
    SLICE_X85Y121        FDRE (Setup_fdre_C_D)        0.033     1.849    student_top_inst/Core_cpu/cpu_core/ex_mem_inst/dff_rd_data/data_o_reg[19]
  -------------------------------------------------------------------
                         required time                          1.849    
                         arrival time                          -1.918    
  -------------------------------------------------------------------
                         slack                                 -0.069    

Slack (VIOLATED) :        -0.069ns  (required time - arrival time)
  Source:                 student_top_inst/Core_cpu/cpu_core/id_ex_inst/rs1_addr_o_reg[4]/C
                            (rising edge-triggered cell FDRE clocked by clk_out2_pll  {rise@0.000ns fall@2.222ns period=4.444ns})
  Destination:            student_top_inst/Core_cpu/cpu_core/ex_mem_inst/dff_rd_data/data_o_reg[19]/D
                            (rising edge-triggered cell FDRE clocked by clk_out2_pll  {rise@0.000ns fall@2.222ns period=4.444ns})
  Path Group:             clk_out2_pll
  Path Type:              Setup (Max at Slow Process Corner)
  Requirement:            4.444ns  (clk_out2_pll rise@4.444ns - clk_out2_pll rise@0.000ns)
  Data Path Delay:        4.371ns  (logic 1.298ns (29.694%)  route 3.073ns (70.306%))
  Logic Levels:           14  (CARRY4=5 LUT2=1 LUT3=1 LUT4=1 LUT5=1 LUT6=5)
  Clock Path Skew:        -0.107ns (DCD - SCD + CPR)
    Destination Clock Delay (DCD):    -2.113ns = ( 2.332 - 4.444 ) 
    Source Clock Delay      (SCD):    -2.453ns
    Clock Pessimism Removal (CPR):    -0.448ns
  Clock Uncertainty:      0.068ns  ((TSJ^2 + DJ^2)^1/2) / 2 + PE
    Total System Jitter     (TSJ):    0.071ns
    Discrete Jitter          (DJ):    0.117ns
    Phase Error              (PE):    0.000ns

    Location             Delay type                Incr(ns)  Path(ns)    Netlist Resource(s)
  -------------------------------------------------------------------    -------------------
                         (clock clk_out2_pll rise edge)
                                                      0.000     0.000 r  
    AD12                                              0.000     0.000 r  i_sys_clk_p (IN)
                         net (fo=0)                   0.000     0.000    pll_inst/inst/clk_in1_p
    AD12                 IBUFDS (Prop_ibufds_I_O)     0.906     0.906 r  pll_inst/inst/clkin1_ibufgds/O
                         net (fo=1, routed)           1.098     2.004    pll_inst/inst/clk_in1_pll
    PLLE2_ADV_X1Y1       PLLE2_ADV (Prop_plle2_adv_CLKIN1_CLKOUT1)
                                                     -8.058    -6.054 r  pll_inst/inst/plle2_adv_inst/CLKOUT1
                         net (fo=1, routed)           2.128    -3.926    pll_inst/inst/clk_out2_pll
    BUFGCTRL_X0Y0        BUFG (Prop_bufg_I_O)         0.093    -3.833 r  pll_inst/inst/clkout2_buf/O
                         net (fo=2865, routed)        1.380    -2.453    student_top_inst/Core_cpu/cpu_core/id_ex_inst/clk_out2
    SLICE_X70Y119        FDRE                                         r  student_top_inst/Core_cpu/cpu_core/id_ex_inst/rs1_addr_o_reg[4]/C
  -------------------------------------------------------------------    -------------------
    SLICE_X70Y119        FDRE (Prop_fdre_C_Q)         0.259    -2.194 r  student_top_inst/Core_cpu/cpu_core/id_ex_inst/rs1_addr_o_reg[4]/Q
                         net (fo=3, routed)           0.453    -1.742    student_top_inst/Core_cpu/cpu_core/id_ex_inst/rs1_addr_o_reg[4]_0[4]
    SLICE_X73Y118        LUT6 (Prop_lut6_I0_O)        0.043    -1.699 r  student_top_inst/Core_cpu/cpu_core/id_ex_inst/rs1_match_ex_mem_inst_i_6/O
                         net (fo=1, routed)           0.101    -1.598    student_top_inst/Core_cpu/cpu_core/id_ex_inst/rs1_match_ex_mem_inst_i_6_n_0
    SLICE_X73Y118        LUT5 (Prop_lut5_I0_O)        0.043    -1.555 r  student_top_inst/Core_cpu/cpu_core/id_ex_inst/rs1_match_ex_mem_inst_i_4/O
                         net (fo=57, routed)          0.465    -1.090    student_top_inst/Core_cpu/cpu_core/id_ex_inst/forwarding_inst/in020_out
    SLICE_X71Y118        LUT6 (Prop_lut6_I5_O)        0.043    -1.047 r  student_top_inst/Core_cpu/cpu_core/id_ex_inst/rs1_match_ex_mem_inst_rep__43_i_1/O
                         net (fo=4, routed)           0.433    -0.614    student_top_inst/Core_cpu/cpu_core/id_ex_inst/rs1_match_ex_mem_inst_rep__43_i_1_n_0
    SLICE_X72Y114        LUT3 (Prop_lut3_I1_O)        0.043    -0.571 r  student_top_inst/Core_cpu/cpu_core/id_ex_inst/data_o[2]_i_17/O
                         net (fo=4, routed)           0.449    -0.122    student_top_inst/Core_cpu/cpu_core/id_ex_inst/data_o_reg[1]
    SLICE_X77Y115        LUT2 (Prop_lut2_I0_O)        0.043    -0.079 f  student_top_inst/Core_cpu/cpu_core/id_ex_inst/data_o[0]_i_58/O
                         net (fo=1, routed)           0.000    -0.079    student_top_inst/Core_cpu/cpu_core/id_ex_inst/data_o[0]_i_58_n_0
    SLICE_X77Y115        CARRY4 (Prop_carry4_S[1]_CO[3])
                                                      0.267     0.188 r  student_top_inst/Core_cpu/cpu_core/id_ex_inst/data_o_reg[0]_i_24/CO[3]
                         net (fo=1, routed)           0.000     0.188    student_top_inst/Core_cpu/cpu_core/id_ex_inst/data_o_reg[0]_i_24_n_0
    SLICE_X77Y116        CARRY4 (Prop_carry4_CI_CO[3])
                                                      0.053     0.241 r  student_top_inst/Core_cpu/cpu_core/id_ex_inst/data_o_reg[7]_i_15/CO[3]
                         net (fo=1, routed)           0.000     0.241    student_top_inst/Core_cpu/cpu_core/id_ex_inst/data_o_reg[7]_i_15_n_0
    SLICE_X77Y117        CARRY4 (Prop_carry4_CI_CO[3])
                                                      0.053     0.294 r  student_top_inst/Core_cpu/cpu_core/id_ex_inst/data_o_reg[11]_i_15/CO[3]
                         net (fo=1, routed)           0.000     0.294    student_top_inst/Core_cpu/cpu_core/id_ex_inst/data_o_reg[11]_i_15_n_0
    SLICE_X77Y118        CARRY4 (Prop_carry4_CI_CO[3])
                                                      0.053     0.347 r  student_top_inst/Core_cpu/cpu_core/id_ex_inst/data_o_reg[15]_i_15/CO[3]
                         net (fo=1, routed)           0.000     0.347    student_top_inst/Core_cpu/cpu_core/id_ex_inst/data_o_reg[15]_i_15_n_0
    SLICE_X77Y119        CARRY4 (Prop_carry4_CI_O[3])
                                                      0.149     0.496 r  student_top_inst/Core_cpu/cpu_core/id_ex_inst/data_o_reg[19]_i_15/O[3]
                         net (fo=1, routed)           0.519     1.015    student_top_inst/Core_cpu/cpu_core/id_ex_inst/ex_inst/data1[19]
    SLICE_X85Y121        LUT6 (Prop_lut6_I1_O)        0.120     1.135 r  student_top_inst/Core_cpu/cpu_core/id_ex_inst/data_o[19]_i_7/O
                         net (fo=1, routed)           0.376     1.512    student_top_inst/Core_cpu/cpu_core/id_ex_inst/data_o[19]_i_7_n_0
    SLICE_X85Y122        LUT6 (Prop_lut6_I5_O)        0.043     1.555 f  student_top_inst/Core_cpu/cpu_core/id_ex_inst/data_o[19]_i_3__0/O
                         net (fo=1, routed)           0.098     1.653    student_top_inst/Core_cpu/cpu_core/id_ex_inst/data_o[19]_i_3__0_n_0
    SLICE_X85Y122        LUT6 (Prop_lut6_I1_O)        0.043     1.696 r  student_top_inst/Core_cpu/cpu_core/id_ex_inst/data_o[19]_i_2__0/O
                         net (fo=1, routed)           0.179     1.875    student_top_inst/Core_cpu/cpu_core/ex_inst/rv32m_iter_inst/data_o_reg[19]
    SLICE_X85Y121        LUT4 (Prop_lut4_I1_O)        0.043     1.918 r  student_top_inst/Core_cpu/cpu_core/ex_inst/rv32m_iter_inst/data_o[19]_i_1__2/O
                         net (fo=1, routed)           0.000     1.918    student_top_inst/Core_cpu/cpu_core/ex_mem_inst/dff_rd_data/data_o_reg[19]_2
    SLICE_X85Y121        FDRE                                         r  student_top_inst/Core_cpu/cpu_core/ex_mem_inst/dff_rd_data/data_o_reg[19]/D
  -------------------------------------------------------------------    -------------------

                         (clock clk_out2_pll rise edge)
                                                      4.444     4.444 r  
    AD12                                              0.000     4.444 r  i_sys_clk_p (IN)
                         net (fo=0)                   0.000     4.444    pll_inst/inst/clk_in1_p
    AD12                 IBUFDS (Prop_ibufds_I_O)     0.803     5.248 r  pll_inst/inst/clkin1_ibufgds/O
                         net (fo=1, routed)           1.001     6.249    pll_inst/inst/clk_in1_pll
    PLLE2_ADV_X1Y1       PLLE2_ADV (Prop_plle2_adv_CLKIN1_CLKOUT1)
                                                     -7.261    -1.012 r  pll_inst/inst/plle2_adv_inst/CLKOUT1
                         net (fo=1, routed)           2.003     0.991    pll_inst/inst/clk_out2_pll
    BUFGCTRL_X0Y0        BUFG (Prop_bufg_I_O)         0.083     1.074 r  pll_inst/inst/clkout2_buf/O
                         net (fo=2865, routed)        1.258     2.332    student_top_inst/Core_cpu/cpu_core/ex_mem_inst/dff_rd_data/clk_out2
    SLICE_X85Y121        FDRE                                         r  student_top_inst/Core_cpu/cpu_core/ex_mem_inst/dff_rd_data/data_o_reg[19]/C
                         clock pessimism             -0.448     1.884    
                         clock uncertainty           -0.068     1.816    
    SLICE_X85Y121        FDRE (Setup_fdre_C_D)        0.033     1.849    student_top_inst/Core_cpu/cpu_core/ex_mem_inst/dff_rd_data/data_o_reg[19]
  -------------------------------------------------------------------
                         required time                          1.849    
                         arrival time                          -1.918    
  -------------------------------------------------------------------
                         slack                                 -0.069    

Slack (VIOLATED) :        -0.054ns  (required time - arrival time)
  Source:                 student_top_inst/Core_cpu/cpu_core/id_ex_inst/rs1_addr_o_reg[4]/C
                            (rising edge-triggered cell FDRE clocked by clk_out2_pll  {rise@0.000ns fall@2.222ns period=4.444ns})
  Destination:            student_top_inst/Core_cpu/cpu_core/ex_mem_inst/dff_rd_data/data_o_reg[22]/D
                            (rising edge-triggered cell FDRE clocked by clk_out2_pll  {rise@0.000ns fall@2.222ns period=4.444ns})
  Path Group:             clk_out2_pll
  Path Type:              Setup (Max at Slow Process Corner)
  Requirement:            4.444ns  (clk_out2_pll rise@4.444ns - clk_out2_pll rise@0.000ns)
  Data Path Delay:        4.354ns  (logic 1.315ns (30.199%)  route 3.039ns (69.801%))
  Logic Levels:           15  (CARRY4=6 LUT2=1 LUT3=1 LUT4=1 LUT5=1 LUT6=5)
  Clock Path Skew:        -0.110ns (DCD - SCD + CPR)
    Destination Clock Delay (DCD):    -2.116ns = ( 2.329 - 4.444 ) 
    Source Clock Delay      (SCD):    -2.453ns
    Clock Pessimism Removal (CPR):    -0.448ns
  Clock Uncertainty:      0.068ns  ((TSJ^2 + DJ^2)^1/2) / 2 + PE
    Total System Jitter     (TSJ):    0.071ns
    Discrete Jitter          (DJ):    0.117ns
    Phase Error              (PE):    0.000ns

    Location             Delay type                Incr(ns)  Path(ns)    Netlist Resource(s)
  -------------------------------------------------------------------    -------------------
                         (clock clk_out2_pll rise edge)
                                                      0.000     0.000 r  
    AD12                                              0.000     0.000 r  i_sys_clk_p (IN)
                         net (fo=0)                   0.000     0.000    pll_inst/inst/clk_in1_p
    AD12                 IBUFDS (Prop_ibufds_I_O)     0.906     0.906 r  pll_inst/inst/clkin1_ibufgds/O
                         net (fo=1, routed)           1.098     2.004    pll_inst/inst/clk_in1_pll
    PLLE2_ADV_X1Y1       PLLE2_ADV (Prop_plle2_adv_CLKIN1_CLKOUT1)
                                                     -8.058    -6.054 r  pll_inst/inst/plle2_adv_inst/CLKOUT1
                         net (fo=1, routed)           2.128    -3.926    pll_inst/inst/clk_out2_pll
    BUFGCTRL_X0Y0        BUFG (Prop_bufg_I_O)         0.093    -3.833 r  pll_inst/inst/clkout2_buf/O
                         net (fo=2865, routed)        1.380    -2.453    student_top_inst/Core_cpu/cpu_core/id_ex_inst/clk_out2
    SLICE_X70Y119        FDRE                                         r  student_top_inst/Core_cpu/cpu_core/id_ex_inst/rs1_addr_o_reg[4]/C
  -------------------------------------------------------------------    -------------------
    SLICE_X70Y119        FDRE (Prop_fdre_C_Q)         0.259    -2.194 r  student_top_inst/Core_cpu/cpu_core/id_ex_inst/rs1_addr_o_reg[4]/Q
                         net (fo=3, routed)           0.453    -1.742    student_top_inst/Core_cpu/cpu_core/id_ex_inst/rs1_addr_o_reg[4]_0[4]
    SLICE_X73Y118        LUT6 (Prop_lut6_I0_O)        0.043    -1.699 r  student_top_inst/Core_cpu/cpu_core/id_ex_inst/rs1_match_ex_mem_inst_i_6/O
                         net (fo=1, routed)           0.101    -1.598    student_top_inst/Core_cpu/cpu_core/id_ex_inst/rs1_match_ex_mem_inst_i_6_n_0
    SLICE_X73Y118        LUT5 (Prop_lut5_I0_O)        0.043    -1.555 r  student_top_inst/Core_cpu/cpu_core/id_ex_inst/rs1_match_ex_mem_inst_i_4/O
                         net (fo=57, routed)          0.465    -1.090    student_top_inst/Core_cpu/cpu_core/id_ex_inst/forwarding_inst/in020_out
    SLICE_X71Y118        LUT6 (Prop_lut6_I5_O)        0.043    -1.047 r  student_top_inst/Core_cpu/cpu_core/id_ex_inst/rs1_match_ex_mem_inst_rep__43_i_1/O
                         net (fo=4, routed)           0.433    -0.614    student_top_inst/Core_cpu/cpu_core/id_ex_inst/rs1_match_ex_mem_inst_rep__43_i_1_n_0
    SLICE_X72Y114        LUT3 (Prop_lut3_I1_O)        0.043    -0.571 r  student_top_inst/Core_cpu/cpu_core/id_ex_inst/data_o[2]_i_17/O
                         net (fo=4, routed)           0.449    -0.122    student_top_inst/Core_cpu/cpu_core/id_ex_inst/data_o_reg[1]
    SLICE_X77Y115        LUT2 (Prop_lut2_I0_O)        0.043    -0.079 r  student_top_inst/Core_cpu/cpu_core/id_ex_inst/data_o[0]_i_58/O
                         net (fo=1, routed)           0.000    -0.079    student_top_inst/Core_cpu/cpu_core/id_ex_inst/data_o[0]_i_58_n_0
    SLICE_X77Y115        CARRY4 (Prop_carry4_S[1]_CO[3])
                                                      0.267     0.188 r  student_top_inst/Core_cpu/cpu_core/id_ex_inst/data_o_reg[0]_i_24/CO[3]
                         net (fo=1, routed)           0.000     0.188    student_top_inst/Core_cpu/cpu_core/id_ex_inst/data_o_reg[0]_i_24_n_0
    SLICE_X77Y116        CARRY4 (Prop_carry4_CI_CO[3])
                                                      0.053     0.241 r  student_top_inst/Core_cpu/cpu_core/id_ex_inst/data_o_reg[7]_i_15/CO[3]
                         net (fo=1, routed)           0.000     0.241    student_top_inst/Core_cpu/cpu_core/id_ex_inst/data_o_reg[7]_i_15_n_0
    SLICE_X77Y117        CARRY4 (Prop_carry4_CI_CO[3])
                                                      0.053     0.294 r  student_top_inst/Core_cpu/cpu_core/id_ex_inst/data_o_reg[11]_i_15/CO[3]
                         net (fo=1, routed)           0.000     0.294    student_top_inst/Core_cpu/cpu_core/id_ex_inst/data_o_reg[11]_i_15_n_0
    SLICE_X77Y118        CARRY4 (Prop_carry4_CI_CO[3])
                                                      0.053     0.347 r  student_top_inst/Core_cpu/cpu_core/id_ex_inst/data_o_reg[15]_i_15/CO[3]
                         net (fo=1, routed)           0.000     0.347    student_top_inst/Core_cpu/cpu_core/id_ex_inst/data_o_reg[15]_i_15_n_0
    SLICE_X77Y119        CARRY4 (Prop_carry4_CI_CO[3])
                                                      0.053     0.400 r  student_top_inst/Core_cpu/cpu_core/id_ex_inst/data_o_reg[19]_i_15/CO[3]
                         net (fo=1, routed)           0.000     0.400    student_top_inst/Core_cpu/cpu_core/id_ex_inst/data_o_reg[19]_i_15_n_0
    SLICE_X77Y120        CARRY4 (Prop_carry4_CI_O[2])
                                                      0.111     0.511 r  student_top_inst/Core_cpu/cpu_core/id_ex_inst/data_o_reg[23]_i_15/O[2]
                         net (fo=1, routed)           0.486     0.997    student_top_inst/Core_cpu/cpu_core/id_ex_inst/ex_inst/data1[22]
    SLICE_X79Y125        LUT6 (Prop_lut6_I1_O)        0.122     1.119 r  student_top_inst/Core_cpu/cpu_core/id_ex_inst/data_o[22]_i_7/O
                         net (fo=1, routed)           0.367     1.486    student_top_inst/Core_cpu/cpu_core/id_ex_inst/data_o[22]_i_7_n_0
    SLICE_X80Y127        LUT6 (Prop_lut6_I5_O)        0.043     1.529 f  student_top_inst/Core_cpu/cpu_core/id_ex_inst/data_o[22]_i_3/O
                         net (fo=1, routed)           0.105     1.633    student_top_inst/Core_cpu/cpu_core/id_ex_inst/data_o[22]_i_3_n_0
    SLICE_X80Y127        LUT6 (Prop_lut6_I1_O)        0.043     1.676 r  student_top_inst/Core_cpu/cpu_core/id_ex_inst/data_o[22]_i_2__0/O
                         net (fo=1, routed)           0.182     1.858    student_top_inst/Core_cpu/cpu_core/ex_inst/rv32m_iter_inst/data_o_reg[22]
    SLICE_X83Y127        LUT4 (Prop_lut4_I1_O)        0.043     1.901 r  student_top_inst/Core_cpu/cpu_core/ex_inst/rv32m_iter_inst/data_o[22]_i_1__2/O
                         net (fo=1, routed)           0.000     1.901    student_top_inst/Core_cpu/cpu_core/ex_mem_inst/dff_rd_data/data_o_reg[22]_1
    SLICE_X83Y127        FDRE                                         r  student_top_inst/Core_cpu/cpu_core/ex_mem_inst/dff_rd_data/data_o_reg[22]/D
  -------------------------------------------------------------------    -------------------

                         (clock clk_out2_pll rise edge)
                                                      4.444     4.444 r  
    AD12                                              0.000     4.444 r  i_sys_clk_p (IN)
                         net (fo=0)                   0.000     4.444    pll_inst/inst/clk_in1_p
    AD12                 IBUFDS (Prop_ibufds_I_O)     0.803     5.248 r  pll_inst/inst/clkin1_ibufgds/O
                         net (fo=1, routed)           1.001     6.249    pll_inst/inst/clk_in1_pll
    PLLE2_ADV_X1Y1       PLLE2_ADV (Prop_plle2_adv_CLKIN1_CLKOUT1)
                                                     -7.261    -1.012 r  pll_inst/inst/plle2_adv_inst/CLKOUT1
                         net (fo=1, routed)           2.003     0.991    pll_inst/inst/clk_out2_pll
    BUFGCTRL_X0Y0        BUFG (Prop_bufg_I_O)         0.083     1.074 r  pll_inst/inst/clkout2_buf/O
                         net (fo=2865, routed)        1.255     2.329    student_top_inst/Core_cpu/cpu_core/ex_mem_inst/dff_rd_data/clk_out2
    SLICE_X83Y127        FDRE                                         r  student_top_inst/Core_cpu/cpu_core/ex_mem_inst/dff_rd_data/data_o_reg[22]/C
                         clock pessimism             -0.448     1.881    
                         clock uncertainty           -0.068     1.813    
    SLICE_X83Y127        FDRE (Setup_fdre_C_D)        0.034     1.847    student_top_inst/Core_cpu/cpu_core/ex_mem_inst/dff_rd_data/data_o_reg[22]
  -------------------------------------------------------------------
                         required time                          1.847    
                         arrival time                          -1.901    
  -------------------------------------------------------------------
                         slack                                 -0.054    

Slack (VIOLATED) :        -0.054ns  (required time - arrival time)
  Source:                 student_top_inst/Core_cpu/cpu_core/id_ex_inst/rs1_addr_o_reg[4]/C
                            (rising edge-triggered cell FDRE clocked by clk_out2_pll  {rise@0.000ns fall@2.222ns period=4.444ns})
  Destination:            student_top_inst/Core_cpu/cpu_core/ex_mem_inst/dff_rd_data/data_o_reg[22]/D
                            (rising edge-triggered cell FDRE clocked by clk_out2_pll  {rise@0.000ns fall@2.222ns period=4.444ns})
  Path Group:             clk_out2_pll
  Path Type:              Setup (Max at Slow Process Corner)
  Requirement:            4.444ns  (clk_out2_pll rise@4.444ns - clk_out2_pll rise@0.000ns)
  Data Path Delay:        4.354ns  (logic 1.315ns (30.199%)  route 3.039ns (69.801%))
  Logic Levels:           15  (CARRY4=6 LUT2=1 LUT3=1 LUT4=1 LUT5=1 LUT6=5)
  Clock Path Skew:        -0.110ns (DCD - SCD + CPR)
    Destination Clock Delay (DCD):    -2.116ns = ( 2.329 - 4.444 ) 
    Source Clock Delay      (SCD):    -2.453ns
    Clock Pessimism Removal (CPR):    -0.448ns
  Clock Uncertainty:      0.068ns  ((TSJ^2 + DJ^2)^1/2) / 2 + PE
    Total System Jitter     (TSJ):    0.071ns
    Discrete Jitter          (DJ):    0.117ns
    Phase Error              (PE):    0.000ns

    Location             Delay type                Incr(ns)  Path(ns)    Netlist Resource(s)
  -------------------------------------------------------------------    -------------------
                         (clock clk_out2_pll rise edge)
                                                      0.000     0.000 r  
    AD12                                              0.000     0.000 r  i_sys_clk_p (IN)
                         net (fo=0)                   0.000     0.000    pll_inst/inst/clk_in1_p
    AD12                 IBUFDS (Prop_ibufds_I_O)     0.906     0.906 r  pll_inst/inst/clkin1_ibufgds/O
                         net (fo=1, routed)           1.098     2.004    pll_inst/inst/clk_in1_pll
    PLLE2_ADV_X1Y1       PLLE2_ADV (Prop_plle2_adv_CLKIN1_CLKOUT1)
                                                     -8.058    -6.054 r  pll_inst/inst/plle2_adv_inst/CLKOUT1
                         net (fo=1, routed)           2.128    -3.926    pll_inst/inst/clk_out2_pll
    BUFGCTRL_X0Y0        BUFG (Prop_bufg_I_O)         0.093    -3.833 r  pll_inst/inst/clkout2_buf/O
                         net (fo=2865, routed)        1.380    -2.453    student_top_inst/Core_cpu/cpu_core/id_ex_inst/clk_out2
    SLICE_X70Y119        FDRE                                         r  student_top_inst/Core_cpu/cpu_core/id_ex_inst/rs1_addr_o_reg[4]/C
  -------------------------------------------------------------------    -------------------
    SLICE_X70Y119        FDRE (Prop_fdre_C_Q)         0.259    -2.194 r  student_top_inst/Core_cpu/cpu_core/id_ex_inst/rs1_addr_o_reg[4]/Q
                         net (fo=3, routed)           0.453    -1.742    student_top_inst/Core_cpu/cpu_core/id_ex_inst/rs1_addr_o_reg[4]_0[4]
    SLICE_X73Y118        LUT6 (Prop_lut6_I0_O)        0.043    -1.699 f  student_top_inst/Core_cpu/cpu_core/id_ex_inst/rs1_match_ex_mem_inst_i_6/O
                         net (fo=1, routed)           0.101    -1.598    student_top_inst/Core_cpu/cpu_core/id_ex_inst/rs1_match_ex_mem_inst_i_6_n_0
    SLICE_X73Y118        LUT5 (Prop_lut5_I0_O)        0.043    -1.555 f  student_top_inst/Core_cpu/cpu_core/id_ex_inst/rs1_match_ex_mem_inst_i_4/O
                         net (fo=57, routed)          0.465    -1.090    student_top_inst/Core_cpu/cpu_core/id_ex_inst/forwarding_inst/in020_out
    SLICE_X71Y118        LUT6 (Prop_lut6_I5_O)        0.043    -1.047 f  student_top_inst/Core_cpu/cpu_core/id_ex_inst/rs1_match_ex_mem_inst_rep__43_i_1/O
                         net (fo=4, routed)           0.433    -0.614    student_top_inst/Core_cpu/cpu_core/id_ex_inst/rs1_match_ex_mem_inst_rep__43_i_1_n_0
    SLICE_X72Y114        LUT3 (Prop_lut3_I1_O)        0.043    -0.571 r  student_top_inst/Core_cpu/cpu_core/id_ex_inst/data_o[2]_i_17/O
                         net (fo=4, routed)           0.449    -0.122    student_top_inst/Core_cpu/cpu_core/id_ex_inst/data_o_reg[1]
    SLICE_X77Y115        LUT2 (Prop_lut2_I0_O)        0.043    -0.079 r  student_top_inst/Core_cpu/cpu_core/id_ex_inst/data_o[0]_i_58/O
                         net (fo=1, routed)           0.000    -0.079    student_top_inst/Core_cpu/cpu_core/id_ex_inst/data_o[0]_i_58_n_0
    SLICE_X77Y115        CARRY4 (Prop_carry4_S[1]_CO[3])
                                                      0.267     0.188 r  student_top_inst/Core_cpu/cpu_core/id_ex_inst/data_o_reg[0]_i_24/CO[3]
                         net (fo=1, routed)           0.000     0.188    student_top_inst/Core_cpu/cpu_core/id_ex_inst/data_o_reg[0]_i_24_n_0
    SLICE_X77Y116        CARRY4 (Prop_carry4_CI_CO[3])
                                                      0.053     0.241 r  student_top_inst/Core_cpu/cpu_core/id_ex_inst/data_o_reg[7]_i_15/CO[3]
                         net (fo=1, routed)           0.000     0.241    student_top_inst/Core_cpu/cpu_core/id_ex_inst/data_o_reg[7]_i_15_n_0
    SLICE_X77Y117        CARRY4 (Prop_carry4_CI_CO[3])
                                                      0.053     0.294 r  student_top_inst/Core_cpu/cpu_core/id_ex_inst/data_o_reg[11]_i_15/CO[3]
                         net (fo=1, routed)           0.000     0.294    student_top_inst/Core_cpu/cpu_core/id_ex_inst/data_o_reg[11]_i_15_n_0
    SLICE_X77Y118        CARRY4 (Prop_carry4_CI_CO[3])
                                                      0.053     0.347 r  student_top_inst/Core_cpu/cpu_core/id_ex_inst/data_o_reg[15]_i_15/CO[3]
                         net (fo=1, routed)           0.000     0.347    student_top_inst/Core_cpu/cpu_core/id_ex_inst/data_o_reg[15]_i_15_n_0
    SLICE_X77Y119        CARRY4 (Prop_carry4_CI_CO[3])
                                                      0.053     0.400 r  student_top_inst/Core_cpu/cpu_core/id_ex_inst/data_o_reg[19]_i_15/CO[3]
                         net (fo=1, routed)           0.000     0.400    student_top_inst/Core_cpu/cpu_core/id_ex_inst/data_o_reg[19]_i_15_n_0
    SLICE_X77Y120        CARRY4 (Prop_carry4_CI_O[2])
                                                      0.111     0.511 r  student_top_inst/Core_cpu/cpu_core/id_ex_inst/data_o_reg[23]_i_15/O[2]
                         net (fo=1, routed)           0.486     0.997    student_top_inst/Core_cpu/cpu_core/id_ex_inst/ex_inst/data1[22]
    SLICE_X79Y125        LUT6 (Prop_lut6_I1_O)        0.122     1.119 r  student_top_inst/Core_cpu/cpu_core/id_ex_inst/data_o[22]_i_7/O
                         net (fo=1, routed)           0.367     1.486    student_top_inst/Core_cpu/cpu_core/id_ex_inst/data_o[22]_i_7_n_0
    SLICE_X80Y127        LUT6 (Prop_lut6_I5_O)        0.043     1.529 f  student_top_inst/Core_cpu/cpu_core/id_ex_inst/data_o[22]_i_3/O
                         net (fo=1, routed)           0.105     1.633    student_top_inst/Core_cpu/cpu_core/id_ex_inst/data_o[22]_i_3_n_0
    SLICE_X80Y127        LUT6 (Prop_lut6_I1_O)        0.043     1.676 r  student_top_inst/Core_cpu/cpu_core/id_ex_inst/data_o[22]_i_2__0/O
                         net (fo=1, routed)           0.182     1.858    student_top_inst/Core_cpu/cpu_core/ex_inst/rv32m_iter_inst/data_o_reg[22]
    SLICE_X83Y127        LUT4 (Prop_lut4_I1_O)        0.043     1.901 r  student_top_inst/Core_cpu/cpu_core/ex_inst/rv32m_iter_inst/data_o[22]_i_1__2/O
                         net (fo=1, routed)           0.000     1.901    student_top_inst/Core_cpu/cpu_core/ex_mem_inst/dff_rd_data/data_o_reg[22]_1
    SLICE_X83Y127        FDRE                                         r  student_top_inst/Core_cpu/cpu_core/ex_mem_inst/dff_rd_data/data_o_reg[22]/D
  -------------------------------------------------------------------    -------------------

                         (clock clk_out2_pll rise edge)
                                                      4.444     4.444 r  
    AD12                                              0.000     4.444 r  i_sys_clk_p (IN)
                         net (fo=0)                   0.000     4.444    pll_inst/inst/clk_in1_p
    AD12                 IBUFDS (Prop_ibufds_I_O)     0.803     5.248 r  pll_inst/inst/clkin1_ibufgds/O
                         net (fo=1, routed)           1.001     6.249    pll_inst/inst/clk_in1_pll
    PLLE2_ADV_X1Y1       PLLE2_ADV (Prop_plle2_adv_CLKIN1_CLKOUT1)
                                                     -7.261    -1.012 r  pll_inst/inst/plle2_adv_inst/CLKOUT1
                         net (fo=1, routed)           2.003     0.991    pll_inst/inst/clk_out2_pll
    BUFGCTRL_X0Y0        BUFG (Prop_bufg_I_O)         0.083     1.074 r  pll_inst/inst/clkout2_buf/O
                         net (fo=2865, routed)        1.255     2.329    student_top_inst/Core_cpu/cpu_core/ex_mem_inst/dff_rd_data/clk_out2
    SLICE_X83Y127        FDRE                                         r  student_top_inst/Core_cpu/cpu_core/ex_mem_inst/dff_rd_data/data_o_reg[22]/C
                         clock pessimism             -0.448     1.881    
                         clock uncertainty           -0.068     1.813    
    SLICE_X83Y127        FDRE (Setup_fdre_C_D)        0.034     1.847    student_top_inst/Core_cpu/cpu_core/ex_mem_inst/dff_rd_data/data_o_reg[22]
  -------------------------------------------------------------------
                         required time                          1.847    
                         arrival time                          -1.901    
  -------------------------------------------------------------------
                         slack                                 -0.054    

Slack (VIOLATED) :        -0.054ns  (required time - arrival time)
  Source:                 student_top_inst/Core_cpu/cpu_core/id_ex_inst/rs1_addr_o_reg[4]/C
                            (rising edge-triggered cell FDRE clocked by clk_out2_pll  {rise@0.000ns fall@2.222ns period=4.444ns})
  Destination:            student_top_inst/Core_cpu/cpu_core/ex_mem_inst/dff_rd_data/data_o_reg[22]/D
                            (rising edge-triggered cell FDRE clocked by clk_out2_pll  {rise@0.000ns fall@2.222ns period=4.444ns})
  Path Group:             clk_out2_pll
  Path Type:              Setup (Max at Slow Process Corner)
  Requirement:            4.444ns  (clk_out2_pll rise@4.444ns - clk_out2_pll rise@0.000ns)
  Data Path Delay:        4.354ns  (logic 1.315ns (30.199%)  route 3.039ns (69.801%))
  Logic Levels:           15  (CARRY4=6 LUT2=1 LUT3=1 LUT4=1 LUT5=1 LUT6=5)
  Clock Path Skew:        -0.110ns (DCD - SCD + CPR)
    Destination Clock Delay (DCD):    -2.116ns = ( 2.329 - 4.444 ) 
    Source Clock Delay      (SCD):    -2.453ns
    Clock Pessimism Removal (CPR):    -0.448ns
  Clock Uncertainty:      0.068ns  ((TSJ^2 + DJ^2)^1/2) / 2 + PE
    Total System Jitter     (TSJ):    0.071ns
    Discrete Jitter          (DJ):    0.117ns
    Phase Error              (PE):    0.000ns

    Location             Delay type                Incr(ns)  Path(ns)    Netlist Resource(s)
  -------------------------------------------------------------------    -------------------
                         (clock clk_out2_pll rise edge)
                                                      0.000     0.000 r  
    AD12                                              0.000     0.000 r  i_sys_clk_p (IN)
                         net (fo=0)                   0.000     0.000    pll_inst/inst/clk_in1_p
    AD12                 IBUFDS (Prop_ibufds_I_O)     0.906     0.906 r  pll_inst/inst/clkin1_ibufgds/O
                         net (fo=1, routed)           1.098     2.004    pll_inst/inst/clk_in1_pll
    PLLE2_ADV_X1Y1       PLLE2_ADV (Prop_plle2_adv_CLKIN1_CLKOUT1)
                                                     -8.058    -6.054 r  pll_inst/inst/plle2_adv_inst/CLKOUT1
                         net (fo=1, routed)           2.128    -3.926    pll_inst/inst/clk_out2_pll
    BUFGCTRL_X0Y0        BUFG (Prop_bufg_I_O)         0.093    -3.833 r  pll_inst/inst/clkout2_buf/O
                         net (fo=2865, routed)        1.380    -2.453    student_top_inst/Core_cpu/cpu_core/id_ex_inst/clk_out2
    SLICE_X70Y119        FDRE                                         r  student_top_inst/Core_cpu/cpu_core/id_ex_inst/rs1_addr_o_reg[4]/C
  -------------------------------------------------------------------    -------------------
    SLICE_X70Y119        FDRE (Prop_fdre_C_Q)         0.259    -2.194 r  student_top_inst/Core_cpu/cpu_core/id_ex_inst/rs1_addr_o_reg[4]/Q
                         net (fo=3, routed)           0.453    -1.742    student_top_inst/Core_cpu/cpu_core/id_ex_inst/rs1_addr_o_reg[4]_0[4]
    SLICE_X73Y118        LUT6 (Prop_lut6_I0_O)        0.043    -1.699 r  student_top_inst/Core_cpu/cpu_core/id_ex_inst/rs1_match_ex_mem_inst_i_6/O
                         net (fo=1, routed)           0.101    -1.598    student_top_inst/Core_cpu/cpu_core/id_ex_inst/rs1_match_ex_mem_inst_i_6_n_0
    SLICE_X73Y118        LUT5 (Prop_lut5_I0_O)        0.043    -1.555 r  student_top_inst/Core_cpu/cpu_core/id_ex_inst/rs1_match_ex_mem_inst_i_4/O
                         net (fo=57, routed)          0.465    -1.090    student_top_inst/Core_cpu/cpu_core/id_ex_inst/forwarding_inst/in020_out
    SLICE_X71Y118        LUT6 (Prop_lut6_I5_O)        0.043    -1.047 r  student_top_inst/Core_cpu/cpu_core/id_ex_inst/rs1_match_ex_mem_inst_rep__43_i_1/O
                         net (fo=4, routed)           0.433    -0.614    student_top_inst/Core_cpu/cpu_core/id_ex_inst/rs1_match_ex_mem_inst_rep__43_i_1_n_0
    SLICE_X72Y114        LUT3 (Prop_lut3_I1_O)        0.043    -0.571 f  student_top_inst/Core_cpu/cpu_core/id_ex_inst/data_o[2]_i_17/O
                         net (fo=4, routed)           0.449    -0.122    student_top_inst/Core_cpu/cpu_core/id_ex_inst/data_o_reg[1]
    SLICE_X77Y115        LUT2 (Prop_lut2_I0_O)        0.043    -0.079 r  student_top_inst/Core_cpu/cpu_core/id_ex_inst/data_o[0]_i_58/O
                         net (fo=1, routed)           0.000    -0.079    student_top_inst/Core_cpu/cpu_core/id_ex_inst/data_o[0]_i_58_n_0
    SLICE_X77Y115        CARRY4 (Prop_carry4_S[1]_CO[3])
                                                      0.267     0.188 r  student_top_inst/Core_cpu/cpu_core/id_ex_inst/data_o_reg[0]_i_24/CO[3]
                         net (fo=1, routed)           0.000     0.188    student_top_inst/Core_cpu/cpu_core/id_ex_inst/data_o_reg[0]_i_24_n_0
    SLICE_X77Y116        CARRY4 (Prop_carry4_CI_CO[3])
                                                      0.053     0.241 r  student_top_inst/Core_cpu/cpu_core/id_ex_inst/data_o_reg[7]_i_15/CO[3]
                         net (fo=1, routed)           0.000     0.241    student_top_inst/Core_cpu/cpu_core/id_ex_inst/data_o_reg[7]_i_15_n_0
    SLICE_X77Y117        CARRY4 (Prop_carry4_CI_CO[3])
                                                      0.053     0.294 r  student_top_inst/Core_cpu/cpu_core/id_ex_inst/data_o_reg[11]_i_15/CO[3]
                         net (fo=1, routed)           0.000     0.294    student_top_inst/Core_cpu/cpu_core/id_ex_inst/data_o_reg[11]_i_15_n_0
    SLICE_X77Y118        CARRY4 (Prop_carry4_CI_CO[3])
                                                      0.053     0.347 r  student_top_inst/Core_cpu/cpu_core/id_ex_inst/data_o_reg[15]_i_15/CO[3]
                         net (fo=1, routed)           0.000     0.347    student_top_inst/Core_cpu/cpu_core/id_ex_inst/data_o_reg[15]_i_15_n_0
    SLICE_X77Y119        CARRY4 (Prop_carry4_CI_CO[3])
                                                      0.053     0.400 r  student_top_inst/Core_cpu/cpu_core/id_ex_inst/data_o_reg[19]_i_15/CO[3]
                         net (fo=1, routed)           0.000     0.400    student_top_inst/Core_cpu/cpu_core/id_ex_inst/data_o_reg[19]_i_15_n_0
    SLICE_X77Y120        CARRY4 (Prop_carry4_CI_O[2])
                                                      0.111     0.511 r  student_top_inst/Core_cpu/cpu_core/id_ex_inst/data_o_reg[23]_i_15/O[2]
                         net (fo=1, routed)           0.486     0.997    student_top_inst/Core_cpu/cpu_core/id_ex_inst/ex_inst/data1[22]
    SLICE_X79Y125        LUT6 (Prop_lut6_I1_O)        0.122     1.119 r  student_top_inst/Core_cpu/cpu_core/id_ex_inst/data_o[22]_i_7/O
                         net (fo=1, routed)           0.367     1.486    student_top_inst/Core_cpu/cpu_core/id_ex_inst/data_o[22]_i_7_n_0
    SLICE_X80Y127        LUT6 (Prop_lut6_I5_O)        0.043     1.529 f  student_top_inst/Core_cpu/cpu_core/id_ex_inst/data_o[22]_i_3/O
                         net (fo=1, routed)           0.105     1.633    student_top_inst/Core_cpu/cpu_core/id_ex_inst/data_o[22]_i_3_n_0
    SLICE_X80Y127        LUT6 (Prop_lut6_I1_O)        0.043     1.676 r  student_top_inst/Core_cpu/cpu_core/id_ex_inst/data_o[22]_i_2__0/O
                         net (fo=1, routed)           0.182     1.858    student_top_inst/Core_cpu/cpu_core/ex_inst/rv32m_iter_inst/data_o_reg[22]
    SLICE_X83Y127        LUT4 (Prop_lut4_I1_O)        0.043     1.901 r  student_top_inst/Core_cpu/cpu_core/ex_inst/rv32m_iter_inst/data_o[22]_i_1__2/O
                         net (fo=1, routed)           0.000     1.901    student_top_inst/Core_cpu/cpu_core/ex_mem_inst/dff_rd_data/data_o_reg[22]_1
    SLICE_X83Y127        FDRE                                         r  student_top_inst/Core_cpu/cpu_core/ex_mem_inst/dff_rd_data/data_o_reg[22]/D
  -------------------------------------------------------------------    -------------------

                         (clock clk_out2_pll rise edge)
                                                      4.444     4.444 r  
    AD12                                              0.000     4.444 r  i_sys_clk_p (IN)
                         net (fo=0)                   0.000     4.444    pll_inst/inst/clk_in1_p
    AD12                 IBUFDS (Prop_ibufds_I_O)     0.803     5.248 r  pll_inst/inst/clkin1_ibufgds/O
                         net (fo=1, routed)           1.001     6.249    pll_inst/inst/clk_in1_pll
    PLLE2_ADV_X1Y1       PLLE2_ADV (Prop_plle2_adv_CLKIN1_CLKOUT1)
                                                     -7.261    -1.012 r  pll_inst/inst/plle2_adv_inst/CLKOUT1
                         net (fo=1, routed)           2.003     0.991    pll_inst/inst/clk_out2_pll
    BUFGCTRL_X0Y0        BUFG (Prop_bufg_I_O)         0.083     1.074 r  pll_inst/inst/clkout2_buf/O
                         net (fo=2865, routed)        1.255     2.329    student_top_inst/Core_cpu/cpu_core/ex_mem_inst/dff_rd_data/clk_out2
    SLICE_X83Y127        FDRE                                         r  student_top_inst/Core_cpu/cpu_core/ex_mem_inst/dff_rd_data/data_o_reg[22]/C
                         clock pessimism             -0.448     1.881    
                         clock uncertainty           -0.068     1.813    
    SLICE_X83Y127        FDRE (Setup_fdre_C_D)        0.034     1.847    student_top_inst/Core_cpu/cpu_core/ex_mem_inst/dff_rd_data/data_o_reg[22]
  -------------------------------------------------------------------
                         required time                          1.847    
                         arrival time                          -1.901    
  -------------------------------------------------------------------
                         slack                                 -0.054    

Slack (VIOLATED) :        -0.054ns  (required time - arrival time)
  Source:                 student_top_inst/Core_cpu/cpu_core/id_ex_inst/rs1_addr_o_reg[4]/C
                            (rising edge-triggered cell FDRE clocked by clk_out2_pll  {rise@0.000ns fall@2.222ns period=4.444ns})
  Destination:            student_top_inst/Core_cpu/cpu_core/ex_mem_inst/dff_rd_data/data_o_reg[22]/D
                            (rising edge-triggered cell FDRE clocked by clk_out2_pll  {rise@0.000ns fall@2.222ns period=4.444ns})
  Path Group:             clk_out2_pll
  Path Type:              Setup (Max at Slow Process Corner)
  Requirement:            4.444ns  (clk_out2_pll rise@4.444ns - clk_out2_pll rise@0.000ns)
  Data Path Delay:        4.354ns  (logic 1.315ns (30.199%)  route 3.039ns (69.801%))
  Logic Levels:           15  (CARRY4=6 LUT2=1 LUT3=1 LUT4=1 LUT5=1 LUT6=5)
  Clock Path Skew:        -0.110ns (DCD - SCD + CPR)
    Destination Clock Delay (DCD):    -2.116ns = ( 2.329 - 4.444 ) 
    Source Clock Delay      (SCD):    -2.453ns
    Clock Pessimism Removal (CPR):    -0.448ns
  Clock Uncertainty:      0.068ns  ((TSJ^2 + DJ^2)^1/2) / 2 + PE
    Total System Jitter     (TSJ):    0.071ns
    Discrete Jitter          (DJ):    0.117ns
    Phase Error              (PE):    0.000ns

    Location             Delay type                Incr(ns)  Path(ns)    Netlist Resource(s)
  -------------------------------------------------------------------    -------------------
                         (clock clk_out2_pll rise edge)
                                                      0.000     0.000 r  
    AD12                                              0.000     0.000 r  i_sys_clk_p (IN)
                         net (fo=0)                   0.000     0.000    pll_inst/inst/clk_in1_p
    AD12                 IBUFDS (Prop_ibufds_I_O)     0.906     0.906 r  pll_inst/inst/clkin1_ibufgds/O
                         net (fo=1, routed)           1.098     2.004    pll_inst/inst/clk_in1_pll
    PLLE2_ADV_X1Y1       PLLE2_ADV (Prop_plle2_adv_CLKIN1_CLKOUT1)
                                                     -8.058    -6.054 r  pll_inst/inst/plle2_adv_inst/CLKOUT1
                         net (fo=1, routed)           2.128    -3.926    pll_inst/inst/clk_out2_pll
    BUFGCTRL_X0Y0        BUFG (Prop_bufg_I_O)         0.093    -3.833 r  pll_inst/inst/clkout2_buf/O
                         net (fo=2865, routed)        1.380    -2.453    student_top_inst/Core_cpu/cpu_core/id_ex_inst/clk_out2
    SLICE_X70Y119        FDRE                                         r  student_top_inst/Core_cpu/cpu_core/id_ex_inst/rs1_addr_o_reg[4]/C
  -------------------------------------------------------------------    -------------------
    SLICE_X70Y119        FDRE (Prop_fdre_C_Q)         0.259    -2.194 r  student_top_inst/Core_cpu/cpu_core/id_ex_inst/rs1_addr_o_reg[4]/Q
                         net (fo=3, routed)           0.453    -1.742    student_top_inst/Core_cpu/cpu_core/id_ex_inst/rs1_addr_o_reg[4]_0[4]
    SLICE_X73Y118        LUT6 (Prop_lut6_I0_O)        0.043    -1.699 f  student_top_inst/Core_cpu/cpu_core/id_ex_inst/rs1_match_ex_mem_inst_i_6/O
                         net (fo=1, routed)           0.101    -1.598    student_top_inst/Core_cpu/cpu_core/id_ex_inst/rs1_match_ex_mem_inst_i_6_n_0
    SLICE_X73Y118        LUT5 (Prop_lut5_I0_O)        0.043    -1.555 f  student_top_inst/Core_cpu/cpu_core/id_ex_inst/rs1_match_ex_mem_inst_i_4/O
                         net (fo=57, routed)          0.465    -1.090    student_top_inst/Core_cpu/cpu_core/id_ex_inst/forwarding_inst/in020_out
    SLICE_X71Y118        LUT6 (Prop_lut6_I5_O)        0.043    -1.047 f  student_top_inst/Core_cpu/cpu_core/id_ex_inst/rs1_match_ex_mem_inst_rep__43_i_1/O
                         net (fo=4, routed)           0.433    -0.614    student_top_inst/Core_cpu/cpu_core/id_ex_inst/rs1_match_ex_mem_inst_rep__43_i_1_n_0
    SLICE_X72Y114        LUT3 (Prop_lut3_I1_O)        0.043    -0.571 f  student_top_inst/Core_cpu/cpu_core/id_ex_inst/data_o[2]_i_17/O
                         net (fo=4, routed)           0.449    -0.122    student_top_inst/Core_cpu/cpu_core/id_ex_inst/data_o_reg[1]
    SLICE_X77Y115        LUT2 (Prop_lut2_I0_O)        0.043    -0.079 r  student_top_inst/Core_cpu/cpu_core/id_ex_inst/data_o[0]_i_58/O
                         net (fo=1, routed)           0.000    -0.079    student_top_inst/Core_cpu/cpu_core/id_ex_inst/data_o[0]_i_58_n_0
    SLICE_X77Y115        CARRY4 (Prop_carry4_S[1]_CO[3])
                                                      0.267     0.188 r  student_top_inst/Core_cpu/cpu_core/id_ex_inst/data_o_reg[0]_i_24/CO[3]
                         net (fo=1, routed)           0.000     0.188    student_top_inst/Core_cpu/cpu_core/id_ex_inst/data_o_reg[0]_i_24_n_0
    SLICE_X77Y116        CARRY4 (Prop_carry4_CI_CO[3])
                                                      0.053     0.241 r  student_top_inst/Core_cpu/cpu_core/id_ex_inst/data_o_reg[7]_i_15/CO[3]
                         net (fo=1, routed)           0.000     0.241    student_top_inst/Core_cpu/cpu_core/id_ex_inst/data_o_reg[7]_i_15_n_0
    SLICE_X77Y117        CARRY4 (Prop_carry4_CI_CO[3])
                                                      0.053     0.294 r  student_top_inst/Core_cpu/cpu_core/id_ex_inst/data_o_reg[11]_i_15/CO[3]
                         net (fo=1, routed)           0.000     0.294    student_top_inst/Core_cpu/cpu_core/id_ex_inst/data_o_reg[11]_i_15_n_0
    SLICE_X77Y118        CARRY4 (Prop_carry4_CI_CO[3])
                                                      0.053     0.347 r  student_top_inst/Core_cpu/cpu_core/id_ex_inst/data_o_reg[15]_i_15/CO[3]
                         net (fo=1, routed)           0.000     0.347    student_top_inst/Core_cpu/cpu_core/id_ex_inst/data_o_reg[15]_i_15_n_0
    SLICE_X77Y119        CARRY4 (Prop_carry4_CI_CO[3])
                                                      0.053     0.400 r  student_top_inst/Core_cpu/cpu_core/id_ex_inst/data_o_reg[19]_i_15/CO[3]
                         net (fo=1, routed)           0.000     0.400    student_top_inst/Core_cpu/cpu_core/id_ex_inst/data_o_reg[19]_i_15_n_0
    SLICE_X77Y120        CARRY4 (Prop_carry4_CI_O[2])
                                                      0.111     0.511 r  student_top_inst/Core_cpu/cpu_core/id_ex_inst/data_o_reg[23]_i_15/O[2]
                         net (fo=1, routed)           0.486     0.997    student_top_inst/Core_cpu/cpu_core/id_ex_inst/ex_inst/data1[22]
    SLICE_X79Y125        LUT6 (Prop_lut6_I1_O)        0.122     1.119 r  student_top_inst/Core_cpu/cpu_core/id_ex_inst/data_o[22]_i_7/O
                         net (fo=1, routed)           0.367     1.486    student_top_inst/Core_cpu/cpu_core/id_ex_inst/data_o[22]_i_7_n_0
    SLICE_X80Y127        LUT6 (Prop_lut6_I5_O)        0.043     1.529 f  student_top_inst/Core_cpu/cpu_core/id_ex_inst/data_o[22]_i_3/O
                         net (fo=1, routed)           0.105     1.633    student_top_inst/Core_cpu/cpu_core/id_ex_inst/data_o[22]_i_3_n_0
    SLICE_X80Y127        LUT6 (Prop_lut6_I1_O)        0.043     1.676 r  student_top_inst/Core_cpu/cpu_core/id_ex_inst/data_o[22]_i_2__0/O
                         net (fo=1, routed)           0.182     1.858    student_top_inst/Core_cpu/cpu_core/ex_inst/rv32m_iter_inst/data_o_reg[22]
    SLICE_X83Y127        LUT4 (Prop_lut4_I1_O)        0.043     1.901 r  student_top_inst/Core_cpu/cpu_core/ex_inst/rv32m_iter_inst/data_o[22]_i_1__2/O
                         net (fo=1, routed)           0.000     1.901    student_top_inst/Core_cpu/cpu_core/ex_mem_inst/dff_rd_data/data_o_reg[22]_1
    SLICE_X83Y127        FDRE                                         r  student_top_inst/Core_cpu/cpu_core/ex_mem_inst/dff_rd_data/data_o_reg[22]/D
  -------------------------------------------------------------------    -------------------

                         (clock clk_out2_pll rise edge)
                                                      4.444     4.444 r  
    AD12                                              0.000     4.444 r  i_sys_clk_p (IN)
                         net (fo=0)                   0.000     4.444    pll_inst/inst/clk_in1_p
    AD12                 IBUFDS (Prop_ibufds_I_O)     0.803     5.248 r  pll_inst/inst/clkin1_ibufgds/O
                         net (fo=1, routed)           1.001     6.249    pll_inst/inst/clk_in1_pll
    PLLE2_ADV_X1Y1       PLLE2_ADV (Prop_plle2_adv_CLKIN1_CLKOUT1)
                                                     -7.261    -1.012 r  pll_inst/inst/plle2_adv_inst/CLKOUT1
                         net (fo=1, routed)           2.003     0.991    pll_inst/inst/clk_out2_pll
    BUFGCTRL_X0Y0        BUFG (Prop_bufg_I_O)         0.083     1.074 r  pll_inst/inst/clkout2_buf/O
                         net (fo=2865, routed)        1.255     2.329    student_top_inst/Core_cpu/cpu_core/ex_mem_inst/dff_rd_data/clk_out2
    SLICE_X83Y127        FDRE                                         r  student_top_inst/Core_cpu/cpu_core/ex_mem_inst/dff_rd_data/data_o_reg[22]/C
                         clock pessimism             -0.448     1.881    
                         clock uncertainty           -0.068     1.813    
    SLICE_X83Y127        FDRE (Setup_fdre_C_D)        0.034     1.847    student_top_inst/Core_cpu/cpu_core/ex_mem_inst/dff_rd_data/data_o_reg[22]
  -------------------------------------------------------------------
                         required time                          1.847    
                         arrival time                          -1.901    
  -------------------------------------------------------------------
                         slack                                 -0.054    

Slack (VIOLATED) :        -0.054ns  (required time - arrival time)
  Source:                 student_top_inst/Core_cpu/cpu_core/id_ex_inst/rs1_addr_o_reg[4]/C
                            (rising edge-triggered cell FDRE clocked by clk_out2_pll  {rise@0.000ns fall@2.222ns period=4.444ns})
  Destination:            student_top_inst/Core_cpu/cpu_core/ex_mem_inst/dff_rd_data/data_o_reg[22]/D
                            (rising edge-triggered cell FDRE clocked by clk_out2_pll  {rise@0.000ns fall@2.222ns period=4.444ns})
  Path Group:             clk_out2_pll
  Path Type:              Setup (Max at Slow Process Corner)
  Requirement:            4.444ns  (clk_out2_pll rise@4.444ns - clk_out2_pll rise@0.000ns)
  Data Path Delay:        4.354ns  (logic 1.315ns (30.199%)  route 3.039ns (69.801%))
  Logic Levels:           15  (CARRY4=6 LUT2=1 LUT3=1 LUT4=1 LUT5=1 LUT6=5)
  Clock Path Skew:        -0.110ns (DCD - SCD + CPR)
    Destination Clock Delay (DCD):    -2.116ns = ( 2.329 - 4.444 ) 
    Source Clock Delay      (SCD):    -2.453ns
    Clock Pessimism Removal (CPR):    -0.448ns
  Clock Uncertainty:      0.068ns  ((TSJ^2 + DJ^2)^1/2) / 2 + PE
    Total System Jitter     (TSJ):    0.071ns
    Discrete Jitter          (DJ):    0.117ns
    Phase Error              (PE):    0.000ns

    Location             Delay type                Incr(ns)  Path(ns)    Netlist Resource(s)
  -------------------------------------------------------------------    -------------------
                         (clock clk_out2_pll rise edge)
                                                      0.000     0.000 r  
    AD12                                              0.000     0.000 r  i_sys_clk_p (IN)
                         net (fo=0)                   0.000     0.000    pll_inst/inst/clk_in1_p
    AD12                 IBUFDS (Prop_ibufds_I_O)     0.906     0.906 r  pll_inst/inst/clkin1_ibufgds/O
                         net (fo=1, routed)           1.098     2.004    pll_inst/inst/clk_in1_pll
    PLLE2_ADV_X1Y1       PLLE2_ADV (Prop_plle2_adv_CLKIN1_CLKOUT1)
                                                     -8.058    -6.054 r  pll_inst/inst/plle2_adv_inst/CLKOUT1
                         net (fo=1, routed)           2.128    -3.926    pll_inst/inst/clk_out2_pll
    BUFGCTRL_X0Y0        BUFG (Prop_bufg_I_O)         0.093    -3.833 r  pll_inst/inst/clkout2_buf/O
                         net (fo=2865, routed)        1.380    -2.453    student_top_inst/Core_cpu/cpu_core/id_ex_inst/clk_out2
    SLICE_X70Y119        FDRE                                         r  student_top_inst/Core_cpu/cpu_core/id_ex_inst/rs1_addr_o_reg[4]/C
  -------------------------------------------------------------------    -------------------
    SLICE_X70Y119        FDRE (Prop_fdre_C_Q)         0.259    -2.194 r  student_top_inst/Core_cpu/cpu_core/id_ex_inst/rs1_addr_o_reg[4]/Q
                         net (fo=3, routed)           0.453    -1.742    student_top_inst/Core_cpu/cpu_core/id_ex_inst/rs1_addr_o_reg[4]_0[4]
    SLICE_X73Y118        LUT6 (Prop_lut6_I0_O)        0.043    -1.699 r  student_top_inst/Core_cpu/cpu_core/id_ex_inst/rs1_match_ex_mem_inst_i_6/O
                         net (fo=1, routed)           0.101    -1.598    student_top_inst/Core_cpu/cpu_core/id_ex_inst/rs1_match_ex_mem_inst_i_6_n_0
    SLICE_X73Y118        LUT5 (Prop_lut5_I0_O)        0.043    -1.555 r  student_top_inst/Core_cpu/cpu_core/id_ex_inst/rs1_match_ex_mem_inst_i_4/O
                         net (fo=57, routed)          0.465    -1.090    student_top_inst/Core_cpu/cpu_core/id_ex_inst/forwarding_inst/in020_out
    SLICE_X71Y118        LUT6 (Prop_lut6_I5_O)        0.043    -1.047 r  student_top_inst/Core_cpu/cpu_core/id_ex_inst/rs1_match_ex_mem_inst_rep__43_i_1/O
                         net (fo=4, routed)           0.433    -0.614    student_top_inst/Core_cpu/cpu_core/id_ex_inst/rs1_match_ex_mem_inst_rep__43_i_1_n_0
    SLICE_X72Y114        LUT3 (Prop_lut3_I1_O)        0.043    -0.571 r  student_top_inst/Core_cpu/cpu_core/id_ex_inst/data_o[2]_i_17/O
                         net (fo=4, routed)           0.449    -0.122    student_top_inst/Core_cpu/cpu_core/id_ex_inst/data_o_reg[1]
    SLICE_X77Y115        LUT2 (Prop_lut2_I0_O)        0.043    -0.079 f  student_top_inst/Core_cpu/cpu_core/id_ex_inst/data_o[0]_i_58/O
                         net (fo=1, routed)           0.000    -0.079    student_top_inst/Core_cpu/cpu_core/id_ex_inst/data_o[0]_i_58_n_0
    SLICE_X77Y115        CARRY4 (Prop_carry4_S[1]_CO[3])
                                                      0.267     0.188 r  student_top_inst/Core_cpu/cpu_core/id_ex_inst/data_o_reg[0]_i_24/CO[3]
                         net (fo=1, routed)           0.000     0.188    student_top_inst/Core_cpu/cpu_core/id_ex_inst/data_o_reg[0]_i_24_n_0
    SLICE_X77Y116        CARRY4 (Prop_carry4_CI_CO[3])
                                                      0.053     0.241 r  student_top_inst/Core_cpu/cpu_core/id_ex_inst/data_o_reg[7]_i_15/CO[3]
                         net (fo=1, routed)           0.000     0.241    student_top_inst/Core_cpu/cpu_core/id_ex_inst/data_o_reg[7]_i_15_n_0
    SLICE_X77Y117        CARRY4 (Prop_carry4_CI_CO[3])
                                                      0.053     0.294 r  student_top_inst/Core_cpu/cpu_core/id_ex_inst/data_o_reg[11]_i_15/CO[3]
                         net (fo=1, routed)           0.000     0.294    student_top_inst/Core_cpu/cpu_core/id_ex_inst/data_o_reg[11]_i_15_n_0
    SLICE_X77Y118        CARRY4 (Prop_carry4_CI_CO[3])
                                                      0.053     0.347 r  student_top_inst/Core_cpu/cpu_core/id_ex_inst/data_o_reg[15]_i_15/CO[3]
                         net (fo=1, routed)           0.000     0.347    student_top_inst/Core_cpu/cpu_core/id_ex_inst/data_o_reg[15]_i_15_n_0
    SLICE_X77Y119        CARRY4 (Prop_carry4_CI_CO[3])
                                                      0.053     0.400 r  student_top_inst/Core_cpu/cpu_core/id_ex_inst/data_o_reg[19]_i_15/CO[3]
                         net (fo=1, routed)           0.000     0.400    student_top_inst/Core_cpu/cpu_core/id_ex_inst/data_o_reg[19]_i_15_n_0
    SLICE_X77Y120        CARRY4 (Prop_carry4_CI_O[2])
                                                      0.111     0.511 r  student_top_inst/Core_cpu/cpu_core/id_ex_inst/data_o_reg[23]_i_15/O[2]
                         net (fo=1, routed)           0.486     0.997    student_top_inst/Core_cpu/cpu_core/id_ex_inst/ex_inst/data1[22]
    SLICE_X79Y125        LUT6 (Prop_lut6_I1_O)        0.122     1.119 r  student_top_inst/Core_cpu/cpu_core/id_ex_inst/data_o[22]_i_7/O
                         net (fo=1, routed)           0.367     1.486    student_top_inst/Core_cpu/cpu_core/id_ex_inst/data_o[22]_i_7_n_0
    SLICE_X80Y127        LUT6 (Prop_lut6_I5_O)        0.043     1.529 f  student_top_inst/Core_cpu/cpu_core/id_ex_inst/data_o[22]_i_3/O
                         net (fo=1, routed)           0.105     1.633    student_top_inst/Core_cpu/cpu_core/id_ex_inst/data_o[22]_i_3_n_0
    SLICE_X80Y127        LUT6 (Prop_lut6_I1_O)        0.043     1.676 r  student_top_inst/Core_cpu/cpu_core/id_ex_inst/data_o[22]_i_2__0/O
                         net (fo=1, routed)           0.182     1.858    student_top_inst/Core_cpu/cpu_core/ex_inst/rv32m_iter_inst/data_o_reg[22]
    SLICE_X83Y127        LUT4 (Prop_lut4_I1_O)        0.043     1.901 r  student_top_inst/Core_cpu/cpu_core/ex_inst/rv32m_iter_inst/data_o[22]_i_1__2/O
                         net (fo=1, routed)           0.000     1.901    student_top_inst/Core_cpu/cpu_core/ex_mem_inst/dff_rd_data/data_o_reg[22]_1
    SLICE_X83Y127        FDRE                                         r  student_top_inst/Core_cpu/cpu_core/ex_mem_inst/dff_rd_data/data_o_reg[22]/D
  -------------------------------------------------------------------    -------------------

                         (clock clk_out2_pll rise edge)
                                                      4.444     4.444 r  
    AD12                                              0.000     4.444 r  i_sys_clk_p (IN)
                         net (fo=0)                   0.000     4.444    pll_inst/inst/clk_in1_p
    AD12                 IBUFDS (Prop_ibufds_I_O)     0.803     5.248 r  pll_inst/inst/clkin1_ibufgds/O
                         net (fo=1, routed)           1.001     6.249    pll_inst/inst/clk_in1_pll
    PLLE2_ADV_X1Y1       PLLE2_ADV (Prop_plle2_adv_CLKIN1_CLKOUT1)
                                                     -7.261    -1.012 r  pll_inst/inst/plle2_adv_inst/CLKOUT1
                         net (fo=1, routed)           2.003     0.991    pll_inst/inst/clk_out2_pll
    BUFGCTRL_X0Y0        BUFG (Prop_bufg_I_O)         0.083     1.074 r  pll_inst/inst/clkout2_buf/O
                         net (fo=2865, routed)        1.255     2.329    student_top_inst/Core_cpu/cpu_core/ex_mem_inst/dff_rd_data/clk_out2
    SLICE_X83Y127        FDRE                                         r  student_top_inst/Core_cpu/cpu_core/ex_mem_inst/dff_rd_data/data_o_reg[22]/C
                         clock pessimism             -0.448     1.881    
                         clock uncertainty           -0.068     1.813    
    SLICE_X83Y127        FDRE (Setup_fdre_C_D)        0.034     1.847    student_top_inst/Core_cpu/cpu_core/ex_mem_inst/dff_rd_data/data_o_reg[22]
  -------------------------------------------------------------------
                         required time                          1.847    
                         arrival time                          -1.901    
  -------------------------------------------------------------------
                         slack                                 -0.054    

Slack (VIOLATED) :        -0.043ns  (required time - arrival time)
  Source:                 student_top_inst/Core_cpu/cpu_core/id_ex_inst/rs2_addr_o_reg[2]_rep__6/C
                            (rising edge-triggered cell FDRE clocked by clk_out2_pll  {rise@0.000ns fall@2.222ns period=4.444ns})
  Destination:            student_top_inst/Core_cpu/cpu_core/ex_mem_inst/dff_rd_data/data_o_reg[1]/D
                            (rising edge-triggered cell FDRE clocked by clk_out2_pll  {rise@0.000ns fall@2.222ns period=4.444ns})
  Path Group:             clk_out2_pll
  Path Type:              Setup (Max at Slow Process Corner)
  Requirement:            4.444ns  (clk_out2_pll rise@4.444ns - clk_out2_pll rise@0.000ns)
  Data Path Delay:        4.439ns  (logic 0.610ns (13.741%)  route 3.829ns (86.259%))
  Logic Levels:           9  (LUT3=1 LUT4=1 LUT5=1 LUT6=6)
  Clock Path Skew:        -0.045ns (DCD - SCD + CPR)
    Destination Clock Delay (DCD):    -2.120ns = ( 2.325 - 4.444 ) 
    Source Clock Delay      (SCD):    -2.449ns
    Clock Pessimism Removal (CPR):    -0.375ns
  Clock Uncertainty:      0.068ns  ((TSJ^2 + DJ^2)^1/2) / 2 + PE
    Total System Jitter     (TSJ):    0.071ns
    Discrete Jitter          (DJ):    0.117ns
    Phase Error              (PE):    0.000ns

    Location             Delay type                Incr(ns)  Path(ns)    Netlist Resource(s)
  -------------------------------------------------------------------    -------------------
                         (clock clk_out2_pll rise edge)
                                                      0.000     0.000 r  
    AD12                                              0.000     0.000 r  i_sys_clk_p (IN)
                         net (fo=0)                   0.000     0.000    pll_inst/inst/clk_in1_p
    AD12                 IBUFDS (Prop_ibufds_I_O)     0.906     0.906 r  pll_inst/inst/clkin1_ibufgds/O
                         net (fo=1, routed)           1.098     2.004    pll_inst/inst/clk_in1_pll
    PLLE2_ADV_X1Y1       PLLE2_ADV (Prop_plle2_adv_CLKIN1_CLKOUT1)
                                                     -8.058    -6.054 r  pll_inst/inst/plle2_adv_inst/CLKOUT1
                         net (fo=1, routed)           2.128    -3.926    pll_inst/inst/clk_out2_pll
    BUFGCTRL_X0Y0        BUFG (Prop_bufg_I_O)         0.093    -3.833 r  pll_inst/inst/clkout2_buf/O
                         net (fo=2865, routed)        1.384    -2.449    student_top_inst/Core_cpu/cpu_core/id_ex_inst/clk_out2
    SLICE_X77Y114        FDRE                                         r  student_top_inst/Core_cpu/cpu_core/id_ex_inst/rs2_addr_o_reg[2]_rep__6/C
  -------------------------------------------------------------------    -------------------
    SLICE_X77Y114        FDRE (Prop_fdre_C_Q)         0.223    -2.226 r  student_top_inst/Core_cpu/cpu_core/id_ex_inst/rs2_addr_o_reg[2]_rep__6/Q
                         net (fo=3, routed)           0.552    -1.674    student_top_inst/Core_cpu/cpu_core/id_ex_inst/rs2_addr_o_reg[2]_rep__6_0
    SLICE_X75Y114        LUT6 (Prop_lut6_I2_O)        0.043    -1.631 f  student_top_inst/Core_cpu/cpu_core/id_ex_inst/rs2_alu_match_ex_mem_inst_i_3/O
                         net (fo=64, routed)          0.905    -0.726    student_top_inst/Core_cpu/cpu_core/ex_mem_inst/dff_rd_addr/rs2_alu_match_ex_mem_inst_0
    SLICE_X78Y122        LUT6 (Prop_lut6_I5_O)        0.043    -0.683 r  student_top_inst/Core_cpu/cpu_core/ex_mem_inst/dff_rd_addr/rs2_alu_match_ex_mem_inst_rep__13_i_1/O
                         net (fo=4, routed)           0.495    -0.189    student_top_inst/Core_cpu/cpu_core/ex_mem_inst/dff_rd_data/data_o[15]_i_26
    SLICE_X81Y115        LUT3 (Prop_lut3_I1_O)        0.043    -0.146 f  student_top_inst/Core_cpu/cpu_core/ex_mem_inst/dff_rd_data/data_o[12]_i_20/O
                         net (fo=4, routed)           0.481     0.336    student_top_inst/Core_cpu/cpu_core/ex_mem_inst/dff_rd_data/data_o_reg[3]_0
    SLICE_X79Y116        LUT5 (Prop_lut5_I1_O)        0.043     0.379 r  student_top_inst/Core_cpu/cpu_core/ex_mem_inst/dff_rd_data/data_o[1]_i_16/O
                         net (fo=1, routed)           0.476     0.854    student_top_inst/Core_cpu/cpu_core/id_ex_inst/sra_mask[1]
    SLICE_X68Y117        LUT6 (Prop_lut6_I4_O)        0.043     0.897 f  student_top_inst/Core_cpu/cpu_core/id_ex_inst/data_o[1]_i_10/O
                         net (fo=1, routed)           0.232     1.129    student_top_inst/Core_cpu/cpu_core/id_ex_inst/data_o[1]_i_10_n_0
    SLICE_X69Y117        LUT6 (Prop_lut6_I0_O)        0.043     1.172 f  student_top_inst/Core_cpu/cpu_core/id_ex_inst/data_o[1]_i_6/O
                         net (fo=1, routed)           0.099     1.271    student_top_inst/Core_cpu/cpu_core/id_ex_inst/data_o[1]_i_6_n_0
    SLICE_X69Y117        LUT6 (Prop_lut6_I0_O)        0.043     1.314 f  student_top_inst/Core_cpu/cpu_core/id_ex_inst/data_o[1]_i_4/O
                         net (fo=1, routed)           0.232     1.546    student_top_inst/Core_cpu/cpu_core/id_ex_inst/data_o[1]_i_4_n_0
    SLICE_X69Y117        LUT6 (Prop_lut6_I1_O)        0.043     1.589 r  student_top_inst/Core_cpu/cpu_core/id_ex_inst/data_o[1]_i_3/O
                         net (fo=1, routed)           0.358     1.947    student_top_inst/Core_cpu/cpu_core/ex_inst/rv32m_iter_inst/data_o_reg[1]
    SLICE_X70Y117        LUT4 (Prop_lut4_I1_O)        0.043     1.990 r  student_top_inst/Core_cpu/cpu_core/ex_inst/rv32m_iter_inst/data_o[1]_i_1__4/O
                         net (fo=1, routed)           0.000     1.990    student_top_inst/Core_cpu/cpu_core/ex_mem_inst/dff_rd_data/data_o_reg[1]_18
    SLICE_X70Y117        FDRE                                         r  student_top_inst/Core_cpu/cpu_core/ex_mem_inst/dff_rd_data/data_o_reg[1]/D
  -------------------------------------------------------------------    -------------------

                         (clock clk_out2_pll rise edge)
                                                      4.444     4.444 r  
    AD12                                              0.000     4.444 r  i_sys_clk_p (IN)
                         net (fo=0)                   0.000     4.444    pll_inst/inst/clk_in1_p
    AD12                 IBUFDS (Prop_ibufds_I_O)     0.803     5.248 r  pll_inst/inst/clkin1_ibufgds/O
                         net (fo=1, routed)           1.001     6.249    pll_inst/inst/clk_in1_pll
    PLLE2_ADV_X1Y1       PLLE2_ADV (Prop_plle2_adv_CLKIN1_CLKOUT1)
                                                     -7.261    -1.012 r  pll_inst/inst/plle2_adv_inst/CLKOUT1
                         net (fo=1, routed)           2.003     0.991    pll_inst/inst/clk_out2_pll
    BUFGCTRL_X0Y0        BUFG (Prop_bufg_I_O)         0.083     1.074 r  pll_inst/inst/clkout2_buf/O
                         net (fo=2865, routed)        1.251     2.325    student_top_inst/Core_cpu/cpu_core/ex_mem_inst/dff_rd_data/clk_out2
    SLICE_X70Y117        FDRE                                         r  student_top_inst/Core_cpu/cpu_core/ex_mem_inst/dff_rd_data/data_o_reg[1]/C
                         clock pessimism             -0.375     1.950    
                         clock uncertainty           -0.068     1.882    
    SLICE_X70Y117        FDRE (Setup_fdre_C_D)        0.065     1.947    student_top_inst/Core_cpu/cpu_core/ex_mem_inst/dff_rd_data/data_o_reg[1]
  -------------------------------------------------------------------
                         required time                          1.947    
                         arrival time                          -1.990    
  -------------------------------------------------------------------
                         slack                                 -0.043    

Slack (VIOLATED) :        -0.043ns  (required time - arrival time)
  Source:                 student_top_inst/Core_cpu/cpu_core/id_ex_inst/rs2_addr_o_reg[2]_rep__6/C
                            (rising edge-triggered cell FDRE clocked by clk_out2_pll  {rise@0.000ns fall@2.222ns period=4.444ns})
  Destination:            student_top_inst/Core_cpu/cpu_core/ex_mem_inst/dff_rd_data/data_o_reg[1]/D
                            (rising edge-triggered cell FDRE clocked by clk_out2_pll  {rise@0.000ns fall@2.222ns period=4.444ns})
  Path Group:             clk_out2_pll
  Path Type:              Setup (Max at Slow Process Corner)
  Requirement:            4.444ns  (clk_out2_pll rise@4.444ns - clk_out2_pll rise@0.000ns)
  Data Path Delay:        4.439ns  (logic 0.610ns (13.741%)  route 3.829ns (86.259%))
  Logic Levels:           9  (LUT3=1 LUT4=1 LUT5=1 LUT6=6)
  Clock Path Skew:        -0.045ns (DCD - SCD + CPR)
    Destination Clock Delay (DCD):    -2.120ns = ( 2.325 - 4.444 ) 
    Source Clock Delay      (SCD):    -2.449ns
    Clock Pessimism Removal (CPR):    -0.375ns
  Clock Uncertainty:      0.068ns  ((TSJ^2 + DJ^2)^1/2) / 2 + PE
    Total System Jitter     (TSJ):    0.071ns
    Discrete Jitter          (DJ):    0.117ns
    Phase Error              (PE):    0.000ns

    Location             Delay type                Incr(ns)  Path(ns)    Netlist Resource(s)
  -------------------------------------------------------------------    -------------------
                         (clock clk_out2_pll rise edge)
                                                      0.000     0.000 r  
    AD12                                              0.000     0.000 r  i_sys_clk_p (IN)
                         net (fo=0)                   0.000     0.000    pll_inst/inst/clk_in1_p
    AD12                 IBUFDS (Prop_ibufds_I_O)     0.906     0.906 r  pll_inst/inst/clkin1_ibufgds/O
                         net (fo=1, routed)           1.098     2.004    pll_inst/inst/clk_in1_pll
    PLLE2_ADV_X1Y1       PLLE2_ADV (Prop_plle2_adv_CLKIN1_CLKOUT1)
                                                     -8.058    -6.054 r  pll_inst/inst/plle2_adv_inst/CLKOUT1
                         net (fo=1, routed)           2.128    -3.926    pll_inst/inst/clk_out2_pll
    BUFGCTRL_X0Y0        BUFG (Prop_bufg_I_O)         0.093    -3.833 r  pll_inst/inst/clkout2_buf/O
                         net (fo=2865, routed)        1.384    -2.449    student_top_inst/Core_cpu/cpu_core/id_ex_inst/clk_out2
    SLICE_X77Y114        FDRE                                         r  student_top_inst/Core_cpu/cpu_core/id_ex_inst/rs2_addr_o_reg[2]_rep__6/C
  -------------------------------------------------------------------    -------------------
    SLICE_X77Y114        FDRE (Prop_fdre_C_Q)         0.223    -2.226 f  student_top_inst/Core_cpu/cpu_core/id_ex_inst/rs2_addr_o_reg[2]_rep__6/Q
                         net (fo=3, routed)           0.552    -1.674    student_top_inst/Core_cpu/cpu_core/id_ex_inst/rs2_addr_o_reg[2]_rep__6_0
    SLICE_X75Y114        LUT6 (Prop_lut6_I2_O)        0.043    -1.631 r  student_top_inst/Core_cpu/cpu_core/id_ex_inst/rs2_alu_match_ex_mem_inst_i_3/O
                         net (fo=64, routed)          0.905    -0.726    student_top_inst/Core_cpu/cpu_core/ex_mem_inst/dff_rd_addr/rs2_alu_match_ex_mem_inst_0
    SLICE_X78Y122        LUT6 (Prop_lut6_I5_O)        0.043    -0.683 f  student_top_inst/Core_cpu/cpu_core/ex_mem_inst/dff_rd_addr/rs2_alu_match_ex_mem_inst_rep__13_i_1/O
                         net (fo=4, routed)           0.495    -0.189    student_top_inst/Core_cpu/cpu_core/ex_mem_inst/dff_rd_data/data_o[15]_i_26
    SLICE_X81Y115        LUT3 (Prop_lut3_I1_O)        0.043    -0.146 f  student_top_inst/Core_cpu/cpu_core/ex_mem_inst/dff_rd_data/data_o[12]_i_20/O
                         net (fo=4, routed)           0.481     0.336    student_top_inst/Core_cpu/cpu_core/ex_mem_inst/dff_rd_data/data_o_reg[3]_0
    SLICE_X79Y116        LUT5 (Prop_lut5_I1_O)        0.043     0.379 r  student_top_inst/Core_cpu/cpu_core/ex_mem_inst/dff_rd_data/data_o[1]_i_16/O
                         net (fo=1, routed)           0.476     0.854    student_top_inst/Core_cpu/cpu_core/id_ex_inst/sra_mask[1]
    SLICE_X68Y117        LUT6 (Prop_lut6_I4_O)        0.043     0.897 f  student_top_inst/Core_cpu/cpu_core/id_ex_inst/data_o[1]_i_10/O
                         net (fo=1, routed)           0.232     1.129    student_top_inst/Core_cpu/cpu_core/id_ex_inst/data_o[1]_i_10_n_0
    SLICE_X69Y117        LUT6 (Prop_lut6_I0_O)        0.043     1.172 f  student_top_inst/Core_cpu/cpu_core/id_ex_inst/data_o[1]_i_6/O
                         net (fo=1, routed)           0.099     1.271    student_top_inst/Core_cpu/cpu_core/id_ex_inst/data_o[1]_i_6_n_0
    SLICE_X69Y117        LUT6 (Prop_lut6_I0_O)        0.043     1.314 f  student_top_inst/Core_cpu/cpu_core/id_ex_inst/data_o[1]_i_4/O
                         net (fo=1, routed)           0.232     1.546    student_top_inst/Core_cpu/cpu_core/id_ex_inst/data_o[1]_i_4_n_0
    SLICE_X69Y117        LUT6 (Prop_lut6_I1_O)        0.043     1.589 r  student_top_inst/Core_cpu/cpu_core/id_ex_inst/data_o[1]_i_3/O
                         net (fo=1, routed)           0.358     1.947    student_top_inst/Core_cpu/cpu_core/ex_inst/rv32m_iter_inst/data_o_reg[1]
    SLICE_X70Y117        LUT4 (Prop_lut4_I1_O)        0.043     1.990 r  student_top_inst/Core_cpu/cpu_core/ex_inst/rv32m_iter_inst/data_o[1]_i_1__4/O
                         net (fo=1, routed)           0.000     1.990    student_top_inst/Core_cpu/cpu_core/ex_mem_inst/dff_rd_data/data_o_reg[1]_18
    SLICE_X70Y117        FDRE                                         r  student_top_inst/Core_cpu/cpu_core/ex_mem_inst/dff_rd_data/data_o_reg[1]/D
  -------------------------------------------------------------------    -------------------

                         (clock clk_out2_pll rise edge)
                                                      4.444     4.444 r  
    AD12                                              0.000     4.444 r  i_sys_clk_p (IN)
                         net (fo=0)                   0.000     4.444    pll_inst/inst/clk_in1_p
    AD12                 IBUFDS (Prop_ibufds_I_O)     0.803     5.248 r  pll_inst/inst/clkin1_ibufgds/O
                         net (fo=1, routed)           1.001     6.249    pll_inst/inst/clk_in1_pll
    PLLE2_ADV_X1Y1       PLLE2_ADV (Prop_plle2_adv_CLKIN1_CLKOUT1)
                                                     -7.261    -1.012 r  pll_inst/inst/plle2_adv_inst/CLKOUT1
                         net (fo=1, routed)           2.003     0.991    pll_inst/inst/clk_out2_pll
    BUFGCTRL_X0Y0        BUFG (Prop_bufg_I_O)         0.083     1.074 r  pll_inst/inst/clkout2_buf/O
                         net (fo=2865, routed)        1.251     2.325    student_top_inst/Core_cpu/cpu_core/ex_mem_inst/dff_rd_data/clk_out2
    SLICE_X70Y117        FDRE                                         r  student_top_inst/Core_cpu/cpu_core/ex_mem_inst/dff_rd_data/data_o_reg[1]/C
                         clock pessimism             -0.375     1.950    
                         clock uncertainty           -0.068     1.882    
    SLICE_X70Y117        FDRE (Setup_fdre_C_D)        0.065     1.947    student_top_inst/Core_cpu/cpu_core/ex_mem_inst/dff_rd_data/data_o_reg[1]
  -------------------------------------------------------------------
                         required time                          1.947    
                         arrival time                          -1.990    
  -------------------------------------------------------------------
                         slack                                 -0.043    

Slack (VIOLATED) :        -0.043ns  (required time - arrival time)
  Source:                 student_top_inst/Core_cpu/cpu_core/id_ex_inst/rs2_addr_o_reg[2]_rep__6/C
                            (rising edge-triggered cell FDRE clocked by clk_out2_pll  {rise@0.000ns fall@2.222ns period=4.444ns})
  Destination:            student_top_inst/Core_cpu/cpu_core/ex_mem_inst/dff_rd_data/data_o_reg[1]/D
                            (rising edge-triggered cell FDRE clocked by clk_out2_pll  {rise@0.000ns fall@2.222ns period=4.444ns})
  Path Group:             clk_out2_pll
  Path Type:              Setup (Max at Slow Process Corner)
  Requirement:            4.444ns  (clk_out2_pll rise@4.444ns - clk_out2_pll rise@0.000ns)
  Data Path Delay:        4.439ns  (logic 0.610ns (13.741%)  route 3.829ns (86.259%))
  Logic Levels:           9  (LUT3=1 LUT4=1 LUT5=1 LUT6=6)
  Clock Path Skew:        -0.045ns (DCD - SCD + CPR)
    Destination Clock Delay (DCD):    -2.120ns = ( 2.325 - 4.444 ) 
    Source Clock Delay      (SCD):    -2.449ns
    Clock Pessimism Removal (CPR):    -0.375ns
  Clock Uncertainty:      0.068ns  ((TSJ^2 + DJ^2)^1/2) / 2 + PE
    Total System Jitter     (TSJ):    0.071ns
    Discrete Jitter          (DJ):    0.117ns
    Phase Error              (PE):    0.000ns

    Location             Delay type                Incr(ns)  Path(ns)    Netlist Resource(s)
  -------------------------------------------------------------------    -------------------
                         (clock clk_out2_pll rise edge)
                                                      0.000     0.000 r  
    AD12                                              0.000     0.000 r  i_sys_clk_p (IN)
                         net (fo=0)                   0.000     0.000    pll_inst/inst/clk_in1_p
    AD12                 IBUFDS (Prop_ibufds_I_O)     0.906     0.906 r  pll_inst/inst/clkin1_ibufgds/O
                         net (fo=1, routed)           1.098     2.004    pll_inst/inst/clk_in1_pll
    PLLE2_ADV_X1Y1       PLLE2_ADV (Prop_plle2_adv_CLKIN1_CLKOUT1)
                                                     -8.058    -6.054 r  pll_inst/inst/plle2_adv_inst/CLKOUT1
                         net (fo=1, routed)           2.128    -3.926    pll_inst/inst/clk_out2_pll
    BUFGCTRL_X0Y0        BUFG (Prop_bufg_I_O)         0.093    -3.833 r  pll_inst/inst/clkout2_buf/O
                         net (fo=2865, routed)        1.384    -2.449    student_top_inst/Core_cpu/cpu_core/id_ex_inst/clk_out2
    SLICE_X77Y114        FDRE                                         r  student_top_inst/Core_cpu/cpu_core/id_ex_inst/rs2_addr_o_reg[2]_rep__6/C
  -------------------------------------------------------------------    -------------------
    SLICE_X77Y114        FDRE (Prop_fdre_C_Q)         0.223    -2.226 r  student_top_inst/Core_cpu/cpu_core/id_ex_inst/rs2_addr_o_reg[2]_rep__6/Q
                         net (fo=3, routed)           0.552    -1.674    student_top_inst/Core_cpu/cpu_core/id_ex_inst/rs2_addr_o_reg[2]_rep__6_0
    SLICE_X75Y114        LUT6 (Prop_lut6_I2_O)        0.043    -1.631 f  student_top_inst/Core_cpu/cpu_core/id_ex_inst/rs2_alu_match_ex_mem_inst_i_3/O
                         net (fo=64, routed)          0.905    -0.726    student_top_inst/Core_cpu/cpu_core/ex_mem_inst/dff_rd_addr/rs2_alu_match_ex_mem_inst_0
    SLICE_X78Y122        LUT6 (Prop_lut6_I5_O)        0.043    -0.683 r  student_top_inst/Core_cpu/cpu_core/ex_mem_inst/dff_rd_addr/rs2_alu_match_ex_mem_inst_rep__13_i_1/O
                         net (fo=4, routed)           0.495    -0.189    student_top_inst/Core_cpu/cpu_core/ex_mem_inst/dff_rd_data/data_o[15]_i_26
    SLICE_X81Y115        LUT3 (Prop_lut3_I1_O)        0.043    -0.146 r  student_top_inst/Core_cpu/cpu_core/ex_mem_inst/dff_rd_data/data_o[12]_i_20/O
                         net (fo=4, routed)           0.481     0.336    student_top_inst/Core_cpu/cpu_core/ex_mem_inst/dff_rd_data/data_o_reg[3]_0
    SLICE_X79Y116        LUT5 (Prop_lut5_I1_O)        0.043     0.379 f  student_top_inst/Core_cpu/cpu_core/ex_mem_inst/dff_rd_data/data_o[1]_i_16/O
                         net (fo=1, routed)           0.476     0.854    student_top_inst/Core_cpu/cpu_core/id_ex_inst/sra_mask[1]
    SLICE_X68Y117        LUT6 (Prop_lut6_I4_O)        0.043     0.897 f  student_top_inst/Core_cpu/cpu_core/id_ex_inst/data_o[1]_i_10/O
                         net (fo=1, routed)           0.232     1.129    student_top_inst/Core_cpu/cpu_core/id_ex_inst/data_o[1]_i_10_n_0
    SLICE_X69Y117        LUT6 (Prop_lut6_I0_O)        0.043     1.172 f  student_top_inst/Core_cpu/cpu_core/id_ex_inst/data_o[1]_i_6/O
                         net (fo=1, routed)           0.099     1.271    student_top_inst/Core_cpu/cpu_core/id_ex_inst/data_o[1]_i_6_n_0
    SLICE_X69Y117        LUT6 (Prop_lut6_I0_O)        0.043     1.314 f  student_top_inst/Core_cpu/cpu_core/id_ex_inst/data_o[1]_i_4/O
                         net (fo=1, routed)           0.232     1.546    student_top_inst/Core_cpu/cpu_core/id_ex_inst/data_o[1]_i_4_n_0
    SLICE_X69Y117        LUT6 (Prop_lut6_I1_O)        0.043     1.589 r  student_top_inst/Core_cpu/cpu_core/id_ex_inst/data_o[1]_i_3/O
                         net (fo=1, routed)           0.358     1.947    student_top_inst/Core_cpu/cpu_core/ex_inst/rv32m_iter_inst/data_o_reg[1]
    SLICE_X70Y117        LUT4 (Prop_lut4_I1_O)        0.043     1.990 r  student_top_inst/Core_cpu/cpu_core/ex_inst/rv32m_iter_inst/data_o[1]_i_1__4/O
                         net (fo=1, routed)           0.000     1.990    student_top_inst/Core_cpu/cpu_core/ex_mem_inst/dff_rd_data/data_o_reg[1]_18
    SLICE_X70Y117        FDRE                                         r  student_top_inst/Core_cpu/cpu_core/ex_mem_inst/dff_rd_data/data_o_reg[1]/D
  -------------------------------------------------------------------    -------------------

                         (clock clk_out2_pll rise edge)
                                                      4.444     4.444 r  
    AD12                                              0.000     4.444 r  i_sys_clk_p (IN)
                         net (fo=0)                   0.000     4.444    pll_inst/inst/clk_in1_p
    AD12                 IBUFDS (Prop_ibufds_I_O)     0.803     5.248 r  pll_inst/inst/clkin1_ibufgds/O
                         net (fo=1, routed)           1.001     6.249    pll_inst/inst/clk_in1_pll
    PLLE2_ADV_X1Y1       PLLE2_ADV (Prop_plle2_adv_CLKIN1_CLKOUT1)
                                                     -7.261    -1.012 r  pll_inst/inst/plle2_adv_inst/CLKOUT1
                         net (fo=1, routed)           2.003     0.991    pll_inst/inst/clk_out2_pll
    BUFGCTRL_X0Y0        BUFG (Prop_bufg_I_O)         0.083     1.074 r  pll_inst/inst/clkout2_buf/O
                         net (fo=2865, routed)        1.251     2.325    student_top_inst/Core_cpu/cpu_core/ex_mem_inst/dff_rd_data/clk_out2
    SLICE_X70Y117        FDRE                                         r  student_top_inst/Core_cpu/cpu_core/ex_mem_inst/dff_rd_data/data_o_reg[1]/C
                         clock pessimism             -0.375     1.950    
                         clock uncertainty           -0.068     1.882    
    SLICE_X70Y117        FDRE (Setup_fdre_C_D)        0.065     1.947    student_top_inst/Core_cpu/cpu_core/ex_mem_inst/dff_rd_data/data_o_reg[1]
  -------------------------------------------------------------------
                         required time                          1.947    
                         arrival time                          -1.990    
  -------------------------------------------------------------------
                         slack                                 -0.043    

Slack (VIOLATED) :        -0.043ns  (required time - arrival time)
  Source:                 student_top_inst/Core_cpu/cpu_core/id_ex_inst/rs2_addr_o_reg[2]_rep__6/C
                            (rising edge-triggered cell FDRE clocked by clk_out2_pll  {rise@0.000ns fall@2.222ns period=4.444ns})
  Destination:            student_top_inst/Core_cpu/cpu_core/ex_mem_inst/dff_rd_data/data_o_reg[1]/D
                            (rising edge-triggered cell FDRE clocked by clk_out2_pll  {rise@0.000ns fall@2.222ns period=4.444ns})
  Path Group:             clk_out2_pll
  Path Type:              Setup (Max at Slow Process Corner)
  Requirement:            4.444ns  (clk_out2_pll rise@4.444ns - clk_out2_pll rise@0.000ns)
  Data Path Delay:        4.439ns  (logic 0.610ns (13.741%)  route 3.829ns (86.259%))
  Logic Levels:           9  (LUT3=1 LUT4=1 LUT5=1 LUT6=6)
  Clock Path Skew:        -0.045ns (DCD - SCD + CPR)
    Destination Clock Delay (DCD):    -2.120ns = ( 2.325 - 4.444 ) 
    Source Clock Delay      (SCD):    -2.449ns
    Clock Pessimism Removal (CPR):    -0.375ns
  Clock Uncertainty:      0.068ns  ((TSJ^2 + DJ^2)^1/2) / 2 + PE
    Total System Jitter     (TSJ):    0.071ns
    Discrete Jitter          (DJ):    0.117ns
    Phase Error              (PE):    0.000ns

    Location             Delay type                Incr(ns)  Path(ns)    Netlist Resource(s)
  -------------------------------------------------------------------    -------------------
                         (clock clk_out2_pll rise edge)
                                                      0.000     0.000 r  
    AD12                                              0.000     0.000 r  i_sys_clk_p (IN)
                         net (fo=0)                   0.000     0.000    pll_inst/inst/clk_in1_p
    AD12                 IBUFDS (Prop_ibufds_I_O)     0.906     0.906 r  pll_inst/inst/clkin1_ibufgds/O
                         net (fo=1, routed)           1.098     2.004    pll_inst/inst/clk_in1_pll
    PLLE2_ADV_X1Y1       PLLE2_ADV (Prop_plle2_adv_CLKIN1_CLKOUT1)
                                                     -8.058    -6.054 r  pll_inst/inst/plle2_adv_inst/CLKOUT1
                         net (fo=1, routed)           2.128    -3.926    pll_inst/inst/clk_out2_pll
    BUFGCTRL_X0Y0        BUFG (Prop_bufg_I_O)         0.093    -3.833 r  pll_inst/inst/clkout2_buf/O
                         net (fo=2865, routed)        1.384    -2.449    student_top_inst/Core_cpu/cpu_core/id_ex_inst/clk_out2
    SLICE_X77Y114        FDRE                                         r  student_top_inst/Core_cpu/cpu_core/id_ex_inst/rs2_addr_o_reg[2]_rep__6/C
  -------------------------------------------------------------------    -------------------
    SLICE_X77Y114        FDRE (Prop_fdre_C_Q)         0.223    -2.226 f  student_top_inst/Core_cpu/cpu_core/id_ex_inst/rs2_addr_o_reg[2]_rep__6/Q
                         net (fo=3, routed)           0.552    -1.674    student_top_inst/Core_cpu/cpu_core/id_ex_inst/rs2_addr_o_reg[2]_rep__6_0
    SLICE_X75Y114        LUT6 (Prop_lut6_I2_O)        0.043    -1.631 r  student_top_inst/Core_cpu/cpu_core/id_ex_inst/rs2_alu_match_ex_mem_inst_i_3/O
                         net (fo=64, routed)          0.905    -0.726    student_top_inst/Core_cpu/cpu_core/ex_mem_inst/dff_rd_addr/rs2_alu_match_ex_mem_inst_0
    SLICE_X78Y122        LUT6 (Prop_lut6_I5_O)        0.043    -0.683 f  student_top_inst/Core_cpu/cpu_core/ex_mem_inst/dff_rd_addr/rs2_alu_match_ex_mem_inst_rep__13_i_1/O
                         net (fo=4, routed)           0.495    -0.189    student_top_inst/Core_cpu/cpu_core/ex_mem_inst/dff_rd_data/data_o[15]_i_26
    SLICE_X81Y115        LUT3 (Prop_lut3_I1_O)        0.043    -0.146 r  student_top_inst/Core_cpu/cpu_core/ex_mem_inst/dff_rd_data/data_o[12]_i_20/O
                         net (fo=4, routed)           0.481     0.336    student_top_inst/Core_cpu/cpu_core/ex_mem_inst/dff_rd_data/data_o_reg[3]_0
    SLICE_X79Y116        LUT5 (Prop_lut5_I1_O)        0.043     0.379 f  student_top_inst/Core_cpu/cpu_core/ex_mem_inst/dff_rd_data/data_o[1]_i_16/O
                         net (fo=1, routed)           0.476     0.854    student_top_inst/Core_cpu/cpu_core/id_ex_inst/sra_mask[1]
    SLICE_X68Y117        LUT6 (Prop_lut6_I4_O)        0.043     0.897 f  student_top_inst/Core_cpu/cpu_core/id_ex_inst/data_o[1]_i_10/O
                         net (fo=1, routed)           0.232     1.129    student_top_inst/Core_cpu/cpu_core/id_ex_inst/data_o[1]_i_10_n_0
    SLICE_X69Y117        LUT6 (Prop_lut6_I0_O)        0.043     1.172 f  student_top_inst/Core_cpu/cpu_core/id_ex_inst/data_o[1]_i_6/O
                         net (fo=1, routed)           0.099     1.271    student_top_inst/Core_cpu/cpu_core/id_ex_inst/data_o[1]_i_6_n_0
    SLICE_X69Y117        LUT6 (Prop_lut6_I0_O)        0.043     1.314 f  student_top_inst/Core_cpu/cpu_core/id_ex_inst/data_o[1]_i_4/O
                         net (fo=1, routed)           0.232     1.546    student_top_inst/Core_cpu/cpu_core/id_ex_inst/data_o[1]_i_4_n_0
    SLICE_X69Y117        LUT6 (Prop_lut6_I1_O)        0.043     1.589 r  student_top_inst/Core_cpu/cpu_core/id_ex_inst/data_o[1]_i_3/O
                         net (fo=1, routed)           0.358     1.947    student_top_inst/Core_cpu/cpu_core/ex_inst/rv32m_iter_inst/data_o_reg[1]
    SLICE_X70Y117        LUT4 (Prop_lut4_I1_O)        0.043     1.990 r  student_top_inst/Core_cpu/cpu_core/ex_inst/rv32m_iter_inst/data_o[1]_i_1__4/O
                         net (fo=1, routed)           0.000     1.990    student_top_inst/Core_cpu/cpu_core/ex_mem_inst/dff_rd_data/data_o_reg[1]_18
    SLICE_X70Y117        FDRE                                         r  student_top_inst/Core_cpu/cpu_core/ex_mem_inst/dff_rd_data/data_o_reg[1]/D
  -------------------------------------------------------------------    -------------------

                         (clock clk_out2_pll rise edge)
                                                      4.444     4.444 r  
    AD12                                              0.000     4.444 r  i_sys_clk_p (IN)
                         net (fo=0)                   0.000     4.444    pll_inst/inst/clk_in1_p
    AD12                 IBUFDS (Prop_ibufds_I_O)     0.803     5.248 r  pll_inst/inst/clkin1_ibufgds/O
                         net (fo=1, routed)           1.001     6.249    pll_inst/inst/clk_in1_pll
    PLLE2_ADV_X1Y1       PLLE2_ADV (Prop_plle2_adv_CLKIN1_CLKOUT1)
                                                     -7.261    -1.012 r  pll_inst/inst/plle2_adv_inst/CLKOUT1
                         net (fo=1, routed)           2.003     0.991    pll_inst/inst/clk_out2_pll
    BUFGCTRL_X0Y0        BUFG (Prop_bufg_I_O)         0.083     1.074 r  pll_inst/inst/clkout2_buf/O
                         net (fo=2865, routed)        1.251     2.325    student_top_inst/Core_cpu/cpu_core/ex_mem_inst/dff_rd_data/clk_out2
    SLICE_X70Y117        FDRE                                         r  student_top_inst/Core_cpu/cpu_core/ex_mem_inst/dff_rd_data/data_o_reg[1]/C
                         clock pessimism             -0.375     1.950    
                         clock uncertainty           -0.068     1.882    
    SLICE_X70Y117        FDRE (Setup_fdre_C_D)        0.065     1.947    student_top_inst/Core_cpu/cpu_core/ex_mem_inst/dff_rd_data/data_o_reg[1]
  -------------------------------------------------------------------
                         required time                          1.947    
                         arrival time                          -1.990    
  -------------------------------------------------------------------
                         slack                                 -0.043    

Slack (VIOLATED) :        -0.043ns  (required time - arrival time)
  Source:                 student_top_inst/Core_cpu/cpu_core/id_ex_inst/rs2_addr_o_reg[2]_rep__6/C
                            (rising edge-triggered cell FDRE clocked by clk_out2_pll  {rise@0.000ns fall@2.222ns period=4.444ns})
  Destination:            student_top_inst/Core_cpu/cpu_core/ex_mem_inst/dff_rd_data/data_o_reg[1]/D
                            (rising edge-triggered cell FDRE clocked by clk_out2_pll  {rise@0.000ns fall@2.222ns period=4.444ns})
  Path Group:             clk_out2_pll
  Path Type:              Setup (Max at Slow Process Corner)
  Requirement:            4.444ns  (clk_out2_pll rise@4.444ns - clk_out2_pll rise@0.000ns)
  Data Path Delay:        4.439ns  (logic 0.610ns (13.741%)  route 3.829ns (86.259%))
  Logic Levels:           9  (LUT3=1 LUT4=1 LUT5=1 LUT6=6)
  Clock Path Skew:        -0.045ns (DCD - SCD + CPR)
    Destination Clock Delay (DCD):    -2.120ns = ( 2.325 - 4.444 ) 
    Source Clock Delay      (SCD):    -2.449ns
    Clock Pessimism Removal (CPR):    -0.375ns
  Clock Uncertainty:      0.068ns  ((TSJ^2 + DJ^2)^1/2) / 2 + PE
    Total System Jitter     (TSJ):    0.071ns
    Discrete Jitter          (DJ):    0.117ns
    Phase Error              (PE):    0.000ns

    Location             Delay type                Incr(ns)  Path(ns)    Netlist Resource(s)
  -------------------------------------------------------------------    -------------------
                         (clock clk_out2_pll rise edge)
                                                      0.000     0.000 r  
    AD12                                              0.000     0.000 r  i_sys_clk_p (IN)
                         net (fo=0)                   0.000     0.000    pll_inst/inst/clk_in1_p
    AD12                 IBUFDS (Prop_ibufds_I_O)     0.906     0.906 r  pll_inst/inst/clkin1_ibufgds/O
                         net (fo=1, routed)           1.098     2.004    pll_inst/inst/clk_in1_pll
    PLLE2_ADV_X1Y1       PLLE2_ADV (Prop_plle2_adv_CLKIN1_CLKOUT1)
                                                     -8.058    -6.054 r  pll_inst/inst/plle2_adv_inst/CLKOUT1
                         net (fo=1, routed)           2.128    -3.926    pll_inst/inst/clk_out2_pll
    BUFGCTRL_X0Y0        BUFG (Prop_bufg_I_O)         0.093    -3.833 r  pll_inst/inst/clkout2_buf/O
                         net (fo=2865, routed)        1.384    -2.449    student_top_inst/Core_cpu/cpu_core/id_ex_inst/clk_out2
    SLICE_X77Y114        FDRE                                         r  student_top_inst/Core_cpu/cpu_core/id_ex_inst/rs2_addr_o_reg[2]_rep__6/C
  -------------------------------------------------------------------    -------------------
    SLICE_X77Y114        FDRE (Prop_fdre_C_Q)         0.223    -2.226 r  student_top_inst/Core_cpu/cpu_core/id_ex_inst/rs2_addr_o_reg[2]_rep__6/Q
                         net (fo=3, routed)           0.552    -1.674    student_top_inst/Core_cpu/cpu_core/id_ex_inst/rs2_addr_o_reg[2]_rep__6_0
    SLICE_X75Y114        LUT6 (Prop_lut6_I2_O)        0.043    -1.631 f  student_top_inst/Core_cpu/cpu_core/id_ex_inst/rs2_alu_match_ex_mem_inst_i_3/O
                         net (fo=64, routed)          0.905    -0.726    student_top_inst/Core_cpu/cpu_core/ex_mem_inst/dff_rd_addr/rs2_alu_match_ex_mem_inst_0
    SLICE_X78Y122        LUT6 (Prop_lut6_I5_O)        0.043    -0.683 r  student_top_inst/Core_cpu/cpu_core/ex_mem_inst/dff_rd_addr/rs2_alu_match_ex_mem_inst_rep__13_i_1/O
                         net (fo=4, routed)           0.495    -0.189    student_top_inst/Core_cpu/cpu_core/ex_mem_inst/dff_rd_data/data_o[15]_i_26
    SLICE_X81Y115        LUT3 (Prop_lut3_I1_O)        0.043    -0.146 f  student_top_inst/Core_cpu/cpu_core/ex_mem_inst/dff_rd_data/data_o[12]_i_20/O
                         net (fo=4, routed)           0.481     0.336    student_top_inst/Core_cpu/cpu_core/ex_mem_inst/dff_rd_data/data_o_reg[3]_0
    SLICE_X79Y116        LUT5 (Prop_lut5_I1_O)        0.043     0.379 r  student_top_inst/Core_cpu/cpu_core/ex_mem_inst/dff_rd_data/data_o[1]_i_16/O
                         net (fo=1, routed)           0.476     0.854    student_top_inst/Core_cpu/cpu_core/id_ex_inst/sra_mask[1]
    SLICE_X68Y117        LUT6 (Prop_lut6_I4_O)        0.043     0.897 r  student_top_inst/Core_cpu/cpu_core/id_ex_inst/data_o[1]_i_10/O
                         net (fo=1, routed)           0.232     1.129    student_top_inst/Core_cpu/cpu_core/id_ex_inst/data_o[1]_i_10_n_0
    SLICE_X69Y117        LUT6 (Prop_lut6_I0_O)        0.043     1.172 r  student_top_inst/Core_cpu/cpu_core/id_ex_inst/data_o[1]_i_6/O
                         net (fo=1, routed)           0.099     1.271    student_top_inst/Core_cpu/cpu_core/id_ex_inst/data_o[1]_i_6_n_0
    SLICE_X69Y117        LUT6 (Prop_lut6_I0_O)        0.043     1.314 r  student_top_inst/Core_cpu/cpu_core/id_ex_inst/data_o[1]_i_4/O
                         net (fo=1, routed)           0.232     1.546    student_top_inst/Core_cpu/cpu_core/id_ex_inst/data_o[1]_i_4_n_0
    SLICE_X69Y117        LUT6 (Prop_lut6_I1_O)        0.043     1.589 f  student_top_inst/Core_cpu/cpu_core/id_ex_inst/data_o[1]_i_3/O
                         net (fo=1, routed)           0.358     1.947    student_top_inst/Core_cpu/cpu_core/ex_inst/rv32m_iter_inst/data_o_reg[1]
    SLICE_X70Y117        LUT4 (Prop_lut4_I1_O)        0.043     1.990 f  student_top_inst/Core_cpu/cpu_core/ex_inst/rv32m_iter_inst/data_o[1]_i_1__4/O
                         net (fo=1, routed)           0.000     1.990    student_top_inst/Core_cpu/cpu_core/ex_mem_inst/dff_rd_data/data_o_reg[1]_18
    SLICE_X70Y117        FDRE                                         f  student_top_inst/Core_cpu/cpu_core/ex_mem_inst/dff_rd_data/data_o_reg[1]/D
  -------------------------------------------------------------------    -------------------

                         (clock clk_out2_pll rise edge)
                                                      4.444     4.444 r  
    AD12                                              0.000     4.444 r  i_sys_clk_p (IN)
                         net (fo=0)                   0.000     4.444    pll_inst/inst/clk_in1_p
    AD12                 IBUFDS (Prop_ibufds_I_O)     0.803     5.248 r  pll_inst/inst/clkin1_ibufgds/O
                         net (fo=1, routed)           1.001     6.249    pll_inst/inst/clk_in1_pll
    PLLE2_ADV_X1Y1       PLLE2_ADV (Prop_plle2_adv_CLKIN1_CLKOUT1)
                                                     -7.261    -1.012 r  pll_inst/inst/plle2_adv_inst/CLKOUT1
                         net (fo=1, routed)           2.003     0.991    pll_inst/inst/clk_out2_pll
    BUFGCTRL_X0Y0        BUFG (Prop_bufg_I_O)         0.083     1.074 r  pll_inst/inst/clkout2_buf/O
                         net (fo=2865, routed)        1.251     2.325    student_top_inst/Core_cpu/cpu_core/ex_mem_inst/dff_rd_data/clk_out2
    SLICE_X70Y117        FDRE                                         r  student_top_inst/Core_cpu/cpu_core/ex_mem_inst/dff_rd_data/data_o_reg[1]/C
                         clock pessimism             -0.375     1.950    
                         clock uncertainty           -0.068     1.882    
    SLICE_X70Y117        FDRE (Setup_fdre_C_D)        0.065     1.947    student_top_inst/Core_cpu/cpu_core/ex_mem_inst/dff_rd_data/data_o_reg[1]
  -------------------------------------------------------------------
                         required time                          1.947    
                         arrival time                          -1.990    
  -------------------------------------------------------------------
                         slack                                 -0.043    

Slack (VIOLATED) :        -0.010ns  (required time - arrival time)
  Source:                 student_top_inst/Core_cpu/cpu_core/id_ex_inst/rs1_addr_o_reg[4]/C
                            (rising edge-triggered cell FDRE clocked by clk_out2_pll  {rise@0.000ns fall@2.222ns period=4.444ns})
  Destination:            student_top_inst/Core_cpu/cpu_core/ex_mem_inst/dff_rd_data/data_o_reg[16]/D
                            (rising edge-triggered cell FDRE clocked by clk_out2_pll  {rise@0.000ns fall@2.222ns period=4.444ns})
  Path Group:             clk_out2_pll
  Path Type:              Setup (Max at Slow Process Corner)
  Requirement:            4.444ns  (clk_out2_pll rise@4.444ns - clk_out2_pll rise@0.000ns)
  Data Path Delay:        4.313ns  (logic 0.775ns (17.967%)  route 3.538ns (82.033%))
  Logic Levels:           12  (LUT3=1 LUT4=2 LUT5=1 LUT6=8)
  Clock Path Skew:        -0.107ns (DCD - SCD + CPR)
    Destination Clock Delay (DCD):    -2.113ns = ( 2.332 - 4.444 ) 
    Source Clock Delay      (SCD):    -2.453ns
    Clock Pessimism Removal (CPR):    -0.448ns
  Clock Uncertainty:      0.068ns  ((TSJ^2 + DJ^2)^1/2) / 2 + PE
    Total System Jitter     (TSJ):    0.071ns
    Discrete Jitter          (DJ):    0.117ns
    Phase Error              (PE):    0.000ns

    Location             Delay type                Incr(ns)  Path(ns)    Netlist Resource(s)
  -------------------------------------------------------------------    -------------------
                         (clock clk_out2_pll rise edge)
                                                      0.000     0.000 r  
    AD12                                              0.000     0.000 r  i_sys_clk_p (IN)
                         net (fo=0)                   0.000     0.000    pll_inst/inst/clk_in1_p
    AD12                 IBUFDS (Prop_ibufds_I_O)     0.906     0.906 r  pll_inst/inst/clkin1_ibufgds/O
                         net (fo=1, routed)           1.098     2.004    pll_inst/inst/clk_in1_pll
    PLLE2_ADV_X1Y1       PLLE2_ADV (Prop_plle2_adv_CLKIN1_CLKOUT1)
                                                     -8.058    -6.054 r  pll_inst/inst/plle2_adv_inst/CLKOUT1
                         net (fo=1, routed)           2.128    -3.926    pll_inst/inst/clk_out2_pll
    BUFGCTRL_X0Y0        BUFG (Prop_bufg_I_O)         0.093    -3.833 r  pll_inst/inst/clkout2_buf/O
                         net (fo=2865, routed)        1.380    -2.453    student_top_inst/Core_cpu/cpu_core/id_ex_inst/clk_out2
    SLICE_X70Y119        FDRE                                         r  student_top_inst/Core_cpu/cpu_core/id_ex_inst/rs1_addr_o_reg[4]/C
  -------------------------------------------------------------------    -------------------
    SLICE_X70Y119        FDRE (Prop_fdre_C_Q)         0.259    -2.194 r  student_top_inst/Core_cpu/cpu_core/id_ex_inst/rs1_addr_o_reg[4]/Q
                         net (fo=3, routed)           0.453    -1.742    student_top_inst/Core_cpu/cpu_core/id_ex_inst/rs1_addr_o_reg[4]_0[4]
    SLICE_X73Y118        LUT6 (Prop_lut6_I0_O)        0.043    -1.699 r  student_top_inst/Core_cpu/cpu_core/id_ex_inst/rs1_match_ex_mem_inst_i_6/O
                         net (fo=1, routed)           0.101    -1.598    student_top_inst/Core_cpu/cpu_core/id_ex_inst/rs1_match_ex_mem_inst_i_6_n_0
    SLICE_X73Y118        LUT5 (Prop_lut5_I0_O)        0.043    -1.555 r  student_top_inst/Core_cpu/cpu_core/id_ex_inst/rs1_match_ex_mem_inst_i_4/O
                         net (fo=57, routed)          0.533    -1.021    student_top_inst/Core_cpu/cpu_core/id_ex_inst/forwarding_inst/in020_out
    SLICE_X72Y121        LUT6 (Prop_lut6_I5_O)        0.043    -0.978 r  student_top_inst/Core_cpu/cpu_core/id_ex_inst/rs1_match_ex_mem_inst_rep__10_i_1/O
                         net (fo=4, routed)           0.241    -0.737    student_top_inst/Core_cpu/cpu_core/id_ex_inst/rs1_match_ex_mem_inst_rep__10_i_1_n_0
    SLICE_X73Y120        LUT3 (Prop_lut3_I1_O)        0.043    -0.694 r  student_top_inst/Core_cpu/cpu_core/id_ex_inst/data_o[29]_i_27/O
                         net (fo=4, routed)           0.572    -0.122    student_top_inst/Core_cpu/cpu_core/id_ex_inst/data_o_reg[24]_1
    SLICE_X80Y119        LUT4 (Prop_lut4_I0_O)        0.043    -0.079 r  student_top_inst/Core_cpu/cpu_core/id_ex_inst/data_o[16]_i_22/O
                         net (fo=1, routed)           0.277     0.198    student_top_inst/Core_cpu/cpu_core/id_ex_inst/data_o[16]_i_22_n_0
    SLICE_X81Y118        LUT6 (Prop_lut6_I5_O)        0.043     0.241 r  student_top_inst/Core_cpu/cpu_core/id_ex_inst/data_o[16]_i_21/O
                         net (fo=4, routed)           0.476     0.718    student_top_inst/Core_cpu/cpu_core/id_ex_inst/data_o[16]_i_21_n_0
    SLICE_X84Y122        LUT6 (Prop_lut6_I4_O)        0.043     0.761 r  student_top_inst/Core_cpu/cpu_core/id_ex_inst/data_o[16]_i_15/O
                         net (fo=1, routed)           0.271     1.031    student_top_inst/Core_cpu/cpu_core/id_ex_inst/ex_inst/op1_i_shift_right_op2_i[16]
    SLICE_X89Y122        LUT6 (Prop_lut6_I4_O)        0.043     1.074 f  student_top_inst/Core_cpu/cpu_core/id_ex_inst/data_o[16]_i_9/O
                         net (fo=1, routed)           0.181     1.256    student_top_inst/Core_cpu/cpu_core/id_ex_inst/data_o[16]_i_9_n_0
    SLICE_X89Y123        LUT6 (Prop_lut6_I0_O)        0.043     1.299 f  student_top_inst/Core_cpu/cpu_core/id_ex_inst/data_o[16]_i_5/O
                         net (fo=1, routed)           0.150     1.449    student_top_inst/Core_cpu/cpu_core/id_ex_inst/data_o[16]_i_5_n_0
    SLICE_X89Y123        LUT6 (Prop_lut6_I0_O)        0.043     1.492 f  student_top_inst/Core_cpu/cpu_core/id_ex_inst/data_o[16]_i_3/O
                         net (fo=1, routed)           0.101     1.592    student_top_inst/Core_cpu/cpu_core/id_ex_inst/data_o[16]_i_3_n_0
    SLICE_X89Y123        LUT6 (Prop_lut6_I1_O)        0.043     1.635 r  student_top_inst/Core_cpu/cpu_core/id_ex_inst/data_o[16]_i_2__0/O
                         net (fo=1, routed)           0.182     1.817    student_top_inst/Core_cpu/cpu_core/ex_inst/rv32m_iter_inst/data_o_reg[16]
    SLICE_X91Y123        LUT4 (Prop_lut4_I1_O)        0.043     1.860 r  student_top_inst/Core_cpu/cpu_core/ex_inst/rv32m_iter_inst/data_o[16]_i_1__2/O
                         net (fo=1, routed)           0.000     1.860    student_top_inst/Core_cpu/cpu_core/ex_mem_inst/dff_rd_data/data_o_reg[16]_1
    SLICE_X91Y123        FDRE                                         r  student_top_inst/Core_cpu/cpu_core/ex_mem_inst/dff_rd_data/data_o_reg[16]/D
  -------------------------------------------------------------------    -------------------

                         (clock clk_out2_pll rise edge)
                                                      4.444     4.444 r  
    AD12                                              0.000     4.444 r  i_sys_clk_p (IN)
                         net (fo=0)                   0.000     4.444    pll_inst/inst/clk_in1_p
    AD12                 IBUFDS (Prop_ibufds_I_O)     0.803     5.248 r  pll_inst/inst/clkin1_ibufgds/O
                         net (fo=1, routed)           1.001     6.249    pll_inst/inst/clk_in1_pll
    PLLE2_ADV_X1Y1       PLLE2_ADV (Prop_plle2_adv_CLKIN1_CLKOUT1)
                                                     -7.261    -1.012 r  pll_inst/inst/plle2_adv_inst/CLKOUT1
                         net (fo=1, routed)           2.003     0.991    pll_inst/inst/clk_out2_pll
    BUFGCTRL_X0Y0        BUFG (Prop_bufg_I_O)         0.083     1.074 r  pll_inst/inst/clkout2_buf/O
                         net (fo=2865, routed)        1.258     2.332    student_top_inst/Core_cpu/cpu_core/ex_mem_inst/dff_rd_data/clk_out2
    SLICE_X91Y123        FDRE                                         r  student_top_inst/Core_cpu/cpu_core/ex_mem_inst/dff_rd_data/data_o_reg[16]/C
                         clock pessimism             -0.448     1.884    
                         clock uncertainty           -0.068     1.816    
    SLICE_X91Y123        FDRE (Setup_fdre_C_D)        0.034     1.850    student_top_inst/Core_cpu/cpu_core/ex_mem_inst/dff_rd_data/data_o_reg[16]
  -------------------------------------------------------------------
                         required time                          1.850    
                         arrival time                          -1.860    
  -------------------------------------------------------------------
                         slack                                 -0.010    

Slack (VIOLATED) :        -0.010ns  (required time - arrival time)
  Source:                 student_top_inst/Core_cpu/cpu_core/id_ex_inst/rs1_addr_o_reg[4]/C
                            (rising edge-triggered cell FDRE clocked by clk_out2_pll  {rise@0.000ns fall@2.222ns period=4.444ns})
  Destination:            student_top_inst/Core_cpu/cpu_core/ex_mem_inst/dff_rd_data/data_o_reg[16]/D
                            (rising edge-triggered cell FDRE clocked by clk_out2_pll  {rise@0.000ns fall@2.222ns period=4.444ns})
  Path Group:             clk_out2_pll
  Path Type:              Setup (Max at Slow Process Corner)
  Requirement:            4.444ns  (clk_out2_pll rise@4.444ns - clk_out2_pll rise@0.000ns)
  Data Path Delay:        4.313ns  (logic 0.775ns (17.967%)  route 3.538ns (82.033%))
  Logic Levels:           12  (LUT3=1 LUT4=2 LUT5=1 LUT6=8)
  Clock Path Skew:        -0.107ns (DCD - SCD + CPR)
    Destination Clock Delay (DCD):    -2.113ns = ( 2.332 - 4.444 ) 
    Source Clock Delay      (SCD):    -2.453ns
    Clock Pessimism Removal (CPR):    -0.448ns
  Clock Uncertainty:      0.068ns  ((TSJ^2 + DJ^2)^1/2) / 2 + PE
    Total System Jitter     (TSJ):    0.071ns
    Discrete Jitter          (DJ):    0.117ns
    Phase Error              (PE):    0.000ns

    Location             Delay type                Incr(ns)  Path(ns)    Netlist Resource(s)
  -------------------------------------------------------------------    -------------------
                         (clock clk_out2_pll rise edge)
                                                      0.000     0.000 r  
    AD12                                              0.000     0.000 r  i_sys_clk_p (IN)
                         net (fo=0)                   0.000     0.000    pll_inst/inst/clk_in1_p
    AD12                 IBUFDS (Prop_ibufds_I_O)     0.906     0.906 r  pll_inst/inst/clkin1_ibufgds/O
                         net (fo=1, routed)           1.098     2.004    pll_inst/inst/clk_in1_pll
    PLLE2_ADV_X1Y1       PLLE2_ADV (Prop_plle2_adv_CLKIN1_CLKOUT1)
                                                     -8.058    -6.054 r  pll_inst/inst/plle2_adv_inst/CLKOUT1
                         net (fo=1, routed)           2.128    -3.926    pll_inst/inst/clk_out2_pll
    BUFGCTRL_X0Y0        BUFG (Prop_bufg_I_O)         0.093    -3.833 r  pll_inst/inst/clkout2_buf/O
                         net (fo=2865, routed)        1.380    -2.453    student_top_inst/Core_cpu/cpu_core/id_ex_inst/clk_out2
    SLICE_X70Y119        FDRE                                         r  student_top_inst/Core_cpu/cpu_core/id_ex_inst/rs1_addr_o_reg[4]/C
  -------------------------------------------------------------------    -------------------
    SLICE_X70Y119        FDRE (Prop_fdre_C_Q)         0.259    -2.194 f  student_top_inst/Core_cpu/cpu_core/id_ex_inst/rs1_addr_o_reg[4]/Q
                         net (fo=3, routed)           0.453    -1.742    student_top_inst/Core_cpu/cpu_core/id_ex_inst/rs1_addr_o_reg[4]_0[4]
    SLICE_X73Y118        LUT6 (Prop_lut6_I0_O)        0.043    -1.699 r  student_top_inst/Core_cpu/cpu_core/id_ex_inst/rs1_match_ex_mem_inst_i_6/O
                         net (fo=1, routed)           0.101    -1.598    student_top_inst/Core_cpu/cpu_core/id_ex_inst/rs1_match_ex_mem_inst_i_6_n_0
    SLICE_X73Y118        LUT5 (Prop_lut5_I0_O)        0.043    -1.555 r  student_top_inst/Core_cpu/cpu_core/id_ex_inst/rs1_match_ex_mem_inst_i_4/O
                         net (fo=57, routed)          0.533    -1.021    student_top_inst/Core_cpu/cpu_core/id_ex_inst/forwarding_inst/in020_out
    SLICE_X72Y121        LUT6 (Prop_lut6_I5_O)        0.043    -0.978 r  student_top_inst/Core_cpu/cpu_core/id_ex_inst/rs1_match_ex_mem_inst_rep__10_i_1/O
                         net (fo=4, routed)           0.241    -0.737    student_top_inst/Core_cpu/cpu_core/id_ex_inst/rs1_match_ex_mem_inst_rep__10_i_1_n_0
    SLICE_X73Y120        LUT3 (Prop_lut3_I1_O)        0.043    -0.694 r  student_top_inst/Core_cpu/cpu_core/id_ex_inst/data_o[29]_i_27/O
                         net (fo=4, routed)           0.572    -0.122    student_top_inst/Core_cpu/cpu_core/id_ex_inst/data_o_reg[24]_1
    SLICE_X80Y119        LUT4 (Prop_lut4_I0_O)        0.043    -0.079 r  student_top_inst/Core_cpu/cpu_core/id_ex_inst/data_o[16]_i_22/O
                         net (fo=1, routed)           0.277     0.198    student_top_inst/Core_cpu/cpu_core/id_ex_inst/data_o[16]_i_22_n_0
    SLICE_X81Y118        LUT6 (Prop_lut6_I5_O)        0.043     0.241 r  student_top_inst/Core_cpu/cpu_core/id_ex_inst/data_o[16]_i_21/O
                         net (fo=4, routed)           0.476     0.718    student_top_inst/Core_cpu/cpu_core/id_ex_inst/data_o[16]_i_21_n_0
    SLICE_X84Y122        LUT6 (Prop_lut6_I4_O)        0.043     0.761 r  student_top_inst/Core_cpu/cpu_core/id_ex_inst/data_o[16]_i_15/O
                         net (fo=1, routed)           0.271     1.031    student_top_inst/Core_cpu/cpu_core/id_ex_inst/ex_inst/op1_i_shift_right_op2_i[16]
    SLICE_X89Y122        LUT6 (Prop_lut6_I4_O)        0.043     1.074 f  student_top_inst/Core_cpu/cpu_core/id_ex_inst/data_o[16]_i_9/O
                         net (fo=1, routed)           0.181     1.256    student_top_inst/Core_cpu/cpu_core/id_ex_inst/data_o[16]_i_9_n_0
    SLICE_X89Y123        LUT6 (Prop_lut6_I0_O)        0.043     1.299 f  student_top_inst/Core_cpu/cpu_core/id_ex_inst/data_o[16]_i_5/O
                         net (fo=1, routed)           0.150     1.449    student_top_inst/Core_cpu/cpu_core/id_ex_inst/data_o[16]_i_5_n_0
    SLICE_X89Y123        LUT6 (Prop_lut6_I0_O)        0.043     1.492 f  student_top_inst/Core_cpu/cpu_core/id_ex_inst/data_o[16]_i_3/O
                         net (fo=1, routed)           0.101     1.592    student_top_inst/Core_cpu/cpu_core/id_ex_inst/data_o[16]_i_3_n_0
    SLICE_X89Y123        LUT6 (Prop_lut6_I1_O)        0.043     1.635 r  student_top_inst/Core_cpu/cpu_core/id_ex_inst/data_o[16]_i_2__0/O
                         net (fo=1, routed)           0.182     1.817    student_top_inst/Core_cpu/cpu_core/ex_inst/rv32m_iter_inst/data_o_reg[16]
    SLICE_X91Y123        LUT4 (Prop_lut4_I1_O)        0.043     1.860 r  student_top_inst/Core_cpu/cpu_core/ex_inst/rv32m_iter_inst/data_o[16]_i_1__2/O
                         net (fo=1, routed)           0.000     1.860    student_top_inst/Core_cpu/cpu_core/ex_mem_inst/dff_rd_data/data_o_reg[16]_1
    SLICE_X91Y123        FDRE                                         r  student_top_inst/Core_cpu/cpu_core/ex_mem_inst/dff_rd_data/data_o_reg[16]/D
  -------------------------------------------------------------------    -------------------

                         (clock clk_out2_pll rise edge)
                                                      4.444     4.444 r  
    AD12                                              0.000     4.444 r  i_sys_clk_p (IN)
                         net (fo=0)                   0.000     4.444    pll_inst/inst/clk_in1_p
    AD12                 IBUFDS (Prop_ibufds_I_O)     0.803     5.248 r  pll_inst/inst/clkin1_ibufgds/O
                         net (fo=1, routed)           1.001     6.249    pll_inst/inst/clk_in1_pll
    PLLE2_ADV_X1Y1       PLLE2_ADV (Prop_plle2_adv_CLKIN1_CLKOUT1)
                                                     -7.261    -1.012 r  pll_inst/inst/plle2_adv_inst/CLKOUT1
                         net (fo=1, routed)           2.003     0.991    pll_inst/inst/clk_out2_pll
    BUFGCTRL_X0Y0        BUFG (Prop_bufg_I_O)         0.083     1.074 r  pll_inst/inst/clkout2_buf/O
                         net (fo=2865, routed)        1.258     2.332    student_top_inst/Core_cpu/cpu_core/ex_mem_inst/dff_rd_data/clk_out2
    SLICE_X91Y123        FDRE                                         r  student_top_inst/Core_cpu/cpu_core/ex_mem_inst/dff_rd_data/data_o_reg[16]/C
                         clock pessimism             -0.448     1.884    
                         clock uncertainty           -0.068     1.816    
    SLICE_X91Y123        FDRE (Setup_fdre_C_D)        0.034     1.850    student_top_inst/Core_cpu/cpu_core/ex_mem_inst/dff_rd_data/data_o_reg[16]
  -------------------------------------------------------------------
                         required time                          1.850    
                         arrival time                          -1.860    
  -------------------------------------------------------------------
                         slack                                 -0.010    

Slack (VIOLATED) :        -0.010ns  (required time - arrival time)
  Source:                 student_top_inst/Core_cpu/cpu_core/id_ex_inst/rs1_addr_o_reg[4]/C
                            (rising edge-triggered cell FDRE clocked by clk_out2_pll  {rise@0.000ns fall@2.222ns period=4.444ns})
  Destination:            student_top_inst/Core_cpu/cpu_core/ex_mem_inst/dff_rd_data/data_o_reg[16]/D
                            (rising edge-triggered cell FDRE clocked by clk_out2_pll  {rise@0.000ns fall@2.222ns period=4.444ns})
  Path Group:             clk_out2_pll
  Path Type:              Setup (Max at Slow Process Corner)
  Requirement:            4.444ns  (clk_out2_pll rise@4.444ns - clk_out2_pll rise@0.000ns)
  Data Path Delay:        4.313ns  (logic 0.775ns (17.967%)  route 3.538ns (82.033%))
  Logic Levels:           12  (LUT3=1 LUT4=2 LUT5=1 LUT6=8)
  Clock Path Skew:        -0.107ns (DCD - SCD + CPR)
    Destination Clock Delay (DCD):    -2.113ns = ( 2.332 - 4.444 ) 
    Source Clock Delay      (SCD):    -2.453ns
    Clock Pessimism Removal (CPR):    -0.448ns
  Clock Uncertainty:      0.068ns  ((TSJ^2 + DJ^2)^1/2) / 2 + PE
    Total System Jitter     (TSJ):    0.071ns
    Discrete Jitter          (DJ):    0.117ns
    Phase Error              (PE):    0.000ns

    Location             Delay type                Incr(ns)  Path(ns)    Netlist Resource(s)
  -------------------------------------------------------------------    -------------------
                         (clock clk_out2_pll rise edge)
                                                      0.000     0.000 r  
    AD12                                              0.000     0.000 r  i_sys_clk_p (IN)
                         net (fo=0)                   0.000     0.000    pll_inst/inst/clk_in1_p
    AD12                 IBUFDS (Prop_ibufds_I_O)     0.906     0.906 r  pll_inst/inst/clkin1_ibufgds/O
                         net (fo=1, routed)           1.098     2.004    pll_inst/inst/clk_in1_pll
    PLLE2_ADV_X1Y1       PLLE2_ADV (Prop_plle2_adv_CLKIN1_CLKOUT1)
                                                     -8.058    -6.054 r  pll_inst/inst/plle2_adv_inst/CLKOUT1
                         net (fo=1, routed)           2.128    -3.926    pll_inst/inst/clk_out2_pll
    BUFGCTRL_X0Y0        BUFG (Prop_bufg_I_O)         0.093    -3.833 r  pll_inst/inst/clkout2_buf/O
                         net (fo=2865, routed)        1.380    -2.453    student_top_inst/Core_cpu/cpu_core/id_ex_inst/clk_out2
    SLICE_X70Y119        FDRE                                         r  student_top_inst/Core_cpu/cpu_core/id_ex_inst/rs1_addr_o_reg[4]/C
  -------------------------------------------------------------------    -------------------
    SLICE_X70Y119        FDRE (Prop_fdre_C_Q)         0.259    -2.194 r  student_top_inst/Core_cpu/cpu_core/id_ex_inst/rs1_addr_o_reg[4]/Q
                         net (fo=3, routed)           0.453    -1.742    student_top_inst/Core_cpu/cpu_core/id_ex_inst/rs1_addr_o_reg[4]_0[4]
    SLICE_X73Y118        LUT6 (Prop_lut6_I0_O)        0.043    -1.699 f  student_top_inst/Core_cpu/cpu_core/id_ex_inst/rs1_match_ex_mem_inst_i_6/O
                         net (fo=1, routed)           0.101    -1.598    student_top_inst/Core_cpu/cpu_core/id_ex_inst/rs1_match_ex_mem_inst_i_6_n_0
    SLICE_X73Y118        LUT5 (Prop_lut5_I0_O)        0.043    -1.555 f  student_top_inst/Core_cpu/cpu_core/id_ex_inst/rs1_match_ex_mem_inst_i_4/O
                         net (fo=57, routed)          0.533    -1.021    student_top_inst/Core_cpu/cpu_core/id_ex_inst/forwarding_inst/in020_out
    SLICE_X72Y121        LUT6 (Prop_lut6_I5_O)        0.043    -0.978 f  student_top_inst/Core_cpu/cpu_core/id_ex_inst/rs1_match_ex_mem_inst_rep__10_i_1/O
                         net (fo=4, routed)           0.241    -0.737    student_top_inst/Core_cpu/cpu_core/id_ex_inst/rs1_match_ex_mem_inst_rep__10_i_1_n_0
    SLICE_X73Y120        LUT3 (Prop_lut3_I1_O)        0.043    -0.694 r  student_top_inst/Core_cpu/cpu_core/id_ex_inst/data_o[29]_i_27/O
                         net (fo=4, routed)           0.572    -0.122    student_top_inst/Core_cpu/cpu_core/id_ex_inst/data_o_reg[24]_1
    SLICE_X80Y119        LUT4 (Prop_lut4_I0_O)        0.043    -0.079 r  student_top_inst/Core_cpu/cpu_core/id_ex_inst/data_o[16]_i_22/O
                         net (fo=1, routed)           0.277     0.198    student_top_inst/Core_cpu/cpu_core/id_ex_inst/data_o[16]_i_22_n_0
    SLICE_X81Y118        LUT6 (Prop_lut6_I5_O)        0.043     0.241 r  student_top_inst/Core_cpu/cpu_core/id_ex_inst/data_o[16]_i_21/O
                         net (fo=4, routed)           0.476     0.718    student_top_inst/Core_cpu/cpu_core/id_ex_inst/data_o[16]_i_21_n_0
    SLICE_X84Y122        LUT6 (Prop_lut6_I4_O)        0.043     0.761 r  student_top_inst/Core_cpu/cpu_core/id_ex_inst/data_o[16]_i_15/O
                         net (fo=1, routed)           0.271     1.031    student_top_inst/Core_cpu/cpu_core/id_ex_inst/ex_inst/op1_i_shift_right_op2_i[16]
    SLICE_X89Y122        LUT6 (Prop_lut6_I4_O)        0.043     1.074 f  student_top_inst/Core_cpu/cpu_core/id_ex_inst/data_o[16]_i_9/O
                         net (fo=1, routed)           0.181     1.256    student_top_inst/Core_cpu/cpu_core/id_ex_inst/data_o[16]_i_9_n_0
    SLICE_X89Y123        LUT6 (Prop_lut6_I0_O)        0.043     1.299 f  student_top_inst/Core_cpu/cpu_core/id_ex_inst/data_o[16]_i_5/O
                         net (fo=1, routed)           0.150     1.449    student_top_inst/Core_cpu/cpu_core/id_ex_inst/data_o[16]_i_5_n_0
    SLICE_X89Y123        LUT6 (Prop_lut6_I0_O)        0.043     1.492 f  student_top_inst/Core_cpu/cpu_core/id_ex_inst/data_o[16]_i_3/O
                         net (fo=1, routed)           0.101     1.592    student_top_inst/Core_cpu/cpu_core/id_ex_inst/data_o[16]_i_3_n_0
    SLICE_X89Y123        LUT6 (Prop_lut6_I1_O)        0.043     1.635 r  student_top_inst/Core_cpu/cpu_core/id_ex_inst/data_o[16]_i_2__0/O
                         net (fo=1, routed)           0.182     1.817    student_top_inst/Core_cpu/cpu_core/ex_inst/rv32m_iter_inst/data_o_reg[16]
    SLICE_X91Y123        LUT4 (Prop_lut4_I1_O)        0.043     1.860 r  student_top_inst/Core_cpu/cpu_core/ex_inst/rv32m_iter_inst/data_o[16]_i_1__2/O
                         net (fo=1, routed)           0.000     1.860    student_top_inst/Core_cpu/cpu_core/ex_mem_inst/dff_rd_data/data_o_reg[16]_1
    SLICE_X91Y123        FDRE                                         r  student_top_inst/Core_cpu/cpu_core/ex_mem_inst/dff_rd_data/data_o_reg[16]/D
  -------------------------------------------------------------------    -------------------

                         (clock clk_out2_pll rise edge)
                                                      4.444     4.444 r  
    AD12                                              0.000     4.444 r  i_sys_clk_p (IN)
                         net (fo=0)                   0.000     4.444    pll_inst/inst/clk_in1_p
    AD12                 IBUFDS (Prop_ibufds_I_O)     0.803     5.248 r  pll_inst/inst/clkin1_ibufgds/O
                         net (fo=1, routed)           1.001     6.249    pll_inst/inst/clk_in1_pll
    PLLE2_ADV_X1Y1       PLLE2_ADV (Prop_plle2_adv_CLKIN1_CLKOUT1)
                                                     -7.261    -1.012 r  pll_inst/inst/plle2_adv_inst/CLKOUT1
                         net (fo=1, routed)           2.003     0.991    pll_inst/inst/clk_out2_pll
    BUFGCTRL_X0Y0        BUFG (Prop_bufg_I_O)         0.083     1.074 r  pll_inst/inst/clkout2_buf/O
                         net (fo=2865, routed)        1.258     2.332    student_top_inst/Core_cpu/cpu_core/ex_mem_inst/dff_rd_data/clk_out2
    SLICE_X91Y123        FDRE                                         r  student_top_inst/Core_cpu/cpu_core/ex_mem_inst/dff_rd_data/data_o_reg[16]/C
                         clock pessimism             -0.448     1.884    
                         clock uncertainty           -0.068     1.816    
    SLICE_X91Y123        FDRE (Setup_fdre_C_D)        0.034     1.850    student_top_inst/Core_cpu/cpu_core/ex_mem_inst/dff_rd_data/data_o_reg[16]
  -------------------------------------------------------------------
                         required time                          1.850    
                         arrival time                          -1.860    
  -------------------------------------------------------------------
                         slack                                 -0.010    

Slack (VIOLATED) :        -0.010ns  (required time - arrival time)
  Source:                 student_top_inst/Core_cpu/cpu_core/id_ex_inst/rs1_addr_o_reg[4]/C
                            (rising edge-triggered cell FDRE clocked by clk_out2_pll  {rise@0.000ns fall@2.222ns period=4.444ns})
  Destination:            student_top_inst/Core_cpu/cpu_core/ex_mem_inst/dff_rd_data/data_o_reg[16]/D
                            (rising edge-triggered cell FDRE clocked by clk_out2_pll  {rise@0.000ns fall@2.222ns period=4.444ns})
  Path Group:             clk_out2_pll
  Path Type:              Setup (Max at Slow Process Corner)
  Requirement:            4.444ns  (clk_out2_pll rise@4.444ns - clk_out2_pll rise@0.000ns)
  Data Path Delay:        4.313ns  (logic 0.775ns (17.967%)  route 3.538ns (82.033%))
  Logic Levels:           12  (LUT3=1 LUT4=2 LUT5=1 LUT6=8)
  Clock Path Skew:        -0.107ns (DCD - SCD + CPR)
    Destination Clock Delay (DCD):    -2.113ns = ( 2.332 - 4.444 ) 
    Source Clock Delay      (SCD):    -2.453ns
    Clock Pessimism Removal (CPR):    -0.448ns
  Clock Uncertainty:      0.068ns  ((TSJ^2 + DJ^2)^1/2) / 2 + PE
    Total System Jitter     (TSJ):    0.071ns
    Discrete Jitter          (DJ):    0.117ns
    Phase Error              (PE):    0.000ns

    Location             Delay type                Incr(ns)  Path(ns)    Netlist Resource(s)
  -------------------------------------------------------------------    -------------------
                         (clock clk_out2_pll rise edge)
                                                      0.000     0.000 r  
    AD12                                              0.000     0.000 r  i_sys_clk_p (IN)
                         net (fo=0)                   0.000     0.000    pll_inst/inst/clk_in1_p
    AD12                 IBUFDS (Prop_ibufds_I_O)     0.906     0.906 r  pll_inst/inst/clkin1_ibufgds/O
                         net (fo=1, routed)           1.098     2.004    pll_inst/inst/clk_in1_pll
    PLLE2_ADV_X1Y1       PLLE2_ADV (Prop_plle2_adv_CLKIN1_CLKOUT1)
                                                     -8.058    -6.054 r  pll_inst/inst/plle2_adv_inst/CLKOUT1
                         net (fo=1, routed)           2.128    -3.926    pll_inst/inst/clk_out2_pll
    BUFGCTRL_X0Y0        BUFG (Prop_bufg_I_O)         0.093    -3.833 r  pll_inst/inst/clkout2_buf/O
                         net (fo=2865, routed)        1.380    -2.453    student_top_inst/Core_cpu/cpu_core/id_ex_inst/clk_out2
    SLICE_X70Y119        FDRE                                         r  student_top_inst/Core_cpu/cpu_core/id_ex_inst/rs1_addr_o_reg[4]/C
  -------------------------------------------------------------------    -------------------
    SLICE_X70Y119        FDRE (Prop_fdre_C_Q)         0.259    -2.194 f  student_top_inst/Core_cpu/cpu_core/id_ex_inst/rs1_addr_o_reg[4]/Q
                         net (fo=3, routed)           0.453    -1.742    student_top_inst/Core_cpu/cpu_core/id_ex_inst/rs1_addr_o_reg[4]_0[4]
    SLICE_X73Y118        LUT6 (Prop_lut6_I0_O)        0.043    -1.699 f  student_top_inst/Core_cpu/cpu_core/id_ex_inst/rs1_match_ex_mem_inst_i_6/O
                         net (fo=1, routed)           0.101    -1.598    student_top_inst/Core_cpu/cpu_core/id_ex_inst/rs1_match_ex_mem_inst_i_6_n_0
    SLICE_X73Y118        LUT5 (Prop_lut5_I0_O)        0.043    -1.555 f  student_top_inst/Core_cpu/cpu_core/id_ex_inst/rs1_match_ex_mem_inst_i_4/O
                         net (fo=57, routed)          0.533    -1.021    student_top_inst/Core_cpu/cpu_core/id_ex_inst/forwarding_inst/in020_out
    SLICE_X72Y121        LUT6 (Prop_lut6_I5_O)        0.043    -0.978 f  student_top_inst/Core_cpu/cpu_core/id_ex_inst/rs1_match_ex_mem_inst_rep__10_i_1/O
                         net (fo=4, routed)           0.241    -0.737    student_top_inst/Core_cpu/cpu_core/id_ex_inst/rs1_match_ex_mem_inst_rep__10_i_1_n_0
    SLICE_X73Y120        LUT3 (Prop_lut3_I1_O)        0.043    -0.694 r  student_top_inst/Core_cpu/cpu_core/id_ex_inst/data_o[29]_i_27/O
                         net (fo=4, routed)           0.572    -0.122    student_top_inst/Core_cpu/cpu_core/id_ex_inst/data_o_reg[24]_1
    SLICE_X80Y119        LUT4 (Prop_lut4_I0_O)        0.043    -0.079 r  student_top_inst/Core_cpu/cpu_core/id_ex_inst/data_o[16]_i_22/O
                         net (fo=1, routed)           0.277     0.198    student_top_inst/Core_cpu/cpu_core/id_ex_inst/data_o[16]_i_22_n_0
    SLICE_X81Y118        LUT6 (Prop_lut6_I5_O)        0.043     0.241 r  student_top_inst/Core_cpu/cpu_core/id_ex_inst/data_o[16]_i_21/O
                         net (fo=4, routed)           0.476     0.718    student_top_inst/Core_cpu/cpu_core/id_ex_inst/data_o[16]_i_21_n_0
    SLICE_X84Y122        LUT6 (Prop_lut6_I4_O)        0.043     0.761 r  student_top_inst/Core_cpu/cpu_core/id_ex_inst/data_o[16]_i_15/O
                         net (fo=1, routed)           0.271     1.031    student_top_inst/Core_cpu/cpu_core/id_ex_inst/ex_inst/op1_i_shift_right_op2_i[16]
    SLICE_X89Y122        LUT6 (Prop_lut6_I4_O)        0.043     1.074 f  student_top_inst/Core_cpu/cpu_core/id_ex_inst/data_o[16]_i_9/O
                         net (fo=1, routed)           0.181     1.256    student_top_inst/Core_cpu/cpu_core/id_ex_inst/data_o[16]_i_9_n_0
    SLICE_X89Y123        LUT6 (Prop_lut6_I0_O)        0.043     1.299 f  student_top_inst/Core_cpu/cpu_core/id_ex_inst/data_o[16]_i_5/O
                         net (fo=1, routed)           0.150     1.449    student_top_inst/Core_cpu/cpu_core/id_ex_inst/data_o[16]_i_5_n_0
    SLICE_X89Y123        LUT6 (Prop_lut6_I0_O)        0.043     1.492 f  student_top_inst/Core_cpu/cpu_core/id_ex_inst/data_o[16]_i_3/O
                         net (fo=1, routed)           0.101     1.592    student_top_inst/Core_cpu/cpu_core/id_ex_inst/data_o[16]_i_3_n_0
    SLICE_X89Y123        LUT6 (Prop_lut6_I1_O)        0.043     1.635 r  student_top_inst/Core_cpu/cpu_core/id_ex_inst/data_o[16]_i_2__0/O
                         net (fo=1, routed)           0.182     1.817    student_top_inst/Core_cpu/cpu_core/ex_inst/rv32m_iter_inst/data_o_reg[16]
    SLICE_X91Y123        LUT4 (Prop_lut4_I1_O)        0.043     1.860 r  student_top_inst/Core_cpu/cpu_core/ex_inst/rv32m_iter_inst/data_o[16]_i_1__2/O
                         net (fo=1, routed)           0.000     1.860    student_top_inst/Core_cpu/cpu_core/ex_mem_inst/dff_rd_data/data_o_reg[16]_1
    SLICE_X91Y123        FDRE                                         r  student_top_inst/Core_cpu/cpu_core/ex_mem_inst/dff_rd_data/data_o_reg[16]/D
  -------------------------------------------------------------------    -------------------

                         (clock clk_out2_pll rise edge)
                                                      4.444     4.444 r  
    AD12                                              0.000     4.444 r  i_sys_clk_p (IN)
                         net (fo=0)                   0.000     4.444    pll_inst/inst/clk_in1_p
    AD12                 IBUFDS (Prop_ibufds_I_O)     0.803     5.248 r  pll_inst/inst/clkin1_ibufgds/O
                         net (fo=1, routed)           1.001     6.249    pll_inst/inst/clk_in1_pll
    PLLE2_ADV_X1Y1       PLLE2_ADV (Prop_plle2_adv_CLKIN1_CLKOUT1)
                                                     -7.261    -1.012 r  pll_inst/inst/plle2_adv_inst/CLKOUT1
                         net (fo=1, routed)           2.003     0.991    pll_inst/inst/clk_out2_pll
    BUFGCTRL_X0Y0        BUFG (Prop_bufg_I_O)         0.083     1.074 r  pll_inst/inst/clkout2_buf/O
                         net (fo=2865, routed)        1.258     2.332    student_top_inst/Core_cpu/cpu_core/ex_mem_inst/dff_rd_data/clk_out2
    SLICE_X91Y123        FDRE                                         r  student_top_inst/Core_cpu/cpu_core/ex_mem_inst/dff_rd_data/data_o_reg[16]/C
                         clock pessimism             -0.448     1.884    
                         clock uncertainty           -0.068     1.816    
    SLICE_X91Y123        FDRE (Setup_fdre_C_D)        0.034     1.850    student_top_inst/Core_cpu/cpu_core/ex_mem_inst/dff_rd_data/data_o_reg[16]
  -------------------------------------------------------------------
                         required time                          1.850    
                         arrival time                          -1.860    
  -------------------------------------------------------------------
                         slack                                 -0.010    

Slack (VIOLATED) :        -0.010ns  (required time - arrival time)
  Source:                 student_top_inst/Core_cpu/cpu_core/id_ex_inst/rs1_addr_o_reg[4]/C
                            (rising edge-triggered cell FDRE clocked by clk_out2_pll  {rise@0.000ns fall@2.222ns period=4.444ns})
  Destination:            student_top_inst/Core_cpu/cpu_core/ex_mem_inst/dff_rd_data/data_o_reg[16]/D
                            (rising edge-triggered cell FDRE clocked by clk_out2_pll  {rise@0.000ns fall@2.222ns period=4.444ns})
  Path Group:             clk_out2_pll
  Path Type:              Setup (Max at Slow Process Corner)
  Requirement:            4.444ns  (clk_out2_pll rise@4.444ns - clk_out2_pll rise@0.000ns)
  Data Path Delay:        4.313ns  (logic 0.775ns (17.967%)  route 3.538ns (82.033%))
  Logic Levels:           12  (LUT3=1 LUT4=2 LUT5=1 LUT6=8)
  Clock Path Skew:        -0.107ns (DCD - SCD + CPR)
    Destination Clock Delay (DCD):    -2.113ns = ( 2.332 - 4.444 ) 
    Source Clock Delay      (SCD):    -2.453ns
    Clock Pessimism Removal (CPR):    -0.448ns
  Clock Uncertainty:      0.068ns  ((TSJ^2 + DJ^2)^1/2) / 2 + PE
    Total System Jitter     (TSJ):    0.071ns
    Discrete Jitter          (DJ):    0.117ns
    Phase Error              (PE):    0.000ns

    Location             Delay type                Incr(ns)  Path(ns)    Netlist Resource(s)
  -------------------------------------------------------------------    -------------------
                         (clock clk_out2_pll rise edge)
                                                      0.000     0.000 r  
    AD12                                              0.000     0.000 r  i_sys_clk_p (IN)
                         net (fo=0)                   0.000     0.000    pll_inst/inst/clk_in1_p
    AD12                 IBUFDS (Prop_ibufds_I_O)     0.906     0.906 r  pll_inst/inst/clkin1_ibufgds/O
                         net (fo=1, routed)           1.098     2.004    pll_inst/inst/clk_in1_pll
    PLLE2_ADV_X1Y1       PLLE2_ADV (Prop_plle2_adv_CLKIN1_CLKOUT1)
                                                     -8.058    -6.054 r  pll_inst/inst/plle2_adv_inst/CLKOUT1
                         net (fo=1, routed)           2.128    -3.926    pll_inst/inst/clk_out2_pll
    BUFGCTRL_X0Y0        BUFG (Prop_bufg_I_O)         0.093    -3.833 r  pll_inst/inst/clkout2_buf/O
                         net (fo=2865, routed)        1.380    -2.453    student_top_inst/Core_cpu/cpu_core/id_ex_inst/clk_out2
    SLICE_X70Y119        FDRE                                         r  student_top_inst/Core_cpu/cpu_core/id_ex_inst/rs1_addr_o_reg[4]/C
  -------------------------------------------------------------------    -------------------
    SLICE_X70Y119        FDRE (Prop_fdre_C_Q)         0.259    -2.194 r  student_top_inst/Core_cpu/cpu_core/id_ex_inst/rs1_addr_o_reg[4]/Q
                         net (fo=3, routed)           0.453    -1.742    student_top_inst/Core_cpu/cpu_core/id_ex_inst/rs1_addr_o_reg[4]_0[4]
    SLICE_X73Y118        LUT6 (Prop_lut6_I0_O)        0.043    -1.699 r  student_top_inst/Core_cpu/cpu_core/id_ex_inst/rs1_match_ex_mem_inst_i_6/O
                         net (fo=1, routed)           0.101    -1.598    student_top_inst/Core_cpu/cpu_core/id_ex_inst/rs1_match_ex_mem_inst_i_6_n_0
    SLICE_X73Y118        LUT5 (Prop_lut5_I0_O)        0.043    -1.555 r  student_top_inst/Core_cpu/cpu_core/id_ex_inst/rs1_match_ex_mem_inst_i_4/O
                         net (fo=57, routed)          0.533    -1.021    student_top_inst/Core_cpu/cpu_core/id_ex_inst/forwarding_inst/in020_out
    SLICE_X72Y121        LUT6 (Prop_lut6_I5_O)        0.043    -0.978 r  student_top_inst/Core_cpu/cpu_core/id_ex_inst/rs1_match_ex_mem_inst_rep__10_i_1/O
                         net (fo=4, routed)           0.241    -0.737    student_top_inst/Core_cpu/cpu_core/id_ex_inst/rs1_match_ex_mem_inst_rep__10_i_1_n_0
    SLICE_X73Y120        LUT3 (Prop_lut3_I1_O)        0.043    -0.694 f  student_top_inst/Core_cpu/cpu_core/id_ex_inst/data_o[29]_i_27/O
                         net (fo=4, routed)           0.572    -0.122    student_top_inst/Core_cpu/cpu_core/id_ex_inst/data_o_reg[24]_1
    SLICE_X80Y119        LUT4 (Prop_lut4_I0_O)        0.043    -0.079 f  student_top_inst/Core_cpu/cpu_core/id_ex_inst/data_o[16]_i_22/O
                         net (fo=1, routed)           0.277     0.198    student_top_inst/Core_cpu/cpu_core/id_ex_inst/data_o[16]_i_22_n_0
    SLICE_X81Y118        LUT6 (Prop_lut6_I5_O)        0.043     0.241 f  student_top_inst/Core_cpu/cpu_core/id_ex_inst/data_o[16]_i_21/O
                         net (fo=4, routed)           0.476     0.718    student_top_inst/Core_cpu/cpu_core/id_ex_inst/data_o[16]_i_21_n_0
    SLICE_X84Y122        LUT6 (Prop_lut6_I4_O)        0.043     0.761 f  student_top_inst/Core_cpu/cpu_core/id_ex_inst/data_o[16]_i_15/O
                         net (fo=1, routed)           0.271     1.031    student_top_inst/Core_cpu/cpu_core/id_ex_inst/ex_inst/op1_i_shift_right_op2_i[16]
    SLICE_X89Y122        LUT6 (Prop_lut6_I4_O)        0.043     1.074 r  student_top_inst/Core_cpu/cpu_core/id_ex_inst/data_o[16]_i_9/O
                         net (fo=1, routed)           0.181     1.256    student_top_inst/Core_cpu/cpu_core/id_ex_inst/data_o[16]_i_9_n_0
    SLICE_X89Y123        LUT6 (Prop_lut6_I0_O)        0.043     1.299 r  student_top_inst/Core_cpu/cpu_core/id_ex_inst/data_o[16]_i_5/O
                         net (fo=1, routed)           0.150     1.449    student_top_inst/Core_cpu/cpu_core/id_ex_inst/data_o[16]_i_5_n_0
    SLICE_X89Y123        LUT6 (Prop_lut6_I0_O)        0.043     1.492 r  student_top_inst/Core_cpu/cpu_core/id_ex_inst/data_o[16]_i_3/O
                         net (fo=1, routed)           0.101     1.592    student_top_inst/Core_cpu/cpu_core/id_ex_inst/data_o[16]_i_3_n_0
    SLICE_X89Y123        LUT6 (Prop_lut6_I1_O)        0.043     1.635 f  student_top_inst/Core_cpu/cpu_core/id_ex_inst/data_o[16]_i_2__0/O
                         net (fo=1, routed)           0.182     1.817    student_top_inst/Core_cpu/cpu_core/ex_inst/rv32m_iter_inst/data_o_reg[16]
    SLICE_X91Y123        LUT4 (Prop_lut4_I1_O)        0.043     1.860 f  student_top_inst/Core_cpu/cpu_core/ex_inst/rv32m_iter_inst/data_o[16]_i_1__2/O
                         net (fo=1, routed)           0.000     1.860    student_top_inst/Core_cpu/cpu_core/ex_mem_inst/dff_rd_data/data_o_reg[16]_1
    SLICE_X91Y123        FDRE                                         f  student_top_inst/Core_cpu/cpu_core/ex_mem_inst/dff_rd_data/data_o_reg[16]/D
  -------------------------------------------------------------------    -------------------

                         (clock clk_out2_pll rise edge)
                                                      4.444     4.444 r  
    AD12                                              0.000     4.444 r  i_sys_clk_p (IN)
                         net (fo=0)                   0.000     4.444    pll_inst/inst/clk_in1_p
    AD12                 IBUFDS (Prop_ibufds_I_O)     0.803     5.248 r  pll_inst/inst/clkin1_ibufgds/O
                         net (fo=1, routed)           1.001     6.249    pll_inst/inst/clk_in1_pll
    PLLE2_ADV_X1Y1       PLLE2_ADV (Prop_plle2_adv_CLKIN1_CLKOUT1)
                                                     -7.261    -1.012 r  pll_inst/inst/plle2_adv_inst/CLKOUT1
                         net (fo=1, routed)           2.003     0.991    pll_inst/inst/clk_out2_pll
    BUFGCTRL_X0Y0        BUFG (Prop_bufg_I_O)         0.083     1.074 r  pll_inst/inst/clkout2_buf/O
                         net (fo=2865, routed)        1.258     2.332    student_top_inst/Core_cpu/cpu_core/ex_mem_inst/dff_rd_data/clk_out2
    SLICE_X91Y123        FDRE                                         r  student_top_inst/Core_cpu/cpu_core/ex_mem_inst/dff_rd_data/data_o_reg[16]/C
                         clock pessimism             -0.448     1.884    
                         clock uncertainty           -0.068     1.816    
    SLICE_X91Y123        FDRE (Setup_fdre_C_D)        0.034     1.850    student_top_inst/Core_cpu/cpu_core/ex_mem_inst/dff_rd_data/data_o_reg[16]
  -------------------------------------------------------------------
                         required time                          1.850    
                         arrival time                          -1.860    
  -------------------------------------------------------------------
                         slack                                 -0.010    

Slack (MET) :             16.505ns  (required time - arrival time)
  Source:                 uart_inst/rx_data_reg[0]/C
                            (rising edge-triggered cell FDCE clocked by clk_out1_pll  {rise@0.000ns fall@10.000ns period=20.000ns})
  Destination:            twin_controller_inst/sw_reg[34]/D
                            (rising edge-triggered cell FDCE clocked by clk_out1_pll  {rise@0.000ns fall@10.000ns period=20.000ns})
  Path Group:             clk_out1_pll
  Path Type:              Setup (Max at Slow Process Corner)
  Requirement:            20.000ns  (clk_out1_pll rise@20.000ns - clk_out1_pll rise@0.000ns)
  Data Path Delay:        3.430ns  (logic 0.491ns (14.316%)  route 2.939ns (85.684%))
  Logic Levels:           4  (LUT3=1 LUT4=2 LUT6=1)
  Clock Path Skew:        -0.044ns (DCD - SCD + CPR)
    Destination Clock Delay (DCD):    -2.111ns = ( 17.889 - 20.000 ) 
    Source Clock Delay      (SCD):    -2.441ns
    Clock Pessimism Removal (CPR):    -0.375ns
  Clock Uncertainty:      0.086ns  ((TSJ^2 + DJ^2)^1/2) / 2 + PE
    Total System Jitter     (TSJ):    0.071ns
    Discrete Jitter          (DJ):    0.157ns
    Phase Error              (PE):    0.000ns

    Location             Delay type                Incr(ns)  Path(ns)    Netlist Resource(s)
  -------------------------------------------------------------------    -------------------
                         (clock clk_out1_pll rise edge)
                                                      0.000     0.000 r  
    AD12                                              0.000     0.000 r  i_sys_clk_p (IN)
                         net (fo=0)                   0.000     0.000    pll_inst/inst/clk_in1_p
    AD12                 IBUFDS (Prop_ibufds_I_O)     0.906     0.906 r  pll_inst/inst/clkin1_ibufgds/O
                         net (fo=1, routed)           1.098     2.004    pll_inst/inst/clk_in1_pll
    PLLE2_ADV_X1Y1       PLLE2_ADV (Prop_plle2_adv_CLKIN1_CLKOUT0)
                                                     -8.058    -6.054 r  pll_inst/inst/plle2_adv_inst/CLKOUT0
                         net (fo=1, routed)           2.128    -3.926    pll_inst/inst/clk_out1_pll
    BUFGCTRL_X0Y1        BUFG (Prop_bufg_I_O)         0.093    -3.833 r  pll_inst/inst/clkout1_buf/O
                         net (fo=546, routed)         1.392    -2.441    uart_inst/clk_out1
    SLICE_X72Y103        FDCE                                         r  uart_inst/rx_data_reg[0]/C
  -------------------------------------------------------------------    -------------------
    SLICE_X72Y103        FDCE (Prop_fdce_C_Q)         0.223    -2.218 f  uart_inst/rx_data_reg[0]/Q
                         net (fo=47, routed)          0.848    -1.371    uart_inst/rx_data[0]
    SLICE_X65Y102        LUT3 (Prop_lut3_I1_O)        0.050    -1.321 r  uart_inst/sw[63]_i_4/O
                         net (fo=3, routed)           0.389    -0.931    uart_inst/sw[63]_i_4_n_0
    SLICE_X66Y101        LUT6 (Prop_lut6_I1_O)        0.132    -0.799 f  uart_inst/sw[62]_i_3/O
                         net (fo=4, routed)           0.420    -0.380    uart_inst/sw[62]_i_3_n_0
    SLICE_X65Y102        LUT4 (Prop_lut4_I2_O)        0.043    -0.337 r  uart_inst/sw[58]_i_2/O
                         net (fo=8, routed)           1.282     0.945    uart_inst/sw[58]_i_2_n_0
    SLICE_X62Y101        LUT4 (Prop_lut4_I1_O)        0.043     0.988 r  uart_inst/sw[34]_i_1/O
                         net (fo=1, routed)           0.000     0.988    twin_controller_inst/sw_reg[34]_0
    SLICE_X62Y101        FDCE                                         r  twin_controller_inst/sw_reg[34]/D
  -------------------------------------------------------------------    -------------------

                         (clock clk_out1_pll rise edge)
                                                     20.000    20.000 r  
    AD12                                              0.000    20.000 r  i_sys_clk_p (IN)
                         net (fo=0)                   0.000    20.000    pll_inst/inst/clk_in1_p
    AD12                 IBUFDS (Prop_ibufds_I_O)     0.803    20.803 r  pll_inst/inst/clkin1_ibufgds/O
                         net (fo=1, routed)           1.001    21.804    pll_inst/inst/clk_in1_pll
    PLLE2_ADV_X1Y1       PLLE2_ADV (Prop_plle2_adv_CLKIN1_CLKOUT0)
                                                     -7.261    14.543 r  pll_inst/inst/plle2_adv_inst/CLKOUT0
                         net (fo=1, routed)           2.003    16.546    pll_inst/inst/clk_out1_pll
    BUFGCTRL_X0Y1        BUFG (Prop_bufg_I_O)         0.083    16.629 r  pll_inst/inst/clkout1_buf/O
                         net (fo=546, routed)         1.260    17.889    twin_controller_inst/CLK
    SLICE_X62Y101        FDCE                                         r  twin_controller_inst/sw_reg[34]/C
                         clock pessimism             -0.375    17.515    
                         clock uncertainty           -0.086    17.428    
    SLICE_X62Y101        FDCE (Setup_fdce_C_D)        0.065    17.493    twin_controller_inst/sw_reg[34]
  -------------------------------------------------------------------
                         required time                         17.493    
                         arrival time                          -0.988    
  -------------------------------------------------------------------
                         slack                                 16.505    

Slack (MET) :             16.505ns  (required time - arrival time)
  Source:                 uart_inst/rx_data_reg[0]/C
                            (rising edge-triggered cell FDCE clocked by clk_out1_pll  {rise@0.000ns fall@10.000ns period=20.000ns})
  Destination:            twin_controller_inst/sw_reg[34]/D
                            (rising edge-triggered cell FDCE clocked by clk_out1_pll  {rise@0.000ns fall@10.000ns period=20.000ns})
  Path Group:             clk_out1_pll
  Path Type:              Setup (Max at Slow Process Corner)
  Requirement:            20.000ns  (clk_out1_pll rise@20.000ns - clk_out1_pll rise@0.000ns)
  Data Path Delay:        3.430ns  (logic 0.491ns (14.316%)  route 2.939ns (85.684%))
  Logic Levels:           4  (LUT3=1 LUT4=2 LUT6=1)
  Clock Path Skew:        -0.044ns (DCD - SCD + CPR)
    Destination Clock Delay (DCD):    -2.111ns = ( 17.889 - 20.000 ) 
    Source Clock Delay      (SCD):    -2.441ns
    Clock Pessimism Removal (CPR):    -0.375ns
  Clock Uncertainty:      0.086ns  ((TSJ^2 + DJ^2)^1/2) / 2 + PE
    Total System Jitter     (TSJ):    0.071ns
    Discrete Jitter          (DJ):    0.157ns
    Phase Error              (PE):    0.000ns

    Location             Delay type                Incr(ns)  Path(ns)    Netlist Resource(s)
  -------------------------------------------------------------------    -------------------
                         (clock clk_out1_pll rise edge)
                                                      0.000     0.000 r  
    AD12                                              0.000     0.000 r  i_sys_clk_p (IN)
                         net (fo=0)                   0.000     0.000    pll_inst/inst/clk_in1_p
    AD12                 IBUFDS (Prop_ibufds_I_O)     0.906     0.906 r  pll_inst/inst/clkin1_ibufgds/O
                         net (fo=1, routed)           1.098     2.004    pll_inst/inst/clk_in1_pll
    PLLE2_ADV_X1Y1       PLLE2_ADV (Prop_plle2_adv_CLKIN1_CLKOUT0)
                                                     -8.058    -6.054 r  pll_inst/inst/plle2_adv_inst/CLKOUT0
                         net (fo=1, routed)           2.128    -3.926    pll_inst/inst/clk_out1_pll
    BUFGCTRL_X0Y1        BUFG (Prop_bufg_I_O)         0.093    -3.833 r  pll_inst/inst/clkout1_buf/O
                         net (fo=546, routed)         1.392    -2.441    uart_inst/clk_out1
    SLICE_X72Y103        FDCE                                         r  uart_inst/rx_data_reg[0]/C
  -------------------------------------------------------------------    -------------------
    SLICE_X72Y103        FDCE (Prop_fdce_C_Q)         0.223    -2.218 r  uart_inst/rx_data_reg[0]/Q
                         net (fo=47, routed)          0.848    -1.371    uart_inst/rx_data[0]
    SLICE_X65Y102        LUT3 (Prop_lut3_I1_O)        0.050    -1.321 f  uart_inst/sw[63]_i_4/O
                         net (fo=3, routed)           0.389    -0.931    uart_inst/sw[63]_i_4_n_0
    SLICE_X66Y101        LUT6 (Prop_lut6_I1_O)        0.132    -0.799 f  uart_inst/sw[62]_i_3/O
                         net (fo=4, routed)           0.420    -0.380    uart_inst/sw[62]_i_3_n_0
    SLICE_X65Y102        LUT4 (Prop_lut4_I2_O)        0.043    -0.337 r  uart_inst/sw[58]_i_2/O
                         net (fo=8, routed)           1.282     0.945    uart_inst/sw[58]_i_2_n_0
    SLICE_X62Y101        LUT4 (Prop_lut4_I1_O)        0.043     0.988 r  uart_inst/sw[34]_i_1/O
                         net (fo=1, routed)           0.000     0.988    twin_controller_inst/sw_reg[34]_0
    SLICE_X62Y101        FDCE                                         r  twin_controller_inst/sw_reg[34]/D
  -------------------------------------------------------------------    -------------------

                         (clock clk_out1_pll rise edge)
                                                     20.000    20.000 r  
    AD12                                              0.000    20.000 r  i_sys_clk_p (IN)
                         net (fo=0)                   0.000    20.000    pll_inst/inst/clk_in1_p
    AD12                 IBUFDS (Prop_ibufds_I_O)     0.803    20.803 r  pll_inst/inst/clkin1_ibufgds/O
                         net (fo=1, routed)           1.001    21.804    pll_inst/inst/clk_in1_pll
    PLLE2_ADV_X1Y1       PLLE2_ADV (Prop_plle2_adv_CLKIN1_CLKOUT0)
                                                     -7.261    14.543 r  pll_inst/inst/plle2_adv_inst/CLKOUT0
                         net (fo=1, routed)           2.003    16.546    pll_inst/inst/clk_out1_pll
    BUFGCTRL_X0Y1        BUFG (Prop_bufg_I_O)         0.083    16.629 r  pll_inst/inst/clkout1_buf/O
                         net (fo=546, routed)         1.260    17.889    twin_controller_inst/CLK
    SLICE_X62Y101        FDCE                                         r  twin_controller_inst/sw_reg[34]/C
                         clock pessimism             -0.375    17.515    
                         clock uncertainty           -0.086    17.428    
    SLICE_X62Y101        FDCE (Setup_fdce_C_D)        0.065    17.493    twin_controller_inst/sw_reg[34]
  -------------------------------------------------------------------
                         required time                         17.493    
                         arrival time                          -0.988    
  -------------------------------------------------------------------
                         slack                                 16.505    

Slack (MET) :             16.505ns  (required time - arrival time)
  Source:                 uart_inst/rx_data_reg[0]/C
                            (rising edge-triggered cell FDCE clocked by clk_out1_pll  {rise@0.000ns fall@10.000ns period=20.000ns})
  Destination:            twin_controller_inst/sw_reg[34]/D
                            (rising edge-triggered cell FDCE clocked by clk_out1_pll  {rise@0.000ns fall@10.000ns period=20.000ns})
  Path Group:             clk_out1_pll
  Path Type:              Setup (Max at Slow Process Corner)
  Requirement:            20.000ns  (clk_out1_pll rise@20.000ns - clk_out1_pll rise@0.000ns)
  Data Path Delay:        3.430ns  (logic 0.491ns (14.316%)  route 2.939ns (85.684%))
  Logic Levels:           4  (LUT3=1 LUT4=2 LUT6=1)
  Clock Path Skew:        -0.044ns (DCD - SCD + CPR)
    Destination Clock Delay (DCD):    -2.111ns = ( 17.889 - 20.000 ) 
    Source Clock Delay      (SCD):    -2.441ns
    Clock Pessimism Removal (CPR):    -0.375ns
  Clock Uncertainty:      0.086ns  ((TSJ^2 + DJ^2)^1/2) / 2 + PE
    Total System Jitter     (TSJ):    0.071ns
    Discrete Jitter          (DJ):    0.157ns
    Phase Error              (PE):    0.000ns

    Location             Delay type                Incr(ns)  Path(ns)    Netlist Resource(s)
  -------------------------------------------------------------------    -------------------
                         (clock clk_out1_pll rise edge)
                                                      0.000     0.000 r  
    AD12                                              0.000     0.000 r  i_sys_clk_p (IN)
                         net (fo=0)                   0.000     0.000    pll_inst/inst/clk_in1_p
    AD12                 IBUFDS (Prop_ibufds_I_O)     0.906     0.906 r  pll_inst/inst/clkin1_ibufgds/O
                         net (fo=1, routed)           1.098     2.004    pll_inst/inst/clk_in1_pll
    PLLE2_ADV_X1Y1       PLLE2_ADV (Prop_plle2_adv_CLKIN1_CLKOUT0)
                                                     -8.058    -6.054 r  pll_inst/inst/plle2_adv_inst/CLKOUT0
                         net (fo=1, routed)           2.128    -3.926    pll_inst/inst/clk_out1_pll
    BUFGCTRL_X0Y1        BUFG (Prop_bufg_I_O)         0.093    -3.833 r  pll_inst/inst/clkout1_buf/O
                         net (fo=546, routed)         1.392    -2.441    uart_inst/clk_out1
    SLICE_X72Y103        FDCE                                         r  uart_inst/rx_data_reg[0]/C
  -------------------------------------------------------------------    -------------------
    SLICE_X72Y103        FDCE (Prop_fdce_C_Q)         0.223    -2.218 f  uart_inst/rx_data_reg[0]/Q
                         net (fo=47, routed)          0.848    -1.371    uart_inst/rx_data[0]
    SLICE_X65Y102        LUT3 (Prop_lut3_I1_O)        0.050    -1.321 r  uart_inst/sw[63]_i_4/O
                         net (fo=3, routed)           0.389    -0.931    uart_inst/sw[63]_i_4_n_0
    SLICE_X66Y101        LUT6 (Prop_lut6_I1_O)        0.132    -0.799 r  uart_inst/sw[62]_i_3/O
                         net (fo=4, routed)           0.420    -0.380    uart_inst/sw[62]_i_3_n_0
    SLICE_X65Y102        LUT4 (Prop_lut4_I2_O)        0.043    -0.337 f  uart_inst/sw[58]_i_2/O
                         net (fo=8, routed)           1.282     0.945    uart_inst/sw[58]_i_2_n_0
    SLICE_X62Y101        LUT4 (Prop_lut4_I1_O)        0.043     0.988 r  uart_inst/sw[34]_i_1/O
                         net (fo=1, routed)           0.000     0.988    twin_controller_inst/sw_reg[34]_0
    SLICE_X62Y101        FDCE                                         r  twin_controller_inst/sw_reg[34]/D
  -------------------------------------------------------------------    -------------------

                         (clock clk_out1_pll rise edge)
                                                     20.000    20.000 r  
    AD12                                              0.000    20.000 r  i_sys_clk_p (IN)
                         net (fo=0)                   0.000    20.000    pll_inst/inst/clk_in1_p
    AD12                 IBUFDS (Prop_ibufds_I_O)     0.803    20.803 r  pll_inst/inst/clkin1_ibufgds/O
                         net (fo=1, routed)           1.001    21.804    pll_inst/inst/clk_in1_pll
    PLLE2_ADV_X1Y1       PLLE2_ADV (Prop_plle2_adv_CLKIN1_CLKOUT0)
                                                     -7.261    14.543 r  pll_inst/inst/plle2_adv_inst/CLKOUT0
                         net (fo=1, routed)           2.003    16.546    pll_inst/inst/clk_out1_pll
    BUFGCTRL_X0Y1        BUFG (Prop_bufg_I_O)         0.083    16.629 r  pll_inst/inst/clkout1_buf/O
                         net (fo=546, routed)         1.260    17.889    twin_controller_inst/CLK
    SLICE_X62Y101        FDCE                                         r  twin_controller_inst/sw_reg[34]/C
                         clock pessimism             -0.375    17.515    
                         clock uncertainty           -0.086    17.428    
    SLICE_X62Y101        FDCE (Setup_fdce_C_D)        0.065    17.493    twin_controller_inst/sw_reg[34]
  -------------------------------------------------------------------
                         required time                         17.493    
                         arrival time                          -0.988    
  -------------------------------------------------------------------
                         slack                                 16.505    

Slack (MET) :             16.505ns  (required time - arrival time)
  Source:                 uart_inst/rx_data_reg[0]/C
                            (rising edge-triggered cell FDCE clocked by clk_out1_pll  {rise@0.000ns fall@10.000ns period=20.000ns})
  Destination:            twin_controller_inst/sw_reg[34]/D
                            (rising edge-triggered cell FDCE clocked by clk_out1_pll  {rise@0.000ns fall@10.000ns period=20.000ns})
  Path Group:             clk_out1_pll
  Path Type:              Setup (Max at Slow Process Corner)
  Requirement:            20.000ns  (clk_out1_pll rise@20.000ns - clk_out1_pll rise@0.000ns)
  Data Path Delay:        3.430ns  (logic 0.491ns (14.316%)  route 2.939ns (85.684%))
  Logic Levels:           4  (LUT3=1 LUT4=2 LUT6=1)
  Clock Path Skew:        -0.044ns (DCD - SCD + CPR)
    Destination Clock Delay (DCD):    -2.111ns = ( 17.889 - 20.000 ) 
    Source Clock Delay      (SCD):    -2.441ns
    Clock Pessimism Removal (CPR):    -0.375ns
  Clock Uncertainty:      0.086ns  ((TSJ^2 + DJ^2)^1/2) / 2 + PE
    Total System Jitter     (TSJ):    0.071ns
    Discrete Jitter          (DJ):    0.157ns
    Phase Error              (PE):    0.000ns

    Location             Delay type                Incr(ns)  Path(ns)    Netlist Resource(s)
  -------------------------------------------------------------------    -------------------
                         (clock clk_out1_pll rise edge)
                                                      0.000     0.000 r  
    AD12                                              0.000     0.000 r  i_sys_clk_p (IN)
                         net (fo=0)                   0.000     0.000    pll_inst/inst/clk_in1_p
    AD12                 IBUFDS (Prop_ibufds_I_O)     0.906     0.906 r  pll_inst/inst/clkin1_ibufgds/O
                         net (fo=1, routed)           1.098     2.004    pll_inst/inst/clk_in1_pll
    PLLE2_ADV_X1Y1       PLLE2_ADV (Prop_plle2_adv_CLKIN1_CLKOUT0)
                                                     -8.058    -6.054 r  pll_inst/inst/plle2_adv_inst/CLKOUT0
                         net (fo=1, routed)           2.128    -3.926    pll_inst/inst/clk_out1_pll
    BUFGCTRL_X0Y1        BUFG (Prop_bufg_I_O)         0.093    -3.833 r  pll_inst/inst/clkout1_buf/O
                         net (fo=546, routed)         1.392    -2.441    uart_inst/clk_out1
    SLICE_X72Y103        FDCE                                         r  uart_inst/rx_data_reg[0]/C
  -------------------------------------------------------------------    -------------------
    SLICE_X72Y103        FDCE (Prop_fdce_C_Q)         0.223    -2.218 r  uart_inst/rx_data_reg[0]/Q
                         net (fo=47, routed)          0.848    -1.371    uart_inst/rx_data[0]
    SLICE_X65Y102        LUT3 (Prop_lut3_I1_O)        0.050    -1.321 f  uart_inst/sw[63]_i_4/O
                         net (fo=3, routed)           0.389    -0.931    uart_inst/sw[63]_i_4_n_0
    SLICE_X66Y101        LUT6 (Prop_lut6_I1_O)        0.132    -0.799 r  uart_inst/sw[62]_i_3/O
                         net (fo=4, routed)           0.420    -0.380    uart_inst/sw[62]_i_3_n_0
    SLICE_X65Y102        LUT4 (Prop_lut4_I2_O)        0.043    -0.337 f  uart_inst/sw[58]_i_2/O
                         net (fo=8, routed)           1.282     0.945    uart_inst/sw[58]_i_2_n_0
    SLICE_X62Y101        LUT4 (Prop_lut4_I1_O)        0.043     0.988 r  uart_inst/sw[34]_i_1/O
                         net (fo=1, routed)           0.000     0.988    twin_controller_inst/sw_reg[34]_0
    SLICE_X62Y101        FDCE                                         r  twin_controller_inst/sw_reg[34]/D
  -------------------------------------------------------------------    -------------------

                         (clock clk_out1_pll rise edge)
                                                     20.000    20.000 r  
    AD12                                              0.000    20.000 r  i_sys_clk_p (IN)
                         net (fo=0)                   0.000    20.000    pll_inst/inst/clk_in1_p
    AD12                 IBUFDS (Prop_ibufds_I_O)     0.803    20.803 r  pll_inst/inst/clkin1_ibufgds/O
                         net (fo=1, routed)           1.001    21.804    pll_inst/inst/clk_in1_pll
    PLLE2_ADV_X1Y1       PLLE2_ADV (Prop_plle2_adv_CLKIN1_CLKOUT0)
                                                     -7.261    14.543 r  pll_inst/inst/plle2_adv_inst/CLKOUT0
                         net (fo=1, routed)           2.003    16.546    pll_inst/inst/clk_out1_pll
    BUFGCTRL_X0Y1        BUFG (Prop_bufg_I_O)         0.083    16.629 r  pll_inst/inst/clkout1_buf/O
                         net (fo=546, routed)         1.260    17.889    twin_controller_inst/CLK
    SLICE_X62Y101        FDCE                                         r  twin_controller_inst/sw_reg[34]/C
                         clock pessimism             -0.375    17.515    
                         clock uncertainty           -0.086    17.428    
    SLICE_X62Y101        FDCE (Setup_fdce_C_D)        0.065    17.493    twin_controller_inst/sw_reg[34]
  -------------------------------------------------------------------
                         required time                         17.493    
                         arrival time                          -0.988    
  -------------------------------------------------------------------
                         slack                                 16.505    

Slack (MET) :             16.505ns  (required time - arrival time)
  Source:                 uart_inst/rx_data_reg[0]/C
                            (rising edge-triggered cell FDCE clocked by clk_out1_pll  {rise@0.000ns fall@10.000ns period=20.000ns})
  Destination:            twin_controller_inst/sw_reg[34]/D
                            (rising edge-triggered cell FDCE clocked by clk_out1_pll  {rise@0.000ns fall@10.000ns period=20.000ns})
  Path Group:             clk_out1_pll
  Path Type:              Setup (Max at Slow Process Corner)
  Requirement:            20.000ns  (clk_out1_pll rise@20.000ns - clk_out1_pll rise@0.000ns)
  Data Path Delay:        3.430ns  (logic 0.491ns (14.316%)  route 2.939ns (85.684%))
  Logic Levels:           4  (LUT3=1 LUT4=2 LUT6=1)
  Clock Path Skew:        -0.044ns (DCD - SCD + CPR)
    Destination Clock Delay (DCD):    -2.111ns = ( 17.889 - 20.000 ) 
    Source Clock Delay      (SCD):    -2.441ns
    Clock Pessimism Removal (CPR):    -0.375ns
  Clock Uncertainty:      0.086ns  ((TSJ^2 + DJ^2)^1/2) / 2 + PE
    Total System Jitter     (TSJ):    0.071ns
    Discrete Jitter          (DJ):    0.157ns
    Phase Error              (PE):    0.000ns

    Location             Delay type                Incr(ns)  Path(ns)    Netlist Resource(s)
  -------------------------------------------------------------------    -------------------
                         (clock clk_out1_pll rise edge)
                                                      0.000     0.000 r  
    AD12                                              0.000     0.000 r  i_sys_clk_p (IN)
                         net (fo=0)                   0.000     0.000    pll_inst/inst/clk_in1_p
    AD12                 IBUFDS (Prop_ibufds_I_O)     0.906     0.906 r  pll_inst/inst/clkin1_ibufgds/O
                         net (fo=1, routed)           1.098     2.004    pll_inst/inst/clk_in1_pll
    PLLE2_ADV_X1Y1       PLLE2_ADV (Prop_plle2_adv_CLKIN1_CLKOUT0)
                                                     -8.058    -6.054 r  pll_inst/inst/plle2_adv_inst/CLKOUT0
                         net (fo=1, routed)           2.128    -3.926    pll_inst/inst/clk_out1_pll
    BUFGCTRL_X0Y1        BUFG (Prop_bufg_I_O)         0.093    -3.833 r  pll_inst/inst/clkout1_buf/O
                         net (fo=546, routed)         1.392    -2.441    uart_inst/clk_out1
    SLICE_X72Y103        FDCE                                         r  uart_inst/rx_data_reg[0]/C
  -------------------------------------------------------------------    -------------------
    SLICE_X72Y103        FDCE (Prop_fdce_C_Q)         0.223    -2.218 f  uart_inst/rx_data_reg[0]/Q
                         net (fo=47, routed)          0.848    -1.371    uart_inst/rx_data[0]
    SLICE_X65Y102        LUT3 (Prop_lut3_I1_O)        0.050    -1.321 r  uart_inst/sw[63]_i_4/O
                         net (fo=3, routed)           0.389    -0.931    uart_inst/sw[63]_i_4_n_0
    SLICE_X66Y101        LUT6 (Prop_lut6_I1_O)        0.132    -0.799 f  uart_inst/sw[62]_i_3/O
                         net (fo=4, routed)           0.420    -0.380    uart_inst/sw[62]_i_3_n_0
    SLICE_X65Y102        LUT4 (Prop_lut4_I2_O)        0.043    -0.337 r  uart_inst/sw[58]_i_2/O
                         net (fo=8, routed)           1.282     0.945    uart_inst/sw[58]_i_2_n_0
    SLICE_X62Y101        LUT4 (Prop_lut4_I1_O)        0.043     0.988 f  uart_inst/sw[34]_i_1/O
                         net (fo=1, routed)           0.000     0.988    twin_controller_inst/sw_reg[34]_0
    SLICE_X62Y101        FDCE                                         f  twin_controller_inst/sw_reg[34]/D
  -------------------------------------------------------------------    -------------------

                         (clock clk_out1_pll rise edge)
                                                     20.000    20.000 r  
    AD12                                              0.000    20.000 r  i_sys_clk_p (IN)
                         net (fo=0)                   0.000    20.000    pll_inst/inst/clk_in1_p
    AD12                 IBUFDS (Prop_ibufds_I_O)     0.803    20.803 r  pll_inst/inst/clkin1_ibufgds/O
                         net (fo=1, routed)           1.001    21.804    pll_inst/inst/clk_in1_pll
    PLLE2_ADV_X1Y1       PLLE2_ADV (Prop_plle2_adv_CLKIN1_CLKOUT0)
                                                     -7.261    14.543 r  pll_inst/inst/plle2_adv_inst/CLKOUT0
                         net (fo=1, routed)           2.003    16.546    pll_inst/inst/clk_out1_pll
    BUFGCTRL_X0Y1        BUFG (Prop_bufg_I_O)         0.083    16.629 r  pll_inst/inst/clkout1_buf/O
                         net (fo=546, routed)         1.260    17.889    twin_controller_inst/CLK
    SLICE_X62Y101        FDCE                                         r  twin_controller_inst/sw_reg[34]/C
                         clock pessimism             -0.375    17.515    
                         clock uncertainty           -0.086    17.428    
    SLICE_X62Y101        FDCE (Setup_fdce_C_D)        0.065    17.493    twin_controller_inst/sw_reg[34]
  -------------------------------------------------------------------
                         required time                         17.493    
                         arrival time                          -0.988    
  -------------------------------------------------------------------
                         slack                                 16.505    

Slack (MET) :             16.588ns  (required time - arrival time)
  Source:                 uart_inst/rx_data_reg[0]/C
                            (rising edge-triggered cell FDCE clocked by clk_out1_pll  {rise@0.000ns fall@10.000ns period=20.000ns})
  Destination:            twin_controller_inst/sw_reg[26]/D
                            (rising edge-triggered cell FDCE clocked by clk_out1_pll  {rise@0.000ns fall@10.000ns period=20.000ns})
  Path Group:             clk_out1_pll
  Path Type:              Setup (Max at Slow Process Corner)
  Requirement:            20.000ns  (clk_out1_pll rise@20.000ns - clk_out1_pll rise@0.000ns)
  Data Path Delay:        3.317ns  (logic 0.491ns (14.802%)  route 2.826ns (85.198%))
  Logic Levels:           4  (LUT3=1 LUT4=2 LUT6=1)
  Clock Path Skew:        -0.043ns (DCD - SCD + CPR)
    Destination Clock Delay (DCD):    -2.110ns = ( 17.890 - 20.000 ) 
    Source Clock Delay      (SCD):    -2.441ns
    Clock Pessimism Removal (CPR):    -0.375ns
  Clock Uncertainty:      0.086ns  ((TSJ^2 + DJ^2)^1/2) / 2 + PE
    Total System Jitter     (TSJ):    0.071ns
    Discrete Jitter          (DJ):    0.157ns
    Phase Error              (PE):    0.000ns

    Location             Delay type                Incr(ns)  Path(ns)    Netlist Resource(s)
  -------------------------------------------------------------------    -------------------
                         (clock clk_out1_pll rise edge)
                                                      0.000     0.000 r  
    AD12                                              0.000     0.000 r  i_sys_clk_p (IN)
                         net (fo=0)                   0.000     0.000    pll_inst/inst/clk_in1_p
    AD12                 IBUFDS (Prop_ibufds_I_O)     0.906     0.906 r  pll_inst/inst/clkin1_ibufgds/O
                         net (fo=1, routed)           1.098     2.004    pll_inst/inst/clk_in1_pll
    PLLE2_ADV_X1Y1       PLLE2_ADV (Prop_plle2_adv_CLKIN1_CLKOUT0)
                                                     -8.058    -6.054 r  pll_inst/inst/plle2_adv_inst/CLKOUT0
                         net (fo=1, routed)           2.128    -3.926    pll_inst/inst/clk_out1_pll
    BUFGCTRL_X0Y1        BUFG (Prop_bufg_I_O)         0.093    -3.833 r  pll_inst/inst/clkout1_buf/O
                         net (fo=546, routed)         1.392    -2.441    uart_inst/clk_out1
    SLICE_X72Y103        FDCE                                         r  uart_inst/rx_data_reg[0]/C
  -------------------------------------------------------------------    -------------------
    SLICE_X72Y103        FDCE (Prop_fdce_C_Q)         0.223    -2.218 f  uart_inst/rx_data_reg[0]/Q
                         net (fo=47, routed)          0.848    -1.371    uart_inst/rx_data[0]
    SLICE_X65Y102        LUT3 (Prop_lut3_I1_O)        0.050    -1.321 r  uart_inst/sw[63]_i_4/O
                         net (fo=3, routed)           0.389    -0.931    uart_inst/sw[63]_i_4_n_0
    SLICE_X66Y101        LUT6 (Prop_lut6_I1_O)        0.132    -0.799 f  uart_inst/sw[62]_i_3/O
                         net (fo=4, routed)           0.420    -0.380    uart_inst/sw[62]_i_3_n_0
    SLICE_X65Y102        LUT4 (Prop_lut4_I2_O)        0.043    -0.337 r  uart_inst/sw[58]_i_2/O
                         net (fo=8, routed)           1.169     0.833    uart_inst/sw[58]_i_2_n_0
    SLICE_X60Y102        LUT4 (Prop_lut4_I1_O)        0.043     0.876 r  uart_inst/sw[26]_i_1/O
                         net (fo=1, routed)           0.000     0.876    twin_controller_inst/sw_reg[26]_0
    SLICE_X60Y102        FDCE                                         r  twin_controller_inst/sw_reg[26]/D
  -------------------------------------------------------------------    -------------------

                         (clock clk_out1_pll rise edge)
                                                     20.000    20.000 r  
    AD12                                              0.000    20.000 r  i_sys_clk_p (IN)
                         net (fo=0)                   0.000    20.000    pll_inst/inst/clk_in1_p
    AD12                 IBUFDS (Prop_ibufds_I_O)     0.803    20.803 r  pll_inst/inst/clkin1_ibufgds/O
                         net (fo=1, routed)           1.001    21.804    pll_inst/inst/clk_in1_pll
    PLLE2_ADV_X1Y1       PLLE2_ADV (Prop_plle2_adv_CLKIN1_CLKOUT0)
                                                     -7.261    14.543 r  pll_inst/inst/plle2_adv_inst/CLKOUT0
                         net (fo=1, routed)           2.003    16.546    pll_inst/inst/clk_out1_pll
    BUFGCTRL_X0Y1        BUFG (Prop_bufg_I_O)         0.083    16.629 r  pll_inst/inst/clkout1_buf/O
                         net (fo=546, routed)         1.261    17.890    twin_controller_inst/CLK
    SLICE_X60Y102        FDCE                                         r  twin_controller_inst/sw_reg[26]/C
                         clock pessimism             -0.375    17.516    
                         clock uncertainty           -0.086    17.429    
    SLICE_X60Y102        FDCE (Setup_fdce_C_D)        0.034    17.463    twin_controller_inst/sw_reg[26]
  -------------------------------------------------------------------
                         required time                         17.463    
                         arrival time                          -0.876    
  -------------------------------------------------------------------
                         slack                                 16.588    

Slack (MET) :             16.588ns  (required time - arrival time)
  Source:                 uart_inst/rx_data_reg[0]/C
                            (rising edge-triggered cell FDCE clocked by clk_out1_pll  {rise@0.000ns fall@10.000ns period=20.000ns})
  Destination:            twin_controller_inst/sw_reg[26]/D
                            (rising edge-triggered cell FDCE clocked by clk_out1_pll  {rise@0.000ns fall@10.000ns period=20.000ns})
  Path Group:             clk_out1_pll
  Path Type:              Setup (Max at Slow Process Corner)
  Requirement:            20.000ns  (clk_out1_pll rise@20.000ns - clk_out1_pll rise@0.000ns)
  Data Path Delay:        3.317ns  (logic 0.491ns (14.802%)  route 2.826ns (85.198%))
  Logic Levels:           4  (LUT3=1 LUT4=2 LUT6=1)
  Clock Path Skew:        -0.043ns (DCD - SCD + CPR)
    Destination Clock Delay (DCD):    -2.110ns = ( 17.890 - 20.000 ) 
    Source Clock Delay      (SCD):    -2.441ns
    Clock Pessimism Removal (CPR):    -0.375ns
  Clock Uncertainty:      0.086ns  ((TSJ^2 + DJ^2)^1/2) / 2 + PE
    Total System Jitter     (TSJ):    0.071ns
    Discrete Jitter          (DJ):    0.157ns
    Phase Error              (PE):    0.000ns

    Location             Delay type                Incr(ns)  Path(ns)    Netlist Resource(s)
  -------------------------------------------------------------------    -------------------
                         (clock clk_out1_pll rise edge)
                                                      0.000     0.000 r  
    AD12                                              0.000     0.000 r  i_sys_clk_p (IN)
                         net (fo=0)                   0.000     0.000    pll_inst/inst/clk_in1_p
    AD12                 IBUFDS (Prop_ibufds_I_O)     0.906     0.906 r  pll_inst/inst/clkin1_ibufgds/O
                         net (fo=1, routed)           1.098     2.004    pll_inst/inst/clk_in1_pll
    PLLE2_ADV_X1Y1       PLLE2_ADV (Prop_plle2_adv_CLKIN1_CLKOUT0)
                                                     -8.058    -6.054 r  pll_inst/inst/plle2_adv_inst/CLKOUT0
                         net (fo=1, routed)           2.128    -3.926    pll_inst/inst/clk_out1_pll
    BUFGCTRL_X0Y1        BUFG (Prop_bufg_I_O)         0.093    -3.833 r  pll_inst/inst/clkout1_buf/O
                         net (fo=546, routed)         1.392    -2.441    uart_inst/clk_out1
    SLICE_X72Y103        FDCE                                         r  uart_inst/rx_data_reg[0]/C
  -------------------------------------------------------------------    -------------------
    SLICE_X72Y103        FDCE (Prop_fdce_C_Q)         0.223    -2.218 r  uart_inst/rx_data_reg[0]/Q
                         net (fo=47, routed)          0.848    -1.371    uart_inst/rx_data[0]
    SLICE_X65Y102        LUT3 (Prop_lut3_I1_O)        0.050    -1.321 f  uart_inst/sw[63]_i_4/O
                         net (fo=3, routed)           0.389    -0.931    uart_inst/sw[63]_i_4_n_0
    SLICE_X66Y101        LUT6 (Prop_lut6_I1_O)        0.132    -0.799 f  uart_inst/sw[62]_i_3/O
                         net (fo=4, routed)           0.420    -0.380    uart_inst/sw[62]_i_3_n_0
    SLICE_X65Y102        LUT4 (Prop_lut4_I2_O)        0.043    -0.337 r  uart_inst/sw[58]_i_2/O
                         net (fo=8, routed)           1.169     0.833    uart_inst/sw[58]_i_2_n_0
    SLICE_X60Y102        LUT4 (Prop_lut4_I1_O)        0.043     0.876 r  uart_inst/sw[26]_i_1/O
                         net (fo=1, routed)           0.000     0.876    twin_controller_inst/sw_reg[26]_0
    SLICE_X60Y102        FDCE                                         r  twin_controller_inst/sw_reg[26]/D
  -------------------------------------------------------------------    -------------------

                         (clock clk_out1_pll rise edge)
                                                     20.000    20.000 r  
    AD12                                              0.000    20.000 r  i_sys_clk_p (IN)
                         net (fo=0)                   0.000    20.000    pll_inst/inst/clk_in1_p
    AD12                 IBUFDS (Prop_ibufds_I_O)     0.803    20.803 r  pll_inst/inst/clkin1_ibufgds/O
                         net (fo=1, routed)           1.001    21.804    pll_inst/inst/clk_in1_pll
    PLLE2_ADV_X1Y1       PLLE2_ADV (Prop_plle2_adv_CLKIN1_CLKOUT0)
                                                     -7.261    14.543 r  pll_inst/inst/plle2_adv_inst/CLKOUT0
                         net (fo=1, routed)           2.003    16.546    pll_inst/inst/clk_out1_pll
    BUFGCTRL_X0Y1        BUFG (Prop_bufg_I_O)         0.083    16.629 r  pll_inst/inst/clkout1_buf/O
                         net (fo=546, routed)         1.261    17.890    twin_controller_inst/CLK
    SLICE_X60Y102        FDCE                                         r  twin_controller_inst/sw_reg[26]/C
                         clock pessimism             -0.375    17.516    
                         clock uncertainty           -0.086    17.429    
    SLICE_X60Y102        FDCE (Setup_fdce_C_D)        0.034    17.463    twin_controller_inst/sw_reg[26]
  -------------------------------------------------------------------
                         required time                         17.463    
                         arrival time                          -0.876    
  -------------------------------------------------------------------
                         slack                                 16.588    

Slack (MET) :             16.588ns  (required time - arrival time)
  Source:                 uart_inst/rx_data_reg[0]/C
                            (rising edge-triggered cell FDCE clocked by clk_out1_pll  {rise@0.000ns fall@10.000ns period=20.000ns})
  Destination:            twin_controller_inst/sw_reg[26]/D
                            (rising edge-triggered cell FDCE clocked by clk_out1_pll  {rise@0.000ns fall@10.000ns period=20.000ns})
  Path Group:             clk_out1_pll
  Path Type:              Setup (Max at Slow Process Corner)
  Requirement:            20.000ns  (clk_out1_pll rise@20.000ns - clk_out1_pll rise@0.000ns)
  Data Path Delay:        3.317ns  (logic 0.491ns (14.802%)  route 2.826ns (85.198%))
  Logic Levels:           4  (LUT3=1 LUT4=2 LUT6=1)
  Clock Path Skew:        -0.043ns (DCD - SCD + CPR)
    Destination Clock Delay (DCD):    -2.110ns = ( 17.890 - 20.000 ) 
    Source Clock Delay      (SCD):    -2.441ns
    Clock Pessimism Removal (CPR):    -0.375ns
  Clock Uncertainty:      0.086ns  ((TSJ^2 + DJ^2)^1/2) / 2 + PE
    Total System Jitter     (TSJ):    0.071ns
    Discrete Jitter          (DJ):    0.157ns
    Phase Error              (PE):    0.000ns

    Location             Delay type                Incr(ns)  Path(ns)    Netlist Resource(s)
  -------------------------------------------------------------------    -------------------
                         (clock clk_out1_pll rise edge)
                                                      0.000     0.000 r  
    AD12                                              0.000     0.000 r  i_sys_clk_p (IN)
                         net (fo=0)                   0.000     0.000    pll_inst/inst/clk_in1_p
    AD12                 IBUFDS (Prop_ibufds_I_O)     0.906     0.906 r  pll_inst/inst/clkin1_ibufgds/O
                         net (fo=1, routed)           1.098     2.004    pll_inst/inst/clk_in1_pll
    PLLE2_ADV_X1Y1       PLLE2_ADV (Prop_plle2_adv_CLKIN1_CLKOUT0)
                                                     -8.058    -6.054 r  pll_inst/inst/plle2_adv_inst/CLKOUT0
                         net (fo=1, routed)           2.128    -3.926    pll_inst/inst/clk_out1_pll
    BUFGCTRL_X0Y1        BUFG (Prop_bufg_I_O)         0.093    -3.833 r  pll_inst/inst/clkout1_buf/O
                         net (fo=546, routed)         1.392    -2.441    uart_inst/clk_out1
    SLICE_X72Y103        FDCE                                         r  uart_inst/rx_data_reg[0]/C
  -------------------------------------------------------------------    -------------------
    SLICE_X72Y103        FDCE (Prop_fdce_C_Q)         0.223    -2.218 f  uart_inst/rx_data_reg[0]/Q
                         net (fo=47, routed)          0.848    -1.371    uart_inst/rx_data[0]
    SLICE_X65Y102        LUT3 (Prop_lut3_I1_O)        0.050    -1.321 r  uart_inst/sw[63]_i_4/O
                         net (fo=3, routed)           0.389    -0.931    uart_inst/sw[63]_i_4_n_0
    SLICE_X66Y101        LUT6 (Prop_lut6_I1_O)        0.132    -0.799 r  uart_inst/sw[62]_i_3/O
                         net (fo=4, routed)           0.420    -0.380    uart_inst/sw[62]_i_3_n_0
    SLICE_X65Y102        LUT4 (Prop_lut4_I2_O)        0.043    -0.337 f  uart_inst/sw[58]_i_2/O
                         net (fo=8, routed)           1.169     0.833    uart_inst/sw[58]_i_2_n_0
    SLICE_X60Y102        LUT4 (Prop_lut4_I1_O)        0.043     0.876 r  uart_inst/sw[26]_i_1/O
                         net (fo=1, routed)           0.000     0.876    twin_controller_inst/sw_reg[26]_0
    SLICE_X60Y102        FDCE                                         r  twin_controller_inst/sw_reg[26]/D
  -------------------------------------------------------------------    -------------------

                         (clock clk_out1_pll rise edge)
                                                     20.000    20.000 r  
    AD12                                              0.000    20.000 r  i_sys_clk_p (IN)
                         net (fo=0)                   0.000    20.000    pll_inst/inst/clk_in1_p
    AD12                 IBUFDS (Prop_ibufds_I_O)     0.803    20.803 r  pll_inst/inst/clkin1_ibufgds/O
                         net (fo=1, routed)           1.001    21.804    pll_inst/inst/clk_in1_pll
    PLLE2_ADV_X1Y1       PLLE2_ADV (Prop_plle2_adv_CLKIN1_CLKOUT0)
                                                     -7.261    14.543 r  pll_inst/inst/plle2_adv_inst/CLKOUT0
                         net (fo=1, routed)           2.003    16.546    pll_inst/inst/clk_out1_pll
    BUFGCTRL_X0Y1        BUFG (Prop_bufg_I_O)         0.083    16.629 r  pll_inst/inst/clkout1_buf/O
                         net (fo=546, routed)         1.261    17.890    twin_controller_inst/CLK
    SLICE_X60Y102        FDCE                                         r  twin_controller_inst/sw_reg[26]/C
                         clock pessimism             -0.375    17.516    
                         clock uncertainty           -0.086    17.429    
    SLICE_X60Y102        FDCE (Setup_fdce_C_D)        0.034    17.463    twin_controller_inst/sw_reg[26]
  -------------------------------------------------------------------
                         required time                         17.463    
                         arrival time                          -0.876    
  -------------------------------------------------------------------
                         slack                                 16.588    

Slack (MET) :             16.588ns  (required time - arrival time)
  Source:                 uart_inst/rx_data_reg[0]/C
                            (rising edge-triggered cell FDCE clocked by clk_out1_pll  {rise@0.000ns fall@10.000ns period=20.000ns})
  Destination:            twin_controller_inst/sw_reg[26]/D
                            (rising edge-triggered cell FDCE clocked by clk_out1_pll  {rise@0.000ns fall@10.000ns period=20.000ns})
  Path Group:             clk_out1_pll
  Path Type:              Setup (Max at Slow Process Corner)
  Requirement:            20.000ns  (clk_out1_pll rise@20.000ns - clk_out1_pll rise@0.000ns)
  Data Path Delay:        3.317ns  (logic 0.491ns (14.802%)  route 2.826ns (85.198%))
  Logic Levels:           4  (LUT3=1 LUT4=2 LUT6=1)
  Clock Path Skew:        -0.043ns (DCD - SCD + CPR)
    Destination Clock Delay (DCD):    -2.110ns = ( 17.890 - 20.000 ) 
    Source Clock Delay      (SCD):    -2.441ns
    Clock Pessimism Removal (CPR):    -0.375ns
  Clock Uncertainty:      0.086ns  ((TSJ^2 + DJ^2)^1/2) / 2 + PE
    Total System Jitter     (TSJ):    0.071ns
    Discrete Jitter          (DJ):    0.157ns
    Phase Error              (PE):    0.000ns

    Location             Delay type                Incr(ns)  Path(ns)    Netlist Resource(s)
  -------------------------------------------------------------------    -------------------
                         (clock clk_out1_pll rise edge)
                                                      0.000     0.000 r  
    AD12                                              0.000     0.000 r  i_sys_clk_p (IN)
                         net (fo=0)                   0.000     0.000    pll_inst/inst/clk_in1_p
    AD12                 IBUFDS (Prop_ibufds_I_O)     0.906     0.906 r  pll_inst/inst/clkin1_ibufgds/O
                         net (fo=1, routed)           1.098     2.004    pll_inst/inst/clk_in1_pll
    PLLE2_ADV_X1Y1       PLLE2_ADV (Prop_plle2_adv_CLKIN1_CLKOUT0)
                                                     -8.058    -6.054 r  pll_inst/inst/plle2_adv_inst/CLKOUT0
                         net (fo=1, routed)           2.128    -3.926    pll_inst/inst/clk_out1_pll
    BUFGCTRL_X0Y1        BUFG (Prop_bufg_I_O)         0.093    -3.833 r  pll_inst/inst/clkout1_buf/O
                         net (fo=546, routed)         1.392    -2.441    uart_inst/clk_out1
    SLICE_X72Y103        FDCE                                         r  uart_inst/rx_data_reg[0]/C
  -------------------------------------------------------------------    -------------------
    SLICE_X72Y103        FDCE (Prop_fdce_C_Q)         0.223    -2.218 r  uart_inst/rx_data_reg[0]/Q
                         net (fo=47, routed)          0.848    -1.371    uart_inst/rx_data[0]
    SLICE_X65Y102        LUT3 (Prop_lut3_I1_O)        0.050    -1.321 f  uart_inst/sw[63]_i_4/O
                         net (fo=3, routed)           0.389    -0.931    uart_inst/sw[63]_i_4_n_0
    SLICE_X66Y101        LUT6 (Prop_lut6_I1_O)        0.132    -0.799 r  uart_inst/sw[62]_i_3/O
                         net (fo=4, routed)           0.420    -0.380    uart_inst/sw[62]_i_3_n_0
    SLICE_X65Y102        LUT4 (Prop_lut4_I2_O)        0.043    -0.337 f  uart_inst/sw[58]_i_2/O
                         net (fo=8, routed)           1.169     0.833    uart_inst/sw[58]_i_2_n_0
    SLICE_X60Y102        LUT4 (Prop_lut4_I1_O)        0.043     0.876 r  uart_inst/sw[26]_i_1/O
                         net (fo=1, routed)           0.000     0.876    twin_controller_inst/sw_reg[26]_0
    SLICE_X60Y102        FDCE                                         r  twin_controller_inst/sw_reg[26]/D
  -------------------------------------------------------------------    -------------------

                         (clock clk_out1_pll rise edge)
                                                     20.000    20.000 r  
    AD12                                              0.000    20.000 r  i_sys_clk_p (IN)
                         net (fo=0)                   0.000    20.000    pll_inst/inst/clk_in1_p
    AD12                 IBUFDS (Prop_ibufds_I_O)     0.803    20.803 r  pll_inst/inst/clkin1_ibufgds/O
                         net (fo=1, routed)           1.001    21.804    pll_inst/inst/clk_in1_pll
    PLLE2_ADV_X1Y1       PLLE2_ADV (Prop_plle2_adv_CLKIN1_CLKOUT0)
                                                     -7.261    14.543 r  pll_inst/inst/plle2_adv_inst/CLKOUT0
                         net (fo=1, routed)           2.003    16.546    pll_inst/inst/clk_out1_pll
    BUFGCTRL_X0Y1        BUFG (Prop_bufg_I_O)         0.083    16.629 r  pll_inst/inst/clkout1_buf/O
                         net (fo=546, routed)         1.261    17.890    twin_controller_inst/CLK
    SLICE_X60Y102        FDCE                                         r  twin_controller_inst/sw_reg[26]/C
                         clock pessimism             -0.375    17.516    
                         clock uncertainty           -0.086    17.429    
    SLICE_X60Y102        FDCE (Setup_fdce_C_D)        0.034    17.463    twin_controller_inst/sw_reg[26]
  -------------------------------------------------------------------
                         required time                         17.463    
                         arrival time                          -0.876    
  -------------------------------------------------------------------
                         slack                                 16.588    

Slack (MET) :             16.588ns  (required time - arrival time)
  Source:                 uart_inst/rx_data_reg[0]/C
                            (rising edge-triggered cell FDCE clocked by clk_out1_pll  {rise@0.000ns fall@10.000ns period=20.000ns})
  Destination:            twin_controller_inst/sw_reg[26]/D
                            (rising edge-triggered cell FDCE clocked by clk_out1_pll  {rise@0.000ns fall@10.000ns period=20.000ns})
  Path Group:             clk_out1_pll
  Path Type:              Setup (Max at Slow Process Corner)
  Requirement:            20.000ns  (clk_out1_pll rise@20.000ns - clk_out1_pll rise@0.000ns)
  Data Path Delay:        3.317ns  (logic 0.491ns (14.802%)  route 2.826ns (85.198%))
  Logic Levels:           4  (LUT3=1 LUT4=2 LUT6=1)
  Clock Path Skew:        -0.043ns (DCD - SCD + CPR)
    Destination Clock Delay (DCD):    -2.110ns = ( 17.890 - 20.000 ) 
    Source Clock Delay      (SCD):    -2.441ns
    Clock Pessimism Removal (CPR):    -0.375ns
  Clock Uncertainty:      0.086ns  ((TSJ^2 + DJ^2)^1/2) / 2 + PE
    Total System Jitter     (TSJ):    0.071ns
    Discrete Jitter          (DJ):    0.157ns
    Phase Error              (PE):    0.000ns

    Location             Delay type                Incr(ns)  Path(ns)    Netlist Resource(s)
  -------------------------------------------------------------------    -------------------
                         (clock clk_out1_pll rise edge)
                                                      0.000     0.000 r  
    AD12                                              0.000     0.000 r  i_sys_clk_p (IN)
                         net (fo=0)                   0.000     0.000    pll_inst/inst/clk_in1_p
    AD12                 IBUFDS (Prop_ibufds_I_O)     0.906     0.906 r  pll_inst/inst/clkin1_ibufgds/O
                         net (fo=1, routed)           1.098     2.004    pll_inst/inst/clk_in1_pll
    PLLE2_ADV_X1Y1       PLLE2_ADV (Prop_plle2_adv_CLKIN1_CLKOUT0)
                                                     -8.058    -6.054 r  pll_inst/inst/plle2_adv_inst/CLKOUT0
                         net (fo=1, routed)           2.128    -3.926    pll_inst/inst/clk_out1_pll
    BUFGCTRL_X0Y1        BUFG (Prop_bufg_I_O)         0.093    -3.833 r  pll_inst/inst/clkout1_buf/O
                         net (fo=546, routed)         1.392    -2.441    uart_inst/clk_out1
    SLICE_X72Y103        FDCE                                         r  uart_inst/rx_data_reg[0]/C
  -------------------------------------------------------------------    -------------------
    SLICE_X72Y103        FDCE (Prop_fdce_C_Q)         0.223    -2.218 f  uart_inst/rx_data_reg[0]/Q
                         net (fo=47, routed)          0.848    -1.371    uart_inst/rx_data[0]
    SLICE_X65Y102        LUT3 (Prop_lut3_I1_O)        0.050    -1.321 r  uart_inst/sw[63]_i_4/O
                         net (fo=3, routed)           0.389    -0.931    uart_inst/sw[63]_i_4_n_0
    SLICE_X66Y101        LUT6 (Prop_lut6_I1_O)        0.132    -0.799 f  uart_inst/sw[62]_i_3/O
                         net (fo=4, routed)           0.420    -0.380    uart_inst/sw[62]_i_3_n_0
    SLICE_X65Y102        LUT4 (Prop_lut4_I2_O)        0.043    -0.337 r  uart_inst/sw[58]_i_2/O
                         net (fo=8, routed)           1.169     0.833    uart_inst/sw[58]_i_2_n_0
    SLICE_X60Y102        LUT4 (Prop_lut4_I1_O)        0.043     0.876 f  uart_inst/sw[26]_i_1/O
                         net (fo=1, routed)           0.000     0.876    twin_controller_inst/sw_reg[26]_0
    SLICE_X60Y102        FDCE                                         f  twin_controller_inst/sw_reg[26]/D
  -------------------------------------------------------------------    -------------------

                         (clock clk_out1_pll rise edge)
                                                     20.000    20.000 r  
    AD12                                              0.000    20.000 r  i_sys_clk_p (IN)
                         net (fo=0)                   0.000    20.000    pll_inst/inst/clk_in1_p
    AD12                 IBUFDS (Prop_ibufds_I_O)     0.803    20.803 r  pll_inst/inst/clkin1_ibufgds/O
                         net (fo=1, routed)           1.001    21.804    pll_inst/inst/clk_in1_pll
    PLLE2_ADV_X1Y1       PLLE2_ADV (Prop_plle2_adv_CLKIN1_CLKOUT0)
                                                     -7.261    14.543 r  pll_inst/inst/plle2_adv_inst/CLKOUT0
                         net (fo=1, routed)           2.003    16.546    pll_inst/inst/clk_out1_pll
    BUFGCTRL_X0Y1        BUFG (Prop_bufg_I_O)         0.083    16.629 r  pll_inst/inst/clkout1_buf/O
                         net (fo=546, routed)         1.261    17.890    twin_controller_inst/CLK
    SLICE_X60Y102        FDCE                                         r  twin_controller_inst/sw_reg[26]/C
                         clock pessimism             -0.375    17.516    
                         clock uncertainty           -0.086    17.429    
    SLICE_X60Y102        FDCE (Setup_fdce_C_D)        0.034    17.463    twin_controller_inst/sw_reg[26]
  -------------------------------------------------------------------
                         required time                         17.463    
                         arrival time                          -0.876    
  -------------------------------------------------------------------
                         slack                                 16.588    

Slack (MET) :             16.590ns  (required time - arrival time)
  Source:                 uart_inst/rx_data_reg[0]/C
                            (rising edge-triggered cell FDCE clocked by clk_out1_pll  {rise@0.000ns fall@10.000ns period=20.000ns})
  Destination:            twin_controller_inst/sw_reg[2]/D
                            (rising edge-triggered cell FDCE clocked by clk_out1_pll  {rise@0.000ns fall@10.000ns period=20.000ns})
  Path Group:             clk_out1_pll
  Path Type:              Setup (Max at Slow Process Corner)
  Requirement:            20.000ns  (clk_out1_pll rise@20.000ns - clk_out1_pll rise@0.000ns)
  Data Path Delay:        3.344ns  (logic 0.491ns (14.685%)  route 2.853ns (85.315%))
  Logic Levels:           4  (LUT3=1 LUT4=2 LUT6=1)
  Clock Path Skew:        -0.044ns (DCD - SCD + CPR)
    Destination Clock Delay (DCD):    -2.111ns = ( 17.889 - 20.000 ) 
    Source Clock Delay      (SCD):    -2.441ns
    Clock Pessimism Removal (CPR):    -0.375ns
  Clock Uncertainty:      0.086ns  ((TSJ^2 + DJ^2)^1/2) / 2 + PE
    Total System Jitter     (TSJ):    0.071ns
    Discrete Jitter          (DJ):    0.157ns
    Phase Error              (PE):    0.000ns

    Location             Delay type                Incr(ns)  Path(ns)    Netlist Resource(s)
  -------------------------------------------------------------------    -------------------
                         (clock clk_out1_pll rise edge)
                                                      0.000     0.000 r  
    AD12                                              0.000     0.000 r  i_sys_clk_p (IN)
                         net (fo=0)                   0.000     0.000    pll_inst/inst/clk_in1_p
    AD12                 IBUFDS (Prop_ibufds_I_O)     0.906     0.906 r  pll_inst/inst/clkin1_ibufgds/O
                         net (fo=1, routed)           1.098     2.004    pll_inst/inst/clk_in1_pll
    PLLE2_ADV_X1Y1       PLLE2_ADV (Prop_plle2_adv_CLKIN1_CLKOUT0)
                                                     -8.058    -6.054 r  pll_inst/inst/plle2_adv_inst/CLKOUT0
                         net (fo=1, routed)           2.128    -3.926    pll_inst/inst/clk_out1_pll
    BUFGCTRL_X0Y1        BUFG (Prop_bufg_I_O)         0.093    -3.833 r  pll_inst/inst/clkout1_buf/O
                         net (fo=546, routed)         1.392    -2.441    uart_inst/clk_out1
    SLICE_X72Y103        FDCE                                         r  uart_inst/rx_data_reg[0]/C
  -------------------------------------------------------------------    -------------------
    SLICE_X72Y103        FDCE (Prop_fdce_C_Q)         0.223    -2.218 f  uart_inst/rx_data_reg[0]/Q
                         net (fo=47, routed)          0.848    -1.371    uart_inst/rx_data[0]
    SLICE_X65Y102        LUT3 (Prop_lut3_I1_O)        0.050    -1.321 r  uart_inst/sw[63]_i_4/O
                         net (fo=3, routed)           0.389    -0.931    uart_inst/sw[63]_i_4_n_0
    SLICE_X66Y101        LUT6 (Prop_lut6_I1_O)        0.132    -0.799 f  uart_inst/sw[62]_i_3/O
                         net (fo=4, routed)           0.420    -0.380    uart_inst/sw[62]_i_3_n_0
    SLICE_X65Y102        LUT4 (Prop_lut4_I2_O)        0.043    -0.337 r  uart_inst/sw[58]_i_2/O
                         net (fo=8, routed)           1.196     0.859    uart_inst/sw[58]_i_2_n_0
    SLICE_X62Y100        LUT4 (Prop_lut4_I1_O)        0.043     0.902 r  uart_inst/sw[2]_i_1/O
                         net (fo=1, routed)           0.000     0.902    twin_controller_inst/sw_reg[2]_0
    SLICE_X62Y100        FDCE                                         r  twin_controller_inst/sw_reg[2]/D
  -------------------------------------------------------------------    -------------------

                         (clock clk_out1_pll rise edge)
                                                     20.000    20.000 r  
    AD12                                              0.000    20.000 r  i_sys_clk_p (IN)
                         net (fo=0)                   0.000    20.000    pll_inst/inst/clk_in1_p
    AD12                 IBUFDS (Prop_ibufds_I_O)     0.803    20.803 r  pll_inst/inst/clkin1_ibufgds/O
                         net (fo=1, routed)           1.001    21.804    pll_inst/inst/clk_in1_pll
    PLLE2_ADV_X1Y1       PLLE2_ADV (Prop_plle2_adv_CLKIN1_CLKOUT0)
                                                     -7.261    14.543 r  pll_inst/inst/plle2_adv_inst/CLKOUT0
                         net (fo=1, routed)           2.003    16.546    pll_inst/inst/clk_out1_pll
    BUFGCTRL_X0Y1        BUFG (Prop_bufg_I_O)         0.083    16.629 r  pll_inst/inst/clkout1_buf/O
                         net (fo=546, routed)         1.260    17.889    twin_controller_inst/CLK
    SLICE_X62Y100        FDCE                                         r  twin_controller_inst/sw_reg[2]/C
                         clock pessimism             -0.375    17.515    
                         clock uncertainty           -0.086    17.428    
    SLICE_X62Y100        FDCE (Setup_fdce_C_D)        0.064    17.492    twin_controller_inst/sw_reg[2]
  -------------------------------------------------------------------
                         required time                         17.492    
                         arrival time                          -0.902    
  -------------------------------------------------------------------
                         slack                                 16.590    

Slack (MET) :             16.590ns  (required time - arrival time)
  Source:                 uart_inst/rx_data_reg[0]/C
                            (rising edge-triggered cell FDCE clocked by clk_out1_pll  {rise@0.000ns fall@10.000ns period=20.000ns})
  Destination:            twin_controller_inst/sw_reg[2]/D
                            (rising edge-triggered cell FDCE clocked by clk_out1_pll  {rise@0.000ns fall@10.000ns period=20.000ns})
  Path Group:             clk_out1_pll
  Path Type:              Setup (Max at Slow Process Corner)
  Requirement:            20.000ns  (clk_out1_pll rise@20.000ns - clk_out1_pll rise@0.000ns)
  Data Path Delay:        3.344ns  (logic 0.491ns (14.685%)  route 2.853ns (85.315%))
  Logic Levels:           4  (LUT3=1 LUT4=2 LUT6=1)
  Clock Path Skew:        -0.044ns (DCD - SCD + CPR)
    Destination Clock Delay (DCD):    -2.111ns = ( 17.889 - 20.000 ) 
    Source Clock Delay      (SCD):    -2.441ns
    Clock Pessimism Removal (CPR):    -0.375ns
  Clock Uncertainty:      0.086ns  ((TSJ^2 + DJ^2)^1/2) / 2 + PE
    Total System Jitter     (TSJ):    0.071ns
    Discrete Jitter          (DJ):    0.157ns
    Phase Error              (PE):    0.000ns

    Location             Delay type                Incr(ns)  Path(ns)    Netlist Resource(s)
  -------------------------------------------------------------------    -------------------
                         (clock clk_out1_pll rise edge)
                                                      0.000     0.000 r  
    AD12                                              0.000     0.000 r  i_sys_clk_p (IN)
                         net (fo=0)                   0.000     0.000    pll_inst/inst/clk_in1_p
    AD12                 IBUFDS (Prop_ibufds_I_O)     0.906     0.906 r  pll_inst/inst/clkin1_ibufgds/O
                         net (fo=1, routed)           1.098     2.004    pll_inst/inst/clk_in1_pll
    PLLE2_ADV_X1Y1       PLLE2_ADV (Prop_plle2_adv_CLKIN1_CLKOUT0)
                                                     -8.058    -6.054 r  pll_inst/inst/plle2_adv_inst/CLKOUT0
                         net (fo=1, routed)           2.128    -3.926    pll_inst/inst/clk_out1_pll
    BUFGCTRL_X0Y1        BUFG (Prop_bufg_I_O)         0.093    -3.833 r  pll_inst/inst/clkout1_buf/O
                         net (fo=546, routed)         1.392    -2.441    uart_inst/clk_out1
    SLICE_X72Y103        FDCE                                         r  uart_inst/rx_data_reg[0]/C
  -------------------------------------------------------------------    -------------------
    SLICE_X72Y103        FDCE (Prop_fdce_C_Q)         0.223    -2.218 r  uart_inst/rx_data_reg[0]/Q
                         net (fo=47, routed)          0.848    -1.371    uart_inst/rx_data[0]
    SLICE_X65Y102        LUT3 (Prop_lut3_I1_O)        0.050    -1.321 f  uart_inst/sw[63]_i_4/O
                         net (fo=3, routed)           0.389    -0.931    uart_inst/sw[63]_i_4_n_0
    SLICE_X66Y101        LUT6 (Prop_lut6_I1_O)        0.132    -0.799 f  uart_inst/sw[62]_i_3/O
                         net (fo=4, routed)           0.420    -0.380    uart_inst/sw[62]_i_3_n_0
    SLICE_X65Y102        LUT4 (Prop_lut4_I2_O)        0.043    -0.337 r  uart_inst/sw[58]_i_2/O
                         net (fo=8, routed)           1.196     0.859    uart_inst/sw[58]_i_2_n_0
    SLICE_X62Y100        LUT4 (Prop_lut4_I1_O)        0.043     0.902 r  uart_inst/sw[2]_i_1/O
                         net (fo=1, routed)           0.000     0.902    twin_controller_inst/sw_reg[2]_0
    SLICE_X62Y100        FDCE                                         r  twin_controller_inst/sw_reg[2]/D
  -------------------------------------------------------------------    -------------------

                         (clock clk_out1_pll rise edge)
                                                     20.000    20.000 r  
    AD12                                              0.000    20.000 r  i_sys_clk_p (IN)
                         net (fo=0)                   0.000    20.000    pll_inst/inst/clk_in1_p
    AD12                 IBUFDS (Prop_ibufds_I_O)     0.803    20.803 r  pll_inst/inst/clkin1_ibufgds/O
                         net (fo=1, routed)           1.001    21.804    pll_inst/inst/clk_in1_pll
    PLLE2_ADV_X1Y1       PLLE2_ADV (Prop_plle2_adv_CLKIN1_CLKOUT0)
                                                     -7.261    14.543 r  pll_inst/inst/plle2_adv_inst/CLKOUT0
                         net (fo=1, routed)           2.003    16.546    pll_inst/inst/clk_out1_pll
    BUFGCTRL_X0Y1        BUFG (Prop_bufg_I_O)         0.083    16.629 r  pll_inst/inst/clkout1_buf/O
                         net (fo=546, routed)         1.260    17.889    twin_controller_inst/CLK
    SLICE_X62Y100        FDCE                                         r  twin_controller_inst/sw_reg[2]/C
                         clock pessimism             -0.375    17.515    
                         clock uncertainty           -0.086    17.428    
    SLICE_X62Y100        FDCE (Setup_fdce_C_D)        0.064    17.492    twin_controller_inst/sw_reg[2]
  -------------------------------------------------------------------
                         required time                         17.492    
                         arrival time                          -0.902    
  -------------------------------------------------------------------
                         slack                                 16.590    

Slack (MET) :             16.590ns  (required time - arrival time)
  Source:                 uart_inst/rx_data_reg[0]/C
                            (rising edge-triggered cell FDCE clocked by clk_out1_pll  {rise@0.000ns fall@10.000ns period=20.000ns})
  Destination:            twin_controller_inst/sw_reg[2]/D
                            (rising edge-triggered cell FDCE clocked by clk_out1_pll  {rise@0.000ns fall@10.000ns period=20.000ns})
  Path Group:             clk_out1_pll
  Path Type:              Setup (Max at Slow Process Corner)
  Requirement:            20.000ns  (clk_out1_pll rise@20.000ns - clk_out1_pll rise@0.000ns)
  Data Path Delay:        3.344ns  (logic 0.491ns (14.685%)  route 2.853ns (85.315%))
  Logic Levels:           4  (LUT3=1 LUT4=2 LUT6=1)
  Clock Path Skew:        -0.044ns (DCD - SCD + CPR)
    Destination Clock Delay (DCD):    -2.111ns = ( 17.889 - 20.000 ) 
    Source Clock Delay      (SCD):    -2.441ns
    Clock Pessimism Removal (CPR):    -0.375ns
  Clock Uncertainty:      0.086ns  ((TSJ^2 + DJ^2)^1/2) / 2 + PE
    Total System Jitter     (TSJ):    0.071ns
    Discrete Jitter          (DJ):    0.157ns
    Phase Error              (PE):    0.000ns

    Location             Delay type                Incr(ns)  Path(ns)    Netlist Resource(s)
  -------------------------------------------------------------------    -------------------
                         (clock clk_out1_pll rise edge)
                                                      0.000     0.000 r  
    AD12                                              0.000     0.000 r  i_sys_clk_p (IN)
                         net (fo=0)                   0.000     0.000    pll_inst/inst/clk_in1_p
    AD12                 IBUFDS (Prop_ibufds_I_O)     0.906     0.906 r  pll_inst/inst/clkin1_ibufgds/O
                         net (fo=1, routed)           1.098     2.004    pll_inst/inst/clk_in1_pll
    PLLE2_ADV_X1Y1       PLLE2_ADV (Prop_plle2_adv_CLKIN1_CLKOUT0)
                                                     -8.058    -6.054 r  pll_inst/inst/plle2_adv_inst/CLKOUT0
                         net (fo=1, routed)           2.128    -3.926    pll_inst/inst/clk_out1_pll
    BUFGCTRL_X0Y1        BUFG (Prop_bufg_I_O)         0.093    -3.833 r  pll_inst/inst/clkout1_buf/O
                         net (fo=546, routed)         1.392    -2.441    uart_inst/clk_out1
    SLICE_X72Y103        FDCE                                         r  uart_inst/rx_data_reg[0]/C
  -------------------------------------------------------------------    -------------------
    SLICE_X72Y103        FDCE (Prop_fdce_C_Q)         0.223    -2.218 f  uart_inst/rx_data_reg[0]/Q
                         net (fo=47, routed)          0.848    -1.371    uart_inst/rx_data[0]
    SLICE_X65Y102        LUT3 (Prop_lut3_I1_O)        0.050    -1.321 r  uart_inst/sw[63]_i_4/O
                         net (fo=3, routed)           0.389    -0.931    uart_inst/sw[63]_i_4_n_0
    SLICE_X66Y101        LUT6 (Prop_lut6_I1_O)        0.132    -0.799 r  uart_inst/sw[62]_i_3/O
                         net (fo=4, routed)           0.420    -0.380    uart_inst/sw[62]_i_3_n_0
    SLICE_X65Y102        LUT4 (Prop_lut4_I2_O)        0.043    -0.337 f  uart_inst/sw[58]_i_2/O
                         net (fo=8, routed)           1.196     0.859    uart_inst/sw[58]_i_2_n_0
    SLICE_X62Y100        LUT4 (Prop_lut4_I1_O)        0.043     0.902 r  uart_inst/sw[2]_i_1/O
                         net (fo=1, routed)           0.000     0.902    twin_controller_inst/sw_reg[2]_0
    SLICE_X62Y100        FDCE                                         r  twin_controller_inst/sw_reg[2]/D
  -------------------------------------------------------------------    -------------------

                         (clock clk_out1_pll rise edge)
                                                     20.000    20.000 r  
    AD12                                              0.000    20.000 r  i_sys_clk_p (IN)
                         net (fo=0)                   0.000    20.000    pll_inst/inst/clk_in1_p
    AD12                 IBUFDS (Prop_ibufds_I_O)     0.803    20.803 r  pll_inst/inst/clkin1_ibufgds/O
                         net (fo=1, routed)           1.001    21.804    pll_inst/inst/clk_in1_pll
    PLLE2_ADV_X1Y1       PLLE2_ADV (Prop_plle2_adv_CLKIN1_CLKOUT0)
                                                     -7.261    14.543 r  pll_inst/inst/plle2_adv_inst/CLKOUT0
                         net (fo=1, routed)           2.003    16.546    pll_inst/inst/clk_out1_pll
    BUFGCTRL_X0Y1        BUFG (Prop_bufg_I_O)         0.083    16.629 r  pll_inst/inst/clkout1_buf/O
                         net (fo=546, routed)         1.260    17.889    twin_controller_inst/CLK
    SLICE_X62Y100        FDCE                                         r  twin_controller_inst/sw_reg[2]/C
                         clock pessimism             -0.375    17.515    
                         clock uncertainty           -0.086    17.428    
    SLICE_X62Y100        FDCE (Setup_fdce_C_D)        0.064    17.492    twin_controller_inst/sw_reg[2]
  -------------------------------------------------------------------
                         required time                         17.492    
                         arrival time                          -0.902    
  -------------------------------------------------------------------
                         slack                                 16.590    

Slack (MET) :             16.590ns  (required time - arrival time)
  Source:                 uart_inst/rx_data_reg[0]/C
                            (rising edge-triggered cell FDCE clocked by clk_out1_pll  {rise@0.000ns fall@10.000ns period=20.000ns})
  Destination:            twin_controller_inst/sw_reg[2]/D
                            (rising edge-triggered cell FDCE clocked by clk_out1_pll  {rise@0.000ns fall@10.000ns period=20.000ns})
  Path Group:             clk_out1_pll
  Path Type:              Setup (Max at Slow Process Corner)
  Requirement:            20.000ns  (clk_out1_pll rise@20.000ns - clk_out1_pll rise@0.000ns)
  Data Path Delay:        3.344ns  (logic 0.491ns (14.685%)  route 2.853ns (85.315%))
  Logic Levels:           4  (LUT3=1 LUT4=2 LUT6=1)
  Clock Path Skew:        -0.044ns (DCD - SCD + CPR)
    Destination Clock Delay (DCD):    -2.111ns = ( 17.889 - 20.000 ) 
    Source Clock Delay      (SCD):    -2.441ns
    Clock Pessimism Removal (CPR):    -0.375ns
  Clock Uncertainty:      0.086ns  ((TSJ^2 + DJ^2)^1/2) / 2 + PE
    Total System Jitter     (TSJ):    0.071ns
    Discrete Jitter          (DJ):    0.157ns
    Phase Error              (PE):    0.000ns

    Location             Delay type                Incr(ns)  Path(ns)    Netlist Resource(s)
  -------------------------------------------------------------------    -------------------
                         (clock clk_out1_pll rise edge)
                                                      0.000     0.000 r  
    AD12                                              0.000     0.000 r  i_sys_clk_p (IN)
                         net (fo=0)                   0.000     0.000    pll_inst/inst/clk_in1_p
    AD12                 IBUFDS (Prop_ibufds_I_O)     0.906     0.906 r  pll_inst/inst/clkin1_ibufgds/O
                         net (fo=1, routed)           1.098     2.004    pll_inst/inst/clk_in1_pll
    PLLE2_ADV_X1Y1       PLLE2_ADV (Prop_plle2_adv_CLKIN1_CLKOUT0)
                                                     -8.058    -6.054 r  pll_inst/inst/plle2_adv_inst/CLKOUT0
                         net (fo=1, routed)           2.128    -3.926    pll_inst/inst/clk_out1_pll
    BUFGCTRL_X0Y1        BUFG (Prop_bufg_I_O)         0.093    -3.833 r  pll_inst/inst/clkout1_buf/O
                         net (fo=546, routed)         1.392    -2.441    uart_inst/clk_out1
    SLICE_X72Y103        FDCE                                         r  uart_inst/rx_data_reg[0]/C
  -------------------------------------------------------------------    -------------------
    SLICE_X72Y103        FDCE (Prop_fdce_C_Q)         0.223    -2.218 r  uart_inst/rx_data_reg[0]/Q
                         net (fo=47, routed)          0.848    -1.371    uart_inst/rx_data[0]
    SLICE_X65Y102        LUT3 (Prop_lut3_I1_O)        0.050    -1.321 f  uart_inst/sw[63]_i_4/O
                         net (fo=3, routed)           0.389    -0.931    uart_inst/sw[63]_i_4_n_0
    SLICE_X66Y101        LUT6 (Prop_lut6_I1_O)        0.132    -0.799 r  uart_inst/sw[62]_i_3/O
                         net (fo=4, routed)           0.420    -0.380    uart_inst/sw[62]_i_3_n_0
    SLICE_X65Y102        LUT4 (Prop_lut4_I2_O)        0.043    -0.337 f  uart_inst/sw[58]_i_2/O
                         net (fo=8, routed)           1.196     0.859    uart_inst/sw[58]_i_2_n_0
    SLICE_X62Y100        LUT4 (Prop_lut4_I1_O)        0.043     0.902 r  uart_inst/sw[2]_i_1/O
                         net (fo=1, routed)           0.000     0.902    twin_controller_inst/sw_reg[2]_0
    SLICE_X62Y100        FDCE                                         r  twin_controller_inst/sw_reg[2]/D
  -------------------------------------------------------------------    -------------------

                         (clock clk_out1_pll rise edge)
                                                     20.000    20.000 r  
    AD12                                              0.000    20.000 r  i_sys_clk_p (IN)
                         net (fo=0)                   0.000    20.000    pll_inst/inst/clk_in1_p
    AD12                 IBUFDS (Prop_ibufds_I_O)     0.803    20.803 r  pll_inst/inst/clkin1_ibufgds/O
                         net (fo=1, routed)           1.001    21.804    pll_inst/inst/clk_in1_pll
    PLLE2_ADV_X1Y1       PLLE2_ADV (Prop_plle2_adv_CLKIN1_CLKOUT0)
                                                     -7.261    14.543 r  pll_inst/inst/plle2_adv_inst/CLKOUT0
                         net (fo=1, routed)           2.003    16.546    pll_inst/inst/clk_out1_pll
    BUFGCTRL_X0Y1        BUFG (Prop_bufg_I_O)         0.083    16.629 r  pll_inst/inst/clkout1_buf/O
                         net (fo=546, routed)         1.260    17.889    twin_controller_inst/CLK
    SLICE_X62Y100        FDCE                                         r  twin_controller_inst/sw_reg[2]/C
                         clock pessimism             -0.375    17.515    
                         clock uncertainty           -0.086    17.428    
    SLICE_X62Y100        FDCE (Setup_fdce_C_D)        0.064    17.492    twin_controller_inst/sw_reg[2]
  -------------------------------------------------------------------
                         required time                         17.492    
                         arrival time                          -0.902    
  -------------------------------------------------------------------
                         slack                                 16.590    

Slack (MET) :             16.590ns  (required time - arrival time)
  Source:                 uart_inst/rx_data_reg[0]/C
                            (rising edge-triggered cell FDCE clocked by clk_out1_pll  {rise@0.000ns fall@10.000ns period=20.000ns})
  Destination:            twin_controller_inst/sw_reg[2]/D
                            (rising edge-triggered cell FDCE clocked by clk_out1_pll  {rise@0.000ns fall@10.000ns period=20.000ns})
  Path Group:             clk_out1_pll
  Path Type:              Setup (Max at Slow Process Corner)
  Requirement:            20.000ns  (clk_out1_pll rise@20.000ns - clk_out1_pll rise@0.000ns)
  Data Path Delay:        3.344ns  (logic 0.491ns (14.685%)  route 2.853ns (85.315%))
  Logic Levels:           4  (LUT3=1 LUT4=2 LUT6=1)
  Clock Path Skew:        -0.044ns (DCD - SCD + CPR)
    Destination Clock Delay (DCD):    -2.111ns = ( 17.889 - 20.000 ) 
    Source Clock Delay      (SCD):    -2.441ns
    Clock Pessimism Removal (CPR):    -0.375ns
  Clock Uncertainty:      0.086ns  ((TSJ^2 + DJ^2)^1/2) / 2 + PE
    Total System Jitter     (TSJ):    0.071ns
    Discrete Jitter          (DJ):    0.157ns
    Phase Error              (PE):    0.000ns

    Location             Delay type                Incr(ns)  Path(ns)    Netlist Resource(s)
  -------------------------------------------------------------------    -------------------
                         (clock clk_out1_pll rise edge)
                                                      0.000     0.000 r  
    AD12                                              0.000     0.000 r  i_sys_clk_p (IN)
                         net (fo=0)                   0.000     0.000    pll_inst/inst/clk_in1_p
    AD12                 IBUFDS (Prop_ibufds_I_O)     0.906     0.906 r  pll_inst/inst/clkin1_ibufgds/O
                         net (fo=1, routed)           1.098     2.004    pll_inst/inst/clk_in1_pll
    PLLE2_ADV_X1Y1       PLLE2_ADV (Prop_plle2_adv_CLKIN1_CLKOUT0)
                                                     -8.058    -6.054 r  pll_inst/inst/plle2_adv_inst/CLKOUT0
                         net (fo=1, routed)           2.128    -3.926    pll_inst/inst/clk_out1_pll
    BUFGCTRL_X0Y1        BUFG (Prop_bufg_I_O)         0.093    -3.833 r  pll_inst/inst/clkout1_buf/O
                         net (fo=546, routed)         1.392    -2.441    uart_inst/clk_out1
    SLICE_X72Y103        FDCE                                         r  uart_inst/rx_data_reg[0]/C
  -------------------------------------------------------------------    -------------------
    SLICE_X72Y103        FDCE (Prop_fdce_C_Q)         0.223    -2.218 f  uart_inst/rx_data_reg[0]/Q
                         net (fo=47, routed)          0.848    -1.371    uart_inst/rx_data[0]
    SLICE_X65Y102        LUT3 (Prop_lut3_I1_O)        0.050    -1.321 r  uart_inst/sw[63]_i_4/O
                         net (fo=3, routed)           0.389    -0.931    uart_inst/sw[63]_i_4_n_0
    SLICE_X66Y101        LUT6 (Prop_lut6_I1_O)        0.132    -0.799 f  uart_inst/sw[62]_i_3/O
                         net (fo=4, routed)           0.420    -0.380    uart_inst/sw[62]_i_3_n_0
    SLICE_X65Y102        LUT4 (Prop_lut4_I2_O)        0.043    -0.337 r  uart_inst/sw[58]_i_2/O
                         net (fo=8, routed)           1.196     0.859    uart_inst/sw[58]_i_2_n_0
    SLICE_X62Y100        LUT4 (Prop_lut4_I1_O)        0.043     0.902 f  uart_inst/sw[2]_i_1/O
                         net (fo=1, routed)           0.000     0.902    twin_controller_inst/sw_reg[2]_0
    SLICE_X62Y100        FDCE                                         f  twin_controller_inst/sw_reg[2]/D
  -------------------------------------------------------------------    -------------------

                         (clock clk_out1_pll rise edge)
                                                     20.000    20.000 r  
    AD12                                              0.000    20.000 r  i_sys_clk_p (IN)
                         net (fo=0)                   0.000    20.000    pll_inst/inst/clk_in1_p
    AD12                 IBUFDS (Prop_ibufds_I_O)     0.803    20.803 r  pll_inst/inst/clkin1_ibufgds/O
                         net (fo=1, routed)           1.001    21.804    pll_inst/inst/clk_in1_pll
    PLLE2_ADV_X1Y1       PLLE2_ADV (Prop_plle2_adv_CLKIN1_CLKOUT0)
                                                     -7.261    14.543 r  pll_inst/inst/plle2_adv_inst/CLKOUT0
                         net (fo=1, routed)           2.003    16.546    pll_inst/inst/clk_out1_pll
    BUFGCTRL_X0Y1        BUFG (Prop_bufg_I_O)         0.083    16.629 r  pll_inst/inst/clkout1_buf/O
                         net (fo=546, routed)         1.260    17.889    twin_controller_inst/CLK
    SLICE_X62Y100        FDCE                                         r  twin_controller_inst/sw_reg[2]/C
                         clock pessimism             -0.375    17.515    
                         clock uncertainty           -0.086    17.428    
    SLICE_X62Y100        FDCE (Setup_fdce_C_D)        0.064    17.492    twin_controller_inst/sw_reg[2]
  -------------------------------------------------------------------
                         required time                         17.492    
                         arrival time                          -0.902    
  -------------------------------------------------------------------
                         slack                                 16.590    

Slack (MET) :             16.601ns  (required time - arrival time)
  Source:                 student_top_inst/bridge_inst/counter_inst/cnt_1ms_reg[4]/C
                            (rising edge-triggered cell FDRE clocked by clk_out1_pll  {rise@0.000ns fall@10.000ns period=20.000ns})
  Destination:            student_top_inst/bridge_inst/counter_inst/cnt_ms_bin_reg[24]/CE
                            (rising edge-triggered cell FDRE clocked by clk_out1_pll  {rise@0.000ns fall@10.000ns period=20.000ns})
  Path Group:             clk_out1_pll
  Path Type:              Setup (Max at Slow Process Corner)
  Requirement:            20.000ns  (clk_out1_pll rise@20.000ns - clk_out1_pll rise@0.000ns)
  Data Path Delay:        2.955ns  (logic 0.356ns (12.046%)  route 2.599ns (87.954%))
  Logic Levels:           3  (LUT2=1 LUT4=1 LUT6=1)
  Clock Path Skew:        -0.065ns (DCD - SCD + CPR)
    Destination Clock Delay (DCD):    -2.052ns = ( 17.948 - 20.000 ) 
    Source Clock Delay      (SCD):    -2.434ns
    Clock Pessimism Removal (CPR):    -0.448ns
  Clock Uncertainty:      0.086ns  ((TSJ^2 + DJ^2)^1/2) / 2 + PE
    Total System Jitter     (TSJ):    0.071ns
    Discrete Jitter          (DJ):    0.157ns
    Phase Error              (PE):    0.000ns

    Location             Delay type                Incr(ns)  Path(ns)    Netlist Resource(s)
  -------------------------------------------------------------------    -------------------
                         (clock clk_out1_pll rise edge)
                                                      0.000     0.000 r  
    AD12                                              0.000     0.000 r  i_sys_clk_p (IN)
                         net (fo=0)                   0.000     0.000    pll_inst/inst/clk_in1_p
    AD12                 IBUFDS (Prop_ibufds_I_O)     0.906     0.906 r  pll_inst/inst/clkin1_ibufgds/O
                         net (fo=1, routed)           1.098     2.004    pll_inst/inst/clk_in1_pll
    PLLE2_ADV_X1Y1       PLLE2_ADV (Prop_plle2_adv_CLKIN1_CLKOUT0)
                                                     -8.058    -6.054 r  pll_inst/inst/plle2_adv_inst/CLKOUT0
                         net (fo=1, routed)           2.128    -3.926    pll_inst/inst/clk_out1_pll
    BUFGCTRL_X0Y1        BUFG (Prop_bufg_I_O)         0.093    -3.833 r  pll_inst/inst/clkout1_buf/O
                         net (fo=546, routed)         1.399    -2.434    student_top_inst/bridge_inst/counter_inst/clk_out1
    SLICE_X83Y108        FDRE                                         r  student_top_inst/bridge_inst/counter_inst/cnt_1ms_reg[4]/C
  -------------------------------------------------------------------    -------------------
    SLICE_X83Y108        FDRE (Prop_fdre_C_Q)         0.223    -2.211 f  student_top_inst/bridge_inst/counter_inst/cnt_1ms_reg[4]/Q
                         net (fo=2, routed)           0.381    -1.830    student_top_inst/bridge_inst/counter_inst/cnt_1ms_reg[4]
    SLICE_X82Y108        LUT4 (Prop_lut4_I0_O)        0.043    -1.787 f  student_top_inst/bridge_inst/counter_inst/cnt_1ms[0]_i_5/O
                         net (fo=1, routed)           0.544    -1.244    student_top_inst/bridge_inst/counter_inst/cnt_1ms[0]_i_5_n_0
    SLICE_X82Y109        LUT6 (Prop_lut6_I0_O)        0.043    -1.201 r  student_top_inst/bridge_inst/counter_inst/cnt_1ms[0]_i_3/O
                         net (fo=2, routed)           0.446    -0.754    student_top_inst/bridge_inst/counter_inst/cnt_1ms[0]_i_3_n_0
    SLICE_X82Y107        LUT2 (Prop_lut2_I1_O)        0.047    -0.707 r  student_top_inst/bridge_inst/counter_inst/cnt_ms_bin[0]_i_2/O
                         net (fo=32, routed)          1.228     0.521    student_top_inst/bridge_inst/counter_inst/cnt_ms_bin[0]_i_2_n_0
    SLICE_X48Y106        FDRE                                         r  student_top_inst/bridge_inst/counter_inst/cnt_ms_bin_reg[24]/CE
  -------------------------------------------------------------------    -------------------

                         (clock clk_out1_pll rise edge)
                                                     20.000    20.000 r  
    AD12                                              0.000    20.000 r  i_sys_clk_p (IN)
                         net (fo=0)                   0.000    20.000    pll_inst/inst/clk_in1_p
    AD12                 IBUFDS (Prop_ibufds_I_O)     0.803    20.803 r  pll_inst/inst/clkin1_ibufgds/O
                         net (fo=1, routed)           1.001    21.804    pll_inst/inst/clk_in1_pll
    PLLE2_ADV_X1Y1       PLLE2_ADV (Prop_plle2_adv_CLKIN1_CLKOUT0)
                                                     -7.261    14.543 r  pll_inst/inst/plle2_adv_inst/CLKOUT0
                         net (fo=1, routed)           2.003    16.546    pll_inst/inst/clk_out1_pll
    BUFGCTRL_X0Y1        BUFG (Prop_bufg_I_O)         0.083    16.629 r  pll_inst/inst/clkout1_buf/O
                         net (fo=546, routed)         1.319    17.948    student_top_inst/bridge_inst/counter_inst/clk_out1
    SLICE_X48Y106        FDRE                                         r  student_top_inst/bridge_inst/counter_inst/cnt_ms_bin_reg[24]/C
                         clock pessimism             -0.448    17.501    
                         clock uncertainty           -0.086    17.414    
    SLICE_X48Y106        FDRE (Setup_fdre_C_CE)      -0.292    17.122    student_top_inst/bridge_inst/counter_inst/cnt_ms_bin_reg[24]
  -------------------------------------------------------------------
                         required time                         17.122    
                         arrival time                          -0.521    
  -------------------------------------------------------------------
                         slack                                 16.601    

Slack (MET) :             16.601ns  (required time - arrival time)
  Source:                 student_top_inst/bridge_inst/counter_inst/cnt_1ms_reg[4]/C
                            (rising edge-triggered cell FDRE clocked by clk_out1_pll  {rise@0.000ns fall@10.000ns period=20.000ns})
  Destination:            student_top_inst/bridge_inst/counter_inst/cnt_ms_bin_reg[24]/CE
                            (rising edge-triggered cell FDRE clocked by clk_out1_pll  {rise@0.000ns fall@10.000ns period=20.000ns})
  Path Group:             clk_out1_pll
  Path Type:              Setup (Max at Slow Process Corner)
  Requirement:            20.000ns  (clk_out1_pll rise@20.000ns - clk_out1_pll rise@0.000ns)
  Data Path Delay:        2.955ns  (logic 0.356ns (12.046%)  route 2.599ns (87.954%))
  Logic Levels:           3  (LUT2=1 LUT4=1 LUT6=1)
  Clock Path Skew:        -0.065ns (DCD - SCD + CPR)
    Destination Clock Delay (DCD):    -2.052ns = ( 17.948 - 20.000 ) 
    Source Clock Delay      (SCD):    -2.434ns
    Clock Pessimism Removal (CPR):    -0.448ns
  Clock Uncertainty:      0.086ns  ((TSJ^2 + DJ^2)^1/2) / 2 + PE
    Total System Jitter     (TSJ):    0.071ns
    Discrete Jitter          (DJ):    0.157ns
    Phase Error              (PE):    0.000ns

    Location             Delay type                Incr(ns)  Path(ns)    Netlist Resource(s)
  -------------------------------------------------------------------    -------------------
                         (clock clk_out1_pll rise edge)
                                                      0.000     0.000 r  
    AD12                                              0.000     0.000 r  i_sys_clk_p (IN)
                         net (fo=0)                   0.000     0.000    pll_inst/inst/clk_in1_p
    AD12                 IBUFDS (Prop_ibufds_I_O)     0.906     0.906 r  pll_inst/inst/clkin1_ibufgds/O
                         net (fo=1, routed)           1.098     2.004    pll_inst/inst/clk_in1_pll
    PLLE2_ADV_X1Y1       PLLE2_ADV (Prop_plle2_adv_CLKIN1_CLKOUT0)
                                                     -8.058    -6.054 r  pll_inst/inst/plle2_adv_inst/CLKOUT0
                         net (fo=1, routed)           2.128    -3.926    pll_inst/inst/clk_out1_pll
    BUFGCTRL_X0Y1        BUFG (Prop_bufg_I_O)         0.093    -3.833 r  pll_inst/inst/clkout1_buf/O
                         net (fo=546, routed)         1.399    -2.434    student_top_inst/bridge_inst/counter_inst/clk_out1
    SLICE_X83Y108        FDRE                                         r  student_top_inst/bridge_inst/counter_inst/cnt_1ms_reg[4]/C
  -------------------------------------------------------------------    -------------------
    SLICE_X83Y108        FDRE (Prop_fdre_C_Q)         0.223    -2.211 r  student_top_inst/bridge_inst/counter_inst/cnt_1ms_reg[4]/Q
                         net (fo=2, routed)           0.381    -1.830    student_top_inst/bridge_inst/counter_inst/cnt_1ms_reg[4]
    SLICE_X82Y108        LUT4 (Prop_lut4_I0_O)        0.043    -1.787 r  student_top_inst/bridge_inst/counter_inst/cnt_1ms[0]_i_5/O
                         net (fo=1, routed)           0.544    -1.244    student_top_inst/bridge_inst/counter_inst/cnt_1ms[0]_i_5_n_0
    SLICE_X82Y109        LUT6 (Prop_lut6_I0_O)        0.043    -1.201 f  student_top_inst/bridge_inst/counter_inst/cnt_1ms[0]_i_3/O
                         net (fo=2, routed)           0.446    -0.754    student_top_inst/bridge_inst/counter_inst/cnt_1ms[0]_i_3_n_0
    SLICE_X82Y107        LUT2 (Prop_lut2_I1_O)        0.047    -0.707 f  student_top_inst/bridge_inst/counter_inst/cnt_ms_bin[0]_i_2/O
                         net (fo=32, routed)          1.228     0.521    student_top_inst/bridge_inst/counter_inst/cnt_ms_bin[0]_i_2_n_0
    SLICE_X48Y106        FDRE                                         f  student_top_inst/bridge_inst/counter_inst/cnt_ms_bin_reg[24]/CE
  -------------------------------------------------------------------    -------------------

                         (clock clk_out1_pll rise edge)
                                                     20.000    20.000 r  
    AD12                                              0.000    20.000 r  i_sys_clk_p (IN)
                         net (fo=0)                   0.000    20.000    pll_inst/inst/clk_in1_p
    AD12                 IBUFDS (Prop_ibufds_I_O)     0.803    20.803 r  pll_inst/inst/clkin1_ibufgds/O
                         net (fo=1, routed)           1.001    21.804    pll_inst/inst/clk_in1_pll
    PLLE2_ADV_X1Y1       PLLE2_ADV (Prop_plle2_adv_CLKIN1_CLKOUT0)
                                                     -7.261    14.543 r  pll_inst/inst/plle2_adv_inst/CLKOUT0
                         net (fo=1, routed)           2.003    16.546    pll_inst/inst/clk_out1_pll
    BUFGCTRL_X0Y1        BUFG (Prop_bufg_I_O)         0.083    16.629 r  pll_inst/inst/clkout1_buf/O
                         net (fo=546, routed)         1.319    17.948    student_top_inst/bridge_inst/counter_inst/clk_out1
    SLICE_X48Y106        FDRE                                         r  student_top_inst/bridge_inst/counter_inst/cnt_ms_bin_reg[24]/C
                         clock pessimism             -0.448    17.501    
                         clock uncertainty           -0.086    17.414    
    SLICE_X48Y106        FDRE (Setup_fdre_C_CE)      -0.292    17.122    student_top_inst/bridge_inst/counter_inst/cnt_ms_bin_reg[24]
  -------------------------------------------------------------------
                         required time                         17.122    
                         arrival time                          -0.521    
  -------------------------------------------------------------------
                         slack                                 16.601    

Slack (MET) :             16.601ns  (required time - arrival time)
  Source:                 student_top_inst/bridge_inst/counter_inst/cnt_1ms_reg[4]/C
                            (rising edge-triggered cell FDRE clocked by clk_out1_pll  {rise@0.000ns fall@10.000ns period=20.000ns})
  Destination:            student_top_inst/bridge_inst/counter_inst/cnt_ms_bin_reg[25]/CE
                            (rising edge-triggered cell FDRE clocked by clk_out1_pll  {rise@0.000ns fall@10.000ns period=20.000ns})
  Path Group:             clk_out1_pll
  Path Type:              Setup (Max at Slow Process Corner)
  Requirement:            20.000ns  (clk_out1_pll rise@20.000ns - clk_out1_pll rise@0.000ns)
  Data Path Delay:        2.955ns  (logic 0.356ns (12.046%)  route 2.599ns (87.954%))
  Logic Levels:           3  (LUT2=1 LUT4=1 LUT6=1)
  Clock Path Skew:        -0.065ns (DCD - SCD + CPR)
    Destination Clock Delay (DCD):    -2.052ns = ( 17.948 - 20.000 ) 
    Source Clock Delay      (SCD):    -2.434ns
    Clock Pessimism Removal (CPR):    -0.448ns
  Clock Uncertainty:      0.086ns  ((TSJ^2 + DJ^2)^1/2) / 2 + PE
    Total System Jitter     (TSJ):    0.071ns
    Discrete Jitter          (DJ):    0.157ns
    Phase Error              (PE):    0.000ns

    Location             Delay type                Incr(ns)  Path(ns)    Netlist Resource(s)
  -------------------------------------------------------------------    -------------------
                         (clock clk_out1_pll rise edge)
                                                      0.000     0.000 r  
    AD12                                              0.000     0.000 r  i_sys_clk_p (IN)
                         net (fo=0)                   0.000     0.000    pll_inst/inst/clk_in1_p
    AD12                 IBUFDS (Prop_ibufds_I_O)     0.906     0.906 r  pll_inst/inst/clkin1_ibufgds/O
                         net (fo=1, routed)           1.098     2.004    pll_inst/inst/clk_in1_pll
    PLLE2_ADV_X1Y1       PLLE2_ADV (Prop_plle2_adv_CLKIN1_CLKOUT0)
                                                     -8.058    -6.054 r  pll_inst/inst/plle2_adv_inst/CLKOUT0
                         net (fo=1, routed)           2.128    -3.926    pll_inst/inst/clk_out1_pll
    BUFGCTRL_X0Y1        BUFG (Prop_bufg_I_O)         0.093    -3.833 r  pll_inst/inst/clkout1_buf/O
                         net (fo=546, routed)         1.399    -2.434    student_top_inst/bridge_inst/counter_inst/clk_out1
    SLICE_X83Y108        FDRE                                         r  student_top_inst/bridge_inst/counter_inst/cnt_1ms_reg[4]/C
  -------------------------------------------------------------------    -------------------
    SLICE_X83Y108        FDRE (Prop_fdre_C_Q)         0.223    -2.211 f  student_top_inst/bridge_inst/counter_inst/cnt_1ms_reg[4]/Q
                         net (fo=2, routed)           0.381    -1.830    student_top_inst/bridge_inst/counter_inst/cnt_1ms_reg[4]
    SLICE_X82Y108        LUT4 (Prop_lut4_I0_O)        0.043    -1.787 f  student_top_inst/bridge_inst/counter_inst/cnt_1ms[0]_i_5/O
                         net (fo=1, routed)           0.544    -1.244    student_top_inst/bridge_inst/counter_inst/cnt_1ms[0]_i_5_n_0
    SLICE_X82Y109        LUT6 (Prop_lut6_I0_O)        0.043    -1.201 r  student_top_inst/bridge_inst/counter_inst/cnt_1ms[0]_i_3/O
                         net (fo=2, routed)           0.446    -0.754    student_top_inst/bridge_inst/counter_inst/cnt_1ms[0]_i_3_n_0
    SLICE_X82Y107        LUT2 (Prop_lut2_I1_O)        0.047    -0.707 r  student_top_inst/bridge_inst/counter_inst/cnt_ms_bin[0]_i_2/O
                         net (fo=32, routed)          1.228     0.521    student_top_inst/bridge_inst/counter_inst/cnt_ms_bin[0]_i_2_n_0
    SLICE_X48Y106        FDRE                                         r  student_top_inst/bridge_inst/counter_inst/cnt_ms_bin_reg[25]/CE
  -------------------------------------------------------------------    -------------------

                         (clock clk_out1_pll rise edge)
                                                     20.000    20.000 r  
    AD12                                              0.000    20.000 r  i_sys_clk_p (IN)
                         net (fo=0)                   0.000    20.000    pll_inst/inst/clk_in1_p
    AD12                 IBUFDS (Prop_ibufds_I_O)     0.803    20.803 r  pll_inst/inst/clkin1_ibufgds/O
                         net (fo=1, routed)           1.001    21.804    pll_inst/inst/clk_in1_pll
    PLLE2_ADV_X1Y1       PLLE2_ADV (Prop_plle2_adv_CLKIN1_CLKOUT0)
                                                     -7.261    14.543 r  pll_inst/inst/plle2_adv_inst/CLKOUT0
                         net (fo=1, routed)           2.003    16.546    pll_inst/inst/clk_out1_pll
    BUFGCTRL_X0Y1        BUFG (Prop_bufg_I_O)         0.083    16.629 r  pll_inst/inst/clkout1_buf/O
                         net (fo=546, routed)         1.319    17.948    student_top_inst/bridge_inst/counter_inst/clk_out1
    SLICE_X48Y106        FDRE                                         r  student_top_inst/bridge_inst/counter_inst/cnt_ms_bin_reg[25]/C
                         clock pessimism             -0.448    17.501    
                         clock uncertainty           -0.086    17.414    
    SLICE_X48Y106        FDRE (Setup_fdre_C_CE)      -0.292    17.122    student_top_inst/bridge_inst/counter_inst/cnt_ms_bin_reg[25]
  -------------------------------------------------------------------
                         required time                         17.122    
                         arrival time                          -0.521    
  -------------------------------------------------------------------
                         slack                                 16.601    

Slack (MET) :             16.601ns  (required time - arrival time)
  Source:                 student_top_inst/bridge_inst/counter_inst/cnt_1ms_reg[4]/C
                            (rising edge-triggered cell FDRE clocked by clk_out1_pll  {rise@0.000ns fall@10.000ns period=20.000ns})
  Destination:            student_top_inst/bridge_inst/counter_inst/cnt_ms_bin_reg[25]/CE
                            (rising edge-triggered cell FDRE clocked by clk_out1_pll  {rise@0.000ns fall@10.000ns period=20.000ns})
  Path Group:             clk_out1_pll
  Path Type:              Setup (Max at Slow Process Corner)
  Requirement:            20.000ns  (clk_out1_pll rise@20.000ns - clk_out1_pll rise@0.000ns)
  Data Path Delay:        2.955ns  (logic 0.356ns (12.046%)  route 2.599ns (87.954%))
  Logic Levels:           3  (LUT2=1 LUT4=1 LUT6=1)
  Clock Path Skew:        -0.065ns (DCD - SCD + CPR)
    Destination Clock Delay (DCD):    -2.052ns = ( 17.948 - 20.000 ) 
    Source Clock Delay      (SCD):    -2.434ns
    Clock Pessimism Removal (CPR):    -0.448ns
  Clock Uncertainty:      0.086ns  ((TSJ^2 + DJ^2)^1/2) / 2 + PE
    Total System Jitter     (TSJ):    0.071ns
    Discrete Jitter          (DJ):    0.157ns
    Phase Error              (PE):    0.000ns

    Location             Delay type                Incr(ns)  Path(ns)    Netlist Resource(s)
  -------------------------------------------------------------------    -------------------
                         (clock clk_out1_pll rise edge)
                                                      0.000     0.000 r  
    AD12                                              0.000     0.000 r  i_sys_clk_p (IN)
                         net (fo=0)                   0.000     0.000    pll_inst/inst/clk_in1_p
    AD12                 IBUFDS (Prop_ibufds_I_O)     0.906     0.906 r  pll_inst/inst/clkin1_ibufgds/O
                         net (fo=1, routed)           1.098     2.004    pll_inst/inst/clk_in1_pll
    PLLE2_ADV_X1Y1       PLLE2_ADV (Prop_plle2_adv_CLKIN1_CLKOUT0)
                                                     -8.058    -6.054 r  pll_inst/inst/plle2_adv_inst/CLKOUT0
                         net (fo=1, routed)           2.128    -3.926    pll_inst/inst/clk_out1_pll
    BUFGCTRL_X0Y1        BUFG (Prop_bufg_I_O)         0.093    -3.833 r  pll_inst/inst/clkout1_buf/O
                         net (fo=546, routed)         1.399    -2.434    student_top_inst/bridge_inst/counter_inst/clk_out1
    SLICE_X83Y108        FDRE                                         r  student_top_inst/bridge_inst/counter_inst/cnt_1ms_reg[4]/C
  -------------------------------------------------------------------    -------------------
    SLICE_X83Y108        FDRE (Prop_fdre_C_Q)         0.223    -2.211 r  student_top_inst/bridge_inst/counter_inst/cnt_1ms_reg[4]/Q
                         net (fo=2, routed)           0.381    -1.830    student_top_inst/bridge_inst/counter_inst/cnt_1ms_reg[4]
    SLICE_X82Y108        LUT4 (Prop_lut4_I0_O)        0.043    -1.787 r  student_top_inst/bridge_inst/counter_inst/cnt_1ms[0]_i_5/O
                         net (fo=1, routed)           0.544    -1.244    student_top_inst/bridge_inst/counter_inst/cnt_1ms[0]_i_5_n_0
    SLICE_X82Y109        LUT6 (Prop_lut6_I0_O)        0.043    -1.201 f  student_top_inst/bridge_inst/counter_inst/cnt_1ms[0]_i_3/O
                         net (fo=2, routed)           0.446    -0.754    student_top_inst/bridge_inst/counter_inst/cnt_1ms[0]_i_3_n_0
    SLICE_X82Y107        LUT2 (Prop_lut2_I1_O)        0.047    -0.707 f  student_top_inst/bridge_inst/counter_inst/cnt_ms_bin[0]_i_2/O
                         net (fo=32, routed)          1.228     0.521    student_top_inst/bridge_inst/counter_inst/cnt_ms_bin[0]_i_2_n_0
    SLICE_X48Y106        FDRE                                         f  student_top_inst/bridge_inst/counter_inst/cnt_ms_bin_reg[25]/CE
  -------------------------------------------------------------------    -------------------

                         (clock clk_out1_pll rise edge)
                                                     20.000    20.000 r  
    AD12                                              0.000    20.000 r  i_sys_clk_p (IN)
                         net (fo=0)                   0.000    20.000    pll_inst/inst/clk_in1_p
    AD12                 IBUFDS (Prop_ibufds_I_O)     0.803    20.803 r  pll_inst/inst/clkin1_ibufgds/O
                         net (fo=1, routed)           1.001    21.804    pll_inst/inst/clk_in1_pll
    PLLE2_ADV_X1Y1       PLLE2_ADV (Prop_plle2_adv_CLKIN1_CLKOUT0)
                                                     -7.261    14.543 r  pll_inst/inst/plle2_adv_inst/CLKOUT0
                         net (fo=1, routed)           2.003    16.546    pll_inst/inst/clk_out1_pll
    BUFGCTRL_X0Y1        BUFG (Prop_bufg_I_O)         0.083    16.629 r  pll_inst/inst/clkout1_buf/O
                         net (fo=546, routed)         1.319    17.948    student_top_inst/bridge_inst/counter_inst/clk_out1
    SLICE_X48Y106        FDRE                                         r  student_top_inst/bridge_inst/counter_inst/cnt_ms_bin_reg[25]/C
                         clock pessimism             -0.448    17.501    
                         clock uncertainty           -0.086    17.414    
    SLICE_X48Y106        FDRE (Setup_fdre_C_CE)      -0.292    17.122    student_top_inst/bridge_inst/counter_inst/cnt_ms_bin_reg[25]
  -------------------------------------------------------------------
                         required time                         17.122    
                         arrival time                          -0.521    
  -------------------------------------------------------------------
                         slack                                 16.601    

Slack (MET) :             16.601ns  (required time - arrival time)
  Source:                 student_top_inst/bridge_inst/counter_inst/cnt_1ms_reg[4]/C
                            (rising edge-triggered cell FDRE clocked by clk_out1_pll  {rise@0.000ns fall@10.000ns period=20.000ns})
  Destination:            student_top_inst/bridge_inst/counter_inst/cnt_ms_bin_reg[26]/CE
                            (rising edge-triggered cell FDRE clocked by clk_out1_pll  {rise@0.000ns fall@10.000ns period=20.000ns})
  Path Group:             clk_out1_pll
  Path Type:              Setup (Max at Slow Process Corner)
  Requirement:            20.000ns  (clk_out1_pll rise@20.000ns - clk_out1_pll rise@0.000ns)
  Data Path Delay:        2.955ns  (logic 0.356ns (12.046%)  route 2.599ns (87.954%))
  Logic Levels:           3  (LUT2=1 LUT4=1 LUT6=1)
  Clock Path Skew:        -0.065ns (DCD - SCD + CPR)
    Destination Clock Delay (DCD):    -2.052ns = ( 17.948 - 20.000 ) 
    Source Clock Delay      (SCD):    -2.434ns
    Clock Pessimism Removal (CPR):    -0.448ns
  Clock Uncertainty:      0.086ns  ((TSJ^2 + DJ^2)^1/2) / 2 + PE
    Total System Jitter     (TSJ):    0.071ns
    Discrete Jitter          (DJ):    0.157ns
    Phase Error              (PE):    0.000ns

    Location             Delay type                Incr(ns)  Path(ns)    Netlist Resource(s)
  -------------------------------------------------------------------    -------------------
                         (clock clk_out1_pll rise edge)
                                                      0.000     0.000 r  
    AD12                                              0.000     0.000 r  i_sys_clk_p (IN)
                         net (fo=0)                   0.000     0.000    pll_inst/inst/clk_in1_p
    AD12                 IBUFDS (Prop_ibufds_I_O)     0.906     0.906 r  pll_inst/inst/clkin1_ibufgds/O
                         net (fo=1, routed)           1.098     2.004    pll_inst/inst/clk_in1_pll
    PLLE2_ADV_X1Y1       PLLE2_ADV (Prop_plle2_adv_CLKIN1_CLKOUT0)
                                                     -8.058    -6.054 r  pll_inst/inst/plle2_adv_inst/CLKOUT0
                         net (fo=1, routed)           2.128    -3.926    pll_inst/inst/clk_out1_pll
    BUFGCTRL_X0Y1        BUFG (Prop_bufg_I_O)         0.093    -3.833 r  pll_inst/inst/clkout1_buf/O
                         net (fo=546, routed)         1.399    -2.434    student_top_inst/bridge_inst/counter_inst/clk_out1
    SLICE_X83Y108        FDRE                                         r  student_top_inst/bridge_inst/counter_inst/cnt_1ms_reg[4]/C
  -------------------------------------------------------------------    -------------------
    SLICE_X83Y108        FDRE (Prop_fdre_C_Q)         0.223    -2.211 f  student_top_inst/bridge_inst/counter_inst/cnt_1ms_reg[4]/Q
                         net (fo=2, routed)           0.381    -1.830    student_top_inst/bridge_inst/counter_inst/cnt_1ms_reg[4]
    SLICE_X82Y108        LUT4 (Prop_lut4_I0_O)        0.043    -1.787 f  student_top_inst/bridge_inst/counter_inst/cnt_1ms[0]_i_5/O
                         net (fo=1, routed)           0.544    -1.244    student_top_inst/bridge_inst/counter_inst/cnt_1ms[0]_i_5_n_0
    SLICE_X82Y109        LUT6 (Prop_lut6_I0_O)        0.043    -1.201 r  student_top_inst/bridge_inst/counter_inst/cnt_1ms[0]_i_3/O
                         net (fo=2, routed)           0.446    -0.754    student_top_inst/bridge_inst/counter_inst/cnt_1ms[0]_i_3_n_0
    SLICE_X82Y107        LUT2 (Prop_lut2_I1_O)        0.047    -0.707 r  student_top_inst/bridge_inst/counter_inst/cnt_ms_bin[0]_i_2/O
                         net (fo=32, routed)          1.228     0.521    student_top_inst/bridge_inst/counter_inst/cnt_ms_bin[0]_i_2_n_0
    SLICE_X48Y106        FDRE                                         r  student_top_inst/bridge_inst/counter_inst/cnt_ms_bin_reg[26]/CE
  -------------------------------------------------------------------    -------------------

                         (clock clk_out1_pll rise edge)
                                                     20.000    20.000 r  
    AD12                                              0.000    20.000 r  i_sys_clk_p (IN)
                         net (fo=0)                   0.000    20.000    pll_inst/inst/clk_in1_p
    AD12                 IBUFDS (Prop_ibufds_I_O)     0.803    20.803 r  pll_inst/inst/clkin1_ibufgds/O
                         net (fo=1, routed)           1.001    21.804    pll_inst/inst/clk_in1_pll
    PLLE2_ADV_X1Y1       PLLE2_ADV (Prop_plle2_adv_CLKIN1_CLKOUT0)
                                                     -7.261    14.543 r  pll_inst/inst/plle2_adv_inst/CLKOUT0
                         net (fo=1, routed)           2.003    16.546    pll_inst/inst/clk_out1_pll
    BUFGCTRL_X0Y1        BUFG (Prop_bufg_I_O)         0.083    16.629 r  pll_inst/inst/clkout1_buf/O
                         net (fo=546, routed)         1.319    17.948    student_top_inst/bridge_inst/counter_inst/clk_out1
    SLICE_X48Y106        FDRE                                         r  student_top_inst/bridge_inst/counter_inst/cnt_ms_bin_reg[26]/C
                         clock pessimism             -0.448    17.501    
                         clock uncertainty           -0.086    17.414    
    SLICE_X48Y106        FDRE (Setup_fdre_C_CE)      -0.292    17.122    student_top_inst/bridge_inst/counter_inst/cnt_ms_bin_reg[26]
  -------------------------------------------------------------------
                         required time                         17.122    
                         arrival time                          -0.521    
  -------------------------------------------------------------------
                         slack                                 16.601    




