Copyright 1986-2022 Xilinx, Inc. All Rights Reserved. Copyright 2022-2023 Advanced Micro Devices, Inc. All Rights Reserved.
----------------------------------------------------------------------------------------------------------------------------------------------------------------------------------------------------------------------------------------
| Tool Version : Vivado v.2023.2 (win64) Build 4029153 Fri Oct 13 20:14:34 MDT 2023
| Date         : Tue Jun  2 21:10:06 2026
| Host         : LAPTOP-5UF1FH4A running 64-bit major release  (build 9200)
| Command      : report_timing -delay_type min -sort_by group -max_paths 20 -nworst 5 -path_type full_clock_expanded -file C:/Users/hp/Downloads/digital_twin/digital_twin.srcs/sources_1/vivado_clk2_sweep/top_timing_min_clk2_214.rpt
| Design       : top
| Device       : 7k325t-ffg900
| Speed File   : -2  PRODUCTION 1.12 2017-02-17
| Design State : Routed
----------------------------------------------------------------------------------------------------------------------------------------------------------------------------------------------------------------------------------------

Timing Report

Slack (MET) :             0.078ns  (arrival time - required time)
  Source:                 student_top_inst/Core_cpu/cpu_core/if_id_inst/hold_inst_reg_reg[4]/C
                            (rising edge-triggered cell FDRE clocked by clk_out2_pll  {rise@0.000ns fall@2.333ns period=4.667ns})
  Destination:            student_top_inst/Core_cpu/cpu_core/if_id_inst/inst_o_reg[4]/D
                            (rising edge-triggered cell FDSE clocked by clk_out2_pll  {rise@0.000ns fall@2.333ns period=4.667ns})
  Path Group:             clk_out2_pll
  Path Type:              Hold (Min at Fast Process Corner)
  Requirement:            0.000ns  (clk_out2_pll rise@0.000ns - clk_out2_pll rise@0.000ns)
  Data Path Delay:        0.302ns  (logic 0.128ns (42.369%)  route 0.174ns (57.631%))
  Logic Levels:           1  (LUT4=1)
  Clock Path Skew:        0.137ns (DCD - SCD - CPR)
    Destination Clock Delay (DCD):    -0.629ns
    Source Clock Delay      (SCD):    -0.384ns
    Clock Pessimism Removal (CPR):    -0.383ns

    Location             Delay type                Incr(ns)  Path(ns)    Netlist Resource(s)
  -------------------------------------------------------------------    -------------------
                         (clock clk_out2_pll rise edge)
                                                      0.000     0.000 r  
    AD12                                              0.000     0.000 r  i_sys_clk_p (IN)
                         net (fo=0)                   0.000     0.000    pll_inst/inst/clk_in1_p
    AD12                 IBUFDS (Prop_ibufds_I_O)     0.388     0.388 r  pll_inst/inst/clkin1_ibufgds/O
                         net (fo=1, routed)           0.503     0.891    pll_inst/inst/clk_in1_pll
    PLLE2_ADV_X1Y1       PLLE2_ADV (Prop_plle2_adv_CLKIN1_CLKOUT1)
                                                     -2.908    -2.017 r  pll_inst/inst/plle2_adv_inst/CLKOUT1
                         net (fo=1, routed)           0.958    -1.059    pll_inst/inst/clk_out2_pll
    BUFGCTRL_X0Y0        BUFG (Prop_bufg_I_O)         0.026    -1.033 r  pll_inst/inst/clkout2_buf/O
                         net (fo=2866, routed)        0.649    -0.384    student_top_inst/Core_cpu/cpu_core/if_id_inst/clk_out2
    SLICE_X51Y99         FDRE                                         r  student_top_inst/Core_cpu/cpu_core/if_id_inst/hold_inst_reg_reg[4]/C
  -------------------------------------------------------------------    -------------------
    SLICE_X51Y99         FDRE (Prop_fdre_C_Q)         0.100    -0.284 r  student_top_inst/Core_cpu/cpu_core/if_id_inst/hold_inst_reg_reg[4]/Q
                         net (fo=1, routed)           0.174    -0.109    student_top_inst/Core_cpu/cpu_core/if_id_inst/hold_inst_reg_reg_n_0_[4]
    SLICE_X54Y103        LUT4 (Prop_lut4_I0_O)        0.028    -0.081 r  student_top_inst/Core_cpu/cpu_core/if_id_inst/inst_o[4]_i_1/O
                         net (fo=1, routed)           0.000    -0.081    student_top_inst/Core_cpu/cpu_core/if_id_inst/inst_o[4]_i_1_n_0
    SLICE_X54Y103        FDSE                                         r  student_top_inst/Core_cpu/cpu_core/if_id_inst/inst_o_reg[4]/D
  -------------------------------------------------------------------    -------------------

                         (clock clk_out2_pll rise edge)
                                                      0.000     0.000 r  
    AD12                                              0.000     0.000 r  i_sys_clk_p (IN)
                         net (fo=0)                   0.000     0.000    pll_inst/inst/clk_in1_p
    AD12                 IBUFDS (Prop_ibufds_I_O)     0.470     0.470 r  pll_inst/inst/clkin1_ibufgds/O
                         net (fo=1, routed)           0.554     1.024    pll_inst/inst/clk_in1_pll
    PLLE2_ADV_X1Y1       PLLE2_ADV (Prop_plle2_adv_CLKIN1_CLKOUT1)
                                                     -3.524    -2.500 r  pll_inst/inst/plle2_adv_inst/CLKOUT1
                         net (fo=1, routed)           1.027    -1.473    pll_inst/inst/clk_out2_pll
    BUFGCTRL_X0Y0        BUFG (Prop_bufg_I_O)         0.030    -1.443 r  pll_inst/inst/clkout2_buf/O
                         net (fo=2866, routed)        0.814    -0.629    student_top_inst/Core_cpu/cpu_core/if_id_inst/clk_out2
    SLICE_X54Y103        FDSE                                         r  student_top_inst/Core_cpu/cpu_core/if_id_inst/inst_o_reg[4]/C
                         clock pessimism              0.383    -0.247    
    SLICE_X54Y103        FDSE (Hold_fdse_C_D)         0.087    -0.160    student_top_inst/Core_cpu/cpu_core/if_id_inst/inst_o_reg[4]
  -------------------------------------------------------------------
                         required time                          0.160    
                         arrival time                          -0.081    
  -------------------------------------------------------------------
                         slack                                  0.078    

Slack (MET) :             0.078ns  (arrival time - required time)
  Source:                 student_top_inst/Core_cpu/cpu_core/if_id_inst/hold_inst_reg_reg[4]/C
                            (rising edge-triggered cell FDRE clocked by clk_out2_pll  {rise@0.000ns fall@2.333ns period=4.667ns})
  Destination:            student_top_inst/Core_cpu/cpu_core/if_id_inst/inst_o_reg[4]/D
                            (rising edge-triggered cell FDSE clocked by clk_out2_pll  {rise@0.000ns fall@2.333ns period=4.667ns})
  Path Group:             clk_out2_pll
  Path Type:              Hold (Min at Fast Process Corner)
  Requirement:            0.000ns  (clk_out2_pll rise@0.000ns - clk_out2_pll rise@0.000ns)
  Data Path Delay:        0.302ns  (logic 0.128ns (42.369%)  route 0.174ns (57.631%))
  Logic Levels:           1  (LUT4=1)
  Clock Path Skew:        0.137ns (DCD - SCD - CPR)
    Destination Clock Delay (DCD):    -0.629ns
    Source Clock Delay      (SCD):    -0.384ns
    Clock Pessimism Removal (CPR):    -0.383ns

    Location             Delay type                Incr(ns)  Path(ns)    Netlist Resource(s)
  -------------------------------------------------------------------    -------------------
                         (clock clk_out2_pll rise edge)
                                                      0.000     0.000 r  
    AD12                                              0.000     0.000 r  i_sys_clk_p (IN)
                         net (fo=0)                   0.000     0.000    pll_inst/inst/clk_in1_p
    AD12                 IBUFDS (Prop_ibufds_I_O)     0.388     0.388 r  pll_inst/inst/clkin1_ibufgds/O
                         net (fo=1, routed)           0.503     0.891    pll_inst/inst/clk_in1_pll
    PLLE2_ADV_X1Y1       PLLE2_ADV (Prop_plle2_adv_CLKIN1_CLKOUT1)
                                                     -2.908    -2.017 r  pll_inst/inst/plle2_adv_inst/CLKOUT1
                         net (fo=1, routed)           0.958    -1.059    pll_inst/inst/clk_out2_pll
    BUFGCTRL_X0Y0        BUFG (Prop_bufg_I_O)         0.026    -1.033 r  pll_inst/inst/clkout2_buf/O
                         net (fo=2866, routed)        0.649    -0.384    student_top_inst/Core_cpu/cpu_core/if_id_inst/clk_out2
    SLICE_X51Y99         FDRE                                         r  student_top_inst/Core_cpu/cpu_core/if_id_inst/hold_inst_reg_reg[4]/C
  -------------------------------------------------------------------    -------------------
    SLICE_X51Y99         FDRE (Prop_fdre_C_Q)         0.100    -0.284 f  student_top_inst/Core_cpu/cpu_core/if_id_inst/hold_inst_reg_reg[4]/Q
                         net (fo=1, routed)           0.174    -0.109    student_top_inst/Core_cpu/cpu_core/if_id_inst/hold_inst_reg_reg_n_0_[4]
    SLICE_X54Y103        LUT4 (Prop_lut4_I0_O)        0.028    -0.081 f  student_top_inst/Core_cpu/cpu_core/if_id_inst/inst_o[4]_i_1/O
                         net (fo=1, routed)           0.000    -0.081    student_top_inst/Core_cpu/cpu_core/if_id_inst/inst_o[4]_i_1_n_0
    SLICE_X54Y103        FDSE                                         f  student_top_inst/Core_cpu/cpu_core/if_id_inst/inst_o_reg[4]/D
  -------------------------------------------------------------------    -------------------

                         (clock clk_out2_pll rise edge)
                                                      0.000     0.000 r  
    AD12                                              0.000     0.000 r  i_sys_clk_p (IN)
                         net (fo=0)                   0.000     0.000    pll_inst/inst/clk_in1_p
    AD12                 IBUFDS (Prop_ibufds_I_O)     0.470     0.470 r  pll_inst/inst/clkin1_ibufgds/O
                         net (fo=1, routed)           0.554     1.024    pll_inst/inst/clk_in1_pll
    PLLE2_ADV_X1Y1       PLLE2_ADV (Prop_plle2_adv_CLKIN1_CLKOUT1)
                                                     -3.524    -2.500 r  pll_inst/inst/plle2_adv_inst/CLKOUT1
                         net (fo=1, routed)           1.027    -1.473    pll_inst/inst/clk_out2_pll
    BUFGCTRL_X0Y0        BUFG (Prop_bufg_I_O)         0.030    -1.443 r  pll_inst/inst/clkout2_buf/O
                         net (fo=2866, routed)        0.814    -0.629    student_top_inst/Core_cpu/cpu_core/if_id_inst/clk_out2
    SLICE_X54Y103        FDSE                                         r  student_top_inst/Core_cpu/cpu_core/if_id_inst/inst_o_reg[4]/C
                         clock pessimism              0.383    -0.247    
    SLICE_X54Y103        FDSE (Hold_fdse_C_D)         0.087    -0.160    student_top_inst/Core_cpu/cpu_core/if_id_inst/inst_o_reg[4]
  -------------------------------------------------------------------
                         required time                          0.160    
                         arrival time                          -0.081    
  -------------------------------------------------------------------
                         slack                                  0.078    

Slack (MET) :             0.092ns  (arrival time - required time)
  Source:                 student_top_inst/bridge_inst/seg_sync_d1_reg[0]/C
                            (rising edge-triggered cell FDRE clocked by clk_out1_pll  {rise@0.000ns fall@10.000ns period=20.000ns})
  Destination:            student_top_inst/bridge_inst/seg_sync_d2_reg[0]/D
                            (rising edge-triggered cell FDRE clocked by clk_out1_pll  {rise@0.000ns fall@10.000ns period=20.000ns})
  Path Group:             clk_out1_pll
  Path Type:              Hold (Min at Fast Process Corner)
  Requirement:            0.000ns  (clk_out1_pll rise@0.000ns - clk_out1_pll rise@0.000ns)
  Data Path Delay:        0.162ns  (logic 0.100ns (61.795%)  route 0.062ns (38.205%))
  Logic Levels:           0  
  Clock Path Skew:        0.011ns (DCD - SCD - CPR)
    Destination Clock Delay (DCD):    -0.565ns
    Source Clock Delay      (SCD):    -0.393ns
    Clock Pessimism Removal (CPR):    -0.184ns

    Location             Delay type                Incr(ns)  Path(ns)    Netlist Resource(s)
  -------------------------------------------------------------------    -------------------
                         (clock clk_out1_pll rise edge)
                                                      0.000     0.000 r  
    AD12                                              0.000     0.000 r  i_sys_clk_p (IN)
                         net (fo=0)                   0.000     0.000    pll_inst/inst/clk_in1_p
    AD12                 IBUFDS (Prop_ibufds_I_O)     0.388     0.388 r  pll_inst/inst/clkin1_ibufgds/O
                         net (fo=1, routed)           0.503     0.891    pll_inst/inst/clk_in1_pll
    PLLE2_ADV_X1Y1       PLLE2_ADV (Prop_plle2_adv_CLKIN1_CLKOUT0)
                                                     -2.908    -2.017 r  pll_inst/inst/plle2_adv_inst/CLKOUT0
                         net (fo=1, routed)           0.958    -1.059    pll_inst/inst/clk_out1_pll
    BUFGCTRL_X0Y1        BUFG (Prop_bufg_I_O)         0.026    -1.033 r  pll_inst/inst/clkout1_buf/O
                         net (fo=546, routed)         0.640    -0.393    student_top_inst/bridge_inst/clk_out1
    SLICE_X71Y84         FDRE                                         r  student_top_inst/bridge_inst/seg_sync_d1_reg[0]/C
  -------------------------------------------------------------------    -------------------
    SLICE_X71Y84         FDRE (Prop_fdre_C_Q)         0.100    -0.293 r  student_top_inst/bridge_inst/seg_sync_d1_reg[0]/Q
                         net (fo=2, routed)           0.062    -0.231    student_top_inst/bridge_inst/seg_sync_d1[0]
    SLICE_X70Y84         FDRE                                         r  student_top_inst/bridge_inst/seg_sync_d2_reg[0]/D
  -------------------------------------------------------------------    -------------------

                         (clock clk_out1_pll rise edge)
                                                      0.000     0.000 r  
    AD12                                              0.000     0.000 r  i_sys_clk_p (IN)
                         net (fo=0)                   0.000     0.000    pll_inst/inst/clk_in1_p
    AD12                 IBUFDS (Prop_ibufds_I_O)     0.470     0.470 r  pll_inst/inst/clkin1_ibufgds/O
                         net (fo=1, routed)           0.554     1.024    pll_inst/inst/clk_in1_pll
    PLLE2_ADV_X1Y1       PLLE2_ADV (Prop_plle2_adv_CLKIN1_CLKOUT0)
                                                     -3.524    -2.500 r  pll_inst/inst/plle2_adv_inst/CLKOUT0
                         net (fo=1, routed)           1.027    -1.473    pll_inst/inst/clk_out1_pll
    BUFGCTRL_X0Y1        BUFG (Prop_bufg_I_O)         0.030    -1.443 r  pll_inst/inst/clkout1_buf/O
                         net (fo=546, routed)         0.878    -0.565    student_top_inst/bridge_inst/clk_out1
    SLICE_X70Y84         FDRE                                         r  student_top_inst/bridge_inst/seg_sync_d2_reg[0]/C
                         clock pessimism              0.184    -0.382    
    SLICE_X70Y84         FDRE (Hold_fdre_C_D)         0.059    -0.323    student_top_inst/bridge_inst/seg_sync_d2_reg[0]
  -------------------------------------------------------------------
                         required time                          0.323    
                         arrival time                          -0.231    
  -------------------------------------------------------------------
                         slack                                  0.092    

Slack (MET) :             0.092ns  (arrival time - required time)
  Source:                 student_top_inst/bridge_inst/seg_sync_d1_reg[0]/C
                            (rising edge-triggered cell FDRE clocked by clk_out1_pll  {rise@0.000ns fall@10.000ns period=20.000ns})
  Destination:            student_top_inst/bridge_inst/seg_sync_d2_reg[0]/D
                            (rising edge-triggered cell FDRE clocked by clk_out1_pll  {rise@0.000ns fall@10.000ns period=20.000ns})
  Path Group:             clk_out1_pll
  Path Type:              Hold (Min at Fast Process Corner)
  Requirement:            0.000ns  (clk_out1_pll rise@0.000ns - clk_out1_pll rise@0.000ns)
  Data Path Delay:        0.162ns  (logic 0.100ns (61.795%)  route 0.062ns (38.205%))
  Logic Levels:           0  
  Clock Path Skew:        0.011ns (DCD - SCD - CPR)
    Destination Clock Delay (DCD):    -0.565ns
    Source Clock Delay      (SCD):    -0.393ns
    Clock Pessimism Removal (CPR):    -0.184ns

    Location             Delay type                Incr(ns)  Path(ns)    Netlist Resource(s)
  -------------------------------------------------------------------    -------------------
                         (clock clk_out1_pll rise edge)
                                                      0.000     0.000 r  
    AD12                                              0.000     0.000 r  i_sys_clk_p (IN)
                         net (fo=0)                   0.000     0.000    pll_inst/inst/clk_in1_p
    AD12                 IBUFDS (Prop_ibufds_I_O)     0.388     0.388 r  pll_inst/inst/clkin1_ibufgds/O
                         net (fo=1, routed)           0.503     0.891    pll_inst/inst/clk_in1_pll
    PLLE2_ADV_X1Y1       PLLE2_ADV (Prop_plle2_adv_CLKIN1_CLKOUT0)
                                                     -2.908    -2.017 r  pll_inst/inst/plle2_adv_inst/CLKOUT0
                         net (fo=1, routed)           0.958    -1.059    pll_inst/inst/clk_out1_pll
    BUFGCTRL_X0Y1        BUFG (Prop_bufg_I_O)         0.026    -1.033 r  pll_inst/inst/clkout1_buf/O
                         net (fo=546, routed)         0.640    -0.393    student_top_inst/bridge_inst/clk_out1
    SLICE_X71Y84         FDRE                                         r  student_top_inst/bridge_inst/seg_sync_d1_reg[0]/C
  -------------------------------------------------------------------    -------------------
    SLICE_X71Y84         FDRE (Prop_fdre_C_Q)         0.100    -0.293 f  student_top_inst/bridge_inst/seg_sync_d1_reg[0]/Q
                         net (fo=2, routed)           0.062    -0.231    student_top_inst/bridge_inst/seg_sync_d1[0]
    SLICE_X70Y84         FDRE                                         f  student_top_inst/bridge_inst/seg_sync_d2_reg[0]/D
  -------------------------------------------------------------------    -------------------

                         (clock clk_out1_pll rise edge)
                                                      0.000     0.000 r  
    AD12                                              0.000     0.000 r  i_sys_clk_p (IN)
                         net (fo=0)                   0.000     0.000    pll_inst/inst/clk_in1_p
    AD12                 IBUFDS (Prop_ibufds_I_O)     0.470     0.470 r  pll_inst/inst/clkin1_ibufgds/O
                         net (fo=1, routed)           0.554     1.024    pll_inst/inst/clk_in1_pll
    PLLE2_ADV_X1Y1       PLLE2_ADV (Prop_plle2_adv_CLKIN1_CLKOUT0)
                                                     -3.524    -2.500 r  pll_inst/inst/plle2_adv_inst/CLKOUT0
                         net (fo=1, routed)           1.027    -1.473    pll_inst/inst/clk_out1_pll
    BUFGCTRL_X0Y1        BUFG (Prop_bufg_I_O)         0.030    -1.443 r  pll_inst/inst/clkout1_buf/O
                         net (fo=546, routed)         0.878    -0.565    student_top_inst/bridge_inst/clk_out1
    SLICE_X70Y84         FDRE                                         r  student_top_inst/bridge_inst/seg_sync_d2_reg[0]/C
                         clock pessimism              0.184    -0.382    
    SLICE_X70Y84         FDRE (Hold_fdre_C_D)         0.059    -0.323    student_top_inst/bridge_inst/seg_sync_d2_reg[0]
  -------------------------------------------------------------------
                         required time                          0.323    
                         arrival time                          -0.231    
  -------------------------------------------------------------------
                         slack                                  0.092    

Slack (MET) :             0.092ns  (arrival time - required time)
  Source:                 student_top_inst/bridge_inst/seg_sync_d1_reg[25]/C
                            (rising edge-triggered cell FDRE clocked by clk_out1_pll  {rise@0.000ns fall@10.000ns period=20.000ns})
  Destination:            student_top_inst/bridge_inst/seg_sync_d2_reg[25]_lopt_replica/D
                            (rising edge-triggered cell FDRE clocked by clk_out1_pll  {rise@0.000ns fall@10.000ns period=20.000ns})
  Path Group:             clk_out1_pll
  Path Type:              Hold (Min at Fast Process Corner)
  Requirement:            0.000ns  (clk_out1_pll rise@0.000ns - clk_out1_pll rise@0.000ns)
  Data Path Delay:        0.162ns  (logic 0.100ns (61.678%)  route 0.062ns (38.322%))
  Logic Levels:           0  
  Clock Path Skew:        0.011ns (DCD - SCD - CPR)
    Destination Clock Delay (DCD):    -0.565ns
    Source Clock Delay      (SCD):    -0.392ns
    Clock Pessimism Removal (CPR):    -0.185ns

    Location             Delay type                Incr(ns)  Path(ns)    Netlist Resource(s)
  -------------------------------------------------------------------    -------------------
                         (clock clk_out1_pll rise edge)
                                                      0.000     0.000 r  
    AD12                                              0.000     0.000 r  i_sys_clk_p (IN)
                         net (fo=0)                   0.000     0.000    pll_inst/inst/clk_in1_p
    AD12                 IBUFDS (Prop_ibufds_I_O)     0.388     0.388 r  pll_inst/inst/clkin1_ibufgds/O
                         net (fo=1, routed)           0.503     0.891    pll_inst/inst/clk_in1_pll
    PLLE2_ADV_X1Y1       PLLE2_ADV (Prop_plle2_adv_CLKIN1_CLKOUT0)
                                                     -2.908    -2.017 r  pll_inst/inst/plle2_adv_inst/CLKOUT0
                         net (fo=1, routed)           0.958    -1.059    pll_inst/inst/clk_out1_pll
    BUFGCTRL_X0Y1        BUFG (Prop_bufg_I_O)         0.026    -1.033 r  pll_inst/inst/clkout1_buf/O
                         net (fo=546, routed)         0.641    -0.392    student_top_inst/bridge_inst/clk_out1
    SLICE_X55Y82         FDRE                                         r  student_top_inst/bridge_inst/seg_sync_d1_reg[25]/C
  -------------------------------------------------------------------    -------------------
    SLICE_X55Y82         FDRE (Prop_fdre_C_Q)         0.100    -0.292 r  student_top_inst/bridge_inst/seg_sync_d1_reg[25]/Q
                         net (fo=2, routed)           0.062    -0.229    student_top_inst/bridge_inst/seg_sync_d1[25]
    SLICE_X54Y82         FDRE                                         r  student_top_inst/bridge_inst/seg_sync_d2_reg[25]_lopt_replica/D
  -------------------------------------------------------------------    -------------------

                         (clock clk_out1_pll rise edge)
                                                      0.000     0.000 r  
    AD12                                              0.000     0.000 r  i_sys_clk_p (IN)
                         net (fo=0)                   0.000     0.000    pll_inst/inst/clk_in1_p
    AD12                 IBUFDS (Prop_ibufds_I_O)     0.470     0.470 r  pll_inst/inst/clkin1_ibufgds/O
                         net (fo=1, routed)           0.554     1.024    pll_inst/inst/clk_in1_pll
    PLLE2_ADV_X1Y1       PLLE2_ADV (Prop_plle2_adv_CLKIN1_CLKOUT0)
                                                     -3.524    -2.500 r  pll_inst/inst/plle2_adv_inst/CLKOUT0
                         net (fo=1, routed)           1.027    -1.473    pll_inst/inst/clk_out1_pll
    BUFGCTRL_X0Y1        BUFG (Prop_bufg_I_O)         0.030    -1.443 r  pll_inst/inst/clkout1_buf/O
                         net (fo=546, routed)         0.878    -0.565    student_top_inst/bridge_inst/clk_out1
    SLICE_X54Y82         FDRE                                         r  student_top_inst/bridge_inst/seg_sync_d2_reg[25]_lopt_replica/C
                         clock pessimism              0.185    -0.381    
    SLICE_X54Y82         FDRE (Hold_fdre_C_D)         0.059    -0.322    student_top_inst/bridge_inst/seg_sync_d2_reg[25]_lopt_replica
  -------------------------------------------------------------------
                         required time                          0.322    
                         arrival time                          -0.229    
  -------------------------------------------------------------------
                         slack                                  0.092    

Slack (MET) :             0.092ns  (arrival time - required time)
  Source:                 student_top_inst/bridge_inst/seg_sync_d1_reg[25]/C
                            (rising edge-triggered cell FDRE clocked by clk_out1_pll  {rise@0.000ns fall@10.000ns period=20.000ns})
  Destination:            student_top_inst/bridge_inst/seg_sync_d2_reg[25]_lopt_replica/D
                            (rising edge-triggered cell FDRE clocked by clk_out1_pll  {rise@0.000ns fall@10.000ns period=20.000ns})
  Path Group:             clk_out1_pll
  Path Type:              Hold (Min at Fast Process Corner)
  Requirement:            0.000ns  (clk_out1_pll rise@0.000ns - clk_out1_pll rise@0.000ns)
  Data Path Delay:        0.162ns  (logic 0.100ns (61.678%)  route 0.062ns (38.322%))
  Logic Levels:           0  
  Clock Path Skew:        0.011ns (DCD - SCD - CPR)
    Destination Clock Delay (DCD):    -0.565ns
    Source Clock Delay      (SCD):    -0.392ns
    Clock Pessimism Removal (CPR):    -0.185ns

    Location             Delay type                Incr(ns)  Path(ns)    Netlist Resource(s)
  -------------------------------------------------------------------    -------------------
                         (clock clk_out1_pll rise edge)
                                                      0.000     0.000 r  
    AD12                                              0.000     0.000 r  i_sys_clk_p (IN)
                         net (fo=0)                   0.000     0.000    pll_inst/inst/clk_in1_p
    AD12                 IBUFDS (Prop_ibufds_I_O)     0.388     0.388 r  pll_inst/inst/clkin1_ibufgds/O
                         net (fo=1, routed)           0.503     0.891    pll_inst/inst/clk_in1_pll
    PLLE2_ADV_X1Y1       PLLE2_ADV (Prop_plle2_adv_CLKIN1_CLKOUT0)
                                                     -2.908    -2.017 r  pll_inst/inst/plle2_adv_inst/CLKOUT0
                         net (fo=1, routed)           0.958    -1.059    pll_inst/inst/clk_out1_pll
    BUFGCTRL_X0Y1        BUFG (Prop_bufg_I_O)         0.026    -1.033 r  pll_inst/inst/clkout1_buf/O
                         net (fo=546, routed)         0.641    -0.392    student_top_inst/bridge_inst/clk_out1
    SLICE_X55Y82         FDRE                                         r  student_top_inst/bridge_inst/seg_sync_d1_reg[25]/C
  -------------------------------------------------------------------    -------------------
    SLICE_X55Y82         FDRE (Prop_fdre_C_Q)         0.100    -0.292 f  student_top_inst/bridge_inst/seg_sync_d1_reg[25]/Q
                         net (fo=2, routed)           0.062    -0.229    student_top_inst/bridge_inst/seg_sync_d1[25]
    SLICE_X54Y82         FDRE                                         f  student_top_inst/bridge_inst/seg_sync_d2_reg[25]_lopt_replica/D
  -------------------------------------------------------------------    -------------------

                         (clock clk_out1_pll rise edge)
                                                      0.000     0.000 r  
    AD12                                              0.000     0.000 r  i_sys_clk_p (IN)
                         net (fo=0)                   0.000     0.000    pll_inst/inst/clk_in1_p
    AD12                 IBUFDS (Prop_ibufds_I_O)     0.470     0.470 r  pll_inst/inst/clkin1_ibufgds/O
                         net (fo=1, routed)           0.554     1.024    pll_inst/inst/clk_in1_pll
    PLLE2_ADV_X1Y1       PLLE2_ADV (Prop_plle2_adv_CLKIN1_CLKOUT0)
                                                     -3.524    -2.500 r  pll_inst/inst/plle2_adv_inst/CLKOUT0
                         net (fo=1, routed)           1.027    -1.473    pll_inst/inst/clk_out1_pll
    BUFGCTRL_X0Y1        BUFG (Prop_bufg_I_O)         0.030    -1.443 r  pll_inst/inst/clkout1_buf/O
                         net (fo=546, routed)         0.878    -0.565    student_top_inst/bridge_inst/clk_out1
    SLICE_X54Y82         FDRE                                         r  student_top_inst/bridge_inst/seg_sync_d2_reg[25]_lopt_replica/C
                         clock pessimism              0.185    -0.381    
    SLICE_X54Y82         FDRE (Hold_fdre_C_D)         0.059    -0.322    student_top_inst/bridge_inst/seg_sync_d2_reg[25]_lopt_replica
  -------------------------------------------------------------------
                         required time                          0.322    
                         arrival time                          -0.229    
  -------------------------------------------------------------------
                         slack                                  0.092    

Slack (MET) :             0.097ns  (arrival time - required time)
  Source:                 student_top_inst/Core_cpu/cpu_core/ex_inst/rv32m_inst_r_reg[14]/C
                            (rising edge-triggered cell FDRE clocked by clk_out2_pll  {rise@0.000ns fall@2.333ns period=4.667ns})
  Destination:            student_top_inst/Core_cpu/cpu_core/ex_mem_inst/dff_inst/data_o_reg[14]/D
                            (rising edge-triggered cell FDRE clocked by clk_out2_pll  {rise@0.000ns fall@2.333ns period=4.667ns})
  Path Group:             clk_out2_pll
  Path Type:              Hold (Min at Fast Process Corner)
  Requirement:            0.000ns  (clk_out2_pll rise@0.000ns - clk_out2_pll rise@0.000ns)
  Data Path Delay:        0.420ns  (logic 0.128ns (30.496%)  route 0.292ns (69.504%))
  Logic Levels:           1  (LUT5=1)
  Clock Path Skew:        0.263ns (DCD - SCD - CPR)
    Destination Clock Delay (DCD):    -0.556ns
    Source Clock Delay      (SCD):    -0.437ns
    Clock Pessimism Removal (CPR):    -0.383ns

    Location             Delay type                Incr(ns)  Path(ns)    Netlist Resource(s)
  -------------------------------------------------------------------    -------------------
                         (clock clk_out2_pll rise edge)
                                                      0.000     0.000 r  
    AD12                                              0.000     0.000 r  i_sys_clk_p (IN)
                         net (fo=0)                   0.000     0.000    pll_inst/inst/clk_in1_p
    AD12                 IBUFDS (Prop_ibufds_I_O)     0.388     0.388 r  pll_inst/inst/clkin1_ibufgds/O
                         net (fo=1, routed)           0.503     0.891    pll_inst/inst/clk_in1_pll
    PLLE2_ADV_X1Y1       PLLE2_ADV (Prop_plle2_adv_CLKIN1_CLKOUT1)
                                                     -2.908    -2.017 r  pll_inst/inst/plle2_adv_inst/CLKOUT1
                         net (fo=1, routed)           0.958    -1.059    pll_inst/inst/clk_out2_pll
    BUFGCTRL_X0Y0        BUFG (Prop_bufg_I_O)         0.026    -1.033 r  pll_inst/inst/clkout2_buf/O
                         net (fo=2866, routed)        0.596    -0.437    student_top_inst/Core_cpu/cpu_core/ex_inst/clk_out2
    SLICE_X57Y101        FDRE                                         r  student_top_inst/Core_cpu/cpu_core/ex_inst/rv32m_inst_r_reg[14]/C
  -------------------------------------------------------------------    -------------------
    SLICE_X57Y101        FDRE (Prop_fdre_C_Q)         0.100    -0.337 r  student_top_inst/Core_cpu/cpu_core/ex_inst/rv32m_inst_r_reg[14]/Q
                         net (fo=1, routed)           0.292    -0.045    student_top_inst/Core_cpu/cpu_core/ex_inst/rv32m_iter_inst/data_o_reg[14]_1[14]
    SLICE_X57Y99         LUT5 (Prop_lut5_I3_O)        0.028    -0.017 r  student_top_inst/Core_cpu/cpu_core/ex_inst/rv32m_iter_inst/data_o[14]_i_2__1/O
                         net (fo=1, routed)           0.000    -0.017    student_top_inst/Core_cpu/cpu_core/ex_mem_inst/dff_inst/ex_inst_o[11]
    SLICE_X57Y99         FDRE                                         r  student_top_inst/Core_cpu/cpu_core/ex_mem_inst/dff_inst/data_o_reg[14]/D
  -------------------------------------------------------------------    -------------------

                         (clock clk_out2_pll rise edge)
                                                      0.000     0.000 r  
    AD12                                              0.000     0.000 r  i_sys_clk_p (IN)
                         net (fo=0)                   0.000     0.000    pll_inst/inst/clk_in1_p
    AD12                 IBUFDS (Prop_ibufds_I_O)     0.470     0.470 r  pll_inst/inst/clkin1_ibufgds/O
                         net (fo=1, routed)           0.554     1.024    pll_inst/inst/clk_in1_pll
    PLLE2_ADV_X1Y1       PLLE2_ADV (Prop_plle2_adv_CLKIN1_CLKOUT1)
                                                     -3.524    -2.500 r  pll_inst/inst/plle2_adv_inst/CLKOUT1
                         net (fo=1, routed)           1.027    -1.473    pll_inst/inst/clk_out2_pll
    BUFGCTRL_X0Y0        BUFG (Prop_bufg_I_O)         0.030    -1.443 r  pll_inst/inst/clkout2_buf/O
                         net (fo=2866, routed)        0.887    -0.556    student_top_inst/Core_cpu/cpu_core/ex_mem_inst/dff_inst/clk_out2
    SLICE_X57Y99         FDRE                                         r  student_top_inst/Core_cpu/cpu_core/ex_mem_inst/dff_inst/data_o_reg[14]/C
                         clock pessimism              0.383    -0.174    
    SLICE_X57Y99         FDRE (Hold_fdre_C_D)         0.060    -0.114    student_top_inst/Core_cpu/cpu_core/ex_mem_inst/dff_inst/data_o_reg[14]
  -------------------------------------------------------------------
                         required time                          0.114    
                         arrival time                          -0.017    
  -------------------------------------------------------------------
                         slack                                  0.097    

Slack (MET) :             0.097ns  (arrival time - required time)
  Source:                 student_top_inst/Core_cpu/cpu_core/ex_inst/rv32m_inst_r_reg[14]/C
                            (rising edge-triggered cell FDRE clocked by clk_out2_pll  {rise@0.000ns fall@2.333ns period=4.667ns})
  Destination:            student_top_inst/Core_cpu/cpu_core/ex_mem_inst/dff_inst/data_o_reg[14]/D
                            (rising edge-triggered cell FDRE clocked by clk_out2_pll  {rise@0.000ns fall@2.333ns period=4.667ns})
  Path Group:             clk_out2_pll
  Path Type:              Hold (Min at Fast Process Corner)
  Requirement:            0.000ns  (clk_out2_pll rise@0.000ns - clk_out2_pll rise@0.000ns)
  Data Path Delay:        0.420ns  (logic 0.128ns (30.496%)  route 0.292ns (69.504%))
  Logic Levels:           1  (LUT5=1)
  Clock Path Skew:        0.263ns (DCD - SCD - CPR)
    Destination Clock Delay (DCD):    -0.556ns
    Source Clock Delay      (SCD):    -0.437ns
    Clock Pessimism Removal (CPR):    -0.383ns

    Location             Delay type                Incr(ns)  Path(ns)    Netlist Resource(s)
  -------------------------------------------------------------------    -------------------
                         (clock clk_out2_pll rise edge)
                                                      0.000     0.000 r  
    AD12                                              0.000     0.000 r  i_sys_clk_p (IN)
                         net (fo=0)                   0.000     0.000    pll_inst/inst/clk_in1_p
    AD12                 IBUFDS (Prop_ibufds_I_O)     0.388     0.388 r  pll_inst/inst/clkin1_ibufgds/O
                         net (fo=1, routed)           0.503     0.891    pll_inst/inst/clk_in1_pll
    PLLE2_ADV_X1Y1       PLLE2_ADV (Prop_plle2_adv_CLKIN1_CLKOUT1)
                                                     -2.908    -2.017 r  pll_inst/inst/plle2_adv_inst/CLKOUT1
                         net (fo=1, routed)           0.958    -1.059    pll_inst/inst/clk_out2_pll
    BUFGCTRL_X0Y0        BUFG (Prop_bufg_I_O)         0.026    -1.033 r  pll_inst/inst/clkout2_buf/O
                         net (fo=2866, routed)        0.596    -0.437    student_top_inst/Core_cpu/cpu_core/ex_inst/clk_out2
    SLICE_X57Y101        FDRE                                         r  student_top_inst/Core_cpu/cpu_core/ex_inst/rv32m_inst_r_reg[14]/C
  -------------------------------------------------------------------    -------------------
    SLICE_X57Y101        FDRE (Prop_fdre_C_Q)         0.100    -0.337 f  student_top_inst/Core_cpu/cpu_core/ex_inst/rv32m_inst_r_reg[14]/Q
                         net (fo=1, routed)           0.292    -0.045    student_top_inst/Core_cpu/cpu_core/ex_inst/rv32m_iter_inst/data_o_reg[14]_1[14]
    SLICE_X57Y99         LUT5 (Prop_lut5_I3_O)        0.028    -0.017 f  student_top_inst/Core_cpu/cpu_core/ex_inst/rv32m_iter_inst/data_o[14]_i_2__1/O
                         net (fo=1, routed)           0.000    -0.017    student_top_inst/Core_cpu/cpu_core/ex_mem_inst/dff_inst/ex_inst_o[11]
    SLICE_X57Y99         FDRE                                         f  student_top_inst/Core_cpu/cpu_core/ex_mem_inst/dff_inst/data_o_reg[14]/D
  -------------------------------------------------------------------    -------------------

                         (clock clk_out2_pll rise edge)
                                                      0.000     0.000 r  
    AD12                                              0.000     0.000 r  i_sys_clk_p (IN)
                         net (fo=0)                   0.000     0.000    pll_inst/inst/clk_in1_p
    AD12                 IBUFDS (Prop_ibufds_I_O)     0.470     0.470 r  pll_inst/inst/clkin1_ibufgds/O
                         net (fo=1, routed)           0.554     1.024    pll_inst/inst/clk_in1_pll
    PLLE2_ADV_X1Y1       PLLE2_ADV (Prop_plle2_adv_CLKIN1_CLKOUT1)
                                                     -3.524    -2.500 r  pll_inst/inst/plle2_adv_inst/CLKOUT1
                         net (fo=1, routed)           1.027    -1.473    pll_inst/inst/clk_out2_pll
    BUFGCTRL_X0Y0        BUFG (Prop_bufg_I_O)         0.030    -1.443 r  pll_inst/inst/clkout2_buf/O
                         net (fo=2866, routed)        0.887    -0.556    student_top_inst/Core_cpu/cpu_core/ex_mem_inst/dff_inst/clk_out2
    SLICE_X57Y99         FDRE                                         r  student_top_inst/Core_cpu/cpu_core/ex_mem_inst/dff_inst/data_o_reg[14]/C
                         clock pessimism              0.383    -0.174    
    SLICE_X57Y99         FDRE (Hold_fdre_C_D)         0.060    -0.114    student_top_inst/Core_cpu/cpu_core/ex_mem_inst/dff_inst/data_o_reg[14]
  -------------------------------------------------------------------
                         required time                          0.114    
                         arrival time                          -0.017    
  -------------------------------------------------------------------
                         slack                                  0.097    

Slack (MET) :             0.097ns  (arrival time - required time)
  Source:                 student_top_inst/Core_cpu/cpu_core/if_id_inst/hold_inst_addr_reg_reg[0]/C
                            (rising edge-triggered cell FDRE clocked by clk_out2_pll  {rise@0.000ns fall@2.333ns period=4.667ns})
  Destination:            student_top_inst/Core_cpu/cpu_core/if_id_inst/inst_addr_o_reg[0]/D
                            (rising edge-triggered cell FDRE clocked by clk_out2_pll  {rise@0.000ns fall@2.333ns period=4.667ns})
  Path Group:             clk_out2_pll
  Path Type:              Hold (Min at Fast Process Corner)
  Requirement:            0.000ns  (clk_out2_pll rise@0.000ns - clk_out2_pll rise@0.000ns)
  Data Path Delay:        0.322ns  (logic 0.146ns (45.317%)  route 0.176ns (54.683%))
  Logic Levels:           1  (LUT4=1)
  Clock Path Skew:        0.138ns (DCD - SCD - CPR)
    Destination Clock Delay (DCD):    -0.628ns
    Source Clock Delay      (SCD):    -0.384ns
    Clock Pessimism Removal (CPR):    -0.383ns

    Location             Delay type                Incr(ns)  Path(ns)    Netlist Resource(s)
  -------------------------------------------------------------------    -------------------
                         (clock clk_out2_pll rise edge)
                                                      0.000     0.000 r  
    AD12                                              0.000     0.000 r  i_sys_clk_p (IN)
                         net (fo=0)                   0.000     0.000    pll_inst/inst/clk_in1_p
    AD12                 IBUFDS (Prop_ibufds_I_O)     0.388     0.388 r  pll_inst/inst/clkin1_ibufgds/O
                         net (fo=1, routed)           0.503     0.891    pll_inst/inst/clk_in1_pll
    PLLE2_ADV_X1Y1       PLLE2_ADV (Prop_plle2_adv_CLKIN1_CLKOUT1)
                                                     -2.908    -2.017 r  pll_inst/inst/plle2_adv_inst/CLKOUT1
                         net (fo=1, routed)           0.958    -1.059    pll_inst/inst/clk_out2_pll
    BUFGCTRL_X0Y0        BUFG (Prop_bufg_I_O)         0.026    -1.033 r  pll_inst/inst/clkout2_buf/O
                         net (fo=2866, routed)        0.649    -0.384    student_top_inst/Core_cpu/cpu_core/if_id_inst/clk_out2
    SLICE_X52Y98         FDRE                                         r  student_top_inst/Core_cpu/cpu_core/if_id_inst/hold_inst_addr_reg_reg[0]/C
  -------------------------------------------------------------------    -------------------
    SLICE_X52Y98         FDRE (Prop_fdre_C_Q)         0.118    -0.266 r  student_top_inst/Core_cpu/cpu_core/if_id_inst/hold_inst_addr_reg_reg[0]/Q
                         net (fo=1, routed)           0.176    -0.089    student_top_inst/Core_cpu/cpu_core/if_id_inst/hold_inst_addr_reg[0]
    SLICE_X54Y100        LUT4 (Prop_lut4_I0_O)        0.028    -0.061 r  student_top_inst/Core_cpu/cpu_core/if_id_inst/inst_addr_o[0]_i_1/O
                         net (fo=1, routed)           0.000    -0.061    student_top_inst/Core_cpu/cpu_core/if_id_inst/p_2_in[0]
    SLICE_X54Y100        FDRE                                         r  student_top_inst/Core_cpu/cpu_core/if_id_inst/inst_addr_o_reg[0]/D
  -------------------------------------------------------------------    -------------------

                         (clock clk_out2_pll rise edge)
                                                      0.000     0.000 r  
    AD12                                              0.000     0.000 r  i_sys_clk_p (IN)
                         net (fo=0)                   0.000     0.000    pll_inst/inst/clk_in1_p
    AD12                 IBUFDS (Prop_ibufds_I_O)     0.470     0.470 r  pll_inst/inst/clkin1_ibufgds/O
                         net (fo=1, routed)           0.554     1.024    pll_inst/inst/clk_in1_pll
    PLLE2_ADV_X1Y1       PLLE2_ADV (Prop_plle2_adv_CLKIN1_CLKOUT1)
                                                     -3.524    -2.500 r  pll_inst/inst/plle2_adv_inst/CLKOUT1
                         net (fo=1, routed)           1.027    -1.473    pll_inst/inst/clk_out2_pll
    BUFGCTRL_X0Y0        BUFG (Prop_bufg_I_O)         0.030    -1.443 r  pll_inst/inst/clkout2_buf/O
                         net (fo=2866, routed)        0.815    -0.628    student_top_inst/Core_cpu/cpu_core/if_id_inst/clk_out2
    SLICE_X54Y100        FDRE                                         r  student_top_inst/Core_cpu/cpu_core/if_id_inst/inst_addr_o_reg[0]/C
                         clock pessimism              0.383    -0.246    
    SLICE_X54Y100        FDRE (Hold_fdre_C_D)         0.087    -0.159    student_top_inst/Core_cpu/cpu_core/if_id_inst/inst_addr_o_reg[0]
  -------------------------------------------------------------------
                         required time                          0.159    
                         arrival time                          -0.061    
  -------------------------------------------------------------------
                         slack                                  0.097    

Slack (MET) :             0.097ns  (arrival time - required time)
  Source:                 student_top_inst/Core_cpu/cpu_core/if_id_inst/hold_inst_addr_reg_reg[0]/C
                            (rising edge-triggered cell FDRE clocked by clk_out2_pll  {rise@0.000ns fall@2.333ns period=4.667ns})
  Destination:            student_top_inst/Core_cpu/cpu_core/if_id_inst/inst_addr_o_reg[0]/D
                            (rising edge-triggered cell FDRE clocked by clk_out2_pll  {rise@0.000ns fall@2.333ns period=4.667ns})
  Path Group:             clk_out2_pll
  Path Type:              Hold (Min at Fast Process Corner)
  Requirement:            0.000ns  (clk_out2_pll rise@0.000ns - clk_out2_pll rise@0.000ns)
  Data Path Delay:        0.322ns  (logic 0.146ns (45.317%)  route 0.176ns (54.683%))
  Logic Levels:           1  (LUT4=1)
  Clock Path Skew:        0.138ns (DCD - SCD - CPR)
    Destination Clock Delay (DCD):    -0.628ns
    Source Clock Delay      (SCD):    -0.384ns
    Clock Pessimism Removal (CPR):    -0.383ns

    Location             Delay type                Incr(ns)  Path(ns)    Netlist Resource(s)
  -------------------------------------------------------------------    -------------------
                         (clock clk_out2_pll rise edge)
                                                      0.000     0.000 r  
    AD12                                              0.000     0.000 r  i_sys_clk_p (IN)
                         net (fo=0)                   0.000     0.000    pll_inst/inst/clk_in1_p
    AD12                 IBUFDS (Prop_ibufds_I_O)     0.388     0.388 r  pll_inst/inst/clkin1_ibufgds/O
                         net (fo=1, routed)           0.503     0.891    pll_inst/inst/clk_in1_pll
    PLLE2_ADV_X1Y1       PLLE2_ADV (Prop_plle2_adv_CLKIN1_CLKOUT1)
                                                     -2.908    -2.017 r  pll_inst/inst/plle2_adv_inst/CLKOUT1
                         net (fo=1, routed)           0.958    -1.059    pll_inst/inst/clk_out2_pll
    BUFGCTRL_X0Y0        BUFG (Prop_bufg_I_O)         0.026    -1.033 r  pll_inst/inst/clkout2_buf/O
                         net (fo=2866, routed)        0.649    -0.384    student_top_inst/Core_cpu/cpu_core/if_id_inst/clk_out2
    SLICE_X52Y98         FDRE                                         r  student_top_inst/Core_cpu/cpu_core/if_id_inst/hold_inst_addr_reg_reg[0]/C
  -------------------------------------------------------------------    -------------------
    SLICE_X52Y98         FDRE (Prop_fdre_C_Q)         0.118    -0.266 f  student_top_inst/Core_cpu/cpu_core/if_id_inst/hold_inst_addr_reg_reg[0]/Q
                         net (fo=1, routed)           0.176    -0.089    student_top_inst/Core_cpu/cpu_core/if_id_inst/hold_inst_addr_reg[0]
    SLICE_X54Y100        LUT4 (Prop_lut4_I0_O)        0.028    -0.061 f  student_top_inst/Core_cpu/cpu_core/if_id_inst/inst_addr_o[0]_i_1/O
                         net (fo=1, routed)           0.000    -0.061    student_top_inst/Core_cpu/cpu_core/if_id_inst/p_2_in[0]
    SLICE_X54Y100        FDRE                                         f  student_top_inst/Core_cpu/cpu_core/if_id_inst/inst_addr_o_reg[0]/D
  -------------------------------------------------------------------    -------------------

                         (clock clk_out2_pll rise edge)
                                                      0.000     0.000 r  
    AD12                                              0.000     0.000 r  i_sys_clk_p (IN)
                         net (fo=0)                   0.000     0.000    pll_inst/inst/clk_in1_p
    AD12                 IBUFDS (Prop_ibufds_I_O)     0.470     0.470 r  pll_inst/inst/clkin1_ibufgds/O
                         net (fo=1, routed)           0.554     1.024    pll_inst/inst/clk_in1_pll
    PLLE2_ADV_X1Y1       PLLE2_ADV (Prop_plle2_adv_CLKIN1_CLKOUT1)
                                                     -3.524    -2.500 r  pll_inst/inst/plle2_adv_inst/CLKOUT1
                         net (fo=1, routed)           1.027    -1.473    pll_inst/inst/clk_out2_pll
    BUFGCTRL_X0Y0        BUFG (Prop_bufg_I_O)         0.030    -1.443 r  pll_inst/inst/clkout2_buf/O
                         net (fo=2866, routed)        0.815    -0.628    student_top_inst/Core_cpu/cpu_core/if_id_inst/clk_out2
    SLICE_X54Y100        FDRE                                         r  student_top_inst/Core_cpu/cpu_core/if_id_inst/inst_addr_o_reg[0]/C
                         clock pessimism              0.383    -0.246    
    SLICE_X54Y100        FDRE (Hold_fdre_C_D)         0.087    -0.159    student_top_inst/Core_cpu/cpu_core/if_id_inst/inst_addr_o_reg[0]
  -------------------------------------------------------------------
                         required time                          0.159    
                         arrival time                          -0.061    
  -------------------------------------------------------------------
                         slack                                  0.097    

Slack (MET) :             0.100ns  (arrival time - required time)
  Source:                 student_top_inst/bridge_inst/seg_sync_d1_reg[0]/C
                            (rising edge-triggered cell FDRE clocked by clk_out1_pll  {rise@0.000ns fall@10.000ns period=20.000ns})
  Destination:            student_top_inst/bridge_inst/seg_sync_d2_reg[0]/D
                            (rising edge-triggered cell FDRE clocked by clk_out1_pll  {rise@0.000ns fall@10.000ns period=20.000ns})
  Path Group:             clk_out1_pll
  Path Type:              Hold (Min at Slow Process Corner)
  Requirement:            0.000ns  (clk_out1_pll rise@0.000ns - clk_out1_pll rise@0.000ns)
  Data Path Delay:        0.274ns  (logic 0.178ns (65.005%)  route 0.096ns (34.995%))
  Logic Levels:           0  
  Clock Path Skew:        0.021ns (DCD - SCD - CPR)
    Destination Clock Delay (DCD):    -2.277ns
    Source Clock Delay      (SCD):    -1.948ns
    Clock Pessimism Removal (CPR):    -0.351ns

    Location             Delay type                Incr(ns)  Path(ns)    Netlist Resource(s)
  -------------------------------------------------------------------    -------------------
                         (clock clk_out1_pll rise edge)
                                                      0.000     0.000 r  
    AD12                                              0.000     0.000 r  i_sys_clk_p (IN)
                         net (fo=0)                   0.000     0.000    pll_inst/inst/clk_in1_p
    AD12                 IBUFDS (Prop_ibufds_I_O)     0.803     0.803 r  pll_inst/inst/clkin1_ibufgds/O
                         net (fo=1, routed)           1.001     1.804    pll_inst/inst/clk_in1_pll
    PLLE2_ADV_X1Y1       PLLE2_ADV (Prop_plle2_adv_CLKIN1_CLKOUT0)
                                                     -7.261    -5.457 r  pll_inst/inst/plle2_adv_inst/CLKOUT0
                         net (fo=1, routed)           2.003    -3.454    pll_inst/inst/clk_out1_pll
    BUFGCTRL_X0Y1        BUFG (Prop_bufg_I_O)         0.083    -3.371 r  pll_inst/inst/clkout1_buf/O
                         net (fo=546, routed)         1.423    -1.948    student_top_inst/bridge_inst/clk_out1
    SLICE_X71Y84         FDRE                                         r  student_top_inst/bridge_inst/seg_sync_d1_reg[0]/C
  -------------------------------------------------------------------    -------------------
    SLICE_X71Y84         FDRE (Prop_fdre_C_Q)         0.178    -1.770 r  student_top_inst/bridge_inst/seg_sync_d1_reg[0]/Q
                         net (fo=2, routed)           0.096    -1.674    student_top_inst/bridge_inst/seg_sync_d1[0]
    SLICE_X70Y84         FDRE                                         r  student_top_inst/bridge_inst/seg_sync_d2_reg[0]/D
  -------------------------------------------------------------------    -------------------

                         (clock clk_out1_pll rise edge)
                                                      0.000     0.000 r  
    AD12                                              0.000     0.000 r  i_sys_clk_p (IN)
                         net (fo=0)                   0.000     0.000    pll_inst/inst/clk_in1_p
    AD12                 IBUFDS (Prop_ibufds_I_O)     0.906     0.906 r  pll_inst/inst/clkin1_ibufgds/O
                         net (fo=1, routed)           1.098     2.004    pll_inst/inst/clk_in1_pll
    PLLE2_ADV_X1Y1       PLLE2_ADV (Prop_plle2_adv_CLKIN1_CLKOUT0)
                                                     -8.058    -6.054 r  pll_inst/inst/plle2_adv_inst/CLKOUT0
                         net (fo=1, routed)           2.128    -3.926    pll_inst/inst/clk_out1_pll
    BUFGCTRL_X0Y1        BUFG (Prop_bufg_I_O)         0.093    -3.833 r  pll_inst/inst/clkout1_buf/O
                         net (fo=546, routed)         1.556    -2.277    student_top_inst/bridge_inst/clk_out1
    SLICE_X70Y84         FDRE                                         r  student_top_inst/bridge_inst/seg_sync_d2_reg[0]/C
                         clock pessimism              0.351    -1.927    
    SLICE_X70Y84         FDRE (Hold_fdre_C_D)         0.153    -1.774    student_top_inst/bridge_inst/seg_sync_d2_reg[0]
  -------------------------------------------------------------------
                         required time                          1.774    
                         arrival time                          -1.674    
  -------------------------------------------------------------------
                         slack                                  0.100    

Slack (MET) :             0.100ns  (arrival time - required time)
  Source:                 student_top_inst/bridge_inst/seg_sync_d1_reg[0]/C
                            (rising edge-triggered cell FDRE clocked by clk_out1_pll  {rise@0.000ns fall@10.000ns period=20.000ns})
  Destination:            student_top_inst/bridge_inst/seg_sync_d2_reg[0]/D
                            (rising edge-triggered cell FDRE clocked by clk_out1_pll  {rise@0.000ns fall@10.000ns period=20.000ns})
  Path Group:             clk_out1_pll
  Path Type:              Hold (Min at Slow Process Corner)
  Requirement:            0.000ns  (clk_out1_pll rise@0.000ns - clk_out1_pll rise@0.000ns)
  Data Path Delay:        0.274ns  (logic 0.178ns (65.005%)  route 0.096ns (34.995%))
  Logic Levels:           0  
  Clock Path Skew:        0.021ns (DCD - SCD - CPR)
    Destination Clock Delay (DCD):    -2.277ns
    Source Clock Delay      (SCD):    -1.948ns
    Clock Pessimism Removal (CPR):    -0.351ns

    Location             Delay type                Incr(ns)  Path(ns)    Netlist Resource(s)
  -------------------------------------------------------------------    -------------------
                         (clock clk_out1_pll rise edge)
                                                      0.000     0.000 r  
    AD12                                              0.000     0.000 r  i_sys_clk_p (IN)
                         net (fo=0)                   0.000     0.000    pll_inst/inst/clk_in1_p
    AD12                 IBUFDS (Prop_ibufds_I_O)     0.803     0.803 r  pll_inst/inst/clkin1_ibufgds/O
                         net (fo=1, routed)           1.001     1.804    pll_inst/inst/clk_in1_pll
    PLLE2_ADV_X1Y1       PLLE2_ADV (Prop_plle2_adv_CLKIN1_CLKOUT0)
                                                     -7.261    -5.457 r  pll_inst/inst/plle2_adv_inst/CLKOUT0
                         net (fo=1, routed)           2.003    -3.454    pll_inst/inst/clk_out1_pll
    BUFGCTRL_X0Y1        BUFG (Prop_bufg_I_O)         0.083    -3.371 r  pll_inst/inst/clkout1_buf/O
                         net (fo=546, routed)         1.423    -1.948    student_top_inst/bridge_inst/clk_out1
    SLICE_X71Y84         FDRE                                         r  student_top_inst/bridge_inst/seg_sync_d1_reg[0]/C
  -------------------------------------------------------------------    -------------------
    SLICE_X71Y84         FDRE (Prop_fdre_C_Q)         0.178    -1.770 f  student_top_inst/bridge_inst/seg_sync_d1_reg[0]/Q
                         net (fo=2, routed)           0.096    -1.674    student_top_inst/bridge_inst/seg_sync_d1[0]
    SLICE_X70Y84         FDRE                                         f  student_top_inst/bridge_inst/seg_sync_d2_reg[0]/D
  -------------------------------------------------------------------    -------------------

                         (clock clk_out1_pll rise edge)
                                                      0.000     0.000 r  
    AD12                                              0.000     0.000 r  i_sys_clk_p (IN)
                         net (fo=0)                   0.000     0.000    pll_inst/inst/clk_in1_p
    AD12                 IBUFDS (Prop_ibufds_I_O)     0.906     0.906 r  pll_inst/inst/clkin1_ibufgds/O
                         net (fo=1, routed)           1.098     2.004    pll_inst/inst/clk_in1_pll
    PLLE2_ADV_X1Y1       PLLE2_ADV (Prop_plle2_adv_CLKIN1_CLKOUT0)
                                                     -8.058    -6.054 r  pll_inst/inst/plle2_adv_inst/CLKOUT0
                         net (fo=1, routed)           2.128    -3.926    pll_inst/inst/clk_out1_pll
    BUFGCTRL_X0Y1        BUFG (Prop_bufg_I_O)         0.093    -3.833 r  pll_inst/inst/clkout1_buf/O
                         net (fo=546, routed)         1.556    -2.277    student_top_inst/bridge_inst/clk_out1
    SLICE_X70Y84         FDRE                                         r  student_top_inst/bridge_inst/seg_sync_d2_reg[0]/C
                         clock pessimism              0.351    -1.927    
    SLICE_X70Y84         FDRE (Hold_fdre_C_D)         0.153    -1.774    student_top_inst/bridge_inst/seg_sync_d2_reg[0]
  -------------------------------------------------------------------
                         required time                          1.774    
                         arrival time                          -1.674    
  -------------------------------------------------------------------
                         slack                                  0.100    

Slack (MET) :             0.100ns  (arrival time - required time)
  Source:                 student_top_inst/bridge_inst/seg_sync_d1_reg[25]/C
                            (rising edge-triggered cell FDRE clocked by clk_out1_pll  {rise@0.000ns fall@10.000ns period=20.000ns})
  Destination:            student_top_inst/bridge_inst/seg_sync_d2_reg[25]_lopt_replica/D
                            (rising edge-triggered cell FDRE clocked by clk_out1_pll  {rise@0.000ns fall@10.000ns period=20.000ns})
  Path Group:             clk_out1_pll
  Path Type:              Hold (Min at Slow Process Corner)
  Requirement:            0.000ns  (clk_out1_pll rise@0.000ns - clk_out1_pll rise@0.000ns)
  Data Path Delay:        0.274ns  (logic 0.178ns (64.932%)  route 0.096ns (35.068%))
  Logic Levels:           0  
  Clock Path Skew:        0.021ns (DCD - SCD - CPR)
    Destination Clock Delay (DCD):    -2.277ns
    Source Clock Delay      (SCD):    -1.948ns
    Clock Pessimism Removal (CPR):    -0.351ns

    Location             Delay type                Incr(ns)  Path(ns)    Netlist Resource(s)
  -------------------------------------------------------------------    -------------------
                         (clock clk_out1_pll rise edge)
                                                      0.000     0.000 r  
    AD12                                              0.000     0.000 r  i_sys_clk_p (IN)
                         net (fo=0)                   0.000     0.000    pll_inst/inst/clk_in1_p
    AD12                 IBUFDS (Prop_ibufds_I_O)     0.803     0.803 r  pll_inst/inst/clkin1_ibufgds/O
                         net (fo=1, routed)           1.001     1.804    pll_inst/inst/clk_in1_pll
    PLLE2_ADV_X1Y1       PLLE2_ADV (Prop_plle2_adv_CLKIN1_CLKOUT0)
                                                     -7.261    -5.457 r  pll_inst/inst/plle2_adv_inst/CLKOUT0
                         net (fo=1, routed)           2.003    -3.454    pll_inst/inst/clk_out1_pll
    BUFGCTRL_X0Y1        BUFG (Prop_bufg_I_O)         0.083    -3.371 r  pll_inst/inst/clkout1_buf/O
                         net (fo=546, routed)         1.423    -1.948    student_top_inst/bridge_inst/clk_out1
    SLICE_X55Y82         FDRE                                         r  student_top_inst/bridge_inst/seg_sync_d1_reg[25]/C
  -------------------------------------------------------------------    -------------------
    SLICE_X55Y82         FDRE (Prop_fdre_C_Q)         0.178    -1.770 r  student_top_inst/bridge_inst/seg_sync_d1_reg[25]/Q
                         net (fo=2, routed)           0.096    -1.673    student_top_inst/bridge_inst/seg_sync_d1[25]
    SLICE_X54Y82         FDRE                                         r  student_top_inst/bridge_inst/seg_sync_d2_reg[25]_lopt_replica/D
  -------------------------------------------------------------------    -------------------

                         (clock clk_out1_pll rise edge)
                                                      0.000     0.000 r  
    AD12                                              0.000     0.000 r  i_sys_clk_p (IN)
                         net (fo=0)                   0.000     0.000    pll_inst/inst/clk_in1_p
    AD12                 IBUFDS (Prop_ibufds_I_O)     0.906     0.906 r  pll_inst/inst/clkin1_ibufgds/O
                         net (fo=1, routed)           1.098     2.004    pll_inst/inst/clk_in1_pll
    PLLE2_ADV_X1Y1       PLLE2_ADV (Prop_plle2_adv_CLKIN1_CLKOUT0)
                                                     -8.058    -6.054 r  pll_inst/inst/plle2_adv_inst/CLKOUT0
                         net (fo=1, routed)           2.128    -3.926    pll_inst/inst/clk_out1_pll
    BUFGCTRL_X0Y1        BUFG (Prop_bufg_I_O)         0.093    -3.833 r  pll_inst/inst/clkout1_buf/O
                         net (fo=546, routed)         1.556    -2.277    student_top_inst/bridge_inst/clk_out1
    SLICE_X54Y82         FDRE                                         r  student_top_inst/bridge_inst/seg_sync_d2_reg[25]_lopt_replica/C
                         clock pessimism              0.351    -1.927    
    SLICE_X54Y82         FDRE (Hold_fdre_C_D)         0.153    -1.774    student_top_inst/bridge_inst/seg_sync_d2_reg[25]_lopt_replica
  -------------------------------------------------------------------
                         required time                          1.774    
                         arrival time                          -1.673    
  -------------------------------------------------------------------
                         slack                                  0.100    

Slack (MET) :             0.100ns  (arrival time - required time)
  Source:                 student_top_inst/bridge_inst/seg_sync_d1_reg[25]/C
                            (rising edge-triggered cell FDRE clocked by clk_out1_pll  {rise@0.000ns fall@10.000ns period=20.000ns})
  Destination:            student_top_inst/bridge_inst/seg_sync_d2_reg[25]_lopt_replica/D
                            (rising edge-triggered cell FDRE clocked by clk_out1_pll  {rise@0.000ns fall@10.000ns period=20.000ns})
  Path Group:             clk_out1_pll
  Path Type:              Hold (Min at Slow Process Corner)
  Requirement:            0.000ns  (clk_out1_pll rise@0.000ns - clk_out1_pll rise@0.000ns)
  Data Path Delay:        0.274ns  (logic 0.178ns (64.932%)  route 0.096ns (35.068%))
  Logic Levels:           0  
  Clock Path Skew:        0.021ns (DCD - SCD - CPR)
    Destination Clock Delay (DCD):    -2.277ns
    Source Clock Delay      (SCD):    -1.948ns
    Clock Pessimism Removal (CPR):    -0.351ns

    Location             Delay type                Incr(ns)  Path(ns)    Netlist Resource(s)
  -------------------------------------------------------------------    -------------------
                         (clock clk_out1_pll rise edge)
                                                      0.000     0.000 r  
    AD12                                              0.000     0.000 r  i_sys_clk_p (IN)
                         net (fo=0)                   0.000     0.000    pll_inst/inst/clk_in1_p
    AD12                 IBUFDS (Prop_ibufds_I_O)     0.803     0.803 r  pll_inst/inst/clkin1_ibufgds/O
                         net (fo=1, routed)           1.001     1.804    pll_inst/inst/clk_in1_pll
    PLLE2_ADV_X1Y1       PLLE2_ADV (Prop_plle2_adv_CLKIN1_CLKOUT0)
                                                     -7.261    -5.457 r  pll_inst/inst/plle2_adv_inst/CLKOUT0
                         net (fo=1, routed)           2.003    -3.454    pll_inst/inst/clk_out1_pll
    BUFGCTRL_X0Y1        BUFG (Prop_bufg_I_O)         0.083    -3.371 r  pll_inst/inst/clkout1_buf/O
                         net (fo=546, routed)         1.423    -1.948    student_top_inst/bridge_inst/clk_out1
    SLICE_X55Y82         FDRE                                         r  student_top_inst/bridge_inst/seg_sync_d1_reg[25]/C
  -------------------------------------------------------------------    -------------------
    SLICE_X55Y82         FDRE (Prop_fdre_C_Q)         0.178    -1.770 f  student_top_inst/bridge_inst/seg_sync_d1_reg[25]/Q
                         net (fo=2, routed)           0.096    -1.673    student_top_inst/bridge_inst/seg_sync_d1[25]
    SLICE_X54Y82         FDRE                                         f  student_top_inst/bridge_inst/seg_sync_d2_reg[25]_lopt_replica/D
  -------------------------------------------------------------------    -------------------

                         (clock clk_out1_pll rise edge)
                                                      0.000     0.000 r  
    AD12                                              0.000     0.000 r  i_sys_clk_p (IN)
                         net (fo=0)                   0.000     0.000    pll_inst/inst/clk_in1_p
    AD12                 IBUFDS (Prop_ibufds_I_O)     0.906     0.906 r  pll_inst/inst/clkin1_ibufgds/O
                         net (fo=1, routed)           1.098     2.004    pll_inst/inst/clk_in1_pll
    PLLE2_ADV_X1Y1       PLLE2_ADV (Prop_plle2_adv_CLKIN1_CLKOUT0)
                                                     -8.058    -6.054 r  pll_inst/inst/plle2_adv_inst/CLKOUT0
                         net (fo=1, routed)           2.128    -3.926    pll_inst/inst/clk_out1_pll
    BUFGCTRL_X0Y1        BUFG (Prop_bufg_I_O)         0.093    -3.833 r  pll_inst/inst/clkout1_buf/O
                         net (fo=546, routed)         1.556    -2.277    student_top_inst/bridge_inst/clk_out1
    SLICE_X54Y82         FDRE                                         r  student_top_inst/bridge_inst/seg_sync_d2_reg[25]_lopt_replica/C
                         clock pessimism              0.351    -1.927    
    SLICE_X54Y82         FDRE (Hold_fdre_C_D)         0.153    -1.774    student_top_inst/bridge_inst/seg_sync_d2_reg[25]_lopt_replica
  -------------------------------------------------------------------
                         required time                          1.774    
                         arrival time                          -1.673    
  -------------------------------------------------------------------
                         slack                                  0.100    

Slack (MET) :             0.104ns  (arrival time - required time)
  Source:                 student_top_inst/Core_cpu/cpu_core/ex_inst/rv32m_inst_r_reg[10]/C
                            (rising edge-triggered cell FDRE clocked by clk_out2_pll  {rise@0.000ns fall@2.333ns period=4.667ns})
  Destination:            student_top_inst/Core_cpu/cpu_core/ex_mem_inst/dff_inst/data_o_reg[10]/D
                            (rising edge-triggered cell FDRE clocked by clk_out2_pll  {rise@0.000ns fall@2.333ns period=4.667ns})
  Path Group:             clk_out2_pll
  Path Type:              Hold (Min at Fast Process Corner)
  Requirement:            0.000ns  (clk_out2_pll rise@0.000ns - clk_out2_pll rise@0.000ns)
  Data Path Delay:        0.428ns  (logic 0.146ns (34.144%)  route 0.282ns (65.856%))
  Logic Levels:           1  (LUT5=1)
  Clock Path Skew:        0.263ns (DCD - SCD - CPR)
    Destination Clock Delay (DCD):    -0.556ns
    Source Clock Delay      (SCD):    -0.437ns
    Clock Pessimism Removal (CPR):    -0.383ns

    Location             Delay type                Incr(ns)  Path(ns)    Netlist Resource(s)
  -------------------------------------------------------------------    -------------------
                         (clock clk_out2_pll rise edge)
                                                      0.000     0.000 r  
    AD12                                              0.000     0.000 r  i_sys_clk_p (IN)
                         net (fo=0)                   0.000     0.000    pll_inst/inst/clk_in1_p
    AD12                 IBUFDS (Prop_ibufds_I_O)     0.388     0.388 r  pll_inst/inst/clkin1_ibufgds/O
                         net (fo=1, routed)           0.503     0.891    pll_inst/inst/clk_in1_pll
    PLLE2_ADV_X1Y1       PLLE2_ADV (Prop_plle2_adv_CLKIN1_CLKOUT1)
                                                     -2.908    -2.017 r  pll_inst/inst/plle2_adv_inst/CLKOUT1
                         net (fo=1, routed)           0.958    -1.059    pll_inst/inst/clk_out2_pll
    BUFGCTRL_X0Y0        BUFG (Prop_bufg_I_O)         0.026    -1.033 r  pll_inst/inst/clkout2_buf/O
                         net (fo=2866, routed)        0.596    -0.437    student_top_inst/Core_cpu/cpu_core/ex_inst/clk_out2
    SLICE_X56Y100        FDRE                                         r  student_top_inst/Core_cpu/cpu_core/ex_inst/rv32m_inst_r_reg[10]/C
  -------------------------------------------------------------------    -------------------
    SLICE_X56Y100        FDRE (Prop_fdre_C_Q)         0.118    -0.319 r  student_top_inst/Core_cpu/cpu_core/ex_inst/rv32m_inst_r_reg[10]/Q
                         net (fo=1, routed)           0.282    -0.037    student_top_inst/Core_cpu/cpu_core/ex_inst/rv32m_iter_inst/data_o_reg[14]_1[10]
    SLICE_X57Y97         LUT5 (Prop_lut5_I3_O)        0.028    -0.009 r  student_top_inst/Core_cpu/cpu_core/ex_inst/rv32m_iter_inst/data_o[10]_i_1__1/O
                         net (fo=1, routed)           0.000    -0.009    student_top_inst/Core_cpu/cpu_core/ex_mem_inst/dff_inst/ex_inst_o[7]
    SLICE_X57Y97         FDRE                                         r  student_top_inst/Core_cpu/cpu_core/ex_mem_inst/dff_inst/data_o_reg[10]/D
  -------------------------------------------------------------------    -------------------

                         (clock clk_out2_pll rise edge)
                                                      0.000     0.000 r  
    AD12                                              0.000     0.000 r  i_sys_clk_p (IN)
                         net (fo=0)                   0.000     0.000    pll_inst/inst/clk_in1_p
    AD12                 IBUFDS (Prop_ibufds_I_O)     0.470     0.470 r  pll_inst/inst/clkin1_ibufgds/O
                         net (fo=1, routed)           0.554     1.024    pll_inst/inst/clk_in1_pll
    PLLE2_ADV_X1Y1       PLLE2_ADV (Prop_plle2_adv_CLKIN1_CLKOUT1)
                                                     -3.524    -2.500 r  pll_inst/inst/plle2_adv_inst/CLKOUT1
                         net (fo=1, routed)           1.027    -1.473    pll_inst/inst/clk_out2_pll
    BUFGCTRL_X0Y0        BUFG (Prop_bufg_I_O)         0.030    -1.443 r  pll_inst/inst/clkout2_buf/O
                         net (fo=2866, routed)        0.887    -0.556    student_top_inst/Core_cpu/cpu_core/ex_mem_inst/dff_inst/clk_out2
    SLICE_X57Y97         FDRE                                         r  student_top_inst/Core_cpu/cpu_core/ex_mem_inst/dff_inst/data_o_reg[10]/C
                         clock pessimism              0.383    -0.174    
    SLICE_X57Y97         FDRE (Hold_fdre_C_D)         0.061    -0.113    student_top_inst/Core_cpu/cpu_core/ex_mem_inst/dff_inst/data_o_reg[10]
  -------------------------------------------------------------------
                         required time                          0.113    
                         arrival time                          -0.009    
  -------------------------------------------------------------------
                         slack                                  0.104    

Slack (MET) :             0.104ns  (arrival time - required time)
  Source:                 student_top_inst/Core_cpu/cpu_core/ex_inst/rv32m_inst_r_reg[10]/C
                            (rising edge-triggered cell FDRE clocked by clk_out2_pll  {rise@0.000ns fall@2.333ns period=4.667ns})
  Destination:            student_top_inst/Core_cpu/cpu_core/ex_mem_inst/dff_inst/data_o_reg[10]/D
                            (rising edge-triggered cell FDRE clocked by clk_out2_pll  {rise@0.000ns fall@2.333ns period=4.667ns})
  Path Group:             clk_out2_pll
  Path Type:              Hold (Min at Fast Process Corner)
  Requirement:            0.000ns  (clk_out2_pll rise@0.000ns - clk_out2_pll rise@0.000ns)
  Data Path Delay:        0.428ns  (logic 0.146ns (34.144%)  route 0.282ns (65.856%))
  Logic Levels:           1  (LUT5=1)
  Clock Path Skew:        0.263ns (DCD - SCD - CPR)
    Destination Clock Delay (DCD):    -0.556ns
    Source Clock Delay      (SCD):    -0.437ns
    Clock Pessimism Removal (CPR):    -0.383ns

    Location             Delay type                Incr(ns)  Path(ns)    Netlist Resource(s)
  -------------------------------------------------------------------    -------------------
                         (clock clk_out2_pll rise edge)
                                                      0.000     0.000 r  
    AD12                                              0.000     0.000 r  i_sys_clk_p (IN)
                         net (fo=0)                   0.000     0.000    pll_inst/inst/clk_in1_p
    AD12                 IBUFDS (Prop_ibufds_I_O)     0.388     0.388 r  pll_inst/inst/clkin1_ibufgds/O
                         net (fo=1, routed)           0.503     0.891    pll_inst/inst/clk_in1_pll
    PLLE2_ADV_X1Y1       PLLE2_ADV (Prop_plle2_adv_CLKIN1_CLKOUT1)
                                                     -2.908    -2.017 r  pll_inst/inst/plle2_adv_inst/CLKOUT1
                         net (fo=1, routed)           0.958    -1.059    pll_inst/inst/clk_out2_pll
    BUFGCTRL_X0Y0        BUFG (Prop_bufg_I_O)         0.026    -1.033 r  pll_inst/inst/clkout2_buf/O
                         net (fo=2866, routed)        0.596    -0.437    student_top_inst/Core_cpu/cpu_core/ex_inst/clk_out2
    SLICE_X56Y100        FDRE                                         r  student_top_inst/Core_cpu/cpu_core/ex_inst/rv32m_inst_r_reg[10]/C
  -------------------------------------------------------------------    -------------------
    SLICE_X56Y100        FDRE (Prop_fdre_C_Q)         0.118    -0.319 f  student_top_inst/Core_cpu/cpu_core/ex_inst/rv32m_inst_r_reg[10]/Q
                         net (fo=1, routed)           0.282    -0.037    student_top_inst/Core_cpu/cpu_core/ex_inst/rv32m_iter_inst/data_o_reg[14]_1[10]
    SLICE_X57Y97         LUT5 (Prop_lut5_I3_O)        0.028    -0.009 f  student_top_inst/Core_cpu/cpu_core/ex_inst/rv32m_iter_inst/data_o[10]_i_1__1/O
                         net (fo=1, routed)           0.000    -0.009    student_top_inst/Core_cpu/cpu_core/ex_mem_inst/dff_inst/ex_inst_o[7]
    SLICE_X57Y97         FDRE                                         f  student_top_inst/Core_cpu/cpu_core/ex_mem_inst/dff_inst/data_o_reg[10]/D
  -------------------------------------------------------------------    -------------------

                         (clock clk_out2_pll rise edge)
                                                      0.000     0.000 r  
    AD12                                              0.000     0.000 r  i_sys_clk_p (IN)
                         net (fo=0)                   0.000     0.000    pll_inst/inst/clk_in1_p
    AD12                 IBUFDS (Prop_ibufds_I_O)     0.470     0.470 r  pll_inst/inst/clkin1_ibufgds/O
                         net (fo=1, routed)           0.554     1.024    pll_inst/inst/clk_in1_pll
    PLLE2_ADV_X1Y1       PLLE2_ADV (Prop_plle2_adv_CLKIN1_CLKOUT1)
                                                     -3.524    -2.500 r  pll_inst/inst/plle2_adv_inst/CLKOUT1
                         net (fo=1, routed)           1.027    -1.473    pll_inst/inst/clk_out2_pll
    BUFGCTRL_X0Y0        BUFG (Prop_bufg_I_O)         0.030    -1.443 r  pll_inst/inst/clkout2_buf/O
                         net (fo=2866, routed)        0.887    -0.556    student_top_inst/Core_cpu/cpu_core/ex_mem_inst/dff_inst/clk_out2
    SLICE_X57Y97         FDRE                                         r  student_top_inst/Core_cpu/cpu_core/ex_mem_inst/dff_inst/data_o_reg[10]/C
                         clock pessimism              0.383    -0.174    
    SLICE_X57Y97         FDRE (Hold_fdre_C_D)         0.061    -0.113    student_top_inst/Core_cpu/cpu_core/ex_mem_inst/dff_inst/data_o_reg[10]
  -------------------------------------------------------------------
                         required time                          0.113    
                         arrival time                          -0.009    
  -------------------------------------------------------------------
                         slack                                  0.104    

Slack (MET) :             0.109ns  (arrival time - required time)
  Source:                 student_top_inst/Core_cpu/cpu_core/mem_wb_inst/dff_rd_addr/data_o_reg[1]/C
                            (rising edge-triggered cell FDRE clocked by clk_out2_pll  {rise@0.000ns fall@2.333ns period=4.667ns})
  Destination:            student_top_inst/Core_cpu/cpu_core/regs_inst/regs_reg_r2_0_31_18_23/RAMA/WADR1
                            (rising edge-triggered cell RAMD32 clocked by clk_out2_pll  {rise@0.000ns fall@2.333ns period=4.667ns})
  Path Group:             clk_out2_pll
  Path Type:              Hold (Min at Fast Process Corner)
  Requirement:            0.000ns  (clk_out2_pll rise@0.000ns - clk_out2_pll rise@0.000ns)
  Data Path Delay:        0.667ns  (logic 0.100ns (14.997%)  route 0.567ns (85.003%))
  Logic Levels:           0  
  Clock Path Skew:        0.264ns (DCD - SCD - CPR)
    Destination Clock Delay (DCD):    -0.560ns
    Source Clock Delay      (SCD):    -0.442ns
    Clock Pessimism Removal (CPR):    -0.383ns

    Location             Delay type                Incr(ns)  Path(ns)    Netlist Resource(s)
  -------------------------------------------------------------------    -------------------
                         (clock clk_out2_pll rise edge)
                                                      0.000     0.000 r  
    AD12                                              0.000     0.000 r  i_sys_clk_p (IN)
                         net (fo=0)                   0.000     0.000    pll_inst/inst/clk_in1_p
    AD12                 IBUFDS (Prop_ibufds_I_O)     0.388     0.388 r  pll_inst/inst/clkin1_ibufgds/O
                         net (fo=1, routed)           0.503     0.891    pll_inst/inst/clk_in1_pll
    PLLE2_ADV_X1Y1       PLLE2_ADV (Prop_plle2_adv_CLKIN1_CLKOUT1)
                                                     -2.908    -2.017 r  pll_inst/inst/plle2_adv_inst/CLKOUT1
                         net (fo=1, routed)           0.958    -1.059    pll_inst/inst/clk_out2_pll
    BUFGCTRL_X0Y0        BUFG (Prop_bufg_I_O)         0.026    -1.033 r  pll_inst/inst/clkout2_buf/O
                         net (fo=2866, routed)        0.591    -0.442    student_top_inst/Core_cpu/cpu_core/mem_wb_inst/dff_rd_addr/clk_out2
    SLICE_X75Y103        FDRE                                         r  student_top_inst/Core_cpu/cpu_core/mem_wb_inst/dff_rd_addr/data_o_reg[1]/C
  -------------------------------------------------------------------    -------------------
    SLICE_X75Y103        FDRE (Prop_fdre_C_Q)         0.100    -0.342 r  student_top_inst/Core_cpu/cpu_core/mem_wb_inst/dff_rd_addr/data_o_reg[1]/Q
                         net (fo=95, routed)          0.567     0.225    student_top_inst/Core_cpu/cpu_core/regs_inst/regs_reg_r2_0_31_18_23/ADDRD1
    SLICE_X78Y99         RAMD32                                       r  student_top_inst/Core_cpu/cpu_core/regs_inst/regs_reg_r2_0_31_18_23/RAMA/WADR1
  -------------------------------------------------------------------    -------------------

                         (clock clk_out2_pll rise edge)
                                                      0.000     0.000 r  
    AD12                                              0.000     0.000 r  i_sys_clk_p (IN)
                         net (fo=0)                   0.000     0.000    pll_inst/inst/clk_in1_p
    AD12                 IBUFDS (Prop_ibufds_I_O)     0.470     0.470 r  pll_inst/inst/clkin1_ibufgds/O
                         net (fo=1, routed)           0.554     1.024    pll_inst/inst/clk_in1_pll
    PLLE2_ADV_X1Y1       PLLE2_ADV (Prop_plle2_adv_CLKIN1_CLKOUT1)
                                                     -3.524    -2.500 r  pll_inst/inst/plle2_adv_inst/CLKOUT1
                         net (fo=1, routed)           1.027    -1.473    pll_inst/inst/clk_out2_pll
    BUFGCTRL_X0Y0        BUFG (Prop_bufg_I_O)         0.030    -1.443 r  pll_inst/inst/clkout2_buf/O
                         net (fo=2866, routed)        0.883    -0.560    student_top_inst/Core_cpu/cpu_core/regs_inst/regs_reg_r2_0_31_18_23/WCLK
    SLICE_X78Y99         RAMD32                                       r  student_top_inst/Core_cpu/cpu_core/regs_inst/regs_reg_r2_0_31_18_23/RAMA/CLK
                         clock pessimism              0.383    -0.178    
    SLICE_X78Y99         RAMD32 (Hold_ramd32_CLK_WADR1)
                                                      0.294     0.116    student_top_inst/Core_cpu/cpu_core/regs_inst/regs_reg_r2_0_31_18_23/RAMA
  -------------------------------------------------------------------
                         required time                         -0.116    
                         arrival time                           0.225    
  -------------------------------------------------------------------
                         slack                                  0.109    

Slack (MET) :             0.109ns  (arrival time - required time)
  Source:                 student_top_inst/Core_cpu/cpu_core/mem_wb_inst/dff_rd_addr/data_o_reg[1]/C
                            (rising edge-triggered cell FDRE clocked by clk_out2_pll  {rise@0.000ns fall@2.333ns period=4.667ns})
  Destination:            student_top_inst/Core_cpu/cpu_core/regs_inst/regs_reg_r2_0_31_18_23/RAMA/WADR1
                            (rising edge-triggered cell RAMD32 clocked by clk_out2_pll  {rise@0.000ns fall@2.333ns period=4.667ns})
  Path Group:             clk_out2_pll
  Path Type:              Hold (Min at Fast Process Corner)
  Requirement:            0.000ns  (clk_out2_pll rise@0.000ns - clk_out2_pll rise@0.000ns)
  Data Path Delay:        0.667ns  (logic 0.100ns (14.997%)  route 0.567ns (85.003%))
  Logic Levels:           0  
  Clock Path Skew:        0.264ns (DCD - SCD - CPR)
    Destination Clock Delay (DCD):    -0.560ns
    Source Clock Delay      (SCD):    -0.442ns
    Clock Pessimism Removal (CPR):    -0.383ns

    Location             Delay type                Incr(ns)  Path(ns)    Netlist Resource(s)
  -------------------------------------------------------------------    -------------------
                         (clock clk_out2_pll rise edge)
                                                      0.000     0.000 r  
    AD12                                              0.000     0.000 r  i_sys_clk_p (IN)
                         net (fo=0)                   0.000     0.000    pll_inst/inst/clk_in1_p
    AD12                 IBUFDS (Prop_ibufds_I_O)     0.388     0.388 r  pll_inst/inst/clkin1_ibufgds/O
                         net (fo=1, routed)           0.503     0.891    pll_inst/inst/clk_in1_pll
    PLLE2_ADV_X1Y1       PLLE2_ADV (Prop_plle2_adv_CLKIN1_CLKOUT1)
                                                     -2.908    -2.017 r  pll_inst/inst/plle2_adv_inst/CLKOUT1
                         net (fo=1, routed)           0.958    -1.059    pll_inst/inst/clk_out2_pll
    BUFGCTRL_X0Y0        BUFG (Prop_bufg_I_O)         0.026    -1.033 r  pll_inst/inst/clkout2_buf/O
                         net (fo=2866, routed)        0.591    -0.442    student_top_inst/Core_cpu/cpu_core/mem_wb_inst/dff_rd_addr/clk_out2
    SLICE_X75Y103        FDRE                                         r  student_top_inst/Core_cpu/cpu_core/mem_wb_inst/dff_rd_addr/data_o_reg[1]/C
  -------------------------------------------------------------------    -------------------
    SLICE_X75Y103        FDRE (Prop_fdre_C_Q)         0.100    -0.342 f  student_top_inst/Core_cpu/cpu_core/mem_wb_inst/dff_rd_addr/data_o_reg[1]/Q
                         net (fo=95, routed)          0.567     0.225    student_top_inst/Core_cpu/cpu_core/regs_inst/regs_reg_r2_0_31_18_23/ADDRD1
    SLICE_X78Y99         RAMD32                                       f  student_top_inst/Core_cpu/cpu_core/regs_inst/regs_reg_r2_0_31_18_23/RAMA/WADR1
  -------------------------------------------------------------------    -------------------

                         (clock clk_out2_pll rise edge)
                                                      0.000     0.000 r  
    AD12                                              0.000     0.000 r  i_sys_clk_p (IN)
                         net (fo=0)                   0.000     0.000    pll_inst/inst/clk_in1_p
    AD12                 IBUFDS (Prop_ibufds_I_O)     0.470     0.470 r  pll_inst/inst/clkin1_ibufgds/O
                         net (fo=1, routed)           0.554     1.024    pll_inst/inst/clk_in1_pll
    PLLE2_ADV_X1Y1       PLLE2_ADV (Prop_plle2_adv_CLKIN1_CLKOUT1)
                                                     -3.524    -2.500 r  pll_inst/inst/plle2_adv_inst/CLKOUT1
                         net (fo=1, routed)           1.027    -1.473    pll_inst/inst/clk_out2_pll
    BUFGCTRL_X0Y0        BUFG (Prop_bufg_I_O)         0.030    -1.443 r  pll_inst/inst/clkout2_buf/O
                         net (fo=2866, routed)        0.883    -0.560    student_top_inst/Core_cpu/cpu_core/regs_inst/regs_reg_r2_0_31_18_23/WCLK
    SLICE_X78Y99         RAMD32                                       r  student_top_inst/Core_cpu/cpu_core/regs_inst/regs_reg_r2_0_31_18_23/RAMA/CLK
                         clock pessimism              0.383    -0.178    
    SLICE_X78Y99         RAMD32 (Hold_ramd32_CLK_WADR1)
                                                      0.294     0.116    student_top_inst/Core_cpu/cpu_core/regs_inst/regs_reg_r2_0_31_18_23/RAMA
  -------------------------------------------------------------------
                         required time                         -0.116    
                         arrival time                           0.225    
  -------------------------------------------------------------------
                         slack                                  0.109    

Slack (MET) :             0.109ns  (arrival time - required time)
  Source:                 student_top_inst/Core_cpu/cpu_core/mem_wb_inst/dff_rd_addr/data_o_reg[1]/C
                            (rising edge-triggered cell FDRE clocked by clk_out2_pll  {rise@0.000ns fall@2.333ns period=4.667ns})
  Destination:            student_top_inst/Core_cpu/cpu_core/regs_inst/regs_reg_r2_0_31_18_23/RAMA_D1/WADR1
                            (rising edge-triggered cell RAMD32 clocked by clk_out2_pll  {rise@0.000ns fall@2.333ns period=4.667ns})
  Path Group:             clk_out2_pll
  Path Type:              Hold (Min at Fast Process Corner)
  Requirement:            0.000ns  (clk_out2_pll rise@0.000ns - clk_out2_pll rise@0.000ns)
  Data Path Delay:        0.667ns  (logic 0.100ns (14.997%)  route 0.567ns (85.003%))
  Logic Levels:           0  
  Clock Path Skew:        0.264ns (DCD - SCD - CPR)
    Destination Clock Delay (DCD):    -0.560ns
    Source Clock Delay      (SCD):    -0.442ns
    Clock Pessimism Removal (CPR):    -0.383ns

    Location             Delay type                Incr(ns)  Path(ns)    Netlist Resource(s)
  -------------------------------------------------------------------    -------------------
                         (clock clk_out2_pll rise edge)
                                                      0.000     0.000 r  
    AD12                                              0.000     0.000 r  i_sys_clk_p (IN)
                         net (fo=0)                   0.000     0.000    pll_inst/inst/clk_in1_p
    AD12                 IBUFDS (Prop_ibufds_I_O)     0.388     0.388 r  pll_inst/inst/clkin1_ibufgds/O
                         net (fo=1, routed)           0.503     0.891    pll_inst/inst/clk_in1_pll
    PLLE2_ADV_X1Y1       PLLE2_ADV (Prop_plle2_adv_CLKIN1_CLKOUT1)
                                                     -2.908    -2.017 r  pll_inst/inst/plle2_adv_inst/CLKOUT1
                         net (fo=1, routed)           0.958    -1.059    pll_inst/inst/clk_out2_pll
    BUFGCTRL_X0Y0        BUFG (Prop_bufg_I_O)         0.026    -1.033 r  pll_inst/inst/clkout2_buf/O
                         net (fo=2866, routed)        0.591    -0.442    student_top_inst/Core_cpu/cpu_core/mem_wb_inst/dff_rd_addr/clk_out2
    SLICE_X75Y103        FDRE                                         r  student_top_inst/Core_cpu/cpu_core/mem_wb_inst/dff_rd_addr/data_o_reg[1]/C
  -------------------------------------------------------------------    -------------------
    SLICE_X75Y103        FDRE (Prop_fdre_C_Q)         0.100    -0.342 r  student_top_inst/Core_cpu/cpu_core/mem_wb_inst/dff_rd_addr/data_o_reg[1]/Q
                         net (fo=95, routed)          0.567     0.225    student_top_inst/Core_cpu/cpu_core/regs_inst/regs_reg_r2_0_31_18_23/ADDRD1
    SLICE_X78Y99         RAMD32                                       r  student_top_inst/Core_cpu/cpu_core/regs_inst/regs_reg_r2_0_31_18_23/RAMA_D1/WADR1
  -------------------------------------------------------------------    -------------------

                         (clock clk_out2_pll rise edge)
                                                      0.000     0.000 r  
    AD12                                              0.000     0.000 r  i_sys_clk_p (IN)
                         net (fo=0)                   0.000     0.000    pll_inst/inst/clk_in1_p
    AD12                 IBUFDS (Prop_ibufds_I_O)     0.470     0.470 r  pll_inst/inst/clkin1_ibufgds/O
                         net (fo=1, routed)           0.554     1.024    pll_inst/inst/clk_in1_pll
    PLLE2_ADV_X1Y1       PLLE2_ADV (Prop_plle2_adv_CLKIN1_CLKOUT1)
                                                     -3.524    -2.500 r  pll_inst/inst/plle2_adv_inst/CLKOUT1
                         net (fo=1, routed)           1.027    -1.473    pll_inst/inst/clk_out2_pll
    BUFGCTRL_X0Y0        BUFG (Prop_bufg_I_O)         0.030    -1.443 r  pll_inst/inst/clkout2_buf/O
                         net (fo=2866, routed)        0.883    -0.560    student_top_inst/Core_cpu/cpu_core/regs_inst/regs_reg_r2_0_31_18_23/WCLK
    SLICE_X78Y99         RAMD32                                       r  student_top_inst/Core_cpu/cpu_core/regs_inst/regs_reg_r2_0_31_18_23/RAMA_D1/CLK
                         clock pessimism              0.383    -0.178    
    SLICE_X78Y99         RAMD32 (Hold_ramd32_CLK_WADR1)
                                                      0.294     0.116    student_top_inst/Core_cpu/cpu_core/regs_inst/regs_reg_r2_0_31_18_23/RAMA_D1
  -------------------------------------------------------------------
                         required time                         -0.116    
                         arrival time                           0.225    
  -------------------------------------------------------------------
                         slack                                  0.109    

Slack (MET) :             0.109ns  (arrival time - required time)
  Source:                 student_top_inst/Core_cpu/cpu_core/mem_wb_inst/dff_rd_addr/data_o_reg[1]/C
                            (rising edge-triggered cell FDRE clocked by clk_out2_pll  {rise@0.000ns fall@2.333ns period=4.667ns})
  Destination:            student_top_inst/Core_cpu/cpu_core/regs_inst/regs_reg_r2_0_31_18_23/RAMA_D1/WADR1
                            (rising edge-triggered cell RAMD32 clocked by clk_out2_pll  {rise@0.000ns fall@2.333ns period=4.667ns})
  Path Group:             clk_out2_pll
  Path Type:              Hold (Min at Fast Process Corner)
  Requirement:            0.000ns  (clk_out2_pll rise@0.000ns - clk_out2_pll rise@0.000ns)
  Data Path Delay:        0.667ns  (logic 0.100ns (14.997%)  route 0.567ns (85.003%))
  Logic Levels:           0  
  Clock Path Skew:        0.264ns (DCD - SCD - CPR)
    Destination Clock Delay (DCD):    -0.560ns
    Source Clock Delay      (SCD):    -0.442ns
    Clock Pessimism Removal (CPR):    -0.383ns

    Location             Delay type                Incr(ns)  Path(ns)    Netlist Resource(s)
  -------------------------------------------------------------------    -------------------
                         (clock clk_out2_pll rise edge)
                                                      0.000     0.000 r  
    AD12                                              0.000     0.000 r  i_sys_clk_p (IN)
                         net (fo=0)                   0.000     0.000    pll_inst/inst/clk_in1_p
    AD12                 IBUFDS (Prop_ibufds_I_O)     0.388     0.388 r  pll_inst/inst/clkin1_ibufgds/O
                         net (fo=1, routed)           0.503     0.891    pll_inst/inst/clk_in1_pll
    PLLE2_ADV_X1Y1       PLLE2_ADV (Prop_plle2_adv_CLKIN1_CLKOUT1)
                                                     -2.908    -2.017 r  pll_inst/inst/plle2_adv_inst/CLKOUT1
                         net (fo=1, routed)           0.958    -1.059    pll_inst/inst/clk_out2_pll
    BUFGCTRL_X0Y0        BUFG (Prop_bufg_I_O)         0.026    -1.033 r  pll_inst/inst/clkout2_buf/O
                         net (fo=2866, routed)        0.591    -0.442    student_top_inst/Core_cpu/cpu_core/mem_wb_inst/dff_rd_addr/clk_out2
    SLICE_X75Y103        FDRE                                         r  student_top_inst/Core_cpu/cpu_core/mem_wb_inst/dff_rd_addr/data_o_reg[1]/C
  -------------------------------------------------------------------    -------------------
    SLICE_X75Y103        FDRE (Prop_fdre_C_Q)         0.100    -0.342 f  student_top_inst/Core_cpu/cpu_core/mem_wb_inst/dff_rd_addr/data_o_reg[1]/Q
                         net (fo=95, routed)          0.567     0.225    student_top_inst/Core_cpu/cpu_core/regs_inst/regs_reg_r2_0_31_18_23/ADDRD1
    SLICE_X78Y99         RAMD32                                       f  student_top_inst/Core_cpu/cpu_core/regs_inst/regs_reg_r2_0_31_18_23/RAMA_D1/WADR1
  -------------------------------------------------------------------    -------------------

                         (clock clk_out2_pll rise edge)
                                                      0.000     0.000 r  
    AD12                                              0.000     0.000 r  i_sys_clk_p (IN)
                         net (fo=0)                   0.000     0.000    pll_inst/inst/clk_in1_p
    AD12                 IBUFDS (Prop_ibufds_I_O)     0.470     0.470 r  pll_inst/inst/clkin1_ibufgds/O
                         net (fo=1, routed)           0.554     1.024    pll_inst/inst/clk_in1_pll
    PLLE2_ADV_X1Y1       PLLE2_ADV (Prop_plle2_adv_CLKIN1_CLKOUT1)
                                                     -3.524    -2.500 r  pll_inst/inst/plle2_adv_inst/CLKOUT1
                         net (fo=1, routed)           1.027    -1.473    pll_inst/inst/clk_out2_pll
    BUFGCTRL_X0Y0        BUFG (Prop_bufg_I_O)         0.030    -1.443 r  pll_inst/inst/clkout2_buf/O
                         net (fo=2866, routed)        0.883    -0.560    student_top_inst/Core_cpu/cpu_core/regs_inst/regs_reg_r2_0_31_18_23/WCLK
    SLICE_X78Y99         RAMD32                                       r  student_top_inst/Core_cpu/cpu_core/regs_inst/regs_reg_r2_0_31_18_23/RAMA_D1/CLK
                         clock pessimism              0.383    -0.178    
    SLICE_X78Y99         RAMD32 (Hold_ramd32_CLK_WADR1)
                                                      0.294     0.116    student_top_inst/Core_cpu/cpu_core/regs_inst/regs_reg_r2_0_31_18_23/RAMA_D1
  -------------------------------------------------------------------
                         required time                         -0.116    
                         arrival time                           0.225    
  -------------------------------------------------------------------
                         slack                                  0.109    

Slack (MET) :             0.109ns  (arrival time - required time)
  Source:                 student_top_inst/Core_cpu/cpu_core/mem_wb_inst/dff_rd_addr/data_o_reg[1]/C
                            (rising edge-triggered cell FDRE clocked by clk_out2_pll  {rise@0.000ns fall@2.333ns period=4.667ns})
  Destination:            student_top_inst/Core_cpu/cpu_core/regs_inst/regs_reg_r2_0_31_18_23/RAMB/WADR1
                            (rising edge-triggered cell RAMD32 clocked by clk_out2_pll  {rise@0.000ns fall@2.333ns period=4.667ns})
  Path Group:             clk_out2_pll
  Path Type:              Hold (Min at Fast Process Corner)
  Requirement:            0.000ns  (clk_out2_pll rise@0.000ns - clk_out2_pll rise@0.000ns)
  Data Path Delay:        0.667ns  (logic 0.100ns (14.997%)  route 0.567ns (85.003%))
  Logic Levels:           0  
  Clock Path Skew:        0.264ns (DCD - SCD - CPR)
    Destination Clock Delay (DCD):    -0.560ns
    Source Clock Delay      (SCD):    -0.442ns
    Clock Pessimism Removal (CPR):    -0.383ns

    Location             Delay type                Incr(ns)  Path(ns)    Netlist Resource(s)
  -------------------------------------------------------------------    -------------------
                         (clock clk_out2_pll rise edge)
                                                      0.000     0.000 r  
    AD12                                              0.000     0.000 r  i_sys_clk_p (IN)
                         net (fo=0)                   0.000     0.000    pll_inst/inst/clk_in1_p
    AD12                 IBUFDS (Prop_ibufds_I_O)     0.388     0.388 r  pll_inst/inst/clkin1_ibufgds/O
                         net (fo=1, routed)           0.503     0.891    pll_inst/inst/clk_in1_pll
    PLLE2_ADV_X1Y1       PLLE2_ADV (Prop_plle2_adv_CLKIN1_CLKOUT1)
                                                     -2.908    -2.017 r  pll_inst/inst/plle2_adv_inst/CLKOUT1
                         net (fo=1, routed)           0.958    -1.059    pll_inst/inst/clk_out2_pll
    BUFGCTRL_X0Y0        BUFG (Prop_bufg_I_O)         0.026    -1.033 r  pll_inst/inst/clkout2_buf/O
                         net (fo=2866, routed)        0.591    -0.442    student_top_inst/Core_cpu/cpu_core/mem_wb_inst/dff_rd_addr/clk_out2
    SLICE_X75Y103        FDRE                                         r  student_top_inst/Core_cpu/cpu_core/mem_wb_inst/dff_rd_addr/data_o_reg[1]/C
  -------------------------------------------------------------------    -------------------
    SLICE_X75Y103        FDRE (Prop_fdre_C_Q)         0.100    -0.342 r  student_top_inst/Core_cpu/cpu_core/mem_wb_inst/dff_rd_addr/data_o_reg[1]/Q
                         net (fo=95, routed)          0.567     0.225    student_top_inst/Core_cpu/cpu_core/regs_inst/regs_reg_r2_0_31_18_23/ADDRD1
    SLICE_X78Y99         RAMD32                                       r  student_top_inst/Core_cpu/cpu_core/regs_inst/regs_reg_r2_0_31_18_23/RAMB/WADR1
  -------------------------------------------------------------------    -------------------

                         (clock clk_out2_pll rise edge)
                                                      0.000     0.000 r  
    AD12                                              0.000     0.000 r  i_sys_clk_p (IN)
                         net (fo=0)                   0.000     0.000    pll_inst/inst/clk_in1_p
    AD12                 IBUFDS (Prop_ibufds_I_O)     0.470     0.470 r  pll_inst/inst/clkin1_ibufgds/O
                         net (fo=1, routed)           0.554     1.024    pll_inst/inst/clk_in1_pll
    PLLE2_ADV_X1Y1       PLLE2_ADV (Prop_plle2_adv_CLKIN1_CLKOUT1)
                                                     -3.524    -2.500 r  pll_inst/inst/plle2_adv_inst/CLKOUT1
                         net (fo=1, routed)           1.027    -1.473    pll_inst/inst/clk_out2_pll
    BUFGCTRL_X0Y0        BUFG (Prop_bufg_I_O)         0.030    -1.443 r  pll_inst/inst/clkout2_buf/O
                         net (fo=2866, routed)        0.883    -0.560    student_top_inst/Core_cpu/cpu_core/regs_inst/regs_reg_r2_0_31_18_23/WCLK
    SLICE_X78Y99         RAMD32                                       r  student_top_inst/Core_cpu/cpu_core/regs_inst/regs_reg_r2_0_31_18_23/RAMB/CLK
                         clock pessimism              0.383    -0.178    
    SLICE_X78Y99         RAMD32 (Hold_ramd32_CLK_WADR1)
                                                      0.294     0.116    student_top_inst/Core_cpu/cpu_core/regs_inst/regs_reg_r2_0_31_18_23/RAMB
  -------------------------------------------------------------------
                         required time                         -0.116    
                         arrival time                           0.225    
  -------------------------------------------------------------------
                         slack                                  0.109    

Slack (MET) :             0.109ns  (arrival time - required time)
  Source:                 student_top_inst/Core_cpu/cpu_core/mem_wb_inst/dff_rd_addr/data_o_reg[1]/C
                            (rising edge-triggered cell FDRE clocked by clk_out2_pll  {rise@0.000ns fall@2.333ns period=4.667ns})
  Destination:            student_top_inst/Core_cpu/cpu_core/regs_inst/regs_reg_r2_0_31_18_23/RAMB/WADR1
                            (rising edge-triggered cell RAMD32 clocked by clk_out2_pll  {rise@0.000ns fall@2.333ns period=4.667ns})
  Path Group:             clk_out2_pll
  Path Type:              Hold (Min at Fast Process Corner)
  Requirement:            0.000ns  (clk_out2_pll rise@0.000ns - clk_out2_pll rise@0.000ns)
  Data Path Delay:        0.667ns  (logic 0.100ns (14.997%)  route 0.567ns (85.003%))
  Logic Levels:           0  
  Clock Path Skew:        0.264ns (DCD - SCD - CPR)
    Destination Clock Delay (DCD):    -0.560ns
    Source Clock Delay      (SCD):    -0.442ns
    Clock Pessimism Removal (CPR):    -0.383ns

    Location             Delay type                Incr(ns)  Path(ns)    Netlist Resource(s)
  -------------------------------------------------------------------    -------------------
                         (clock clk_out2_pll rise edge)
                                                      0.000     0.000 r  
    AD12                                              0.000     0.000 r  i_sys_clk_p (IN)
                         net (fo=0)                   0.000     0.000    pll_inst/inst/clk_in1_p
    AD12                 IBUFDS (Prop_ibufds_I_O)     0.388     0.388 r  pll_inst/inst/clkin1_ibufgds/O
                         net (fo=1, routed)           0.503     0.891    pll_inst/inst/clk_in1_pll
    PLLE2_ADV_X1Y1       PLLE2_ADV (Prop_plle2_adv_CLKIN1_CLKOUT1)
                                                     -2.908    -2.017 r  pll_inst/inst/plle2_adv_inst/CLKOUT1
                         net (fo=1, routed)           0.958    -1.059    pll_inst/inst/clk_out2_pll
    BUFGCTRL_X0Y0        BUFG (Prop_bufg_I_O)         0.026    -1.033 r  pll_inst/inst/clkout2_buf/O
                         net (fo=2866, routed)        0.591    -0.442    student_top_inst/Core_cpu/cpu_core/mem_wb_inst/dff_rd_addr/clk_out2
    SLICE_X75Y103        FDRE                                         r  student_top_inst/Core_cpu/cpu_core/mem_wb_inst/dff_rd_addr/data_o_reg[1]/C
  -------------------------------------------------------------------    -------------------
    SLICE_X75Y103        FDRE (Prop_fdre_C_Q)         0.100    -0.342 f  student_top_inst/Core_cpu/cpu_core/mem_wb_inst/dff_rd_addr/data_o_reg[1]/Q
                         net (fo=95, routed)          0.567     0.225    student_top_inst/Core_cpu/cpu_core/regs_inst/regs_reg_r2_0_31_18_23/ADDRD1
    SLICE_X78Y99         RAMD32                                       f  student_top_inst/Core_cpu/cpu_core/regs_inst/regs_reg_r2_0_31_18_23/RAMB/WADR1
  -------------------------------------------------------------------    -------------------

                         (clock clk_out2_pll rise edge)
                                                      0.000     0.000 r  
    AD12                                              0.000     0.000 r  i_sys_clk_p (IN)
                         net (fo=0)                   0.000     0.000    pll_inst/inst/clk_in1_p
    AD12                 IBUFDS (Prop_ibufds_I_O)     0.470     0.470 r  pll_inst/inst/clkin1_ibufgds/O
                         net (fo=1, routed)           0.554     1.024    pll_inst/inst/clk_in1_pll
    PLLE2_ADV_X1Y1       PLLE2_ADV (Prop_plle2_adv_CLKIN1_CLKOUT1)
                                                     -3.524    -2.500 r  pll_inst/inst/plle2_adv_inst/CLKOUT1
                         net (fo=1, routed)           1.027    -1.473    pll_inst/inst/clk_out2_pll
    BUFGCTRL_X0Y0        BUFG (Prop_bufg_I_O)         0.030    -1.443 r  pll_inst/inst/clkout2_buf/O
                         net (fo=2866, routed)        0.883    -0.560    student_top_inst/Core_cpu/cpu_core/regs_inst/regs_reg_r2_0_31_18_23/WCLK
    SLICE_X78Y99         RAMD32                                       r  student_top_inst/Core_cpu/cpu_core/regs_inst/regs_reg_r2_0_31_18_23/RAMB/CLK
                         clock pessimism              0.383    -0.178    
    SLICE_X78Y99         RAMD32 (Hold_ramd32_CLK_WADR1)
                                                      0.294     0.116    student_top_inst/Core_cpu/cpu_core/regs_inst/regs_reg_r2_0_31_18_23/RAMB
  -------------------------------------------------------------------
                         required time                         -0.116    
                         arrival time                           0.225    
  -------------------------------------------------------------------
                         slack                                  0.109    

Slack (MET) :             0.109ns  (arrival time - required time)
  Source:                 student_top_inst/Core_cpu/cpu_core/mem_wb_inst/dff_rd_addr/data_o_reg[1]/C
                            (rising edge-triggered cell FDRE clocked by clk_out2_pll  {rise@0.000ns fall@2.333ns period=4.667ns})
  Destination:            student_top_inst/Core_cpu/cpu_core/regs_inst/regs_reg_r2_0_31_18_23/RAMB_D1/WADR1
                            (rising edge-triggered cell RAMD32 clocked by clk_out2_pll  {rise@0.000ns fall@2.333ns period=4.667ns})
  Path Group:             clk_out2_pll
  Path Type:              Hold (Min at Fast Process Corner)
  Requirement:            0.000ns  (clk_out2_pll rise@0.000ns - clk_out2_pll rise@0.000ns)
  Data Path Delay:        0.667ns  (logic 0.100ns (14.997%)  route 0.567ns (85.003%))
  Logic Levels:           0  
  Clock Path Skew:        0.264ns (DCD - SCD - CPR)
    Destination Clock Delay (DCD):    -0.560ns
    Source Clock Delay      (SCD):    -0.442ns
    Clock Pessimism Removal (CPR):    -0.383ns

    Location             Delay type                Incr(ns)  Path(ns)    Netlist Resource(s)
  -------------------------------------------------------------------    -------------------
                         (clock clk_out2_pll rise edge)
                                                      0.000     0.000 r  
    AD12                                              0.000     0.000 r  i_sys_clk_p (IN)
                         net (fo=0)                   0.000     0.000    pll_inst/inst/clk_in1_p
    AD12                 IBUFDS (Prop_ibufds_I_O)     0.388     0.388 r  pll_inst/inst/clkin1_ibufgds/O
                         net (fo=1, routed)           0.503     0.891    pll_inst/inst/clk_in1_pll
    PLLE2_ADV_X1Y1       PLLE2_ADV (Prop_plle2_adv_CLKIN1_CLKOUT1)
                                                     -2.908    -2.017 r  pll_inst/inst/plle2_adv_inst/CLKOUT1
                         net (fo=1, routed)           0.958    -1.059    pll_inst/inst/clk_out2_pll
    BUFGCTRL_X0Y0        BUFG (Prop_bufg_I_O)         0.026    -1.033 r  pll_inst/inst/clkout2_buf/O
                         net (fo=2866, routed)        0.591    -0.442    student_top_inst/Core_cpu/cpu_core/mem_wb_inst/dff_rd_addr/clk_out2
    SLICE_X75Y103        FDRE                                         r  student_top_inst/Core_cpu/cpu_core/mem_wb_inst/dff_rd_addr/data_o_reg[1]/C
  -------------------------------------------------------------------    -------------------
    SLICE_X75Y103        FDRE (Prop_fdre_C_Q)         0.100    -0.342 r  student_top_inst/Core_cpu/cpu_core/mem_wb_inst/dff_rd_addr/data_o_reg[1]/Q
                         net (fo=95, routed)          0.567     0.225    student_top_inst/Core_cpu/cpu_core/regs_inst/regs_reg_r2_0_31_18_23/ADDRD1
    SLICE_X78Y99         RAMD32                                       r  student_top_inst/Core_cpu/cpu_core/regs_inst/regs_reg_r2_0_31_18_23/RAMB_D1/WADR1
  -------------------------------------------------------------------    -------------------

                         (clock clk_out2_pll rise edge)
                                                      0.000     0.000 r  
    AD12                                              0.000     0.000 r  i_sys_clk_p (IN)
                         net (fo=0)                   0.000     0.000    pll_inst/inst/clk_in1_p
    AD12                 IBUFDS (Prop_ibufds_I_O)     0.470     0.470 r  pll_inst/inst/clkin1_ibufgds/O
                         net (fo=1, routed)           0.554     1.024    pll_inst/inst/clk_in1_pll
    PLLE2_ADV_X1Y1       PLLE2_ADV (Prop_plle2_adv_CLKIN1_CLKOUT1)
                                                     -3.524    -2.500 r  pll_inst/inst/plle2_adv_inst/CLKOUT1
                         net (fo=1, routed)           1.027    -1.473    pll_inst/inst/clk_out2_pll
    BUFGCTRL_X0Y0        BUFG (Prop_bufg_I_O)         0.030    -1.443 r  pll_inst/inst/clkout2_buf/O
                         net (fo=2866, routed)        0.883    -0.560    student_top_inst/Core_cpu/cpu_core/regs_inst/regs_reg_r2_0_31_18_23/WCLK
    SLICE_X78Y99         RAMD32                                       r  student_top_inst/Core_cpu/cpu_core/regs_inst/regs_reg_r2_0_31_18_23/RAMB_D1/CLK
                         clock pessimism              0.383    -0.178    
    SLICE_X78Y99         RAMD32 (Hold_ramd32_CLK_WADR1)
                                                      0.294     0.116    student_top_inst/Core_cpu/cpu_core/regs_inst/regs_reg_r2_0_31_18_23/RAMB_D1
  -------------------------------------------------------------------
                         required time                         -0.116    
                         arrival time                           0.225    
  -------------------------------------------------------------------
                         slack                                  0.109    

Slack (MET) :             0.109ns  (arrival time - required time)
  Source:                 student_top_inst/Core_cpu/cpu_core/mem_wb_inst/dff_rd_addr/data_o_reg[1]/C
                            (rising edge-triggered cell FDRE clocked by clk_out2_pll  {rise@0.000ns fall@2.333ns period=4.667ns})
  Destination:            student_top_inst/Core_cpu/cpu_core/regs_inst/regs_reg_r2_0_31_18_23/RAMB_D1/WADR1
                            (rising edge-triggered cell RAMD32 clocked by clk_out2_pll  {rise@0.000ns fall@2.333ns period=4.667ns})
  Path Group:             clk_out2_pll
  Path Type:              Hold (Min at Fast Process Corner)
  Requirement:            0.000ns  (clk_out2_pll rise@0.000ns - clk_out2_pll rise@0.000ns)
  Data Path Delay:        0.667ns  (logic 0.100ns (14.997%)  route 0.567ns (85.003%))
  Logic Levels:           0  
  Clock Path Skew:        0.264ns (DCD - SCD - CPR)
    Destination Clock Delay (DCD):    -0.560ns
    Source Clock Delay      (SCD):    -0.442ns
    Clock Pessimism Removal (CPR):    -0.383ns

    Location             Delay type                Incr(ns)  Path(ns)    Netlist Resource(s)
  -------------------------------------------------------------------    -------------------
                         (clock clk_out2_pll rise edge)
                                                      0.000     0.000 r  
    AD12                                              0.000     0.000 r  i_sys_clk_p (IN)
                         net (fo=0)                   0.000     0.000    pll_inst/inst/clk_in1_p
    AD12                 IBUFDS (Prop_ibufds_I_O)     0.388     0.388 r  pll_inst/inst/clkin1_ibufgds/O
                         net (fo=1, routed)           0.503     0.891    pll_inst/inst/clk_in1_pll
    PLLE2_ADV_X1Y1       PLLE2_ADV (Prop_plle2_adv_CLKIN1_CLKOUT1)
                                                     -2.908    -2.017 r  pll_inst/inst/plle2_adv_inst/CLKOUT1
                         net (fo=1, routed)           0.958    -1.059    pll_inst/inst/clk_out2_pll
    BUFGCTRL_X0Y0        BUFG (Prop_bufg_I_O)         0.026    -1.033 r  pll_inst/inst/clkout2_buf/O
                         net (fo=2866, routed)        0.591    -0.442    student_top_inst/Core_cpu/cpu_core/mem_wb_inst/dff_rd_addr/clk_out2
    SLICE_X75Y103        FDRE                                         r  student_top_inst/Core_cpu/cpu_core/mem_wb_inst/dff_rd_addr/data_o_reg[1]/C
  -------------------------------------------------------------------    -------------------
    SLICE_X75Y103        FDRE (Prop_fdre_C_Q)         0.100    -0.342 f  student_top_inst/Core_cpu/cpu_core/mem_wb_inst/dff_rd_addr/data_o_reg[1]/Q
                         net (fo=95, routed)          0.567     0.225    student_top_inst/Core_cpu/cpu_core/regs_inst/regs_reg_r2_0_31_18_23/ADDRD1
    SLICE_X78Y99         RAMD32                                       f  student_top_inst/Core_cpu/cpu_core/regs_inst/regs_reg_r2_0_31_18_23/RAMB_D1/WADR1
  -------------------------------------------------------------------    -------------------

                         (clock clk_out2_pll rise edge)
                                                      0.000     0.000 r  
    AD12                                              0.000     0.000 r  i_sys_clk_p (IN)
                         net (fo=0)                   0.000     0.000    pll_inst/inst/clk_in1_p
    AD12                 IBUFDS (Prop_ibufds_I_O)     0.470     0.470 r  pll_inst/inst/clkin1_ibufgds/O
                         net (fo=1, routed)           0.554     1.024    pll_inst/inst/clk_in1_pll
    PLLE2_ADV_X1Y1       PLLE2_ADV (Prop_plle2_adv_CLKIN1_CLKOUT1)
                                                     -3.524    -2.500 r  pll_inst/inst/plle2_adv_inst/CLKOUT1
                         net (fo=1, routed)           1.027    -1.473    pll_inst/inst/clk_out2_pll
    BUFGCTRL_X0Y0        BUFG (Prop_bufg_I_O)         0.030    -1.443 r  pll_inst/inst/clkout2_buf/O
                         net (fo=2866, routed)        0.883    -0.560    student_top_inst/Core_cpu/cpu_core/regs_inst/regs_reg_r2_0_31_18_23/WCLK
    SLICE_X78Y99         RAMD32                                       r  student_top_inst/Core_cpu/cpu_core/regs_inst/regs_reg_r2_0_31_18_23/RAMB_D1/CLK
                         clock pessimism              0.383    -0.178    
    SLICE_X78Y99         RAMD32 (Hold_ramd32_CLK_WADR1)
                                                      0.294     0.116    student_top_inst/Core_cpu/cpu_core/regs_inst/regs_reg_r2_0_31_18_23/RAMB_D1
  -------------------------------------------------------------------
                         required time                         -0.116    
                         arrival time                           0.225    
  -------------------------------------------------------------------
                         slack                                  0.109    

Slack (MET) :             0.109ns  (arrival time - required time)
  Source:                 student_top_inst/Core_cpu/cpu_core/mem_wb_inst/dff_rd_addr/data_o_reg[1]/C
                            (rising edge-triggered cell FDRE clocked by clk_out2_pll  {rise@0.000ns fall@2.333ns period=4.667ns})
  Destination:            student_top_inst/Core_cpu/cpu_core/regs_inst/regs_reg_r2_0_31_18_23/RAMC/WADR1
                            (rising edge-triggered cell RAMD32 clocked by clk_out2_pll  {rise@0.000ns fall@2.333ns period=4.667ns})
  Path Group:             clk_out2_pll
  Path Type:              Hold (Min at Fast Process Corner)
  Requirement:            0.000ns  (clk_out2_pll rise@0.000ns - clk_out2_pll rise@0.000ns)
  Data Path Delay:        0.667ns  (logic 0.100ns (14.997%)  route 0.567ns (85.003%))
  Logic Levels:           0  
  Clock Path Skew:        0.264ns (DCD - SCD - CPR)
    Destination Clock Delay (DCD):    -0.560ns
    Source Clock Delay      (SCD):    -0.442ns
    Clock Pessimism Removal (CPR):    -0.383ns

    Location             Delay type                Incr(ns)  Path(ns)    Netlist Resource(s)
  -------------------------------------------------------------------    -------------------
                         (clock clk_out2_pll rise edge)
                                                      0.000     0.000 r  
    AD12                                              0.000     0.000 r  i_sys_clk_p (IN)
                         net (fo=0)                   0.000     0.000    pll_inst/inst/clk_in1_p
    AD12                 IBUFDS (Prop_ibufds_I_O)     0.388     0.388 r  pll_inst/inst/clkin1_ibufgds/O
                         net (fo=1, routed)           0.503     0.891    pll_inst/inst/clk_in1_pll
    PLLE2_ADV_X1Y1       PLLE2_ADV (Prop_plle2_adv_CLKIN1_CLKOUT1)
                                                     -2.908    -2.017 r  pll_inst/inst/plle2_adv_inst/CLKOUT1
                         net (fo=1, routed)           0.958    -1.059    pll_inst/inst/clk_out2_pll
    BUFGCTRL_X0Y0        BUFG (Prop_bufg_I_O)         0.026    -1.033 r  pll_inst/inst/clkout2_buf/O
                         net (fo=2866, routed)        0.591    -0.442    student_top_inst/Core_cpu/cpu_core/mem_wb_inst/dff_rd_addr/clk_out2
    SLICE_X75Y103        FDRE                                         r  student_top_inst/Core_cpu/cpu_core/mem_wb_inst/dff_rd_addr/data_o_reg[1]/C
  -------------------------------------------------------------------    -------------------
    SLICE_X75Y103        FDRE (Prop_fdre_C_Q)         0.100    -0.342 r  student_top_inst/Core_cpu/cpu_core/mem_wb_inst/dff_rd_addr/data_o_reg[1]/Q
                         net (fo=95, routed)          0.567     0.225    student_top_inst/Core_cpu/cpu_core/regs_inst/regs_reg_r2_0_31_18_23/ADDRD1
    SLICE_X78Y99         RAMD32                                       r  student_top_inst/Core_cpu/cpu_core/regs_inst/regs_reg_r2_0_31_18_23/RAMC/WADR1
  -------------------------------------------------------------------    -------------------

                         (clock clk_out2_pll rise edge)
                                                      0.000     0.000 r  
    AD12                                              0.000     0.000 r  i_sys_clk_p (IN)
                         net (fo=0)                   0.000     0.000    pll_inst/inst/clk_in1_p
    AD12                 IBUFDS (Prop_ibufds_I_O)     0.470     0.470 r  pll_inst/inst/clkin1_ibufgds/O
                         net (fo=1, routed)           0.554     1.024    pll_inst/inst/clk_in1_pll
    PLLE2_ADV_X1Y1       PLLE2_ADV (Prop_plle2_adv_CLKIN1_CLKOUT1)
                                                     -3.524    -2.500 r  pll_inst/inst/plle2_adv_inst/CLKOUT1
                         net (fo=1, routed)           1.027    -1.473    pll_inst/inst/clk_out2_pll
    BUFGCTRL_X0Y0        BUFG (Prop_bufg_I_O)         0.030    -1.443 r  pll_inst/inst/clkout2_buf/O
                         net (fo=2866, routed)        0.883    -0.560    student_top_inst/Core_cpu/cpu_core/regs_inst/regs_reg_r2_0_31_18_23/WCLK
    SLICE_X78Y99         RAMD32                                       r  student_top_inst/Core_cpu/cpu_core/regs_inst/regs_reg_r2_0_31_18_23/RAMC/CLK
                         clock pessimism              0.383    -0.178    
    SLICE_X78Y99         RAMD32 (Hold_ramd32_CLK_WADR1)
                                                      0.294     0.116    student_top_inst/Core_cpu/cpu_core/regs_inst/regs_reg_r2_0_31_18_23/RAMC
  -------------------------------------------------------------------
                         required time                         -0.116    
                         arrival time                           0.225    
  -------------------------------------------------------------------
                         slack                                  0.109    

Slack (MET) :             0.109ns  (arrival time - required time)
  Source:                 student_top_inst/Core_cpu/cpu_core/mem_wb_inst/dff_rd_addr/data_o_reg[1]/C
                            (rising edge-triggered cell FDRE clocked by clk_out2_pll  {rise@0.000ns fall@2.333ns period=4.667ns})
  Destination:            student_top_inst/Core_cpu/cpu_core/regs_inst/regs_reg_r2_0_31_18_23/RAMC/WADR1
                            (rising edge-triggered cell RAMD32 clocked by clk_out2_pll  {rise@0.000ns fall@2.333ns period=4.667ns})
  Path Group:             clk_out2_pll
  Path Type:              Hold (Min at Fast Process Corner)
  Requirement:            0.000ns  (clk_out2_pll rise@0.000ns - clk_out2_pll rise@0.000ns)
  Data Path Delay:        0.667ns  (logic 0.100ns (14.997%)  route 0.567ns (85.003%))
  Logic Levels:           0  
  Clock Path Skew:        0.264ns (DCD - SCD - CPR)
    Destination Clock Delay (DCD):    -0.560ns
    Source Clock Delay      (SCD):    -0.442ns
    Clock Pessimism Removal (CPR):    -0.383ns

    Location             Delay type                Incr(ns)  Path(ns)    Netlist Resource(s)
  -------------------------------------------------------------------    -------------------
                         (clock clk_out2_pll rise edge)
                                                      0.000     0.000 r  
    AD12                                              0.000     0.000 r  i_sys_clk_p (IN)
                         net (fo=0)                   0.000     0.000    pll_inst/inst/clk_in1_p
    AD12                 IBUFDS (Prop_ibufds_I_O)     0.388     0.388 r  pll_inst/inst/clkin1_ibufgds/O
                         net (fo=1, routed)           0.503     0.891    pll_inst/inst/clk_in1_pll
    PLLE2_ADV_X1Y1       PLLE2_ADV (Prop_plle2_adv_CLKIN1_CLKOUT1)
                                                     -2.908    -2.017 r  pll_inst/inst/plle2_adv_inst/CLKOUT1
                         net (fo=1, routed)           0.958    -1.059    pll_inst/inst/clk_out2_pll
    BUFGCTRL_X0Y0        BUFG (Prop_bufg_I_O)         0.026    -1.033 r  pll_inst/inst/clkout2_buf/O
                         net (fo=2866, routed)        0.591    -0.442    student_top_inst/Core_cpu/cpu_core/mem_wb_inst/dff_rd_addr/clk_out2
    SLICE_X75Y103        FDRE                                         r  student_top_inst/Core_cpu/cpu_core/mem_wb_inst/dff_rd_addr/data_o_reg[1]/C
  -------------------------------------------------------------------    -------------------
    SLICE_X75Y103        FDRE (Prop_fdre_C_Q)         0.100    -0.342 f  student_top_inst/Core_cpu/cpu_core/mem_wb_inst/dff_rd_addr/data_o_reg[1]/Q
                         net (fo=95, routed)          0.567     0.225    student_top_inst/Core_cpu/cpu_core/regs_inst/regs_reg_r2_0_31_18_23/ADDRD1
    SLICE_X78Y99         RAMD32                                       f  student_top_inst/Core_cpu/cpu_core/regs_inst/regs_reg_r2_0_31_18_23/RAMC/WADR1
  -------------------------------------------------------------------    -------------------

                         (clock clk_out2_pll rise edge)
                                                      0.000     0.000 r  
    AD12                                              0.000     0.000 r  i_sys_clk_p (IN)
                         net (fo=0)                   0.000     0.000    pll_inst/inst/clk_in1_p
    AD12                 IBUFDS (Prop_ibufds_I_O)     0.470     0.470 r  pll_inst/inst/clkin1_ibufgds/O
                         net (fo=1, routed)           0.554     1.024    pll_inst/inst/clk_in1_pll
    PLLE2_ADV_X1Y1       PLLE2_ADV (Prop_plle2_adv_CLKIN1_CLKOUT1)
                                                     -3.524    -2.500 r  pll_inst/inst/plle2_adv_inst/CLKOUT1
                         net (fo=1, routed)           1.027    -1.473    pll_inst/inst/clk_out2_pll
    BUFGCTRL_X0Y0        BUFG (Prop_bufg_I_O)         0.030    -1.443 r  pll_inst/inst/clkout2_buf/O
                         net (fo=2866, routed)        0.883    -0.560    student_top_inst/Core_cpu/cpu_core/regs_inst/regs_reg_r2_0_31_18_23/WCLK
    SLICE_X78Y99         RAMD32                                       r  student_top_inst/Core_cpu/cpu_core/regs_inst/regs_reg_r2_0_31_18_23/RAMC/CLK
                         clock pessimism              0.383    -0.178    
    SLICE_X78Y99         RAMD32 (Hold_ramd32_CLK_WADR1)
                                                      0.294     0.116    student_top_inst/Core_cpu/cpu_core/regs_inst/regs_reg_r2_0_31_18_23/RAMC
  -------------------------------------------------------------------
                         required time                         -0.116    
                         arrival time                           0.225    
  -------------------------------------------------------------------
                         slack                                  0.109    

Slack (MET) :             0.109ns  (arrival time - required time)
  Source:                 student_top_inst/Core_cpu/cpu_core/mem_wb_inst/dff_rd_addr/data_o_reg[1]/C
                            (rising edge-triggered cell FDRE clocked by clk_out2_pll  {rise@0.000ns fall@2.333ns period=4.667ns})
  Destination:            student_top_inst/Core_cpu/cpu_core/regs_inst/regs_reg_r2_0_31_18_23/RAMC_D1/WADR1
                            (rising edge-triggered cell RAMD32 clocked by clk_out2_pll  {rise@0.000ns fall@2.333ns period=4.667ns})
  Path Group:             clk_out2_pll
  Path Type:              Hold (Min at Fast Process Corner)
  Requirement:            0.000ns  (clk_out2_pll rise@0.000ns - clk_out2_pll rise@0.000ns)
  Data Path Delay:        0.667ns  (logic 0.100ns (14.997%)  route 0.567ns (85.003%))
  Logic Levels:           0  
  Clock Path Skew:        0.264ns (DCD - SCD - CPR)
    Destination Clock Delay (DCD):    -0.560ns
    Source Clock Delay      (SCD):    -0.442ns
    Clock Pessimism Removal (CPR):    -0.383ns

    Location             Delay type                Incr(ns)  Path(ns)    Netlist Resource(s)
  -------------------------------------------------------------------    -------------------
                         (clock clk_out2_pll rise edge)
                                                      0.000     0.000 r  
    AD12                                              0.000     0.000 r  i_sys_clk_p (IN)
                         net (fo=0)                   0.000     0.000    pll_inst/inst/clk_in1_p
    AD12                 IBUFDS (Prop_ibufds_I_O)     0.388     0.388 r  pll_inst/inst/clkin1_ibufgds/O
                         net (fo=1, routed)           0.503     0.891    pll_inst/inst/clk_in1_pll
    PLLE2_ADV_X1Y1       PLLE2_ADV (Prop_plle2_adv_CLKIN1_CLKOUT1)
                                                     -2.908    -2.017 r  pll_inst/inst/plle2_adv_inst/CLKOUT1
                         net (fo=1, routed)           0.958    -1.059    pll_inst/inst/clk_out2_pll
    BUFGCTRL_X0Y0        BUFG (Prop_bufg_I_O)         0.026    -1.033 r  pll_inst/inst/clkout2_buf/O
                         net (fo=2866, routed)        0.591    -0.442    student_top_inst/Core_cpu/cpu_core/mem_wb_inst/dff_rd_addr/clk_out2
    SLICE_X75Y103        FDRE                                         r  student_top_inst/Core_cpu/cpu_core/mem_wb_inst/dff_rd_addr/data_o_reg[1]/C
  -------------------------------------------------------------------    -------------------
    SLICE_X75Y103        FDRE (Prop_fdre_C_Q)         0.100    -0.342 r  student_top_inst/Core_cpu/cpu_core/mem_wb_inst/dff_rd_addr/data_o_reg[1]/Q
                         net (fo=95, routed)          0.567     0.225    student_top_inst/Core_cpu/cpu_core/regs_inst/regs_reg_r2_0_31_18_23/ADDRD1
    SLICE_X78Y99         RAMD32                                       r  student_top_inst/Core_cpu/cpu_core/regs_inst/regs_reg_r2_0_31_18_23/RAMC_D1/WADR1
  -------------------------------------------------------------------    -------------------

                         (clock clk_out2_pll rise edge)
                                                      0.000     0.000 r  
    AD12                                              0.000     0.000 r  i_sys_clk_p (IN)
                         net (fo=0)                   0.000     0.000    pll_inst/inst/clk_in1_p
    AD12                 IBUFDS (Prop_ibufds_I_O)     0.470     0.470 r  pll_inst/inst/clkin1_ibufgds/O
                         net (fo=1, routed)           0.554     1.024    pll_inst/inst/clk_in1_pll
    PLLE2_ADV_X1Y1       PLLE2_ADV (Prop_plle2_adv_CLKIN1_CLKOUT1)
                                                     -3.524    -2.500 r  pll_inst/inst/plle2_adv_inst/CLKOUT1
                         net (fo=1, routed)           1.027    -1.473    pll_inst/inst/clk_out2_pll
    BUFGCTRL_X0Y0        BUFG (Prop_bufg_I_O)         0.030    -1.443 r  pll_inst/inst/clkout2_buf/O
                         net (fo=2866, routed)        0.883    -0.560    student_top_inst/Core_cpu/cpu_core/regs_inst/regs_reg_r2_0_31_18_23/WCLK
    SLICE_X78Y99         RAMD32                                       r  student_top_inst/Core_cpu/cpu_core/regs_inst/regs_reg_r2_0_31_18_23/RAMC_D1/CLK
                         clock pessimism              0.383    -0.178    
    SLICE_X78Y99         RAMD32 (Hold_ramd32_CLK_WADR1)
                                                      0.294     0.116    student_top_inst/Core_cpu/cpu_core/regs_inst/regs_reg_r2_0_31_18_23/RAMC_D1
  -------------------------------------------------------------------
                         required time                         -0.116    
                         arrival time                           0.225    
  -------------------------------------------------------------------
                         slack                                  0.109    

Slack (MET) :             0.109ns  (arrival time - required time)
  Source:                 student_top_inst/Core_cpu/cpu_core/mem_wb_inst/dff_rd_addr/data_o_reg[1]/C
                            (rising edge-triggered cell FDRE clocked by clk_out2_pll  {rise@0.000ns fall@2.333ns period=4.667ns})
  Destination:            student_top_inst/Core_cpu/cpu_core/regs_inst/regs_reg_r2_0_31_18_23/RAMC_D1/WADR1
                            (rising edge-triggered cell RAMD32 clocked by clk_out2_pll  {rise@0.000ns fall@2.333ns period=4.667ns})
  Path Group:             clk_out2_pll
  Path Type:              Hold (Min at Fast Process Corner)
  Requirement:            0.000ns  (clk_out2_pll rise@0.000ns - clk_out2_pll rise@0.000ns)
  Data Path Delay:        0.667ns  (logic 0.100ns (14.997%)  route 0.567ns (85.003%))
  Logic Levels:           0  
  Clock Path Skew:        0.264ns (DCD - SCD - CPR)
    Destination Clock Delay (DCD):    -0.560ns
    Source Clock Delay      (SCD):    -0.442ns
    Clock Pessimism Removal (CPR):    -0.383ns

    Location             Delay type                Incr(ns)  Path(ns)    Netlist Resource(s)
  -------------------------------------------------------------------    -------------------
                         (clock clk_out2_pll rise edge)
                                                      0.000     0.000 r  
    AD12                                              0.000     0.000 r  i_sys_clk_p (IN)
                         net (fo=0)                   0.000     0.000    pll_inst/inst/clk_in1_p
    AD12                 IBUFDS (Prop_ibufds_I_O)     0.388     0.388 r  pll_inst/inst/clkin1_ibufgds/O
                         net (fo=1, routed)           0.503     0.891    pll_inst/inst/clk_in1_pll
    PLLE2_ADV_X1Y1       PLLE2_ADV (Prop_plle2_adv_CLKIN1_CLKOUT1)
                                                     -2.908    -2.017 r  pll_inst/inst/plle2_adv_inst/CLKOUT1
                         net (fo=1, routed)           0.958    -1.059    pll_inst/inst/clk_out2_pll
    BUFGCTRL_X0Y0        BUFG (Prop_bufg_I_O)         0.026    -1.033 r  pll_inst/inst/clkout2_buf/O
                         net (fo=2866, routed)        0.591    -0.442    student_top_inst/Core_cpu/cpu_core/mem_wb_inst/dff_rd_addr/clk_out2
    SLICE_X75Y103        FDRE                                         r  student_top_inst/Core_cpu/cpu_core/mem_wb_inst/dff_rd_addr/data_o_reg[1]/C
  -------------------------------------------------------------------    -------------------
    SLICE_X75Y103        FDRE (Prop_fdre_C_Q)         0.100    -0.342 f  student_top_inst/Core_cpu/cpu_core/mem_wb_inst/dff_rd_addr/data_o_reg[1]/Q
                         net (fo=95, routed)          0.567     0.225    student_top_inst/Core_cpu/cpu_core/regs_inst/regs_reg_r2_0_31_18_23/ADDRD1
    SLICE_X78Y99         RAMD32                                       f  student_top_inst/Core_cpu/cpu_core/regs_inst/regs_reg_r2_0_31_18_23/RAMC_D1/WADR1
  -------------------------------------------------------------------    -------------------

                         (clock clk_out2_pll rise edge)
                                                      0.000     0.000 r  
    AD12                                              0.000     0.000 r  i_sys_clk_p (IN)
                         net (fo=0)                   0.000     0.000    pll_inst/inst/clk_in1_p
    AD12                 IBUFDS (Prop_ibufds_I_O)     0.470     0.470 r  pll_inst/inst/clkin1_ibufgds/O
                         net (fo=1, routed)           0.554     1.024    pll_inst/inst/clk_in1_pll
    PLLE2_ADV_X1Y1       PLLE2_ADV (Prop_plle2_adv_CLKIN1_CLKOUT1)
                                                     -3.524    -2.500 r  pll_inst/inst/plle2_adv_inst/CLKOUT1
                         net (fo=1, routed)           1.027    -1.473    pll_inst/inst/clk_out2_pll
    BUFGCTRL_X0Y0        BUFG (Prop_bufg_I_O)         0.030    -1.443 r  pll_inst/inst/clkout2_buf/O
                         net (fo=2866, routed)        0.883    -0.560    student_top_inst/Core_cpu/cpu_core/regs_inst/regs_reg_r2_0_31_18_23/WCLK
    SLICE_X78Y99         RAMD32                                       r  student_top_inst/Core_cpu/cpu_core/regs_inst/regs_reg_r2_0_31_18_23/RAMC_D1/CLK
                         clock pessimism              0.383    -0.178    
    SLICE_X78Y99         RAMD32 (Hold_ramd32_CLK_WADR1)
                                                      0.294     0.116    student_top_inst/Core_cpu/cpu_core/regs_inst/regs_reg_r2_0_31_18_23/RAMC_D1
  -------------------------------------------------------------------
                         required time                         -0.116    
                         arrival time                           0.225    
  -------------------------------------------------------------------
                         slack                                  0.109    

Slack (MET) :             0.116ns  (arrival time - required time)
  Source:                 student_top_inst/bridge_inst/led_sync_d1_reg[1]/C
                            (rising edge-triggered cell FDRE clocked by clk_out1_pll  {rise@0.000ns fall@10.000ns period=20.000ns})
  Destination:            student_top_inst/bridge_inst/led_sync_d2_reg[1]/D
                            (rising edge-triggered cell FDRE clocked by clk_out1_pll  {rise@0.000ns fall@10.000ns period=20.000ns})
  Path Group:             clk_out1_pll
  Path Type:              Hold (Min at Fast Process Corner)
  Requirement:            0.000ns  (clk_out1_pll rise@0.000ns - clk_out1_pll rise@0.000ns)
  Data Path Delay:        0.207ns  (logic 0.100ns (48.245%)  route 0.107ns (51.755%))
  Logic Levels:           0  
  Clock Path Skew:        0.032ns (DCD - SCD - CPR)
    Destination Clock Delay (DCD):    -0.563ns
    Source Clock Delay      (SCD):    -0.393ns
    Clock Pessimism Removal (CPR):    -0.203ns

    Location             Delay type                Incr(ns)  Path(ns)    Netlist Resource(s)
  -------------------------------------------------------------------    -------------------
                         (clock clk_out1_pll rise edge)
                                                      0.000     0.000 r  
    AD12                                              0.000     0.000 r  i_sys_clk_p (IN)
                         net (fo=0)                   0.000     0.000    pll_inst/inst/clk_in1_p
    AD12                 IBUFDS (Prop_ibufds_I_O)     0.388     0.388 r  pll_inst/inst/clkin1_ibufgds/O
                         net (fo=1, routed)           0.503     0.891    pll_inst/inst/clk_in1_pll
    PLLE2_ADV_X1Y1       PLLE2_ADV (Prop_plle2_adv_CLKIN1_CLKOUT0)
                                                     -2.908    -2.017 r  pll_inst/inst/plle2_adv_inst/CLKOUT0
                         net (fo=1, routed)           0.958    -1.059    pll_inst/inst/clk_out1_pll
    BUFGCTRL_X0Y1        BUFG (Prop_bufg_I_O)         0.026    -1.033 r  pll_inst/inst/clkout1_buf/O
                         net (fo=546, routed)         0.640    -0.393    student_top_inst/bridge_inst/clk_out1
    SLICE_X71Y85         FDRE                                         r  student_top_inst/bridge_inst/led_sync_d1_reg[1]/C
  -------------------------------------------------------------------    -------------------
    SLICE_X71Y85         FDRE (Prop_fdre_C_Q)         0.100    -0.293 r  student_top_inst/bridge_inst/led_sync_d1_reg[1]/Q
                         net (fo=2, routed)           0.107    -0.185    student_top_inst/bridge_inst/led_sync_d1[1]
    SLICE_X66Y85         FDRE                                         r  student_top_inst/bridge_inst/led_sync_d2_reg[1]/D
  -------------------------------------------------------------------    -------------------

                         (clock clk_out1_pll rise edge)
                                                      0.000     0.000 r  
    AD12                                              0.000     0.000 r  i_sys_clk_p (IN)
                         net (fo=0)                   0.000     0.000    pll_inst/inst/clk_in1_p
    AD12                 IBUFDS (Prop_ibufds_I_O)     0.470     0.470 r  pll_inst/inst/clkin1_ibufgds/O
                         net (fo=1, routed)           0.554     1.024    pll_inst/inst/clk_in1_pll
    PLLE2_ADV_X1Y1       PLLE2_ADV (Prop_plle2_adv_CLKIN1_CLKOUT0)
                                                     -3.524    -2.500 r  pll_inst/inst/plle2_adv_inst/CLKOUT0
                         net (fo=1, routed)           1.027    -1.473    pll_inst/inst/clk_out1_pll
    BUFGCTRL_X0Y1        BUFG (Prop_bufg_I_O)         0.030    -1.443 r  pll_inst/inst/clkout1_buf/O
                         net (fo=546, routed)         0.880    -0.563    student_top_inst/bridge_inst/clk_out1
    SLICE_X66Y85         FDRE                                         r  student_top_inst/bridge_inst/led_sync_d2_reg[1]/C
                         clock pessimism              0.203    -0.361    
    SLICE_X66Y85         FDRE (Hold_fdre_C_D)         0.059    -0.302    student_top_inst/bridge_inst/led_sync_d2_reg[1]
  -------------------------------------------------------------------
                         required time                          0.302    
                         arrival time                          -0.185    
  -------------------------------------------------------------------
                         slack                                  0.116    

Slack (MET) :             0.116ns  (arrival time - required time)
  Source:                 student_top_inst/bridge_inst/led_sync_d1_reg[1]/C
                            (rising edge-triggered cell FDRE clocked by clk_out1_pll  {rise@0.000ns fall@10.000ns period=20.000ns})
  Destination:            student_top_inst/bridge_inst/led_sync_d2_reg[1]/D
                            (rising edge-triggered cell FDRE clocked by clk_out1_pll  {rise@0.000ns fall@10.000ns period=20.000ns})
  Path Group:             clk_out1_pll
  Path Type:              Hold (Min at Fast Process Corner)
  Requirement:            0.000ns  (clk_out1_pll rise@0.000ns - clk_out1_pll rise@0.000ns)
  Data Path Delay:        0.207ns  (logic 0.100ns (48.245%)  route 0.107ns (51.755%))
  Logic Levels:           0  
  Clock Path Skew:        0.032ns (DCD - SCD - CPR)
    Destination Clock Delay (DCD):    -0.563ns
    Source Clock Delay      (SCD):    -0.393ns
    Clock Pessimism Removal (CPR):    -0.203ns

    Location             Delay type                Incr(ns)  Path(ns)    Netlist Resource(s)
  -------------------------------------------------------------------    -------------------
                         (clock clk_out1_pll rise edge)
                                                      0.000     0.000 r  
    AD12                                              0.000     0.000 r  i_sys_clk_p (IN)
                         net (fo=0)                   0.000     0.000    pll_inst/inst/clk_in1_p
    AD12                 IBUFDS (Prop_ibufds_I_O)     0.388     0.388 r  pll_inst/inst/clkin1_ibufgds/O
                         net (fo=1, routed)           0.503     0.891    pll_inst/inst/clk_in1_pll
    PLLE2_ADV_X1Y1       PLLE2_ADV (Prop_plle2_adv_CLKIN1_CLKOUT0)
                                                     -2.908    -2.017 r  pll_inst/inst/plle2_adv_inst/CLKOUT0
                         net (fo=1, routed)           0.958    -1.059    pll_inst/inst/clk_out1_pll
    BUFGCTRL_X0Y1        BUFG (Prop_bufg_I_O)         0.026    -1.033 r  pll_inst/inst/clkout1_buf/O
                         net (fo=546, routed)         0.640    -0.393    student_top_inst/bridge_inst/clk_out1
    SLICE_X71Y85         FDRE                                         r  student_top_inst/bridge_inst/led_sync_d1_reg[1]/C
  -------------------------------------------------------------------    -------------------
    SLICE_X71Y85         FDRE (Prop_fdre_C_Q)         0.100    -0.293 f  student_top_inst/bridge_inst/led_sync_d1_reg[1]/Q
                         net (fo=2, routed)           0.107    -0.185    student_top_inst/bridge_inst/led_sync_d1[1]
    SLICE_X66Y85         FDRE                                         f  student_top_inst/bridge_inst/led_sync_d2_reg[1]/D
  -------------------------------------------------------------------    -------------------

                         (clock clk_out1_pll rise edge)
                                                      0.000     0.000 r  
    AD12                                              0.000     0.000 r  i_sys_clk_p (IN)
                         net (fo=0)                   0.000     0.000    pll_inst/inst/clk_in1_p
    AD12                 IBUFDS (Prop_ibufds_I_O)     0.470     0.470 r  pll_inst/inst/clkin1_ibufgds/O
                         net (fo=1, routed)           0.554     1.024    pll_inst/inst/clk_in1_pll
    PLLE2_ADV_X1Y1       PLLE2_ADV (Prop_plle2_adv_CLKIN1_CLKOUT0)
                                                     -3.524    -2.500 r  pll_inst/inst/plle2_adv_inst/CLKOUT0
                         net (fo=1, routed)           1.027    -1.473    pll_inst/inst/clk_out1_pll
    BUFGCTRL_X0Y1        BUFG (Prop_bufg_I_O)         0.030    -1.443 r  pll_inst/inst/clkout1_buf/O
                         net (fo=546, routed)         0.880    -0.563    student_top_inst/bridge_inst/clk_out1
    SLICE_X66Y85         FDRE                                         r  student_top_inst/bridge_inst/led_sync_d2_reg[1]/C
                         clock pessimism              0.203    -0.361    
    SLICE_X66Y85         FDRE (Hold_fdre_C_D)         0.059    -0.302    student_top_inst/bridge_inst/led_sync_d2_reg[1]
  -------------------------------------------------------------------
                         required time                          0.302    
                         arrival time                          -0.185    
  -------------------------------------------------------------------
                         slack                                  0.116    

Slack (MET) :             0.129ns  (arrival time - required time)
  Source:                 student_top_inst/bridge_inst/led_sync_d1_reg[28]/C
                            (rising edge-triggered cell FDRE clocked by clk_out1_pll  {rise@0.000ns fall@10.000ns period=20.000ns})
  Destination:            student_top_inst/bridge_inst/led_sync_d2_reg[28]_lopt_replica/D
                            (rising edge-triggered cell FDRE clocked by clk_out1_pll  {rise@0.000ns fall@10.000ns period=20.000ns})
  Path Group:             clk_out1_pll
  Path Type:              Hold (Min at Fast Process Corner)
  Requirement:            0.000ns  (clk_out1_pll rise@0.000ns - clk_out1_pll rise@0.000ns)
  Data Path Delay:        0.153ns  (logic 0.091ns (59.486%)  route 0.062ns (40.514%))
  Logic Levels:           0  
  Clock Path Skew:        0.011ns (DCD - SCD - CPR)
    Destination Clock Delay (DCD):    -0.567ns
    Source Clock Delay      (SCD):    -0.395ns
    Clock Pessimism Removal (CPR):    -0.184ns

    Location             Delay type                Incr(ns)  Path(ns)    Netlist Resource(s)
  -------------------------------------------------------------------    -------------------
                         (clock clk_out1_pll rise edge)
                                                      0.000     0.000 r  
    AD12                                              0.000     0.000 r  i_sys_clk_p (IN)
                         net (fo=0)                   0.000     0.000    pll_inst/inst/clk_in1_p
    AD12                 IBUFDS (Prop_ibufds_I_O)     0.388     0.388 r  pll_inst/inst/clkin1_ibufgds/O
                         net (fo=1, routed)           0.503     0.891    pll_inst/inst/clk_in1_pll
    PLLE2_ADV_X1Y1       PLLE2_ADV (Prop_plle2_adv_CLKIN1_CLKOUT0)
                                                     -2.908    -2.017 r  pll_inst/inst/plle2_adv_inst/CLKOUT0
                         net (fo=1, routed)           0.958    -1.059    pll_inst/inst/clk_out1_pll
    BUFGCTRL_X0Y1        BUFG (Prop_bufg_I_O)         0.026    -1.033 r  pll_inst/inst/clkout1_buf/O
                         net (fo=546, routed)         0.638    -0.395    student_top_inst/bridge_inst/clk_out1
    SLICE_X69Y81         FDRE                                         r  student_top_inst/bridge_inst/led_sync_d1_reg[28]/C
  -------------------------------------------------------------------    -------------------
    SLICE_X69Y81         FDRE (Prop_fdre_C_Q)         0.091    -0.304 r  student_top_inst/bridge_inst/led_sync_d1_reg[28]/Q
                         net (fo=2, routed)           0.062    -0.242    student_top_inst/bridge_inst/led_sync_d1[28]
    SLICE_X68Y81         FDRE                                         r  student_top_inst/bridge_inst/led_sync_d2_reg[28]_lopt_replica/D
  -------------------------------------------------------------------    -------------------

                         (clock clk_out1_pll rise edge)
                                                      0.000     0.000 r  
    AD12                                              0.000     0.000 r  i_sys_clk_p (IN)
                         net (fo=0)                   0.000     0.000    pll_inst/inst/clk_in1_p
    AD12                 IBUFDS (Prop_ibufds_I_O)     0.470     0.470 r  pll_inst/inst/clkin1_ibufgds/O
                         net (fo=1, routed)           0.554     1.024    pll_inst/inst/clk_in1_pll
    PLLE2_ADV_X1Y1       PLLE2_ADV (Prop_plle2_adv_CLKIN1_CLKOUT0)
                                                     -3.524    -2.500 r  pll_inst/inst/plle2_adv_inst/CLKOUT0
                         net (fo=1, routed)           1.027    -1.473    pll_inst/inst/clk_out1_pll
    BUFGCTRL_X0Y1        BUFG (Prop_bufg_I_O)         0.030    -1.443 r  pll_inst/inst/clkout1_buf/O
                         net (fo=546, routed)         0.876    -0.567    student_top_inst/bridge_inst/clk_out1
    SLICE_X68Y81         FDRE                                         r  student_top_inst/bridge_inst/led_sync_d2_reg[28]_lopt_replica/C
                         clock pessimism              0.184    -0.384    
    SLICE_X68Y81         FDRE (Hold_fdre_C_D)         0.013    -0.371    student_top_inst/bridge_inst/led_sync_d2_reg[28]_lopt_replica
  -------------------------------------------------------------------
                         required time                          0.371    
                         arrival time                          -0.242    
  -------------------------------------------------------------------
                         slack                                  0.129    

Slack (MET) :             0.129ns  (arrival time - required time)
  Source:                 student_top_inst/bridge_inst/led_sync_d1_reg[28]/C
                            (rising edge-triggered cell FDRE clocked by clk_out1_pll  {rise@0.000ns fall@10.000ns period=20.000ns})
  Destination:            student_top_inst/bridge_inst/led_sync_d2_reg[28]_lopt_replica/D
                            (rising edge-triggered cell FDRE clocked by clk_out1_pll  {rise@0.000ns fall@10.000ns period=20.000ns})
  Path Group:             clk_out1_pll
  Path Type:              Hold (Min at Fast Process Corner)
  Requirement:            0.000ns  (clk_out1_pll rise@0.000ns - clk_out1_pll rise@0.000ns)
  Data Path Delay:        0.153ns  (logic 0.091ns (59.486%)  route 0.062ns (40.514%))
  Logic Levels:           0  
  Clock Path Skew:        0.011ns (DCD - SCD - CPR)
    Destination Clock Delay (DCD):    -0.567ns
    Source Clock Delay      (SCD):    -0.395ns
    Clock Pessimism Removal (CPR):    -0.184ns

    Location             Delay type                Incr(ns)  Path(ns)    Netlist Resource(s)
  -------------------------------------------------------------------    -------------------
                         (clock clk_out1_pll rise edge)
                                                      0.000     0.000 r  
    AD12                                              0.000     0.000 r  i_sys_clk_p (IN)
                         net (fo=0)                   0.000     0.000    pll_inst/inst/clk_in1_p
    AD12                 IBUFDS (Prop_ibufds_I_O)     0.388     0.388 r  pll_inst/inst/clkin1_ibufgds/O
                         net (fo=1, routed)           0.503     0.891    pll_inst/inst/clk_in1_pll
    PLLE2_ADV_X1Y1       PLLE2_ADV (Prop_plle2_adv_CLKIN1_CLKOUT0)
                                                     -2.908    -2.017 r  pll_inst/inst/plle2_adv_inst/CLKOUT0
                         net (fo=1, routed)           0.958    -1.059    pll_inst/inst/clk_out1_pll
    BUFGCTRL_X0Y1        BUFG (Prop_bufg_I_O)         0.026    -1.033 r  pll_inst/inst/clkout1_buf/O
                         net (fo=546, routed)         0.638    -0.395    student_top_inst/bridge_inst/clk_out1
    SLICE_X69Y81         FDRE                                         r  student_top_inst/bridge_inst/led_sync_d1_reg[28]/C
  -------------------------------------------------------------------    -------------------
    SLICE_X69Y81         FDRE (Prop_fdre_C_Q)         0.091    -0.304 f  student_top_inst/bridge_inst/led_sync_d1_reg[28]/Q
                         net (fo=2, routed)           0.062    -0.242    student_top_inst/bridge_inst/led_sync_d1[28]
    SLICE_X68Y81         FDRE                                         f  student_top_inst/bridge_inst/led_sync_d2_reg[28]_lopt_replica/D
  -------------------------------------------------------------------    -------------------

                         (clock clk_out1_pll rise edge)
                                                      0.000     0.000 r  
    AD12                                              0.000     0.000 r  i_sys_clk_p (IN)
                         net (fo=0)                   0.000     0.000    pll_inst/inst/clk_in1_p
    AD12                 IBUFDS (Prop_ibufds_I_O)     0.470     0.470 r  pll_inst/inst/clkin1_ibufgds/O
                         net (fo=1, routed)           0.554     1.024    pll_inst/inst/clk_in1_pll
    PLLE2_ADV_X1Y1       PLLE2_ADV (Prop_plle2_adv_CLKIN1_CLKOUT0)
                                                     -3.524    -2.500 r  pll_inst/inst/plle2_adv_inst/CLKOUT0
                         net (fo=1, routed)           1.027    -1.473    pll_inst/inst/clk_out1_pll
    BUFGCTRL_X0Y1        BUFG (Prop_bufg_I_O)         0.030    -1.443 r  pll_inst/inst/clkout1_buf/O
                         net (fo=546, routed)         0.876    -0.567    student_top_inst/bridge_inst/clk_out1
    SLICE_X68Y81         FDRE                                         r  student_top_inst/bridge_inst/led_sync_d2_reg[28]_lopt_replica/C
                         clock pessimism              0.184    -0.384    
    SLICE_X68Y81         FDRE (Hold_fdre_C_D)         0.013    -0.371    student_top_inst/bridge_inst/led_sync_d2_reg[28]_lopt_replica
  -------------------------------------------------------------------
                         required time                          0.371    
                         arrival time                          -0.242    
  -------------------------------------------------------------------
                         slack                                  0.129    

Slack (MET) :             0.132ns  (arrival time - required time)
  Source:                 student_top_inst/bridge_inst/seg_sync_d1_reg[6]/C
                            (rising edge-triggered cell FDRE clocked by clk_out1_pll  {rise@0.000ns fall@10.000ns period=20.000ns})
  Destination:            student_top_inst/bridge_inst/seg_sync_d2_reg[6]_lopt_replica/D
                            (rising edge-triggered cell FDRE clocked by clk_out1_pll  {rise@0.000ns fall@10.000ns period=20.000ns})
  Path Group:             clk_out1_pll
  Path Type:              Hold (Min at Fast Process Corner)
  Requirement:            0.000ns  (clk_out1_pll rise@0.000ns - clk_out1_pll rise@0.000ns)
  Data Path Delay:        0.209ns  (logic 0.100ns (47.762%)  route 0.109ns (52.238%))
  Logic Levels:           0  
  Clock Path Skew:        0.028ns (DCD - SCD - CPR)
    Destination Clock Delay (DCD):    -0.565ns
    Source Clock Delay      (SCD):    -0.391ns
    Clock Pessimism Removal (CPR):    -0.203ns

    Location             Delay type                Incr(ns)  Path(ns)    Netlist Resource(s)
  -------------------------------------------------------------------    -------------------
                         (clock clk_out1_pll rise edge)
                                                      0.000     0.000 r  
    AD12                                              0.000     0.000 r  i_sys_clk_p (IN)
                         net (fo=0)                   0.000     0.000    pll_inst/inst/clk_in1_p
    AD12                 IBUFDS (Prop_ibufds_I_O)     0.388     0.388 r  pll_inst/inst/clkin1_ibufgds/O
                         net (fo=1, routed)           0.503     0.891    pll_inst/inst/clk_in1_pll
    PLLE2_ADV_X1Y1       PLLE2_ADV (Prop_plle2_adv_CLKIN1_CLKOUT0)
                                                     -2.908    -2.017 r  pll_inst/inst/plle2_adv_inst/CLKOUT0
                         net (fo=1, routed)           0.958    -1.059    pll_inst/inst/clk_out1_pll
    BUFGCTRL_X0Y1        BUFG (Prop_bufg_I_O)         0.026    -1.033 r  pll_inst/inst/clkout1_buf/O
                         net (fo=546, routed)         0.642    -0.391    student_top_inst/bridge_inst/clk_out1
    SLICE_X60Y83         FDRE                                         r  student_top_inst/bridge_inst/seg_sync_d1_reg[6]/C
  -------------------------------------------------------------------    -------------------
    SLICE_X60Y83         FDRE (Prop_fdre_C_Q)         0.100    -0.291 r  student_top_inst/bridge_inst/seg_sync_d1_reg[6]/Q
                         net (fo=2, routed)           0.109    -0.181    student_top_inst/bridge_inst/seg_sync_d1[6]
    SLICE_X65Y83         FDRE                                         r  student_top_inst/bridge_inst/seg_sync_d2_reg[6]_lopt_replica/D
  -------------------------------------------------------------------    -------------------

                         (clock clk_out1_pll rise edge)
                                                      0.000     0.000 r  
    AD12                                              0.000     0.000 r  i_sys_clk_p (IN)
                         net (fo=0)                   0.000     0.000    pll_inst/inst/clk_in1_p
    AD12                 IBUFDS (Prop_ibufds_I_O)     0.470     0.470 r  pll_inst/inst/clkin1_ibufgds/O
                         net (fo=1, routed)           0.554     1.024    pll_inst/inst/clk_in1_pll
    PLLE2_ADV_X1Y1       PLLE2_ADV (Prop_plle2_adv_CLKIN1_CLKOUT0)
                                                     -3.524    -2.500 r  pll_inst/inst/plle2_adv_inst/CLKOUT0
                         net (fo=1, routed)           1.027    -1.473    pll_inst/inst/clk_out1_pll
    BUFGCTRL_X0Y1        BUFG (Prop_bufg_I_O)         0.030    -1.443 r  pll_inst/inst/clkout1_buf/O
                         net (fo=546, routed)         0.878    -0.565    student_top_inst/bridge_inst/clk_out1
    SLICE_X65Y83         FDRE                                         r  student_top_inst/bridge_inst/seg_sync_d2_reg[6]_lopt_replica/C
                         clock pessimism              0.203    -0.363    
    SLICE_X65Y83         FDRE (Hold_fdre_C_D)         0.049    -0.314    student_top_inst/bridge_inst/seg_sync_d2_reg[6]_lopt_replica
  -------------------------------------------------------------------
                         required time                          0.314    
                         arrival time                          -0.181    
  -------------------------------------------------------------------
                         slack                                  0.132    

Slack (MET) :             0.132ns  (arrival time - required time)
  Source:                 student_top_inst/bridge_inst/seg_sync_d1_reg[6]/C
                            (rising edge-triggered cell FDRE clocked by clk_out1_pll  {rise@0.000ns fall@10.000ns period=20.000ns})
  Destination:            student_top_inst/bridge_inst/seg_sync_d2_reg[6]_lopt_replica/D
                            (rising edge-triggered cell FDRE clocked by clk_out1_pll  {rise@0.000ns fall@10.000ns period=20.000ns})
  Path Group:             clk_out1_pll
  Path Type:              Hold (Min at Fast Process Corner)
  Requirement:            0.000ns  (clk_out1_pll rise@0.000ns - clk_out1_pll rise@0.000ns)
  Data Path Delay:        0.209ns  (logic 0.100ns (47.762%)  route 0.109ns (52.238%))
  Logic Levels:           0  
  Clock Path Skew:        0.028ns (DCD - SCD - CPR)
    Destination Clock Delay (DCD):    -0.565ns
    Source Clock Delay      (SCD):    -0.391ns
    Clock Pessimism Removal (CPR):    -0.203ns

    Location             Delay type                Incr(ns)  Path(ns)    Netlist Resource(s)
  -------------------------------------------------------------------    -------------------
                         (clock clk_out1_pll rise edge)
                                                      0.000     0.000 r  
    AD12                                              0.000     0.000 r  i_sys_clk_p (IN)
                         net (fo=0)                   0.000     0.000    pll_inst/inst/clk_in1_p
    AD12                 IBUFDS (Prop_ibufds_I_O)     0.388     0.388 r  pll_inst/inst/clkin1_ibufgds/O
                         net (fo=1, routed)           0.503     0.891    pll_inst/inst/clk_in1_pll
    PLLE2_ADV_X1Y1       PLLE2_ADV (Prop_plle2_adv_CLKIN1_CLKOUT0)
                                                     -2.908    -2.017 r  pll_inst/inst/plle2_adv_inst/CLKOUT0
                         net (fo=1, routed)           0.958    -1.059    pll_inst/inst/clk_out1_pll
    BUFGCTRL_X0Y1        BUFG (Prop_bufg_I_O)         0.026    -1.033 r  pll_inst/inst/clkout1_buf/O
                         net (fo=546, routed)         0.642    -0.391    student_top_inst/bridge_inst/clk_out1
    SLICE_X60Y83         FDRE                                         r  student_top_inst/bridge_inst/seg_sync_d1_reg[6]/C
  -------------------------------------------------------------------    -------------------
    SLICE_X60Y83         FDRE (Prop_fdre_C_Q)         0.100    -0.291 f  student_top_inst/bridge_inst/seg_sync_d1_reg[6]/Q
                         net (fo=2, routed)           0.109    -0.181    student_top_inst/bridge_inst/seg_sync_d1[6]
    SLICE_X65Y83         FDRE                                         f  student_top_inst/bridge_inst/seg_sync_d2_reg[6]_lopt_replica/D
  -------------------------------------------------------------------    -------------------

                         (clock clk_out1_pll rise edge)
                                                      0.000     0.000 r  
    AD12                                              0.000     0.000 r  i_sys_clk_p (IN)
                         net (fo=0)                   0.000     0.000    pll_inst/inst/clk_in1_p
    AD12                 IBUFDS (Prop_ibufds_I_O)     0.470     0.470 r  pll_inst/inst/clkin1_ibufgds/O
                         net (fo=1, routed)           0.554     1.024    pll_inst/inst/clk_in1_pll
    PLLE2_ADV_X1Y1       PLLE2_ADV (Prop_plle2_adv_CLKIN1_CLKOUT0)
                                                     -3.524    -2.500 r  pll_inst/inst/plle2_adv_inst/CLKOUT0
                         net (fo=1, routed)           1.027    -1.473    pll_inst/inst/clk_out1_pll
    BUFGCTRL_X0Y1        BUFG (Prop_bufg_I_O)         0.030    -1.443 r  pll_inst/inst/clkout1_buf/O
                         net (fo=546, routed)         0.878    -0.565    student_top_inst/bridge_inst/clk_out1
    SLICE_X65Y83         FDRE                                         r  student_top_inst/bridge_inst/seg_sync_d2_reg[6]_lopt_replica/C
                         clock pessimism              0.203    -0.363    
    SLICE_X65Y83         FDRE (Hold_fdre_C_D)         0.049    -0.314    student_top_inst/bridge_inst/seg_sync_d2_reg[6]_lopt_replica
  -------------------------------------------------------------------
                         required time                          0.314    
                         arrival time                          -0.181    
  -------------------------------------------------------------------
                         slack                                  0.132    

Slack (MET) :             0.137ns  (arrival time - required time)
  Source:                 uart_inst/rx_shift_reg[6]/C
                            (rising edge-triggered cell FDCE clocked by clk_out1_pll  {rise@0.000ns fall@10.000ns period=20.000ns})
  Destination:            uart_inst/rx_shift_reg[5]/D
                            (rising edge-triggered cell FDCE clocked by clk_out1_pll  {rise@0.000ns fall@10.000ns period=20.000ns})
  Path Group:             clk_out1_pll
  Path Type:              Hold (Min at Fast Process Corner)
  Requirement:            0.000ns  (clk_out1_pll rise@0.000ns - clk_out1_pll rise@0.000ns)
  Data Path Delay:        0.196ns  (logic 0.100ns (51.054%)  route 0.096ns (48.946%))
  Logic Levels:           0  
  Clock Path Skew:        0.012ns (DCD - SCD - CPR)
    Destination Clock Delay (DCD):    -0.565ns
    Source Clock Delay      (SCD):    -0.393ns
    Clock Pessimism Removal (CPR):    -0.185ns

    Location             Delay type                Incr(ns)  Path(ns)    Netlist Resource(s)
  -------------------------------------------------------------------    -------------------
                         (clock clk_out1_pll rise edge)
                                                      0.000     0.000 r  
    AD12                                              0.000     0.000 r  i_sys_clk_p (IN)
                         net (fo=0)                   0.000     0.000    pll_inst/inst/clk_in1_p
    AD12                 IBUFDS (Prop_ibufds_I_O)     0.388     0.388 r  pll_inst/inst/clkin1_ibufgds/O
                         net (fo=1, routed)           0.503     0.891    pll_inst/inst/clk_in1_pll
    PLLE2_ADV_X1Y1       PLLE2_ADV (Prop_plle2_adv_CLKIN1_CLKOUT0)
                                                     -2.908    -2.017 r  pll_inst/inst/plle2_adv_inst/CLKOUT0
                         net (fo=1, routed)           0.958    -1.059    pll_inst/inst/clk_out1_pll
    BUFGCTRL_X0Y1        BUFG (Prop_bufg_I_O)         0.026    -1.033 r  pll_inst/inst/clkout1_buf/O
                         net (fo=546, routed)         0.640    -0.393    uart_inst/clk_out1
    SLICE_X75Y87         FDCE                                         r  uart_inst/rx_shift_reg[6]/C
  -------------------------------------------------------------------    -------------------
    SLICE_X75Y87         FDCE (Prop_fdce_C_Q)         0.100    -0.293 r  uart_inst/rx_shift_reg[6]/Q
                         net (fo=2, routed)           0.096    -0.197    uart_inst/p_0_in[5]
    SLICE_X75Y86         FDCE                                         r  uart_inst/rx_shift_reg[5]/D
  -------------------------------------------------------------------    -------------------

                         (clock clk_out1_pll rise edge)
                                                      0.000     0.000 r  
    AD12                                              0.000     0.000 r  i_sys_clk_p (IN)
                         net (fo=0)                   0.000     0.000    pll_inst/inst/clk_in1_p
    AD12                 IBUFDS (Prop_ibufds_I_O)     0.470     0.470 r  pll_inst/inst/clkin1_ibufgds/O
                         net (fo=1, routed)           0.554     1.024    pll_inst/inst/clk_in1_pll
    PLLE2_ADV_X1Y1       PLLE2_ADV (Prop_plle2_adv_CLKIN1_CLKOUT0)
                                                     -3.524    -2.500 r  pll_inst/inst/plle2_adv_inst/CLKOUT0
                         net (fo=1, routed)           1.027    -1.473    pll_inst/inst/clk_out1_pll
    BUFGCTRL_X0Y1        BUFG (Prop_bufg_I_O)         0.030    -1.443 r  pll_inst/inst/clkout1_buf/O
                         net (fo=546, routed)         0.878    -0.565    uart_inst/clk_out1
    SLICE_X75Y86         FDCE                                         r  uart_inst/rx_shift_reg[5]/C
                         clock pessimism              0.185    -0.381    
    SLICE_X75Y86         FDCE (Hold_fdce_C_D)         0.047    -0.334    uart_inst/rx_shift_reg[5]
  -------------------------------------------------------------------
                         required time                          0.334    
                         arrival time                          -0.197    
  -------------------------------------------------------------------
                         slack                                  0.137    

Slack (MET) :             0.137ns  (arrival time - required time)
  Source:                 uart_inst/rx_shift_reg[6]/C
                            (rising edge-triggered cell FDCE clocked by clk_out1_pll  {rise@0.000ns fall@10.000ns period=20.000ns})
  Destination:            uart_inst/rx_shift_reg[5]/D
                            (rising edge-triggered cell FDCE clocked by clk_out1_pll  {rise@0.000ns fall@10.000ns period=20.000ns})
  Path Group:             clk_out1_pll
  Path Type:              Hold (Min at Fast Process Corner)
  Requirement:            0.000ns  (clk_out1_pll rise@0.000ns - clk_out1_pll rise@0.000ns)
  Data Path Delay:        0.196ns  (logic 0.100ns (51.054%)  route 0.096ns (48.946%))
  Logic Levels:           0  
  Clock Path Skew:        0.012ns (DCD - SCD - CPR)
    Destination Clock Delay (DCD):    -0.565ns
    Source Clock Delay      (SCD):    -0.393ns
    Clock Pessimism Removal (CPR):    -0.185ns

    Location             Delay type                Incr(ns)  Path(ns)    Netlist Resource(s)
  -------------------------------------------------------------------    -------------------
                         (clock clk_out1_pll rise edge)
                                                      0.000     0.000 r  
    AD12                                              0.000     0.000 r  i_sys_clk_p (IN)
                         net (fo=0)                   0.000     0.000    pll_inst/inst/clk_in1_p
    AD12                 IBUFDS (Prop_ibufds_I_O)     0.388     0.388 r  pll_inst/inst/clkin1_ibufgds/O
                         net (fo=1, routed)           0.503     0.891    pll_inst/inst/clk_in1_pll
    PLLE2_ADV_X1Y1       PLLE2_ADV (Prop_plle2_adv_CLKIN1_CLKOUT0)
                                                     -2.908    -2.017 r  pll_inst/inst/plle2_adv_inst/CLKOUT0
                         net (fo=1, routed)           0.958    -1.059    pll_inst/inst/clk_out1_pll
    BUFGCTRL_X0Y1        BUFG (Prop_bufg_I_O)         0.026    -1.033 r  pll_inst/inst/clkout1_buf/O
                         net (fo=546, routed)         0.640    -0.393    uart_inst/clk_out1
    SLICE_X75Y87         FDCE                                         r  uart_inst/rx_shift_reg[6]/C
  -------------------------------------------------------------------    -------------------
    SLICE_X75Y87         FDCE (Prop_fdce_C_Q)         0.100    -0.293 f  uart_inst/rx_shift_reg[6]/Q
                         net (fo=2, routed)           0.096    -0.197    uart_inst/p_0_in[5]
    SLICE_X75Y86         FDCE                                         f  uart_inst/rx_shift_reg[5]/D
  -------------------------------------------------------------------    -------------------

                         (clock clk_out1_pll rise edge)
                                                      0.000     0.000 r  
    AD12                                              0.000     0.000 r  i_sys_clk_p (IN)
                         net (fo=0)                   0.000     0.000    pll_inst/inst/clk_in1_p
    AD12                 IBUFDS (Prop_ibufds_I_O)     0.470     0.470 r  pll_inst/inst/clkin1_ibufgds/O
                         net (fo=1, routed)           0.554     1.024    pll_inst/inst/clk_in1_pll
    PLLE2_ADV_X1Y1       PLLE2_ADV (Prop_plle2_adv_CLKIN1_CLKOUT0)
                                                     -3.524    -2.500 r  pll_inst/inst/plle2_adv_inst/CLKOUT0
                         net (fo=1, routed)           1.027    -1.473    pll_inst/inst/clk_out1_pll
    BUFGCTRL_X0Y1        BUFG (Prop_bufg_I_O)         0.030    -1.443 r  pll_inst/inst/clkout1_buf/O
                         net (fo=546, routed)         0.878    -0.565    uart_inst/clk_out1
    SLICE_X75Y86         FDCE                                         r  uart_inst/rx_shift_reg[5]/C
                         clock pessimism              0.185    -0.381    
    SLICE_X75Y86         FDCE (Hold_fdce_C_D)         0.047    -0.334    uart_inst/rx_shift_reg[5]
  -------------------------------------------------------------------
                         required time                          0.334    
                         arrival time                          -0.197    
  -------------------------------------------------------------------
                         slack                                  0.137    

Slack (MET) :             0.139ns  (arrival time - required time)
  Source:                 student_top_inst/bridge_inst/led_sync_d1_reg[2]/C
                            (rising edge-triggered cell FDRE clocked by clk_out1_pll  {rise@0.000ns fall@10.000ns period=20.000ns})
  Destination:            student_top_inst/bridge_inst/led_sync_d2_reg[2]/D
                            (rising edge-triggered cell FDRE clocked by clk_out1_pll  {rise@0.000ns fall@10.000ns period=20.000ns})
  Path Group:             clk_out1_pll
  Path Type:              Hold (Min at Fast Process Corner)
  Requirement:            0.000ns  (clk_out1_pll rise@0.000ns - clk_out1_pll rise@0.000ns)
  Data Path Delay:        0.211ns  (logic 0.100ns (47.459%)  route 0.111ns (52.541%))
  Logic Levels:           0  
  Clock Path Skew:        0.032ns (DCD - SCD - CPR)
    Destination Clock Delay (DCD):    -0.563ns
    Source Clock Delay      (SCD):    -0.393ns
    Clock Pessimism Removal (CPR):    -0.203ns

    Location             Delay type                Incr(ns)  Path(ns)    Netlist Resource(s)
  -------------------------------------------------------------------    -------------------
                         (clock clk_out1_pll rise edge)
                                                      0.000     0.000 r  
    AD12                                              0.000     0.000 r  i_sys_clk_p (IN)
                         net (fo=0)                   0.000     0.000    pll_inst/inst/clk_in1_p
    AD12                 IBUFDS (Prop_ibufds_I_O)     0.388     0.388 r  pll_inst/inst/clkin1_ibufgds/O
                         net (fo=1, routed)           0.503     0.891    pll_inst/inst/clk_in1_pll
    PLLE2_ADV_X1Y1       PLLE2_ADV (Prop_plle2_adv_CLKIN1_CLKOUT0)
                                                     -2.908    -2.017 r  pll_inst/inst/plle2_adv_inst/CLKOUT0
                         net (fo=1, routed)           0.958    -1.059    pll_inst/inst/clk_out1_pll
    BUFGCTRL_X0Y1        BUFG (Prop_bufg_I_O)         0.026    -1.033 r  pll_inst/inst/clkout1_buf/O
                         net (fo=546, routed)         0.640    -0.393    student_top_inst/bridge_inst/clk_out1
    SLICE_X71Y85         FDRE                                         r  student_top_inst/bridge_inst/led_sync_d1_reg[2]/C
  -------------------------------------------------------------------    -------------------
    SLICE_X71Y85         FDRE (Prop_fdre_C_Q)         0.100    -0.293 r  student_top_inst/bridge_inst/led_sync_d1_reg[2]/Q
                         net (fo=2, routed)           0.111    -0.182    student_top_inst/bridge_inst/led_sync_d1[2]
    SLICE_X66Y85         FDRE                                         r  student_top_inst/bridge_inst/led_sync_d2_reg[2]/D
  -------------------------------------------------------------------    -------------------

                         (clock clk_out1_pll rise edge)
                                                      0.000     0.000 r  
    AD12                                              0.000     0.000 r  i_sys_clk_p (IN)
                         net (fo=0)                   0.000     0.000    pll_inst/inst/clk_in1_p
    AD12                 IBUFDS (Prop_ibufds_I_O)     0.470     0.470 r  pll_inst/inst/clkin1_ibufgds/O
                         net (fo=1, routed)           0.554     1.024    pll_inst/inst/clk_in1_pll
    PLLE2_ADV_X1Y1       PLLE2_ADV (Prop_plle2_adv_CLKIN1_CLKOUT0)
                                                     -3.524    -2.500 r  pll_inst/inst/plle2_adv_inst/CLKOUT0
                         net (fo=1, routed)           1.027    -1.473    pll_inst/inst/clk_out1_pll
    BUFGCTRL_X0Y1        BUFG (Prop_bufg_I_O)         0.030    -1.443 r  pll_inst/inst/clkout1_buf/O
                         net (fo=546, routed)         0.880    -0.563    student_top_inst/bridge_inst/clk_out1
    SLICE_X66Y85         FDRE                                         r  student_top_inst/bridge_inst/led_sync_d2_reg[2]/C
                         clock pessimism              0.203    -0.361    
    SLICE_X66Y85         FDRE (Hold_fdre_C_D)         0.040    -0.321    student_top_inst/bridge_inst/led_sync_d2_reg[2]
  -------------------------------------------------------------------
                         required time                          0.321    
                         arrival time                          -0.182    
  -------------------------------------------------------------------
                         slack                                  0.139    

Slack (MET) :             0.139ns  (arrival time - required time)
  Source:                 student_top_inst/bridge_inst/led_sync_d1_reg[2]/C
                            (rising edge-triggered cell FDRE clocked by clk_out1_pll  {rise@0.000ns fall@10.000ns period=20.000ns})
  Destination:            student_top_inst/bridge_inst/led_sync_d2_reg[2]/D
                            (rising edge-triggered cell FDRE clocked by clk_out1_pll  {rise@0.000ns fall@10.000ns period=20.000ns})
  Path Group:             clk_out1_pll
  Path Type:              Hold (Min at Fast Process Corner)
  Requirement:            0.000ns  (clk_out1_pll rise@0.000ns - clk_out1_pll rise@0.000ns)
  Data Path Delay:        0.211ns  (logic 0.100ns (47.459%)  route 0.111ns (52.541%))
  Logic Levels:           0  
  Clock Path Skew:        0.032ns (DCD - SCD - CPR)
    Destination Clock Delay (DCD):    -0.563ns
    Source Clock Delay      (SCD):    -0.393ns
    Clock Pessimism Removal (CPR):    -0.203ns

    Location             Delay type                Incr(ns)  Path(ns)    Netlist Resource(s)
  -------------------------------------------------------------------    -------------------
                         (clock clk_out1_pll rise edge)
                                                      0.000     0.000 r  
    AD12                                              0.000     0.000 r  i_sys_clk_p (IN)
                         net (fo=0)                   0.000     0.000    pll_inst/inst/clk_in1_p
    AD12                 IBUFDS (Prop_ibufds_I_O)     0.388     0.388 r  pll_inst/inst/clkin1_ibufgds/O
                         net (fo=1, routed)           0.503     0.891    pll_inst/inst/clk_in1_pll
    PLLE2_ADV_X1Y1       PLLE2_ADV (Prop_plle2_adv_CLKIN1_CLKOUT0)
                                                     -2.908    -2.017 r  pll_inst/inst/plle2_adv_inst/CLKOUT0
                         net (fo=1, routed)           0.958    -1.059    pll_inst/inst/clk_out1_pll
    BUFGCTRL_X0Y1        BUFG (Prop_bufg_I_O)         0.026    -1.033 r  pll_inst/inst/clkout1_buf/O
                         net (fo=546, routed)         0.640    -0.393    student_top_inst/bridge_inst/clk_out1
    SLICE_X71Y85         FDRE                                         r  student_top_inst/bridge_inst/led_sync_d1_reg[2]/C
  -------------------------------------------------------------------    -------------------
    SLICE_X71Y85         FDRE (Prop_fdre_C_Q)         0.100    -0.293 f  student_top_inst/bridge_inst/led_sync_d1_reg[2]/Q
                         net (fo=2, routed)           0.111    -0.182    student_top_inst/bridge_inst/led_sync_d1[2]
    SLICE_X66Y85         FDRE                                         f  student_top_inst/bridge_inst/led_sync_d2_reg[2]/D
  -------------------------------------------------------------------    -------------------

                         (clock clk_out1_pll rise edge)
                                                      0.000     0.000 r  
    AD12                                              0.000     0.000 r  i_sys_clk_p (IN)
                         net (fo=0)                   0.000     0.000    pll_inst/inst/clk_in1_p
    AD12                 IBUFDS (Prop_ibufds_I_O)     0.470     0.470 r  pll_inst/inst/clkin1_ibufgds/O
                         net (fo=1, routed)           0.554     1.024    pll_inst/inst/clk_in1_pll
    PLLE2_ADV_X1Y1       PLLE2_ADV (Prop_plle2_adv_CLKIN1_CLKOUT0)
                                                     -3.524    -2.500 r  pll_inst/inst/plle2_adv_inst/CLKOUT0
                         net (fo=1, routed)           1.027    -1.473    pll_inst/inst/clk_out1_pll
    BUFGCTRL_X0Y1        BUFG (Prop_bufg_I_O)         0.030    -1.443 r  pll_inst/inst/clkout1_buf/O
                         net (fo=546, routed)         0.880    -0.563    student_top_inst/bridge_inst/clk_out1
    SLICE_X66Y85         FDRE                                         r  student_top_inst/bridge_inst/led_sync_d2_reg[2]/C
                         clock pessimism              0.203    -0.361    
    SLICE_X66Y85         FDRE (Hold_fdre_C_D)         0.040    -0.321    student_top_inst/bridge_inst/led_sync_d2_reg[2]
  -------------------------------------------------------------------
                         required time                          0.321    
                         arrival time                          -0.182    
  -------------------------------------------------------------------
                         slack                                  0.139    

Slack (MET) :             0.139ns  (arrival time - required time)
  Source:                 twin_controller_inst/status_buffer_reg[16][1]/C
                            (rising edge-triggered cell FDCE clocked by clk_out1_pll  {rise@0.000ns fall@10.000ns period=20.000ns})
  Destination:            twin_controller_inst/tx_data_reg[1]/D
                            (rising edge-triggered cell FDCE clocked by clk_out1_pll  {rise@0.000ns fall@10.000ns period=20.000ns})
  Path Group:             clk_out1_pll
  Path Type:              Hold (Min at Fast Process Corner)
  Requirement:            0.000ns  (clk_out1_pll rise@0.000ns - clk_out1_pll rise@0.000ns)
  Data Path Delay:        0.228ns  (logic 0.128ns (56.068%)  route 0.100ns (43.932%))
  Logic Levels:           1  (LUT5=1)
  Clock Path Skew:        0.029ns (DCD - SCD - CPR)
    Destination Clock Delay (DCD):    -0.566ns
    Source Clock Delay      (SCD):    -0.393ns
    Clock Pessimism Removal (CPR):    -0.203ns

    Location             Delay type                Incr(ns)  Path(ns)    Netlist Resource(s)
  -------------------------------------------------------------------    -------------------
                         (clock clk_out1_pll rise edge)
                                                      0.000     0.000 r  
    AD12                                              0.000     0.000 r  i_sys_clk_p (IN)
                         net (fo=0)                   0.000     0.000    pll_inst/inst/clk_in1_p
    AD12                 IBUFDS (Prop_ibufds_I_O)     0.388     0.388 r  pll_inst/inst/clkin1_ibufgds/O
                         net (fo=1, routed)           0.503     0.891    pll_inst/inst/clk_in1_pll
    PLLE2_ADV_X1Y1       PLLE2_ADV (Prop_plle2_adv_CLKIN1_CLKOUT0)
                                                     -2.908    -2.017 r  pll_inst/inst/plle2_adv_inst/CLKOUT0
                         net (fo=1, routed)           0.958    -1.059    pll_inst/inst/clk_out1_pll
    BUFGCTRL_X0Y1        BUFG (Prop_bufg_I_O)         0.026    -1.033 r  pll_inst/inst/clkout1_buf/O
                         net (fo=546, routed)         0.640    -0.393    twin_controller_inst/CLK
    SLICE_X65Y82         FDCE                                         r  twin_controller_inst/status_buffer_reg[16][1]/C
  -------------------------------------------------------------------    -------------------
    SLICE_X65Y82         FDCE (Prop_fdce_C_Q)         0.100    -0.293 r  twin_controller_inst/status_buffer_reg[16][1]/Q
                         net (fo=1, routed)           0.100    -0.192    twin_controller_inst/status_buffer_reg[16]_16[1]
    SLICE_X69Y82         LUT5 (Prop_lut5_I2_O)        0.028    -0.164 r  twin_controller_inst/tx_data[1]_i_1/O
                         net (fo=1, routed)           0.000    -0.164    twin_controller_inst/status_buffer[1]
    SLICE_X69Y82         FDCE                                         r  twin_controller_inst/tx_data_reg[1]/D
  -------------------------------------------------------------------    -------------------

                         (clock clk_out1_pll rise edge)
                                                      0.000     0.000 r  
    AD12                                              0.000     0.000 r  i_sys_clk_p (IN)
                         net (fo=0)                   0.000     0.000    pll_inst/inst/clk_in1_p
    AD12                 IBUFDS (Prop_ibufds_I_O)     0.470     0.470 r  pll_inst/inst/clkin1_ibufgds/O
                         net (fo=1, routed)           0.554     1.024    pll_inst/inst/clk_in1_pll
    PLLE2_ADV_X1Y1       PLLE2_ADV (Prop_plle2_adv_CLKIN1_CLKOUT0)
                                                     -3.524    -2.500 r  pll_inst/inst/plle2_adv_inst/CLKOUT0
                         net (fo=1, routed)           1.027    -1.473    pll_inst/inst/clk_out1_pll
    BUFGCTRL_X0Y1        BUFG (Prop_bufg_I_O)         0.030    -1.443 r  pll_inst/inst/clkout1_buf/O
                         net (fo=546, routed)         0.877    -0.566    twin_controller_inst/CLK
    SLICE_X69Y82         FDCE                                         r  twin_controller_inst/tx_data_reg[1]/C
                         clock pessimism              0.203    -0.364    
    SLICE_X69Y82         FDCE (Hold_fdce_C_D)         0.060    -0.304    twin_controller_inst/tx_data_reg[1]
  -------------------------------------------------------------------
                         required time                          0.304    
                         arrival time                          -0.164    
  -------------------------------------------------------------------
                         slack                                  0.139    

Slack (MET) :             0.139ns  (arrival time - required time)
  Source:                 twin_controller_inst/status_buffer_reg[16][1]/C
                            (rising edge-triggered cell FDCE clocked by clk_out1_pll  {rise@0.000ns fall@10.000ns period=20.000ns})
  Destination:            twin_controller_inst/tx_data_reg[1]/D
                            (rising edge-triggered cell FDCE clocked by clk_out1_pll  {rise@0.000ns fall@10.000ns period=20.000ns})
  Path Group:             clk_out1_pll
  Path Type:              Hold (Min at Fast Process Corner)
  Requirement:            0.000ns  (clk_out1_pll rise@0.000ns - clk_out1_pll rise@0.000ns)
  Data Path Delay:        0.228ns  (logic 0.128ns (56.068%)  route 0.100ns (43.932%))
  Logic Levels:           1  (LUT5=1)
  Clock Path Skew:        0.029ns (DCD - SCD - CPR)
    Destination Clock Delay (DCD):    -0.566ns
    Source Clock Delay      (SCD):    -0.393ns
    Clock Pessimism Removal (CPR):    -0.203ns

    Location             Delay type                Incr(ns)  Path(ns)    Netlist Resource(s)
  -------------------------------------------------------------------    -------------------
                         (clock clk_out1_pll rise edge)
                                                      0.000     0.000 r  
    AD12                                              0.000     0.000 r  i_sys_clk_p (IN)
                         net (fo=0)                   0.000     0.000    pll_inst/inst/clk_in1_p
    AD12                 IBUFDS (Prop_ibufds_I_O)     0.388     0.388 r  pll_inst/inst/clkin1_ibufgds/O
                         net (fo=1, routed)           0.503     0.891    pll_inst/inst/clk_in1_pll
    PLLE2_ADV_X1Y1       PLLE2_ADV (Prop_plle2_adv_CLKIN1_CLKOUT0)
                                                     -2.908    -2.017 r  pll_inst/inst/plle2_adv_inst/CLKOUT0
                         net (fo=1, routed)           0.958    -1.059    pll_inst/inst/clk_out1_pll
    BUFGCTRL_X0Y1        BUFG (Prop_bufg_I_O)         0.026    -1.033 r  pll_inst/inst/clkout1_buf/O
                         net (fo=546, routed)         0.640    -0.393    twin_controller_inst/CLK
    SLICE_X65Y82         FDCE                                         r  twin_controller_inst/status_buffer_reg[16][1]/C
  -------------------------------------------------------------------    -------------------
    SLICE_X65Y82         FDCE (Prop_fdce_C_Q)         0.100    -0.293 f  twin_controller_inst/status_buffer_reg[16][1]/Q
                         net (fo=1, routed)           0.100    -0.192    twin_controller_inst/status_buffer_reg[16]_16[1]
    SLICE_X69Y82         LUT5 (Prop_lut5_I2_O)        0.028    -0.164 f  twin_controller_inst/tx_data[1]_i_1/O
                         net (fo=1, routed)           0.000    -0.164    twin_controller_inst/status_buffer[1]
    SLICE_X69Y82         FDCE                                         f  twin_controller_inst/tx_data_reg[1]/D
  -------------------------------------------------------------------    -------------------

                         (clock clk_out1_pll rise edge)
                                                      0.000     0.000 r  
    AD12                                              0.000     0.000 r  i_sys_clk_p (IN)
                         net (fo=0)                   0.000     0.000    pll_inst/inst/clk_in1_p
    AD12                 IBUFDS (Prop_ibufds_I_O)     0.470     0.470 r  pll_inst/inst/clkin1_ibufgds/O
                         net (fo=1, routed)           0.554     1.024    pll_inst/inst/clk_in1_pll
    PLLE2_ADV_X1Y1       PLLE2_ADV (Prop_plle2_adv_CLKIN1_CLKOUT0)
                                                     -3.524    -2.500 r  pll_inst/inst/plle2_adv_inst/CLKOUT0
                         net (fo=1, routed)           1.027    -1.473    pll_inst/inst/clk_out1_pll
    BUFGCTRL_X0Y1        BUFG (Prop_bufg_I_O)         0.030    -1.443 r  pll_inst/inst/clkout1_buf/O
                         net (fo=546, routed)         0.877    -0.566    twin_controller_inst/CLK
    SLICE_X69Y82         FDCE                                         r  twin_controller_inst/tx_data_reg[1]/C
                         clock pessimism              0.203    -0.364    
    SLICE_X69Y82         FDCE (Hold_fdce_C_D)         0.060    -0.304    twin_controller_inst/tx_data_reg[1]
  -------------------------------------------------------------------
                         required time                          0.304    
                         arrival time                          -0.164    
  -------------------------------------------------------------------
                         slack                                  0.139    




